timestamp,pv_kw,wind_kw
2023-01-01 00:00:00+08:00,0.0,0.0
2023-01-01 01:00:00+08:00,0.0,0.0
2023-01-01 02:00:00+08:00,0.0,0.01870026330506096
2023-01-01 03:00:00+08:00,0.0,0.054718034547095874
2023-01-01 04:00:00+08:00,0.0,0.11497994536177038
2023-01-01 05:00:00+08:00,0.0,0.19064002485842413
2023-01-01 06:00:00+08:00,0.0,0.27100204490759766
2023-01-01 07:00:00+08:00,0.22290289806658542,0.3304254634067023
2023-01-01 08:00:00+08:00,2.255368434869263,0.21405712867712992
2023-01-01 09:00:00+08:00,4.903073454894034,0.5682910128691157
2023-01-01 10:00:00+08:00,7.1747347890107545,0.37973382865286937
2023-01-01 11:00:00+08:00,8.551313882171787,0.5586139950758757
2023-01-01 12:00:00+08:00,7.096244554295487,0.3017612363309558
2023-01-01 13:00:00+08:00,7.161378916831603,0.08987456259899727
2023-01-01 14:00:00+08:00,5.79935775652065,0.0
2023-01-01 15:00:00+08:00,2.8636418706604427,0.0
2023-01-01 16:00:00+08:00,0.6399612414143179,0.0
2023-01-01 17:00:00+08:00,0.0,0.0
2023-01-01 18:00:00+08:00,0.0,0.0
2023-01-01 19:00:00+08:00,0.0,0.0
2023-01-01 20:00:00+08:00,0.0,0.0
2023-01-01 21:00:00+08:00,0.0,0.0
2023-01-01 22:00:00+08:00,0.0,0.0
2023-01-01 23:00:00+08:00,0.0,0.0
2023-01-02 00:00:00+08:00,0.0,0.0
2023-01-02 01:00:00+08:00,0.0,0.0
2023-01-02 02:00:00+08:00,0.0,0.0
2023-01-02 03:00:00+08:00,0.0,0.0
2023-01-02 04:00:00+08:00,0.0,0.0
2023-01-02 05:00:00+08:00,0.0,0.0
2023-01-02 06:00:00+08:00,0.0,0.0
2023-01-02 07:00:00+08:00,0.22777410556102334,0.0
2023-01-02 08:00:00+08:00,2.8091676822065996,0.0
2023-01-02 09:00:00+08:00,6.182603501611575,0.0
2023-01-02 10:00:00+08:00,8.85561662304953,0.0
2023-01-02 11:00:00+08:00,10.286222965161055,0.0
2023-01-02 12:00:00+08:00,10.2753508489952,0.0
2023-01-02 13:00:00+08:00,10.387980971837534,0.007383677235796734
2023-01-02 14:00:00+08:00,8.501618111211345,0.028922580982444643
2023-01-02 15:00:00+08:00,5.266945215993555,0.0
2023-01-02 16:00:00+08:00,1.2182940158409072,0.02546077041141802
2023-01-02 17:00:00+08:00,0.0,0.07908389670693931
2023-01-02 18:00:00+08:00,0.0,0.0987842161080372
2023-01-02 19:00:00+08:00,0.0,0.09429834576714802
2023-01-02 20:00:00+08:00,0.0,0.07279164838928559
2023-01-02 21:00:00+08:00,0.0,0.03781845236501572
2023-01-02 22:00:00+08:00,0.0,0.013770904145080145
2023-01-02 23:00:00+08:00,0.0,0.008960797786395611
2023-01-03 00:00:00+08:00,0.0,0.01540070144328111
2023-01-03 01:00:00+08:00,0.0,0.0306740648125807
2023-01-03 02:00:00+08:00,0.0,0.05086250044163042
2023-01-03 03:00:00+08:00,0.0,0.06663422874901594
2023-01-03 04:00:00+08:00,0.0,0.07908389670693931
2023-01-03 05:00:00+08:00,0.0,0.07279164838928559
2023-01-03 06:00:00+08:00,0.0,0.054718034547095874
2023-01-03 07:00:00+08:00,0.32181164346239227,0.03781845236501572
2023-01-03 08:00:00+08:00,3.8717429659364044,0.002730303130244606
2023-01-03 09:00:00+08:00,7.637500854461056,0.16834784542382925
2023-01-03 10:00:00+08:00,10.470846826548017,0.23549165242082915
2023-01-03 11:00:00+08:00,12.053392177295887,0.5978741445234982
2023-01-03 12:00:00+08:00,9.462671349736606,0.8656597981817654
2023-01-03 13:00:00+08:00,8.348205621406722,0.8905813441431448
2023-01-03 14:00:00+08:00,6.548364354016084,0.5254605174777975
2023-01-03 15:00:00+08:00,3.4499733055979065,0.034218459976613935
2023-01-03 16:00:00+08:00,0.6525211115261964,0.06663422874901594
2023-01-03 17:00:00+08:00,0.0,0.09207872032793184
2023-01-03 18:00:00+08:00,0.0,0.08987456259899727
2023-01-03 19:00:00+08:00,0.0,0.0987842161080372
2023-01-03 20:00:00+08:00,0.0,0.11497994536177038
2023-01-03 21:00:00+08:00,0.0,0.14202236138133761
2023-01-03 22:00:00+08:00,0.0,0.18215011777402285
2023-01-03 23:00:00+08:00,0.0,0.21405712867712992
2023-01-04 00:00:00+08:00,0.0,0.24814330199413046
2023-01-04 01:00:00+08:00,0.0,0.26767999357195305
2023-01-04 02:00:00+08:00,0.0,0.2610926238659966
2023-01-04 03:00:00+08:00,0.0,0.2417804845017715
2023-01-04 04:00:00+08:00,0.0,0.2231342138402953
2023-01-04 05:00:00+08:00,0.0,0.18496259999682663
2023-01-04 06:00:00+08:00,0.0,0.11261867679938187
2023-01-04 07:00:00+08:00,0.11051521641682666,0.03963943272561256
2023-01-04 08:00:00+08:00,0.837040422400334,0.0
2023-01-04 09:00:00+08:00,2.115649356843988,0.0
2023-01-04 10:00:00+08:00,3.445174987204168,0.0
2023-01-04 11:00:00+08:00,4.179050661771873,0.0
2023-01-04 12:00:00+08:00,2.1236856109298197,0.0
2023-01-04 13:00:00+08:00,2.5460786995280715,0.0
2023-01-04 14:00:00+08:00,2.190595893753204,0.0
2023-01-04 15:00:00+08:00,1.1629490350483167,0.0
2023-01-04 16:00:00+08:00,0.2924572566827798,0.01870026330506096
2023-01-04 17:00:00+08:00,0.0,0.07908389670693931
2023-01-04 18:00:00+08:00,0.0,0.08335435484485185
2023-01-04 19:00:00+08:00,0.0,0.06461146507701918
2023-01-04 20:00:00+08:00,0.0,0.0306740648125807
2023-01-04 21:00:00+08:00,0.0,0.0
2023-01-04 22:00:00+08:00,0.0,0.0
2023-01-04 23:00:00+08:00,0.0,0.0
2023-01-05 00:00:00+08:00,0.0,0.0
2023-01-05 01:00:00+08:00,0.0,0.0
2023-01-05 02:00:00+08:00,0.0,0.0
2023-01-05 03:00:00+08:00,0.0,0.0
2023-01-05 04:00:00+08:00,0.0,0.0
2023-01-05 05:00:00+08:00,0.0,0.0
2023-01-05 06:00:00+08:00,0.0,0.0
2023-01-05 07:00:00+08:00,0.11675323209402726,0.0
2023-01-05 08:00:00+08:00,0.9205801456121019,0.0
2023-01-05 09:00:00+08:00,2.2727999681105606,0.0
2023-01-05 10:00:00+08:00,3.5075007235510895,0.0
2023-01-05 11:00:00+08:00,4.28622462385039,0.0
2023-01-05 12:00:00+08:00,4.662230814071516,0.0
2023-01-05 13:00:00+08:00,4.816153261720766,0.0
2023-01-05 14:00:00+08:00,3.8720103299083144,0.0
2023-01-05 15:00:00+08:00,2.000212345418203,0.0
2023-01-05 16:00:00+08:00,0.5527156590212505,0.0
2023-01-05 17:00:00+08:00,0.0,0.007383677235796734
2023-01-05 18:00:00+08:00,0.0,0.07279164838928559
2023-01-05 19:00:00+08:00,0.0,0.13445094423998236
2023-01-05 20:00:00+08:00,0.0,0.18215011777402285
2023-01-05 21:00:00+08:00,0.0,0.21405712867712992
2023-01-05 22:00:00+08:00,0.0,0.25782719732987885
2023-01-05 23:00:00+08:00,0.0,0.37973382865286937
2023-01-06 00:00:00+08:00,0.0,0.7246955236088202
2023-01-06 01:00:00+08:00,0.0,1.430504017620602
2023-01-06 02:00:00+08:00,0.0,2.0190796256417736
2023-01-06 03:00:00+08:00,0.0,1.8772784541988987
2023-01-06 04:00:00+08:00,0.0,1.541738064056598
2023-01-06 05:00:00+08:00,0.0,1.2537763056711837
2023-01-06 06:00:00+08:00,0.0,1.0283427480712037
2023-01-06 07:00:00+08:00,0.1335926697066048,0.7302814852674885
2023-01-06 08:00:00+08:00,2.175458707397705,0.7933630713310769
2023-01-06 09:00:00+08:00,5.861221096762708,0.7816689775844811
2023-01-06 10:00:00+08:00,7.802748836894298,0.941679159417412
2023-01-06 11:00:00+08:00,10.925396964262498,1.8379482493641501
2023-01-06 12:00:00+08:00,9.187485305542433,3.0666346671456206
2023-01-06 13:00:00+08:00,10.814637520874626,4.410294035688056
2023-01-06 14:00:00+08:00,10.886176570351164,3.5635235475990736
2023-01-06 15:00:00+08:00,8.77769267958249,1.4388785478450947
2023-01-06 16:00:00+08:00,3.780172844913008,0.638622655463944
2023-01-06 17:00:00+08:00,0.0,0.5348199063812349
2023-01-06 18:00:00+08:00,0.0,0.3565505973347257
2023-01-06 19:00:00+08:00,0.0,0.19064002485842413
2023-01-06 20:00:00+08:00,0.0,0.04895633950867902
2023-01-06 21:00:00+08:00,0.0,0.0
2023-01-06 22:00:00+08:00,0.0,0.0
2023-01-06 23:00:00+08:00,0.0,0.0
2023-01-07 00:00:00+08:00,0.0,0.0
2023-01-07 01:00:00+08:00,0.0,0.0
2023-01-07 02:00:00+08:00,0.0,0.0
2023-01-07 03:00:00+08:00,0.0,0.0
2023-01-07 04:00:00+08:00,0.0,0.0
2023-01-07 05:00:00+08:00,0.0,0.0
2023-01-07 06:00:00+08:00,0.0,0.0
2023-01-07 07:00:00+08:00,0.4727569662986389,0.02375033550472131
2023-01-07 08:00:00+08:00,5.167586534036137,0.05086250044163042
2023-01-07 09:00:00+08:00,9.335081588908222,0.10105056917551636
2023-01-07 10:00:00+08:00,12.191338729822046,0.2844806220690267
2023-01-07 11:00:00+08:00,14.026205611160822,0.17107379500170156
2023-01-07 12:00:00+08:00,13.389012852770593,0.37973382865286937
2023-01-07 13:00:00+08:00,12.247359097626966,0.4077193062811163
2023-01-07 14:00:00+08:00,10.010884282998568,0.03963943272561256
2023-01-07 15:00:00+08:00,6.878651800228853,0.0987842161080372
2023-01-07 16:00:00+08:00,1.8939823437706442,0.28108231384003596
2023-01-07 17:00:00+08:00,0.0,0.4624343393484166
2023-01-07 18:00:00+08:00,0.0,0.5538097476983584
2023-01-07 19:00:00+08:00,0.0,0.6334467503764458
2023-01-07 20:00:00+08:00,0.0,0.7471872329005199
2023-01-07 21:00:00+08:00,0.0,0.8905813441431448
2023-01-07 22:00:00+08:00,0.0,0.9944730145323387
2023-01-07 23:00:00+08:00,0.0,1.0559278770093843
2023-01-08 00:00:00+08:00,0.0,1.062892574116328
2023-01-08 01:00:00+08:00,0.0,0.9095460278965173
2023-01-08 02:00:00+08:00,0.0,0.6648585872327488
2023-01-08 03:00:00+08:00,0.0,0.4367330080627634
2023-01-08 04:00:00+08:00,0.0,0.27100204490759766
2023-01-08 05:00:00+08:00,0.0,0.19064002485842413
2023-01-08 06:00:00+08:00,0.0,0.0987842161080372
2023-01-08 07:00:00+08:00,0.1706594512082987,0.09207872032793184
2023-01-08 08:00:00+08:00,2.001619519889886,0.004268483990624318
2023-01-08 09:00:00+08:00,4.994776614636851,0.0
2023-01-08 10:00:00+08:00,7.7576683682097975,0.0
2023-01-08 11:00:00+08:00,9.943286121343617,0.0
2023-01-08 12:00:00+08:00,7.582007212259651,0.04895633950867902
2023-01-08 13:00:00+08:00,6.622407648216784,0.2777031509587361
2023-01-08 14:00:00+08:00,6.511640054071817,0.31236281036620384
2023-01-08 15:00:00+08:00,4.100396217687692,0.10105056917551636
2023-01-08 16:00:00+08:00,1.092776250443181,0.3415014526677879
2023-01-08 17:00:00+08:00,0.0,0.5024538758520344
2023-01-08 18:00:00+08:00,0.0,0.49340681571389705
2023-01-08 19:00:00+08:00,0.0,0.4624343393484166
2023-01-08 20:00:00+08:00,0.0,0.44521409062014494
2023-01-08 21:00:00+08:00,0.0,0.49340681571389705
2023-01-08 22:00:00+08:00,0.0,0.607920656710596
2023-01-08 23:00:00+08:00,0.0,0.7358920546470589
2023-01-09 00:00:00+08:00,0.0,0.878068651575496
2023-01-09 01:00:00+08:00,0.0,1.0215146102945414
2023-01-09 02:00:00+08:00,0.0,1.1706902109181119
2023-01-09 03:00:00+08:00,0.0,1.3005642904540948
2023-01-09 04:00:00+08:00,0.0,1.3973060568347386
2023-01-09 05:00:00+08:00,0.0,1.3727212400417668
2023-01-09 06:00:00+08:00,0.0,1.2384119297898142
2023-01-09 07:00:00+08:00,0.34349528485034475,1.223162642326203
2023-01-09 08:00:00+08:00,4.535973261951934,1.732461340651826
2023-01-09 09:00:00+08:00,8.853843490269862,2.3452246797777216
2023-01-09 10:00:00+08:00,11.90855266446447,3.7450850452049105
2023-01-09 11:00:00+08:00,14.070490842645032,3.4602872808708813
2023-01-09 12:00:00+08:00,14.136754841389068,3.3304144091864014
2023-01-09 13:00:00+08:00,13.640003795930257,3.3446869504065297
2023-01-09 14:00:00+08:00,12.105703462531546,3.0128734131156274
2023-01-09 15:00:00+08:00,8.969037312141538,1.541738064056598
2023-01-09 16:00:00+08:00,3.5608495303375562,0.3996193459417554
2023-01-09 17:00:00+08:00,0.0,0.43252453794560025
2023-01-09 18:00:00+08:00,0.0,0.4036588610696896
2023-01-09 19:00:00+08:00,0.0,0.3452335064916994
2023-01-09 20:00:00+08:00,0.0,0.26767999357195305
2023-01-09 21:00:00+08:00,0.0,0.21106752494673162
2023-01-09 22:00:00+08:00,0.0,0.18215011777402285
2023-01-09 23:00:00+08:00,0.0,0.16294732502601303
2023-01-10 00:00:00+08:00,0.0,0.14974320958390933
2023-01-10 01:00:00+08:00,0.0,0.14457930188707785
2023-01-10 02:00:00+08:00,0.0,0.13445094423998236
2023-01-10 03:00:00+08:00,0.0,0.10563038151905942
2023-01-10 04:00:00+08:00,0.0,0.07279164838928559
2023-01-10 05:00:00+08:00,0.0,0.03963943272561256
2023-01-10 06:00:00+08:00,0.0,0.02375033550472131
2023-01-10 07:00:00+08:00,0.2948544987877504,0.0
2023-01-10 08:00:00+08:00,3.506776620215437,0.0306740648125807
2023-01-10 09:00:00+08:00,7.223530758890378,0.0
2023-01-10 10:00:00+08:00,10.072959357412392,0.26767999357195305
2023-01-10 11:00:00+08:00,11.879017860327426,0.3159358604550535
2023-01-10 12:00:00+08:00,11.737725031333374,0.23549165242082915
2023-01-10 13:00:00+08:00,11.743741013851796,0.14202236138133761
2023-01-10 14:00:00+08:00,9.678834052599582,0.04332363219411342
2023-01-10 15:00:00+08:00,6.8674680588114,0.0
2023-01-10 16:00:00+08:00,2.249889159896694,0.0
2023-01-10 17:00:00+08:00,0.0,0.0
2023-01-10 18:00:00+08:00,0.0,0.0
2023-01-10 19:00:00+08:00,0.0,0.0
2023-01-10 20:00:00+08:00,0.0,0.02546077041141802
2023-01-10 21:00:00+08:00,0.0,0.0987842161080372
2023-01-10 22:00:00+08:00,0.0,0.16294732502601303
2023-01-10 23:00:00+08:00,0.0,0.21405712867712992
2023-01-11 00:00:00+08:00,0.0,0.2417804845017715
2023-01-11 01:00:00+08:00,0.0,0.26767999357195305
2023-01-11 02:00:00+08:00,0.0,0.3231410732458217
2023-01-11 03:00:00+08:00,0.0,0.4159032032860611
2023-01-11 04:00:00+08:00,0.0,0.44521409062014494
2023-01-11 05:00:00+08:00,0.0,0.6542927169273525
2023-01-11 06:00:00+08:00,0.0,0.8968767653244457
2023-01-11 07:00:00+08:00,0.24090814975762948,1.0079397295103574
2023-01-11 08:00:00+08:00,2.371522407905917,1.308464189121137
2023-01-11 09:00:00+08:00,4.2332082474058055,1.3973060568347386
2023-01-11 10:00:00+08:00,5.992296280994102,1.3163933466387472
2023-01-11 11:00:00+08:00,5.37890874656073,1.3645857562488983
2023-01-11 12:00:00+08:00,6.64683828327158,1.6217856551210685
2023-01-11 13:00:00+08:00,6.882478171181279,1.6127671597695752
2023-01-11 14:00:00+08:00,5.627838454615092,1.1781009838096783
2023-01-11 15:00:00+08:00,3.6825567118441533,0.18779255099732609
2023-01-11 16:00:00+08:00,1.1574193213902895,0.18496259999682663
2023-01-11 17:00:00+08:00,0.0,0.2777031509587361
2023-01-11 18:00:00+08:00,0.0,0.3304254634067023
2023-01-11 19:00:00+08:00,0.0,0.35275802474226525
2023-01-11 20:00:00+08:00,0.0,0.35275802474226525
2023-01-11 21:00:00+08:00,0.0,0.3489856791555575
2023-01-11 22:00:00+08:00,0.0,0.3415014526677879
2023-01-11 23:00:00+08:00,0.0,0.31952859672062506
2023-01-12 00:00:00+08:00,0.0,0.31952859672062506
2023-01-12 01:00:00+08:00,0.0,0.35275802474226525
2023-01-12 02:00:00+08:00,0.0,0.3916028896047531
2023-01-12 03:00:00+08:00,0.0,0.3565505973347257
2023-01-12 04:00:00+08:00,0.0,0.2878981297286119
2023-01-12 05:00:00+08:00,0.0,0.24495261803007246
2023-01-12 06:00:00+08:00,0.0,0.23549165242082915
2023-01-12 07:00:00+08:00,0.18838663900229924,0.4036588610696896
2023-01-12 08:00:00+08:00,1.513224156686181,0.5348199063812349
2023-01-12 09:00:00+08:00,2.7151767360571237,0.42833737649225145
2023-01-12 10:00:00+08:00,3.5384418890149427,0.22619618049501763
2023-01-12 11:00:00+08:00,3.1943646072995096,0.16027264604026287
2023-01-12 12:00:00+08:00,2.5204526121973236,0.0
2023-01-12 13:00:00+08:00,1.962929162679121,0.0
2023-01-12 14:00:00+08:00,0.9289777331931891,0.0
2023-01-12 15:00:00+08:00,0.7836311321261741,0.0
2023-01-12 16:00:00+08:00,0.28838798297172485,0.0
2023-01-12 17:00:00+08:00,0.0,0.0
2023-01-12 18:00:00+08:00,0.0,0.0
2023-01-12 19:00:00+08:00,0.0,0.0
2023-01-12 20:00:00+08:00,0.0,0.0
2023-01-12 21:00:00+08:00,0.0,0.0
2023-01-12 22:00:00+08:00,0.0,0.0
2023-01-12 23:00:00+08:00,0.0,0.03243933978300283
2023-01-13 00:00:00+08:00,0.0,0.14457930188707785
2023-01-13 01:00:00+08:00,0.0,0.22619618049501763
2023-01-13 02:00:00+08:00,0.0,0.2610926238659966
2023-01-13 03:00:00+08:00,0.0,0.23237484570238148
2023-01-13 04:00:00+08:00,0.0,0.17935505024601142
2023-01-13 05:00:00+08:00,0.0,0.10105056917551636
2023-01-13 06:00:00+08:00,0.0,0.060610177547747036
2023-01-13 07:00:00+08:00,0.08206350713706481,0.06663422874901594
2023-01-13 08:00:00+08:00,0.4810162115825372,0.26767999357195305
2023-01-13 09:00:00+08:00,0.9563880904128009,0.24495261803007246
2023-01-13 10:00:00+08:00,1.3658918099882833,0.31236281036620384
2023-01-13 11:00:00+08:00,1.6184780792648465,0.4494868112261699
2023-01-13 12:00:00+08:00,1.190508798753772,0.878068651575496
2023-01-13 13:00:00+08:00,1.068199304655299,1.4472832022466042
2023-01-13 14:00:00+08:00,0.9504313943564286,1.9171321815354834
2023-01-13 15:00:00+08:00,0.6348301345804113,2.4844460787159384
2023-01-13 16:00:00+08:00,0.20504434999016855,3.121007706975281
2023-01-13 17:00:00+08:00,0.0,4.258210938194782
2023-01-13 18:00:00+08:00,0.0,5.534877165694389
2023-01-13 19:00:00+08:00,0.0,6.150380624118761
2023-01-13 20:00:00+08:00,0.0,5.899085929268338
2023-01-13 21:00:00+08:00,0.0,5.51508605912665
2023-01-13 22:00:00+08:00,0.0,5.281184101410058
2023-01-13 23:00:00+08:00,0.0,6.108021524324524
2023-01-14 00:00:00+08:00,0.0,7.296491958470749
2023-01-14 01:00:00+08:00,0.0,8.44309578075202
2023-01-14 02:00:00+08:00,0.0,10.0
2023-01-14 03:00:00+08:00,0.0,10.0
2023-01-14 04:00:00+08:00,0.0,10.0
2023-01-14 05:00:00+08:00,0.0,10.0
2023-01-14 06:00:00+08:00,0.0,10.0
2023-01-14 07:00:00+08:00,0.15874011848874725,10.0
2023-01-14 08:00:00+08:00,1.2889249680083144,10.0
2023-01-14 09:00:00+08:00,2.998004606660134,10.0
2023-01-14 10:00:00+08:00,5.017170840990172,10.0
2023-01-14 11:00:00+08:00,6.489760450987057,10.0
2023-01-14 12:00:00+08:00,3.6728105127139643,10.0
2023-01-14 13:00:00+08:00,3.0191904889488588,10.0
2023-01-14 14:00:00+08:00,2.456017865933298,9.278934942331846
2023-01-14 15:00:00+08:00,1.6035867978977016,7.658346736646593
2023-01-14 16:00:00+08:00,0.624332991648583,6.452285306457651
2023-01-14 17:00:00+08:00,0.0,5.416823057861923
2023-01-14 18:00:00+08:00,0.0,4.905890758407249
2023-01-14 19:00:00+08:00,0.0,4.461760380877743
2023-01-14 20:00:00+08:00,0.0,3.8693825554797256
2023-01-14 21:00:00+08:00,0.0,3.822463392615391
2023-01-14 22:00:00+08:00,0.0,3.121007706975281
2023-01-14 23:00:00+08:00,0.0,3.121007706975281
2023-01-15 00:00:00+08:00,0.0,3.301987065226156
2023-01-15 01:00:00+08:00,0.0,3.4602872808708813
2023-01-15 02:00:00+08:00,0.0,3.760478941337545
2023-01-15 03:00:00+08:00,0.0,3.0262565609945673
2023-01-15 04:00:00+08:00,0.0,1.8087920751881514
2023-01-15 05:00:00+08:00,0.0,0.8350891217309176
2023-01-15 06:00:00+08:00,0.0,0.22927637308807858
2023-01-15 07:00:00+08:00,0.2965362023741309,0.058631545524665506
2023-01-15 08:00:00+08:00,2.532408914819115,0.35275802474226525
2023-01-15 09:00:00+08:00,5.480078858567991,0.8051579756090176
2023-01-15 10:00:00+08:00,7.860718827099694,1.3564799098869178
2023-01-15 11:00:00+08:00,10.105199669121935,1.4897602298110106
2023-01-15 12:00:00+08:00,7.856356166431119,1.4221595574902233
2023-01-15 13:00:00+08:00,8.7034711890293,1.3005642904540948
2023-01-15 14:00:00+08:00,7.283330871368172,1.1340595451768967
2023-01-15 15:00:00+08:00,5.860838175758202,0.9031983085479357
2023-01-15 16:00:00+08:00,2.4597021510938024,0.27100204490759766
2023-01-15 17:00:00+08:00,0.0,0.01540070144328111
2023-01-15 18:00:00+08:00,0.0,0.0
2023-01-15 19:00:00+08:00,0.0,0.0
2023-01-15 20:00:00+08:00,0.0,0.0
2023-01-15 21:00:00+08:00,0.0,0.0
2023-01-15 22:00:00+08:00,0.0,0.0
2023-01-15 23:00:00+08:00,0.0,0.005819590664840629
2023-01-16 00:00:00+08:00,0.0,0.04518695946782358
2023-01-16 01:00:00+08:00,0.0,0.060610177547747036
2023-01-16 02:00:00+08:00,0.0,0.03243933978300283
2023-01-16 03:00:00+08:00,0.0,0.0
2023-01-16 04:00:00+08:00,0.0,0.0
2023-01-16 05:00:00+08:00,0.0,0.0
2023-01-16 06:00:00+08:00,0.0,0.0
2023-01-16 07:00:00+08:00,0.5767008619257674,0.0
2023-01-16 08:00:00+08:00,4.171656129456967,0.0
2023-01-16 09:00:00+08:00,6.60017529757634,0.08987456259899727
2023-01-16 10:00:00+08:00,8.14968200207807,0.3304254634067023
2023-01-16 11:00:00+08:00,8.451943422309187,0.7700752617060064
2023-01-16 12:00:00+08:00,7.890669848308193,0.9612766131368469
2023-01-16 13:00:00+08:00,8.65715773747789,0.9744748065010632
2023-01-16 14:00:00+08:00,6.564372412900011,0.9095460278965173
2023-01-16 15:00:00+08:00,4.2148054174267,0.6808872183435921
2023-01-16 16:00:00+08:00,1.3299564242352835,0.054718034547095874
2023-01-16 17:00:00+08:00,0.0,0.03963943272561256
2023-01-16 18:00:00+08:00,0.0,0.054718034547095874
2023-01-16 19:00:00+08:00,0.0,0.13695823664069298
2023-01-16 20:00:00+08:00,0.0,0.28108231384003596
2023-01-16 21:00:00+08:00,0.0,0.4036588610696896
2023-01-16 22:00:00+08:00,0.0,0.4580968815074026
2023-01-16 23:00:00+08:00,0.0,0.4755770526678879
2023-01-17 00:00:00+08:00,0.0,0.4241714696198141
2023-01-17 01:00:00+08:00,0.0,0.3641966398685174
2023-01-17 02:00:00+08:00,0.0,0.3088093923711731
2023-01-17 03:00:00+08:00,0.0,0.2545805375611306
2023-01-17 04:00:00+08:00,0.0,0.22009041904100865
2023-01-17 05:00:00+08:00,0.0,0.16294732502601303
2023-01-17 06:00:00+08:00,0.0,0.10563038151905942
2023-01-17 07:00:00+08:00,0.33062686460820473,0.034218459976613935
2023-01-17 08:00:00+08:00,3.6735658659478236,0.0
2023-01-17 09:00:00+08:00,7.825532944861861,0.0
2023-01-17 10:00:00+08:00,11.290013450674973,0.0
2023-01-17 11:00:00+08:00,13.664263760075409,0.11261867679938187
2023-01-17 12:00:00+08:00,8.95336558652074,0.17935505024601142
2023-01-17 13:00:00+08:00,6.525111485633083,0.2777031509587361
2023-01-17 14:00:00+08:00,5.379321432676106,0.33778946360092
2023-01-17 15:00:00+08:00,3.79327790604705,0.2610926238659966
2023-01-17 16:00:00+08:00,1.2478329599037845,0.020370136034445988
2023-01-17 17:00:00+08:00,0.0,0.013770904145080145
2023-01-17 18:00:00+08:00,0.0,0.0
2023-01-17 19:00:00+08:00,0.0,0.0
2023-01-17 20:00:00+08:00,0.0,0.0
2023-01-17 21:00:00+08:00,0.0,0.0
2023-01-17 22:00:00+08:00,0.0,0.0
2023-01-17 23:00:00+08:00,0.0,0.0
2023-01-18 00:00:00+08:00,0.0,0.0
2023-01-18 01:00:00+08:00,0.0,0.0
2023-01-18 02:00:00+08:00,0.0,0.0
2023-01-18 03:00:00+08:00,0.0,0.0
2023-01-18 04:00:00+08:00,0.0,0.054718034547095874
2023-01-18 05:00:00+08:00,0.0,0.13695823664069298
2023-01-18 06:00:00+08:00,0.0,0.21405712867712992
2023-01-18 07:00:00+08:00,0.5963437791699063,0.2844806220690267
2023-01-18 08:00:00+08:00,5.305138349842583,0.573163891450644
2023-01-18 09:00:00+08:00,9.734171805787122,1.2307729270472403
2023-01-18 10:00:00+08:00,12.669852052939149,2.653383887609365
2023-01-18 11:00:00+08:00,14.619193934413222,3.822463392615391
2023-01-18 12:00:00+08:00,13.245127038980428,3.54865555361601
2023-01-18 13:00:00+08:00,12.85591825811579,2.959720483579503
2023-01-18 14:00:00+08:00,10.81746169340171,2.277515210683567
2023-01-18 15:00:00+08:00,7.835948311184094,1.0215146102945414
2023-01-18 16:00:00+08:00,3.0806145587481697,0.18496259999682663
2023-01-18 17:00:00+08:00,0.0,0.31952859672062506
2023-01-18 18:00:00+08:00,0.0,0.46679348443356694
2023-01-18 19:00:00+08:00,0.0,0.7700752617060064
2023-01-18 20:00:00+08:00,0.0,1.1268176731916564
2023-01-18 21:00:00+08:00,0.0,1.3163933466387472
2023-01-18 22:00:00+08:00,0.0,1.3727212400417668
2023-01-18 23:00:00+08:00,0.0,1.2770396067273408
2023-01-19 00:00:00+08:00,0.0,0.9811140326972586
2023-01-19 01:00:00+08:00,0.0,0.6916934871531896
2023-01-19 02:00:00+08:00,0.0,0.4624343393484166
2023-01-19 03:00:00+08:00,0.0,0.3304254634067023
2023-01-19 04:00:00+08:00,0.0,0.22927637308807858
2023-01-19 05:00:00+08:00,0.0,0.15497418008056274
2023-01-19 06:00:00+08:00,0.0,0.11975056218738764
2023-01-19 07:00:00+08:00,0.243622433346202,0.10105056917551636
2023-01-19 08:00:00+08:00,3.213666183384701,0.08335435484485185
2023-01-19 09:00:00+08:00,6.7506591000329585,0.3876258402298792
2023-01-19 10:00:00+08:00,9.864528412543535,0.573163891450644
2023-01-19 11:00:00+08:00,12.10188200842244,1.9881463413533937
2023-01-19 12:00:00+08:00,10.743166631120152,4.325375990758878
2023-01-19 13:00:00+08:00,10.350532909578517,4.496286978315991
2023-01-19 14:00:00+08:00,8.96973919796379,3.932518648095805
2023-01-19 15:00:00+08:00,6.216493975456605,1.9984240489373504
2023-01-19 16:00:00+08:00,2.71657819401211,0.3758187582849275
2023-01-19 17:00:00+08:00,0.0,0.3836695046068856
2023-01-19 18:00:00+08:00,0.0,0.42833737649225145
2023-01-19 19:00:00+08:00,0.0,0.6438222488629927
2023-01-19 20:00:00+08:00,0.0,1.0011928783370292
2023-01-19 21:00:00+08:00,0.0,1.3727212400417668
2023-01-19 22:00:00+08:00,0.0,1.8281970929246025
2023-01-19 23:00:00+08:00,0.0,1.4472832022466042
2023-01-20 00:00:00+08:00,0.0,0.6129789314838905
2023-01-20 01:00:00+08:00,0.0,0.5161909061934763
2023-01-20 02:00:00+08:00,0.0,0.5928857989438889
2023-01-20 03:00:00+08:00,0.0,0.5682910128691157
2023-01-20 04:00:00+08:00,0.0,0.4755770526678879
2023-01-20 05:00:00+08:00,0.0,0.3159358604550535
2023-01-20 06:00:00+08:00,0.0,0.205142129974502
2023-01-20 07:00:00+08:00,0.7424701339958575,0.12216001861642253
2023-01-20 08:00:00+08:00,6.094398803003463,0.2777031509587361
2023-01-20 09:00:00+08:00,10.60108948532506,0.4367330080627634
2023-01-20 10:00:00+08:00,13.828310644586294,0.17657734332988953
2023-01-20 11:00:00+08:00,15.894804195598772,0.027184834209691398
2023-01-20 12:00:00+08:00,16.01406092331446,0.11027336269340253
2023-01-20 13:00:00+08:00,15.06663648892353,0.2231342138402953
2023-01-20 14:00:00+08:00,13.264915736617287,0.19928812443434096
2023-01-20 15:00:00+08:00,10.520552108069259,0.08121152712801255
2023-01-20 16:00:00+08:00,4.769360979516095,0.0
2023-01-20 17:00:00+08:00,0.0,0.0
2023-01-20 18:00:00+08:00,0.0,0.0
2023-01-20 19:00:00+08:00,0.0,0.0
2023-01-20 20:00:00+08:00,0.0,0.0
2023-01-20 21:00:00+08:00,0.0,0.11261867679938187
2023-01-20 22:00:00+08:00,0.0,0.2610926238659966
2023-01-20 23:00:00+08:00,0.0,0.3836695046068856
2023-01-21 00:00:00+08:00,0.0,0.4844480188735894
2023-01-21 01:00:00+08:00,0.0,0.6438222488629927
2023-01-21 02:00:00+08:00,0.0,0.8968767653244457
2023-01-21 03:00:00+08:00,0.0,1.223162642326203
2023-01-21 04:00:00+08:00,0.0,1.6037798702531607
2023-01-21 05:00:00+08:00,0.0,1.9575128926797014
2023-01-21 06:00:00+08:00,0.0,2.156624247266645
2023-01-21 07:00:00+08:00,0.2513664802425908,2.4141977418194895
2023-01-21 08:00:00+08:00,2.868444694753406,3.0396777832372774
2023-01-21 09:00:00+08:00,6.2196491883971206,2.842332650071562
2023-01-21 10:00:00+08:00,8.907322817642408,4.291708229821573
2023-01-21 11:00:00+08:00,10.468586700424868,4.241526083165573
2023-01-21 12:00:00+08:00,10.365200541262176,3.6687261605175303
2023-01-21 13:00:00+08:00,5.621637305917832,2.9071724172314513
2023-01-21 14:00:00+08:00,3.7588826188981264,1.8673969579629226
2023-01-21 15:00:00+08:00,2.4034253119484066,0.18215011777402285
2023-01-21 16:00:00+08:00,1.0471359816102233,0.001204994000798528
2023-01-21 17:00:00+08:00,0.0,0.0
2023-01-21 18:00:00+08:00,0.0,0.0
2023-01-21 19:00:00+08:00,0.0,0.0
2023-01-21 20:00:00+08:00,0.0,0.0
2023-01-21 21:00:00+08:00,0.0,0.0
2023-01-21 22:00:00+08:00,0.0,0.0
2023-01-21 23:00:00+08:00,0.0,0.0
2023-01-22 00:00:00+08:00,0.0,0.0
2023-01-22 01:00:00+08:00,0.0,0.0
2023-01-22 02:00:00+08:00,0.0,0.0
2023-01-22 03:00:00+08:00,0.0,0.0
2023-01-22 04:00:00+08:00,0.0,0.0
2023-01-22 05:00:00+08:00,0.0,0.0
2023-01-22 06:00:00+08:00,0.0,0.0
2023-01-22 07:00:00+08:00,0.22392321321503367,0.0
2023-01-22 08:00:00+08:00,1.9278510379190645,0.0
2023-01-22 09:00:00+08:00,4.890141702793609,0.0
2023-01-22 10:00:00+08:00,7.291562103164691,0.0
2023-01-22 11:00:00+08:00,9.429703317292555,0.005819590664840629
2023-01-22 12:00:00+08:00,9.112705607360642,0.10794394896092946
2023-01-22 13:00:00+08:00,7.745211794060478,0.19638775749402856
2023-01-22 14:00:00+08:00,6.308715635194068,0.2417804845017715
2023-01-22 15:00:00+08:00,4.047351275870949,0.10333260628488947
2023-01-22 16:00:00+08:00,1.2158618995652832,0.0306740648125807
2023-01-22 17:00:00+08:00,0.06855454039977527,0.12458564583347895
2023-01-22 18:00:00+08:00,0.0,0.14202236138133761
2023-01-22 19:00:00+08:00,0.0,0.15235028494080669
2023-01-22 20:00:00+08:00,0.0,0.14974320958390933
2023-01-22 21:00:00+08:00,0.0,0.12948562896326898
2023-01-22 22:00:00+08:00,0.0,0.10105056917551636
2023-01-22 23:00:00+08:00,0.0,0.060610177547747036
2023-01-23 00:00:00+08:00,0.0,0.02546077041141802
2023-01-23 01:00:00+08:00,0.0,0.012154357158134217
2023-01-23 02:00:00+08:00,0.0,0.02205347540669832
2023-01-23 03:00:00+08:00,0.0,0.06867181113645714
2023-01-23 04:00:00+08:00,0.0,0.08551243394036041
2023-01-23 05:00:00+08:00,0.0,0.11027336269340253
2023-01-23 06:00:00+08:00,0.0,0.3452335064916994
2023-01-23 07:00:00+08:00,0.14306147454019513,0.6334467503764458
2023-01-23 08:00:00+08:00,0.896307401722732,1.119603762067309
2023-01-23 09:00:00+08:00,1.9362337284434081,2.156624247266645
2023-01-23 10:00:00+08:00,2.663609617221561,3.316181132153912
2023-01-23 11:00:00+08:00,2.9324857613809567,4.742843217640498
2023-01-23 12:00:00+08:00,4.208480433628759,5.899085929268338
2023-01-23 13:00:00+08:00,5.538223480893808,6.47421322852617
2023-01-23 14:00:00+08:00,5.846556799351463,6.629076115127332
2023-01-23 15:00:00+08:00,3.9337522429815786,6.452285306457651
2023-01-23 16:00:00+08:00,2.144857066105424,6.044841309073351
2023-01-23 17:00:00+08:00,0.1625293016415294,4.583361579005576
2023-01-23 18:00:00+08:00,0.0,3.316181132153912
2023-01-23 19:00:00+08:00,0.0,1.77992697519654
2023-01-23 20:00:00+08:00,0.0,0.5879206549297022
2023-01-23 21:00:00+08:00,0.0,0.17381694294275385
2023-01-23 22:00:00+08:00,0.0,0.22009041904100865
2023-01-23 23:00:00+08:00,0.0,1.3243518170898272
2023-01-24 00:00:00+08:00,0.0,3.0937444975038795
2023-01-24 01:00:00+08:00,0.0,2.9202529171847433
2023-01-24 02:00:00+08:00,0.0,1.9171321815354834
2023-01-24 03:00:00+08:00,0.0,1.2537763056711837
2023-01-24 04:00:00+08:00,0.0,1.3484036468729244
2023-01-24 05:00:00+08:00,0.0,1.594823732488922
2023-01-24 06:00:00+08:00,0.0,1.223162642326203
2023-01-24 07:00:00+08:00,0.837264860867393,0.8472402700914611
2023-01-24 08:00:00+08:00,6.352098729478763,1.8281970929246025
2023-01-24 09:00:00+08:00,11.162465836173114,2.36807472435761
2023-01-24 10:00:00+08:00,14.59895417952914,2.189181316637165
2023-01-24 11:00:00+08:00,16.477128003280797,2.071305366901273
2023-01-24 12:00:00+08:00,17.56864730945111,2.071305366901273
2023-01-24 13:00:00+08:00,17.154440341404243,1.8184783862269043
2023-01-24 14:00:00+08:00,15.484441555310111,1.4726784513422637
2023-01-24 15:00:00+08:00,12.595345946600265,1.0147136221352275
2023-01-24 16:00:00+08:00,7.366177610950823,0.3017612363309558
2023-01-24 17:00:00+08:00,0.6473422209233971,0.0
2023-01-24 18:00:00+08:00,0.0,0.0
2023-01-24 19:00:00+08:00,0.0,0.0
2023-01-24 20:00:00+08:00,0.0,0.0
2023-01-24 21:00:00+08:00,0.0,0.07487401142047889
2023-01-24 22:00:00+08:00,0.0,0.18496259999682663
2023-01-24 23:00:00+08:00,0.0,0.24814330199413046
2023-01-25 00:00:00+08:00,0.0,0.2844806220690267
2023-01-25 01:00:00+08:00,0.0,0.33409748520819244
2023-01-25 02:00:00+08:00,0.0,0.3836695046068856
2023-01-25 03:00:00+08:00,0.0,0.46679348443356694
2023-01-25 04:00:00+08:00,0.0,0.5978741445234982
2023-01-25 05:00:00+08:00,0.0,0.7933630713310769
2023-01-25 06:00:00+08:00,0.0,0.9944730145323387
2023-01-25 07:00:00+08:00,0.7862488358108145,1.405560631180195
2023-01-25 08:00:00+08:00,5.88759719190883,2.4026139862089995
2023-01-25 09:00:00+08:00,10.289884531207194,3.8537016954633385
2023-01-25 10:00:00+08:00,13.338243623648083,6.002959490898815
2023-01-25 11:00:00+08:00,15.061735563857697,6.408575432076035
2023-01-25 12:00:00+08:00,14.673613207382246,6.321738048013187
2023-01-25 13:00:00+08:00,13.764174241857685,5.982089917160712
2023-01-25 14:00:00+08:00,11.449151558193545,5.261989907843638
2023-01-25 15:00:00+08:00,7.77719163068948,4.060782814814288
2023-01-25 16:00:00+08:00,3.195712105403676,1.4726784513422637
2023-01-25 17:00:00+08:00,0.13194852173961977,0.582978658398034
2023-01-25 18:00:00+08:00,0.0,0.8230402982230053
2023-01-25 19:00:00+08:00,0.0,1.2692562026335379
2023-01-25 20:00:00+08:00,0.0,1.6399164796609016
2023-01-25 21:00:00+08:00,0.0,1.6127671597695752
2023-01-25 22:00:00+08:00,0.0,1.3484036468729244
2023-01-25 23:00:00+08:00,0.0,1.062892574116328
2023-01-26 00:00:00+08:00,0.0,0.7992478951121773
2023-01-26 01:00:00+08:00,0.0,0.46679348443356694
2023-01-26 02:00:00+08:00,0.0,0.2417804845017715
2023-01-26 03:00:00+08:00,0.0,0.11735722246347136
2023-01-26 04:00:00+08:00,0.0,0.0
2023-01-26 05:00:00+08:00,0.0,0.0
2023-01-26 06:00:00+08:00,0.0,0.0
2023-01-26 07:00:00+08:00,0.11898427298898268,0.0
2023-01-26 08:00:00+08:00,0.6876107914892321,0.010551006399540454
2023-01-26 09:00:00+08:00,1.2324437635010836,0.14457930188707785
2023-01-26 10:00:00+08:00,1.7762778619512531,0.3415014526677879
2023-01-26 11:00:00+08:00,2.114730691372781,0.7816689775844811
2023-01-26 12:00:00+08:00,1.928404989304521,1.308464189121137
2023-01-26 13:00:00+08:00,1.8548978583419438,1.667348112306318
2023-01-26 14:00:00+08:00,2.6549776908125513,1.77992697519654
2023-01-26 15:00:00+08:00,3.0982100040147587,1.6581727765358865
2023-01-26 16:00:00+08:00,2.0478602395173127,0.582978658398034
2023-01-26 17:00:00+08:00,0.14995481105758934,0.18496259999682663
2023-01-26 18:00:00+08:00,0.0,0.19928812443434096
2023-01-26 19:00:00+08:00,0.0,0.17935505024601142
2023-01-26 20:00:00+08:00,0.0,0.12948562896326898
2023-01-26 21:00:00+08:00,0.0,0.07072426632224596
2023-01-26 22:00:00+08:00,0.0,0.017043803135640415
2023-01-26 23:00:00+08:00,0.0,0.004268483990624318
2023-01-27 00:00:00+08:00,0.0,0.0
2023-01-27 01:00:00+08:00,0.0,0.02375033550472131
2023-01-27 02:00:00+08:00,0.0,0.13445094423998236
2023-01-27 03:00:00+08:00,0.0,0.2743430793422245
2023-01-27 04:00:00+08:00,0.0,0.31236281036620384
2023-01-27 05:00:00+08:00,0.0,0.28108231384003596
2023-01-27 06:00:00+08:00,0.0,0.24814330199413046
2023-01-27 07:00:00+08:00,0.7819404447973037,0.18215011777402285
2023-01-27 08:00:00+08:00,5.835338454611373,0.4159032032860611
2023-01-27 09:00:00+08:00,10.202331743183809,0.3267733441135463
2023-01-27 10:00:00+08:00,13.619682693571598,1.6399164796609016
2023-01-27 11:00:00+08:00,15.786313893435727,2.1136930945788737
2023-01-27 12:00:00+08:00,16.334961131546613,2.244130672895887
2023-01-27 13:00:00+08:00,16.162717118385874,2.1243748014488544
2023-01-27 14:00:00+08:00,14.68658949032147,1.8184783862269043
2023-01-27 15:00:00+08:00,11.842683860614345,1.3243518170898272
2023-01-27 16:00:00+08:00,7.1121342624429325,0.2913348909016942
2023-01-27 17:00:00+08:00,0.724400148461345,0.05086250044163042
2023-01-27 18:00:00+08:00,0.0,0.0
2023-01-27 19:00:00+08:00,0.0,0.0
2023-01-27 20:00:00+08:00,0.0,0.0
2023-01-27 21:00:00+08:00,0.0,0.027184834209691398
2023-01-27 22:00:00+08:00,0.0,0.16834784542382925
2023-01-27 23:00:00+08:00,0.0,0.3088093923711731
2023-01-28 00:00:00+08:00,0.0,0.4077193062811163
2023-01-28 01:00:00+08:00,0.0,0.4494868112261699
2023-01-28 02:00:00+08:00,0.0,0.39560070681441095
2023-01-28 03:00:00+08:00,0.0,0.29826639011996303
2023-01-28 04:00:00+08:00,0.0,0.205142129974502
2023-01-28 05:00:00+08:00,0.0,0.12948562896326898
2023-01-28 06:00:00+08:00,0.0,0.06663422874901594
2023-01-28 07:00:00+08:00,0.8396336592403189,0.01870026330506096
2023-01-28 08:00:00+08:00,5.790483175428455,0.005819590664840629
2023-01-28 09:00:00+08:00,10.052302040809245,0.0
2023-01-28 10:00:00+08:00,13.368298267514474,0.07697140949872917
2023-01-28 11:00:00+08:00,15.334415355215619,0.4755770526678879
2023-01-28 12:00:00+08:00,15.361934292942653,0.5070106398650472
2023-01-28 13:00:00+08:00,14.941966315143963,0.4494868112261699
2023-01-28 14:00:00+08:00,13.487578266993372,0.3267733441135463
2023-01-28 15:00:00+08:00,10.503093871657175,0.15235028494080669
2023-01-28 16:00:00+08:00,5.7693582781895465,0.0
2023-01-28 17:00:00+08:00,0.38859344194207895,0.0
2023-01-28 18:00:00+08:00,0.0,0.0
2023-01-28 19:00:00+08:00,0.0,0.14202236138133761
2023-01-28 20:00:00+08:00,0.0,0.3565505973347257
2023-01-28 21:00:00+08:00,0.0,0.5586139950758757
2023-01-28 22:00:00+08:00,0.0,0.7585814910324272
2023-01-28 23:00:00+08:00,0.0,0.9159199774530945
2023-01-29 00:00:00+08:00,0.0,0.9351997481998242
2023-01-29 01:00:00+08:00,0.0,0.8170541230815288
2023-01-29 02:00:00+08:00,0.0,0.6701774334330939
2023-01-29 03:00:00+08:00,0.0,0.4800015839828644
2023-01-29 04:00:00+08:00,0.0,0.30527555238705806
2023-01-29 05:00:00+08:00,0.0,0.23237484570238148
2023-01-29 06:00:00+08:00,0.0,0.19350507566302386
2023-01-29 07:00:00+08:00,0.6088714072439876,0.15235028494080669
2023-01-29 08:00:00+08:00,5.02404695973416,0.10794394896092946
2023-01-29 09:00:00+08:00,9.286249511918038,0.21706474201425452
2023-01-29 10:00:00+08:00,12.34770414321408,0.2545805375611306
2023-01-29 11:00:00+08:00,14.351409193046363,0.4979192858292851
2023-01-29 12:00:00+08:00,14.149098657640137,0.5538097476983584
2023-01-29 13:00:00+08:00,13.902264100156856,0.4159032032860611
2023-01-29 14:00:00+08:00,12.39001469076018,0.2777031509587361
2023-01-29 15:00:00+08:00,9.562628127442407,0.0
2023-01-29 16:00:00+08:00,5.246736583047764,0.008960797786395611
2023-01-29 17:00:00+08:00,0.3061020465008002,0.028922580982444643
2023-01-29 18:00:00+08:00,0.0,0.007383677235796734
2023-01-29 19:00:00+08:00,0.0,0.0
2023-01-29 20:00:00+08:00,0.0,0.012154357158134217
2023-01-29 21:00:00+08:00,0.0,0.06461146507701918
2023-01-29 22:00:00+08:00,0.0,0.14974320958390933
2023-01-29 23:00:00+08:00,0.0,0.2417804845017715
2023-01-30 00:00:00+08:00,0.0,0.3304254634067023
2023-01-30 01:00:00+08:00,0.0,0.42833737649225145
2023-01-30 02:00:00+08:00,0.0,0.5348199063812349
2023-01-30 03:00:00+08:00,0.0,0.6648585872327488
2023-01-30 04:00:00+08:00,0.0,0.8290519464118339
2023-01-30 05:00:00+08:00,0.0,0.9223202113005687
2023-01-30 06:00:00+08:00,0.0,0.9811140326972586
2023-01-30 07:00:00+08:00,0.4518476244924447,1.2770396067273408
2023-01-30 08:00:00+08:00,4.1591512130119,2.4141977418194895
2023-01-30 09:00:00+08:00,7.923024353845204,2.0398691116142276
2023-01-30 10:00:00+08:00,11.01307592126025,2.59223527858484
2023-01-30 11:00:00+08:00,12.998535268789631,3.8380619925361907
2023-01-30 12:00:00+08:00,12.72331275066784,4.3592146536699214
2023-01-30 13:00:00+08:00,12.179702177494097,3.932518648095805
2023-01-30 14:00:00+08:00,10.381924080781204,2.0818515420161297
2023-01-30 15:00:00+08:00,7.405403759782958,0.30527555238705806
2023-01-30 16:00:00+08:00,3.6586038071161955,0.31236281036620384
2023-01-30 17:00:00+08:00,0.17320729198184637,0.4367330080627634
2023-01-30 18:00:00+08:00,0.0,0.4844480188735894
2023-01-30 19:00:00+08:00,0.0,0.5208145166746988
2023-01-30 20:00:00+08:00,0.0,0.6028857457514326
2023-01-30 21:00:00+08:00,0.0,0.7302814852674885
2023-01-30 22:00:00+08:00,0.0,0.7135972071225786
2023-01-30 23:00:00+08:00,0.0,0.6648585872327488
2023-01-31 00:00:00+08:00,0.0,0.6542927169273525
2023-01-31 01:00:00+08:00,0.0,0.5682910128691157
2023-01-31 02:00:00+08:00,0.0,0.5070106398650472
2023-01-31 03:00:00+08:00,0.0,0.4711743708457563
2023-01-31 04:00:00+08:00,0.0,0.3452335064916994
2023-01-31 05:00:00+08:00,0.0,0.23862684732632486
2023-01-31 06:00:00+08:00,0.0,0.17657734332988953
2023-01-31 07:00:00+08:00,0.4322663573425972,0.08121152712801255
2023-01-31 08:00:00+08:00,3.8358001699627873,0.0
2023-01-31 09:00:00+08:00,7.809152375441045,0.007383677235796734
2023-01-31 10:00:00+08:00,10.638112032654643,0.0
2023-01-31 11:00:00+08:00,12.577777185162127,0.0
2023-01-31 12:00:00+08:00,10.998954547973836,0.0
2023-01-31 13:00:00+08:00,10.924821803556435,0.0
2023-01-31 14:00:00+08:00,9.025854170226168,0.0
2023-01-31 15:00:00+08:00,6.519471444012024,0.0
2023-01-31 16:00:00+08:00,3.0874331191519353,0.0
2023-01-31 17:00:00+08:00,0.19564069307408471,0.0
2023-01-31 18:00:00+08:00,0.0,0.027184834209691398
2023-01-31 19:00:00+08:00,0.0,0.08121152712801255
2023-01-31 20:00:00+08:00,0.0,0.08768581849744107
2023-01-31 21:00:00+08:00,0.0,0.10794394896092946
2023-01-31 22:00:00+08:00,0.0,0.19638775749402856
2023-01-31 23:00:00+08:00,0.0,0.5115896319512271
2023-02-01 00:00:00+08:00,0.0,1.6490289170150485
2023-02-01 01:00:00+08:00,0.0,2.8166583422098146
2023-02-01 02:00:00+08:00,0.0,3.0262565609945673
2023-02-01 03:00:00+08:00,0.0,3.653576124194893
2023-02-01 04:00:00+08:00,0.0,4.496286978315991
2023-02-01 05:00:00+08:00,0.0,4.241526083165573
2023-02-01 06:00:00+08:00,0.0,4.04460385126051
2023-02-01 07:00:00+08:00,0.47728987036353354,4.208283684261009
2023-02-01 08:00:00+08:00,4.436697910372049,6.4304060590019105
2023-02-01 09:00:00+08:00,8.165965237984809,10.0
2023-02-01 10:00:00+08:00,11.725964591472065,10.0
2023-02-01 11:00:00+08:00,12.67769550996498,8.922098264346118
2023-02-01 12:00:00+08:00,10.553769982782267,7.881008509408339
2023-02-01 13:00:00+08:00,13.306260591391288,6.651395381082556
2023-02-01 14:00:00+08:00,11.229880333404733,5.397308585343449
2023-02-01 15:00:00+08:00,7.735317151458876,3.9963175807720583
2023-02-01 16:00:00+08:00,3.723731703363391,1.4812041432808714
2023-02-01 17:00:00+08:00,0.30444158596395243,0.37973382865286937
2023-02-01 18:00:00+08:00,0.0,0.3415014526677879
2023-02-01 19:00:00+08:00,0.0,0.25782719732987885
2023-02-01 20:00:00+08:00,0.0,0.2878981297286119
2023-02-01 21:00:00+08:00,0.0,0.2844806220690267
2023-02-01 22:00:00+08:00,0.0,0.04518695946782358
2023-02-01 23:00:00+08:00,0.0,0.0
2023-02-02 00:00:00+08:00,0.0,0.0
2023-02-02 01:00:00+08:00,0.0,0.0
2023-02-02 02:00:00+08:00,0.0,0.0
2023-02-02 03:00:00+08:00,0.0,0.0
2023-02-02 04:00:00+08:00,0.0,0.0
2023-02-02 05:00:00+08:00,0.0,0.0
2023-02-02 06:00:00+08:00,0.0,0.0
2023-02-02 07:00:00+08:00,0.3105824616633286,0.0
2023-02-02 08:00:00+08:00,1.8420324617358836,0.0
2023-02-02 09:00:00+08:00,3.8802698425867947,0.0
2023-02-02 10:00:00+08:00,5.5144997914821,0.0
2023-02-02 11:00:00+08:00,5.615060844454915,0.0
2023-02-02 12:00:00+08:00,5.00269035351128,0.0
2023-02-02 13:00:00+08:00,4.830821883123172,0.0
2023-02-02 14:00:00+08:00,3.8756316416797727,0.0
2023-02-02 15:00:00+08:00,2.424901290788062,0.0
2023-02-02 16:00:00+08:00,1.0338143216509823,0.0
2023-02-02 17:00:00+08:00,0.1113610538631267,0.0
2023-02-02 18:00:00+08:00,0.0,0.0
2023-02-02 19:00:00+08:00,0.0,0.0
2023-02-02 20:00:00+08:00,0.0,0.0
2023-02-02 21:00:00+08:00,0.0,0.0
2023-02-02 22:00:00+08:00,0.0,0.0
2023-02-02 23:00:00+08:00,0.0,0.0
2023-02-03 00:00:00+08:00,0.0,0.034218459976613935
2023-02-03 01:00:00+08:00,0.0,0.04706451054504447
2023-02-03 02:00:00+08:00,0.0,0.03963943272561256
2023-02-03 03:00:00+08:00,0.0,0.041474474641010714
2023-02-03 04:00:00+08:00,0.0,0.05278304742680161
2023-02-03 05:00:00+08:00,0.0,0.07487401142047889
2023-02-03 06:00:00+08:00,0.0,0.10333260628488947
2023-02-03 07:00:00+08:00,0.4105318434504794,0.15235028494080669
2023-02-03 08:00:00+08:00,3.0045363500358047,0.5978741445234982
2023-02-03 09:00:00+08:00,6.60689361940435,1.506963802977499
2023-02-03 10:00:00+08:00,9.376447489044292,2.3338523342353796
2023-02-03 11:00:00+08:00,11.298301039717424,2.568029862370807
2023-02-03 12:00:00+08:00,10.745247024627357,2.4141977418194895
2023-02-03 13:00:00+08:00,10.532678180082101,1.9779019488377352
2023-02-03 14:00:00+08:00,8.714126667729188,1.4221595574902233
2023-02-03 15:00:00+08:00,6.454911423876603,0.5348199063812349
2023-02-03 16:00:00+08:00,2.798511433586075,0.013770904145080145
2023-02-03 17:00:00+08:00,0.22119494741527396,0.0
2023-02-03 18:00:00+08:00,0.0,0.0
2023-02-03 19:00:00+08:00,0.0,0.0
2023-02-03 20:00:00+08:00,0.0,0.0
2023-02-03 21:00:00+08:00,0.0,0.0
2023-02-03 22:00:00+08:00,0.0,0.0
2023-02-03 23:00:00+08:00,0.0,0.0
2023-02-04 00:00:00+08:00,0.0,0.0
2023-02-04 01:00:00+08:00,0.0,0.0
2023-02-04 02:00:00+08:00,0.0,0.0
2023-02-04 03:00:00+08:00,0.0,0.0
2023-02-04 04:00:00+08:00,0.0,0.0
2023-02-04 05:00:00+08:00,0.0,0.0
2023-02-04 06:00:00+08:00,0.0,0.0
2023-02-04 07:00:00+08:00,0.5745058357552754,0.0
2023-02-04 08:00:00+08:00,4.236609282318177,0.0
2023-02-04 09:00:00+08:00,8.180591414425205,0.0
2023-02-04 10:00:00+08:00,11.632552606429249,0.0
2023-02-04 11:00:00+08:00,13.66997988087695,0.0
2023-02-04 12:00:00+08:00,12.52807165990956,0.0
2023-02-04 13:00:00+08:00,12.1411120699748,0.0
2023-02-04 14:00:00+08:00,10.515532021391019,0.0
2023-02-04 15:00:00+08:00,7.640316991724737,0.0
2023-02-04 16:00:00+08:00,4.02358987612314,0.0
2023-02-04 17:00:00+08:00,0.2709633116335107,0.0
2023-02-04 18:00:00+08:00,0.0,0.0
2023-02-04 19:00:00+08:00,0.0,0.0
2023-02-04 20:00:00+08:00,0.0,0.0987842161080372
2023-02-04 21:00:00+08:00,0.0,0.27100204490759766
2023-02-04 22:00:00+08:00,0.0,0.3876258402298792
2023-02-04 23:00:00+08:00,0.0,0.43252453794560025
2023-02-05 00:00:00+08:00,0.0,0.5254605174777975
2023-02-05 01:00:00+08:00,0.0,0.6542927169273525
2023-02-05 02:00:00+08:00,0.0,0.7585814910324272
2023-02-05 03:00:00+08:00,0.0,0.8411518782631591
2023-02-05 04:00:00+08:00,0.0,0.9159199774530945
2023-02-05 05:00:00+08:00,0.0,0.9612766131368469
2023-02-05 06:00:00+08:00,0.0,1.0215146102945414
2023-02-05 07:00:00+08:00,0.4356629527043927,1.3727212400417668
2023-02-05 08:00:00+08:00,3.153997585143545,1.594823732488922
2023-02-05 09:00:00+08:00,6.440845558208945,1.5156113977796541
2023-02-05 10:00:00+08:00,9.175942526313142,3.373350041741312
2023-02-05 11:00:00+08:00,10.80518891650656,3.7759136700620073
2023-02-05 12:00:00+08:00,11.829243465003866,3.8693825554797256
2023-02-05 13:00:00+08:00,11.243745663542875,3.5338276350641307
2023-02-05 14:00:00+08:00,9.373810264862383,2.678098494355917
2023-02-05 15:00:00+08:00,7.187538788395121,1.0420806888081804
2023-02-05 16:00:00+08:00,2.971294834895208,0.20809587674015675
2023-02-05 17:00:00+08:00,0.23083836887213877,0.36805021797565457
2023-02-05 18:00:00+08:00,0.0,0.4036588610696896
2023-02-05 19:00:00+08:00,0.0,0.4241714696198141
2023-02-05 20:00:00+08:00,0.0,0.4711743708457563
2023-02-05 21:00:00+08:00,0.0,0.5115896319512271
2023-02-05 22:00:00+08:00,0.0,0.5208145166746988
2023-02-05 23:00:00+08:00,0.0,0.4755770526678879
2023-02-06 00:00:00+08:00,0.0,0.42833737649225145
2023-02-06 01:00:00+08:00,0.0,0.3876258402298792
2023-02-06 02:00:00+08:00,0.0,0.3452335064916994
2023-02-06 03:00:00+08:00,0.0,0.3017612363309558
2023-02-06 04:00:00+08:00,0.0,0.25782719732987885
2023-02-06 05:00:00+08:00,0.0,0.21706474201425452
2023-02-06 06:00:00+08:00,0.0,0.17381694294275385
2023-02-06 07:00:00+08:00,0.33854535643527356,0.07908389670693931
2023-02-06 08:00:00+08:00,2.1760746637006183,0.028922580982444643
2023-02-06 09:00:00+08:00,4.8705916104920615,0.0
2023-02-06 10:00:00+08:00,7.054696839704733,0.0
2023-02-06 11:00:00+08:00,8.42853095668076,0.0
2023-02-06 12:00:00+08:00,6.85486943871187,0.07908389670693931
2023-02-06 13:00:00+08:00,6.544564514629934,0.22009041904100865
2023-02-06 14:00:00+08:00,5.368667165602984,0.2878981297286119
2023-02-06 15:00:00+08:00,3.4755807561174348,0.13695823664069298
2023-02-06 16:00:00+08:00,1.4606089332349765,0.10105056917551636
2023-02-06 17:00:00+08:00,0.18313428070850785,0.3088093923711731
2023-02-06 18:00:00+08:00,0.0,0.5442695055670139
2023-02-06 19:00:00+08:00,0.0,0.6701774334330939
2023-02-06 20:00:00+08:00,0.0,0.5024538758520344
2023-02-06 21:00:00+08:00,0.0,0.30527555238705806
2023-02-06 22:00:00+08:00,0.0,0.2231342138402953
2023-02-06 23:00:00+08:00,0.0,0.19350507566302386
2023-02-07 00:00:00+08:00,0.0,0.17381694294275385
2023-02-07 01:00:00+08:00,0.0,0.12948562896326898
2023-02-07 02:00:00+08:00,0.0,0.08121152712801255
2023-02-07 03:00:00+08:00,0.0,0.01870026330506096
2023-02-07 04:00:00+08:00,0.0,0.0
2023-02-07 05:00:00+08:00,0.0,0.0
2023-02-07 06:00:00+08:00,0.0,0.0
2023-02-07 07:00:00+08:00,0.2541844910415406,0.0
2023-02-07 08:00:00+08:00,1.4382413135846648,0.0
2023-02-07 09:00:00+08:00,3.406728645473145,0.0
2023-02-07 10:00:00+08:00,5.120273942566294,0.0
2023-02-07 11:00:00+08:00,6.707038316470879,0.04895633950867902
2023-02-07 12:00:00+08:00,4.902731025746527,0.17107379500170156
2023-02-07 13:00:00+08:00,4.455741227621945,0.17935505024601142
2023-02-07 14:00:00+08:00,3.753525307668216,0.18496259999682663
2023-02-07 15:00:00+08:00,2.630884384705293,0.19064002485842413
2023-02-07 16:00:00+08:00,1.1829088600843238,0.0
2023-02-07 17:00:00+08:00,0.17075235822241505,0.005819590664840629
2023-02-07 18:00:00+08:00,0.0,0.01540070144328111
2023-02-07 19:00:00+08:00,0.0,0.001204994000798528
2023-02-07 20:00:00+08:00,0.0,0.0
2023-02-07 21:00:00+08:00,0.0,0.0
2023-02-07 22:00:00+08:00,0.0,0.0
2023-02-07 23:00:00+08:00,0.0,0.0
2023-02-08 00:00:00+08:00,0.0,0.0
2023-02-08 01:00:00+08:00,0.0,0.0
2023-02-08 02:00:00+08:00,0.0,0.04518695946782358
2023-02-08 03:00:00+08:00,0.0,0.0987842161080372
2023-02-08 04:00:00+08:00,0.0,0.14974320958390933
2023-02-08 05:00:00+08:00,0.0,0.22619618049501763
2023-02-08 06:00:00+08:00,0.0,0.39560070681441095
2023-02-08 07:00:00+08:00,0.29178564301633664,0.9877800840133821
2023-02-08 08:00:00+08:00,1.690896086124232,1.1052596060696824
2023-02-08 09:00:00+08:00,4.564036231005689,1.541738064056598
2023-02-08 10:00:00+08:00,7.532555318619882,1.667348112306318
2023-02-08 11:00:00+08:00,8.471865725382054,1.380886415348428
2023-02-08 12:00:00+08:00,10.500821117081923,1.2537763056711837
2023-02-08 13:00:00+08:00,10.356617830239601,1.0981292530305977
2023-02-08 14:00:00+08:00,7.143274016017308,0.9612766131368469
2023-02-08 15:00:00+08:00,4.856957336857493,0.941679159417412
2023-02-08 16:00:00+08:00,1.9697344196632927,0.23237484570238148
2023-02-08 17:00:00+08:00,0.2869659734397291,0.17657734332988953
2023-02-08 18:00:00+08:00,0.0,0.16027264604026287
2023-02-08 19:00:00+08:00,0.0,0.15497418008056274
2023-02-08 20:00:00+08:00,0.0,0.12458564583347895
2023-02-08 21:00:00+08:00,0.0,0.0987842161080372
2023-02-08 22:00:00+08:00,0.0,0.08335435484485185
2023-02-08 23:00:00+08:00,0.0,0.06867181113645714
2023-02-09 00:00:00+08:00,0.0,0.05086250044163042
2023-02-09 01:00:00+08:00,0.0,0.041474474641010714
2023-02-09 02:00:00+08:00,0.0,0.01870026330506096
2023-02-09 03:00:00+08:00,0.0,0.0
2023-02-09 04:00:00+08:00,0.0,0.0
2023-02-09 05:00:00+08:00,0.0,0.0
2023-02-09 06:00:00+08:00,0.0,0.02205347540669832
2023-02-09 07:00:00+08:00,0.14706333388757906,0.07697140949872917
2023-02-09 08:00:00+08:00,0.6870305875037068,0.16294732502601303
2023-02-09 09:00:00+08:00,1.7532118452544996,0.25135259047684894
2023-02-09 10:00:00+08:00,2.212754555640711,0.13948202432684378
2023-02-09 11:00:00+08:00,2.066866637926233,0.03601147947631726
2023-02-09 12:00:00+08:00,2.398280357944531,0.0
2023-02-09 13:00:00+08:00,2.406228069512365,0.0
2023-02-09 14:00:00+08:00,1.6946467455104595,0.0
2023-02-09 15:00:00+08:00,1.5728113241765902,0.0
2023-02-09 16:00:00+08:00,0.8824602341489266,0.0
2023-02-09 17:00:00+08:00,0.07515060247517634,0.0
2023-02-09 18:00:00+08:00,0.0,0.0
2023-02-09 19:00:00+08:00,0.0,0.0
2023-02-09 20:00:00+08:00,0.0,0.0
2023-02-09 21:00:00+08:00,0.0,0.0
2023-02-09 22:00:00+08:00,0.0,0.0
2023-02-09 23:00:00+08:00,0.0,0.0
2023-02-10 00:00:00+08:00,0.0,0.0
2023-02-10 01:00:00+08:00,0.0,0.0
2023-02-10 02:00:00+08:00,0.0,0.0
2023-02-10 03:00:00+08:00,0.0,0.0
2023-02-10 04:00:00+08:00,0.0,0.0
2023-02-10 05:00:00+08:00,0.0,0.0
2023-02-10 06:00:00+08:00,0.0,0.0
2023-02-10 07:00:00+08:00,0.20862636753656225,0.0
2023-02-10 08:00:00+08:00,2.063714732647227,0.0
2023-02-10 09:00:00+08:00,4.389987870290963,0.0
2023-02-10 10:00:00+08:00,6.75937262203474,0.0
2023-02-10 11:00:00+08:00,8.701716018400235,0.0
2023-02-10 12:00:00+08:00,9.31946705429996,0.054718034547095874
2023-02-10 13:00:00+08:00,9.500642961165363,0.10794394896092946
2023-02-10 14:00:00+08:00,8.685705603296023,0.08551243394036041
2023-02-10 15:00:00+08:00,5.920279079431321,0.15497418008056274
2023-02-10 16:00:00+08:00,2.557887311410973,0.010551006399540454
2023-02-10 17:00:00+08:00,0.29596141795147995,0.0
2023-02-10 18:00:00+08:00,0.0,0.0
2023-02-10 19:00:00+08:00,0.0,0.0
2023-02-10 20:00:00+08:00,0.0,0.0
2023-02-10 21:00:00+08:00,0.0,0.01540070144328111
2023-02-10 22:00:00+08:00,0.0,0.058631545524665506
2023-02-10 23:00:00+08:00,0.0,0.07908389670693931
2023-02-11 00:00:00+08:00,0.0,0.07908389670693931
2023-02-11 01:00:00+08:00,0.0,0.08551243394036041
2023-02-11 02:00:00+08:00,0.0,0.10794394896092946
2023-02-11 03:00:00+08:00,0.0,0.12948562896326898
2023-02-11 04:00:00+08:00,0.0,0.12702749792146
2023-02-11 05:00:00+08:00,0.0,0.15761494908608034
2023-02-11 06:00:00+08:00,0.0,0.22927637308807858
2023-02-11 07:00:00+08:00,0.38483996529449715,0.3415014526677879
2023-02-11 08:00:00+08:00,1.918623068983986,0.6971329382274081
2023-02-11 09:00:00+08:00,3.9515165337736002,1.0698847453380382
2023-02-11 10:00:00+08:00,6.207897605479125,0.9811140326972586
2023-02-11 11:00:00+08:00,7.242841146327255,0.4200267632453852
2023-02-11 12:00:00+08:00,4.330514466636517,0.10105056917551636
2023-02-11 13:00:00+08:00,3.47003118143674,0.0
2023-02-11 14:00:00+08:00,2.472920467162112,0.0
2023-02-11 15:00:00+08:00,2.4178376630530316,0.0
2023-02-11 16:00:00+08:00,1.0745705150167655,0.0
2023-02-11 17:00:00+08:00,0.16370943595847617,0.0
2023-02-11 18:00:00+08:00,0.0,0.0
2023-02-11 19:00:00+08:00,0.0,0.013770904145080145
2023-02-11 20:00:00+08:00,0.0,0.03963943272561256
2023-02-11 21:00:00+08:00,0.0,0.0965334929995487
2023-02-11 22:00:00+08:00,0.0,0.05086250044163042
2023-02-11 23:00:00+08:00,0.0,0.0
2023-02-12 00:00:00+08:00,0.0,0.0
2023-02-12 01:00:00+08:00,0.0,0.0
2023-02-12 02:00:00+08:00,0.0,0.0
2023-02-12 03:00:00+08:00,0.0,0.058631545524665506
2023-02-12 04:00:00+08:00,0.0,0.06260346603756395
2023-02-12 05:00:00+08:00,0.0,0.0
2023-02-12 06:00:00+08:00,0.0,0.0
2023-02-12 07:00:00+08:00,0.16130067255434596,0.0
2023-02-12 08:00:00+08:00,0.6228575917933219,0.0
2023-02-12 09:00:00+08:00,1.2192375945594678,0.04332363219411342
2023-02-12 10:00:00+08:00,1.5709166010349198,0.22927637308807858
2023-02-12 11:00:00+08:00,1.8582853979268736,0.5490282692230389
2023-02-12 12:00:00+08:00,1.7900904277540735,0.9877800840133821
2023-02-12 13:00:00+08:00,1.4387762742868317,1.789516423755872
2023-02-12 14:00:00+08:00,0.9289739459931068,1.8281970929246025
2023-02-12 15:00:00+08:00,0.6095317091837316,2.568029862370807
2023-02-12 16:00:00+08:00,0.300715853535463,2.842332650071562
2023-02-12 17:00:00+08:00,0.05531544982619252,3.0262565609945673
2023-02-12 18:00:00+08:00,0.0,4.689288407065386
2023-02-12 19:00:00+08:00,0.0,5.128902582759195
2023-02-12 20:00:00+08:00,0.0,4.796794239563591
2023-02-12 21:00:00+08:00,0.0,3.791389285461201
2023-02-12 22:00:00+08:00,0.0,3.0396777832372774
2023-02-12 23:00:00+08:00,0.0,2.8941295048958016
2023-02-13 00:00:00+08:00,0.0,2.8811241260948894
2023-02-13 01:00:00+08:00,0.0,3.1759959939104045
2023-02-13 02:00:00+08:00,0.0,3.1759959939104045
2023-02-13 03:00:00+08:00,0.0,2.842332650071562
2023-02-13 04:00:00+08:00,0.0,2.189181316637165
2023-02-13 05:00:00+08:00,0.0,1.88719267059124
2023-02-13 06:00:00+08:00,0.0,1.380886415348428
2023-02-13 07:00:00+08:00,0.7608217741907315,1.630835410390543
2023-02-13 08:00:00+08:00,4.812147384290869,3.287832154320232
2023-02-13 09:00:00+08:00,9.075788702455483,5.09128487699528
2023-02-13 10:00:00+08:00,12.931989243367347,5.377840029209696
2023-02-13 11:00:00+08:00,14.746784829308863,5.755646703870725
2023-02-13 12:00:00+08:00,14.58334762126178,5.735343378127895
2023-02-13 13:00:00+08:00,14.541372011910045,5.715086888179132
2023-02-13 14:00:00+08:00,13.300089458327603,5.4756425145546705
2023-02-13 15:00:00+08:00,10.308118106590047,4.796794239563591
2023-02-13 16:00:00+08:00,5.926512250162992,2.959720483579503
2023-02-13 17:00:00+08:00,0.7487380459844121,0.6595636997584692
2023-02-13 18:00:00+08:00,0.0,0.39560070681441095
2023-02-13 19:00:00+08:00,0.0,0.2545805375611306
2023-02-13 20:00:00+08:00,0.0,0.10563038151905942
2023-02-13 21:00:00+08:00,0.0,0.0
2023-02-13 22:00:00+08:00,0.0,0.0
2023-02-13 23:00:00+08:00,0.0,0.0
2023-02-14 00:00:00+08:00,0.0,0.0
2023-02-14 01:00:00+08:00,0.0,0.0
2023-02-14 02:00:00+08:00,0.0,0.0
2023-02-14 03:00:00+08:00,0.0,0.0
2023-02-14 04:00:00+08:00,0.0,0.0
2023-02-14 05:00:00+08:00,0.0,0.0
2023-02-14 06:00:00+08:00,0.0,0.0
2023-02-14 07:00:00+08:00,1.0175176314104424,0.0
2023-02-14 08:00:00+08:00,4.7341487173245715,0.0
2023-02-14 09:00:00+08:00,9.22286940281642,0.0
2023-02-14 10:00:00+08:00,12.872789065450737,0.0
2023-02-14 11:00:00+08:00,15.330848821931564,0.0
2023-02-14 12:00:00+08:00,14.364509173364644,0.0
2023-02-14 13:00:00+08:00,8.50490348134506,0.0
2023-02-14 14:00:00+08:00,4.2685270505759405,0.0
2023-02-14 15:00:00+08:00,3.088238149083476,0.0
2023-02-14 16:00:00+08:00,1.7225073343761519,0.0
2023-02-14 17:00:00+08:00,0.4938250328060367,0.12702749792146
2023-02-14 18:00:00+08:00,0.0,0.33409748520819244
2023-02-14 19:00:00+08:00,0.0,0.6595636997584692
2023-02-14 20:00:00+08:00,0.0,0.8968767653244457
2023-02-14 21:00:00+08:00,0.0,0.70259667252511
2023-02-14 22:00:00+08:00,0.0,0.5586139950758757
2023-02-14 23:00:00+08:00,0.0,0.4889164114229659
2023-02-15 00:00:00+08:00,0.0,0.28108231384003596
2023-02-15 01:00:00+08:00,0.0,0.13695823664069298
2023-02-15 02:00:00+08:00,0.0,0.13948202432684378
2023-02-15 03:00:00+08:00,0.0,0.14715289992696734
2023-02-15 04:00:00+08:00,0.0,0.14457930188707785
2023-02-15 05:00:00+08:00,0.0,0.13196009304180864
2023-02-15 06:00:00+08:00,0.0,0.10105056917551636
2023-02-15 07:00:00+08:00,1.2642911441192521,0.2231342138402953
2023-02-15 08:00:00+08:00,5.994076600255421,0.29826639011996303
2023-02-15 09:00:00+08:00,10.030441585696721,0.02546077041141802
2023-02-15 10:00:00+08:00,13.247239662156726,0.0
2023-02-15 11:00:00+08:00,15.302625833133932,0.0
2023-02-15 12:00:00+08:00,15.527995325490188,0.0
2023-02-15 13:00:00+08:00,15.113733681730062,0.0
2023-02-15 14:00:00+08:00,13.335863709993912,0.0
2023-02-15 15:00:00+08:00,9.569784042383835,0.0
2023-02-15 16:00:00+08:00,5.615163168769009,0.0
2023-02-15 17:00:00+08:00,0.71367073810054,0.0
2023-02-15 18:00:00+08:00,0.0,0.060610177547747036
2023-02-15 19:00:00+08:00,0.0,0.15761494908608034
2023-02-15 20:00:00+08:00,0.0,0.19064002485842413
2023-02-15 21:00:00+08:00,0.0,0.18496259999682663
2023-02-15 22:00:00+08:00,0.0,0.17107379500170156
2023-02-15 23:00:00+08:00,0.0,0.17107379500170156
2023-02-16 00:00:00+08:00,0.0,0.19638775749402856
2023-02-16 01:00:00+08:00,0.0,0.264376871252387
2023-02-16 02:00:00+08:00,0.0,0.3916028896047531
2023-02-16 03:00:00+08:00,0.0,0.6282944795175941
2023-02-16 04:00:00+08:00,0.0,0.8968767653244457
2023-02-16 05:00:00+08:00,0.0,1.1052596060696824
2023-02-16 06:00:00+08:00,0.0,1.2770396067273408
2023-02-16 07:00:00+08:00,0.5653068856725885,1.7230641568129506
2023-02-16 08:00:00+08:00,3.7434768456386687,1.6127671597695752
2023-02-16 09:00:00+08:00,7.058325930090034,2.4258169217314984
2023-02-16 10:00:00+08:00,8.493575068091262,3.358998809897199
2023-02-16 11:00:00+08:00,10.324076766000502,3.2316029892567895
2023-02-16 12:00:00+08:00,9.638785869404133,3.05313713392666
2023-02-16 13:00:00+08:00,9.00962965488813,2.972951874832395
2023-02-16 14:00:00+08:00,8.031018940870663,2.5081476045219535
2023-02-16 15:00:00+08:00,5.235173578892758,1.594823732488922
2023-02-16 16:00:00+08:00,2.3405260220514985,0.2417804845017715
2023-02-16 17:00:00+08:00,0.34594988741979804,0.2878981297286119
2023-02-16 18:00:00+08:00,0.0,0.3267733441135463
2023-02-16 19:00:00+08:00,0.0,0.3836695046068856
2023-02-16 20:00:00+08:00,0.0,0.49340681571389705
2023-02-16 21:00:00+08:00,0.0,0.5490282692230389
2023-02-16 22:00:00+08:00,0.0,0.5490282692230389
2023-02-16 23:00:00+08:00,0.0,0.5115896319512271
2023-02-17 00:00:00+08:00,0.0,0.4241714696198141
2023-02-17 01:00:00+08:00,0.0,0.3836695046068856
2023-02-17 02:00:00+08:00,0.0,0.3489856791555575
2023-02-17 03:00:00+08:00,0.0,0.3231410732458217
2023-02-17 04:00:00+08:00,0.0,0.3267733441135463
2023-02-17 05:00:00+08:00,0.0,0.3719242394201571
2023-02-17 06:00:00+08:00,0.0,0.5208145166746988
2023-02-17 07:00:00+08:00,0.527929329616896,0.7135972071225786
2023-02-17 08:00:00+08:00,1.826497223801802,0.7933630713310769
2023-02-17 09:00:00+08:00,3.4860500871026048,0.5634410654384938
2023-02-17 10:00:00+08:00,4.67866550808596,0.7643159102600569
2023-02-17 11:00:00+08:00,8.285359272019628,0.9944730145323387
2023-02-17 12:00:00+08:00,9.006625598916282,1.1268176731916564
2023-02-17 13:00:00+08:00,8.64863028182075,1.0283427480712037
2023-02-17 14:00:00+08:00,7.349313373525649,0.7875034501828128
2023-02-17 15:00:00+08:00,4.855557252184429,0.4241714696198141
2023-02-17 16:00:00+08:00,2.0833140415176206,0.0
2023-02-17 17:00:00+08:00,0.3508936090777191,0.005819590664840629
2023-02-17 18:00:00+08:00,0.0,0.0
2023-02-17 19:00:00+08:00,0.0,0.0
2023-02-17 20:00:00+08:00,0.0,0.01540070144328111
2023-02-17 21:00:00+08:00,0.0,0.09429834576714802
2023-02-17 22:00:00+08:00,0.0,0.12702749792146
2023-02-17 23:00:00+08:00,0.0,0.11261867679938187
2023-02-18 00:00:00+08:00,0.0,0.11735722246347136
2023-02-18 01:00:00+08:00,0.0,0.0965334929995487
2023-02-18 02:00:00+08:00,0.0,0.01540070144328111
2023-02-18 03:00:00+08:00,0.0,0.0
2023-02-18 04:00:00+08:00,0.0,0.0
2023-02-18 05:00:00+08:00,0.0,0.0
2023-02-18 06:00:00+08:00,0.0,0.012154357158134217
2023-02-18 07:00:00+08:00,0.16088121224439586,0.0
2023-02-18 08:00:00+08:00,0.7636442476281454,0.14457930188707785
2023-02-18 09:00:00+08:00,1.362595420940789,0.13196009304180864
2023-02-18 10:00:00+08:00,1.3447420454839483,0.2610926238659966
2023-02-18 11:00:00+08:00,1.6464014090421586,0.39560070681441095
2023-02-18 12:00:00+08:00,2.2703201762432546,0.5115896319512271
2023-02-18 13:00:00+08:00,3.0371600408129806,0.5879206549297022
2023-02-18 14:00:00+08:00,3.03395962363734,0.6916934871531896
2023-02-18 15:00:00+08:00,2.172141648640257,0.9877800840133821
2023-02-18 16:00:00+08:00,1.0681352850801806,0.3159358604550535
2023-02-18 17:00:00+08:00,0.22648741735272926,0.3916028896047531
2023-02-18 18:00:00+08:00,0.0,1.3005642904540948
2023-02-18 19:00:00+08:00,0.0,4.325375990758878
2023-02-18 20:00:00+08:00,0.0,5.3004238868637765
2023-02-18 21:00:00+08:00,0.0,4.832982426033237
2023-02-18 22:00:00+08:00,0.0,4.39322465121793
2023-02-18 23:00:00+08:00,0.0,3.1073569028089847
2023-02-19 00:00:00+08:00,0.0,1.6037798702531607
2023-02-19 01:00:00+08:00,0.0,1.200503555463281
2023-02-19 02:00:00+08:00,0.0,0.6595636997584692
2023-02-19 03:00:00+08:00,0.0,0.11975056218738764
2023-02-19 04:00:00+08:00,0.0,0.058631545524665506
2023-02-19 05:00:00+08:00,0.0,0.0
2023-02-19 06:00:00+08:00,0.0,0.0
2023-02-19 07:00:00+08:00,1.7333563458193664,0.0
2023-02-19 08:00:00+08:00,6.541390722029287,0.013770904145080145
2023-02-19 09:00:00+08:00,10.759422948348261,0.21106752494673162
2023-02-19 10:00:00+08:00,13.964690356346653,0.4800015839828644
2023-02-19 11:00:00+08:00,15.947364700740122,0.7933630713310769
2023-02-19 12:00:00+08:00,16.2639106242359,1.119603762067309
2023-02-19 13:00:00+08:00,15.834314917032014,1.3727212400417668
2023-02-19 14:00:00+08:00,14.336866936921489,1.430504017620602
2023-02-19 15:00:00+08:00,11.634210245183871,1.2080280106171266
2023-02-19 16:00:00+08:00,7.677810944475926,0.23237484570238148
2023-02-19 17:00:00+08:00,1.69701224571641,0.0
2023-02-19 18:00:00+08:00,0.0,0.0
2023-02-19 19:00:00+08:00,0.0,0.0
2023-02-19 20:00:00+08:00,0.0,0.0
2023-02-19 21:00:00+08:00,0.0,0.034218459976613935
2023-02-19 22:00:00+08:00,0.0,0.11735722246347136
2023-02-19 23:00:00+08:00,0.0,0.17107379500170156
2023-02-20 00:00:00+08:00,0.0,0.18215011777402285
2023-02-20 01:00:00+08:00,0.0,0.08768581849744107
2023-02-20 02:00:00+08:00,0.0,0.0
2023-02-20 03:00:00+08:00,0.0,0.0
2023-02-20 04:00:00+08:00,0.0,0.004268483990624318
2023-02-20 05:00:00+08:00,0.0,0.0965334929995487
2023-02-20 06:00:00+08:00,0.0,0.17657734332988953
2023-02-20 07:00:00+08:00,1.5269278372121426,0.8170541230815288
2023-02-20 08:00:00+08:00,6.063904995771948,1.2384119297898142
2023-02-20 09:00:00+08:00,10.199342583394047,2.379552531560962
2023-02-20 10:00:00+08:00,13.340869759228298,1.937256447800026
2023-02-20 11:00:00+08:00,15.654382428754346,1.4812041432808714
2023-02-20 12:00:00+08:00,16.266727525938983,1.524289603504953
2023-02-20 13:00:00+08:00,16.036333657671545,1.9271778193823146
2023-02-20 14:00:00+08:00,14.670833506137496,2.3910656008171247
2023-02-20 15:00:00+08:00,11.043100692028645,2.4141977418194895
2023-02-20 16:00:00+08:00,6.194275029197696,1.3564799098869178
2023-02-20 17:00:00+08:00,1.394922541141432,0.49340681571389705
2023-02-20 18:00:00+08:00,0.0,1.119603762067309
2023-02-20 19:00:00+08:00,0.0,2.1030453517720265
2023-02-20 20:00:00+08:00,0.0,2.0607929395179383
2023-02-20 21:00:00+08:00,0.0,1.6765549784092462
2023-02-20 22:00:00+08:00,0.0,1.3005642904540948
2023-02-20 23:00:00+08:00,0.0,1.223162642326203
2023-02-21 00:00:00+08:00,0.0,1.1781009838096783
2023-02-21 01:00:00+08:00,0.0,1.0769044447574165
2023-02-21 02:00:00+08:00,0.0,0.8594941759678609
2023-02-21 03:00:00+08:00,0.0,0.5978741445234982
2023-02-21 04:00:00+08:00,0.0,0.44521409062014494
2023-02-21 05:00:00+08:00,0.0,0.2878981297286119
2023-02-21 06:00:00+08:00,0.0,0.13948202432684378
2023-02-21 07:00:00+08:00,1.5106631160049269,0.24814330199413046
2023-02-21 08:00:00+08:00,5.594397621295737,0.8718512720233423
2023-02-21 09:00:00+08:00,9.915709617116054,0.6648585872327488
2023-02-21 10:00:00+08:00,13.692359952497085,0.21106752494673162
2023-02-21 11:00:00+08:00,15.362960418547942,0.0
2023-02-21 12:00:00+08:00,16.007729478937097,0.0
2023-02-21 13:00:00+08:00,15.907456111874968,0.0
2023-02-21 14:00:00+08:00,14.348058941512878,0.0
2023-02-21 15:00:00+08:00,10.848408111447238,0.0
2023-02-21 16:00:00+08:00,6.147251109320401,0.0
2023-02-21 17:00:00+08:00,1.1403965222986896,0.0
2023-02-21 18:00:00+08:00,0.0,0.0
2023-02-21 19:00:00+08:00,0.0,0.0
2023-02-21 20:00:00+08:00,0.0,0.041474474641010714
2023-02-21 21:00:00+08:00,0.0,0.10563038151905942
2023-02-21 22:00:00+08:00,0.0,0.13695823664069298
2023-02-21 23:00:00+08:00,0.0,0.16027264604026287
2023-02-22 00:00:00+08:00,0.0,0.2610926238659966
2023-02-22 01:00:00+08:00,0.0,0.3565505973347257
2023-02-22 02:00:00+08:00,0.0,0.5301289626856752
2023-02-22 03:00:00+08:00,0.0,0.5586139950758757
2023-02-22 04:00:00+08:00,0.0,0.8051579756090176
2023-02-22 05:00:00+08:00,0.0,0.948185071257509
2023-02-22 06:00:00+08:00,0.0,1.0698847453380382
2023-02-22 07:00:00+08:00,0.7444332125792288,1.594823732488922
2023-02-22 08:00:00+08:00,2.450888549909833,1.8281970929246025
2023-02-22 09:00:00+08:00,4.380490980836725,2.9071724172314513
2023-02-22 10:00:00+08:00,5.934212556304731,2.972951874832395
2023-02-22 11:00:00+08:00,11.563058523667872,2.972951874832395
2023-02-22 12:00:00+08:00,7.888580062969292,2.604392312968002
2023-02-22 13:00:00+08:00,5.6111320989725275,2.200102286270383
2023-02-22 14:00:00+08:00,4.51809131842146,1.8087920751881514
2023-02-22 15:00:00+08:00,3.9365262479492373,1.2926935965547157
2023-02-22 16:00:00+08:00,2.791298128604429,0.4409628409266438
2023-02-22 17:00:00+08:00,0.6282908870485328,0.18496259999682663
2023-02-22 18:00:00+08:00,0.0,0.23237484570238148
2023-02-22 19:00:00+08:00,0.0,0.3452335064916994
2023-02-22 20:00:00+08:00,0.0,0.46679348443356694
2023-02-22 21:00:00+08:00,0.0,0.6231657888044864
2023-02-22 22:00:00+08:00,0.0,0.7816689775844811
2023-02-22 23:00:00+08:00,0.0,0.8411518782631591
2023-02-23 00:00:00+08:00,0.0,0.7191341155881517
2023-02-23 01:00:00+08:00,0.0,0.6180606241542194
2023-02-23 02:00:00+08:00,0.0,0.5070106398650472
2023-02-23 03:00:00+08:00,0.0,0.33409748520819244
2023-02-23 04:00:00+08:00,0.0,0.20809587674015675
2023-02-23 05:00:00+08:00,0.0,0.15761494908608034
2023-02-23 06:00:00+08:00,0.0,0.16294732502601303
2023-02-23 07:00:00+08:00,1.0148791926376957,0.6648585872327488
2023-02-23 08:00:00+08:00,4.1195669374966615,0.6542927169273525
2023-02-23 09:00:00+08:00,7.680507552985344,0.6334467503764458
2023-02-23 10:00:00+08:00,10.66596058756705,0.6231657888044864
2023-02-23 11:00:00+08:00,12.113599996222472,0.6028857457514326
2023-02-23 12:00:00+08:00,12.802392963645906,0.5538097476983584
2023-02-23 13:00:00+08:00,12.364402522499152,0.43252453794560025
2023-02-23 14:00:00+08:00,10.149104899677047,0.26767999357195305
2023-02-23 15:00:00+08:00,6.745300972214185,0.11975056218738764
2023-02-23 16:00:00+08:00,3.5320732625834785,0.0
2023-02-23 17:00:00+08:00,0.5679844013302678,0.0
2023-02-23 18:00:00+08:00,0.0,0.002730303130244606
2023-02-23 19:00:00+08:00,0.0,0.02375033550472131
2023-02-23 20:00:00+08:00,0.0,0.07279164838928559
2023-02-23 21:00:00+08:00,0.0,0.12948562896326898
2023-02-23 22:00:00+08:00,0.0,0.16563904012623423
2023-02-23 23:00:00+08:00,0.0,0.20809587674015675
2023-02-24 00:00:00+08:00,0.0,0.18496259999682663
2023-02-24 01:00:00+08:00,0.0,0.11735722246347136
2023-02-24 02:00:00+08:00,0.0,0.058631545524665506
2023-02-24 03:00:00+08:00,0.0,0.010551006399540454
2023-02-24 04:00:00+08:00,0.0,0.0
2023-02-24 05:00:00+08:00,0.0,0.0
2023-02-24 06:00:00+08:00,0.0,0.0
2023-02-24 07:00:00+08:00,0.535046566820751,0.15761494908608034
2023-02-24 08:00:00+08:00,2.225415512201694,1.3005642904540948
2023-02-24 09:00:00+08:00,4.3497622855798435,2.3225150344142347
2023-02-24 10:00:00+08:00,5.499818375456931,2.3338523342353796
2023-02-24 11:00:00+08:00,8.295300782926567,2.3112127262313837
2023-02-24 12:00:00+08:00,9.01402508707189,2.59223527858484
2023-02-24 13:00:00+08:00,8.815440598407877,3.134696964085666
2023-02-24 14:00:00+08:00,6.461881409268915,3.8851046266682654
2023-02-24 15:00:00+08:00,4.55062365403044,4.191726032219853
2023-02-24 16:00:00+08:00,2.5306371232648592,3.5338276350641307
2023-02-24 17:00:00+08:00,0.4985866082287521,1.732461340651826
2023-02-24 18:00:00+08:00,0.0,1.0698847453380382
2023-02-24 19:00:00+08:00,0.0,1.1052596060696824
2023-02-24 20:00:00+08:00,0.0,0.8843119909211284
2023-02-24 21:00:00+08:00,0.0,0.5978741445234982
2023-02-24 22:00:00+08:00,0.0,0.31236281036620384
2023-02-24 23:00:00+08:00,0.0,0.22927637308807858
2023-02-25 00:00:00+08:00,0.0,0.2231342138402953
2023-02-25 01:00:00+08:00,0.0,0.21106752494673162
2023-02-25 02:00:00+08:00,0.0,0.16834784542382925
2023-02-25 03:00:00+08:00,0.0,0.10563038151905942
2023-02-25 04:00:00+08:00,0.0,0.027184834209691398
2023-02-25 05:00:00+08:00,0.0,0.0
2023-02-25 06:00:00+08:00,0.0,0.0
2023-02-25 07:00:00+08:00,2.01793973515291,0.0
2023-02-25 08:00:00+08:00,6.704092229084622,0.0
2023-02-25 09:00:00+08:00,11.068632318968389,0.02546077041141802
2023-02-25 10:00:00+08:00,14.14737713604256,0.25782719732987885
2023-02-25 11:00:00+08:00,16.254390776248652,0.5070106398650472
2023-02-25 12:00:00+08:00,16.839586800283243,0.70259667252511
2023-02-25 13:00:00+08:00,16.54772593000583,0.7933630713310769
2023-02-25 14:00:00+08:00,14.937725468910696,0.7528719499402164
2023-02-25 15:00:00+08:00,12.33862365648962,0.607920656710596
2023-02-25 16:00:00+08:00,8.348276261464223,0.19638775749402856
2023-02-25 17:00:00+08:00,2.6187906821082616,0.0
2023-02-25 18:00:00+08:00,0.0,0.0
2023-02-25 19:00:00+08:00,0.0,0.0
2023-02-25 20:00:00+08:00,0.0,0.0
2023-02-25 21:00:00+08:00,0.0,0.0
2023-02-25 22:00:00+08:00,0.0,0.0
2023-02-25 23:00:00+08:00,0.0,0.0
2023-02-26 00:00:00+08:00,0.0,0.0
2023-02-26 01:00:00+08:00,0.0,0.01540070144328111
2023-02-26 02:00:00+08:00,0.0,0.03601147947631726
2023-02-26 03:00:00+08:00,0.0,0.04895633950867902
2023-02-26 04:00:00+08:00,0.0,0.06461146507701918
2023-02-26 05:00:00+08:00,0.0,0.07908389670693931
2023-02-26 06:00:00+08:00,0.0,0.08987456259899727
2023-02-26 07:00:00+08:00,1.7884406833124367,0.10563038151905942
2023-02-26 08:00:00+08:00,6.266476134445416,0.360363451015842
2023-02-26 09:00:00+08:00,10.405664624305002,0.3836695046068856
2023-02-26 10:00:00+08:00,13.500352806099972,0.4800015839828644
2023-02-26 11:00:00+08:00,15.645192998746367,0.5161909061934763
2023-02-26 12:00:00+08:00,15.114437375517289,0.5254605174777975
2023-02-26 13:00:00+08:00,14.790183751240013,0.5115896319512271
2023-02-26 14:00:00+08:00,13.088708034036696,0.4537810568276215
2023-02-26 15:00:00+08:00,10.139837639176328,0.3565505973347257
2023-02-26 16:00:00+08:00,6.134094444377967,0.02546077041141802
2023-02-26 17:00:00+08:00,1.2906399123674728,0.07279164838928559
2023-02-26 18:00:00+08:00,0.0,0.17381694294275385
2023-02-26 19:00:00+08:00,0.0,0.264376871252387
2023-02-26 20:00:00+08:00,0.0,0.3489856791555575
2023-02-26 21:00:00+08:00,0.0,0.4118007356589392
2023-02-26 22:00:00+08:00,0.0,0.4494868112261699
2023-02-26 23:00:00+08:00,0.0,0.4844480188735894
2023-02-27 00:00:00+08:00,0.0,0.5208145166746988
2023-02-27 01:00:00+08:00,0.0,0.6028857457514326
2023-02-27 02:00:00+08:00,0.0,0.7302814852674885
2023-02-27 03:00:00+08:00,0.0,0.8905813441431448
2023-02-27 04:00:00+08:00,0.0,1.0079397295103574
2023-02-27 05:00:00+08:00,0.0,1.0910266445207935
2023-02-27 06:00:00+08:00,0.0,1.1413294321059346
2023-02-27 07:00:00+08:00,1.1193471789212908,1.937256447800026
2023-02-27 08:00:00+08:00,3.7463147928060634,1.6490289170150485
2023-02-27 09:00:00+08:00,7.250416084002812,2.568029862370807
2023-02-27 10:00:00+08:00,10.075234357065971,4.191726032219853
2023-02-27 11:00:00+08:00,11.942279755927364,4.3592146536699214
2023-02-27 12:00:00+08:00,11.620013113490744,4.653804596325485
2023-02-27 13:00:00+08:00,11.176343678255572,4.760782796021217
2023-02-27 14:00:00+08:00,9.560830407027842,4.600906893022821
2023-02-27 15:00:00+08:00,7.048987724577711,4.093266376505701
2023-02-27 16:00:00+08:00,4.407247141692825,2.299945355603925
2023-02-27 17:00:00+08:00,0.846093529291446,0.5634410654384938
2023-02-27 18:00:00+08:00,0.0,0.7135972071225786
2023-02-27 19:00:00+08:00,0.0,0.9744748065010632
2023-02-27 20:00:00+08:00,0.0,1.2460797046368277
2023-02-27 21:00:00+08:00,0.0,1.4726784513422637
2023-02-27 22:00:00+08:00,0.0,1.8379482493641501
2023-02-27 23:00:00+08:00,0.0,2.1782946896474047
2023-02-28 00:00:00+08:00,0.0,2.3452246797777216
2023-02-28 01:00:00+08:00,0.0,2.520052125830624
2023-02-28 02:00:00+08:00,0.0,2.616585636979133
2023-02-28 03:00:00+08:00,0.0,2.604392312968002
2023-02-28 04:00:00+08:00,0.0,2.4844460787159384
2023-02-28 05:00:00+08:00,0.0,2.299945355603925
2023-02-28 06:00:00+08:00,0.0,1.8971396612228495
2023-02-28 07:00:00+08:00,1.1024001223339777,1.88719267059124
2023-02-28 08:00:00+08:00,3.8867423983602003,1.0981292530305977
2023-02-28 09:00:00+08:00,6.431298876765417,0.9223202113005687
2023-02-28 10:00:00+08:00,8.311027607348757,0.7585814910324272
2023-02-28 11:00:00+08:00,10.598897884367005,0.3304254634067023
2023-02-28 12:00:00+08:00,8.432311291648634,0.16027264604026287
2023-02-28 13:00:00+08:00,7.593867947126398,0.2231342138402953
2023-02-28 14:00:00+08:00,4.951660105432989,0.4800015839828644
2023-02-28 15:00:00+08:00,3.8759376416104026,0.8170541230815288
2023-02-28 16:00:00+08:00,1.8697259765109273,0.5682910128691157
2023-02-28 17:00:00+08:00,0.415869755981857,0.4036588610696896
2023-02-28 18:00:00+08:00,0.0,0.7700752617060064
2023-02-28 19:00:00+08:00,0.0,1.035198089548115
2023-02-28 20:00:00+08:00,0.0,0.7358920546470589
2023-02-28 21:00:00+08:00,0.0,0.37973382865286937
2023-02-28 22:00:00+08:00,0.0,0.21706474201425452
2023-02-28 23:00:00+08:00,0.0,0.16027264604026287
2023-03-01 00:00:00+08:00,0.0,0.13445094423998236
2023-03-01 01:00:00+08:00,0.0,0.12216001861642253
2023-03-01 02:00:00+08:00,0.0,0.13695823664069298
2023-03-01 03:00:00+08:00,0.0,0.17107379500170156
2023-03-01 04:00:00+08:00,0.0,0.20809587674015675
2023-03-01 05:00:00+08:00,0.0,0.18779255099732609
2023-03-01 06:00:00+08:00,0.0,0.12702749792146
2023-03-01 07:00:00+08:00,1.4678493531462362,0.17381694294275385
2023-03-01 08:00:00+08:00,6.354524389126968,0.13948202432684378
2023-03-01 09:00:00+08:00,10.359134379686264,0.25782719732987885
2023-03-01 10:00:00+08:00,13.337090271102026,1.789516423755872
2023-03-01 11:00:00+08:00,14.927109943922558,2.653383887609365
2023-03-01 12:00:00+08:00,15.022303409428524,3.301987065226156
2023-03-01 13:00:00+08:00,14.771255916391631,3.8380619925361907
2023-03-01 14:00:00+08:00,13.537381737788511,4.1752106730089
2023-03-01 15:00:00+08:00,10.978366519658257,4.291708229821573
2023-03-01 16:00:00+08:00,7.268394044762444,2.946526896275867
2023-03-01 17:00:00+08:00,2.222509115810815,0.5634410654384938
2023-03-01 18:00:00+08:00,0.0,0.5442695055670139
2023-03-01 19:00:00+08:00,0.0,0.5928857989438889
2023-03-01 20:00:00+08:00,0.0,0.5586139950758757
2023-03-01 21:00:00+08:00,0.0,0.5208145166746988
2023-03-01 22:00:00+08:00,0.0,0.4889164114229659
2023-03-01 23:00:00+08:00,0.0,0.4200267632453852
2023-03-02 00:00:00+08:00,0.0,0.35275802474226525
2023-03-02 01:00:00+08:00,0.0,0.3231410732458217
2023-03-02 02:00:00+08:00,0.0,0.33778946360092
2023-03-02 03:00:00+08:00,0.0,0.37973382865286937
2023-03-02 04:00:00+08:00,0.0,0.4367330080627634
2023-03-02 05:00:00+08:00,0.0,0.4800015839828644
2023-03-02 06:00:00+08:00,0.0,0.4624343393484166
2023-03-02 07:00:00+08:00,2.1432190990503805,0.9547175378030198
2023-03-02 08:00:00+08:00,6.599162245386099,0.7933630713310769
2023-03-02 09:00:00+08:00,10.649053939770411,0.878068651575496
2023-03-02 10:00:00+08:00,13.60185830874919,1.200503555463281
2023-03-02 11:00:00+08:00,15.534705907673604,1.5329984742362994
2023-03-02 12:00:00+08:00,15.375447500476222,2.029457602928045
2023-03-02 13:00:00+08:00,14.966355034964876,2.379552531560962
2023-03-02 14:00:00+08:00,13.312831410543458,2.3225150344142347
2023-03-02 15:00:00+08:00,10.423756559693954,1.8184783862269043
2023-03-02 16:00:00+08:00,6.643889942540602,0.3719242394201571
2023-03-02 17:00:00+08:00,1.7254637436750675,0.21106752494673162
2023-03-02 18:00:00+08:00,0.0,0.3996193459417554
2023-03-02 19:00:00+08:00,0.0,0.5538097476983584
2023-03-02 20:00:00+08:00,0.0,0.7191341155881517
2023-03-02 21:00:00+08:00,0.0,0.9095460278965173
2023-03-02 22:00:00+08:00,0.0,1.1124177577209524
2023-03-02 23:00:00+08:00,0.0,1.3005642904540948
2023-03-03 00:00:00+08:00,0.0,1.524289603504953
2023-03-03 01:00:00+08:00,0.0,1.550508427048749
2023-03-03 02:00:00+08:00,0.0,1.667348112306318
2023-03-03 03:00:00+08:00,0.0,1.6127671597695752
2023-03-03 04:00:00+08:00,0.0,1.550508427048749
2023-03-03 05:00:00+08:00,0.0,1.3403569131240132
2023-03-03 06:00:00+08:00,0.0,1.4812041432808714
2023-03-03 07:00:00+08:00,1.040901196177449,2.029457602928045
2023-03-03 08:00:00+08:00,2.764575479405466,1.630835410390543
2023-03-03 09:00:00+08:00,4.535314667620541,1.3163933466387472
2023-03-03 10:00:00+08:00,5.639408160913046,1.8281970929246025
2023-03-03 11:00:00+08:00,7.932575713170606,1.7991381057254416
2023-03-03 12:00:00+08:00,7.614342082661903,1.4388785478450947
2023-03-03 13:00:00+08:00,9.155013383058447,0.948185071257509
2023-03-03 14:00:00+08:00,7.480830366784786,0.4889164114229659
2023-03-03 15:00:00+08:00,6.57712245907241,0.24814330199413046
2023-03-03 16:00:00+08:00,3.5432389341159305,0.0
2023-03-03 17:00:00+08:00,0.7511231289985242,0.0
2023-03-03 18:00:00+08:00,0.0,0.0
2023-03-03 19:00:00+08:00,0.0,0.0
2023-03-03 20:00:00+08:00,0.0,0.0
2023-03-03 21:00:00+08:00,0.0,0.12702749792146
2023-03-03 22:00:00+08:00,0.0,0.2777031509587361
2023-03-03 23:00:00+08:00,0.0,0.3489856791555575
2023-03-04 00:00:00+08:00,0.0,0.3565505973347257
2023-03-04 01:00:00+08:00,0.0,0.3231410732458217
2023-03-04 02:00:00+08:00,0.0,0.264376871252387
2023-03-04 03:00:00+08:00,0.0,0.19638775749402856
2023-03-04 04:00:00+08:00,0.0,0.13445094423998236
2023-03-04 05:00:00+08:00,0.0,0.08987456259899727
2023-03-04 06:00:00+08:00,0.0,0.060610177547747036
2023-03-04 07:00:00+08:00,1.456305639120269,0.001204994000798528
2023-03-04 08:00:00+08:00,4.399228052936203,0.08551243394036041
2023-03-04 09:00:00+08:00,7.587705224206636,0.013770904145080145
2023-03-04 10:00:00+08:00,8.987327289454296,0.0
2023-03-04 11:00:00+08:00,9.802880920269011,0.0
2023-03-04 12:00:00+08:00,8.06133314548328,0.0
2023-03-04 13:00:00+08:00,8.460071439400632,0.002730303130244606
2023-03-04 14:00:00+08:00,6.2552485550150285,0.0
2023-03-04 15:00:00+08:00,5.143993216616357,0.0
2023-03-04 16:00:00+08:00,2.86228470512033,0.0
2023-03-04 17:00:00+08:00,0.621968514332671,0.0
2023-03-04 18:00:00+08:00,0.0,0.0
2023-03-04 19:00:00+08:00,0.0,0.0
2023-03-04 20:00:00+08:00,0.0,0.0
2023-03-04 21:00:00+08:00,0.0,0.002730303130244606
2023-03-04 22:00:00+08:00,0.0,0.03601147947631726
2023-03-04 23:00:00+08:00,0.0,0.060610177547747036
2023-03-05 00:00:00+08:00,0.0,0.10105056917551636
2023-03-05 01:00:00+08:00,0.0,0.14974320958390933
2023-03-05 02:00:00+08:00,0.0,0.18496259999682663
2023-03-05 03:00:00+08:00,0.0,0.21405712867712992
2023-03-05 04:00:00+08:00,0.0,0.22927637308807858
2023-03-05 05:00:00+08:00,0.0,0.25135259047684894
2023-03-05 06:00:00+08:00,0.07532892429760049,0.2878981297286119
2023-03-05 07:00:00+08:00,1.3474375820050928,0.18496259999682663
2023-03-05 08:00:00+08:00,4.47830665809515,0.6438222488629927
2023-03-05 09:00:00+08:00,6.8922782545276835,0.4036588610696896
2023-03-05 10:00:00+08:00,9.555421223777765,0.5161909061934763
2023-03-05 11:00:00+08:00,11.344381713517844,0.5395334026473801
2023-03-05 12:00:00+08:00,10.420889284639536,0.5115896319512271
2023-03-05 13:00:00+08:00,10.066940078662906,0.5115896319512271
2023-03-05 14:00:00+08:00,8.582956491973231,0.5348199063812349
2023-03-05 15:00:00+08:00,6.1508818863925665,0.4889164114229659
2023-03-05 16:00:00+08:00,3.9040358307886063,0.03963943272561256
2023-03-05 17:00:00+08:00,0.910399989549192,0.18779255099732609
2023-03-05 18:00:00+08:00,0.0,0.43252453794560025
2023-03-05 19:00:00+08:00,0.0,0.6490455846564944
2023-03-05 20:00:00+08:00,0.0,0.8843119909211284
2023-03-05 21:00:00+08:00,0.0,1.223162642326203
2023-03-05 22:00:00+08:00,0.0,1.585898692393955
2023-03-05 23:00:00+08:00,0.0,1.7136988278039913
2023-03-06 00:00:00+08:00,0.0,1.7136988278039913
2023-03-06 01:00:00+08:00,0.0,1.6857934289275749
2023-03-06 02:00:00+08:00,0.0,1.7513514891509339
2023-03-06 03:00:00+08:00,0.0,1.8379482493641501
2023-03-06 04:00:00+08:00,0.0,1.8575481278004073
2023-03-06 05:00:00+08:00,0.0,1.7608445619769741
2023-03-06 06:00:00+08:00,0.08385347997532479,1.506963802977499
2023-03-06 07:00:00+08:00,1.4061210443924017,1.9575128926797014
2023-03-06 08:00:00+08:00,4.475009686552892,1.2692562026335379
2023-03-06 09:00:00+08:00,6.781253997470434,0.9159199774530945
2023-03-06 10:00:00+08:00,9.359524294763897,0.9678623513418942
2023-03-06 11:00:00+08:00,11.010147014623845,0.7358920546470589
2023-03-06 12:00:00+08:00,10.121472752901102,0.3758187582849275
2023-03-06 13:00:00+08:00,9.88851255093268,0.13695823664069298
2023-03-06 14:00:00+08:00,8.420547633039478,0.058631545524665506
2023-03-06 15:00:00+08:00,6.121565998586175,0.03243933978300283
2023-03-06 16:00:00+08:00,4.1538111625375125,0.0
2023-03-06 17:00:00+08:00,0.8824676961054001,0.04895633950867902
2023-03-06 18:00:00+08:00,0.0,0.15235028494080669
2023-03-06 19:00:00+08:00,0.0,0.21706474201425452
2023-03-06 20:00:00+08:00,0.0,0.2610926238659966
2023-03-06 21:00:00+08:00,0.0,0.29826639011996303
2023-03-06 22:00:00+08:00,0.0,0.33409748520819244
2023-03-06 23:00:00+08:00,0.0,0.3489856791555575
2023-03-07 00:00:00+08:00,0.0,0.3489856791555575
2023-03-07 01:00:00+08:00,0.0,0.35275802474226525
2023-03-07 02:00:00+08:00,0.0,0.3641966398685174
2023-03-07 03:00:00+08:00,0.0,0.3916028896047531
2023-03-07 04:00:00+08:00,0.0,0.4118007356589392
2023-03-07 05:00:00+08:00,0.0,0.4367330080627634
2023-03-07 06:00:00+08:00,0.10585449216311633,0.4624343393484166
2023-03-07 07:00:00+08:00,1.6019012197831184,0.33778946360092
2023-03-07 08:00:00+08:00,4.285033666483677,0.9351997481998242
2023-03-07 09:00:00+08:00,7.329495197493866,0.6129789314838905
2023-03-07 10:00:00+08:00,9.760061953882099,0.6916934871531896
2023-03-07 11:00:00+08:00,11.256794778389644,1.3890813362517838
2023-03-07 12:00:00+08:00,10.871627308580724,1.847731909628451
2023-03-07 13:00:00+08:00,10.376705719656536,1.9473681208715212
2023-03-07 14:00:00+08:00,8.183507843458395,1.7136988278039913
2023-03-07 15:00:00+08:00,5.7977314631766195,1.0420806888081804
2023-03-07 16:00:00+08:00,3.9365539792271655,0.05666751588541606
2023-03-07 17:00:00+08:00,0.7926039182993184,0.08121152712801255
2023-03-07 18:00:00+08:00,0.0,0.12458564583347895
2023-03-07 19:00:00+08:00,0.0,0.19928812443434096
2023-03-07 20:00:00+08:00,0.0,0.33778946360092
2023-03-07 21:00:00+08:00,0.0,0.4711743708457563
2023-03-07 22:00:00+08:00,0.0,0.582978658398034
2023-03-07 23:00:00+08:00,0.0,0.6971329382274081
2023-03-08 00:00:00+08:00,0.0,0.8718512720233423
2023-03-08 01:00:00+08:00,0.0,1.048990599934302
2023-03-08 02:00:00+08:00,0.0,0.9031983085479357
2023-03-08 03:00:00+08:00,0.0,0.5490282692230389
2023-03-08 04:00:00+08:00,0.0,0.3231410732458217
2023-03-08 05:00:00+08:00,0.0,0.2777031509587361
2023-03-08 06:00:00+08:00,0.1343425130267332,0.3017612363309558
2023-03-08 07:00:00+08:00,1.5974363789782877,0.9031983085479357
2023-03-08 08:00:00+08:00,4.976481004707372,1.594823732488922
2023-03-08 09:00:00+08:00,8.33006752950608,1.9271778193823146
2023-03-08 10:00:00+08:00,11.074166579733465,2.5559813723741303
2023-03-08 11:00:00+08:00,13.005145555256648,3.5338276350641307
2023-03-08 12:00:00+08:00,10.26173631357078,4.410294035688056
2023-03-08 13:00:00+08:00,10.624027181305454,4.565859801725306
2023-03-08 14:00:00+08:00,9.458823977751802,3.578431671096224
2023-03-08 15:00:00+08:00,7.06792912712242,2.299945355603925
2023-03-08 16:00:00+08:00,4.020678843840932,1.0839517264573684
2023-03-08 17:00:00+08:00,1.0081389462223485,0.13695823664069298
2023-03-08 18:00:00+08:00,0.0,0.15761494908608034
2023-03-08 19:00:00+08:00,0.0,0.11027336269340253
2023-03-08 20:00:00+08:00,0.0,0.03601147947631726
2023-03-08 21:00:00+08:00,0.0,0.0
2023-03-08 22:00:00+08:00,0.0,0.012154357158134217
2023-03-08 23:00:00+08:00,0.0,0.15761494908608034
2023-03-09 00:00:00+08:00,0.0,0.2231342138402953
2023-03-09 01:00:00+08:00,0.0,0.2545805375611306
2023-03-09 02:00:00+08:00,0.0,0.3017612363309558
2023-03-09 03:00:00+08:00,0.0,0.37973382865286937
2023-03-09 04:00:00+08:00,0.0,0.4159032032860611
2023-03-09 05:00:00+08:00,0.0,0.4755770526678879
2023-03-09 06:00:00+08:00,0.15312537010741406,0.5208145166746988
2023-03-09 07:00:00+08:00,2.0009566543883577,1.2537763056711837
2023-03-09 08:00:00+08:00,5.65929383702738,1.3163933466387472
2023-03-09 09:00:00+08:00,9.273170491781508,1.0769044447574165
2023-03-09 10:00:00+08:00,12.015567823013743,1.430504017620602
2023-03-09 11:00:00+08:00,13.753477604753664,1.630835410390543
2023-03-09 12:00:00+08:00,12.275195218962708,2.135090526464875
2023-03-09 13:00:00+08:00,11.228778292495118,2.2330717918598095
2023-03-09 14:00:00+08:00,10.40927581723866,1.9473681208715212
2023-03-09 15:00:00+08:00,8.049627584833708,1.119603762067309
2023-03-09 16:00:00+08:00,4.69855167005413,0.11497994536177038
2023-03-09 17:00:00+08:00,1.1738751481624425,0.3231410732458217
2023-03-09 18:00:00+08:00,0.0,0.6438222488629927
2023-03-09 19:00:00+08:00,0.0,0.8230402982230053
2023-03-09 20:00:00+08:00,0.0,1.048990599934302
2023-03-09 21:00:00+08:00,0.0,1.3403569131240132
2023-03-09 22:00:00+08:00,0.0,1.524289603504953
2023-03-09 23:00:00+08:00,0.0,1.3005642904540948
2023-03-10 00:00:00+08:00,0.0,1.0215146102945414
2023-03-10 01:00:00+08:00,0.0,0.9159199774530945
2023-03-10 02:00:00+08:00,0.0,0.8594941759678609
2023-03-10 03:00:00+08:00,0.0,0.8230402982230053
2023-03-10 04:00:00+08:00,0.0,0.8230402982230053
2023-03-10 05:00:00+08:00,0.0,0.9031983085479357
2023-03-10 06:00:00+08:00,0.15436489646927382,1.119603762067309
2023-03-10 07:00:00+08:00,2.1295851165656687,2.520052125830624
2023-03-10 08:00:00+08:00,5.671984792150099,2.765755802270943
2023-03-10 09:00:00+08:00,9.09426126838078,2.616585636979133
2023-03-10 10:00:00+08:00,11.503297168119575,3.822463392615391
2023-03-10 11:00:00+08:00,13.082017262431314,4.814866212891052
2023-03-10 12:00:00+08:00,13.216433448817353,5.837329446440804
2023-03-10 13:00:00+08:00,12.770149680905186,5.674714199332207
2023-03-10 14:00:00+08:00,9.48816606561931,4.565859801725306
2023-03-10 15:00:00+08:00,6.849362105797517,2.379552531560962
2023-03-10 16:00:00+08:00,3.627628275550553,0.6490455846564944
2023-03-10 17:00:00+08:00,0.9062312491877683,0.573163891450644
2023-03-10 18:00:00+08:00,0.0,0.7875034501828128
2023-03-10 19:00:00+08:00,0.0,0.7415272858304355
2023-03-10 20:00:00+08:00,0.0,0.5538097476983584
2023-03-10 21:00:00+08:00,0.0,0.3489856791555575
2023-03-10 22:00:00+08:00,0.0,0.15235028494080669
2023-03-10 23:00:00+08:00,0.0,0.0
2023-03-11 00:00:00+08:00,0.0,0.0
2023-03-11 01:00:00+08:00,0.0,0.0
2023-03-11 02:00:00+08:00,0.0,0.46679348443356694
2023-03-11 03:00:00+08:00,0.0,1.9171321815354834
2023-03-11 04:00:00+08:00,0.0,6.786345258252431
2023-03-11 05:00:00+08:00,0.0,9.588107798974505
2023-03-11 06:00:00+08:00,0.11612645343811272,10.0
2023-03-11 07:00:00+08:00,1.3223705419431346,10.0
2023-03-11 08:00:00+08:00,3.6543189304983805,10.0
2023-03-11 09:00:00+08:00,5.287134276719298,10.0
2023-03-11 10:00:00+08:00,7.278861261159361,10.0
2023-03-11 11:00:00+08:00,8.439759398838811,10.0
2023-03-11 12:00:00+08:00,7.08898169820942,10.0
2023-03-11 13:00:00+08:00,5.574416351263837,10.0
2023-03-11 14:00:00+08:00,4.250876954014805,10.0
2023-03-11 15:00:00+08:00,3.0164290638986553,10.0
2023-03-11 16:00:00+08:00,1.7543452332312437,8.261486194431528
2023-03-11 17:00:00+08:00,0.47956958563524704,5.242841252081613
2023-03-11 18:00:00+08:00,0.0,3.7759136700620073
2023-03-11 19:00:00+08:00,0.0,3.2037219367005765
2023-03-11 20:00:00+08:00,0.0,2.580114479746743
2023-03-11 21:00:00+08:00,0.0,1.5329984742362994
2023-03-11 22:00:00+08:00,0.0,0.3017612363309558
2023-03-11 23:00:00+08:00,0.0,0.0
2023-03-12 00:00:00+08:00,0.0,0.0
2023-03-12 01:00:00+08:00,0.0,1.1052596060696824
2023-03-12 02:00:00+08:00,0.0,1.8184783862269043
2023-03-12 03:00:00+08:00,0.0,2.266352328224862
2023-03-12 04:00:00+08:00,0.0,3.653576124194893
2023-03-12 05:00:00+08:00,0.0,5.654597892268232
2023-03-12 06:00:00+08:00,0.18588827668034882,4.998028059654361
2023-03-12 07:00:00+08:00,2.499606182138262,5.674714199332207
2023-03-12 08:00:00+08:00,6.932488104808427,10.0
2023-03-12 09:00:00+08:00,11.142472632091744,8.521724831351547
2023-03-12 10:00:00+08:00,14.502676658402265,6.192931393721522
2023-03-12 11:00:00+08:00,16.470751335314667,4.961039175804581
2023-03-12 12:00:00+08:00,16.83243783411473,4.308520774584958
2023-03-12 13:00:00+08:00,16.721478636484918,3.5190397378605307
2023-03-12 14:00:00+08:00,15.238837122303055,2.496278940178025
2023-03-12 15:00:00+08:00,12.678933648525042,1.550508427048749
2023-03-12 16:00:00+08:00,9.012777893905955,0.686278265219552
2023-03-12 17:00:00+08:00,3.6222227808133787,0.0
2023-03-12 18:00:00+08:00,0.0,0.0
2023-03-12 19:00:00+08:00,0.0,0.0
2023-03-12 20:00:00+08:00,0.0,0.034218459976613935
2023-03-12 21:00:00+08:00,0.0,0.20809587674015675
2023-03-12 22:00:00+08:00,0.0,0.4200267632453852
2023-03-12 23:00:00+08:00,0.0,0.7135972071225786
2023-03-13 00:00:00+08:00,0.0,1.430504017620602
2023-03-13 01:00:00+08:00,0.0,2.59223527858484
2023-03-13 02:00:00+08:00,0.0,2.946526896275867
2023-03-13 03:00:00+08:00,0.0,2.616585636979133
2023-03-13 04:00:00+08:00,0.0,2.5439689556738103
2023-03-13 05:00:00+08:00,0.0,2.4491617707916866
2023-03-13 06:00:00+08:00,0.1842180199433609,2.715445145623404
2023-03-13 07:00:00+08:00,2.7265244762468415,3.729731927581198
2023-03-13 08:00:00+08:00,6.970945325036583,4.778766451967948
2023-03-13 09:00:00+08:00,10.639332062482932,5.147779147435812
2023-03-13 10:00:00+08:00,12.940536435086388,5.261989907843638
2023-03-13 11:00:00+08:00,13.80677798842434,7.756790311710894
2023-03-13 12:00:00+08:00,13.869001895439858,10.0
2023-03-13 13:00:00+08:00,13.170528762788049,10.0
2023-03-13 14:00:00+08:00,12.018305923354522,10.0
2023-03-13 15:00:00+08:00,10.071117601725414,10.0
2023-03-13 16:00:00+08:00,6.334978223583771,8.416992496316842
2023-03-13 17:00:00+08:00,2.0311517327449176,4.832982426033237
2023-03-13 18:00:00+08:00,0.0,3.8537016954633385
2023-03-13 19:00:00+08:00,0.0,4.291708229821573
2023-03-13 20:00:00+08:00,0.0,5.654597892268232
2023-03-13 21:00:00+08:00,0.0,6.108021524324524
2023-03-13 22:00:00+08:00,0.0,6.023876603508726
2023-03-13 23:00:00+08:00,0.0,5.4756425145546705
2023-03-14 00:00:00+08:00,0.0,5.016589645503429
2023-03-14 01:00:00+08:00,0.0,4.778766451967948
2023-03-14 02:00:00+08:00,0.0,3.900867963111856
2023-03-14 03:00:00+08:00,0.0,4.0123712883222975
2023-03-14 04:00:00+08:00,0.0,4.689288407065386
2023-03-14 05:00:00+08:00,0.0,5.281184101410058
2023-03-14 06:00:00+08:00,0.19998344743375174,5.69487717994154
2023-03-14 07:00:00+08:00,2.272005771533941,6.343374733648608
2023-03-14 08:00:00+08:00,5.735602325877181,6.47421322852617
2023-03-14 09:00:00+08:00,9.125719087181842,7.367944910909001
2023-03-14 10:00:00+08:00,11.733338456281457,6.278609673005508
2023-03-14 11:00:00+08:00,13.332199816192416,5.899085929268338
2023-03-14 12:00:00+08:00,13.389107668859397,5.534877165694389
2023-03-14 13:00:00+08:00,12.6555831015296,4.291708229821573
2023-03-14 14:00:00+08:00,11.26383431606074,2.653383887609365
2023-03-14 15:00:00+08:00,8.33276907088593,1.2848520533400993
2023-03-14 16:00:00+08:00,4.796218279074693,0.07908389670693931
2023-03-14 17:00:00+08:00,1.3335593802712564,0.05666751588541606
2023-03-14 18:00:00+08:00,0.0,0.2417804845017715
2023-03-14 19:00:00+08:00,0.0,0.4979192858292851
2023-03-14 20:00:00+08:00,0.0,1.2384119297898142
2023-03-14 21:00:00+08:00,0.0,3.217643047216475
2023-03-14 22:00:00+08:00,0.0,2.959720483579503
2023-03-14 23:00:00+08:00,0.0,3.316181132153912
2023-03-15 00:00:00+08:00,0.0,4.583361579005576
2023-03-15 01:00:00+08:00,0.0,5.899085929268338
2023-03-15 02:00:00+08:00,0.0,6.5182153128331395
2023-03-15 03:00:00+08:00,0.0,6.629076115127332
2023-03-15 04:00:00+08:00,0.0,6.214278789908356
2023-03-15 05:00:00+08:00,0.0,4.724947662742892
2023-03-15 06:00:00+08:00,0.22426690560321563,3.5635235475990736
2023-03-15 07:00:00+08:00,1.5456098211014693,3.5338276350641307
2023-03-15 08:00:00+08:00,3.6899676777632107,7.756790311710894
2023-03-15 09:00:00+08:00,5.15130263266847,8.44309578075202
2023-03-15 10:00:00+08:00,7.0083263513317045,6.321738048013187
2023-03-15 11:00:00+08:00,9.143380303528543,4.998028059654361
2023-03-15 12:00:00+08:00,8.989072956676736,3.8537016954633385
2023-03-15 13:00:00+08:00,14.863292924187327,2.868156226745816
2023-03-15 14:00:00+08:00,13.926457048497499,2.1136930945788737
2023-03-15 15:00:00+08:00,11.347273060829037,1.550508427048749
2023-03-15 16:00:00+08:00,7.156169285070107,1.0215146102945414
2023-03-15 17:00:00+08:00,2.627434879155111,0.13196009304180864
2023-03-15 18:00:00+08:00,0.0,0.15761494908608034
2023-03-15 19:00:00+08:00,0.0,0.23237484570238148
2023-03-15 20:00:00+08:00,0.0,0.3017612363309558
2023-03-15 21:00:00+08:00,0.0,0.3565505973347257
2023-03-15 22:00:00+08:00,0.0,0.3304254634067023
2023-03-15 23:00:00+08:00,0.0,0.24495261803007246
2023-03-16 00:00:00+08:00,0.0,0.19638775749402856
2023-03-16 01:00:00+08:00,0.0,0.14202236138133761
2023-03-16 02:00:00+08:00,0.0,0.08121152712801255
2023-03-16 03:00:00+08:00,0.0,0.04706451054504447
2023-03-16 04:00:00+08:00,0.0,0.04518695946782358
2023-03-16 05:00:00+08:00,0.0,0.03963943272561256
2023-03-16 06:00:00+08:00,0.16637774560648164,0.0306740648125807
2023-03-16 07:00:00+08:00,1.0319566768813129,0.0
2023-03-16 08:00:00+08:00,2.259466729319735,0.06867181113645714
2023-03-16 09:00:00+08:00,2.8922144410330244,0.0
2023-03-16 10:00:00+08:00,4.324982500428737,0.0965334929995487
2023-03-16 11:00:00+08:00,4.842622373835709,0.19350507566302386
2023-03-16 12:00:00+08:00,4.666491194101154,0.23237484570238148
2023-03-16 13:00:00+08:00,3.830721936504205,0.16834784542382925
2023-03-16 14:00:00+08:00,3.7378866827925425,0.07908389670693931
2023-03-16 15:00:00+08:00,2.877950845829821,0.0
2023-03-16 16:00:00+08:00,1.8101274159857266,0.0
2023-03-16 17:00:00+08:00,0.7317563446286872,0.0
2023-03-16 18:00:00+08:00,0.0,0.0
2023-03-16 19:00:00+08:00,0.0,0.0
2023-03-16 20:00:00+08:00,0.0,0.0
2023-03-16 21:00:00+08:00,0.0,0.0
2023-03-16 22:00:00+08:00,0.0,0.0
2023-03-16 23:00:00+08:00,0.0,0.0
2023-03-17 00:00:00+08:00,0.0,0.0
2023-03-17 01:00:00+08:00,0.0,0.0
2023-03-17 02:00:00+08:00,0.0,0.0
2023-03-17 03:00:00+08:00,0.0,0.0
2023-03-17 04:00:00+08:00,0.0,0.0
2023-03-17 05:00:00+08:00,0.0,0.0
2023-03-17 06:00:00+08:00,0.1350890216055402,0.0
2023-03-17 07:00:00+08:00,1.2240418116208944,0.0
2023-03-17 08:00:00+08:00,2.707956740872945,0.0
2023-03-17 09:00:00+08:00,4.647354742892144,0.0
2023-03-17 10:00:00+08:00,6.426824170589885,0.0
2023-03-17 11:00:00+08:00,7.479434949088507,0.0
2023-03-17 12:00:00+08:00,7.674363110778653,0.0
2023-03-17 13:00:00+08:00,8.415441149338605,0.0
2023-03-17 14:00:00+08:00,7.441401253397956,0.0
2023-03-17 15:00:00+08:00,5.251412170459269,0.0
2023-03-17 16:00:00+08:00,3.071518054263012,0.0
2023-03-17 17:00:00+08:00,1.0937631882332863,0.0
2023-03-17 18:00:00+08:00,0.0,0.0
2023-03-17 19:00:00+08:00,0.0,0.0
2023-03-17 20:00:00+08:00,0.0,0.0
2023-03-17 21:00:00+08:00,0.0,0.0
2023-03-17 22:00:00+08:00,0.0,0.0
2023-03-17 23:00:00+08:00,0.0,0.0
2023-03-18 00:00:00+08:00,0.0,0.0
2023-03-18 01:00:00+08:00,0.0,0.0
2023-03-18 02:00:00+08:00,0.0,0.0
2023-03-18 03:00:00+08:00,0.0,0.0
2023-03-18 04:00:00+08:00,0.0,0.0
2023-03-18 05:00:00+08:00,0.0,0.0
2023-03-18 06:00:00+08:00,0.21434288853588815,0.0
2023-03-18 07:00:00+08:00,1.9151113953568066,0.0
2023-03-18 08:00:00+08:00,4.035771641033063,0.0
2023-03-18 09:00:00+08:00,7.364269228288018,0.08768581849744107
2023-03-18 10:00:00+08:00,10.841435639634822,0.11261867679938187
2023-03-18 11:00:00+08:00,11.925353492898134,0.15761494908608034
2023-03-18 12:00:00+08:00,10.980146936467005,0.21405712867712992
2023-03-18 13:00:00+08:00,10.949119836262723,0.31236281036620384
2023-03-18 14:00:00+08:00,9.20412067414785,0.33409748520819244
2023-03-18 15:00:00+08:00,6.542537284319554,0.22927637308807858
2023-03-18 16:00:00+08:00,3.8910477583050462,0.08987456259899727
2023-03-18 17:00:00+08:00,1.4086911815799958,0.0
2023-03-18 18:00:00+08:00,0.0,0.0
2023-03-18 19:00:00+08:00,0.0,0.0
2023-03-18 20:00:00+08:00,0.0,0.0
2023-03-18 21:00:00+08:00,0.0,0.0
2023-03-18 22:00:00+08:00,0.0,0.0
2023-03-18 23:00:00+08:00,0.0,0.013770904145080145
2023-03-19 00:00:00+08:00,0.0,0.07908389670693931
2023-03-19 01:00:00+08:00,0.0,0.12458564583347895
2023-03-19 02:00:00+08:00,0.0,0.14715289992696734
2023-03-19 03:00:00+08:00,0.0,0.14202236138133761
2023-03-19 04:00:00+08:00,0.0,0.12948562896326898
2023-03-19 05:00:00+08:00,0.0,0.11261867679938187
2023-03-19 06:00:00+08:00,0.27705970938116936,0.08121152712801255
2023-03-19 07:00:00+08:00,2.0193346259651594,0.26767999357195305
2023-03-19 08:00:00+08:00,4.97194998962959,0.3719242394201571
2023-03-19 09:00:00+08:00,7.765253752313129,0.8843119909211284
2023-03-19 10:00:00+08:00,9.992579756447787,1.1781009838096783
2023-03-19 11:00:00+08:00,11.314089832069987,1.2615017869757856
2023-03-19 12:00:00+08:00,9.715867346723597,1.2848520533400993
2023-03-19 13:00:00+08:00,8.614317469651928,1.2926935965547157
2023-03-19 14:00:00+08:00,6.143313596244313,1.1633077233848566
2023-03-19 15:00:00+08:00,4.494219533057468,0.9351997481998242
2023-03-19 16:00:00+08:00,2.918168948516162,0.6490455846564944
2023-03-19 17:00:00+08:00,1.0475789662877426,0.07487401142047889
2023-03-19 18:00:00+08:00,0.0,0.20809587674015675
2023-03-19 19:00:00+08:00,0.0,0.3159358604550535
2023-03-19 20:00:00+08:00,0.0,0.4367330080627634
2023-03-19 21:00:00+08:00,0.0,0.6755202924424075
2023-03-19 22:00:00+08:00,0.0,1.0981292530305977
2023-03-19 23:00:00+08:00,0.0,1.3564799098869178
2023-03-20 00:00:00+08:00,0.0,1.0839517264573684
2023-03-20 01:00:00+08:00,0.0,0.9944730145323387
2023-03-20 02:00:00+08:00,0.0,0.878068651575496
2023-03-20 03:00:00+08:00,0.0,0.9351997481998242
2023-03-20 04:00:00+08:00,0.0,0.7246955236088202
2023-03-20 05:00:00+08:00,0.0,0.5538097476983584
2023-03-20 06:00:00+08:00,0.26377508052706794,0.5538097476983584
2023-03-20 07:00:00+08:00,1.7506967560274216,1.2384119297898142
2023-03-20 08:00:00+08:00,4.050463889236037,1.550508427048749
2023-03-20 09:00:00+08:00,5.349246989226153,2.520052125830624
2023-03-20 10:00:00+08:00,7.22995277886475,2.7531227842577537
2023-03-20 11:00:00+08:00,7.208981477720761,2.5319925581869436
2023-03-20 12:00:00+08:00,6.566964888668737,1.9575128926797014
2023-03-20 13:00:00+08:00,6.132721999607957,1.506963802977499
2023-03-20 14:00:00+08:00,4.939477732762966,1.2848520533400993
2023-03-20 15:00:00+08:00,3.985766258438765,1.2080280106171266
2023-03-20 16:00:00+08:00,2.1667414072479243,0.8290519464118339
2023-03-20 17:00:00+08:00,0.8596774480260567,0.12702749792146
2023-03-20 18:00:00+08:00,0.0,0.12458564583347895
2023-03-20 19:00:00+08:00,0.0,0.11261867679938187
2023-03-20 20:00:00+08:00,0.0,0.10563038151905942
2023-03-20 21:00:00+08:00,0.0,0.08335435484485185
2023-03-20 22:00:00+08:00,0.0,0.06461146507701918
2023-03-20 23:00:00+08:00,0.0,0.09207872032793184
2023-03-21 00:00:00+08:00,0.0,0.13445094423998236
2023-03-21 01:00:00+08:00,0.0,0.18496259999682663
2023-03-21 02:00:00+08:00,0.0,0.19064002485842413
2023-03-21 03:00:00+08:00,0.0,0.15497418008056274
2023-03-21 04:00:00+08:00,0.0,0.13196009304180864
2023-03-21 05:00:00+08:00,0.0,0.11735722246347136
2023-03-21 06:00:00+08:00,0.3186531990509151,0.09429834576714802
2023-03-21 07:00:00+08:00,2.126464224814065,0.4580968815074026
2023-03-21 08:00:00+08:00,5.158869679085376,0.3641966398685174
2023-03-21 09:00:00+08:00,8.254813991715295,0.5395334026473801
2023-03-21 10:00:00+08:00,10.87318635250505,0.4367330080627634
2023-03-21 11:00:00+08:00,12.53824206936127,0.4624343393484166
2023-03-21 12:00:00+08:00,12.359465070035476,0.7700752617060064
2023-03-21 13:00:00+08:00,12.11340076193508,1.048990599934302
2023-03-21 14:00:00+08:00,10.67816915023112,1.1930076019993596
2023-03-21 15:00:00+08:00,8.29248017230839,1.308464189121137
2023-03-21 16:00:00+08:00,5.094332443719222,1.0698847453380382
2023-03-21 17:00:00+08:00,1.759005939960306,0.13948202432684378
2023-03-21 18:00:00+08:00,0.0,0.22009041904100865
2023-03-21 19:00:00+08:00,0.0,0.3836695046068856
2023-03-21 20:00:00+08:00,0.0,0.4711743708457563
2023-03-21 21:00:00+08:00,0.0,0.4159032032860611
2023-03-21 22:00:00+08:00,0.0,0.205142129974502
2023-03-21 23:00:00+08:00,0.0,0.09207872032793184
2023-03-22 00:00:00+08:00,0.0,0.05278304742680161
2023-03-22 01:00:00+08:00,0.0,0.008960797786395611
2023-03-22 02:00:00+08:00,0.0,0.004268483990624318
2023-03-22 03:00:00+08:00,0.0,0.013770904145080145
2023-03-22 04:00:00+08:00,0.0,0.0
2023-03-22 05:00:00+08:00,0.0,0.0
2023-03-22 06:00:00+08:00,0.28153273322469535,0.0
2023-03-22 07:00:00+08:00,1.503405384696845,0.0
2023-03-22 08:00:00+08:00,3.41076840835319,0.08121152712801255
2023-03-22 09:00:00+08:00,5.610039450943407,0.4844480188735894
2023-03-22 10:00:00+08:00,5.395165465994567,1.1340595451768967
2023-03-22 11:00:00+08:00,4.944656989695703,2.189181316637165
2023-03-22 12:00:00+08:00,4.212944125183626,3.5190397378605307
2023-03-22 13:00:00+08:00,4.1143385675048245,4.796794239563591
2023-03-22 14:00:00+08:00,4.0196259195946045,5.166700925419405
2023-03-22 15:00:00+08:00,3.1343857114301334,4.04460385126051
2023-03-22 16:00:00+08:00,1.840234077008563,2.4491617707916866
2023-03-22 17:00:00+08:00,0.6119569604723686,0.7758595994531804
2023-03-22 18:00:00+08:00,0.046356374880217426,0.3489856791555575
2023-03-22 19:00:00+08:00,0.0,0.4036588610696896
2023-03-22 20:00:00+08:00,0.0,0.3565505973347257
2023-03-22 21:00:00+08:00,0.0,0.23549165242082915
2023-03-22 22:00:00+08:00,0.0,0.19064002485842413
2023-03-22 23:00:00+08:00,0.0,0.21706474201425452
2023-03-23 00:00:00+08:00,0.0,0.3017612363309558
2023-03-23 01:00:00+08:00,0.0,0.3758187582849275
2023-03-23 02:00:00+08:00,0.0,0.6028857457514326
2023-03-23 03:00:00+08:00,0.0,1.2770396067273408
2023-03-23 04:00:00+08:00,0.0,1.7703697059645416
2023-03-23 05:00:00+08:00,0.0,1.3645857562488983
2023-03-23 06:00:00+08:00,0.3914451139576732,1.3645857562488983
2023-03-23 07:00:00+08:00,2.66393660453704,1.8673969579629226
2023-03-23 08:00:00+08:00,5.899345651777208,4.342273932426228
2023-03-23 09:00:00+08:00,8.80674604210168,7.154952836720944
2023-03-23 10:00:00+08:00,11.732266956373186,7.296491958470749
2023-03-23 11:00:00+08:00,12.406938712316009,6.408575432076035
2023-03-23 12:00:00+08:00,11.421116624478334,5.899085929268338
2023-03-23 13:00:00+08:00,11.396626987930324,4.707096077245486
2023-03-23 14:00:00+08:00,7.001665139934806,3.8693825554797256
2023-03-23 15:00:00+08:00,4.782154628501324,3.9484061048019674
2023-03-23 16:00:00+08:00,2.4497752018301164,3.316181132153912
2023-03-23 17:00:00+08:00,0.7575333342301116,1.4388785478450947
2023-03-23 18:00:00+08:00,0.043308661798354665,0.5442695055670139
2023-03-23 19:00:00+08:00,0.0,0.36805021797565457
2023-03-23 20:00:00+08:00,0.0,0.16563904012623423
2023-03-23 21:00:00+08:00,0.0,0.03963943272561256
2023-03-23 22:00:00+08:00,0.0,0.002730303130244606
2023-03-23 23:00:00+08:00,0.0,0.0
2023-03-24 00:00:00+08:00,0.0,0.0
2023-03-24 01:00:00+08:00,0.0,0.0
2023-03-24 02:00:00+08:00,0.0,0.0
2023-03-24 03:00:00+08:00,0.0,0.03781845236501572
2023-03-24 04:00:00+08:00,0.0,0.11735722246347136
2023-03-24 05:00:00+08:00,0.0,0.20809587674015675
2023-03-24 06:00:00+08:00,0.29443645905719984,0.11261867679938187
2023-03-24 07:00:00+08:00,1.748327799057168,0.2913348909016942
2023-03-24 08:00:00+08:00,3.895770784843797,0.4889164114229659
2023-03-24 09:00:00+08:00,6.138514452118865,0.3916028896047531
2023-03-24 10:00:00+08:00,7.189396055934016,0.08768581849744107
2023-03-24 11:00:00+08:00,8.075281340026455,0.0
2023-03-24 12:00:00+08:00,8.688559668761652,0.0
2023-03-24 13:00:00+08:00,7.290877088643697,0.0
2023-03-24 14:00:00+08:00,6.929188214028578,0.0
2023-03-24 15:00:00+08:00,5.912137461121186,0.0
2023-03-24 16:00:00+08:00,3.1911763241211313,0.0
2023-03-24 17:00:00+08:00,1.1856408040474127,0.0
2023-03-24 18:00:00+08:00,0.088923219655516,0.13948202432684378
2023-03-24 19:00:00+08:00,0.0,0.3304254634067023
2023-03-24 20:00:00+08:00,0.0,0.3758187582849275
2023-03-24 21:00:00+08:00,0.0,0.3876258402298792
2023-03-24 22:00:00+08:00,0.0,0.3996193459417554
2023-03-24 23:00:00+08:00,0.0,0.36805021797565457
2023-03-25 00:00:00+08:00,0.0,0.36805021797565457
2023-03-25 01:00:00+08:00,0.0,0.3876258402298792
2023-03-25 02:00:00+08:00,0.0,0.37973382865286937
2023-03-25 03:00:00+08:00,0.0,0.3267733441135463
2023-03-25 04:00:00+08:00,0.0,0.29479095967117697
2023-03-25 05:00:00+08:00,0.0,0.2878981297286119
2023-03-25 06:00:00+08:00,0.43664867939213836,0.30527555238705806
2023-03-25 07:00:00+08:00,1.9918140127210224,0.5978741445234982
2023-03-25 08:00:00+08:00,4.1028631181787825,0.3876258402298792
2023-03-25 09:00:00+08:00,6.462125287785086,0.3758187582849275
2023-03-25 10:00:00+08:00,5.803003740432038,0.19350507566302386
2023-03-25 11:00:00+08:00,4.151882106904977,0.21706474201425452
2023-03-25 12:00:00+08:00,3.633143581129106,0.3267733441135463
2023-03-25 13:00:00+08:00,5.201997109782537,0.360363451015842
2023-03-25 14:00:00+08:00,5.557017477187996,0.29826639011996303
2023-03-25 15:00:00+08:00,4.555632723792399,0.2022062305668645
2023-03-25 16:00:00+08:00,3.1871120034367557,0.0987842161080372
2023-03-25 17:00:00+08:00,1.2583944314982713,0.0
2023-03-25 18:00:00+08:00,0.09288045118221351,0.020370136034445988
2023-03-25 19:00:00+08:00,0.0,0.21106752494673162
2023-03-25 20:00:00+08:00,0.0,0.3088093923711731
2023-03-25 21:00:00+08:00,0.0,0.3836695046068856
2023-03-25 22:00:00+08:00,0.0,0.6648585872327488
2023-03-25 23:00:00+08:00,0.0,0.6028857457514326
2023-03-26 00:00:00+08:00,0.0,0.24814330199413046
2023-03-26 01:00:00+08:00,0.0,0.05666751588541606
2023-03-26 02:00:00+08:00,0.0,0.0306740648125807
2023-03-26 03:00:00+08:00,0.0,0.03601147947631726
2023-03-26 04:00:00+08:00,0.0,0.03601147947631726
2023-03-26 05:00:00+08:00,0.0,0.03601147947631726
2023-03-26 06:00:00+08:00,0.4419155696410714,0.013770904145080145
2023-03-26 07:00:00+08:00,2.813881479556803,0.10333260628488947
2023-03-26 08:00:00+08:00,6.217412707010096,0.2844806220690267
2023-03-26 09:00:00+08:00,9.26937184518065,0.12702749792146
2023-03-26 10:00:00+08:00,12.164571205940968,0.0
2023-03-26 11:00:00+08:00,14.08179716440691,0.0
2023-03-26 12:00:00+08:00,13.532308859655556,0.002730303130244606
2023-03-26 13:00:00+08:00,13.346680759606755,0.060610177547747036
2023-03-26 14:00:00+08:00,11.5553984198644,0.05086250044163042
2023-03-26 15:00:00+08:00,9.19984931966148,0.0
2023-03-26 16:00:00+08:00,5.852575328685729,0.0
2023-03-26 17:00:00+08:00,2.131389608897929,0.0
2023-03-26 18:00:00+08:00,0.10558975387276477,0.0
2023-03-26 19:00:00+08:00,0.0,0.0
2023-03-26 20:00:00+08:00,0.0,0.07697140949872917
2023-03-26 21:00:00+08:00,0.0,0.22009041904100865
2023-03-26 22:00:00+08:00,0.0,0.33778946360092
2023-03-26 23:00:00+08:00,0.0,0.4241714696198141
2023-03-27 00:00:00+08:00,0.0,0.5115896319512271
2023-03-27 01:00:00+08:00,0.0,0.6438222488629927
2023-03-27 02:00:00+08:00,0.0,0.7302814852674885
2023-03-27 03:00:00+08:00,0.0,0.7471872329005199
2023-03-27 04:00:00+08:00,0.0,0.8290519464118339
2023-03-27 05:00:00+08:00,0.0,1.1268176731916564
2023-03-27 06:00:00+08:00,0.3699221928412744,1.789516423755872
2023-03-27 07:00:00+08:00,2.4326100553022734,2.156624247266645
2023-03-27 08:00:00+08:00,4.798664311902006,1.4812041432808714
2023-03-27 09:00:00+08:00,7.781899397962041,2.4844460787159384
2023-03-27 10:00:00+08:00,10.456370299385311,1.3323396545572825
2023-03-27 11:00:00+08:00,12.323627838697293,0.6916934871531896
2023-03-27 12:00:00+08:00,12.381272931513339,0.43252453794560025
2023-03-27 13:00:00+08:00,12.057499685759721,0.3231410732458217
2023-03-27 14:00:00+08:00,10.44908457802282,0.25135259047684894
2023-03-27 15:00:00+08:00,7.8362968770912245,0.16027264604026287
2023-03-27 16:00:00+08:00,5.003369667438642,0.06461146507701918
2023-03-27 17:00:00+08:00,1.7947770181174207,0.0
2023-03-27 18:00:00+08:00,0.1045409979484802,0.054718034547095874
2023-03-27 19:00:00+08:00,0.0,0.14974320958390933
2023-03-27 20:00:00+08:00,0.0,0.24495261803007246
2023-03-27 21:00:00+08:00,0.0,0.3088093923711731
2023-03-27 22:00:00+08:00,0.0,0.3452335064916994
2023-03-27 23:00:00+08:00,0.0,0.36805021797565457
2023-03-28 00:00:00+08:00,0.0,0.3758187582849275
2023-03-28 01:00:00+08:00,0.0,0.3719242394201571
2023-03-28 02:00:00+08:00,0.0,0.35275802474226525
2023-03-28 03:00:00+08:00,0.0,0.33778946360092
2023-03-28 04:00:00+08:00,0.0,0.3231410732458217
2023-03-28 05:00:00+08:00,0.0,0.33409748520819244
2023-03-28 06:00:00+08:00,0.4602297762400338,0.33778946360092
2023-03-28 07:00:00+08:00,2.463138140275862,1.0910266445207935
2023-03-28 08:00:00+08:00,5.547112293283246,0.8533543512987277
2023-03-28 09:00:00+08:00,8.533999908142238,1.0910266445207935
2023-03-28 10:00:00+08:00,10.920555728015295,1.732461340651826
2023-03-28 11:00:00+08:00,12.408600177534515,2.1243748014488544
2023-03-28 12:00:00+08:00,12.8871981165206,2.277515210683567
2023-03-28 13:00:00+08:00,12.451775364733443,2.299945355603925
2023-03-28 14:00:00+08:00,10.866008291218355,2.3338523342353796
2023-03-28 15:00:00+08:00,8.244388462647633,2.3338523342353796
2023-03-28 16:00:00+08:00,4.796121601970658,1.7608445619769741
2023-03-28 17:00:00+08:00,1.7502237852451605,0.4367330080627634
2023-03-28 18:00:00+08:00,0.12983711130995654,0.5301289626856752
2023-03-28 19:00:00+08:00,0.0,0.7992478951121773
2023-03-28 20:00:00+08:00,0.0,1.1124177577209524
2023-03-28 21:00:00+08:00,0.0,1.223162642326203
2023-03-28 22:00:00+08:00,0.0,1.200503555463281
2023-03-28 23:00:00+08:00,0.0,1.1781009838096783
2023-03-29 00:00:00+08:00,0.0,1.2307729270472403
2023-03-29 01:00:00+08:00,0.0,1.2770396067273408
2023-03-29 02:00:00+08:00,0.0,1.2155810215437999
2023-03-29 03:00:00+08:00,0.0,1.2080280106171266
2023-03-29 04:00:00+08:00,0.0,1.2692562026335379
2023-03-29 05:00:00+08:00,0.0,1.4472832022466042
2023-03-29 06:00:00+08:00,0.4397571077832853,1.9881463413533937
2023-03-29 07:00:00+08:00,2.5362020469603497,2.5559813723741303
2023-03-29 08:00:00+08:00,5.151011683584857,2.244130672895887
2023-03-29 09:00:00+08:00,8.076956965306845,4.3592146536699214
2023-03-29 10:00:00+08:00,10.552498893534006,3.4749156335103897
2023-03-29 11:00:00+08:00,12.141156262857537,2.3112127262313837
2023-03-29 12:00:00+08:00,12.262681003997738,1.6127671597695752
2023-03-29 13:00:00+08:00,11.887206552685027,1.2537763056711837
2023-03-29 14:00:00+08:00,10.609054871111892,0.9944730145323387
2023-03-29 15:00:00+08:00,8.147938545536231,0.7471872329005199
2023-03-29 16:00:00+08:00,4.985551072151473,0.4118007356589392
2023-03-29 17:00:00+08:00,1.8746928296902694,0.010551006399540454
2023-03-29 18:00:00+08:00,0.1297364143419454,0.10333260628488947
2023-03-29 19:00:00+08:00,0.0,0.17107379500170156
2023-03-29 20:00:00+08:00,0.0,0.264376871252387
2023-03-29 21:00:00+08:00,0.0,0.35275802474226525
2023-03-29 22:00:00+08:00,0.0,0.4118007356589392
2023-03-29 23:00:00+08:00,0.0,0.5254605174777975
2023-03-30 00:00:00+08:00,0.0,0.7135972071225786
2023-03-30 01:00:00+08:00,0.0,0.8411518782631591
2023-03-30 02:00:00+08:00,0.0,0.7992478951121773
2023-03-30 03:00:00+08:00,0.0,0.6755202924424075
2023-03-30 04:00:00+08:00,0.0,0.573163891450644
2023-03-30 05:00:00+08:00,0.0,0.5161909061934763
2023-03-30 06:00:00+08:00,0.4874438210036953,0.7080847441291995
2023-03-30 07:00:00+08:00,2.7618768263568443,1.455718034908033
2023-03-30 08:00:00+08:00,6.142885572147733,1.2615017869757856
2023-03-30 09:00:00+08:00,9.451968197264996,1.7230641568129506
2023-03-30 10:00:00+08:00,12.113751865084524,1.4388785478450947
2023-03-30 11:00:00+08:00,13.797342849202874,1.2155810215437999
2023-03-30 12:00:00+08:00,13.127911593225628,1.0147136221352275
2023-03-30 13:00:00+08:00,12.842843569856019,0.8411518782631591
2023-03-30 14:00:00+08:00,11.384313893039483,0.6595636997584692
2023-03-30 15:00:00+08:00,9.002382724798213,0.4844480188735894
2023-03-30 16:00:00+08:00,5.719131950365595,0.3415014526677879
2023-03-30 17:00:00+08:00,2.2487746747222617,0.0
2023-03-30 18:00:00+08:00,0.14384184932489086,0.08121152712801255
2023-03-30 19:00:00+08:00,0.0,0.12702749792146
2023-03-30 20:00:00+08:00,0.0,0.18779255099732609
2023-03-30 21:00:00+08:00,0.0,0.2610926238659966
2023-03-30 22:00:00+08:00,0.0,0.3088093923711731
2023-03-30 23:00:00+08:00,0.0,0.31236281036620384
2023-03-31 00:00:00+08:00,0.0,0.29826639011996303
2023-03-31 01:00:00+08:00,0.0,0.2913348909016942
2023-03-31 02:00:00+08:00,0.0,0.27100204490759766
2023-03-31 03:00:00+08:00,0.0,0.23862684732632486
2023-03-31 04:00:00+08:00,0.0,0.19638775749402856
2023-03-31 05:00:00+08:00,0.0,0.18779255099732609
2023-03-31 06:00:00+08:00,0.6137324837887367,0.23549165242082915
2023-03-31 07:00:00+08:00,2.7980973091877615,0.8350891217309176
2023-03-31 08:00:00+08:00,5.737008341086026,0.7246955236088202
2023-03-31 09:00:00+08:00,8.947613834859544,1.2692562026335379
2023-03-31 10:00:00+08:00,10.697790815884325,1.308464189121137
2023-03-31 11:00:00+08:00,13.175368515238077,1.3403569131240132
2023-03-31 12:00:00+08:00,12.449124700237597,1.3973060568347386
2023-03-31 13:00:00+08:00,11.6938531363419,1.4221595574902233
2023-03-31 14:00:00+08:00,9.841672269366027,1.3323396545572825
2023-03-31 15:00:00+08:00,7.127074388807458,1.3005642904540948
2023-03-31 16:00:00+08:00,4.506076302179776,1.0079397295103574
2023-03-31 17:00:00+08:00,1.9224048058900047,0.10563038151905942
2023-03-31 18:00:00+08:00,0.1423011827895294,0.13948202432684378
2023-03-31 19:00:00+08:00,0.0,0.22619618049501763
2023-03-31 20:00:00+08:00,0.0,0.30527555238705806
2023-03-31 21:00:00+08:00,0.0,0.3719242394201571
2023-03-31 22:00:00+08:00,0.0,0.4409628409266438
2023-03-31 23:00:00+08:00,0.0,0.5780597552659826
2023-04-01 00:00:00+08:00,0.0,0.7471872329005199
2023-04-01 01:00:00+08:00,0.0,0.8051579756090176
2023-04-01 02:00:00+08:00,0.0,0.7816689775844811
2023-04-01 03:00:00+08:00,0.0,0.6916934871531896
2023-04-01 04:00:00+08:00,0.0,0.5928857989438889
2023-04-01 05:00:00+08:00,0.0,0.5161909061934763
2023-04-01 06:00:00+08:00,0.5646078468264707,0.7528719499402164
2023-04-01 07:00:00+08:00,2.8383985862035277,1.0769044447574165
2023-04-01 08:00:00+08:00,6.142915319508256,0.9287467835218446
2023-04-01 09:00:00+08:00,9.437585406147157,1.732461340651826
2023-04-01 10:00:00+08:00,11.99062814658025,1.2615017869757856
2023-04-01 11:00:00+08:00,13.418705322532043,0.8594941759678609
2023-04-01 12:00:00+08:00,12.839926551174143,0.638622655463944
2023-04-01 13:00:00+08:00,12.645572342048231,0.5070106398650472
2023-04-01 14:00:00+08:00,11.412826401357671,0.44521409062014494
2023-04-01 15:00:00+08:00,9.026405136229064,0.4036588610696896
2023-04-01 16:00:00+08:00,5.7545325640378975,0.3267733441135463
2023-04-01 17:00:00+08:00,2.3469844060786698,0.0
2023-04-01 18:00:00+08:00,0.1385495119546584,0.027184834209691398
2023-04-01 19:00:00+08:00,0.0,0.0987842161080372
2023-04-01 20:00:00+08:00,0.0,0.19638775749402856
2023-04-01 21:00:00+08:00,0.0,0.2777031509587361
2023-04-01 22:00:00+08:00,0.0,0.39560070681441095
2023-04-01 23:00:00+08:00,0.0,0.6180606241542194
2023-04-02 00:00:00+08:00,0.0,0.7528719499402164
2023-04-02 01:00:00+08:00,0.0,0.8051579756090176
2023-04-02 02:00:00+08:00,0.0,1.0215146102945414
2023-04-02 03:00:00+08:00,0.0,1.1413294321059346
2023-04-02 04:00:00+08:00,0.0,0.9877800840133821
2023-04-02 05:00:00+08:00,0.0,0.9811140326972586
2023-04-02 06:00:00+08:00,0.5653215301433164,1.2926935965547157
2023-04-02 07:00:00+08:00,2.980449854093653,1.2770396067273408
2023-04-02 08:00:00+08:00,6.513059056399837,0.8051579756090176
2023-04-02 09:00:00+08:00,9.74150137471166,2.4141977418194895
2023-04-02 10:00:00+08:00,12.172226768603558,2.2552241669899376
2023-04-02 11:00:00+08:00,13.118331335252682,2.0924315189454137
2023-04-02 12:00:00+08:00,12.016593838359135,2.189181316637165
2023-04-02 13:00:00+08:00,12.550336606866574,2.580114479746743
2023-04-02 14:00:00+08:00,10.777417017787355,3.287832154320232
2023-04-02 15:00:00+08:00,8.287261008589972,4.376198208572853
2023-04-02 16:00:00+08:00,5.211718080858944,4.832982426033237
2023-04-02 17:00:00+08:00,2.0583715175578305,2.5081476045219535
2023-04-02 18:00:00+08:00,0.15582448130052587,0.6971329382274081
2023-04-02 19:00:00+08:00,0.0,0.7246955236088202
2023-04-02 20:00:00+08:00,0.0,1.2615017869757856
2023-04-02 21:00:00+08:00,0.0,1.0283427480712037
2023-04-02 22:00:00+08:00,0.0,0.6916934871531896
2023-04-02 23:00:00+08:00,0.0,0.6334467503764458
2023-04-03 00:00:00+08:00,0.0,0.8170541230815288
2023-04-03 01:00:00+08:00,0.0,1.524289603504953
2023-04-03 02:00:00+08:00,0.0,2.299945355603925
2023-04-03 03:00:00+08:00,0.0,2.0818515420161297
2023-04-03 04:00:00+08:00,0.0,1.9881463413533937
2023-04-03 05:00:00+08:00,0.0,2.135090526464875
2023-04-03 06:00:00+08:00,0.6133800757144915,2.520052125830624
2023-04-03 07:00:00+08:00,2.445458775454547,2.472648966052787
2023-04-03 08:00:00+08:00,2.4351182794490693,0.7191341155881517
2023-04-03 09:00:00+08:00,4.170724441857094,0.6028857457514326
2023-04-03 10:00:00+08:00,4.558580711278442,1.1340595451768967
2023-04-03 11:00:00+08:00,3.9783283728022805,1.4641830999122853
2023-04-03 12:00:00+08:00,2.2369506634972107,2.8166583422098146
2023-04-03 13:00:00+08:00,1.7171243253237982,4.0123712883222975
2023-04-03 14:00:00+08:00,1.1416469731958392,4.410294035688056
2023-04-03 15:00:00+08:00,0.7780983638319113,4.093266376505701
2023-04-03 16:00:00+08:00,1.3986180249923883,2.7911328704973504
2023-04-03 17:00:00+08:00,0.6483710387663619,1.9575128926797014
2023-04-03 18:00:00+08:00,0.07834020556793214,2.74052670486737
2023-04-03 19:00:00+08:00,0.0,3.8380619925361907
2023-04-03 20:00:00+08:00,0.0,4.979511254449046
2023-04-03 21:00:00+08:00,0.0,4.814866212891052
2023-04-03 22:00:00+08:00,0.0,4.028466693790814
2023-04-03 23:00:00+08:00,0.0,3.4749156335103897
2023-04-04 00:00:00+08:00,0.0,3.301987065226156
2023-04-04 01:00:00+08:00,0.0,3.8693825554797256
2023-04-04 02:00:00+08:00,0.0,4.479002073477084
2023-04-04 03:00:00+08:00,0.0,2.715445145623404
2023-04-04 04:00:00+08:00,0.0,2.244130672895887
2023-04-04 05:00:00+08:00,0.0,2.3225150344142347
2023-04-04 06:00:00+08:00,0.20000665898998352,2.0818515420161297
2023-04-04 07:00:00+08:00,0.4711903107726796,2.4141977418194895
2023-04-04 08:00:00+08:00,0.667096422601176,3.2316029892567895
2023-04-04 09:00:00+08:00,1.1359920893724744,3.3304144091864014
2023-04-04 10:00:00+08:00,1.8118678256008236,3.162191053470324
2023-04-04 11:00:00+08:00,1.8553982367848199,3.4166405122233443
2023-04-04 12:00:00+08:00,1.0217342188250338,3.6687261605175303
2023-04-04 13:00:00+08:00,1.771381596829983,4.671524598119686
2023-04-04 14:00:00+08:00,0.7509291030798154,7.512224900104113
2023-04-04 15:00:00+08:00,0.5285660393383775,10.0
2023-04-04 16:00:00+08:00,2.3715436786607063,10.0
2023-04-04 17:00:00+08:00,1.0814724978373358,9.81716973347319
2023-04-04 18:00:00+08:00,0.0738586222869405,8.133349690405774
2023-04-04 19:00:00+08:00,0.0,7.488050644656071
2023-04-04 20:00:00+08:00,0.0,6.831723860608654
2023-04-04 21:00:00+08:00,0.0,6.044841309073351
2023-04-04 22:00:00+08:00,0.0,5.397308585343449
2023-04-04 23:00:00+08:00,0.0,5.3197093182876936
2023-04-05 00:00:00+08:00,0.0,5.634528204666715
2023-04-05 01:00:00+08:00,0.0,5.837329446440804
2023-04-05 02:00:00+08:00,0.0,5.3004238868637765
2023-04-05 03:00:00+08:00,0.0,4.961039175804581
2023-04-05 04:00:00+08:00,0.0,5.397308585343449
2023-04-05 05:00:00+08:00,0.0,4.093266376505701
2023-04-05 06:00:00+08:00,0.18623345344726083,2.74052670486737
2023-04-05 07:00:00+08:00,0.6187389914407045,3.259639584242266
2023-04-05 08:00:00+08:00,0.9656263859102017,3.653576124194893
2023-04-05 09:00:00+08:00,2.431229435261815,3.217643047216475
2023-04-05 10:00:00+08:00,2.7241517087266365,2.4141977418194895
2023-04-05 11:00:00+08:00,4.163443950640418,1.9473681208715212
2023-04-05 12:00:00+08:00,3.2446730293931263,1.9984240489373504
2023-04-05 13:00:00+08:00,3.2085621666991577,1.6950635179442066
2023-04-05 14:00:00+08:00,2.387686379250262,1.223162642326203
2023-04-05 15:00:00+08:00,2.1908752658880295,0.9031983085479357
2023-04-05 16:00:00+08:00,1.5831138344107845,0.638622655463944
2023-04-05 17:00:00+08:00,0.8217479590307416,0.14457930188707785
2023-04-05 18:00:00+08:00,0.12007153964080163,0.0
2023-04-05 19:00:00+08:00,0.0,0.0
2023-04-05 20:00:00+08:00,0.0,0.0
2023-04-05 21:00:00+08:00,0.0,0.0
2023-04-05 22:00:00+08:00,0.0,0.0
2023-04-05 23:00:00+08:00,0.0,0.03963943272561256
2023-04-06 00:00:00+08:00,0.0,0.11735722246347136
2023-04-06 01:00:00+08:00,0.0,0.16027264604026287
2023-04-06 02:00:00+08:00,0.0,0.23862684732632486
2023-04-06 03:00:00+08:00,0.0,0.3304254634067023
2023-04-06 04:00:00+08:00,0.0,0.37973382865286937
2023-04-06 05:00:00+08:00,0.0,0.6490455846564944
2023-04-06 06:00:00+08:00,0.49575604008629515,1.0981292530305977
2023-04-06 07:00:00+08:00,1.6314017029813126,1.0011928783370292
2023-04-06 08:00:00+08:00,1.0429879637092716,0.607920656710596
2023-04-06 09:00:00+08:00,1.477239544784714,0.13445094423998236
2023-04-06 10:00:00+08:00,2.6311011983788397,0.10333260628488947
2023-04-06 11:00:00+08:00,2.1569856533537712,0.2610926238659966
2023-04-06 12:00:00+08:00,2.637615743578992,0.582978658398034
2023-04-06 13:00:00+08:00,2.2328625288641084,1.2307729270472403
2023-04-06 14:00:00+08:00,1.462024314880052,2.2330717918598095
2023-04-06 15:00:00+08:00,0.8478792745986315,3.0128734131156274
2023-04-06 16:00:00+08:00,1.3958507294266123,2.8552257527656733
2023-04-06 17:00:00+08:00,0.90071454475415,1.524289603504953
2023-04-06 18:00:00+08:00,0.14829068686598987,0.0987842161080372
2023-04-06 19:00:00+08:00,0.0,0.0
2023-04-06 20:00:00+08:00,0.0,0.0
2023-04-06 21:00:00+08:00,0.0,0.0
2023-04-06 22:00:00+08:00,0.0,0.0
2023-04-06 23:00:00+08:00,0.0,0.07487401142047889
2023-04-07 00:00:00+08:00,0.0,0.22619618049501763
2023-04-07 01:00:00+08:00,0.0,0.2417804845017715
2023-04-07 02:00:00+08:00,0.0,0.2777031509587361
2023-04-07 03:00:00+08:00,0.0,0.4711743708457563
2023-04-07 04:00:00+08:00,0.0,0.7191341155881517
2023-04-07 05:00:00+08:00,0.0,0.7700752617060064
2023-04-07 06:00:00+08:00,0.6734823256474612,0.9944730145323387
2023-04-07 07:00:00+08:00,3.6191176843683666,0.8350891217309176
2023-04-07 08:00:00+08:00,7.734301968178436,1.8575481278004073
2023-04-07 09:00:00+08:00,11.33969860913522,1.7230641568129506
2023-04-07 10:00:00+08:00,13.94905457980074,1.7991381057254416
2023-04-07 11:00:00+08:00,15.89987427618168,1.8971396612228495
2023-04-07 12:00:00+08:00,16.096725296765392,1.789516423755872
2023-04-07 13:00:00+08:00,15.706458138195197,1.7991381057254416
2023-04-07 14:00:00+08:00,14.320210359759296,1.8184783862269043
2023-04-07 15:00:00+08:00,11.805665079373115,1.7043652995420446
2023-04-07 16:00:00+08:00,8.325389470104948,1.3890813362517838
2023-04-07 17:00:00+08:00,4.003923507072248,0.3267733441135463
2023-04-07 18:00:00+08:00,0.2824985238430635,0.07697140949872917
2023-04-07 19:00:00+08:00,0.0,0.04895633950867902
2023-04-07 20:00:00+08:00,0.0,0.07072426632224596
2023-04-07 21:00:00+08:00,0.0,0.15761494908608034
2023-04-07 22:00:00+08:00,0.0,0.22619618049501763
2023-04-07 23:00:00+08:00,0.0,0.27100204490759766
2023-04-08 00:00:00+08:00,0.0,0.2610926238659966
2023-04-08 01:00:00+08:00,0.0,0.23237484570238148
2023-04-08 02:00:00+08:00,0.0,0.14974320958390933
2023-04-08 03:00:00+08:00,0.0,0.08121152712801255
2023-04-08 04:00:00+08:00,0.0,0.03963943272561256
2023-04-08 05:00:00+08:00,0.0,0.0
2023-04-08 06:00:00+08:00,0.5976083704995686,0.0
2023-04-08 07:00:00+08:00,3.734688375392417,0.31952859672062506
2023-04-08 08:00:00+08:00,7.809100910661318,0.3489856791555575
2023-04-08 09:00:00+08:00,11.322706316029308,0.638622655463944
2023-04-08 10:00:00+08:00,13.804198413237234,0.6755202924424075
2023-04-08 11:00:00+08:00,14.737085603151298,1.1706902109181119
2023-04-08 12:00:00+08:00,14.14062234597147,1.550508427048749
2023-04-08 13:00:00+08:00,15.172088744290997,1.6857934289275749
2023-04-08 14:00:00+08:00,12.676159403510058,1.847731909628451
2023-04-08 15:00:00+08:00,10.483565066603493,1.847731909628451
2023-04-08 16:00:00+08:00,6.7391790032068055,1.5329984742362994
2023-04-08 17:00:00+08:00,3.01144531865945,0.15497418008056274
2023-04-08 18:00:00+08:00,0.25013107723870737,0.17935505024601142
2023-04-08 19:00:00+08:00,0.0,0.3452335064916994
2023-04-08 20:00:00+08:00,0.0,0.5115896319512271
2023-04-08 21:00:00+08:00,0.0,0.7358920546470589
2023-04-08 22:00:00+08:00,0.0,1.1340595451768967
2023-04-08 23:00:00+08:00,0.0,1.4812041432808714
2023-04-09 00:00:00+08:00,0.0,1.7608445619769741
2023-04-09 01:00:00+08:00,0.0,1.9071194801766296
2023-04-09 02:00:00+08:00,0.0,2.135090526464875
2023-04-09 03:00:00+08:00,0.0,2.3338523342353796
2023-04-09 04:00:00+08:00,0.0,2.5559813723741303
2023-04-09 05:00:00+08:00,0.0,2.946526896275867
2023-04-09 06:00:00+08:00,0.7759867650055116,3.900867963111856
2023-04-09 07:00:00+08:00,2.754341474042311,4.513615149477365
2023-04-09 08:00:00+08:00,4.648264921088755,5.919765888348234
2023-04-09 09:00:00+08:00,7.1563752858247245,8.158871745881527
2023-04-09 10:00:00+08:00,10.149245114068368,8.976397733399953
2023-04-09 11:00:00+08:00,11.742447949506822,8.082463068868037
2023-04-09 12:00:00+08:00,11.473198084157849,7.061601166981836
2023-04-09 13:00:00+08:00,10.720795642057615,6.214278789908356
2023-04-09 14:00:00+08:00,9.340111370664381,5.223738080041083
2023-04-09 15:00:00+08:00,6.998815009016315,4.0123712883222975
2023-04-09 16:00:00+08:00,4.435409808346623,2.616585636979133
2023-04-09 17:00:00+08:00,1.6263434693183672,1.6037798702531607
2023-04-09 18:00:00+08:00,0.17530268038031332,1.630835410390543
2023-04-09 19:00:00+08:00,0.0,2.9202529171847433
2023-04-09 20:00:00+08:00,0.0,3.431149774310264
2023-04-09 21:00:00+08:00,0.0,3.0128734131156274
2023-04-09 22:00:00+08:00,0.0,2.071305366901273
2023-04-09 23:00:00+08:00,0.0,1.7136988278039913
2023-04-10 00:00:00+08:00,0.0,2.1782946896474047
2023-04-10 01:00:00+08:00,0.0,1.789516423755872
2023-04-10 02:00:00+08:00,0.0,1.3727212400417668
2023-04-10 03:00:00+08:00,0.0,1.1052596060696824
2023-04-10 04:00:00+08:00,0.0,0.9877800840133821
2023-04-10 05:00:00+08:00,0.0,0.9811140326972586
2023-04-10 06:00:00+08:00,0.8505623758623768,1.77992697519654
2023-04-10 07:00:00+08:00,3.000735269898438,2.0503142057832244
2023-04-10 08:00:00+08:00,5.9934332218460655,2.0924315189454137
2023-04-10 09:00:00+08:00,8.905157330055495,2.9995282855175525
2023-04-10 10:00:00+08:00,11.14503711650342,4.04460385126051
2023-04-10 11:00:00+08:00,12.248926404027648,5.614505082444756
2023-04-10 12:00:00+08:00,12.129426179935443,6.831723860608654
2023-04-10 13:00:00+08:00,12.134891103938338,7.856061138860738
2023-04-10 14:00:00+08:00,10.705560190384448,8.760497414195369
2023-04-10 15:00:00+08:00,7.421924768740547,8.68042418783484
2023-04-10 16:00:00+08:00,4.880724658875174,6.9001638545161885
2023-04-10 17:00:00+08:00,2.0958647968791553,4.308520774584958
2023-04-10 18:00:00+08:00,0.22867789095588692,2.8552257527656733
2023-04-10 19:00:00+08:00,0.0,2.0924315189454137
2023-04-10 20:00:00+08:00,0.0,1.524289603504953
2023-04-10 21:00:00+08:00,0.0,1.18554009614246
2023-04-10 22:00:00+08:00,0.0,0.4800015839828644
2023-04-10 23:00:00+08:00,0.0,0.25782719732987885
2023-04-11 00:00:00+08:00,0.0,0.4036588610696896
2023-04-11 01:00:00+08:00,0.0,0.7875034501828128
2023-04-11 02:00:00+08:00,0.0,1.6490289170150485
2023-04-11 03:00:00+08:00,0.0,2.7911328704973504
2023-04-11 04:00:00+08:00,0.0,2.3910656008171247
2023-04-11 05:00:00+08:00,0.0,1.455718034908033
2023-04-11 06:00:00+08:00,0.8281810072854965,1.380886415348428
2023-04-11 07:00:00+08:00,3.022041616908948,1.5681416888802255
2023-04-11 08:00:00+08:00,5.573435025797768,4.04460385126051
2023-04-11 09:00:00+08:00,7.648330486727794,5.735343378127895
2023-04-11 10:00:00+08:00,8.801823928854885,3.9484061048019674
2023-04-11 11:00:00+08:00,6.117288076604477,2.6288153047011353
2023-04-11 12:00:00+08:00,10.87978142190115,1.3005642904540948
2023-04-11 13:00:00+08:00,12.710569127429794,0.5928857989438889
2023-04-11 14:00:00+08:00,9.891734059166707,0.5978741445234982
2023-04-11 15:00:00+08:00,7.303606989830311,0.3565505973347257
2023-04-11 16:00:00+08:00,5.311041813869736,0.19928812443434096
2023-04-11 17:00:00+08:00,2.9970762335793366,0.0
2023-04-11 18:00:00+08:00,0.3208917119453473,0.0
2023-04-11 19:00:00+08:00,0.0,0.0
2023-04-11 20:00:00+08:00,0.0,0.06260346603756395
2023-04-11 21:00:00+08:00,0.0,0.14457930188707785
2023-04-11 22:00:00+08:00,0.0,0.23549165242082915
2023-04-11 23:00:00+08:00,0.0,0.3017612363309558
2023-04-12 00:00:00+08:00,0.0,0.3304254634067023
2023-04-12 01:00:00+08:00,0.0,0.33778946360092
2023-04-12 02:00:00+08:00,0.0,0.31236281036620384
2023-04-12 03:00:00+08:00,0.0,0.25135259047684894
2023-04-12 04:00:00+08:00,0.0,0.205142129974502
2023-04-12 05:00:00+08:00,0.0,0.2022062305668645
2023-04-12 06:00:00+08:00,1.1248460989217182,0.31236281036620384
2023-04-12 07:00:00+08:00,3.668435634337252,0.9678623513418942
2023-04-12 08:00:00+08:00,6.9290277454975335,0.8533543512987277
2023-04-12 09:00:00+08:00,10.260771084777668,3.2737163453532356
2023-04-12 10:00:00+08:00,12.44420441483085,3.217643047216475
2023-04-12 11:00:00+08:00,13.912178539258091,2.868156226745816
2023-04-12 12:00:00+08:00,10.218312202500545,3.0262565609945673
2023-04-12 13:00:00+08:00,8.624193113876784,3.5338276350641307
2023-04-12 14:00:00+08:00,6.129603595678928,4.241526083165573
2023-04-12 15:00:00+08:00,4.440083496581583,3.900867963111856
2023-04-12 16:00:00+08:00,2.440917941606932,2.299945355603925
2023-04-12 17:00:00+08:00,1.0154039964339585,0.5070106398650472
2023-04-12 18:00:00+08:00,0.1328209423859403,0.3017612363309558
2023-04-12 19:00:00+08:00,0.0,0.3267733441135463
2023-04-12 20:00:00+08:00,0.0,0.4580968815074026
2023-04-12 21:00:00+08:00,0.0,0.8051579756090176
2023-04-12 22:00:00+08:00,0.0,1.506963802977499
2023-04-12 23:00:00+08:00,0.0,1.9984240489373504
2023-04-13 00:00:00+08:00,0.0,2.3910656008171247
2023-04-13 01:00:00+08:00,0.0,2.5439689556738103
2023-04-13 02:00:00+08:00,0.0,2.3338523342353796
2023-04-13 03:00:00+08:00,0.0,1.9984240489373504
2023-04-13 04:00:00+08:00,0.0,1.8971396612228495
2023-04-13 05:00:00+08:00,0.0,2.0190796256417736
2023-04-13 06:00:00+08:00,0.8457014922680776,2.1030453517720265
2023-04-13 07:00:00+08:00,2.4309059646847713,2.029457602928045
2023-04-13 08:00:00+08:00,3.9906184214975053,2.4491617707916866
2023-04-13 09:00:00+08:00,5.715704245681379,2.4258169217314984
2023-04-13 10:00:00+08:00,4.974280447698471,2.0607929395179383
2023-04-13 11:00:00+08:00,6.942163890498536,1.732461340651826
2023-04-13 12:00:00+08:00,8.08625898119831,1.430504017620602
2023-04-13 13:00:00+08:00,6.436862739831473,0.9944730145323387
2023-04-13 14:00:00+08:00,6.144100924389533,0.8472402700914611
2023-04-13 15:00:00+08:00,3.2886639398619693,0.686278265219552
2023-04-13 16:00:00+08:00,1.968931285906947,0.16027264604026287
2023-04-13 17:00:00+08:00,0.925325499123286,0.0
2023-04-13 18:00:00+08:00,0.10663285992933809,0.0
2023-04-13 19:00:00+08:00,0.0,0.0
2023-04-13 20:00:00+08:00,0.0,0.0
2023-04-13 21:00:00+08:00,0.0,0.0
2023-04-13 22:00:00+08:00,0.0,0.0
2023-04-13 23:00:00+08:00,0.0,0.0
2023-04-14 00:00:00+08:00,0.0,0.0
2023-04-14 01:00:00+08:00,0.0,0.0
2023-04-14 02:00:00+08:00,0.0,0.0
2023-04-14 03:00:00+08:00,0.0,0.0
2023-04-14 04:00:00+08:00,0.0,0.0
2023-04-14 05:00:00+08:00,0.0,0.004268483990624318
2023-04-14 06:00:00+08:00,0.9961888711061049,0.004268483990624318
2023-04-14 07:00:00+08:00,2.568872103051866,0.4580968815074026
2023-04-14 08:00:00+08:00,3.97893509582855,1.6581727765358865
2023-04-14 09:00:00+08:00,4.5698114650645145,3.162191053470324
2023-04-14 10:00:00+08:00,4.843555895558791,4.5484015070991175
2023-04-14 11:00:00+08:00,5.5926865048225425,4.689288407065386
2023-04-14 12:00:00+08:00,4.426858162824999,3.6687261605175303
2023-04-14 13:00:00+08:00,3.468299102753723,2.8038770288763732
2023-04-14 14:00:00+08:00,3.622079064184436,2.715445145623404
2023-04-14 15:00:00+08:00,3.5870595044604006,2.59223527858484
2023-04-14 16:00:00+08:00,2.220318531428297,2.189181316637165
2023-04-14 17:00:00+08:00,0.9137912990492915,0.8594941759678609
2023-04-14 18:00:00+08:00,0.16814961901706343,0.13948202432684378
2023-04-14 19:00:00+08:00,0.0,0.11975056218738764
2023-04-14 20:00:00+08:00,0.0,0.028922580982444643
2023-04-14 21:00:00+08:00,0.0,0.0
2023-04-14 22:00:00+08:00,0.0,0.0
2023-04-14 23:00:00+08:00,0.0,0.0
2023-04-15 00:00:00+08:00,0.0,0.0
2023-04-15 01:00:00+08:00,0.0,0.03601147947631726
2023-04-15 02:00:00+08:00,0.0,0.18496259999682663
2023-04-15 03:00:00+08:00,0.0,0.2022062305668645
2023-04-15 04:00:00+08:00,0.0,0.10563038151905942
2023-04-15 05:00:00+08:00,0.0,0.0
2023-04-15 06:00:00+08:00,0.919036890831499,0.0
2023-04-15 07:00:00+08:00,3.6262022177028594,0.23237484570238148
2023-04-15 08:00:00+08:00,7.087459453939471,0.6916934871531896
2023-04-15 09:00:00+08:00,9.92237474655644,1.847731909628451
2023-04-15 10:00:00+08:00,8.482839814644018,2.029457602928045
2023-04-15 11:00:00+08:00,5.853005632728054,1.8087920751881514
2023-04-15 12:00:00+08:00,4.9960652683074835,3.729731927581198
2023-04-15 13:00:00+08:00,5.016181677431216,4.241526083165573
2023-04-15 14:00:00+08:00,4.122566313174483,5.377840029209696
2023-04-15 15:00:00+08:00,3.758402920740272,9.251158441041108
2023-04-15 16:00:00+08:00,2.9925255512604534,7.320258861492774
2023-04-15 17:00:00+08:00,1.3840622353274954,1.8184783862269043
2023-04-15 18:00:00+08:00,0.21472270496912035,0.2417804845017715
2023-04-15 19:00:00+08:00,0.0,0.23549165242082915
2023-04-15 20:00:00+08:00,0.0,0.17381694294275385
2023-04-15 21:00:00+08:00,0.0,0.13445094423998236
2023-04-15 22:00:00+08:00,0.0,0.017043803135640415
2023-04-15 23:00:00+08:00,0.0,0.0
2023-04-16 00:00:00+08:00,0.0,0.0
2023-04-16 01:00:00+08:00,0.0,0.0
2023-04-16 02:00:00+08:00,0.0,0.0
2023-04-16 03:00:00+08:00,0.0,0.0
2023-04-16 04:00:00+08:00,0.0,0.0
2023-04-16 05:00:00+08:00,0.0873863213492442,0.0
2023-04-16 06:00:00+08:00,0.8137742572002182,0.0
2023-04-16 07:00:00+08:00,3.7481357998523945,0.04518695946782358
2023-04-16 08:00:00+08:00,7.541637535331287,0.02205347540669832
2023-04-16 09:00:00+08:00,10.764483294755612,0.0
2023-04-16 10:00:00+08:00,13.122026620569047,0.0
2023-04-16 11:00:00+08:00,14.507273111903231,0.0
2023-04-16 12:00:00+08:00,14.70738682454355,0.0
2023-04-16 13:00:00+08:00,14.12747596492636,0.0
2023-04-16 14:00:00+08:00,12.682767983332807,0.0
2023-04-16 15:00:00+08:00,10.23042117547512,0.0
2023-04-16 16:00:00+08:00,6.531658714305589,0.0
2023-04-16 17:00:00+08:00,2.8015637596365854,0.0
2023-04-16 18:00:00+08:00,0.2969194752278128,0.0
2023-04-16 19:00:00+08:00,0.0,0.17107379500170156
2023-04-16 20:00:00+08:00,0.0,0.360363451015842
2023-04-16 21:00:00+08:00,0.0,0.5070106398650472
2023-04-16 22:00:00+08:00,0.0,0.7080847441291995
2023-04-16 23:00:00+08:00,0.0,0.941679159417412
2023-04-17 00:00:00+08:00,0.0,1.0559278770093843
2023-04-17 01:00:00+08:00,0.0,1.2848520533400993
2023-04-17 02:00:00+08:00,0.0,1.6950635179442066
2023-04-17 03:00:00+08:00,0.0,2.189181316637165
2023-04-17 04:00:00+08:00,0.0,2.678098494355917
2023-04-17 05:00:00+08:00,0.09208724401024637,2.8294768645805752
2023-04-17 06:00:00+08:00,1.0668077686286495,3.50429180792231
2023-04-17 07:00:00+08:00,2.9509086637399378,3.8693825554797256
2023-04-17 08:00:00+08:00,5.411224338128364,5.837329446440804
2023-04-17 09:00:00+08:00,7.968968709230828,5.261989907843638
2023-04-17 10:00:00+08:00,9.959451998521928,3.358998809897199
2023-04-17 11:00:00+08:00,11.311926253807552,2.1782946896474047
2023-04-17 12:00:00+08:00,11.242580049365746,1.577004695885358
2023-04-17 13:00:00+08:00,8.917413557583727,1.2770396067273408
2023-04-17 14:00:00+08:00,7.907450164749728,1.0079397295103574
2023-04-17 15:00:00+08:00,6.227707421144257,0.4711743708457563
2023-04-17 16:00:00+08:00,3.264362592833104,0.0
2023-04-17 17:00:00+08:00,1.397750671352947,0.0
2023-04-17 18:00:00+08:00,0.1897082240060299,0.0
2023-04-17 19:00:00+08:00,0.0,0.0
2023-04-17 20:00:00+08:00,0.0,0.0
2023-04-17 21:00:00+08:00,0.0,0.0
2023-04-17 22:00:00+08:00,0.0,0.0
2023-04-17 23:00:00+08:00,0.0,0.08551243394036041
2023-04-18 00:00:00+08:00,0.0,0.15235028494080669
2023-04-18 01:00:00+08:00,0.0,0.22927637308807858
2023-04-18 02:00:00+08:00,0.0,0.2878981297286119
2023-04-18 03:00:00+08:00,0.0,0.3304254634067023
2023-04-18 04:00:00+08:00,0.0,0.5070106398650472
2023-04-18 05:00:00+08:00,0.09438278885626264,0.360363451015842
2023-04-18 06:00:00+08:00,1.0843063250092866,0.5070106398650472
2023-04-18 07:00:00+08:00,3.0524277705093907,0.3415014526677879
2023-04-18 08:00:00+08:00,5.949781727188356,1.0079397295103574
2023-04-18 09:00:00+08:00,8.561656568424265,3.1759959939104045
2023-04-18 10:00:00+08:00,10.85363028168025,3.387740700021771
2023-04-18 11:00:00+08:00,12.579292004879527,3.2737163453532356
2023-04-18 12:00:00+08:00,13.053159298167909,2.93337105883858
2023-04-18 13:00:00+08:00,12.601028342296914,2.3452246797777216
2023-04-18 14:00:00+08:00,10.541271800508213,1.8673969579629226
2023-04-18 15:00:00+08:00,8.668310281444095,1.3564799098869178
2023-04-18 16:00:00+08:00,5.65239128559941,0.8411518782631591
2023-04-18 17:00:00+08:00,2.4920620564831903,0.14202236138133761
2023-04-18 18:00:00+08:00,0.31258969325862596,0.14457930188707785
2023-04-18 19:00:00+08:00,0.0,0.24814330199413046
2023-04-18 20:00:00+08:00,0.0,0.21405712867712992
2023-04-18 21:00:00+08:00,0.0,0.14457930188707785
2023-04-18 22:00:00+08:00,0.0,0.0965334929995487
2023-04-18 23:00:00+08:00,0.0,0.0965334929995487
2023-04-19 00:00:00+08:00,0.0,0.10563038151905942
2023-04-19 01:00:00+08:00,0.0,0.06260346603756395
2023-04-19 02:00:00+08:00,0.0,0.027184834209691398
2023-04-19 03:00:00+08:00,0.0,0.010551006399540454
2023-04-19 04:00:00+08:00,0.0,0.0
2023-04-19 05:00:00+08:00,0.12941205281360357,0.0
2023-04-19 06:00:00+08:00,1.1317632664431312,0.0
2023-04-19 07:00:00+08:00,3.5854169906125057,0.0
2023-04-19 08:00:00+08:00,6.916468369173423,0.0
2023-04-19 09:00:00+08:00,9.918029497647062,0.041474474641010714
2023-04-19 10:00:00+08:00,12.23502352688899,0.010551006399540454
2023-04-19 11:00:00+08:00,13.544605569353788,0.0
2023-04-19 12:00:00+08:00,13.491163855138288,0.06663422874901594
2023-04-19 13:00:00+08:00,13.002135958505475,0.264376871252387
2023-04-19 14:00:00+08:00,11.518338829211801,0.5254605174777975
2023-04-19 15:00:00+08:00,9.085872553109915,0.7933630713310769
2023-04-19 16:00:00+08:00,5.981202259059708,0.9095460278965173
2023-04-19 17:00:00+08:00,2.782087364560558,0.31952859672062506
2023-04-19 18:00:00+08:00,0.30685379134859003,0.2231342138402953
2023-04-19 19:00:00+08:00,0.0,0.4159032032860611
2023-04-19 20:00:00+08:00,0.0,0.8110933669045004
2023-04-19 21:00:00+08:00,0.0,1.7991381057254416
2023-04-19 22:00:00+08:00,0.0,2.9995282855175525
2023-04-19 23:00:00+08:00,0.0,3.2316029892567895
2023-04-20 00:00:00+08:00,0.0,3.0801704369770584
2023-04-20 01:00:00+08:00,0.0,2.690510691875823
2023-04-20 02:00:00+08:00,0.0,2.156624247266645
2023-04-20 03:00:00+08:00,0.0,1.6127671597695752
2023-04-20 04:00:00+08:00,0.0,0.5301289626856752
2023-04-20 05:00:00+08:00,0.12927131369112194,0.06260346603756395
2023-04-20 06:00:00+08:00,1.0058533485734895,0.19638775749402856
2023-04-20 07:00:00+08:00,2.5023946814103595,0.0
2023-04-20 08:00:00+08:00,4.475112849762942,0.0
2023-04-20 09:00:00+08:00,7.5236982586029075,0.0
2023-04-20 10:00:00+08:00,7.660353106968681,0.6916934871531896
2023-04-20 11:00:00+08:00,7.195233191288225,4.851142933073046
2023-04-20 12:00:00+08:00,7.013839192909314,10.0
2023-04-20 13:00:00+08:00,5.374288091859779,10.0
2023-04-20 14:00:00+08:00,5.293490138722293,10.0
2023-04-20 15:00:00+08:00,4.412089877183084,10.0
2023-04-20 16:00:00+08:00,2.861580002055974,10.0
2023-04-20 17:00:00+08:00,1.0691594106772495,10.0
2023-04-20 18:00:00+08:00,0.16704691129743945,10.0
2023-04-20 19:00:00+08:00,0.0,9.503125737915717
2023-04-20 20:00:00+08:00,0.0,7.512224900104113
2023-04-20 21:00:00+08:00,0.0,4.814866212891052
2023-04-20 22:00:00+08:00,0.0,2.5439689556738103
2023-04-20 23:00:00+08:00,0.0,1.732461340651826
2023-04-21 00:00:00+08:00,0.0,1.789516423755872
2023-04-21 01:00:00+08:00,0.0,1.9676908173074719
2023-04-21 02:00:00+08:00,0.0,2.3338523342353796
2023-04-21 03:00:00+08:00,0.0,2.653383887609365
2023-04-21 04:00:00+08:00,0.0,2.3910656008171247
2023-04-21 05:00:00+08:00,0.04264241639887762,1.8379482493641501
2023-04-21 06:00:00+08:00,0.38081293900910973,1.6765549784092462
2023-04-21 07:00:00+08:00,0.7844123662158579,2.071305366901273
2023-04-21 08:00:00+08:00,1.173807100189282,3.5635235475990736
2023-04-21 09:00:00+08:00,1.7697591053572619,4.496286978315991
2023-04-21 10:00:00+08:00,3.222841718095147,4.653804596325485
2023-04-21 11:00:00+08:00,3.629978575578807,4.308520774584958
2023-04-21 12:00:00+08:00,4.319763252082366,3.593379978190366
2023-04-21 13:00:00+08:00,2.544644777883418,2.8811241260948894
2023-04-21 14:00:00+08:00,2.835879057577524,2.1782946896474047
2023-04-21 15:00:00+08:00,2.8045738037307206,1.8575481278004073
2023-04-21 16:00:00+08:00,1.777007521343303,1.9779019488377352
2023-04-21 17:00:00+08:00,0.7921169645491147,1.7418904334035197
2023-04-21 18:00:00+08:00,0.09953478547056109,1.4726784513422637
2023-04-21 19:00:00+08:00,0.0,1.8575481278004073
2023-04-21 20:00:00+08:00,0.0,1.5156113977796541
2023-04-21 21:00:00+08:00,0.0,1.2460797046368277
2023-04-21 22:00:00+08:00,0.0,1.2848520533400993
2023-04-21 23:00:00+08:00,0.0,1.4812041432808714
2023-04-22 00:00:00+08:00,0.0,1.5156113977796541
2023-04-22 01:00:00+08:00,0.0,1.4726784513422637
2023-04-22 02:00:00+08:00,0.0,1.3243518170898272
2023-04-22 03:00:00+08:00,0.0,1.3890813362517838
2023-04-22 04:00:00+08:00,0.0,1.6490289170150485
2023-04-22 05:00:00+08:00,0.053647147613531586,1.7230641568129506
2023-04-22 06:00:00+08:00,0.5867125711987422,1.7513514891509339
2023-04-22 07:00:00+08:00,1.3684131326990592,1.7418904334035197
2023-04-22 08:00:00+08:00,2.1983023971965427,1.7136988278039913
2023-04-22 09:00:00+08:00,2.803552762333137,1.1633077233848566
2023-04-22 10:00:00+08:00,2.6138789740434087,0.7302814852674885
2023-04-22 11:00:00+08:00,3.5309995705449597,0.607920656710596
2023-04-22 12:00:00+08:00,4.229123231368473,0.6282944795175941
2023-04-22 13:00:00+08:00,3.4191227018465473,0.6971329382274081
2023-04-22 14:00:00+08:00,2.9475278319836495,0.5978741445234982
2023-04-22 15:00:00+08:00,2.0678430910678784,0.3876258402298792
2023-04-22 16:00:00+08:00,1.514585758427698,0.2913348909016942
2023-04-22 17:00:00+08:00,0.9095856339798145,0.2022062305668645
2023-04-22 18:00:00+08:00,0.2080948938730381,0.0
2023-04-22 19:00:00+08:00,0.0,0.0
2023-04-22 20:00:00+08:00,0.0,0.0
2023-04-22 21:00:00+08:00,0.0,0.0
2023-04-22 22:00:00+08:00,0.0,0.0
2023-04-22 23:00:00+08:00,0.0,0.0
2023-04-23 00:00:00+08:00,0.0,0.001204994000798528
2023-04-23 01:00:00+08:00,0.0,0.11735722246347136
2023-04-23 02:00:00+08:00,0.0,0.23549165242082915
2023-04-23 03:00:00+08:00,0.0,0.3415014526677879
2023-04-23 04:00:00+08:00,0.0,0.5115896319512271
2023-04-23 05:00:00+08:00,0.04944135492734561,0.8230402982230053
2023-04-23 06:00:00+08:00,0.26730439131881506,1.6217856551210685
2023-04-23 07:00:00+08:00,1.1150190885115325,2.765755802270943
2023-04-23 08:00:00+08:00,1.4637900738693885,2.946526896275867
2023-04-23 09:00:00+08:00,2.3131259931360626,2.9202529171847433
2023-04-23 10:00:00+08:00,3.521588731682243,3.121007706975281
2023-04-23 11:00:00+08:00,3.4314117419258077,2.986221124117443
2023-04-23 12:00:00+08:00,3.3595769860332627,1.9984240489373504
2023-04-23 13:00:00+08:00,2.6437737765349194,1.7043652995420446
2023-04-23 14:00:00+08:00,2.214727775541858,2.5439689556738103
2023-04-23 15:00:00+08:00,1.296458315034145,3.1759959939104045
2023-04-23 16:00:00+08:00,1.1683109889566186,2.641081370216912
2023-04-23 17:00:00+08:00,0.7179380854600196,1.667348112306318
2023-04-23 18:00:00+08:00,0.12557380636443483,0.9877800840133821
2023-04-23 19:00:00+08:00,0.0,0.7191341155881517
2023-04-23 20:00:00+08:00,0.0,0.6028857457514326
2023-04-23 21:00:00+08:00,0.0,0.573163891450644
2023-04-23 22:00:00+08:00,0.0,0.7302814852674885
2023-04-23 23:00:00+08:00,0.0,0.8718512720233423
2023-04-24 00:00:00+08:00,0.0,0.607920656710596
2023-04-24 01:00:00+08:00,0.0,0.5538097476983584
2023-04-24 02:00:00+08:00,0.0,0.4241714696198141
2023-04-24 03:00:00+08:00,0.0,0.3758187582849275
2023-04-24 04:00:00+08:00,0.0,0.3415014526677879
2023-04-24 05:00:00+08:00,0.06756391246274343,0.24814330199413046
2023-04-24 06:00:00+08:00,0.8749086535317095,0.29826639011996303
2023-04-24 07:00:00+08:00,2.1629782109672275,0.4979192858292851
2023-04-24 08:00:00+08:00,4.020224781647366,0.7358920546470589
2023-04-24 09:00:00+08:00,6.676748722032566,0.7528719499402164
2023-04-24 10:00:00+08:00,7.006340703852119,0.4844480188735894
2023-04-24 11:00:00+08:00,4.522121665482033,0.22619618049501763
2023-04-24 12:00:00+08:00,6.118351900915052,0.01870026330506096
2023-04-24 13:00:00+08:00,4.4108671412571345,0.0
2023-04-24 14:00:00+08:00,5.641183644227269,0.0
2023-04-24 15:00:00+08:00,3.647675593984376,0.0
2023-04-24 16:00:00+08:00,2.4667293875495977,0.0
2023-04-24 17:00:00+08:00,1.4162613423794623,0.0
2023-04-24 18:00:00+08:00,0.1770194718301903,0.0
2023-04-24 19:00:00+08:00,0.0,0.08335435484485185
2023-04-24 20:00:00+08:00,0.0,0.20809587674015675
2023-04-24 21:00:00+08:00,0.0,0.11027336269340253
2023-04-24 22:00:00+08:00,0.0,0.0
2023-04-24 23:00:00+08:00,0.0,0.0
2023-04-25 00:00:00+08:00,0.0,0.0
2023-04-25 01:00:00+08:00,0.0,0.0
2023-04-25 02:00:00+08:00,0.0,0.0
2023-04-25 03:00:00+08:00,0.0,0.0
2023-04-25 04:00:00+08:00,0.0,0.11735722246347136
2023-04-25 05:00:00+08:00,0.08936033485893012,0.36805021797565457
2023-04-25 06:00:00+08:00,0.9406139065700552,1.0981292530305977
2023-04-25 07:00:00+08:00,2.2132290358112714,1.585898692393955
2023-04-25 08:00:00+08:00,3.6659982197147776,3.0262565609945673
2023-04-25 09:00:00+08:00,7.032915586811866,3.402170838821481
2023-04-25 10:00:00+08:00,9.583503868899143,3.0801704369770584
2023-04-25 11:00:00+08:00,10.555244763212837,2.690510691875823
2023-04-25 12:00:00+08:00,11.09546265809069,2.2552241669899376
2023-04-25 13:00:00+08:00,11.71647859933077,1.8281970929246025
2023-04-25 14:00:00+08:00,9.359980567398175,1.5681416888802255
2023-04-25 15:00:00+08:00,7.00170004333029,1.4221595574902233
2023-04-25 16:00:00+08:00,4.272576496637822,1.1706902109181119
2023-04-25 17:00:00+08:00,1.9615756966199325,0.3304254634067023
2023-04-25 18:00:00+08:00,0.3313786907221602,0.001204994000798528
2023-04-25 19:00:00+08:00,0.0,0.027184834209691398
2023-04-25 20:00:00+08:00,0.0,0.010551006399540454
2023-04-25 21:00:00+08:00,0.0,0.04706451054504447
2023-04-25 22:00:00+08:00,0.0,0.2022062305668645
2023-04-25 23:00:00+08:00,0.0,0.36805021797565457
2023-04-26 00:00:00+08:00,0.0,0.6648585872327488
2023-04-26 01:00:00+08:00,0.0,1.035198089548115
2023-04-26 02:00:00+08:00,0.0,1.1559534671270113
2023-04-26 03:00:00+08:00,0.0,0.7471872329005199
2023-04-26 04:00:00+08:00,0.0,0.4711743708457563
2023-04-26 05:00:00+08:00,0.22317969460541034,0.3836695046068856
2023-04-26 06:00:00+08:00,1.1378799135561048,0.8905813441431448
2023-04-26 07:00:00+08:00,4.095032582266579,0.6490455846564944
2023-04-26 08:00:00+08:00,7.650850902776128,0.24495261803007246
2023-04-26 09:00:00+08:00,10.721636149040515,0.0
2023-04-26 10:00:00+08:00,12.93962631115499,0.0
2023-04-26 11:00:00+08:00,14.30399729844836,0.07487401142047889
2023-04-26 12:00:00+08:00,14.470977046588056,0.15497418008056274
2023-04-26 13:00:00+08:00,13.75468666039406,0.25782719732987885
2023-04-26 14:00:00+08:00,11.917233703568895,0.4241714696198141
2023-04-26 15:00:00+08:00,8.969152627160787,0.6334467503764458
2023-04-26 16:00:00+08:00,5.555039813558861,0.8472402700914611
2023-04-26 17:00:00+08:00,2.515509968300703,0.5538097476983584
2023-04-26 18:00:00+08:00,0.40970411054693395,0.16027264604026287
2023-04-26 19:00:00+08:00,0.0,0.36805021797565457
2023-04-26 20:00:00+08:00,0.0,0.7700752617060064
2023-04-26 21:00:00+08:00,0.0,1.9071194801766296
2023-04-26 22:00:00+08:00,0.0,3.6233973595012308
2023-04-26 23:00:00+08:00,0.0,3.8851046266682654
2023-04-27 00:00:00+08:00,0.0,3.0128734131156274
2023-04-27 01:00:00+08:00,0.0,2.4258169217314984
2023-04-27 02:00:00+08:00,0.0,2.1030453517720265
2023-04-27 03:00:00+08:00,0.0,2.3112127262313837
2023-04-27 04:00:00+08:00,0.0,3.0128734131156274
2023-04-27 05:00:00+08:00,0.19722760077733223,3.8380619925361907
2023-04-27 06:00:00+08:00,1.4535741381000793,4.241526083165573
2023-04-27 07:00:00+08:00,3.400228846734897,4.0123712883222975
2023-04-27 08:00:00+08:00,5.995422744767894,8.44309578075202
2023-04-27 09:00:00+08:00,8.852002572099039,9.14059975485735
2023-04-27 10:00:00+08:00,10.96658327574502,7.061601166981836
2023-04-27 11:00:00+08:00,12.207342869806354,5.857867762397524
2023-04-27 12:00:00+08:00,12.730725902572383,5.358417335377752
2023-04-27 13:00:00+08:00,12.349362177680598,5.3004238868637765
2023-04-27 14:00:00+08:00,10.524034679603517,5.281184101410058
2023-04-27 15:00:00+08:00,8.576140895794378,4.998028059654361
2023-04-27 16:00:00+08:00,5.615090485428377,4.224883683215284
2023-04-27 17:00:00+08:00,2.497486785048661,1.9984240489373504
2023-04-27 18:00:00+08:00,0.4123428253153753,0.4241714696198141
2023-04-27 19:00:00+08:00,0.0,0.4077193062811163
2023-04-27 20:00:00+08:00,0.0,0.5395334026473801
2023-04-27 21:00:00+08:00,0.0,0.7643159102600569
2023-04-27 22:00:00+08:00,0.0,1.2080280106171266
2023-04-27 23:00:00+08:00,0.0,1.4641830999122853
2023-04-28 00:00:00+08:00,0.0,1.0079397295103574
2023-04-28 01:00:00+08:00,0.0,0.8411518782631591
2023-04-28 02:00:00+08:00,0.0,0.5634410654384938
2023-04-28 03:00:00+08:00,0.0,0.3719242394201571
2023-04-28 04:00:00+08:00,0.0,0.11027336269340253
2023-04-28 05:00:00+08:00,0.06957606279433143,0.02375033550472131
2023-04-28 06:00:00+08:00,0.5880779417372569,0.4409628409266438
2023-04-28 07:00:00+08:00,1.2451460040276097,1.2770396067273408
2023-04-28 08:00:00+08:00,1.772400921489949,1.3564799098869178
2023-04-28 09:00:00+08:00,2.4709393918174967,0.8472402700914611
2023-04-28 10:00:00+08:00,3.9838534144647655,0.5634410654384938
2023-04-28 11:00:00+08:00,4.461904735838452,0.5780597552659826
2023-04-28 12:00:00+08:00,5.97072882756153,0.5301289626856752
2023-04-28 13:00:00+08:00,6.111887549881079,0.5161909061934763
2023-04-28 14:00:00+08:00,4.833529250590376,0.4979192858292851
2023-04-28 15:00:00+08:00,3.775370652429754,0.4159032032860611
2023-04-28 16:00:00+08:00,2.3516591789807193,0.29826639011996303
2023-04-28 17:00:00+08:00,1.2139106338358638,0.0965334929995487
2023-04-28 18:00:00+08:00,0.19277540253189074,0.0
2023-04-28 19:00:00+08:00,0.0,0.06867181113645714
2023-04-28 20:00:00+08:00,0.0,0.6334467503764458
2023-04-28 21:00:00+08:00,0.0,5.3004238868637765
2023-04-28 22:00:00+08:00,0.0,7.225495087154189
2023-04-28 23:00:00+08:00,0.0,6.278609673005508
2023-04-29 00:00:00+08:00,0.0,6.023876603508726
2023-04-29 01:00:00+08:00,0.0,5.416823057861923
2023-04-29 02:00:00+08:00,0.0,4.04460385126051
2023-04-29 03:00:00+08:00,0.0,2.5081476045219535
2023-04-29 04:00:00+08:00,0.0,1.1124177577209524
2023-04-29 05:00:00+08:00,0.28461716272747695,0.4624343393484166
2023-04-29 06:00:00+08:00,1.5339738420261644,1.1706902109181119
2023-04-29 07:00:00+08:00,4.281323368375965,0.8718512720233423
2023-04-29 08:00:00+08:00,7.87702433783808,1.9071194801766296
2023-04-29 09:00:00+08:00,11.154850571711593,2.5081476045219535
2023-04-29 10:00:00+08:00,13.598324571894233,1.9575128926797014
2023-04-29 11:00:00+08:00,15.053127636098093,1.5329984742362994
2023-04-29 12:00:00+08:00,15.063429890704272,1.3163933466387472
2023-04-29 13:00:00+08:00,14.577683281478532,1.405560631180195
2023-04-29 14:00:00+08:00,13.0131958369797,1.6217856551210685
2023-04-29 15:00:00+08:00,10.660658453642673,1.6490289170150485
2023-04-29 16:00:00+08:00,7.296048814153949,1.5156113977796541
2023-04-29 17:00:00+08:00,3.446901837403088,0.7135972071225786
2023-04-29 18:00:00+08:00,0.4764939398583852,0.11735722246347136
2023-04-29 19:00:00+08:00,0.0,0.3304254634067023
2023-04-29 20:00:00+08:00,0.0,0.5879206549297022
2023-04-29 21:00:00+08:00,0.0,1.119603762067309
2023-04-29 22:00:00+08:00,0.0,1.6399164796609016
2023-04-29 23:00:00+08:00,0.0,1.8772784541988987
2023-04-30 00:00:00+08:00,0.0,1.3163933466387472
2023-04-30 01:00:00+08:00,0.0,0.9223202113005687
2023-04-30 02:00:00+08:00,0.0,0.6129789314838905
2023-04-30 03:00:00+08:00,0.0,0.3231410732458217
2023-04-30 04:00:00+08:00,0.0,0.10105056917551636
2023-04-30 05:00:00+08:00,0.27069996443664474,0.03963943272561256
2023-04-30 06:00:00+08:00,1.4972983390544903,0.21106752494673162
2023-04-30 07:00:00+08:00,3.9871816802301256,0.23237484570238148
2023-04-30 08:00:00+08:00,6.844107782016812,0.02205347540669832
2023-04-30 09:00:00+08:00,10.05039572271248,0.0
2023-04-30 10:00:00+08:00,12.560331858056134,0.24814330199413046
2023-04-30 11:00:00+08:00,13.988106106018446,0.686278265219552
2023-04-30 12:00:00+08:00,14.102436605583497,1.2692562026335379
2023-04-30 13:00:00+08:00,13.762915821034502,1.550508427048749
2023-04-30 14:00:00+08:00,12.387881609652881,1.577004695885358
2023-04-30 15:00:00+08:00,10.2388814572108,1.4221595574902233
2023-04-30 16:00:00+08:00,7.064970879430668,1.0420806888081804
2023-04-30 17:00:00+08:00,3.527094320019272,0.21106752494673162
2023-04-30 18:00:00+08:00,0.4575908234025319,0.0
2023-04-30 19:00:00+08:00,0.0,0.0
2023-04-30 20:00:00+08:00,0.0,0.0
2023-04-30 21:00:00+08:00,0.0,0.12702749792146
2023-04-30 22:00:00+08:00,0.0,0.360363451015842
2023-04-30 23:00:00+08:00,0.0,0.5115896319512271
2023-05-01 00:00:00+08:00,0.0,0.6231657888044864
2023-05-01 01:00:00+08:00,0.0,0.7816689775844811
2023-05-01 02:00:00+08:00,0.0,0.9159199774530945
2023-05-01 03:00:00+08:00,0.0,0.9612766131368469
2023-05-01 04:00:00+08:00,0.0,1.1268176731916564
2023-05-01 05:00:00+08:00,0.23275281182863555,1.2926935965547157
2023-05-01 06:00:00+08:00,1.0592710680020663,2.1782946896474047
2023-05-01 07:00:00+08:00,3.8581621577297405,1.7991381057254416
2023-05-01 08:00:00+08:00,7.135679869621554,2.4258169217314984
2023-05-01 09:00:00+08:00,10.06308538062249,4.0123712883222975
2023-05-01 10:00:00+08:00,12.041310916146509,4.742843217640498
2023-05-01 11:00:00+08:00,13.447704455865594,4.742843217640498
2023-05-01 12:00:00+08:00,13.26640362690711,4.461760380877743
2023-05-01 13:00:00+08:00,12.915210349918757,4.496286978315991
2023-05-01 14:00:00+08:00,11.62217083653253,4.905890758407249
2023-05-01 15:00:00+08:00,8.852538741096533,5.11007117730665
2023-05-01 16:00:00+08:00,5.9910377546619396,4.308520774584958
2023-05-01 17:00:00+08:00,2.9888162074904603,1.6581727765358865
2023-05-01 18:00:00+08:00,0.4749741262008818,0.4979192858292851
2023-05-01 19:00:00+08:00,0.0,0.7933630713310769
2023-05-01 20:00:00+08:00,0.0,1.1930076019993596
2023-05-01 21:00:00+08:00,0.0,1.6037798702531607
2023-05-01 22:00:00+08:00,0.0,2.0924315189454137
2023-05-01 23:00:00+08:00,0.0,2.1136930945788737
2023-05-02 00:00:00+08:00,0.0,1.9473681208715212
2023-05-02 01:00:00+08:00,0.0,2.3452246797777216
2023-05-02 02:00:00+08:00,0.0,2.277515210683567
2023-05-02 03:00:00+08:00,0.0,2.36807472435761
2023-05-02 04:00:00+08:00,0.0,2.972951874832395
2023-05-02 05:00:00+08:00,0.1789032353680627,2.9995282855175525
2023-05-02 06:00:00+08:00,1.2216409673645152,2.641081370216912
2023-05-02 07:00:00+08:00,2.448426605660759,2.288712868448954
2023-05-02 08:00:00+08:00,4.057640874852826,2.7029595576040166
2023-05-02 09:00:00+08:00,3.982708470477742,3.387740700021771
2023-05-02 10:00:00+08:00,4.743528797918369,3.9484061048019674
2023-05-02 11:00:00+08:00,4.873756851790134,4.325375990758878
2023-05-02 12:00:00+08:00,4.996520491620817,4.224883683215284
2023-05-02 13:00:00+08:00,8.189946724313577,3.5338276350641307
2023-05-02 14:00:00+08:00,8.076983966057226,2.7531227842577537
2023-05-02 15:00:00+08:00,7.104719963364554,2.189181316637165
2023-05-02 16:00:00+08:00,4.864298091265115,1.732461340651826
2023-05-02 17:00:00+08:00,2.3825774769620782,0.5879206549297022
2023-05-02 18:00:00+08:00,0.4515727178227159,0.11027336269340253
2023-05-02 19:00:00+08:00,0.0,0.15235028494080669
2023-05-02 20:00:00+08:00,0.0,0.13695823664069298
2023-05-02 21:00:00+08:00,0.0,0.18779255099732609
2023-05-02 22:00:00+08:00,0.0,0.26767999357195305
2023-05-02 23:00:00+08:00,0.0,0.37973382865286937
2023-05-03 00:00:00+08:00,0.0,0.5538097476983584
2023-05-03 01:00:00+08:00,0.0,0.6542927169273525
2023-05-03 02:00:00+08:00,0.0,0.6701774334330939
2023-05-03 03:00:00+08:00,0.0,0.5538097476983584
2023-05-03 04:00:00+08:00,0.0,0.4409628409266438
2023-05-03 05:00:00+08:00,0.21191824084176586,0.4844480188735894
2023-05-03 06:00:00+08:00,1.320254425199986,0.9351997481998242
2023-05-03 07:00:00+08:00,2.7923103042240043,1.062892574116328
2023-05-03 08:00:00+08:00,4.199278984599825,1.3645857562488983
2023-05-03 09:00:00+08:00,4.633222534275853,1.6037798702531607
2023-05-03 10:00:00+08:00,4.5018400960635025,2.1030453517720265
2023-05-03 11:00:00+08:00,4.3921861705741065,2.7784258129898403
2023-05-03 12:00:00+08:00,5.640442151997224,3.358998809897199
2023-05-03 13:00:00+08:00,5.83770022540602,3.8851046266682654
2023-05-03 14:00:00+08:00,5.321245260528697,4.109571082809145
2023-05-03 15:00:00+08:00,4.323774719985981,4.15873755254526
2023-05-03 16:00:00+08:00,2.8854638295562145,3.806905841618028
2023-05-03 17:00:00+08:00,1.4941746066545765,2.9071724172314513
2023-05-03 18:00:00+08:00,0.3145755118511186,1.577004695885358
2023-05-03 19:00:00+08:00,0.0,0.9287467835218446
2023-05-03 20:00:00+08:00,0.0,0.7700752617060064
2023-05-03 21:00:00+08:00,0.0,0.6438222488629927
2023-05-03 22:00:00+08:00,0.0,0.4889164114229659
2023-05-03 23:00:00+08:00,0.0,0.24814330199413046
2023-05-04 00:00:00+08:00,0.0,0.35275802474226525
2023-05-04 01:00:00+08:00,0.0,0.4494868112261699
2023-05-04 02:00:00+08:00,0.0,0.4711743708457563
2023-05-04 03:00:00+08:00,0.0,0.573163891450644
2023-05-04 04:00:00+08:00,0.0,0.4800015839828644
2023-05-04 05:00:00+08:00,0.09804559388050739,0.3452335064916994
2023-05-04 06:00:00+08:00,0.4056225912344261,0.36805021797565457
2023-05-04 07:00:00+08:00,0.6552347910011811,0.39560070681441095
2023-05-04 08:00:00+08:00,1.4840666429989706,0.44521409062014494
2023-05-04 09:00:00+08:00,2.2282456439886995,0.4979192858292851
2023-05-04 10:00:00+08:00,2.64121227031879,0.5780597552659826
2023-05-04 11:00:00+08:00,2.762301510218051,0.6701774334330939
2023-05-04 12:00:00+08:00,2.695265951551067,0.7471872329005199
2023-05-04 13:00:00+08:00,2.5023728367784357,0.8656597981817654
2023-05-04 14:00:00+08:00,1.9703495168836227,1.0559278770093843
2023-05-04 15:00:00+08:00,1.7574031274871136,1.2770396067273408
2023-05-04 16:00:00+08:00,1.1534532723833706,1.455718034908033
2023-05-04 17:00:00+08:00,0.567627430983414,1.541738064056598
2023-05-04 18:00:00+08:00,0.13896183525837494,1.223162642326203
2023-05-04 19:00:00+08:00,0.0,0.7302814852674885
2023-05-04 20:00:00+08:00,0.0,0.5115896319512271
2023-05-04 21:00:00+08:00,0.0,0.4800015839828644
2023-05-04 22:00:00+08:00,0.0,0.5442695055670139
2023-05-04 23:00:00+08:00,0.0,0.6701774334330939
2023-05-05 00:00:00+08:00,0.0,0.6916934871531896
2023-05-05 01:00:00+08:00,0.0,0.8533543512987277
2023-05-05 02:00:00+08:00,0.0,0.8905813441431448
2023-05-05 03:00:00+08:00,0.0,0.8472402700914611
2023-05-05 04:00:00+08:00,0.0,0.9287467835218446
2023-05-05 05:00:00+08:00,0.1581952340202626,0.9811140326972586
2023-05-05 06:00:00+08:00,1.0670550143325472,1.8281970929246025
2023-05-05 07:00:00+08:00,2.2099250904174674,2.972951874832395
2023-05-05 08:00:00+08:00,1.8893430119995867,3.8851046266682654
2023-05-05 09:00:00+08:00,2.8486990135624266,4.241526083165573
2023-05-05 10:00:00+08:00,4.272406956097717,4.093266376505701
2023-05-05 11:00:00+08:00,3.0561823552926644,4.5309866410441035
2023-05-05 12:00:00+08:00,3.7394335868802013,6.257117875467447
2023-05-05 13:00:00+08:00,4.316740422587183,8.235753540131174
2023-05-05 14:00:00+08:00,2.6924449254559613,8.68042418783484
2023-05-05 15:00:00+08:00,1.537328543405163,8.158871745881527
2023-05-05 16:00:00+08:00,1.127223230878819,7.296491958470749
2023-05-05 17:00:00+08:00,0.6449095305698384,6.214278789908356
2023-05-05 18:00:00+08:00,0.12663749339719982,5.857867762397524
2023-05-05 19:00:00+08:00,0.0,4.565859801725306
2023-05-05 20:00:00+08:00,0.0,2.520052125830624
2023-05-05 21:00:00+08:00,0.0,1.3973060568347386
2023-05-05 22:00:00+08:00,0.0,1.0283427480712037
2023-05-05 23:00:00+08:00,0.0,0.8472402700914611
2023-05-06 00:00:00+08:00,0.0,0.7933630713310769
2023-05-06 01:00:00+08:00,0.0,1.0420806888081804
2023-05-06 02:00:00+08:00,0.0,0.9223202113005687
2023-05-06 03:00:00+08:00,0.0,0.7700752617060064
2023-05-06 04:00:00+08:00,0.0,0.8533543512987277
2023-05-06 05:00:00+08:00,0.33768629203073025,1.2615017869757856
2023-05-06 06:00:00+08:00,1.4860559333916417,1.9881463413533937
2023-05-06 07:00:00+08:00,4.126016980038852,3.0801704369770584
2023-05-06 08:00:00+08:00,7.3160510044177816,6.278609673005508
2023-05-06 09:00:00+08:00,10.365666491773057,8.082463068868037
2023-05-06 10:00:00+08:00,12.124271839790506,8.031786072662657
2023-05-06 11:00:00+08:00,13.729764335994693,7.732101998269057
2023-05-06 12:00:00+08:00,14.713545168371677,8.031786072662657
2023-05-06 13:00:00+08:00,12.600511458766917,8.707061540937952
2023-05-06 14:00:00+08:00,11.970699727291885,9.903988287671943
2023-05-06 15:00:00+08:00,6.3679336296405955,10.0
2023-05-06 16:00:00+08:00,3.908603438740686,9.36259370291802
2023-05-06 17:00:00+08:00,2.0398080605375344,6.584584850961985
2023-05-06 18:00:00+08:00,0.412394429592897,3.932518648095805
2023-05-06 19:00:00+08:00,0.0,1.937256447800026
2023-05-06 20:00:00+08:00,0.0,0.7135972071225786
2023-05-06 21:00:00+08:00,0.0,0.36805021797565457
2023-05-06 22:00:00+08:00,0.0,0.2878981297286119
2023-05-06 23:00:00+08:00,0.0,0.21106752494673162
2023-05-07 00:00:00+08:00,0.0,0.16027264604026287
2023-05-07 01:00:00+08:00,0.0,0.18496259999682663
2023-05-07 02:00:00+08:00,0.0,0.21106752494673162
2023-05-07 03:00:00+08:00,0.0,0.264376871252387
2023-05-07 04:00:00+08:00,0.0,0.29826639011996303
2023-05-07 05:00:00+08:00,0.3665258595163348,0.3159358604550535
2023-05-07 06:00:00+08:00,1.4076453191805942,0.9744748065010632
2023-05-07 07:00:00+08:00,3.9956816134705457,0.7643159102600569
2023-05-07 08:00:00+08:00,7.261102005278869,2.7784258129898403
2023-05-07 09:00:00+08:00,10.2039544528736,5.857867762397524
2023-05-07 10:00:00+08:00,12.464928888240458,6.0658536616755905
2023-05-07 11:00:00+08:00,13.836765774680448,5.982089917160712
2023-05-07 12:00:00+08:00,13.619318106223565,6.108021524324524
2023-05-07 13:00:00+08:00,13.253214577601023,6.214278789908356
2023-05-07 14:00:00+08:00,11.855582970715352,5.261989907843638
2023-05-07 15:00:00+08:00,9.042257278639775,4.142306616746022
2023-05-07 16:00:00+08:00,6.073250224268225,3.373350041741312
2023-05-07 17:00:00+08:00,3.166731284702114,2.1243748014488544
2023-05-07 18:00:00+08:00,0.6870585363426376,0.6542927169273525
2023-05-07 19:00:00+08:00,0.0,0.4580968815074026
2023-05-07 20:00:00+08:00,0.0,0.3415014526677879
2023-05-07 21:00:00+08:00,0.0,0.21405712867712992
2023-05-07 22:00:00+08:00,0.0,0.13695823664069298
2023-05-07 23:00:00+08:00,0.0,0.10333260628488947
2023-05-08 00:00:00+08:00,0.0,0.058631545524665506
2023-05-08 01:00:00+08:00,0.0,0.013770904145080145
2023-05-08 02:00:00+08:00,0.0,0.0
2023-05-08 03:00:00+08:00,0.0,0.0
2023-05-08 04:00:00+08:00,0.0,0.0
2023-05-08 05:00:00+08:00,0.4247368228943392,0.0
2023-05-08 06:00:00+08:00,1.806109701494623,0.0
2023-05-08 07:00:00+08:00,4.501858470480992,0.0
2023-05-08 08:00:00+08:00,7.302658520467771,0.0
2023-05-08 09:00:00+08:00,10.161008562946767,0.0
2023-05-08 10:00:00+08:00,12.21888727708714,0.10794394896092946
2023-05-08 11:00:00+08:00,14.345221511953305,0.22619618049501763
2023-05-08 12:00:00+08:00,14.006078177503117,0.2777031509587361
2023-05-08 13:00:00+08:00,13.405746669824945,0.24814330199413046
2023-05-08 14:00:00+08:00,11.90093447060107,0.14202236138133761
2023-05-08 15:00:00+08:00,9.605090175433254,0.04895633950867902
2023-05-08 16:00:00+08:00,6.521775958096621,0.0
2023-05-08 17:00:00+08:00,3.24357836911391,0.0
2023-05-08 18:00:00+08:00,0.5235755513462901,0.0
2023-05-08 19:00:00+08:00,0.0,0.0
2023-05-08 20:00:00+08:00,0.0,0.0
2023-05-08 21:00:00+08:00,0.0,0.0
2023-05-08 22:00:00+08:00,0.0,0.08121152712801255
2023-05-08 23:00:00+08:00,0.0,0.17657734332988953
2023-05-09 00:00:00+08:00,0.0,0.20809587674015675
2023-05-09 01:00:00+08:00,0.0,0.18496259999682663
2023-05-09 02:00:00+08:00,0.0,0.17381694294275385
2023-05-09 03:00:00+08:00,0.0,0.16027264604026287
2023-05-09 04:00:00+08:00,0.0,0.16027264604026287
2023-05-09 05:00:00+08:00,0.3790611692190425,0.10563038151905942
2023-05-09 06:00:00+08:00,1.5599269431315093,0.0965334929995487
2023-05-09 07:00:00+08:00,4.015348703602449,0.15761494908608034
2023-05-09 08:00:00+08:00,7.055486612069506,0.08551243394036041
2023-05-09 09:00:00+08:00,9.906364586292325,0.10563038151905942
2023-05-09 10:00:00+08:00,12.066487702837266,0.16563904012623423
2023-05-09 11:00:00+08:00,13.198167003218561,0.23862684732632486
2023-05-09 12:00:00+08:00,11.910175365151053,0.2913348909016942
2023-05-09 13:00:00+08:00,14.456629307378433,0.35275802474226525
2023-05-09 14:00:00+08:00,6.445612551650471,0.3489856791555575
2023-05-09 15:00:00+08:00,4.62063044607322,0.2878981297286119
2023-05-09 16:00:00+08:00,3.059990434183291,0.23549165242082915
2023-05-09 17:00:00+08:00,1.7257325001876553,0.03243933978300283
2023-05-09 18:00:00+08:00,0.43554636842259153,0.0
2023-05-09 19:00:00+08:00,0.0,0.0
2023-05-09 20:00:00+08:00,0.0,0.0
2023-05-09 21:00:00+08:00,0.0,0.0
2023-05-09 22:00:00+08:00,0.0,0.0
2023-05-09 23:00:00+08:00,0.0,0.0
2023-05-10 00:00:00+08:00,0.0,0.0
2023-05-10 01:00:00+08:00,0.0,0.0
2023-05-10 02:00:00+08:00,0.0,0.0
2023-05-10 03:00:00+08:00,0.0,0.0
2023-05-10 04:00:00+08:00,0.0,0.0
2023-05-10 05:00:00+08:00,0.2289458647465926,0.0
2023-05-10 06:00:00+08:00,1.143114226712922,0.0
2023-05-10 07:00:00+08:00,2.818067388259691,0.0
2023-05-10 08:00:00+08:00,5.423270825243309,0.0
2023-05-10 09:00:00+08:00,7.736857257086072,0.0
2023-05-10 10:00:00+08:00,9.864549929304102,0.0
2023-05-10 11:00:00+08:00,11.891626111088442,0.0
2023-05-10 12:00:00+08:00,10.75878947615999,0.0
2023-05-10 13:00:00+08:00,10.974176387665223,0.0
2023-05-10 14:00:00+08:00,6.6875834114130495,0.0
2023-05-10 15:00:00+08:00,5.342396374841243,0.0
2023-05-10 16:00:00+08:00,3.384361466629461,0.0
2023-05-10 17:00:00+08:00,1.7976034277495232,0.0
2023-05-10 18:00:00+08:00,0.41728862400730143,0.0
2023-05-10 19:00:00+08:00,0.0,0.010551006399540454
2023-05-10 20:00:00+08:00,0.0,0.04518695946782358
2023-05-10 21:00:00+08:00,0.0,0.08335435484485185
2023-05-10 22:00:00+08:00,0.0,0.12216001861642253
2023-05-10 23:00:00+08:00,0.0,0.09207872032793184
2023-05-11 00:00:00+08:00,0.0,0.04518695946782358
2023-05-11 01:00:00+08:00,0.0,0.017043803135640415
2023-05-11 02:00:00+08:00,0.0,0.0
2023-05-11 03:00:00+08:00,0.0,0.0
2023-05-11 04:00:00+08:00,0.0,0.0
2023-05-11 05:00:00+08:00,0.3780371125921459,0.0
2023-05-11 06:00:00+08:00,1.7184654562669845,0.0
2023-05-11 07:00:00+08:00,3.8674283168942347,0.0
2023-05-11 08:00:00+08:00,6.682175043458368,0.21405712867712992
2023-05-11 09:00:00+08:00,9.639351716638723,0.5490282692230389
2023-05-11 10:00:00+08:00,11.791925233977368,0.7758595994531804
2023-05-11 11:00:00+08:00,12.732100025428629,0.7758595994531804
2023-05-11 12:00:00+08:00,12.617762110689528,0.7758595994531804
2023-05-11 13:00:00+08:00,10.828824919211465,0.8110933669045004
2023-05-11 14:00:00+08:00,8.298602177606773,0.8594941759678609
2023-05-11 15:00:00+08:00,5.984040566526233,0.8230402982230053
2023-05-11 16:00:00+08:00,3.4696372246215668,0.8656597981817654
2023-05-11 17:00:00+08:00,1.9823238079524015,0.3565505973347257
2023-05-11 18:00:00+08:00,0.45936839155419357,0.02546077041141802
2023-05-11 19:00:00+08:00,0.0,0.10105056917551636
2023-05-11 20:00:00+08:00,0.0,0.17107379500170156
2023-05-11 21:00:00+08:00,0.0,0.26767999357195305
2023-05-11 22:00:00+08:00,0.0,0.3758187582849275
2023-05-11 23:00:00+08:00,0.0,0.4979192858292851
2023-05-12 00:00:00+08:00,0.0,0.5442695055670139
2023-05-12 01:00:00+08:00,0.0,0.5442695055670139
2023-05-12 02:00:00+08:00,0.0,0.5780597552659826
2023-05-12 03:00:00+08:00,0.0,0.6334467503764458
2023-05-12 04:00:00+08:00,0.0,0.8170541230815288
2023-05-12 05:00:00+08:00,0.34088464119579276,0.9223202113005687
2023-05-12 06:00:00+08:00,1.3600942446684376,1.667348112306318
2023-05-12 07:00:00+08:00,3.613817962857757,1.506963802977499
2023-05-12 08:00:00+08:00,6.440401211135862,2.986221124117443
2023-05-12 09:00:00+08:00,9.063390880310493,3.445698679165141
2023-05-12 10:00:00+08:00,11.067084505227145,3.0396777832372774
2023-05-12 11:00:00+08:00,12.222616646354183,2.7029595576040166
2023-05-12 12:00:00+08:00,13.057559393695014,2.299945355603925
2023-05-12 13:00:00+08:00,12.329108973939626,1.9676908173074719
2023-05-12 14:00:00+08:00,10.87226618182179,1.6950635179442066
2023-05-12 15:00:00+08:00,8.378348951200564,1.4641830999122853
2023-05-12 16:00:00+08:00,5.288939592073035,1.308464189121137
2023-05-12 17:00:00+08:00,2.548633649523095,1.0147136221352275
2023-05-12 18:00:00+08:00,0.5533638022960602,0.8533543512987277
2023-05-12 19:00:00+08:00,0.0,2.7531227842577537
2023-05-12 20:00:00+08:00,0.0,4.583361579005576
2023-05-12 21:00:00+08:00,0.0,4.6361283475998745
2023-05-12 22:00:00+08:00,0.0,4.04460385126051
2023-05-12 23:00:00+08:00,0.0,3.1759959939104045
2023-05-13 00:00:00+08:00,0.0,1.7608445619769741
2023-05-13 01:00:00+08:00,0.0,0.4800015839828644
2023-05-13 02:00:00+08:00,0.0,0.05666751588541606
2023-05-13 03:00:00+08:00,0.0,0.0
2023-05-13 04:00:00+08:00,0.0,0.0
2023-05-13 05:00:00+08:00,0.37845494209582126,0.0
2023-05-13 06:00:00+08:00,1.3329127433052366,0.0
2023-05-13 07:00:00+08:00,3.850179818772308,0.11027336269340253
2023-05-13 08:00:00+08:00,7.039057189394991,0.7585814910324272
2023-05-13 09:00:00+08:00,9.888762281623762,0.9351997481998242
2023-05-13 10:00:00+08:00,12.072384927300819,1.0147136221352275
2023-05-13 11:00:00+08:00,13.377982281000694,0.9223202113005687
2023-05-13 12:00:00+08:00,13.63826344738311,0.70259667252511
2023-05-13 13:00:00+08:00,13.014890705594162,0.4409628409266438
2023-05-13 14:00:00+08:00,11.52919017383519,0.24814330199413046
2023-05-13 15:00:00+08:00,9.255739107818986,0.10563038151905942
2023-05-13 16:00:00+08:00,6.321315077391125,0.0
2023-05-13 17:00:00+08:00,3.1070057830115356,0.0
2023-05-13 18:00:00+08:00,0.6054163711687519,0.0
2023-05-13 19:00:00+08:00,0.0,0.0
2023-05-13 20:00:00+08:00,0.0,0.0
2023-05-13 21:00:00+08:00,0.0,0.0
2023-05-13 22:00:00+08:00,0.0,0.05278304742680161
2023-05-13 23:00:00+08:00,0.0,0.14974320958390933
2023-05-14 00:00:00+08:00,0.0,0.22009041904100865
2023-05-14 01:00:00+08:00,0.0,0.2913348909016942
2023-05-14 02:00:00+08:00,0.0,0.3836695046068856
2023-05-14 03:00:00+08:00,0.0,0.5161909061934763
2023-05-14 04:00:00+08:00,0.0,0.5442695055670139
2023-05-14 05:00:00+08:00,0.37502148863501417,0.3304254634067023
2023-05-14 06:00:00+08:00,1.58708922455424,0.4077193062811163
2023-05-14 07:00:00+08:00,3.47708471497953,1.2155810215437999
2023-05-14 08:00:00+08:00,5.993675343334186,1.4388785478450947
2023-05-14 09:00:00+08:00,8.458892626376208,1.405560631180195
2023-05-14 10:00:00+08:00,10.625353955082545,1.405560631180195
2023-05-14 11:00:00+08:00,11.836666021301971,1.667348112306318
2023-05-14 12:00:00+08:00,12.056695010319517,1.8184783862269043
2023-05-14 13:00:00+08:00,11.326832921841723,1.7703697059645416
2023-05-14 14:00:00+08:00,9.883178025782518,1.2615017869757856
2023-05-14 15:00:00+08:00,7.706904735312915,0.7358920546470589
2023-05-14 16:00:00+08:00,4.815442044381681,0.3758187582849275
2023-05-14 17:00:00+08:00,2.3980095149613048,0.0306740648125807
2023-05-14 18:00:00+08:00,0.545117276077277,0.004268483990624318
2023-05-14 19:00:00+08:00,0.0,0.19928812443434096
2023-05-14 20:00:00+08:00,0.0,0.4409628409266438
2023-05-14 21:00:00+08:00,0.0,0.7875034501828128
2023-05-14 22:00:00+08:00,0.0,1.0559278770093843
2023-05-14 23:00:00+08:00,0.0,0.8170541230815288
2023-05-15 00:00:00+08:00,0.0,0.6701774334330939
2023-05-15 01:00:00+08:00,0.0,0.6808872183435921
2023-05-15 02:00:00+08:00,0.0,0.5780597552659826
2023-05-15 03:00:00+08:00,0.0,0.43252453794560025
2023-05-15 04:00:00+08:00,0.0,0.33778946360092
2023-05-15 05:00:00+08:00,0.38825847399304736,0.3017612363309558
2023-05-15 06:00:00+08:00,1.433097058478614,0.8843119909211284
2023-05-15 07:00:00+08:00,3.8122153654727438,0.6028857457514326
2023-05-15 08:00:00+08:00,6.720949162260253,0.5348199063812349
2023-05-15 09:00:00+08:00,9.354913604449232,0.6129789314838905
2023-05-15 10:00:00+08:00,11.36115273596523,0.6542927169273525
2023-05-15 11:00:00+08:00,12.489716928764494,0.9031983085479357
2023-05-15 12:00:00+08:00,13.037144803066326,1.2615017869757856
2023-05-15 13:00:00+08:00,12.494464430083331,1.4726784513422637
2023-05-15 14:00:00+08:00,11.245808515513623,1.577004695885358
2023-05-15 15:00:00+08:00,9.02376785084396,1.667348112306318
2023-05-15 16:00:00+08:00,6.235828889054856,1.405560631180195
2023-05-15 17:00:00+08:00,3.1224437918730983,0.6282944795175941
2023-05-15 18:00:00+08:00,0.6625606530659703,0.4844480188735894
2023-05-15 19:00:00+08:00,0.0,1.4983467650155857
2023-05-15 20:00:00+08:00,0.0,3.0937444975038795
2023-05-15 21:00:00+08:00,0.0,3.148424728223047
2023-05-15 22:00:00+08:00,0.0,3.54865555361601
2023-05-15 23:00:00+08:00,0.0,3.301987065226156
2023-05-16 00:00:00+08:00,0.0,2.8166583422098146
2023-05-16 01:00:00+08:00,0.0,2.4258169217314984
2023-05-16 02:00:00+08:00,0.0,2.3452246797777216
2023-05-16 03:00:00+08:00,0.0,2.4026139862089995
2023-05-16 04:00:00+08:00,0.0,2.4141977418194895
2023-05-16 05:00:00+08:00,0.37332112251810573,2.8038770288763732
2023-05-16 06:00:00+08:00,1.40620669058356,3.8537016954633385
2023-05-16 07:00:00+08:00,3.589016725508279,4.6361283475998745
2023-05-16 08:00:00+08:00,6.295196982470725,7.856061138860738
2023-05-16 09:00:00+08:00,8.780586682600756,9.36259370291802
2023-05-16 10:00:00+08:00,10.610115378269331,10.0
2023-05-16 11:00:00+08:00,11.828171247498794,10.0
2023-05-16 12:00:00+08:00,12.720379048913948,10.0
2023-05-16 13:00:00+08:00,12.060405689855978,10.0
2023-05-16 14:00:00+08:00,10.539754448982428,10.0
2023-05-16 15:00:00+08:00,8.159912721290898,10.0
2023-05-16 16:00:00+08:00,5.421861789197347,10.0
2023-05-16 17:00:00+08:00,2.681743172701723,7.756790311710894
2023-05-16 18:00:00+08:00,0.6026230107223414,3.431149774310264
2023-05-16 19:00:00+08:00,0.0,1.937256447800026
2023-05-16 20:00:00+08:00,0.0,1.8184783862269043
2023-05-16 21:00:00+08:00,0.0,2.4141977418194895
2023-05-16 22:00:00+08:00,0.0,3.259639584242266
2023-05-16 23:00:00+08:00,0.0,3.9643350430947955
2023-05-17 00:00:00+08:00,0.0,4.308520774584958
2023-05-17 01:00:00+08:00,0.0,4.342273932426228
2023-05-17 02:00:00+08:00,0.0,3.8851046266682654
2023-05-17 03:00:00+08:00,0.0,3.4602872808708813
2023-05-17 04:00:00+08:00,0.0,3.4602872808708813
2023-05-17 05:00:00+08:00,0.40420413275853817,3.2737163453532356
2023-05-17 06:00:00+08:00,1.511200976659574,3.5338276350641307
2023-05-17 07:00:00+08:00,3.395688759168297,4.724947662742892
2023-05-17 08:00:00+08:00,5.550985064802437,4.479002073477084
2023-05-17 09:00:00+08:00,7.649701713621201,3.6233973595012308
2023-05-17 10:00:00+08:00,9.318877778314324,2.715445145623404
2023-05-17 11:00:00+08:00,10.342079810247554,1.9881463413533937
2023-05-17 12:00:00+08:00,11.81378741898226,1.2537763056711837
2023-05-17 13:00:00+08:00,10.5371755705732,0.5634410654384938
2023-05-17 14:00:00+08:00,8.350172612390775,0.12948562896326898
2023-05-17 15:00:00+08:00,5.9252664948540055,0.007383677235796734
2023-05-17 16:00:00+08:00,3.7228586321338564,0.14974320958390933
2023-05-17 17:00:00+08:00,2.028043901393035,0.6648585872327488
2023-05-17 18:00:00+08:00,0.5083979294671285,2.0087351256725094
2023-05-17 19:00:00+08:00,0.0,3.50429180792231
2023-05-17 20:00:00+08:00,0.0,3.8380619925361907
2023-05-17 21:00:00+08:00,0.0,2.616585636979133
2023-05-17 22:00:00+08:00,0.0,1.4812041432808714
2023-05-17 23:00:00+08:00,0.0,1.7043652995420446
2023-05-18 00:00:00+08:00,0.0,2.1030453517720265
2023-05-18 01:00:00+08:00,0.0,2.1243748014488544
2023-05-18 02:00:00+08:00,0.0,1.9676908173074719
2023-05-18 03:00:00+08:00,0.0,1.7513514891509339
2023-05-18 04:00:00+08:00,0.0,2.0190796256417736
2023-05-18 05:00:00+08:00,0.2187177248844565,1.8673969579629226
2023-05-18 06:00:00+08:00,0.900822594148655,1.8673969579629226
2023-05-18 07:00:00+08:00,1.9250641162887216,1.5156113977796541
2023-05-18 08:00:00+08:00,2.610401142474296,1.2155810215437999
2023-05-18 09:00:00+08:00,3.5515450766362724,1.0981292530305977
2023-05-18 10:00:00+08:00,4.4216658968880305,0.948185071257509
2023-05-18 11:00:00+08:00,6.0282658205087065,0.7758595994531804
2023-05-18 12:00:00+08:00,5.344958240485261,0.6231657888044864
2023-05-18 13:00:00+08:00,7.7077283769506275,0.5070106398650472
2023-05-18 14:00:00+08:00,6.574819238306733,0.4755770526678879
2023-05-18 15:00:00+08:00,5.789867119529712,0.4494868112261699
2023-05-18 16:00:00+08:00,3.894365539798768,0.3996193459417554
2023-05-18 17:00:00+08:00,2.462144873562793,0.24495261803007246
2023-05-18 18:00:00+08:00,0.6362036959704082,0.0
2023-05-18 19:00:00+08:00,0.0,0.02546077041141802
2023-05-18 20:00:00+08:00,0.0,0.0965334929995487
2023-05-18 21:00:00+08:00,0.0,0.205142129974502
2023-05-18 22:00:00+08:00,0.0,0.4580968815074026
2023-05-18 23:00:00+08:00,0.0,0.878068651575496
2023-05-19 00:00:00+08:00,0.0,1.3163933466387472
2023-05-19 01:00:00+08:00,0.0,1.2460797046368277
2023-05-19 02:00:00+08:00,0.0,0.9351997481998242
2023-05-19 03:00:00+08:00,0.0,0.8594941759678609
2023-05-19 04:00:00+08:00,0.0,0.8051579756090176
2023-05-19 05:00:00+08:00,0.438524204904134,0.8656597981817654
2023-05-19 06:00:00+08:00,1.6683183524164058,1.585898692393955
2023-05-19 07:00:00+08:00,3.609312595305144,3.1073569028089847
2023-05-19 08:00:00+08:00,5.642260710822803,3.916672618893401
2023-05-19 09:00:00+08:00,7.907024879546892,3.8851046266682654
2023-05-19 10:00:00+08:00,10.037328397265131,3.729731927581198
2023-05-19 11:00:00+08:00,11.099037760049036,4.028466693790814
2023-05-19 12:00:00+08:00,12.602364360008547,4.5309866410441035
2023-05-19 13:00:00+08:00,12.22635693765545,4.998028059654361
2023-05-19 14:00:00+08:00,10.852110910382256,5.3004238868637765
2023-05-19 15:00:00+08:00,8.581982578686606,5.51508605912665
2023-05-19 16:00:00+08:00,5.871150852633793,6.0658536616755905
2023-05-19 17:00:00+08:00,2.875501898579388,5.416823057861923
2023-05-19 18:00:00+08:00,0.7147505772349109,2.2220474697988015
2023-05-19 19:00:00+08:00,0.0,1.308464189121137
2023-05-19 20:00:00+08:00,0.0,2.3452246797777216
2023-05-19 21:00:00+08:00,0.0,2.9995282855175525
2023-05-19 22:00:00+08:00,0.0,3.121007706975281
2023-05-19 23:00:00+08:00,0.0,2.8941295048958016
2023-05-20 00:00:00+08:00,0.0,2.765755802270943
2023-05-20 01:00:00+08:00,0.0,2.5081476045219535
2023-05-20 02:00:00+08:00,0.0,1.9779019488377352
2023-05-20 03:00:00+08:00,0.0,1.2155810215437999
2023-05-20 04:00:00+08:00,0.0,0.5879206549297022
2023-05-20 05:00:00+08:00,0.29043706710458245,0.36805021797565457
2023-05-20 06:00:00+08:00,1.1168170367460493,0.10563038151905942
2023-05-20 07:00:00+08:00,2.2941175125166264,0.6916934871531896
2023-05-20 08:00:00+08:00,3.485180746407727,1.937256447800026
2023-05-20 09:00:00+08:00,3.8480158391703476,1.594823732488922
2023-05-20 10:00:00+08:00,4.494581417144077,1.0839517264573684
2023-05-20 11:00:00+08:00,5.3329279884834655,2.1030453517720265
2023-05-20 12:00:00+08:00,8.114738709727241,4.125917811528285
2023-05-20 13:00:00+08:00,8.136811554232592,3.9643350430947955
2023-05-20 14:00:00+08:00,6.130053327026564,2.653383887609365
2023-05-20 15:00:00+08:00,5.212137192114832,2.156624247266645
2023-05-20 16:00:00+08:00,3.611784116543653,1.9984240489373504
2023-05-20 17:00:00+08:00,1.8465671712948624,1.405560631180195
2023-05-20 18:00:00+08:00,0.5145713508578631,0.360363451015842
2023-05-20 19:00:00+08:00,0.0,0.33409748520819244
2023-05-20 20:00:00+08:00,0.0,0.6180606241542194
2023-05-20 21:00:00+08:00,0.0,0.6808872183435921
2023-05-20 22:00:00+08:00,0.0,0.37973382865286937
2023-05-20 23:00:00+08:00,0.0,0.13196009304180864
2023-05-21 00:00:00+08:00,0.0,0.04895633950867902
2023-05-21 01:00:00+08:00,0.0,0.06867181113645714
2023-05-21 02:00:00+08:00,0.0,0.20809587674015675
2023-05-21 03:00:00+08:00,0.0,0.3758187582849275
2023-05-21 04:00:00+08:00,0.0,0.3916028896047531
2023-05-21 05:00:00+08:00,0.2605520309726246,0.29479095967117697
2023-05-21 06:00:00+08:00,1.1327221839349084,0.4889164114229659
2023-05-21 07:00:00+08:00,2.039345526774775,0.9095460278965173
2023-05-21 08:00:00+08:00,2.760092553407259,2.9202529171847433
2023-05-21 09:00:00+08:00,2.939524440000098,1.8673969579629226
2023-05-21 10:00:00+08:00,4.0351112660345825,1.2307729270472403
2023-05-21 11:00:00+08:00,3.759634741847609,1.4221595574902233
2023-05-21 12:00:00+08:00,2.4937870757301925,1.6950635179442066
2023-05-21 13:00:00+08:00,2.412594437891384,1.7703697059645416
2023-05-21 14:00:00+08:00,2.5977528752964663,1.8281970929246025
2023-05-21 15:00:00+08:00,1.8024045351521258,2.266352328224862
2023-05-21 16:00:00+08:00,1.5421592301356115,2.580114479746743
2023-05-21 17:00:00+08:00,0.9285282981208445,1.88719267059124
2023-05-21 18:00:00+08:00,0.28983264503452016,0.5115896319512271
2023-05-21 19:00:00+08:00,0.0,0.0
2023-05-21 20:00:00+08:00,0.0,0.0
2023-05-21 21:00:00+08:00,0.0,0.0
2023-05-21 22:00:00+08:00,0.0,0.06260346603756395
2023-05-21 23:00:00+08:00,0.0,0.09429834576714802
2023-05-22 00:00:00+08:00,0.0,0.05086250044163042
2023-05-22 01:00:00+08:00,0.0,0.007383677235796734
2023-05-22 02:00:00+08:00,0.0,0.0
2023-05-22 03:00:00+08:00,0.0,0.0
2023-05-22 04:00:00+08:00,0.0,0.0
2023-05-22 05:00:00+08:00,0.5211446023985555,0.0
2023-05-22 06:00:00+08:00,1.8710432256029508,0.16027264604026287
2023-05-22 07:00:00+08:00,3.8715990628880577,0.13695823664069298
2023-05-22 08:00:00+08:00,6.811301608713474,0.20809587674015675
2023-05-22 09:00:00+08:00,9.488389684377628,0.04706451054504447
2023-05-22 10:00:00+08:00,11.622139322356363,0.10105056917551636
2023-05-22 11:00:00+08:00,12.925605093471097,0.17381694294275385
2023-05-22 12:00:00+08:00,14.034291156894373,0.19638775749402856
2023-05-22 13:00:00+08:00,13.35109257019008,0.20809587674015675
2023-05-22 14:00:00+08:00,11.788164998100688,0.18496259999682663
2023-05-22 15:00:00+08:00,9.635163525417536,0.13445094423998236
2023-05-22 16:00:00+08:00,6.711227619643396,0.07072426632224596
2023-05-22 17:00:00+08:00,3.486701008810564,0.0
2023-05-22 18:00:00+08:00,0.7614404687589177,0.0
2023-05-22 19:00:00+08:00,0.0,0.0
2023-05-22 20:00:00+08:00,0.0,0.0
2023-05-22 21:00:00+08:00,0.0,0.0
2023-05-22 22:00:00+08:00,0.0,0.0
2023-05-22 23:00:00+08:00,0.0,0.0
2023-05-23 00:00:00+08:00,0.0,0.0
2023-05-23 01:00:00+08:00,0.0,0.0
2023-05-23 02:00:00+08:00,0.0,0.0
2023-05-23 03:00:00+08:00,0.0,0.0
2023-05-23 04:00:00+08:00,0.0,0.0
2023-05-23 05:00:00+08:00,0.4643853456510167,0.0
2023-05-23 06:00:00+08:00,1.2720470437084566,0.0
2023-05-23 07:00:00+08:00,3.968085899154528,0.0
2023-05-23 08:00:00+08:00,7.086080989011935,0.0
2023-05-23 09:00:00+08:00,9.825640458181814,0.0
2023-05-23 10:00:00+08:00,11.858879401309327,0.0
2023-05-23 11:00:00+08:00,13.127432704421398,0.07072426632224596
2023-05-23 12:00:00+08:00,13.05309034200001,0.16563904012623423
2023-05-23 13:00:00+08:00,12.637362348063933,0.33409748520819244
2023-05-23 14:00:00+08:00,10.193829683537366,0.6282944795175941
2023-05-23 15:00:00+08:00,7.476095551020446,0.8843119909211284
2023-05-23 16:00:00+08:00,3.665267773180858,0.7992478951121773
2023-05-23 17:00:00+08:00,1.932285159799171,0.3489856791555575
2023-05-23 18:00:00+08:00,0.5520404829843046,0.19638775749402856
2023-05-23 19:00:00+08:00,0.0,0.18779255099732609
2023-05-23 20:00:00+08:00,0.0,0.16563904012623423
2023-05-23 21:00:00+08:00,0.0,0.13695823664069298
2023-05-23 22:00:00+08:00,0.0,0.0987842161080372
2023-05-23 23:00:00+08:00,0.0,0.09207872032793184
2023-05-24 00:00:00+08:00,0.0,0.11497994536177038
2023-05-24 01:00:00+08:00,0.0,0.17935505024601142
2023-05-24 02:00:00+08:00,0.0,0.4200267632453852
2023-05-24 03:00:00+08:00,0.0,0.9944730145323387
2023-05-24 04:00:00+08:00,0.0,1.524289603504953
2023-05-24 05:00:00+08:00,0.4605961540657577,1.4388785478450947
2023-05-24 06:00:00+08:00,1.8098569761379977,1.594823732488922
2023-05-24 07:00:00+08:00,3.748180452700534,1.8673969579629226
2023-05-24 08:00:00+08:00,5.7454513899253765,4.376198208572853
2023-05-24 09:00:00+08:00,7.803093406807111,4.109571082809145
2023-05-24 10:00:00+08:00,10.404681260306218,3.7759136700620073
2023-05-24 11:00:00+08:00,12.115221342395616,4.142306616746022
2023-05-24 12:00:00+08:00,12.559389628722455,4.760782796021217
2023-05-24 13:00:00+08:00,11.995822465501009,5.261989907843638
2023-05-24 14:00:00+08:00,10.423362584219369,5.166700925419405
2023-05-24 15:00:00+08:00,7.8259100675815265,4.565859801725306
2023-05-24 16:00:00+08:00,5.039727241861656,4.142306616746022
2023-05-24 17:00:00+08:00,2.6498758228237516,3.760478941337545
2023-05-24 18:00:00+08:00,0.8341359819148545,2.1136930945788737
2023-05-24 19:00:00+08:00,0.0,0.8051579756090176
2023-05-24 20:00:00+08:00,0.0,1.0769044447574165
2023-05-24 21:00:00+08:00,0.0,1.430504017620602
2023-05-24 22:00:00+08:00,0.0,1.4221595574902233
2023-05-24 23:00:00+08:00,0.0,1.223162642326203
2023-05-25 00:00:00+08:00,0.0,0.8594941759678609
2023-05-25 01:00:00+08:00,0.0,0.7080847441291995
2023-05-25 02:00:00+08:00,0.0,0.6542927169273525
2023-05-25 03:00:00+08:00,0.0,0.6028857457514326
2023-05-25 04:00:00+08:00,0.0,1.3403569131240132
2023-05-25 05:00:00+08:00,0.3118172110820653,1.18554009614246
2023-05-25 06:00:00+08:00,1.196690951074697,0.70259667252511
2023-05-25 07:00:00+08:00,2.350873628034945,0.9678623513418942
2023-05-25 08:00:00+08:00,3.3120668941726534,1.1633077233848566
2023-05-25 09:00:00+08:00,7.193715242683676,1.1052596060696824
2023-05-25 10:00:00+08:00,6.488393733651099,0.7816689775844811
2023-05-25 11:00:00+08:00,6.444258653738934,0.9095460278965173
2023-05-25 12:00:00+08:00,4.070465977596134,1.2307729270472403
2023-05-25 13:00:00+08:00,3.6430128526211165,1.4388785478450947
2023-05-25 14:00:00+08:00,3.588231142877621,1.6217856551210685
2023-05-25 15:00:00+08:00,2.740817812442438,2.1674423512181993
2023-05-25 16:00:00+08:00,2.5651886746870463,2.7029595576040166
2023-05-25 17:00:00+08:00,1.2051371443201764,2.580114479746743
2023-05-25 18:00:00+08:00,0.37519287200582063,1.6857934289275749
2023-05-25 19:00:00+08:00,0.0,0.8290519464118339
2023-05-25 20:00:00+08:00,0.0,0.7415272858304355
2023-05-25 21:00:00+08:00,0.0,0.7135972071225786
2023-05-25 22:00:00+08:00,0.0,0.6028857457514326
2023-05-25 23:00:00+08:00,0.0,0.44521409062014494
2023-05-26 00:00:00+08:00,0.0,0.3159358604550535
2023-05-26 01:00:00+08:00,0.0,0.3489856791555575
2023-05-26 02:00:00+08:00,0.0,0.3304254634067023
2023-05-26 03:00:00+08:00,0.0,0.3017612363309558
2023-05-26 04:00:00+08:00,0.0,0.2610926238659966
2023-05-26 05:00:00+08:00,0.4979190423789998,0.3231410732458217
2023-05-26 06:00:00+08:00,1.8766240106855723,0.6808872183435921
2023-05-26 07:00:00+08:00,3.7561389239854934,0.3758187582849275
2023-05-26 08:00:00+08:00,4.816804928840107,0.28108231384003596
2023-05-26 09:00:00+08:00,6.232628638407543,0.19350507566302386
2023-05-26 10:00:00+08:00,7.254392309439652,0.24495261803007246
2023-05-26 11:00:00+08:00,7.53736732767015,0.23862684732632486
2023-05-26 12:00:00+08:00,7.088630171517075,0.20809587674015675
2023-05-26 13:00:00+08:00,4.665726337940815,0.23549165242082915
2023-05-26 14:00:00+08:00,3.044078820859006,0.26767999357195305
2023-05-26 15:00:00+08:00,2.385057395148558,0.2743430793422245
2023-05-26 16:00:00+08:00,1.5377116883773876,0.2545805375611306
2023-05-26 17:00:00+08:00,0.8892058312099259,0.034218459976613935
2023-05-26 18:00:00+08:00,0.3011825048360677,0.0
2023-05-26 19:00:00+08:00,0.0,0.0
2023-05-26 20:00:00+08:00,0.0,0.0
2023-05-26 21:00:00+08:00,0.0,0.0
2023-05-26 22:00:00+08:00,0.0,0.0
2023-05-26 23:00:00+08:00,0.0,0.0
2023-05-27 00:00:00+08:00,0.0,0.0
2023-05-27 01:00:00+08:00,0.0,0.0
2023-05-27 02:00:00+08:00,0.0,0.0
2023-05-27 03:00:00+08:00,0.0,0.0
2023-05-27 04:00:00+08:00,0.0,0.0
2023-05-27 05:00:00+08:00,0.13625702907867,0.0
2023-05-27 06:00:00+08:00,0.4186191781395108,0.04332363219411342
2023-05-27 07:00:00+08:00,0.800192852166675,0.12702749792146
2023-05-27 08:00:00+08:00,0.9221478839976724,0.2743430793422245
2023-05-27 09:00:00+08:00,1.2436239129426374,0.22009041904100865
2023-05-27 10:00:00+08:00,1.595962324532986,0.03601147947631726
2023-05-27 11:00:00+08:00,1.4797914403804482,0.0
2023-05-27 12:00:00+08:00,1.945270834851138,0.0
2023-05-27 13:00:00+08:00,2.607311724312522,0.0
2023-05-27 14:00:00+08:00,1.711809433636135,0.0
2023-05-27 15:00:00+08:00,1.217002573416846,0.0
2023-05-27 16:00:00+08:00,1.2854572131526374,0.012154357158134217
2023-05-27 17:00:00+08:00,0.7037030581959111,0.4494868112261699
2023-05-27 18:00:00+08:00,0.14529575573758433,1.119603762067309
2023-05-27 19:00:00+08:00,0.0,1.405560631180195
2023-05-27 20:00:00+08:00,0.0,1.8281970929246025
2023-05-27 21:00:00+08:00,0.0,2.029457602928045
2023-05-27 22:00:00+08:00,0.0,1.77992697519654
2023-05-27 23:00:00+08:00,0.0,1.2384119297898142
2023-05-28 00:00:00+08:00,0.0,0.7358920546470589
2023-05-28 01:00:00+08:00,0.0,0.5978741445234982
2023-05-28 02:00:00+08:00,0.0,0.7528719499402164
2023-05-28 03:00:00+08:00,0.0,1.1633077233848566
2023-05-28 04:00:00+08:00,0.0,1.3163933466387472
2023-05-28 05:00:00+08:00,0.13291490902158928,1.1340595451768967
2023-05-28 06:00:00+08:00,0.5424122905768338,0.9287467835218446
2023-05-28 07:00:00+08:00,0.9486413625939789,0.9944730145323387
2023-05-28 08:00:00+08:00,1.3243774349384654,1.430504017620602
2023-05-28 09:00:00+08:00,1.887223039540007,1.4726784513422637
2023-05-28 10:00:00+08:00,2.216767932198479,1.2848520533400993
2023-05-28 11:00:00+08:00,2.6328972941534943,1.0559278770093843
2023-05-28 12:00:00+08:00,2.0590519611592866,1.062892574116328
2023-05-28 13:00:00+08:00,1.8333937146374513,1.1559534671270113
2023-05-28 14:00:00+08:00,1.1902959855710002,1.3645857562488983
2023-05-28 15:00:00+08:00,1.4058551357286013,1.7230641568129506
2023-05-28 16:00:00+08:00,1.099645549928002,1.6399164796609016
2023-05-28 17:00:00+08:00,0.6314218098506287,1.2384119297898142
2023-05-28 18:00:00+08:00,0.15383275728895177,0.5780597552659826
2023-05-28 19:00:00+08:00,0.0,0.2777031509587361
2023-05-28 20:00:00+08:00,0.0,0.21405712867712992
2023-05-28 21:00:00+08:00,0.0,0.12948562896326898
2023-05-28 22:00:00+08:00,0.0,0.03781845236501572
2023-05-28 23:00:00+08:00,0.0,0.0
2023-05-29 00:00:00+08:00,0.0,0.0
2023-05-29 01:00:00+08:00,0.0,0.0
2023-05-29 02:00:00+08:00,0.0,0.0
2023-05-29 03:00:00+08:00,0.0,0.0
2023-05-29 04:00:00+08:00,0.0,0.0
2023-05-29 05:00:00+08:00,0.2778368968076858,0.03601147947631726
2023-05-29 06:00:00+08:00,1.1661535858791603,0.205142129974502
2023-05-29 07:00:00+08:00,2.1464272774198623,0.4624343393484166
2023-05-29 08:00:00+08:00,3.1262083311102886,0.9811140326972586
2023-05-29 09:00:00+08:00,4.075719588065955,1.308464189121137
2023-05-29 10:00:00+08:00,4.747125221674886,1.3973060568347386
2023-05-29 11:00:00+08:00,6.26323437141935,1.5681416888802255
2023-05-29 12:00:00+08:00,5.923244788939303,2.0503142057832244
2023-05-29 13:00:00+08:00,6.938363625138824,2.460887548105672
2023-05-29 14:00:00+08:00,5.268683916041292,2.7029595576040166
2023-05-29 15:00:00+08:00,4.761706908356022,2.59223527858484
2023-05-29 16:00:00+08:00,3.74822978847988,2.135090526464875
2023-05-29 17:00:00+08:00,1.7259595392299194,1.1930076019993596
2023-05-29 18:00:00+08:00,0.5831235643773416,0.11497994536177038
2023-05-29 19:00:00+08:00,0.0,0.06867181113645714
2023-05-29 20:00:00+08:00,0.0,0.017043803135640415
2023-05-29 21:00:00+08:00,0.0,0.0
2023-05-29 22:00:00+08:00,0.0,0.0
2023-05-29 23:00:00+08:00,0.0,0.0
2023-05-30 00:00:00+08:00,0.0,0.012154357158134217
2023-05-30 01:00:00+08:00,0.0,0.005819590664840629
2023-05-30 02:00:00+08:00,0.0,0.0
2023-05-30 03:00:00+08:00,0.0,0.0
2023-05-30 04:00:00+08:00,0.0,0.0
2023-05-30 05:00:00+08:00,0.16010408492933914,0.0
2023-05-30 06:00:00+08:00,0.6320122125404759,0.0
2023-05-30 07:00:00+08:00,1.1912308021705937,0.0
2023-05-30 08:00:00+08:00,1.5981538578430243,0.0
2023-05-30 09:00:00+08:00,3.216849288379114,0.0
2023-05-30 10:00:00+08:00,4.32085228757057,0.0
2023-05-30 11:00:00+08:00,3.7452794976418122,0.0
2023-05-30 12:00:00+08:00,4.457436104097283,0.0
2023-05-30 13:00:00+08:00,5.1099175429003045,0.0
2023-05-30 14:00:00+08:00,8.237234205938112,0.0
2023-05-30 15:00:00+08:00,5.265097265683923,0.0
2023-05-30 16:00:00+08:00,4.168401616914328,0.0
2023-05-30 17:00:00+08:00,2.180782117012853,0.0
2023-05-30 18:00:00+08:00,0.766281761126864,0.0
2023-05-30 19:00:00+08:00,0.0,0.0
2023-05-30 20:00:00+08:00,0.0,0.0
2023-05-30 21:00:00+08:00,0.0,0.0
2023-05-30 22:00:00+08:00,0.0,0.0
2023-05-30 23:00:00+08:00,0.0,0.0
2023-05-31 00:00:00+08:00,0.0,0.0
2023-05-31 01:00:00+08:00,0.0,0.0
2023-05-31 02:00:00+08:00,0.0,0.0
2023-05-31 03:00:00+08:00,0.0,0.0
2023-05-31 04:00:00+08:00,0.0,0.0
2023-05-31 05:00:00+08:00,0.5606537900338706,0.0
2023-05-31 06:00:00+08:00,1.7187765561806154,0.0
2023-05-31 07:00:00+08:00,3.965299312174213,0.0
2023-05-31 08:00:00+08:00,6.69624929350796,0.0
2023-05-31 09:00:00+08:00,8.867252164853168,0.0
2023-05-31 10:00:00+08:00,10.07783230434426,0.0
2023-05-31 11:00:00+08:00,10.753955389413376,0.0
2023-05-31 12:00:00+08:00,11.763272454728522,0.0
2023-05-31 13:00:00+08:00,11.181507441351638,0.10105056917551636
2023-05-31 14:00:00+08:00,6.756610522409749,0.5348199063812349
2023-05-31 15:00:00+08:00,3.6528595284991026,0.8968767653244457
2023-05-31 16:00:00+08:00,3.248283966102369,0.5395334026473801
2023-05-31 17:00:00+08:00,1.623189495043519,0.11497994536177038
2023-05-31 18:00:00+08:00,0.5975694575735828,0.0
2023-05-31 19:00:00+08:00,0.0,0.0
2023-05-31 20:00:00+08:00,0.0,0.0
2023-05-31 21:00:00+08:00,0.0,0.0
2023-05-31 22:00:00+08:00,0.0,0.0
2023-05-31 23:00:00+08:00,0.0,0.0
2023-06-01 00:00:00+08:00,0.0,0.0
2023-06-01 01:00:00+08:00,0.0,0.0
2023-06-01 02:00:00+08:00,0.0,0.03601147947631726
2023-06-01 03:00:00+08:00,0.0,0.10794394896092946
2023-06-01 04:00:00+08:00,0.0,0.18215011777402285
2023-06-01 05:00:00+08:00,0.3957535554676304,0.35275802474226525
2023-06-01 06:00:00+08:00,1.568663585621247,0.7700752617060064
2023-06-01 07:00:00+08:00,3.064901947510763,0.7933630713310769
2023-06-01 08:00:00+08:00,6.103387084035416,0.8290519464118339
2023-06-01 09:00:00+08:00,8.46737367813411,0.8170541230815288
2023-06-01 10:00:00+08:00,10.353484459836098,0.607920656710596
2023-06-01 11:00:00+08:00,11.332821106180804,0.4624343393484166
2023-06-01 12:00:00+08:00,11.73340732537904,0.4036588610696896
2023-06-01 13:00:00+08:00,11.581009384407013,0.4159032032860611
2023-06-01 14:00:00+08:00,10.090032739848299,0.5161909061934763
2023-06-01 15:00:00+08:00,8.255020437665706,0.6180606241542194
2023-06-01 16:00:00+08:00,5.877224595330162,0.6971329382274081
2023-06-01 17:00:00+08:00,3.0743486732099874,0.3836695046068856
2023-06-01 18:00:00+08:00,0.9433623286625241,0.0
2023-06-01 19:00:00+08:00,0.0,0.0
2023-06-01 20:00:00+08:00,0.0,0.0
2023-06-01 21:00:00+08:00,0.0,0.0
2023-06-01 22:00:00+08:00,0.0,0.028922580982444643
2023-06-01 23:00:00+08:00,0.0,0.05278304742680161
2023-06-02 00:00:00+08:00,0.0,0.05666751588541606
2023-06-02 01:00:00+08:00,0.0,0.07908389670693931
2023-06-02 02:00:00+08:00,0.0,0.17657734332988953
2023-06-02 03:00:00+08:00,0.0,0.4241714696198141
2023-06-02 04:00:00+08:00,0.0,0.7758595994531804
2023-06-02 05:00:00+08:00,0.6426601939085063,1.035198089548115
2023-06-02 06:00:00+08:00,1.873881200282959,1.062892574116328
2023-06-02 07:00:00+08:00,3.8286274249343157,1.1268176731916564
2023-06-02 08:00:00+08:00,5.889361772273468,2.0087351256725094
2023-06-02 09:00:00+08:00,8.038331892602967,2.0607929395179383
2023-06-02 10:00:00+08:00,8.09476951591011,1.9984240489373504
2023-06-02 11:00:00+08:00,8.859566037247145,1.8772784541988987
2023-06-02 12:00:00+08:00,9.961158906482302,1.5329984742362994
2023-06-02 13:00:00+08:00,7.83876641270147,1.1052596060696824
2023-06-02 14:00:00+08:00,6.779696221721798,0.70259667252511
2023-06-02 15:00:00+08:00,5.618256472942295,0.4241714696198141
2023-06-02 16:00:00+08:00,5.104112589924835,0.25135259047684894
2023-06-02 17:00:00+08:00,2.9385806732832265,0.07697140949872917
2023-06-02 18:00:00+08:00,1.0177459409668757,0.0
2023-06-02 19:00:00+08:00,0.0,0.0
2023-06-02 20:00:00+08:00,0.0,0.0
2023-06-02 21:00:00+08:00,0.0,0.0
2023-06-02 22:00:00+08:00,0.0,0.01540070144328111
2023-06-02 23:00:00+08:00,0.0,0.01870026330506096
2023-06-03 00:00:00+08:00,0.0,0.0
2023-06-03 01:00:00+08:00,0.0,0.0
2023-06-03 02:00:00+08:00,0.0,0.0
2023-06-03 03:00:00+08:00,0.0,0.0
2023-06-03 04:00:00+08:00,0.0,0.02205347540669832
2023-06-03 05:00:00+08:00,0.5566274111106276,0.02375033550472131
2023-06-03 06:00:00+08:00,1.3852755970282544,0.205142129974502
2023-06-03 07:00:00+08:00,3.891907295922218,0.11497994536177038
2023-06-03 08:00:00+08:00,6.65600661646758,0.11027336269340253
2023-06-03 09:00:00+08:00,9.173707086177608,0.19350507566302386
2023-06-03 10:00:00+08:00,11.190705894004745,0.25782719732987885
2023-06-03 11:00:00+08:00,12.021908937973267,0.29826639011996303
2023-06-03 12:00:00+08:00,13.201180251539242,0.26767999357195305
2023-06-03 13:00:00+08:00,13.036837396946446,0.23237484570238148
2023-06-03 14:00:00+08:00,9.250881113500244,0.28108231384003596
2023-06-03 15:00:00+08:00,5.04034650534394,0.25782719732987885
2023-06-03 16:00:00+08:00,3.1898119336209416,0.16563904012623423
2023-06-03 17:00:00+08:00,1.7815493511421037,0.008960797786395611
2023-06-03 18:00:00+08:00,0.732828712170733,0.0
2023-06-03 19:00:00+08:00,0.0,0.02375033550472131
2023-06-03 20:00:00+08:00,0.0,0.07697140949872917
2023-06-03 21:00:00+08:00,0.0,0.12948562896326898
2023-06-03 22:00:00+08:00,0.0,0.21405712867712992
2023-06-03 23:00:00+08:00,0.0,0.360363451015842
2023-06-04 00:00:00+08:00,0.0,0.49340681571389705
2023-06-04 01:00:00+08:00,0.0,0.5634410654384938
2023-06-04 02:00:00+08:00,0.0,0.4711743708457563
2023-06-04 03:00:00+08:00,0.0,0.3489856791555575
2023-06-04 04:00:00+08:00,0.0,0.31236281036620384
2023-06-04 05:00:00+08:00,0.5469693239131812,0.3996193459417554
2023-06-04 06:00:00+08:00,2.129487292336056,0.9744748065010632
2023-06-04 07:00:00+08:00,4.0516107181363425,0.9811140326972586
2023-06-04 08:00:00+08:00,5.969902002765411,3.148424728223047
2023-06-04 09:00:00+08:00,8.239895835738334,4.39322465121793
2023-06-04 10:00:00+08:00,8.994497247117343,4.3592146536699214
2023-06-04 11:00:00+08:00,8.217167808060086,3.729731927581198
2023-06-04 12:00:00+08:00,6.564154799896322,2.946526896275867
2023-06-04 13:00:00+08:00,8.734369585522165,2.0398691116142276
2023-06-04 14:00:00+08:00,4.738455401984773,1.1706902109181119
2023-06-04 15:00:00+08:00,2.858093964740581,0.607920656710596
2023-06-04 16:00:00+08:00,2.202011903668445,0.3719242394201571
2023-06-04 17:00:00+08:00,0.7837039404960126,0.16027264604026287
2023-06-04 18:00:00+08:00,0.4319224455819369,0.0
2023-06-04 19:00:00+08:00,0.0,0.0
2023-06-04 20:00:00+08:00,0.0,0.054718034547095874
2023-06-04 21:00:00+08:00,0.0,0.26767999357195305
2023-06-04 22:00:00+08:00,0.0,0.5879206549297022
2023-06-04 23:00:00+08:00,0.0,0.8230402982230053
2023-06-05 00:00:00+08:00,0.0,0.7528719499402164
2023-06-05 01:00:00+08:00,0.0,0.4580968815074026
2023-06-05 02:00:00+08:00,0.0,0.2913348909016942
2023-06-05 03:00:00+08:00,0.0,0.12702749792146
2023-06-05 04:00:00+08:00,0.0,0.10333260628488947
2023-06-05 05:00:00+08:00,0.5173694847732238,0.14715289992696734
2023-06-05 06:00:00+08:00,1.8631621888158454,0.5682910128691157
2023-06-05 07:00:00+08:00,3.798477937203794,0.7135972071225786
2023-06-05 08:00:00+08:00,5.885828541706167,0.7643159102600569
2023-06-05 09:00:00+08:00,8.851106551435585,0.8718512720233423
2023-06-05 10:00:00+08:00,9.860172020829296,0.8472402700914611
2023-06-05 11:00:00+08:00,11.645981046064023,0.9095460278965173
2023-06-05 12:00:00+08:00,13.202930096940138,0.8230402982230053
2023-06-05 13:00:00+08:00,12.79515137780719,0.6755202924424075
2023-06-05 14:00:00+08:00,9.798512076096126,0.8110933669045004
2023-06-05 15:00:00+08:00,5.9969431475400725,1.048990599934302
2023-06-05 16:00:00+08:00,4.692565537478497,0.8905813441431448
2023-06-05 17:00:00+08:00,2.54192835687116,0.5115896319512271
2023-06-05 18:00:00+08:00,0.9078121052962058,0.12948562896326898
2023-06-05 19:00:00+08:00,0.06715698135116385,0.3641966398685174
2023-06-05 20:00:00+08:00,0.0,1.3727212400417668
2023-06-05 21:00:00+08:00,0.0,2.1458403237098365
2023-06-05 22:00:00+08:00,0.0,2.029457602928045
2023-06-05 23:00:00+08:00,0.0,1.789516423755872
2023-06-06 00:00:00+08:00,0.0,1.6765549784092462
2023-06-06 01:00:00+08:00,0.0,1.6217856551210685
2023-06-06 02:00:00+08:00,0.0,1.455718034908033
2023-06-06 03:00:00+08:00,0.0,1.200503555463281
2023-06-06 04:00:00+08:00,0.0,0.7585814910324272
2023-06-06 05:00:00+08:00,0.5127320896605024,0.7933630713310769
2023-06-06 06:00:00+08:00,1.3958815823588606,0.7415272858304355
2023-06-06 07:00:00+08:00,3.744648462489828,0.4800015839828644
2023-06-06 08:00:00+08:00,6.583992189255239,0.21405712867712992
2023-06-06 09:00:00+08:00,9.232096519535055,0.0
2023-06-06 10:00:00+08:00,11.052174023735809,0.10563038151905942
2023-06-06 11:00:00+08:00,12.524252211930698,0.16563904012623423
2023-06-06 12:00:00+08:00,12.691939812876225,0.12948562896326898
2023-06-06 13:00:00+08:00,12.060911590103732,0.12702749792146
2023-06-06 14:00:00+08:00,10.646735769414969,0.11497994536177038
2023-06-06 15:00:00+08:00,8.686119045081977,0.08335435484485185
2023-06-06 16:00:00+08:00,5.541626709104729,0.07487401142047889
2023-06-06 17:00:00+08:00,3.0162107068341553,0.041474474641010714
2023-06-06 18:00:00+08:00,1.0454755979211219,0.0
2023-06-06 19:00:00+08:00,0.07107214366904252,0.0
2023-06-06 20:00:00+08:00,0.0,0.0
2023-06-06 21:00:00+08:00,0.0,0.0
2023-06-06 22:00:00+08:00,0.0,0.058631545524665506
2023-06-06 23:00:00+08:00,0.0,0.16294732502601303
2023-06-07 00:00:00+08:00,0.0,0.31952859672062506
2023-06-07 01:00:00+08:00,0.0,0.6971329382274081
2023-06-07 02:00:00+08:00,0.0,1.0147136221352275
2023-06-07 03:00:00+08:00,0.0,1.2080280106171266
2023-06-07 04:00:00+08:00,0.0,1.2460797046368277
2023-06-07 05:00:00+08:00,0.4868216677336352,1.7608445619769741
2023-06-07 06:00:00+08:00,1.6734931181449677,2.1674423512181993
2023-06-07 07:00:00+08:00,3.2703867769343464,2.604392312968002
2023-06-07 08:00:00+08:00,5.031995067052589,3.0262565609945673
2023-06-07 09:00:00+08:00,5.981412965717206,3.0128734131156274
2023-06-07 10:00:00+08:00,6.355815131048314,2.74052670486737
2023-06-07 11:00:00+08:00,8.166240759800273,2.959720483579503
2023-06-07 12:00:00+08:00,9.629085021773323,3.3304144091864014
2023-06-07 13:00:00+08:00,8.094826797609826,3.3446869504065297
2023-06-07 14:00:00+08:00,8.76890291220427,3.5338276350641307
2023-06-07 15:00:00+08:00,7.692368280588809,4.0123712883222975
2023-06-07 16:00:00+08:00,4.898784732714545,4.479002073477084
2023-06-07 17:00:00+08:00,2.451936589294327,3.4166405122233443
2023-06-07 18:00:00+08:00,0.8092970137848223,2.7029595576040166
2023-06-07 19:00:00+08:00,0.047676141277153826,2.74052670486737
2023-06-07 20:00:00+08:00,0.0,2.868156226745816
2023-06-07 21:00:00+08:00,0.0,2.4141977418194895
2023-06-07 22:00:00+08:00,0.0,1.6950635179442066
2023-06-07 23:00:00+08:00,0.0,1.223162642326203
2023-06-08 00:00:00+08:00,0.0,0.5879206549297022
2023-06-08 01:00:00+08:00,0.0,0.14715289992696734
2023-06-08 02:00:00+08:00,0.0,0.0
2023-06-08 03:00:00+08:00,0.0,0.0
2023-06-08 04:00:00+08:00,0.0,0.0
2023-06-08 05:00:00+08:00,0.5021977779129551,0.0
2023-06-08 06:00:00+08:00,1.1540720645951401,0.29826639011996303
2023-06-08 07:00:00+08:00,3.71154700040297,0.5208145166746988
2023-06-08 08:00:00+08:00,6.765713262044973,1.1706902109181119
2023-06-08 09:00:00+08:00,9.49707541856487,2.299945355603925
2023-06-08 10:00:00+08:00,11.6130529059564,3.0128734131156274
2023-06-08 11:00:00+08:00,13.195308850119298,2.653383887609365
2023-06-08 12:00:00+08:00,13.33490587382939,2.071305366901273
2023-06-08 13:00:00+08:00,12.728707043801572,1.4897602298110106
2023-06-08 14:00:00+08:00,11.477647698581706,0.878068651575496
2023-06-08 15:00:00+08:00,9.390118784591232,0.4159032032860611
2023-06-08 16:00:00+08:00,6.710969495842665,0.13948202432684378
2023-06-08 17:00:00+08:00,3.6142905147277484,0.0
2023-06-08 18:00:00+08:00,0.977388469366068,0.0
2023-06-08 19:00:00+08:00,0.08505843595128065,0.0965334929995487
2023-06-08 20:00:00+08:00,0.0,0.35275802474226525
2023-06-08 21:00:00+08:00,0.0,0.5586139950758757
2023-06-08 22:00:00+08:00,0.0,0.8594941759678609
2023-06-08 23:00:00+08:00,0.0,1.3890813362517838
2023-06-09 00:00:00+08:00,0.0,2.3225150344142347
2023-06-09 01:00:00+08:00,0.0,3.4749156335103897
2023-06-09 02:00:00+08:00,0.0,3.5338276350641307
2023-06-09 03:00:00+08:00,0.0,2.520052125830624
2023-06-09 04:00:00+08:00,0.0,1.308464189121137
2023-06-09 05:00:00+08:00,0.5454818194461255,0.5780597552659826
2023-06-09 06:00:00+08:00,1.2532610656695087,0.3231410732458217
2023-06-09 07:00:00+08:00,3.742456274440563,0.0
2023-06-09 08:00:00+08:00,6.70566801575687,0.0
2023-06-09 09:00:00+08:00,9.330172263598012,0.16027264604026287
2023-06-09 10:00:00+08:00,11.37283149280874,0.4036588610696896
2023-06-09 11:00:00+08:00,12.681317245147422,0.4889164114229659
2023-06-09 12:00:00+08:00,12.80810607477039,0.5490282692230389
2023-06-09 13:00:00+08:00,12.281165726437424,0.5634410654384938
2023-06-09 14:00:00+08:00,11.030856149869397,0.573163891450644
2023-06-09 15:00:00+08:00,9.005199527474877,0.5070106398650472
2023-06-09 16:00:00+08:00,6.414486987332002,0.3304254634067023
2023-06-09 17:00:00+08:00,3.4519538233598968,0.020370136034445988
2023-06-09 18:00:00+08:00,0.9663061865655342,0.0
2023-06-09 19:00:00+08:00,0.08362079368928639,0.0
2023-06-09 20:00:00+08:00,0.0,0.005819590664840629
2023-06-09 21:00:00+08:00,0.0,0.14974320958390933
2023-06-09 22:00:00+08:00,0.0,0.2610926238659966
2023-06-09 23:00:00+08:00,0.0,0.3088093923711731
2023-06-10 00:00:00+08:00,0.0,0.30527555238705806
2023-06-10 01:00:00+08:00,0.0,0.3304254634067023
2023-06-10 02:00:00+08:00,0.0,0.4711743708457563
2023-06-10 03:00:00+08:00,0.0,0.9287467835218446
2023-06-10 04:00:00+08:00,0.0,1.6127671597695752
2023-06-10 05:00:00+08:00,0.5238648354558249,1.9881463413533937
2023-06-10 06:00:00+08:00,1.9292984346355249,2.2330717918598095
2023-06-10 07:00:00+08:00,3.8848514668278282,1.7230641568129506
2023-06-10 08:00:00+08:00,6.10330538513952,1.6127671597695752
2023-06-10 09:00:00+08:00,8.904177246233901,1.3727212400417668
2023-06-10 10:00:00+08:00,11.124721031637055,1.3890813362517838
2023-06-10 11:00:00+08:00,12.651092838134314,1.3890813362517838
2023-06-10 12:00:00+08:00,12.747002356327846,1.2155810215437999
2023-06-10 13:00:00+08:00,11.607743777585105,1.1413294321059346
2023-06-10 14:00:00+08:00,10.551650204887903,1.18554009614246
2023-06-10 15:00:00+08:00,8.656113459907395,1.2080280106171266
2023-06-10 16:00:00+08:00,6.2694598714800955,1.0283427480712037
2023-06-10 17:00:00+08:00,3.251068205790683,0.573163891450644
2023-06-10 18:00:00+08:00,0.9156373120489878,0.001204994000798528
2023-06-10 19:00:00+08:00,0.08462806709919378,0.04332363219411342
2023-06-10 20:00:00+08:00,0.0,0.10333260628488947
2023-06-10 21:00:00+08:00,0.0,0.22619618049501763
2023-06-10 22:00:00+08:00,0.0,0.42833737649225145
2023-06-10 23:00:00+08:00,0.0,0.6438222488629927
2023-06-11 00:00:00+08:00,0.0,0.5879206549297022
2023-06-11 01:00:00+08:00,0.0,0.31236281036620384
2023-06-11 02:00:00+08:00,0.0,0.14202236138133761
2023-06-11 03:00:00+08:00,0.0,0.05666751588541606
2023-06-11 04:00:00+08:00,0.0,0.02205347540669832
2023-06-11 05:00:00+08:00,0.5267895875399449,0.0
2023-06-11 06:00:00+08:00,1.405343797714701,0.0965334929995487
2023-06-11 07:00:00+08:00,3.675600418225836,0.0
2023-06-11 08:00:00+08:00,6.472384595016389,0.0
2023-06-11 09:00:00+08:00,9.086940546631691,0.0
2023-06-11 10:00:00+08:00,10.97493052708703,0.0
2023-06-11 11:00:00+08:00,11.714882512393656,0.0
2023-06-11 12:00:00+08:00,10.949843080933936,0.0
2023-06-11 13:00:00+08:00,9.519512235939562,0.0
2023-06-11 14:00:00+08:00,6.621011854523724,0.0
2023-06-11 15:00:00+08:00,3.7561730867479364,0.0
2023-06-11 16:00:00+08:00,1.212219345393576,0.0
2023-06-11 17:00:00+08:00,0.5326604164045693,0.0
2023-06-11 18:00:00+08:00,0.20350627866291654,0.0
2023-06-11 19:00:00+08:00,0.014304565715125193,0.06867181113645714
2023-06-11 20:00:00+08:00,0.0,0.0
2023-06-11 21:00:00+08:00,0.0,0.0
2023-06-11 22:00:00+08:00,0.0,0.0
2023-06-11 23:00:00+08:00,0.0,0.0
2023-06-12 00:00:00+08:00,0.0,0.0
2023-06-12 01:00:00+08:00,0.0,0.0
2023-06-12 02:00:00+08:00,0.0,0.0
2023-06-12 03:00:00+08:00,0.0,0.0
2023-06-12 04:00:00+08:00,0.0,0.0
2023-06-12 05:00:00+08:00,0.34931844044982036,0.0
2023-06-12 06:00:00+08:00,1.2799328256820448,0.0
2023-06-12 07:00:00+08:00,2.595164886328582,0.11975056218738764
2023-06-12 08:00:00+08:00,3.0092037793652935,0.2417804845017715
2023-06-12 09:00:00+08:00,5.568023730467292,0.35275802474226525
2023-06-12 10:00:00+08:00,7.1824585716321705,0.264376871252387
2023-06-12 11:00:00+08:00,9.092392175134721,0.14202236138133761
2023-06-12 12:00:00+08:00,11.45788106016123,0.017043803135640415
2023-06-12 13:00:00+08:00,11.293455240415994,0.0
2023-06-12 14:00:00+08:00,10.409849115857275,0.0
2023-06-12 15:00:00+08:00,8.364692788908608,0.03601147947631726
2023-06-12 16:00:00+08:00,5.890735084420313,0.06461146507701918
2023-06-12 17:00:00+08:00,3.06358199861412,0.05666751588541606
2023-06-12 18:00:00+08:00,0.9213697918447764,0.0
2023-06-12 19:00:00+08:00,0.08959428915763415,0.0
2023-06-12 20:00:00+08:00,0.0,0.0
2023-06-12 21:00:00+08:00,0.0,0.0
2023-06-12 22:00:00+08:00,0.0,0.0
2023-06-12 23:00:00+08:00,0.0,0.0
2023-06-13 00:00:00+08:00,0.0,0.004268483990624318
2023-06-13 01:00:00+08:00,0.0,0.0
2023-06-13 02:00:00+08:00,0.0,0.0
2023-06-13 03:00:00+08:00,0.0,0.0
2023-06-13 04:00:00+08:00,0.0,0.0
2023-06-13 05:00:00+08:00,0.5593744296348174,0.0
2023-06-13 06:00:00+08:00,1.4874725889963705,0.0
2023-06-13 07:00:00+08:00,3.44196979071771,0.0
2023-06-13 08:00:00+08:00,5.989167203187394,0.24814330199413046
2023-06-13 09:00:00+08:00,7.886303548240802,0.42833737649225145
2023-06-13 10:00:00+08:00,8.853760374677703,0.5490282692230389
2023-06-13 11:00:00+08:00,11.005166437861206,0.6542927169273525
2023-06-13 12:00:00+08:00,11.485889201366607,0.7415272858304355
2023-06-13 13:00:00+08:00,11.006015370135106,0.7700752617060064
2023-06-13 14:00:00+08:00,8.626034195679464,0.7875034501828128
2023-06-13 15:00:00+08:00,6.626834924551572,0.8350891217309176
2023-06-13 16:00:00+08:00,4.989997406299655,0.9095460278965173
2023-06-13 17:00:00+08:00,2.954557254307489,0.8350891217309176
2023-06-13 18:00:00+08:00,0.9739543353855924,0.19064002485842413
2023-06-13 19:00:00+08:00,0.09893066808422471,0.12948562896326898
2023-06-13 20:00:00+08:00,0.0,0.23549165242082915
2023-06-13 21:00:00+08:00,0.0,0.31236281036620384
2023-06-13 22:00:00+08:00,0.0,0.29479095967117697
2023-06-13 23:00:00+08:00,0.0,0.2022062305668645
2023-06-14 00:00:00+08:00,0.0,0.12702749792146
2023-06-14 01:00:00+08:00,0.0,0.07487401142047889
2023-06-14 02:00:00+08:00,0.0,0.0
2023-06-14 03:00:00+08:00,0.0,0.0
2023-06-14 04:00:00+08:00,0.0,0.0
2023-06-14 05:00:00+08:00,0.5111589426705858,0.0
2023-06-14 06:00:00+08:00,1.3384171688667987,0.24814330199413046
2023-06-14 07:00:00+08:00,3.649181543883019,0.04332363219411342
2023-06-14 08:00:00+08:00,6.442636656052467,0.0
2023-06-14 09:00:00+08:00,9.030580854021668,0.0
2023-06-14 10:00:00+08:00,10.957430921181686,0.0
2023-06-14 11:00:00+08:00,12.277382648100296,0.0
2023-06-14 12:00:00+08:00,12.297818159340547,0.0
2023-06-14 13:00:00+08:00,11.551712215618457,0.0
2023-06-14 14:00:00+08:00,10.432150002554128,0.0
2023-06-14 15:00:00+08:00,8.530775601255755,0.0
2023-06-14 16:00:00+08:00,6.060168603679201,0.0
2023-06-14 17:00:00+08:00,3.3107744901440426,0.0
2023-06-14 18:00:00+08:00,0.9770062342484649,0.0
2023-06-14 19:00:00+08:00,0.0936430463675748,0.0
2023-06-14 20:00:00+08:00,0.0,0.02205347540669832
2023-06-14 21:00:00+08:00,0.0,0.12702749792146
2023-06-14 22:00:00+08:00,0.0,0.20809587674015675
2023-06-14 23:00:00+08:00,0.0,0.24814330199413046
2023-06-15 00:00:00+08:00,0.0,0.2844806220690267
2023-06-15 01:00:00+08:00,0.0,0.37973382865286937
2023-06-15 02:00:00+08:00,0.0,0.5442695055670139
2023-06-15 03:00:00+08:00,0.0,0.638622655463944
2023-06-15 04:00:00+08:00,0.0,0.5395334026473801
2023-06-15 05:00:00+08:00,0.5032382884033385,0.7135972071225786
2023-06-15 06:00:00+08:00,1.3950747712236822,0.9744748065010632
2023-06-15 07:00:00+08:00,3.549163226252604,0.686278265219552
2023-06-15 08:00:00+08:00,6.0975140766728435,0.6180606241542194
2023-06-15 09:00:00+08:00,8.495151879836582,0.2777031509587361
2023-06-15 10:00:00+08:00,10.279975154331506,0.07908389670693931
2023-06-15 11:00:00+08:00,11.517043920244666,0.03601147947631726
2023-06-15 12:00:00+08:00,11.822266753693734,0.0
2023-06-15 13:00:00+08:00,11.371395362684412,0.0
2023-06-15 14:00:00+08:00,10.183153643051197,0.0
2023-06-15 15:00:00+08:00,8.300989604750754,0.001204994000798528
2023-06-15 16:00:00+08:00,5.826860870985275,0.017043803135640415
2023-06-15 17:00:00+08:00,3.1102790556767252,0.004268483990624318
2023-06-15 18:00:00+08:00,0.9584722517268598,0.0
2023-06-15 19:00:00+08:00,0.09599246027824793,0.07908389670693931
2023-06-15 20:00:00+08:00,0.0,0.18496259999682663
2023-06-15 21:00:00+08:00,0.0,0.2545805375611306
2023-06-15 22:00:00+08:00,0.0,0.36805021797565457
2023-06-15 23:00:00+08:00,0.0,0.39560070681441095
2023-06-16 00:00:00+08:00,0.0,0.3489856791555575
2023-06-16 01:00:00+08:00,0.0,0.27100204490759766
2023-06-16 02:00:00+08:00,0.0,0.17935505024601142
2023-06-16 03:00:00+08:00,0.0,0.10105056917551636
2023-06-16 04:00:00+08:00,0.0,0.04706451054504447
2023-06-16 05:00:00+08:00,0.5451075497047961,0.0
2023-06-16 06:00:00+08:00,1.9454528957135504,0.08335435484485185
2023-06-16 07:00:00+08:00,3.585239741542053,0.020370136034445988
2023-06-16 08:00:00+08:00,5.3561926943806215,0.13196009304180864
2023-06-16 09:00:00+08:00,6.133893191485425,0.17657734332988953
2023-06-16 10:00:00+08:00,7.858956761116406,0.15235028494080669
2023-06-16 11:00:00+08:00,7.734658633842147,0.19928812443434096
2023-06-16 12:00:00+08:00,6.197386160264946,0.28108231384003596
2023-06-16 13:00:00+08:00,5.55308565200894,0.44521409062014494
2023-06-16 14:00:00+08:00,4.706375664679059,0.5928857989438889
2023-06-16 15:00:00+08:00,4.77936012146995,0.6180606241542194
2023-06-16 16:00:00+08:00,3.225176379467115,0.4800015839828644
2023-06-16 17:00:00+08:00,1.8228800737615947,0.15761494908608034
2023-06-16 18:00:00+08:00,0.691035837406559,0.0
2023-06-16 19:00:00+08:00,0.07467759064501987,0.0
2023-06-16 20:00:00+08:00,0.0,0.0
2023-06-16 21:00:00+08:00,0.0,0.0
2023-06-16 22:00:00+08:00,0.0,0.0
2023-06-16 23:00:00+08:00,0.0,0.017043803135640415
2023-06-17 00:00:00+08:00,0.0,0.2545805375611306
2023-06-17 01:00:00+08:00,0.0,0.5682910128691157
2023-06-17 02:00:00+08:00,0.0,0.36805021797565457
2023-06-17 03:00:00+08:00,0.0,0.15235028494080669
2023-06-17 04:00:00+08:00,0.0,0.08987456259899727
2023-06-17 05:00:00+08:00,0.2963840971625939,0.13695823664069298
2023-06-17 06:00:00+08:00,1.1320632822362566,0.24495261803007246
2023-06-17 07:00:00+08:00,2.060995948626678,0.18496259999682663
2023-06-17 08:00:00+08:00,2.7503259018084445,0.0
2023-06-17 09:00:00+08:00,3.342802564221315,0.0
2023-06-17 10:00:00+08:00,5.223417078527605,0.0
2023-06-17 11:00:00+08:00,6.622969964780332,0.0
2023-06-17 12:00:00+08:00,4.504917124517162,0.08987456259899727
2023-06-17 13:00:00+08:00,5.1643528001157515,0.16027264604026287
2023-06-17 14:00:00+08:00,5.515490686498875,0.17657734332988953
2023-06-17 15:00:00+08:00,4.76772911723182,0.16294732502601303
2023-06-17 16:00:00+08:00,4.011546607067243,0.21405712867712992
2023-06-17 17:00:00+08:00,2.266576968356467,0.2417804845017715
2023-06-17 18:00:00+08:00,0.8487109829527656,0.26767999357195305
2023-06-17 19:00:00+08:00,0.09029526691349404,0.28108231384003596
2023-06-17 20:00:00+08:00,0.0,0.9031983085479357
2023-06-17 21:00:00+08:00,0.0,1.1930076019993596
2023-06-17 22:00:00+08:00,0.0,1.048990599934302
2023-06-17 23:00:00+08:00,0.0,0.7816689775844811
2023-06-18 00:00:00+08:00,0.0,0.5301289626856752
2023-06-18 01:00:00+08:00,0.0,0.3267733441135463
2023-06-18 02:00:00+08:00,0.0,0.16563904012623423
2023-06-18 03:00:00+08:00,0.0,0.08987456259899727
2023-06-18 04:00:00+08:00,0.0,0.05086250044163042
2023-06-18 05:00:00+08:00,0.5328844003457808,0.18496259999682663
2023-06-18 06:00:00+08:00,1.7058973824953203,0.4979192858292851
2023-06-18 07:00:00+08:00,3.4609329817426566,0.3641966398685174
2023-06-18 08:00:00+08:00,5.713541658424582,0.09207872032793184
2023-06-18 09:00:00+08:00,7.455699350873577,0.13695823664069298
2023-06-18 10:00:00+08:00,9.312535405478588,0.2878981297286119
2023-06-18 11:00:00+08:00,9.21979696040516,0.4755770526678879
2023-06-18 12:00:00+08:00,10.06955118295841,0.6808872183435921
2023-06-18 13:00:00+08:00,11.089408602263399,0.9351997481998242
2023-06-18 14:00:00+08:00,10.679897156814752,1.1340595451768967
2023-06-18 15:00:00+08:00,9.959294484688183,0.9811140326972586
2023-06-18 16:00:00+08:00,7.6941677990933295,0.6231657888044864
2023-06-18 17:00:00+08:00,3.5799306690907358,0.36805021797565457
2023-06-18 18:00:00+08:00,1.2363604330416842,0.3758187582849275
2023-06-18 19:00:00+08:00,0.09713035829634471,0.10563038151905942
2023-06-18 20:00:00+08:00,0.0,0.07697140949872917
2023-06-18 21:00:00+08:00,0.0,0.005819590664840629
2023-06-18 22:00:00+08:00,0.0,0.0
2023-06-18 23:00:00+08:00,0.0,0.0
2023-06-19 00:00:00+08:00,0.0,0.0
2023-06-19 01:00:00+08:00,0.0,0.0
2023-06-19 02:00:00+08:00,0.0,0.0
2023-06-19 03:00:00+08:00,0.0,0.0
2023-06-19 04:00:00+08:00,0.0,0.0
2023-06-19 05:00:00+08:00,0.19840748954707596,0.0
2023-06-19 06:00:00+08:00,0.7947552856540099,0.08768581849744107
2023-06-19 07:00:00+08:00,1.5035413280834604,0.5070106398650472
2023-06-19 08:00:00+08:00,2.7225608987895775,0.9159199774530945
2023-06-19 09:00:00+08:00,2.6924436539717287,1.048990599934302
2023-06-19 10:00:00+08:00,3.395473570267187,1.1413294321059346
2023-06-19 11:00:00+08:00,3.841598502060695,1.1559534671270113
2023-06-19 12:00:00+08:00,3.5441255061358308,1.048990599934302
2023-06-19 13:00:00+08:00,3.9022833720770795,0.7302814852674885
2023-06-19 14:00:00+08:00,3.4585012788582286,0.46679348443356694
2023-06-19 15:00:00+08:00,2.8616588398842477,0.3565505973347257
2023-06-19 16:00:00+08:00,2.15916226702182,0.26767999357195305
2023-06-19 17:00:00+08:00,1.329863096749255,0.11497994536177038
2023-06-19 18:00:00+08:00,0.5106003656497103,0.0
2023-06-19 19:00:00+08:00,0.070255874863938,0.0
2023-06-19 20:00:00+08:00,0.0,0.0
2023-06-19 21:00:00+08:00,0.0,0.0
2023-06-19 22:00:00+08:00,0.0,0.0
2023-06-19 23:00:00+08:00,0.0,0.0
2023-06-20 00:00:00+08:00,0.0,0.0
2023-06-20 01:00:00+08:00,0.0,0.0
2023-06-20 02:00:00+08:00,0.0,0.0
2023-06-20 03:00:00+08:00,0.0,0.0
2023-06-20 04:00:00+08:00,0.0,0.0
2023-06-20 05:00:00+08:00,0.47861672652914994,0.0
2023-06-20 06:00:00+08:00,1.5831812001940826,0.0
2023-06-20 07:00:00+08:00,3.0077545785684126,0.013770904145080145
2023-06-20 08:00:00+08:00,4.950683165205418,0.16294732502601303
2023-06-20 09:00:00+08:00,7.758321106687685,0.19928812443434096
2023-06-20 10:00:00+08:00,10.139157096279474,0.18779255099732609
2023-06-20 11:00:00+08:00,12.049472588373957,0.15761494908608034
2023-06-20 12:00:00+08:00,12.201014472275974,0.13445094423998236
2023-06-20 13:00:00+08:00,11.471093043074351,0.16027264604026287
2023-06-20 14:00:00+08:00,9.917801072314894,0.21106752494673162
2023-06-20 15:00:00+08:00,8.055880561620027,0.2777031509587361
2023-06-20 16:00:00+08:00,5.358991408929129,0.3565505973347257
2023-06-20 17:00:00+08:00,3.0465041690192747,0.360363451015842
2023-06-20 18:00:00+08:00,1.0231374230647383,0.0
2023-06-20 19:00:00+08:00,0.1181246759094903,0.0
2023-06-20 20:00:00+08:00,0.0,0.0
2023-06-20 21:00:00+08:00,0.0,0.0
2023-06-20 22:00:00+08:00,0.0,0.0
2023-06-20 23:00:00+08:00,0.0,0.0
2023-06-21 00:00:00+08:00,0.0,0.0
2023-06-21 01:00:00+08:00,0.0,0.0
2023-06-21 02:00:00+08:00,0.0,0.020370136034445988
2023-06-21 03:00:00+08:00,0.0,0.012154357158134217
2023-06-21 04:00:00+08:00,0.0,0.0
2023-06-21 05:00:00+08:00,0.6101931842915208,0.0
2023-06-21 06:00:00+08:00,2.0062831051789827,0.0
2023-06-21 07:00:00+08:00,4.234529956588171,0.0
2023-06-21 08:00:00+08:00,6.257751419251601,0.3719242394201571
2023-06-21 09:00:00+08:00,8.312019930298986,0.9223202113005687
2023-06-21 10:00:00+08:00,10.48114026411289,0.8110933669045004
2023-06-21 11:00:00+08:00,12.149640677325069,0.6595636997584692
2023-06-21 12:00:00+08:00,11.910628689240825,0.5538097476983584
2023-06-21 13:00:00+08:00,12.187550791987622,0.4241714696198141
2023-06-21 14:00:00+08:00,10.86629078494243,0.29479095967117697
2023-06-21 15:00:00+08:00,8.923912693179313,0.19350507566302386
2023-06-21 16:00:00+08:00,6.453261297266295,0.12216001861642253
2023-06-21 17:00:00+08:00,3.4680359195661024,0.02375033550472131
2023-06-21 18:00:00+08:00,1.0661723256420312,0.0
2023-06-21 19:00:00+08:00,0.122140584649529,0.0
2023-06-21 20:00:00+08:00,0.0,0.0
2023-06-21 21:00:00+08:00,0.0,0.0
2023-06-21 22:00:00+08:00,0.0,0.0
2023-06-21 23:00:00+08:00,0.0,0.0
2023-06-22 00:00:00+08:00,0.0,0.0
2023-06-22 01:00:00+08:00,0.0,0.0
2023-06-22 02:00:00+08:00,0.0,0.0
2023-06-22 03:00:00+08:00,0.0,0.0
2023-06-22 04:00:00+08:00,0.0,0.0
2023-06-22 05:00:00+08:00,0.48105921608497804,0.0
2023-06-22 06:00:00+08:00,1.1890550769878814,0.054718034547095874
2023-06-22 07:00:00+08:00,3.5073236460886714,0.02546077041141802
2023-06-22 08:00:00+08:00,6.370469959889525,0.06461146507701918
2023-06-22 09:00:00+08:00,8.949279104852172,0.11261867679938187
2023-06-22 10:00:00+08:00,10.923832403673153,0.09207872032793184
2023-06-22 11:00:00+08:00,12.233720082316752,0.10105056917551636
2023-06-22 12:00:00+08:00,12.22140299210907,0.12458564583347895
2023-06-22 13:00:00+08:00,11.76631904056849,0.15235028494080669
2023-06-22 14:00:00+08:00,10.505516782156493,0.16563904012623423
2023-06-22 15:00:00+08:00,8.364649056264106,0.15761494908608034
2023-06-22 16:00:00+08:00,6.060053820362521,0.14457930188707785
2023-06-22 17:00:00+08:00,3.2324027136705693,0.07072426632224596
2023-06-22 18:00:00+08:00,0.9803549515872473,0.0
2023-06-22 19:00:00+08:00,0.1184285889386473,0.02205347540669832
2023-06-22 20:00:00+08:00,0.0,0.09207872032793184
2023-06-22 21:00:00+08:00,0.0,0.17381694294275385
2023-06-22 22:00:00+08:00,0.0,0.2417804845017715
2023-06-22 23:00:00+08:00,0.0,0.22619618049501763
2023-06-23 00:00:00+08:00,0.0,0.18496259999682663
2023-06-23 01:00:00+08:00,0.0,0.13445094423998236
2023-06-23 02:00:00+08:00,0.0,0.0987842161080372
2023-06-23 03:00:00+08:00,0.0,0.06867181113645714
2023-06-23 04:00:00+08:00,0.0,0.04706451054504447
2023-06-23 05:00:00+08:00,0.47327367908074264,0.013770904145080145
2023-06-23 06:00:00+08:00,1.3669757084135123,0.16834784542382925
2023-06-23 07:00:00+08:00,3.3389344904306895,0.07908389670693931
2023-06-23 08:00:00+08:00,5.983368076443259,0.33778946360092
2023-06-23 09:00:00+08:00,8.48503128849564,0.42833737649225145
2023-06-23 10:00:00+08:00,10.325288059354694,0.6755202924424075
2023-06-23 11:00:00+08:00,11.527028153147315,1.0698847453380382
2023-06-23 12:00:00+08:00,10.189621932422854,1.4221595574902233
2023-06-23 13:00:00+08:00,10.032131264421695,1.732461340651826
2023-06-23 14:00:00+08:00,8.358310019298754,1.9881463413533937
2023-06-23 15:00:00+08:00,5.861826989404295,2.2220474697988015
2023-06-23 16:00:00+08:00,4.0573665545030915,2.4258169217314984
2023-06-23 17:00:00+08:00,2.5499058045055603,2.1458403237098365
2023-06-23 18:00:00+08:00,0.8708824249007799,0.7191341155881517
2023-06-23 19:00:00+08:00,0.10999846233030898,0.4036588610696896
2023-06-23 20:00:00+08:00,0.0,0.4409628409266438
2023-06-23 21:00:00+08:00,0.0,0.33409748520819244
2023-06-23 22:00:00+08:00,0.0,0.205142129974502
2023-06-23 23:00:00+08:00,0.0,0.12948562896326898
2023-06-24 00:00:00+08:00,0.0,0.08768581849744107
2023-06-24 01:00:00+08:00,0.0,0.06867181113645714
2023-06-24 02:00:00+08:00,0.0,0.06867181113645714
2023-06-24 03:00:00+08:00,0.0,0.07487401142047889
2023-06-24 04:00:00+08:00,0.0,0.07908389670693931
2023-06-24 05:00:00+08:00,0.4419230042801433,0.13695823664069298
2023-06-24 06:00:00+08:00,1.4124776160665555,0.3876258402298792
2023-06-24 07:00:00+08:00,3.2540586429665477,0.11975056218738764
2023-06-24 08:00:00+08:00,5.398538319661714,0.0
2023-06-24 09:00:00+08:00,7.569680108433678,0.0
2023-06-24 10:00:00+08:00,9.280486597366368,0.0
2023-06-24 11:00:00+08:00,10.459189708509543,0.02205347540669832
2023-06-24 12:00:00+08:00,10.07050317437175,0.05278304742680161
2023-06-24 13:00:00+08:00,9.264914440227876,0.13445094423998236
2023-06-24 14:00:00+08:00,7.969183341340665,0.3017612363309558
2023-06-24 15:00:00+08:00,6.359298342358183,0.6231657888044864
2023-06-24 16:00:00+08:00,4.668779897819325,0.9811140326972586
2023-06-24 17:00:00+08:00,2.5070635790971556,0.941679159417412
2023-06-24 18:00:00+08:00,0.9140494827957374,1.0420806888081804
2023-06-24 19:00:00+08:00,0.11374795183134338,1.8184783862269043
2023-06-24 20:00:00+08:00,0.0,2.5319925581869436
2023-06-24 21:00:00+08:00,0.0,1.7043652995420446
2023-06-24 22:00:00+08:00,0.0,1.3727212400417668
2023-06-24 23:00:00+08:00,0.0,1.1486273880616713
2023-06-25 00:00:00+08:00,0.0,0.7585814910324272
2023-06-25 01:00:00+08:00,0.0,0.4979192858292851
2023-06-25 02:00:00+08:00,0.0,0.3415014526677879
2023-06-25 03:00:00+08:00,0.0,0.2417804845017715
2023-06-25 04:00:00+08:00,0.0,0.13695823664069298
2023-06-25 05:00:00+08:00,0.5058512856336984,0.21106752494673162
2023-06-25 06:00:00+08:00,1.698329539863127,0.44521409062014494
2023-06-25 07:00:00+08:00,3.317529698823018,0.24495261803007246
2023-06-25 08:00:00+08:00,4.800965356088209,0.13196009304180864
2023-06-25 09:00:00+08:00,5.653789660247624,0.19350507566302386
2023-06-25 10:00:00+08:00,5.853952811566406,0.3088093923711731
2023-06-25 11:00:00+08:00,6.122388800632187,0.3876258402298792
2023-06-25 12:00:00+08:00,4.43395380269539,0.5928857989438889
2023-06-25 13:00:00+08:00,3.3974289917497984,0.8594941759678609
2023-06-25 14:00:00+08:00,3.6039374805598325,0.8843119909211284
2023-06-25 15:00:00+08:00,2.4654555189823606,0.6916934871531896
2023-06-25 16:00:00+08:00,1.8959248798990154,0.4755770526678879
2023-06-25 17:00:00+08:00,1.1535990263015794,0.3836695046068856
2023-06-25 18:00:00+08:00,0.4966889605415643,0.264376871252387
2023-06-25 19:00:00+08:00,0.05052969052417122,0.12948562896326898
2023-06-25 20:00:00+08:00,0.0,0.15761494908608034
2023-06-25 21:00:00+08:00,0.0,0.31236281036620384
2023-06-25 22:00:00+08:00,0.0,0.3088093923711731
2023-06-25 23:00:00+08:00,0.0,0.22619618049501763
2023-06-26 00:00:00+08:00,0.0,0.13948202432684378
2023-06-26 01:00:00+08:00,0.0,0.07279164838928559
2023-06-26 02:00:00+08:00,0.0,0.004268483990624318
2023-06-26 03:00:00+08:00,0.0,0.0
2023-06-26 04:00:00+08:00,0.0,0.0
2023-06-26 05:00:00+08:00,0.4566033215434029,0.008960797786395611
2023-06-26 06:00:00+08:00,1.6492735152474407,0.0
2023-06-26 07:00:00+08:00,3.538884762046047,0.0
2023-06-26 08:00:00+08:00,5.584680516007769,0.03781845236501572
2023-06-26 09:00:00+08:00,7.407980109483219,0.08551243394036041
2023-06-26 10:00:00+08:00,8.241253457762996,0.09429834576714802
2023-06-26 11:00:00+08:00,8.55262222976833,0.12702749792146
2023-06-26 12:00:00+08:00,10.325937365038238,0.14202236138133761
2023-06-26 13:00:00+08:00,9.939544088443709,0.07487401142047889
2023-06-26 14:00:00+08:00,9.69537374023066,0.0
2023-06-26 15:00:00+08:00,7.782470959776554,0.0
2023-06-26 16:00:00+08:00,4.995109956227813,0.034218459976613935
2023-06-26 17:00:00+08:00,2.764525102173366,0.0
2023-06-26 18:00:00+08:00,1.0532534348832803,0.0
2023-06-26 19:00:00+08:00,0.12244218726989464,0.0
2023-06-26 20:00:00+08:00,0.0,0.0
2023-06-26 21:00:00+08:00,0.0,0.07487401142047889
2023-06-26 22:00:00+08:00,0.0,0.37973382865286937
2023-06-26 23:00:00+08:00,0.0,1.3005642904540948
2023-06-27 00:00:00+08:00,0.0,1.5681416888802255
2023-06-27 01:00:00+08:00,0.0,1.1413294321059346
2023-06-27 02:00:00+08:00,0.0,0.9223202113005687
2023-06-27 03:00:00+08:00,0.0,0.7816689775844811
2023-06-27 04:00:00+08:00,0.0,0.948185071257509
2023-06-27 05:00:00+08:00,0.3402882479122159,1.4138451133710557
2023-06-27 06:00:00+08:00,1.2993282671059094,1.9575128926797014
2023-06-27 07:00:00+08:00,2.6072111525111357,2.5559813723741303
2023-06-27 08:00:00+08:00,4.099160415627242,3.245601816904417
2023-06-27 09:00:00+08:00,5.181369481587465,3.316181132153912
2023-06-27 10:00:00+08:00,9.017979463679147,3.0128734131156274
2023-06-27 11:00:00+08:00,11.210881608094478,2.5559813723741303
2023-06-27 12:00:00+08:00,11.29416185396928,1.9575128926797014
2023-06-27 13:00:00+08:00,11.024748345283555,1.3973060568347386
2023-06-27 14:00:00+08:00,9.981690183948066,0.9547175378030198
2023-06-27 15:00:00+08:00,8.208345766865111,0.6438222488629927
2023-06-27 16:00:00+08:00,5.750746836028666,0.4494868112261699
2023-06-27 17:00:00+08:00,3.1448979409207034,0.23862684732632486
2023-06-27 18:00:00+08:00,1.012391675003506,0.0
2023-06-27 19:00:00+08:00,0.1169718968574022,0.14715289992696734
2023-06-27 20:00:00+08:00,0.0,0.5395334026473801
2023-06-27 21:00:00+08:00,0.0,1.4388785478450947
2023-06-27 22:00:00+08:00,0.0,1.9575128926797014
2023-06-27 23:00:00+08:00,0.0,2.0607929395179383
2023-06-28 00:00:00+08:00,0.0,1.7230641568129506
2023-06-28 01:00:00+08:00,0.0,1.0420806888081804
2023-06-28 02:00:00+08:00,0.0,0.6916934871531896
2023-06-28 03:00:00+08:00,0.0,0.582978658398034
2023-06-28 04:00:00+08:00,0.0,0.5115896319512271
2023-06-28 05:00:00+08:00,0.3267317919942369,0.70259667252511
2023-06-28 06:00:00+08:00,1.2802559713863606,1.1052596060696824
2023-06-28 07:00:00+08:00,2.822617164041104,1.4472832022466042
2023-06-28 08:00:00+08:00,4.519671955550971,1.7418904334035197
2023-06-28 09:00:00+08:00,3.471726881181887,1.550508427048749
2023-06-28 10:00:00+08:00,5.08884473473167,1.3323396545572825
2023-06-28 11:00:00+08:00,5.2358366715647096,1.3323396545572825
2023-06-28 12:00:00+08:00,3.6262717755372527,1.223162642326203
2023-06-28 13:00:00+08:00,3.242513914773303,1.1633077233848566
2023-06-28 14:00:00+08:00,2.4194583136770063,1.119603762067309
2023-06-28 15:00:00+08:00,3.5746956094587095,0.9095460278965173
2023-06-28 16:00:00+08:00,0.592854279462961,0.4200267632453852
2023-06-28 17:00:00+08:00,0.5033913955055213,0.13948202432684378
2023-06-28 18:00:00+08:00,0.20838665747893284,0.06260346603756395
2023-06-28 19:00:00+08:00,0.04292879501800326,0.0
2023-06-28 20:00:00+08:00,0.0,0.0
2023-06-28 21:00:00+08:00,0.0,0.0
2023-06-28 22:00:00+08:00,0.0,0.0
2023-06-28 23:00:00+08:00,0.0,0.0
2023-06-29 00:00:00+08:00,0.0,0.0
2023-06-29 01:00:00+08:00,0.0,0.0
2023-06-29 02:00:00+08:00,0.0,0.0
2023-06-29 03:00:00+08:00,0.0,0.05086250044163042
2023-06-29 04:00:00+08:00,0.0,0.060610177547747036
2023-06-29 05:00:00+08:00,0.23410835915773429,0.0965334929995487
2023-06-29 06:00:00+08:00,0.9310628787893708,0.11975056218738764
2023-06-29 07:00:00+08:00,1.7554651235798364,0.23862684732632486
2023-06-29 08:00:00+08:00,2.6679922040357584,0.5490282692230389
2023-06-29 09:00:00+08:00,2.2032356285315533,0.6542927169273525
2023-06-29 10:00:00+08:00,4.625900295221089,0.5115896319512271
2023-06-29 11:00:00+08:00,7.691551953759752,0.4036588610696896
2023-06-29 12:00:00+08:00,9.469385825686983,0.3996193459417554
2023-06-29 13:00:00+08:00,11.735766428223915,0.4200267632453852
2023-06-29 14:00:00+08:00,9.70063026976732,0.4409628409266438
2023-06-29 15:00:00+08:00,8.93864335956319,0.3836695046068856
2023-06-29 16:00:00+08:00,6.5589170894341,0.2913348909016942
2023-06-29 17:00:00+08:00,3.5750866158256187,0.09429834576714802
2023-06-29 18:00:00+08:00,1.1275117044144765,0.0
2023-06-29 19:00:00+08:00,0.132673606828313,0.0
2023-06-29 20:00:00+08:00,0.0,0.0
2023-06-29 21:00:00+08:00,0.0,0.0
2023-06-29 22:00:00+08:00,0.0,0.0
2023-06-29 23:00:00+08:00,0.0,0.0
2023-06-30 00:00:00+08:00,0.0,0.0
2023-06-30 01:00:00+08:00,0.0,0.0
2023-06-30 02:00:00+08:00,0.0,0.0
2023-06-30 03:00:00+08:00,0.0,0.0
2023-06-30 04:00:00+08:00,0.0,0.0
2023-06-30 05:00:00+08:00,0.45636373930606944,0.0
2023-06-30 06:00:00+08:00,1.1037787598104207,0.13196009304180864
2023-06-30 07:00:00+08:00,3.470566859370882,0.058631545524665506
2023-06-30 08:00:00+08:00,6.489171877647659,0.0
2023-06-30 09:00:00+08:00,9.209946684490731,0.0
2023-06-30 10:00:00+08:00,11.323758447377122,0.0
2023-06-30 11:00:00+08:00,12.880443326100414,0.0
2023-06-30 12:00:00+08:00,13.326396612092205,0.0
2023-06-30 13:00:00+08:00,12.832008076893866,0.0
2023-06-30 14:00:00+08:00,11.573921523819454,0.0
2023-06-30 15:00:00+08:00,9.623044396917713,0.0
2023-06-30 16:00:00+08:00,6.983064010026328,0.0
2023-06-30 17:00:00+08:00,3.9644466522818065,0.0
2023-06-30 18:00:00+08:00,1.1438180276752568,0.0
2023-06-30 19:00:00+08:00,0.13712210390615928,0.0
2023-06-30 20:00:00+08:00,0.0,0.13196009304180864
2023-06-30 21:00:00+08:00,0.0,0.205142129974502
2023-06-30 22:00:00+08:00,0.0,0.25135259047684894
2023-06-30 23:00:00+08:00,0.0,0.5161909061934763
2023-07-01 00:00:00+08:00,0.0,0.8110933669045004
2023-07-01 01:00:00+08:00,0.0,0.7933630713310769
2023-07-01 02:00:00+08:00,0.0,0.6595636997584692
2023-07-01 03:00:00+08:00,0.0,0.4624343393484166
2023-07-01 04:00:00+08:00,0.0,0.3489856791555575
2023-07-01 05:00:00+08:00,0.5543234386801901,0.3916028896047531
2023-07-01 06:00:00+08:00,1.538794169168993,0.7585814910324272
2023-07-01 07:00:00+08:00,3.7444926130247467,0.7246955236088202
2023-07-01 08:00:00+08:00,6.36341752892452,0.8290519464118339
2023-07-01 09:00:00+08:00,8.478657124580865,0.7135972071225786
2023-07-01 10:00:00+08:00,10.283941904791856,0.7246955236088202
2023-07-01 11:00:00+08:00,9.022164532722636,0.7246955236088202
2023-07-01 12:00:00+08:00,8.167590635655692,0.7528719499402164
2023-07-01 13:00:00+08:00,6.89681765235003,0.7358920546470589
2023-07-01 14:00:00+08:00,9.749343444837336,0.6542927169273525
2023-07-01 15:00:00+08:00,8.11242088119552,0.607920656710596
2023-07-01 16:00:00+08:00,6.040866258043112,0.7358920546470589
2023-07-01 17:00:00+08:00,3.4319339831662106,0.5978741445234982
2023-07-01 18:00:00+08:00,1.2520799206743076,0.08768581849744107
2023-07-01 19:00:00+08:00,0.1090507690962958,0.15497418008056274
2023-07-01 20:00:00+08:00,0.0,0.36805021797565457
2023-07-01 21:00:00+08:00,0.0,0.7471872329005199
2023-07-01 22:00:00+08:00,0.0,0.7471872329005199
2023-07-01 23:00:00+08:00,0.0,0.4979192858292851
2023-07-02 00:00:00+08:00,0.0,0.30527555238705806
2023-07-02 01:00:00+08:00,0.0,0.16027264604026287
2023-07-02 02:00:00+08:00,0.0,0.12458564583347895
2023-07-02 03:00:00+08:00,0.0,0.33778946360092
2023-07-02 04:00:00+08:00,0.0,0.6490455846564944
2023-07-02 05:00:00+08:00,0.44480272396930004,1.1052596060696824
2023-07-02 06:00:00+08:00,1.9172035869246007,1.0011928783370292
2023-07-02 07:00:00+08:00,3.5689314906774188,0.7246955236088202
2023-07-02 08:00:00+08:00,6.004960619090423,0.42833737649225145
2023-07-02 09:00:00+08:00,7.857443191559568,0.04895633950867902
2023-07-02 10:00:00+08:00,8.903262746075061,0.0
2023-07-02 11:00:00+08:00,9.962693024623384,0.0
2023-07-02 12:00:00+08:00,9.032925849474152,0.05086250044163042
2023-07-02 13:00:00+08:00,8.500921474105096,0.11261867679938187
2023-07-02 14:00:00+08:00,8.118285303938839,0.0
2023-07-02 15:00:00+08:00,6.573859193794931,0.0
2023-07-02 16:00:00+08:00,4.654438230965737,0.0
2023-07-02 17:00:00+08:00,2.54118940132243,0.0
2023-07-02 18:00:00+08:00,0.974798125328544,0.0
2023-07-02 19:00:00+08:00,0.07997070015489582,0.0
2023-07-02 20:00:00+08:00,0.0,0.0
2023-07-02 21:00:00+08:00,0.0,0.02205347540669832
2023-07-02 22:00:00+08:00,0.0,0.09429834576714802
2023-07-02 23:00:00+08:00,0.0,0.25135259047684894
2023-07-03 00:00:00+08:00,0.0,0.33778946360092
2023-07-03 01:00:00+08:00,0.0,0.264376871252387
2023-07-03 02:00:00+08:00,0.0,0.14457930188707785
2023-07-03 03:00:00+08:00,0.0,0.05278304742680161
2023-07-03 04:00:00+08:00,0.0,0.0
2023-07-03 05:00:00+08:00,0.27098208949877706,0.002730303130244606
2023-07-03 06:00:00+08:00,1.0480429470889878,0.08551243394036041
2023-07-03 07:00:00+08:00,2.1339712319836557,0.0
2023-07-03 08:00:00+08:00,3.7962591862810857,0.0
2023-07-03 09:00:00+08:00,4.884836032667158,0.0
2023-07-03 10:00:00+08:00,4.385365793584874,0.028922580982444643
2023-07-03 11:00:00+08:00,4.219398549552716,0.060610177547747036
2023-07-03 12:00:00+08:00,4.404575979523034,0.03963943272561256
2023-07-03 13:00:00+08:00,3.655756056516889,0.007383677235796734
2023-07-03 14:00:00+08:00,3.0985059428764186,0.028922580982444643
2023-07-03 15:00:00+08:00,2.732577618663051,0.18215011777402285
2023-07-03 16:00:00+08:00,1.819927687736164,0.4118007356589392
2023-07-03 17:00:00+08:00,1.0902741966390217,0.5208145166746988
2023-07-03 18:00:00+08:00,0.5393830163713901,0.264376871252387
2023-07-03 19:00:00+08:00,0.054098408425572043,0.05086250044163042
2023-07-03 20:00:00+08:00,0.0,0.0965334929995487
2023-07-03 21:00:00+08:00,0.0,0.23862684732632486
2023-07-03 22:00:00+08:00,0.0,0.3758187582849275
2023-07-03 23:00:00+08:00,0.0,0.25135259047684894
2023-07-04 00:00:00+08:00,0.0,0.12702749792146
2023-07-04 01:00:00+08:00,0.0,0.034218459976613935
2023-07-04 02:00:00+08:00,0.0,0.028922580982444643
2023-07-04 03:00:00+08:00,0.0,0.08768581849744107
2023-07-04 04:00:00+08:00,0.0,0.22927637308807858
2023-07-04 05:00:00+08:00,0.10728593114799741,0.33778946360092
2023-07-04 06:00:00+08:00,0.48962008941000285,0.3876258402298792
2023-07-04 07:00:00+08:00,0.9833782861770853,0.7816689775844811
2023-07-04 08:00:00+08:00,1.4666447854464235,1.119603762067309
2023-07-04 09:00:00+08:00,2.262882063635078,1.4641830999122853
2023-07-04 10:00:00+08:00,1.5455144613535592,1.667348112306318
2023-07-04 11:00:00+08:00,1.4365379268804994,2.2330717918598095
2023-07-04 12:00:00+08:00,1.8166071563572068,3.217643047216475
2023-07-04 13:00:00+08:00,2.3641714633491175,4.724947662742892
2023-07-04 14:00:00+08:00,3.091750776122779,5.982089917160712
2023-07-04 15:00:00+08:00,2.658597541266124,5.397308585343449
2023-07-04 16:00:00+08:00,3.26970176780361,3.54865555361601
2023-07-04 17:00:00+08:00,1.9430981522764554,1.585898692393955
2023-07-04 18:00:00+08:00,0.7623747549213695,0.15497418008056274
2023-07-04 19:00:00+08:00,0.11416540995598935,0.0
2023-07-04 20:00:00+08:00,0.0,0.0
2023-07-04 21:00:00+08:00,0.0,0.0
2023-07-04 22:00:00+08:00,0.0,0.14974320958390933
2023-07-04 23:00:00+08:00,0.0,0.6028857457514326
2023-07-05 00:00:00+08:00,0.0,1.2080280106171266
2023-07-05 01:00:00+08:00,0.0,1.4388785478450947
2023-07-05 02:00:00+08:00,0.0,1.4897602298110106
2023-07-05 03:00:00+08:00,0.0,1.4221595574902233
2023-07-05 04:00:00+08:00,0.0,1.1930076019993596
2023-07-05 05:00:00+08:00,0.47059851420694543,1.1781009838096783
2023-07-05 06:00:00+08:00,1.314124183997546,1.2080280106171266
2023-07-05 07:00:00+08:00,3.4751872148076264,0.9547175378030198
2023-07-05 08:00:00+08:00,6.358282175335495,1.1559534671270113
2023-07-05 09:00:00+08:00,8.971251427125868,1.1633077233848566
2023-07-05 10:00:00+08:00,10.926859093123639,1.6217856551210685
2023-07-05 11:00:00+08:00,12.207359531207542,2.1782946896474047
2023-07-05 12:00:00+08:00,12.80113588823542,2.59223527858484
2023-07-05 13:00:00+08:00,12.380097209456085,2.868156226745816
2023-07-05 14:00:00+08:00,11.213581931534724,3.0801704369770584
2023-07-05 15:00:00+08:00,9.304449556766683,2.7531227842577537
2023-07-05 16:00:00+08:00,6.716402297958289,1.7043652995420446
2023-07-05 17:00:00+08:00,3.5653772764173146,2.3452246797777216
2023-07-05 18:00:00+08:00,1.1277737829143122,2.8811241260948894
2023-07-05 19:00:00+08:00,0.09771456729018653,3.6384665418837594
2023-07-05 20:00:00+08:00,0.0,3.593379978190366
2023-07-05 21:00:00+08:00,0.0,3.50429180792231
2023-07-05 22:00:00+08:00,0.0,3.5190397378605307
2023-07-05 23:00:00+08:00,0.0,3.1759959939104045
2023-07-06 00:00:00+08:00,0.0,2.986221124117443
2023-07-06 01:00:00+08:00,0.0,2.868156226745816
2023-07-06 02:00:00+08:00,0.0,2.727967510016886
2023-07-06 03:00:00+08:00,0.0,2.460887548105672
2023-07-06 04:00:00+08:00,0.0,1.9171321815354834
2023-07-06 05:00:00+08:00,0.5012887428174959,1.77992697519654
2023-07-06 06:00:00+08:00,1.7721665823233619,1.8673969579629226
2023-07-06 07:00:00+08:00,3.497059642068965,2.4844460787159384
2023-07-06 08:00:00+08:00,5.365743631323962,3.3446869504065297
2023-07-06 09:00:00+08:00,7.221923649410188,4.093266376505701
2023-07-06 10:00:00+08:00,8.51816802351007,5.053847375464431
2023-07-06 11:00:00+08:00,8.781193339404341,5.796394079070204
2023-07-06 12:00:00+08:00,9.083320776138171,5.796394079070204
2023-07-06 13:00:00+08:00,9.543999231696219,5.919765888348234
2023-07-06 14:00:00+08:00,6.683770666114623,5.715086888179132
2023-07-06 15:00:00+08:00,4.7207348421861886,5.554714567227164
2023-07-06 16:00:00+08:00,2.5831179086220324,4.513615149477365
2023-07-06 17:00:00+08:00,1.807372304097963,4.208283684261009
2023-07-06 18:00:00+08:00,0.7138010536769464,4.258210938194782
2023-07-06 19:00:00+08:00,0.09020327047942558,4.208283684261009
2023-07-06 20:00:00+08:00,0.0,4.760782796021217
2023-07-06 21:00:00+08:00,0.0,4.814866212891052
2023-07-06 22:00:00+08:00,0.0,4.496286978315991
2023-07-06 23:00:00+08:00,0.0,3.900867963111856
2023-07-07 00:00:00+08:00,0.0,2.842332650071562
2023-07-07 01:00:00+08:00,0.0,2.5319925581869436
2023-07-07 02:00:00+08:00,0.0,2.5559813723741303
2023-07-07 03:00:00+08:00,0.0,2.8811241260948894
2023-07-07 04:00:00+08:00,0.0,2.580114479746743
2023-07-07 05:00:00+08:00,0.38878276929289607,2.4026139862089995
2023-07-07 06:00:00+08:00,1.414289151875923,2.029457602928045
2023-07-07 07:00:00+08:00,3.3243353877937176,1.8184783862269043
2023-07-07 08:00:00+08:00,5.623813314112441,1.8087920751881514
2023-07-07 09:00:00+08:00,8.044259653066467,1.6581727765358865
2023-07-07 10:00:00+08:00,9.894870555816508,1.667348112306318
2023-07-07 11:00:00+08:00,11.064539753382908,1.630835410390543
2023-07-07 12:00:00+08:00,12.394566398763237,1.2848520533400993
2023-07-07 13:00:00+08:00,11.882003235643625,0.8472402700914611
2023-07-07 14:00:00+08:00,10.707673114107301,0.4979192858292851
2023-07-07 15:00:00+08:00,8.751389016919154,0.2610926238659966
2023-07-07 16:00:00+08:00,6.1784396509447115,0.09429834576714802
2023-07-07 17:00:00+08:00,3.3935897103162436,0.0
2023-07-07 18:00:00+08:00,1.131126042907102,0.0
2023-07-07 19:00:00+08:00,0.12848371743754158,0.0
2023-07-07 20:00:00+08:00,0.0,0.18496259999682663
2023-07-07 21:00:00+08:00,0.0,0.7700752617060064
2023-07-07 22:00:00+08:00,0.0,1.0420806888081804
2023-07-07 23:00:00+08:00,0.0,0.7875034501828128
2023-07-08 00:00:00+08:00,0.0,0.5538097476983584
2023-07-08 01:00:00+08:00,0.0,0.39560070681441095
2023-07-08 02:00:00+08:00,0.0,0.2610926238659966
2023-07-08 03:00:00+08:00,0.0,0.14202236138133761
2023-07-08 04:00:00+08:00,0.0,0.034218459976613935
2023-07-08 05:00:00+08:00,0.41286965164190653,0.05278304742680161
2023-07-08 06:00:00+08:00,1.2851062823136954,0.09207872032793184
2023-07-08 07:00:00+08:00,3.2839023924191544,0.0
2023-07-08 08:00:00+08:00,5.980433523177032,0.0
2023-07-08 09:00:00+08:00,8.29947007509928,0.0
2023-07-08 10:00:00+08:00,9.594549910112349,0.06260346603756395
2023-07-08 11:00:00+08:00,10.411032670522477,0.23549165242082915
2023-07-08 12:00:00+08:00,9.996985901050836,0.4118007356589392
2023-07-08 13:00:00+08:00,9.786385049628134,0.4755770526678879
2023-07-08 14:00:00+08:00,8.6194338188557,0.5395334026473801
2023-07-08 15:00:00+08:00,6.672803983337152,0.4755770526678879
2023-07-08 16:00:00+08:00,5.2122606302304355,0.3017612363309558
2023-07-08 17:00:00+08:00,2.90951831760623,0.058631545524665506
2023-07-08 18:00:00+08:00,0.9790059795736807,0.0
2023-07-08 19:00:00+08:00,0.10788289536159418,0.0
2023-07-08 20:00:00+08:00,0.0,0.0
2023-07-08 21:00:00+08:00,0.0,0.0
2023-07-08 22:00:00+08:00,0.0,0.0
2023-07-08 23:00:00+08:00,0.0,0.04706451054504447
2023-07-09 00:00:00+08:00,0.0,0.08335435484485185
2023-07-09 01:00:00+08:00,0.0,0.0987842161080372
2023-07-09 02:00:00+08:00,0.0,0.11027336269340253
2023-07-09 03:00:00+08:00,0.0,0.09429834576714802
2023-07-09 04:00:00+08:00,0.0,0.04518695946782358
2023-07-09 05:00:00+08:00,0.47102111484916404,0.01870026330506096
2023-07-09 06:00:00+08:00,1.694330961028625,0.02546077041141802
2023-07-09 07:00:00+08:00,3.4906572366536124,0.0
2023-07-09 08:00:00+08:00,5.860836718808151,0.0
2023-07-09 09:00:00+08:00,8.540204273937658,0.028922580982444643
2023-07-09 10:00:00+08:00,10.520729632732127,0.05278304742680161
2023-07-09 11:00:00+08:00,11.830972393161062,0.13695823664069298
2023-07-09 12:00:00+08:00,11.761222642049207,0.3267733441135463
2023-07-09 13:00:00+08:00,11.299697596978682,0.5115896319512271
2023-07-09 14:00:00+08:00,10.111111938419292,0.5634410654384938
2023-07-09 15:00:00+08:00,8.30650125194539,0.5024538758520344
2023-07-09 16:00:00+08:00,5.887836975367115,0.3452335064916994
2023-07-09 17:00:00+08:00,3.37146138124046,0.04706451054504447
2023-07-09 18:00:00+08:00,1.1669800960819638,0.0
2023-07-09 19:00:00+08:00,0.12524055936054448,0.0
2023-07-09 20:00:00+08:00,0.0,0.0
2023-07-09 21:00:00+08:00,0.0,0.02205347540669832
2023-07-09 22:00:00+08:00,0.0,0.06461146507701918
2023-07-09 23:00:00+08:00,0.0,0.08987456259899727
2023-07-10 00:00:00+08:00,0.0,0.11975056218738764
2023-07-10 01:00:00+08:00,0.0,0.13948202432684378
2023-07-10 02:00:00+08:00,0.0,0.12702749792146
2023-07-10 03:00:00+08:00,0.0,0.08987456259899727
2023-07-10 04:00:00+08:00,0.0,0.0965334929995487
2023-07-10 05:00:00+08:00,0.42346960031361286,0.30527555238705806
2023-07-10 06:00:00+08:00,1.530236531820124,0.7191341155881517
2023-07-10 07:00:00+08:00,3.3134551304997992,0.8968767653244457
2023-07-10 08:00:00+08:00,5.070770394487465,1.1124177577209524
2023-07-10 09:00:00+08:00,7.767639665943335,1.1340595451768967
2023-07-10 10:00:00+08:00,9.753980260223548,1.0283427480712037
2023-07-10 11:00:00+08:00,10.448719054260533,0.9287467835218446
2023-07-10 12:00:00+08:00,10.58261406010445,0.9744748065010632
2023-07-10 13:00:00+08:00,8.855700416562781,1.0698847453380382
2023-07-10 14:00:00+08:00,7.660332059570607,1.0981292530305977
2023-07-10 15:00:00+08:00,5.178921097629218,1.0769044447574165
2023-07-10 16:00:00+08:00,3.4715929909911996,1.1268176731916564
2023-07-10 17:00:00+08:00,2.0195948173300087,0.9612766131368469
2023-07-10 18:00:00+08:00,0.7184855315556002,0.4077193062811163
2023-07-10 19:00:00+08:00,0.0558823086827541,0.2777031509587361
2023-07-10 20:00:00+08:00,0.0,0.2844806220690267
2023-07-10 21:00:00+08:00,0.0,0.21405712867712992
2023-07-10 22:00:00+08:00,0.0,0.16834784542382925
2023-07-10 23:00:00+08:00,0.0,0.18779255099732609
2023-07-11 00:00:00+08:00,0.0,0.2022062305668645
2023-07-11 01:00:00+08:00,0.0,0.22619618049501763
2023-07-11 02:00:00+08:00,0.0,0.2743430793422245
2023-07-11 03:00:00+08:00,0.0,0.3231410732458217
2023-07-11 04:00:00+08:00,0.0,0.21706474201425452
2023-07-11 05:00:00+08:00,0.3024226370143281,0.14715289992696734
2023-07-11 06:00:00+08:00,1.2072610063946925,0.16563904012623423
2023-07-11 07:00:00+08:00,2.3600486402215193,0.09429834576714802
2023-07-11 08:00:00+08:00,3.31415045648896,0.03781845236501572
2023-07-11 09:00:00+08:00,5.994032493327464,0.008960797786395611
2023-07-11 10:00:00+08:00,7.664707937811411,0.0
2023-07-11 11:00:00+08:00,8.806087116673138,0.0
2023-07-11 12:00:00+08:00,9.766502842124963,0.0
2023-07-11 13:00:00+08:00,5.6247942911856645,0.0
2023-07-11 14:00:00+08:00,5.514098881676467,0.0
2023-07-11 15:00:00+08:00,6.265494674742624,0.05666751588541606
2023-07-11 16:00:00+08:00,4.7853815076791335,0.16294732502601303
2023-07-11 17:00:00+08:00,2.6952433589966556,0.14974320958390933
2023-07-11 18:00:00+08:00,1.0488950661050198,0.002730303130244606
2023-07-11 19:00:00+08:00,0.1104909898817619,0.0
2023-07-11 20:00:00+08:00,0.0,0.0
2023-07-11 21:00:00+08:00,0.0,0.0
2023-07-11 22:00:00+08:00,0.0,0.0
2023-07-11 23:00:00+08:00,0.0,0.0
2023-07-12 00:00:00+08:00,0.0,0.0
2023-07-12 01:00:00+08:00,0.0,0.034218459976613935
2023-07-12 02:00:00+08:00,0.0,0.07072426632224596
2023-07-12 03:00:00+08:00,0.0,0.08987456259899727
2023-07-12 04:00:00+08:00,0.0,0.09207872032793184
2023-07-12 05:00:00+08:00,0.061952934211315126,0.16834784542382925
2023-07-12 06:00:00+08:00,0.21220608393538665,0.30527555238705806
2023-07-12 07:00:00+08:00,0.3919729433367174,0.24495261803007246
2023-07-12 08:00:00+08:00,0.5087824411933899,0.06867181113645714
2023-07-12 09:00:00+08:00,0.685051399125289,0.0
2023-07-12 10:00:00+08:00,1.3067625905925246,0.0
2023-07-12 11:00:00+08:00,1.6241042354500532,0.05086250044163042
2023-07-12 12:00:00+08:00,2.282708667982255,0.22927637308807858
2023-07-12 13:00:00+08:00,1.6529157056575186,0.5161909061934763
2023-07-12 14:00:00+08:00,1.1683599450661146,0.7992478951121773
2023-07-12 15:00:00+08:00,1.3133324720277442,0.8718512720233423
2023-07-12 16:00:00+08:00,1.091267706397358,0.5586139950758757
2023-07-12 17:00:00+08:00,0.6073589197105058,0.29479095967117697
2023-07-12 18:00:00+08:00,0.23584435335036205,0.054718034547095874
2023-07-12 19:00:00+08:00,0.041100193400491924,0.017043803135640415
2023-07-12 20:00:00+08:00,0.0,0.11735722246347136
2023-07-12 21:00:00+08:00,0.0,0.4118007356589392
2023-07-12 22:00:00+08:00,0.0,0.6282944795175941
2023-07-12 23:00:00+08:00,0.0,0.4367330080627634
2023-07-13 00:00:00+08:00,0.0,0.4409628409266438
2023-07-13 01:00:00+08:00,0.0,0.22009041904100865
2023-07-13 02:00:00+08:00,0.0,0.041474474641010714
2023-07-13 03:00:00+08:00,0.0,0.0
2023-07-13 04:00:00+08:00,0.0,0.0
2023-07-13 05:00:00+08:00,0.27344895235484373,0.0
2023-07-13 06:00:00+08:00,1.0386861890575003,0.0
2023-07-13 07:00:00+08:00,1.6390836450638715,0.04518695946782358
2023-07-13 08:00:00+08:00,1.4691772178215707,0.21106752494673162
2023-07-13 09:00:00+08:00,2.801266659610435,0.4409628409266438
2023-07-13 10:00:00+08:00,3.7110742696753007,0.7992478951121773
2023-07-13 11:00:00+08:00,4.102814814529169,0.9095460278965173
2023-07-13 12:00:00+08:00,6.121176503268637,0.6916934871531896
2023-07-13 13:00:00+08:00,5.483671754494349,0.4800015839828644
2023-07-13 14:00:00+08:00,5.308994508212645,0.4537810568276215
2023-07-13 15:00:00+08:00,4.580339308163749,0.5070106398650472
2023-07-13 16:00:00+08:00,3.800079161016148,0.37973382865286937
2023-07-13 17:00:00+08:00,2.0239041053510234,0.11261867679938187
2023-07-13 18:00:00+08:00,0.7780399277822675,0.0
2023-07-13 19:00:00+08:00,0.07754298114148421,0.0
2023-07-13 20:00:00+08:00,0.0,0.0
2023-07-13 21:00:00+08:00,0.0,0.0
2023-07-13 22:00:00+08:00,0.0,0.0
2023-07-13 23:00:00+08:00,0.0,0.0
2023-07-14 00:00:00+08:00,0.0,0.0
2023-07-14 01:00:00+08:00,0.0,0.001204994000798528
2023-07-14 02:00:00+08:00,0.0,0.002730303130244606
2023-07-14 03:00:00+08:00,0.0,0.0
2023-07-14 04:00:00+08:00,0.0,0.0
2023-07-14 05:00:00+08:00,0.3579434013705238,0.0
2023-07-14 06:00:00+08:00,1.5455732812638543,0.19064002485842413
2023-07-14 07:00:00+08:00,3.071348703278276,0.16563904012623423
2023-07-14 08:00:00+08:00,5.100665889195766,0.18496259999682663
2023-07-14 09:00:00+08:00,6.827829878911097,0.3231410732458217
2023-07-14 10:00:00+08:00,8.116643610963465,0.6648585872327488
2023-07-14 11:00:00+08:00,9.837369458607396,0.9351997481998242
2023-07-14 12:00:00+08:00,11.411948431140782,1.0215146102945414
2023-07-14 13:00:00+08:00,11.642117476445645,0.9095460278965173
2023-07-14 14:00:00+08:00,9.717548654221295,0.7191341155881517
2023-07-14 15:00:00+08:00,7.458308896201289,0.39560070681441095
2023-07-14 16:00:00+08:00,5.252604747845834,0.25782719732987885
2023-07-14 17:00:00+08:00,2.849639316872625,0.17657734332988953
2023-07-14 18:00:00+08:00,1.0539810559752814,0.0
2023-07-14 19:00:00+08:00,0.10393083368876238,0.0
2023-07-14 20:00:00+08:00,0.0,0.0
2023-07-14 21:00:00+08:00,0.0,0.0
2023-07-14 22:00:00+08:00,0.0,0.0
2023-07-14 23:00:00+08:00,0.0,0.0
2023-07-15 00:00:00+08:00,0.0,0.0
2023-07-15 01:00:00+08:00,0.0,0.0
2023-07-15 02:00:00+08:00,0.0,0.0
2023-07-15 03:00:00+08:00,0.0,0.0
2023-07-15 04:00:00+08:00,0.0,0.05086250044163042
2023-07-15 05:00:00+08:00,0.3574131619326698,0.11975056218738764
2023-07-15 06:00:00+08:00,1.5196588715571808,0.3565505973347257
2023-07-15 07:00:00+08:00,3.4068365555284315,0.4159032032860611
2023-07-15 08:00:00+08:00,5.186671185854684,0.6438222488629927
2023-07-15 09:00:00+08:00,8.273419397927812,1.0769044447574165
2023-07-15 10:00:00+08:00,9.99600839507874,0.7643159102600569
2023-07-15 11:00:00+08:00,10.827987622959181,0.6334467503764458
2023-07-15 12:00:00+08:00,11.80926153217704,0.5928857989438889
2023-07-15 13:00:00+08:00,11.869750384849615,0.5208145166746988
2023-07-15 14:00:00+08:00,11.140795684792142,0.4537810568276215
2023-07-15 15:00:00+08:00,8.878871290395312,0.4367330080627634
2023-07-15 16:00:00+08:00,6.247453859442403,0.4200267632453852
2023-07-15 17:00:00+08:00,3.48495348018839,0.23237484570238148
2023-07-15 18:00:00+08:00,1.0183963235178164,0.060610177547747036
2023-07-15 19:00:00+08:00,0.09621550489620377,0.04518695946782358
2023-07-15 20:00:00+08:00,0.0,0.05278304742680161
2023-07-15 21:00:00+08:00,0.0,0.01540070144328111
2023-07-15 22:00:00+08:00,0.0,0.0
2023-07-15 23:00:00+08:00,0.0,0.0
2023-07-16 00:00:00+08:00,0.0,0.0
2023-07-16 01:00:00+08:00,0.0,0.0
2023-07-16 02:00:00+08:00,0.0,0.0
2023-07-16 03:00:00+08:00,0.0,0.0
2023-07-16 04:00:00+08:00,0.0,0.0
2023-07-16 05:00:00+08:00,0.3176900481375095,0.0
2023-07-16 06:00:00+08:00,1.040043070635893,0.05666751588541606
2023-07-16 07:00:00+08:00,3.1891052468380496,0.07697140949872917
2023-07-16 08:00:00+08:00,6.297503940551386,0.15497418008056274
2023-07-16 09:00:00+08:00,9.025063408834052,0.19928812443434096
2023-07-16 10:00:00+08:00,11.14176391072237,0.18779255099732609
2023-07-16 11:00:00+08:00,12.409412742090803,0.14974320958390933
2023-07-16 12:00:00+08:00,12.982536694959427,0.10563038151905942
2023-07-16 13:00:00+08:00,12.414733437205095,0.06867181113645714
2023-07-16 14:00:00+08:00,11.258431809531286,0.04895633950867902
2023-07-16 15:00:00+08:00,9.264217128640164,0.03601147947631726
2023-07-16 16:00:00+08:00,6.65011773994319,0.02375033550472131
2023-07-16 17:00:00+08:00,3.6122381312749257,0.0
2023-07-16 18:00:00+08:00,1.035425346593283,0.0
2023-07-16 19:00:00+08:00,0.08957731662520212,0.0
2023-07-16 20:00:00+08:00,0.0,0.0
2023-07-16 21:00:00+08:00,0.0,0.01870026330506096
2023-07-16 22:00:00+08:00,0.0,0.05278304742680161
2023-07-16 23:00:00+08:00,0.0,0.07697140949872917
2023-07-17 00:00:00+08:00,0.0,0.08551243394036041
2023-07-17 01:00:00+08:00,0.0,0.08987456259899727
2023-07-17 02:00:00+08:00,0.0,0.09207872032793184
2023-07-17 03:00:00+08:00,0.0,0.07908389670693931
2023-07-17 04:00:00+08:00,0.0,0.05086250044163042
2023-07-17 05:00:00+08:00,0.33867599154719563,0.01540070144328111
2023-07-17 06:00:00+08:00,1.1708043802127857,0.15761494908608034
2023-07-17 07:00:00+08:00,3.1803281518784225,0.0
2023-07-17 08:00:00+08:00,6.127678664220137,0.0
2023-07-17 09:00:00+08:00,8.758917804245655,0.0
2023-07-17 10:00:00+08:00,10.818867716303236,0.05278304742680161
2023-07-17 11:00:00+08:00,11.846810153605812,0.2022062305668645
2023-07-17 12:00:00+08:00,11.739510619135745,0.3996193459417554
2023-07-17 13:00:00+08:00,11.192731266870554,0.6129789314838905
2023-07-17 14:00:00+08:00,9.85779483126131,0.7528719499402164
2023-07-17 15:00:00+08:00,8.283558322691297,0.7415272858304355
2023-07-17 16:00:00+08:00,6.059491634710086,0.582978658398034
2023-07-17 17:00:00+08:00,3.185494433432641,0.2610926238659966
2023-07-17 18:00:00+08:00,1.0030819649556544,0.01870026330506096
2023-07-17 19:00:00+08:00,0.0805833082801834,0.020370136034445988
2023-07-17 20:00:00+08:00,0.0,0.03243933978300283
2023-07-17 21:00:00+08:00,0.0,0.03781845236501572
2023-07-17 22:00:00+08:00,0.0,0.03601147947631726
2023-07-17 23:00:00+08:00,0.0,0.03243933978300283
2023-07-18 00:00:00+08:00,0.0,0.02375033550472131
2023-07-18 01:00:00+08:00,0.0,0.004268483990624318
2023-07-18 02:00:00+08:00,0.0,0.0
2023-07-18 03:00:00+08:00,0.0,0.0
2023-07-18 04:00:00+08:00,0.0,0.0
2023-07-18 05:00:00+08:00,0.32437157233363006,0.0
2023-07-18 06:00:00+08:00,1.1498398097513125,0.0
2023-07-18 07:00:00+08:00,3.1398543919611748,0.0
2023-07-18 08:00:00+08:00,5.929157073011909,0.0
2023-07-18 09:00:00+08:00,8.471370470223443,0.0
2023-07-18 10:00:00+08:00,10.566118477488581,0.0
2023-07-18 11:00:00+08:00,11.786540834394364,0.0
2023-07-18 12:00:00+08:00,12.193815650295667,0.0
2023-07-18 13:00:00+08:00,11.747632358076178,0.0
2023-07-18 14:00:00+08:00,10.290316890910605,0.0
2023-07-18 15:00:00+08:00,8.505830788973656,0.0
2023-07-18 16:00:00+08:00,6.055518545519412,0.0
2023-07-18 17:00:00+08:00,3.2376210705176924,0.0
2023-07-18 18:00:00+08:00,0.9611898520361841,0.0
2023-07-18 19:00:00+08:00,0.08013767927033531,0.0
2023-07-18 20:00:00+08:00,0.0,0.0
2023-07-18 21:00:00+08:00,0.0,0.0
2023-07-18 22:00:00+08:00,0.0,0.0
2023-07-18 23:00:00+08:00,0.0,0.0
2023-07-19 00:00:00+08:00,0.0,0.013770904145080145
2023-07-19 01:00:00+08:00,0.0,0.01870026330506096
2023-07-19 02:00:00+08:00,0.0,0.01870026330506096
2023-07-19 03:00:00+08:00,0.0,0.013770904145080145
2023-07-19 04:00:00+08:00,0.0,0.010551006399540454
2023-07-19 05:00:00+08:00,0.31930932708806925,0.02205347540669832
2023-07-19 06:00:00+08:00,1.2316070509355825,0.17935505024601142
2023-07-19 07:00:00+08:00,3.2350415533174472,0.06461146507701918
2023-07-19 08:00:00+08:00,5.868418386393747,0.0
2023-07-19 09:00:00+08:00,8.142674029749138,0.0
2023-07-19 10:00:00+08:00,9.837677902722097,0.0
2023-07-19 11:00:00+08:00,10.630252743607604,0.0
2023-07-19 12:00:00+08:00,10.220001634022587,0.0
2023-07-19 13:00:00+08:00,9.138164446473866,0.06867181113645714
2023-07-19 14:00:00+08:00,7.362814592958483,0.18215011777402285
2023-07-19 15:00:00+08:00,5.810312478656785,0.3231410732458217
2023-07-19 16:00:00+08:00,3.886801365118608,0.4494868112261699
2023-07-19 17:00:00+08:00,2.192054469719159,0.3452335064916994
2023-07-19 18:00:00+08:00,0.811368144347121,0.15235028494080669
2023-07-19 19:00:00+08:00,0.052938463353864804,0.11975056218738764
2023-07-19 20:00:00+08:00,0.0,0.17107379500170156
2023-07-19 21:00:00+08:00,0.0,0.264376871252387
2023-07-19 22:00:00+08:00,0.0,0.4624343393484166
2023-07-19 23:00:00+08:00,0.0,0.4979192858292851
2023-07-20 00:00:00+08:00,0.0,0.4077193062811163
2023-07-20 01:00:00+08:00,0.0,0.33778946360092
2023-07-20 02:00:00+08:00,0.0,0.36805021797565457
2023-07-20 03:00:00+08:00,0.0,0.4800015839828644
2023-07-20 04:00:00+08:00,0.0,0.5780597552659826
2023-07-20 05:00:00+08:00,0.306631035120197,0.6701774334330939
2023-07-20 06:00:00+08:00,1.4228757159634247,0.8533543512987277
2023-07-20 07:00:00+08:00,2.9225617090820166,0.9944730145323387
2023-07-20 08:00:00+08:00,5.218930270811102,0.8472402700914611
2023-07-20 09:00:00+08:00,7.109459114166649,0.6916934871531896
2023-07-20 10:00:00+08:00,8.62125769985286,0.5928857989438889
2023-07-20 11:00:00+08:00,9.47971914245868,0.5115896319512271
2023-07-20 12:00:00+08:00,10.346566835795405,0.4036588610696896
2023-07-20 13:00:00+08:00,10.180772544091147,0.3304254634067023
2023-07-20 14:00:00+08:00,8.57503012480214,0.3304254634067023
2023-07-20 15:00:00+08:00,6.983549558803893,0.3719242394201571
2023-07-20 16:00:00+08:00,4.8294196371479,0.37973382865286937
2023-07-20 17:00:00+08:00,2.7265875119286727,0.31236281036620384
2023-07-20 18:00:00+08:00,0.8619175296271252,0.08987456259899727
2023-07-20 19:00:00+08:00,0.07265193727522694,0.010551006399540454
2023-07-20 20:00:00+08:00,0.0,0.10563038151905942
2023-07-20 21:00:00+08:00,0.0,0.2913348909016942
2023-07-20 22:00:00+08:00,0.0,0.4537810568276215
2023-07-20 23:00:00+08:00,0.0,0.5070106398650472
2023-07-21 00:00:00+08:00,0.0,0.582978658398034
2023-07-21 01:00:00+08:00,0.0,0.5634410654384938
2023-07-21 02:00:00+08:00,0.0,0.5024538758520344
2023-07-21 03:00:00+08:00,0.0,0.4580968815074026
2023-07-21 04:00:00+08:00,0.0,0.4036588610696896
2023-07-21 05:00:00+08:00,0.29631376205640725,0.44521409062014494
2023-07-21 06:00:00+08:00,1.4037673978175553,0.8230402982230053
2023-07-21 07:00:00+08:00,2.6613517417019326,1.1633077233848566
2023-07-21 08:00:00+08:00,4.279737679840357,1.119603762067309
2023-07-21 09:00:00+08:00,5.52240858868321,0.9612766131368469
2023-07-21 10:00:00+08:00,5.825516295239509,0.8110933669045004
2023-07-21 11:00:00+08:00,5.903682104142066,0.6334467503764458
2023-07-21 12:00:00+08:00,5.276664730658692,0.4711743708457563
2023-07-21 13:00:00+08:00,4.82033750779087,0.29826639011996303
2023-07-21 14:00:00+08:00,5.080919080496577,0.205142129974502
2023-07-21 15:00:00+08:00,4.108039637114514,0.26767999357195305
2023-07-21 16:00:00+08:00,2.4408467661552677,0.33778946360092
2023-07-21 17:00:00+08:00,1.4728860167335525,0.17107379500170156
2023-07-21 18:00:00+08:00,0.5184721673396387,0.06260346603756395
2023-07-21 19:00:00+08:00,0.019830236670442314,0.13695823664069298
2023-07-21 20:00:00+08:00,0.0,0.5115896319512271
2023-07-21 21:00:00+08:00,0.0,0.8230402982230053
2023-07-21 22:00:00+08:00,0.0,0.7700752617060064
2023-07-21 23:00:00+08:00,0.0,0.44521409062014494
2023-07-22 00:00:00+08:00,0.0,0.638622655463944
2023-07-22 01:00:00+08:00,0.0,0.9877800840133821
2023-07-22 02:00:00+08:00,0.0,1.667348112306318
2023-07-22 03:00:00+08:00,0.0,1.5681416888802255
2023-07-22 04:00:00+08:00,0.0,1.2615017869757856
2023-07-22 05:00:00+08:00,0.17128178879842673,1.4138451133710557
2023-07-22 06:00:00+08:00,0.9960882469767827,1.506963802977499
2023-07-22 07:00:00+08:00,1.912330269990826,2.0818515420161297
2023-07-22 08:00:00+08:00,3.11905506523907,2.8038770288763732
2023-07-22 09:00:00+08:00,5.097882355421862,2.8038770288763732
2023-07-22 10:00:00+08:00,6.018234401973481,2.5081476045219535
2023-07-22 11:00:00+08:00,7.637962202884214,1.937256447800026
2023-07-22 12:00:00+08:00,9.7719270159037,1.3323396545572825
2023-07-22 13:00:00+08:00,9.231033432224798,0.8472402700914611
2023-07-22 14:00:00+08:00,8.86460884473149,0.4979192858292851
2023-07-22 15:00:00+08:00,7.404165164565027,0.23237484570238148
2023-07-22 16:00:00+08:00,4.821653153256238,0.054718034547095874
2023-07-22 17:00:00+08:00,2.9838975784544135,0.0
2023-07-22 18:00:00+08:00,0.9049979296035572,0.0
2023-07-22 19:00:00+08:00,0.06266671604070533,0.0
2023-07-22 20:00:00+08:00,0.0,0.0
2023-07-22 21:00:00+08:00,0.0,0.0
2023-07-22 22:00:00+08:00,0.0,0.0
2023-07-22 23:00:00+08:00,0.0,0.012154357158134217
2023-07-23 00:00:00+08:00,0.0,0.05086250044163042
2023-07-23 01:00:00+08:00,0.0,0.11027336269340253
2023-07-23 02:00:00+08:00,0.0,0.12948562896326898
2023-07-23 03:00:00+08:00,0.0,0.07072426632224596
2023-07-23 04:00:00+08:00,0.0,0.0
2023-07-23 05:00:00+08:00,0.2961052202583633,0.0
2023-07-23 06:00:00+08:00,1.3655810125388337,0.07279164838928559
2023-07-23 07:00:00+08:00,2.785584473519465,0.04332363219411342
2023-07-23 08:00:00+08:00,4.358607434629942,0.012154357158134217
2023-07-23 09:00:00+08:00,6.009805398052683,0.0
2023-07-23 10:00:00+08:00,5.993486102532712,0.01870026330506096
2023-07-23 11:00:00+08:00,7.741926497260492,0.03243933978300283
2023-07-23 12:00:00+08:00,8.462584520542375,0.03601147947631726
2023-07-23 13:00:00+08:00,6.257873265426575,0.02205347540669832
2023-07-23 14:00:00+08:00,4.686817502551862,0.0
2023-07-23 15:00:00+08:00,2.003912592122652,0.0
2023-07-23 16:00:00+08:00,1.5451337381564996,0.0
2023-07-23 17:00:00+08:00,2.0284549997470123,0.0
2023-07-23 18:00:00+08:00,0.8280201755141189,0.0
2023-07-23 19:00:00+08:00,0.0,0.0
2023-07-23 20:00:00+08:00,0.0,0.0
2023-07-23 21:00:00+08:00,0.0,0.0
2023-07-23 22:00:00+08:00,0.0,0.054718034547095874
2023-07-23 23:00:00+08:00,0.0,0.09207872032793184
2023-07-24 00:00:00+08:00,0.0,0.08987456259899727
2023-07-24 01:00:00+08:00,0.0,0.06867181113645714
2023-07-24 02:00:00+08:00,0.0,0.058631545524665506
2023-07-24 03:00:00+08:00,0.0,0.05666751588541606
2023-07-24 04:00:00+08:00,0.0,0.054718034547095874
2023-07-24 05:00:00+08:00,0.2534530150996624,0.04895633950867902
2023-07-24 06:00:00+08:00,1.3048135420293239,0.29479095967117697
2023-07-24 07:00:00+08:00,3.0493067112143097,0.19350507566302386
2023-07-24 08:00:00+08:00,5.1233525836078515,0.03601147947631726
2023-07-24 09:00:00+08:00,7.44723397684865,0.0
2023-07-24 10:00:00+08:00,8.865558972240217,0.0
2023-07-24 11:00:00+08:00,10.442921365218197,0.0
2023-07-24 12:00:00+08:00,11.473278728656163,0.0
2023-07-24 13:00:00+08:00,10.614644551878767,0.0
2023-07-24 14:00:00+08:00,9.15668670422046,0.0
2023-07-24 15:00:00+08:00,7.925941567002256,0.005819590664840629
2023-07-24 16:00:00+08:00,5.81877050846992,0.07279164838928559
2023-07-24 17:00:00+08:00,3.1064619078243254,0.06663422874901594
2023-07-24 18:00:00+08:00,0.977372620734752,0.0
2023-07-24 19:00:00+08:00,0.0,0.0
2023-07-24 20:00:00+08:00,0.0,0.0
2023-07-24 21:00:00+08:00,0.0,0.0
2023-07-24 22:00:00+08:00,0.0,0.0
2023-07-24 23:00:00+08:00,0.0,0.0
2023-07-25 00:00:00+08:00,0.0,0.0
2023-07-25 01:00:00+08:00,0.0,0.0
2023-07-25 02:00:00+08:00,0.0,0.0
2023-07-25 03:00:00+08:00,0.0,0.0
2023-07-25 04:00:00+08:00,0.0,0.0
2023-07-25 05:00:00+08:00,0.21667147954118346,0.0
2023-07-25 06:00:00+08:00,1.4508690800300965,0.09207872032793184
2023-07-25 07:00:00+08:00,2.8911111831537615,0.13948202432684378
2023-07-25 08:00:00+08:00,4.641038205261388,0.10333260628488947
2023-07-25 09:00:00+08:00,7.930213396213698,0.12702749792146
2023-07-25 10:00:00+08:00,7.986982810165939,0.15235028494080669
2023-07-25 11:00:00+08:00,8.819951420826118,0.14202236138133761
2023-07-25 12:00:00+08:00,9.578106779115295,0.08551243394036041
2023-07-25 13:00:00+08:00,10.657441721013816,0.034218459976613935
2023-07-25 14:00:00+08:00,9.81463625516973,0.005819590664840629
2023-07-25 15:00:00+08:00,7.618327059956331,0.0
2023-07-25 16:00:00+08:00,5.478944897173133,0.0
2023-07-25 17:00:00+08:00,2.8176664425912943,0.0
2023-07-25 18:00:00+08:00,0.9075229293773494,0.0
2023-07-25 19:00:00+08:00,0.0,0.0
2023-07-25 20:00:00+08:00,0.0,0.002730303130244606
2023-07-25 21:00:00+08:00,0.0,0.028922580982444643
2023-07-25 22:00:00+08:00,0.0,0.05666751588541606
2023-07-25 23:00:00+08:00,0.0,0.04332363219411342
2023-07-26 00:00:00+08:00,0.0,0.013770904145080145
2023-07-26 01:00:00+08:00,0.0,0.0
2023-07-26 02:00:00+08:00,0.0,0.0
2023-07-26 03:00:00+08:00,0.0,0.0
2023-07-26 04:00:00+08:00,0.0,0.0
2023-07-26 05:00:00+08:00,0.26429487048075767,0.0
2023-07-26 06:00:00+08:00,1.5797622802986646,0.08987456259899727
2023-07-26 07:00:00+08:00,3.3280303853736495,0.017043803135640415
2023-07-26 08:00:00+08:00,4.944440275220851,0.0
2023-07-26 09:00:00+08:00,7.387872163204349,0.0
2023-07-26 10:00:00+08:00,8.58757609412582,0.0
2023-07-26 11:00:00+08:00,9.038989077135192,0.0
2023-07-26 12:00:00+08:00,8.585724293647226,0.05278304742680161
2023-07-26 13:00:00+08:00,5.247277299969744,0.19638775749402856
2023-07-26 14:00:00+08:00,0.9251873121261787,0.31952859672062506
2023-07-26 15:00:00+08:00,2.6027398933270303,0.3996193459417554
2023-07-26 16:00:00+08:00,2.292574406751466,0.3836695046068856
2023-07-26 17:00:00+08:00,1.7676671460392885,0.22009041904100865
2023-07-26 18:00:00+08:00,0.6882759558936532,0.01540070144328111
2023-07-26 19:00:00+08:00,0.0,0.0
2023-07-26 20:00:00+08:00,0.0,0.0
2023-07-26 21:00:00+08:00,0.0,0.007383677235796734
2023-07-26 22:00:00+08:00,0.0,0.02205347540669832
2023-07-26 23:00:00+08:00,0.0,0.03963943272561256
2023-07-27 00:00:00+08:00,0.0,0.03601147947631726
2023-07-27 01:00:00+08:00,0.0,0.007383677235796734
2023-07-27 02:00:00+08:00,0.0,0.0
2023-07-27 03:00:00+08:00,0.0,0.0
2023-07-27 04:00:00+08:00,0.0,0.0
2023-07-27 05:00:00+08:00,0.24883546304357765,0.0
2023-07-27 06:00:00+08:00,1.2329063035328625,0.04706451054504447
2023-07-27 07:00:00+08:00,3.1675552848072708,0.0
2023-07-27 08:00:00+08:00,5.534784694460206,0.0
2023-07-27 09:00:00+08:00,7.941042629047475,0.0
2023-07-27 10:00:00+08:00,10.457164892893962,0.0
2023-07-27 11:00:00+08:00,11.877302988857103,0.0
2023-07-27 12:00:00+08:00,11.876537957294177,0.0
2023-07-27 13:00:00+08:00,11.411035873282122,0.0
2023-07-27 14:00:00+08:00,10.126591812125191,0.02375033550472131
2023-07-27 15:00:00+08:00,8.121824673814226,0.05086250044163042
2023-07-27 16:00:00+08:00,5.711666656038916,0.04895633950867902
2023-07-27 17:00:00+08:00,3.0866277780621996,0.0
2023-07-27 18:00:00+08:00,1.0586981225507308,0.0
2023-07-27 19:00:00+08:00,0.0,0.0
2023-07-27 20:00:00+08:00,0.0,0.007383677235796734
2023-07-27 21:00:00+08:00,0.0,0.0306740648125807
2023-07-27 22:00:00+08:00,0.0,0.08335435484485185
2023-07-27 23:00:00+08:00,0.0,0.205142129974502
2023-07-28 00:00:00+08:00,0.0,0.2844806220690267
2023-07-28 01:00:00+08:00,0.0,0.22619618049501763
2023-07-28 02:00:00+08:00,0.0,0.0987842161080372
2023-07-28 03:00:00+08:00,0.0,0.034218459976613935
2023-07-28 04:00:00+08:00,0.0,0.03243933978300283
2023-07-28 05:00:00+08:00,0.2546830106300063,0.04332363219411342
2023-07-28 06:00:00+08:00,1.119697493256458,0.2417804845017715
2023-07-28 07:00:00+08:00,3.068657235762147,0.27100204490759766
2023-07-28 08:00:00+08:00,5.390745535382214,0.19064002485842413
2023-07-28 09:00:00+08:00,8.099263548045828,0.11497994536177038
2023-07-28 10:00:00+08:00,10.089603885866369,0.07072426632224596
2023-07-28 11:00:00+08:00,11.425473855473399,0.07072426632224596
2023-07-28 12:00:00+08:00,10.254789498471661,0.13695823664069298
2023-07-28 13:00:00+08:00,9.72517135124392,0.3415014526677879
2023-07-28 14:00:00+08:00,7.672992454542337,0.6490455846564944
2023-07-28 15:00:00+08:00,4.798080208131367,0.7135972071225786
2023-07-28 16:00:00+08:00,2.0696224204456475,0.4979192858292851
2023-07-28 17:00:00+08:00,1.1640445287041559,0.2610926238659966
2023-07-28 18:00:00+08:00,0.46711281649517206,0.0987842161080372
2023-07-28 19:00:00+08:00,0.0,0.05086250044163042
2023-07-28 20:00:00+08:00,0.0,0.2022062305668645
2023-07-28 21:00:00+08:00,0.0,0.4409628409266438
2023-07-28 22:00:00+08:00,0.0,0.5115896319512271
2023-07-28 23:00:00+08:00,0.0,0.3489856791555575
2023-07-29 00:00:00+08:00,0.0,0.24495261803007246
2023-07-29 01:00:00+08:00,0.0,0.21405712867712992
2023-07-29 02:00:00+08:00,0.0,0.16294732502601303
2023-07-29 03:00:00+08:00,0.0,0.12948562896326898
2023-07-29 04:00:00+08:00,0.0,0.12458564583347895
2023-07-29 05:00:00+08:00,0.1720361878589108,0.19638775749402856
2023-07-29 06:00:00+08:00,0.8428765753667938,0.4889164114229659
2023-07-29 07:00:00+08:00,1.9930270718546315,0.5024538758520344
2023-07-29 08:00:00+08:00,3.158501441294948,0.7816689775844811
2023-07-29 09:00:00+08:00,2.190567991213505,1.0079397295103574
2023-07-29 10:00:00+08:00,3.0646319496606402,1.0215146102945414
2023-07-29 11:00:00+08:00,2.7541973808254046,1.0910266445207935
2023-07-29 12:00:00+08:00,2.291721775539879,1.3163933466387472
2023-07-29 13:00:00+08:00,1.680361663314577,1.6765549784092462
2023-07-29 14:00:00+08:00,2.125194210407673,1.8184783862269043
2023-07-29 15:00:00+08:00,2.288480345788028,1.7043652995420446
2023-07-29 16:00:00+08:00,2.255637349987559,1.7608445619769741
2023-07-29 17:00:00+08:00,1.0897912851020697,2.1782946896474047
2023-07-29 18:00:00+08:00,0.38807811078101684,2.7029595576040166
2023-07-29 19:00:00+08:00,0.0,3.0666346671456206
2023-07-29 20:00:00+08:00,0.0,3.0801704369770584
2023-07-29 21:00:00+08:00,0.0,2.972951874832395
2023-07-29 22:00:00+08:00,0.0,2.727967510016886
2023-07-29 23:00:00+08:00,0.0,2.868156226745816
2023-07-30 00:00:00+08:00,0.0,3.05313713392666
2023-07-30 01:00:00+08:00,0.0,2.7029595576040166
2023-07-30 02:00:00+08:00,0.0,1.6217856551210685
2023-07-30 03:00:00+08:00,0.0,1.455718034908033
2023-07-30 04:00:00+08:00,0.0,1.4641830999122853
2023-07-30 05:00:00+08:00,0.07961647239844181,1.6581727765358865
2023-07-30 06:00:00+08:00,0.6360794770543495,1.7991381057254416
2023-07-30 07:00:00+08:00,1.4266767093306916,2.200102286270383
2023-07-30 08:00:00+08:00,2.374509824176503,3.05313713392666
2023-07-30 09:00:00+08:00,3.8888477557685426,3.8851046266682654
2023-07-30 10:00:00+08:00,4.497344953785941,4.15873755254526
2023-07-30 11:00:00+08:00,5.850222033500149,4.274938302385815
2023-07-30 12:00:00+08:00,6.156757521849279,3.9963175807720583
2023-07-30 13:00:00+08:00,6.066168880521866,3.4895837911665635
2023-07-30 14:00:00+08:00,5.783628601061867,3.316181132153912
2023-07-30 15:00:00+08:00,5.199953084854062,3.121007706975281
2023-07-30 16:00:00+08:00,3.410309587162165,2.4491617707916866
2023-07-30 17:00:00+08:00,1.9240454011002939,1.4812041432808714
2023-07-30 18:00:00+08:00,0.5449721384738087,0.9944730145323387
2023-07-30 19:00:00+08:00,0.0,0.9744748065010632
2023-07-30 20:00:00+08:00,0.0,1.035198089548115
2023-07-30 21:00:00+08:00,0.0,1.2307729270472403
2023-07-30 22:00:00+08:00,0.0,1.0769044447574165
2023-07-30 23:00:00+08:00,0.0,0.6916934871531896
2023-07-31 00:00:00+08:00,0.0,0.6282944795175941
2023-07-31 01:00:00+08:00,0.0,0.9351997481998242
2023-07-31 02:00:00+08:00,0.0,1.0283427480712037
2023-07-31 03:00:00+08:00,0.0,0.6648585872327488
2023-07-31 04:00:00+08:00,0.0,0.4889164114229659
2023-07-31 05:00:00+08:00,0.10633313221885575,0.5780597552659826
2023-07-31 06:00:00+08:00,0.721417039757012,0.8411518782631591
2023-07-31 07:00:00+08:00,1.4078447539986374,0.9678623513418942
2023-07-31 08:00:00+08:00,2.3394459052830165,1.0011928783370292
2023-07-31 09:00:00+08:00,2.935592355124457,1.3645857562488983
2023-07-31 10:00:00+08:00,5.745988654424961,1.1052596060696824
2023-07-31 11:00:00+08:00,6.638295938811626,0.878068651575496
2023-07-31 12:00:00+08:00,7.338255595925136,0.70259667252511
2023-07-31 13:00:00+08:00,7.690554013138059,0.638622655463944
2023-07-31 14:00:00+08:00,7.140288498997248,0.5780597552659826
2023-07-31 15:00:00+08:00,4.957520129593388,0.4624343393484166
2023-07-31 16:00:00+08:00,3.677685421765082,0.264376871252387
2023-07-31 17:00:00+08:00,1.9945318532230065,0.01540070144328111
2023-07-31 18:00:00+08:00,0.6553444635963761,0.0
2023-07-31 19:00:00+08:00,0.0,0.0
2023-07-31 20:00:00+08:00,0.0,0.03781845236501572
2023-07-31 21:00:00+08:00,0.0,0.3088093923711731
2023-07-31 22:00:00+08:00,0.0,0.15497418008056274
2023-07-31 23:00:00+08:00,0.0,0.11261867679938187
2023-08-01 00:00:00+08:00,0.0,0.5301289626856752
2023-08-01 01:00:00+08:00,0.0,0.9811140326972586
2023-08-01 02:00:00+08:00,0.0,0.7875034501828128
2023-08-01 03:00:00+08:00,0.0,0.686278265219552
2023-08-01 04:00:00+08:00,0.0,0.7302814852674885
2023-08-01 05:00:00+08:00,0.19071926020247185,0.7758595994531804
2023-08-01 06:00:00+08:00,0.8650790216292584,1.062892574116328
2023-08-01 07:00:00+08:00,2.3240005998734716,1.8971396612228495
2023-08-01 08:00:00+08:00,5.609825535696761,2.3338523342353796
2023-08-01 09:00:00+08:00,8.610223653656627,2.277515210683567
2023-08-01 10:00:00+08:00,11.000053794681355,2.1458403237098365
2023-08-01 11:00:00+08:00,11.954190857020029,2.029457602928045
2023-08-01 12:00:00+08:00,11.918640797477577,1.8281970929246025
2023-08-01 13:00:00+08:00,11.663045886768845,1.594823732488922
2023-08-01 14:00:00+08:00,10.038256892142867,1.3564799098869178
2023-08-01 15:00:00+08:00,8.281513633267254,1.062892574116328
2023-08-01 16:00:00+08:00,6.078785514336401,0.70259667252511
2023-08-01 17:00:00+08:00,3.1498570472105167,0.3088093923711731
2023-08-01 18:00:00+08:00,0.8352317578893195,0.054718034547095874
2023-08-01 19:00:00+08:00,0.0,0.041474474641010714
2023-08-01 20:00:00+08:00,0.0,0.12458564583347895
2023-08-01 21:00:00+08:00,0.0,0.29826639011996303
2023-08-01 22:00:00+08:00,0.0,0.573163891450644
2023-08-01 23:00:00+08:00,0.0,0.7643159102600569
2023-08-02 00:00:00+08:00,0.0,0.6438222488629927
2023-08-02 01:00:00+08:00,0.0,0.6595636997584692
2023-08-02 02:00:00+08:00,0.0,0.6490455846564944
2023-08-02 03:00:00+08:00,0.0,0.5442695055670139
2023-08-02 04:00:00+08:00,0.0,0.25135259047684894
2023-08-02 05:00:00+08:00,0.23381056039106646,0.20809587674015675
2023-08-02 06:00:00+08:00,1.0799210191191284,0.6595636997584692
2023-08-02 07:00:00+08:00,2.904349648564505,1.1930076019993596
2023-08-02 08:00:00+08:00,5.306967920098305,1.430504017620602
2023-08-02 09:00:00+08:00,7.434062170006448,1.3403569131240132
2023-08-02 10:00:00+08:00,8.874378700283179,1.2692562026335379
2023-08-02 11:00:00+08:00,10.380515000084284,1.308464189121137
2023-08-02 12:00:00+08:00,9.827033775390172,1.3323396545572825
2023-08-02 13:00:00+08:00,10.220112701446189,1.3564799098869178
2023-08-02 14:00:00+08:00,9.81905768620845,1.3645857562488983
2023-08-02 15:00:00+08:00,8.228775286146776,1.3163933466387472
2023-08-02 16:00:00+08:00,5.951303589703923,1.0839517264573684
2023-08-02 17:00:00+08:00,3.0620990446555214,0.573163891450644
2023-08-02 18:00:00+08:00,0.7861687135485336,0.16027264604026287
2023-08-02 19:00:00+08:00,0.0,0.09207872032793184
2023-08-02 20:00:00+08:00,0.0,0.17657734332988953
2023-08-02 21:00:00+08:00,0.0,0.22619618049501763
2023-08-02 22:00:00+08:00,0.0,0.2913348909016942
2023-08-02 23:00:00+08:00,0.0,0.4159032032860611
2023-08-03 00:00:00+08:00,0.0,0.5070106398650472
2023-08-03 01:00:00+08:00,0.0,0.6129789314838905
2023-08-03 02:00:00+08:00,0.0,0.7471872329005199
2023-08-03 03:00:00+08:00,0.0,0.7992478951121773
2023-08-03 04:00:00+08:00,0.0,0.8411518782631591
2023-08-03 05:00:00+08:00,0.2051595653500852,0.8905813441431448
2023-08-03 06:00:00+08:00,1.0572151924073487,1.1706902109181119
2023-08-03 07:00:00+08:00,2.754729272116523,1.6217856551210685
2023-08-03 08:00:00+08:00,4.997328754828957,2.0190796256417736
2023-08-03 09:00:00+08:00,7.129277642854133,1.9071194801766296
2023-08-03 10:00:00+08:00,9.249837161138155,1.7136988278039913
2023-08-03 11:00:00+08:00,10.671802663934429,1.732461340651826
2023-08-03 12:00:00+08:00,11.647243067719025,1.8184783862269043
2023-08-03 13:00:00+08:00,11.082825527341868,1.8087920751881514
2023-08-03 14:00:00+08:00,10.835493385849453,1.6765549784092462
2023-08-03 15:00:00+08:00,8.784699803883246,1.430504017620602
2023-08-03 16:00:00+08:00,6.134323445090198,1.0079397295103574
2023-08-03 17:00:00+08:00,3.0522246092797696,0.4711743708457563
2023-08-03 18:00:00+08:00,0.7554242469988423,0.16027264604026287
2023-08-03 19:00:00+08:00,0.0,0.2545805375611306
2023-08-03 20:00:00+08:00,0.0,0.6808872183435921
2023-08-03 21:00:00+08:00,0.0,1.0011928783370292
2023-08-03 22:00:00+08:00,0.0,1.062892574116328
2023-08-03 23:00:00+08:00,0.0,0.9547175378030198
2023-08-04 00:00:00+08:00,0.0,0.8350891217309176
2023-08-04 01:00:00+08:00,0.0,0.7933630713310769
2023-08-04 02:00:00+08:00,0.0,0.8290519464118339
2023-08-04 03:00:00+08:00,0.0,0.9744748065010632
2023-08-04 04:00:00+08:00,0.0,1.119603762067309
2023-08-04 05:00:00+08:00,0.21028648310906162,1.2770396067273408
2023-08-04 06:00:00+08:00,1.177583267805297,1.5593096172956578
2023-08-04 07:00:00+08:00,2.9877303942013222,1.7043652995420446
2023-08-04 08:00:00+08:00,5.728616235404056,2.029457602928045
2023-08-04 09:00:00+08:00,7.977461173959891,1.9171321815354834
2023-08-04 10:00:00+08:00,9.64270571260578,1.550508427048749
2023-08-04 11:00:00+08:00,11.017634627976195,1.2926935965547157
2023-08-04 12:00:00+08:00,10.792654822999674,1.2080280106171266
2023-08-04 13:00:00+08:00,11.81015864887169,1.1706902109181119
2023-08-04 14:00:00+08:00,10.607713427170088,1.062892574116328
2023-08-04 15:00:00+08:00,8.557504318968759,0.8411518782631591
2023-08-04 16:00:00+08:00,5.8911646349224105,0.4889164114229659
2023-08-04 17:00:00+08:00,2.948299536086589,0.2878981297286119
2023-08-04 18:00:00+08:00,0.7213278808123523,0.08335435484485185
2023-08-04 19:00:00+08:00,0.0,0.10105056917551636
2023-08-04 20:00:00+08:00,0.0,0.25782719732987885
2023-08-04 21:00:00+08:00,0.0,0.5254605174777975
2023-08-04 22:00:00+08:00,0.0,0.7643159102600569
2023-08-04 23:00:00+08:00,0.0,0.7191341155881517
2023-08-05 00:00:00+08:00,0.0,0.6231657888044864
2023-08-05 01:00:00+08:00,0.0,0.582978658398034
2023-08-05 02:00:00+08:00,0.0,0.4979192858292851
2023-08-05 03:00:00+08:00,0.0,0.42833737649225145
2023-08-05 04:00:00+08:00,0.0,0.4200267632453852
2023-08-05 05:00:00+08:00,0.20512309704042622,0.5208145166746988
2023-08-05 06:00:00+08:00,1.2212013249294773,0.6438222488629927
2023-08-05 07:00:00+08:00,2.96988655922109,0.33409748520819244
2023-08-05 08:00:00+08:00,5.003059034821361,0.5254605174777975
2023-08-05 09:00:00+08:00,6.444865733917671,0.5070106398650472
2023-08-05 10:00:00+08:00,7.860912609245289,0.4077193062811163
2023-08-05 11:00:00+08:00,7.3102991380406666,0.35275802474226525
2023-08-05 12:00:00+08:00,8.001796781485039,0.2913348909016942
2023-08-05 13:00:00+08:00,6.823676924432167,0.23549165242082915
2023-08-05 14:00:00+08:00,5.352824917847512,0.16563904012623423
2023-08-05 15:00:00+08:00,4.653252085354703,0.054718034547095874
2023-08-05 16:00:00+08:00,3.3037214226037253,0.0
2023-08-05 17:00:00+08:00,1.562836661056582,0.0
2023-08-05 18:00:00+08:00,0.42259642829291644,0.0
2023-08-05 19:00:00+08:00,0.0,0.0
2023-08-05 20:00:00+08:00,0.0,0.0
2023-08-05 21:00:00+08:00,0.0,0.0
2023-08-05 22:00:00+08:00,0.0,0.0
2023-08-05 23:00:00+08:00,0.0,0.0
2023-08-06 00:00:00+08:00,0.0,0.0
2023-08-06 01:00:00+08:00,0.0,0.0
2023-08-06 02:00:00+08:00,0.0,0.06663422874901594
2023-08-06 03:00:00+08:00,0.0,0.7415272858304355
2023-08-06 04:00:00+08:00,0.0,2.266352328224862
2023-08-06 05:00:00+08:00,0.11178803230725871,2.8941295048958016
2023-08-06 06:00:00+08:00,0.629422972807782,2.765755802270943
2023-08-06 07:00:00+08:00,1.4268311100052768,2.8294768645805752
2023-08-06 08:00:00+08:00,2.30066314073492,3.0666346671456206
2023-08-06 09:00:00+08:00,4.917191594039659,2.520052125830624
2023-08-06 10:00:00+08:00,6.581006232261768,1.847731909628451
2023-08-06 11:00:00+08:00,7.9774453587207965,1.5681416888802255
2023-08-06 12:00:00+08:00,10.478404568054309,1.6765549784092462
2023-08-06 13:00:00+08:00,11.375245697124752,1.7418904334035197
2023-08-06 14:00:00+08:00,11.029606010120325,1.630835410390543
2023-08-06 15:00:00+08:00,9.501697402586341,1.3564799098869178
2023-08-06 16:00:00+08:00,6.934059828702196,1.0283427480712037
2023-08-06 17:00:00+08:00,3.667942179175517,0.5115896319512271
2023-08-06 18:00:00+08:00,0.78951678301463,0.09207872032793184
2023-08-06 19:00:00+08:00,0.0,0.08551243394036041
2023-08-06 20:00:00+08:00,0.0,0.17381694294275385
2023-08-06 21:00:00+08:00,0.0,0.20809587674015675
2023-08-06 22:00:00+08:00,0.0,0.16294732502601303
2023-08-06 23:00:00+08:00,0.0,0.12948562896326898
2023-08-07 00:00:00+08:00,0.0,0.11261867679938187
2023-08-07 01:00:00+08:00,0.0,0.14202236138133761
2023-08-07 02:00:00+08:00,0.0,0.14715289992696734
2023-08-07 03:00:00+08:00,0.0,0.08121152712801255
2023-08-07 04:00:00+08:00,0.0,0.0
2023-08-07 05:00:00+08:00,0.2077990050435252,0.0
2023-08-07 06:00:00+08:00,1.1445086676839689,0.054718034547095874
2023-08-07 07:00:00+08:00,3.3130919056950208,0.28108231384003596
2023-08-07 08:00:00+08:00,6.2595396761967255,0.7816689775844811
2023-08-07 09:00:00+08:00,9.015670246387486,1.0147136221352275
2023-08-07 10:00:00+08:00,11.220135046431208,1.035198089548115
2023-08-07 11:00:00+08:00,12.436653408841584,0.8968767653244457
2023-08-07 12:00:00+08:00,12.712328289092214,0.7358920546470589
2023-08-07 13:00:00+08:00,12.139004465765323,0.6129789314838905
2023-08-07 14:00:00+08:00,9.291797610962407,0.5348199063812349
2023-08-07 15:00:00+08:00,7.712084221370137,0.5024538758520344
2023-08-07 16:00:00+08:00,5.551786365517731,0.4159032032860611
2023-08-07 17:00:00+08:00,2.8293319007847355,0.17935505024601142
2023-08-07 18:00:00+08:00,0.7687941655181383,0.0
2023-08-07 19:00:00+08:00,0.0,0.0
2023-08-07 20:00:00+08:00,0.0,0.0
2023-08-07 21:00:00+08:00,0.0,0.0
2023-08-07 22:00:00+08:00,0.0,0.0
2023-08-07 23:00:00+08:00,0.0,0.0
2023-08-08 00:00:00+08:00,0.0,0.0
2023-08-08 01:00:00+08:00,0.0,0.0
2023-08-08 02:00:00+08:00,0.0,0.0
2023-08-08 03:00:00+08:00,0.0,0.0
2023-08-08 04:00:00+08:00,0.0,0.0
2023-08-08 05:00:00+08:00,0.15175923119357682,0.0
2023-08-08 06:00:00+08:00,1.184190656690327,0.0
2023-08-08 07:00:00+08:00,2.9819560689213778,0.0
2023-08-08 08:00:00+08:00,5.3518951472628915,0.05278304742680161
2023-08-08 09:00:00+08:00,7.74837586361048,0.06867181113645714
2023-08-08 10:00:00+08:00,10.135638039895928,0.03243933978300283
2023-08-08 11:00:00+08:00,10.70852770306528,0.0
2023-08-08 12:00:00+08:00,12.088373964060011,0.0
2023-08-08 13:00:00+08:00,11.442535230878391,0.0
2023-08-08 14:00:00+08:00,9.433425954022319,0.0
2023-08-08 15:00:00+08:00,7.869357252498569,0.0
2023-08-08 16:00:00+08:00,5.670627272767678,0.0
2023-08-08 17:00:00+08:00,2.8080667559561308,0.0
2023-08-08 18:00:00+08:00,0.6719115563352736,0.0
2023-08-08 19:00:00+08:00,0.0,0.0
2023-08-08 20:00:00+08:00,0.0,0.0
2023-08-08 21:00:00+08:00,0.0,0.0
2023-08-08 22:00:00+08:00,0.0,0.0
2023-08-08 23:00:00+08:00,0.0,0.0
2023-08-09 00:00:00+08:00,0.0,0.0
2023-08-09 01:00:00+08:00,0.0,0.0
2023-08-09 02:00:00+08:00,0.0,0.0
2023-08-09 03:00:00+08:00,0.0,0.0
2023-08-09 04:00:00+08:00,0.0,0.0
2023-08-09 05:00:00+08:00,0.17051939431002935,0.0
2023-08-09 06:00:00+08:00,1.0359352695924553,0.0
2023-08-09 07:00:00+08:00,3.1111209496800036,0.007383677235796734
2023-08-09 08:00:00+08:00,6.15008650069467,0.2844806220690267
2023-08-09 09:00:00+08:00,8.911224930199088,0.44521409062014494
2023-08-09 10:00:00+08:00,10.744398197123562,0.5024538758520344
2023-08-09 11:00:00+08:00,11.95597741615399,0.5024538758520344
2023-08-09 12:00:00+08:00,12.897379591191138,0.4537810568276215
2023-08-09 13:00:00+08:00,11.66861451010278,0.3489856791555575
2023-08-09 14:00:00+08:00,10.236328910464238,0.2417804845017715
2023-08-09 15:00:00+08:00,8.64185386335915,0.18215011777402285
2023-08-09 16:00:00+08:00,5.812021595493008,0.16027264604026287
2023-08-09 17:00:00+08:00,2.929875568394002,0.04518695946782358
2023-08-09 18:00:00+08:00,0.6510164876383494,0.0
2023-08-09 19:00:00+08:00,0.0,0.0
2023-08-09 20:00:00+08:00,0.0,0.0
2023-08-09 21:00:00+08:00,0.0,0.01540070144328111
2023-08-09 22:00:00+08:00,0.0,0.03243933978300283
2023-08-09 23:00:00+08:00,0.0,0.03243933978300283
2023-08-10 00:00:00+08:00,0.0,0.01540070144328111
2023-08-10 01:00:00+08:00,0.0,0.0
2023-08-10 02:00:00+08:00,0.0,0.0
2023-08-10 03:00:00+08:00,0.0,0.0
2023-08-10 04:00:00+08:00,0.0,0.0
2023-08-10 05:00:00+08:00,0.16465824028433856,0.0
2023-08-10 06:00:00+08:00,1.1348160858391052,0.08121152712801255
2023-08-10 07:00:00+08:00,3.0009241958439605,0.10563038151905942
2023-08-10 08:00:00+08:00,5.614832497216835,0.4979192858292851
2023-08-10 09:00:00+08:00,8.41058467338811,0.6438222488629927
2023-08-10 10:00:00+08:00,10.432872036474656,0.6490455846564944
2023-08-10 11:00:00+08:00,11.757511704184825,0.638622655463944
2023-08-10 12:00:00+08:00,12.935139918108096,0.5682910128691157
2023-08-10 13:00:00+08:00,12.273317863997526,0.4409628409266438
2023-08-10 14:00:00+08:00,10.908518910133028,0.3159358604550535
2023-08-10 15:00:00+08:00,8.825325514762563,0.21706474201425452
2023-08-10 16:00:00+08:00,6.048926597404071,0.13445094423998236
2023-08-10 17:00:00+08:00,2.8745420328821925,0.01870026330506096
2023-08-10 18:00:00+08:00,0.6152841480802322,0.0
2023-08-10 19:00:00+08:00,0.0,0.0
2023-08-10 20:00:00+08:00,0.0,0.0
2023-08-10 21:00:00+08:00,0.0,0.013770904145080145
2023-08-10 22:00:00+08:00,0.0,0.03963943272561256
2023-08-10 23:00:00+08:00,0.0,0.058631545524665506
2023-08-11 00:00:00+08:00,0.0,0.06260346603756395
2023-08-11 01:00:00+08:00,0.0,0.06260346603756395
2023-08-11 02:00:00+08:00,0.0,0.04706451054504447
2023-08-11 03:00:00+08:00,0.0,0.03243933978300283
2023-08-11 04:00:00+08:00,0.0,0.03243933978300283
2023-08-11 05:00:00+08:00,0.1456118700323167,0.03601147947631726
2023-08-11 06:00:00+08:00,1.0790408890743144,0.11027336269340253
2023-08-11 07:00:00+08:00,3.0691525674117845,0.23549165242082915
2023-08-11 08:00:00+08:00,5.293056281842558,0.31236281036620384
2023-08-11 09:00:00+08:00,7.8817038398093,0.2878981297286119
2023-08-11 10:00:00+08:00,9.845503905702715,0.14202236138133761
2023-08-11 11:00:00+08:00,11.047260595406145,0.07072426632224596
2023-08-11 12:00:00+08:00,11.03479178898866,0.08121152712801255
2023-08-11 13:00:00+08:00,10.649941181388133,0.19350507566302386
2023-08-11 14:00:00+08:00,8.901663833657635,0.33778946360092
2023-08-11 15:00:00+08:00,6.517268580916254,0.3836695046068856
2023-08-11 16:00:00+08:00,4.2583689906383935,0.3088093923711731
2023-08-11 17:00:00+08:00,2.17773272745643,0.11975056218738764
2023-08-11 18:00:00+08:00,0.5058002474709977,0.020370136034445988
2023-08-11 19:00:00+08:00,0.0,0.07072426632224596
2023-08-11 20:00:00+08:00,0.0,0.16027264604026287
2023-08-11 21:00:00+08:00,0.0,0.2777031509587361
2023-08-11 22:00:00+08:00,0.0,0.4494868112261699
2023-08-11 23:00:00+08:00,0.0,0.6490455846564944
2023-08-12 00:00:00+08:00,0.0,0.7992478951121773
2023-08-12 01:00:00+08:00,0.0,0.9031983085479357
2023-08-12 02:00:00+08:00,0.0,0.9547175378030198
2023-08-12 03:00:00+08:00,0.0,0.9547175378030198
2023-08-12 04:00:00+08:00,0.0,1.0215146102945414
2023-08-12 05:00:00+08:00,0.03935615657982603,1.035198089548115
2023-08-12 06:00:00+08:00,0.2654268830140457,1.1268176731916564
2023-08-12 07:00:00+08:00,0.4811256930961987,1.0283427480712037
2023-08-12 08:00:00+08:00,0.4160180360409113,1.1706902109181119
2023-08-12 09:00:00+08:00,1.144587680415892,1.4388785478450947
2023-08-12 10:00:00+08:00,2.7609235094091757,1.4897602298110106
2023-08-12 11:00:00+08:00,2.155364312000745,1.3564799098869178
2023-08-12 12:00:00+08:00,1.475723966675491,1.18554009614246
2023-08-12 13:00:00+08:00,1.7276043182850758,1.1486273880616713
2023-08-12 14:00:00+08:00,1.4277970727904923,1.3484036468729244
2023-08-12 15:00:00+08:00,0.9746873887123555,1.5593096172956578
2023-08-12 16:00:00+08:00,0.6643900182005975,1.223162642326203
2023-08-12 17:00:00+08:00,0.3874794960161078,0.6648585872327488
2023-08-12 18:00:00+08:00,0.11047281723161714,0.23549165242082915
2023-08-12 19:00:00+08:00,0.0,0.08335435484485185
2023-08-12 20:00:00+08:00,0.0,0.07908389670693931
2023-08-12 21:00:00+08:00,0.0,0.058631545524665506
2023-08-12 22:00:00+08:00,0.0,0.05278304742680161
2023-08-12 23:00:00+08:00,0.0,0.03781845236501572
2023-08-13 00:00:00+08:00,0.0,0.03781845236501572
2023-08-13 01:00:00+08:00,0.0,0.05666751588541606
2023-08-13 02:00:00+08:00,0.0,0.06867181113645714
2023-08-13 03:00:00+08:00,0.0,0.08551243394036041
2023-08-13 04:00:00+08:00,0.0,0.11497994536177038
2023-08-13 05:00:00+08:00,0.09946386224100834,0.13695823664069298
2023-08-13 06:00:00+08:00,0.8251570093986188,0.3876258402298792
2023-08-13 07:00:00+08:00,2.1803249976031296,0.5254605174777975
2023-08-13 08:00:00+08:00,3.423941360557993,0.6808872183435921
2023-08-13 09:00:00+08:00,4.996663193586523,0.8110933669045004
2023-08-13 10:00:00+08:00,7.055456663835891,0.9031983085479357
2023-08-13 11:00:00+08:00,8.917623764219336,0.9287467835218446
2023-08-13 12:00:00+08:00,12.44053333032447,0.8843119909211284
2023-08-13 13:00:00+08:00,11.317311273889889,0.7933630713310769
2023-08-13 14:00:00+08:00,10.910433270535151,0.6971329382274081
2023-08-13 15:00:00+08:00,8.827983444750227,0.607920656710596
2023-08-13 16:00:00+08:00,5.903021534625043,0.4494868112261699
2023-08-13 17:00:00+08:00,2.9056568494278774,0.15235028494080669
2023-08-13 18:00:00+08:00,0.6028387064218087,0.0
2023-08-13 19:00:00+08:00,0.0,0.0
2023-08-13 20:00:00+08:00,0.0,0.0
2023-08-13 21:00:00+08:00,0.0,0.0
2023-08-13 22:00:00+08:00,0.0,0.0
2023-08-13 23:00:00+08:00,0.0,0.0
2023-08-14 00:00:00+08:00,0.0,0.0
2023-08-14 01:00:00+08:00,0.0,0.0
2023-08-14 02:00:00+08:00,0.0,0.0
2023-08-14 03:00:00+08:00,0.0,0.0
2023-08-14 04:00:00+08:00,0.0,0.0
2023-08-14 05:00:00+08:00,0.14019430956800846,0.0
2023-08-14 06:00:00+08:00,0.8459457670736813,0.0
2023-08-14 07:00:00+08:00,3.228220619604563,0.0
2023-08-14 08:00:00+08:00,6.368338610704769,0.0
2023-08-14 09:00:00+08:00,9.447009896992046,0.0
2023-08-14 10:00:00+08:00,11.700193101679329,0.0
2023-08-14 11:00:00+08:00,12.911849140645776,0.0
2023-08-14 12:00:00+08:00,13.023574111635876,0.0
2023-08-14 13:00:00+08:00,12.47854503143524,0.0
2023-08-14 14:00:00+08:00,11.194033540465067,0.0
2023-08-14 15:00:00+08:00,8.879694983212207,0.0
2023-08-14 16:00:00+08:00,6.190056227682085,0.0
2023-08-14 17:00:00+08:00,3.1263387571339134,0.0
2023-08-14 18:00:00+08:00,0.5756956186260309,0.0
2023-08-14 19:00:00+08:00,0.0,0.0
2023-08-14 20:00:00+08:00,0.0,0.0
2023-08-14 21:00:00+08:00,0.0,0.0
2023-08-14 22:00:00+08:00,0.0,0.0
2023-08-14 23:00:00+08:00,0.0,0.0
2023-08-15 00:00:00+08:00,0.0,0.0
2023-08-15 01:00:00+08:00,0.0,0.0
2023-08-15 02:00:00+08:00,0.0,0.0
2023-08-15 03:00:00+08:00,0.0,0.0
2023-08-15 04:00:00+08:00,0.0,0.0
2023-08-15 05:00:00+08:00,0.13917449520669978,0.0
2023-08-15 06:00:00+08:00,0.9128523630840076,0.0
2023-08-15 07:00:00+08:00,3.1104903638682884,0.0
2023-08-15 08:00:00+08:00,6.19820028396279,0.0
2023-08-15 09:00:00+08:00,8.945328168749475,0.0
2023-08-15 10:00:00+08:00,10.866301430867095,0.0
2023-08-15 11:00:00+08:00,12.240134183585264,0.0
2023-08-15 12:00:00+08:00,11.689222045782367,0.0
2023-08-15 13:00:00+08:00,11.136208697874013,0.0
2023-08-15 14:00:00+08:00,9.982420067077797,0.0
2023-08-15 15:00:00+08:00,8.064697260911634,0.0
2023-08-15 16:00:00+08:00,5.384912039515168,0.0
2023-08-15 17:00:00+08:00,2.7149482203339335,0.0
2023-08-15 18:00:00+08:00,0.4822755646364666,0.0
2023-08-15 19:00:00+08:00,0.0,0.0
2023-08-15 20:00:00+08:00,0.0,0.0
2023-08-15 21:00:00+08:00,0.0,0.0
2023-08-15 22:00:00+08:00,0.0,0.0
2023-08-15 23:00:00+08:00,0.0,0.0
2023-08-16 00:00:00+08:00,0.0,0.0
2023-08-16 01:00:00+08:00,0.0,0.0
2023-08-16 02:00:00+08:00,0.0,0.0
2023-08-16 03:00:00+08:00,0.0,0.0
2023-08-16 04:00:00+08:00,0.0,0.0
2023-08-16 05:00:00+08:00,0.13516069383789417,0.0
2023-08-16 06:00:00+08:00,1.1290052029999753,0.0
2023-08-16 07:00:00+08:00,2.979225381073024,0.017043803135640415
2023-08-16 08:00:00+08:00,5.889788844589239,0.08121152712801255
2023-08-16 09:00:00+08:00,8.55717213161932,0.17657734332988953
2023-08-16 10:00:00+08:00,10.57717434987914,0.19350507566302386
2023-08-16 11:00:00+08:00,11.86580721026874,0.18215011777402285
2023-08-16 12:00:00+08:00,11.315746890558312,0.205142129974502
2023-08-16 13:00:00+08:00,11.021665568991512,0.21405712867712992
2023-08-16 14:00:00+08:00,9.545143321818198,0.2022062305668645
2023-08-16 15:00:00+08:00,7.604391246785278,0.15497418008056274
2023-08-16 16:00:00+08:00,4.873562559396926,0.05086250044163042
2023-08-16 17:00:00+08:00,2.356280269225076,0.0
2023-08-16 18:00:00+08:00,0.42309677024436937,0.0
2023-08-16 19:00:00+08:00,0.0,0.0
2023-08-16 20:00:00+08:00,0.0,0.0
2023-08-16 21:00:00+08:00,0.0,0.0
2023-08-16 22:00:00+08:00,0.0,0.004268483990624318
2023-08-16 23:00:00+08:00,0.0,0.02546077041141802
2023-08-17 00:00:00+08:00,0.0,0.02546077041141802
2023-08-17 01:00:00+08:00,0.0,0.01870026330506096
2023-08-17 02:00:00+08:00,0.0,0.007383677235796734
2023-08-17 03:00:00+08:00,0.0,0.0
2023-08-17 04:00:00+08:00,0.0,0.0
2023-08-17 05:00:00+08:00,0.10450676787515767,0.0
2023-08-17 06:00:00+08:00,0.9118858754041802,0.03963943272561256
2023-08-17 07:00:00+08:00,2.841036208606379,0.007383677235796734
2023-08-17 08:00:00+08:00,5.101855423939436,0.0
2023-08-17 09:00:00+08:00,7.40481067521333,0.0
2023-08-17 10:00:00+08:00,8.884916375056262,0.0
2023-08-17 11:00:00+08:00,9.634565392298024,0.0
2023-08-17 12:00:00+08:00,9.574215454406048,0.0
2023-08-17 13:00:00+08:00,9.314000342195968,0.0
2023-08-17 14:00:00+08:00,7.961093501647328,0.0
2023-08-17 15:00:00+08:00,6.49759165266461,0.0
2023-08-17 16:00:00+08:00,4.267309430343154,0.0
2023-08-17 17:00:00+08:00,2.108271824398665,0.0
2023-08-17 18:00:00+08:00,0.39398767512729643,0.0
2023-08-17 19:00:00+08:00,0.0,0.0
2023-08-17 20:00:00+08:00,0.0,0.0
2023-08-17 21:00:00+08:00,0.0,0.0
2023-08-17 22:00:00+08:00,0.0,0.0
2023-08-17 23:00:00+08:00,0.0,0.0
2023-08-18 00:00:00+08:00,0.0,0.0
2023-08-18 01:00:00+08:00,0.0,0.0
2023-08-18 02:00:00+08:00,0.0,0.0
2023-08-18 03:00:00+08:00,0.0,0.0
2023-08-18 04:00:00+08:00,0.0,0.0
2023-08-18 05:00:00+08:00,0.09780257450628016,0.0
2023-08-18 06:00:00+08:00,0.8872453444792721,0.0
2023-08-18 07:00:00+08:00,2.553321210036787,0.0
2023-08-18 08:00:00+08:00,3.962806804996515,0.0
2023-08-18 09:00:00+08:00,5.251528564584812,0.0
2023-08-18 10:00:00+08:00,6.41057813779077,0.0
2023-08-18 11:00:00+08:00,6.734243812473538,0.0
2023-08-18 12:00:00+08:00,5.47763024816091,0.0
2023-08-18 13:00:00+08:00,2.0826082363571565,0.0
2023-08-18 14:00:00+08:00,3.076198363727153,0.0
2023-08-18 15:00:00+08:00,3.7643458081289456,0.0
2023-08-18 16:00:00+08:00,2.592429340666742,0.0
2023-08-18 17:00:00+08:00,1.3248678933207814,0.0
2023-08-18 18:00:00+08:00,0.3618055012796155,0.0
2023-08-18 19:00:00+08:00,0.0,0.0
2023-08-18 20:00:00+08:00,0.0,0.0
2023-08-18 21:00:00+08:00,0.0,0.0
2023-08-18 22:00:00+08:00,0.0,0.0
2023-08-18 23:00:00+08:00,0.0,0.0
2023-08-19 00:00:00+08:00,0.0,0.0
2023-08-19 01:00:00+08:00,0.0,0.0
2023-08-19 02:00:00+08:00,0.0,0.0
2023-08-19 03:00:00+08:00,0.0,0.0
2023-08-19 04:00:00+08:00,0.0,0.0
2023-08-19 05:00:00+08:00,0.10041494896022198,0.0
2023-08-19 06:00:00+08:00,0.9283755488332015,0.0
2023-08-19 07:00:00+08:00,2.5298747812680826,0.0
2023-08-19 08:00:00+08:00,4.53783013069015,0.0
2023-08-19 09:00:00+08:00,6.626375997426028,0.0
2023-08-19 10:00:00+08:00,7.68535661274611,0.0
2023-08-19 11:00:00+08:00,8.111223230663297,0.0
2023-08-19 12:00:00+08:00,8.597412639058627,0.0
2023-08-19 13:00:00+08:00,8.54400172084337,0.0
2023-08-19 14:00:00+08:00,6.516668954725227,0.0
2023-08-19 15:00:00+08:00,1.9618497152766112,0.0
2023-08-19 16:00:00+08:00,2.3917876960560434,0.0
2023-08-19 17:00:00+08:00,1.261817744906942,0.0
2023-08-19 18:00:00+08:00,0.24738964911787395,0.0
2023-08-19 19:00:00+08:00,0.0,0.0
2023-08-19 20:00:00+08:00,0.0,0.0
2023-08-19 21:00:00+08:00,0.0,0.0
2023-08-19 22:00:00+08:00,0.0,0.0
2023-08-19 23:00:00+08:00,0.0,0.0
2023-08-20 00:00:00+08:00,0.0,0.0
2023-08-20 01:00:00+08:00,0.0,0.008960797786395611
2023-08-20 02:00:00+08:00,0.0,0.012154357158134217
2023-08-20 03:00:00+08:00,0.0,0.001204994000798528
2023-08-20 04:00:00+08:00,0.0,0.0
2023-08-20 05:00:00+08:00,0.058594120386817196,0.0
2023-08-20 06:00:00+08:00,0.849634613745489,0.0
2023-08-20 07:00:00+08:00,2.220704012440199,0.0
2023-08-20 08:00:00+08:00,3.7084561464487065,0.0
2023-08-20 09:00:00+08:00,5.250569343944763,0.0
2023-08-20 10:00:00+08:00,5.916063983767569,0.0
2023-08-20 11:00:00+08:00,6.122341749160307,0.0
2023-08-20 12:00:00+08:00,7.029845951962482,0.0
2023-08-20 13:00:00+08:00,6.988024006318645,0.0
2023-08-20 14:00:00+08:00,4.131302128939915,0.012154357158134217
2023-08-20 15:00:00+08:00,2.63928967925725,0.017043803135640415
2023-08-20 16:00:00+08:00,1.6507176788507505,0.004268483990624318
2023-08-20 17:00:00+08:00,0.8437901333632991,0.0
2023-08-20 18:00:00+08:00,0.1491534821809246,0.0
2023-08-20 19:00:00+08:00,0.0,0.0
2023-08-20 20:00:00+08:00,0.0,0.0
2023-08-20 21:00:00+08:00,0.0,0.0
2023-08-20 22:00:00+08:00,0.0,0.0
2023-08-20 23:00:00+08:00,0.0,0.0
2023-08-21 00:00:00+08:00,0.0,0.0
2023-08-21 01:00:00+08:00,0.0,0.0
2023-08-21 02:00:00+08:00,0.0,0.0
2023-08-21 03:00:00+08:00,0.0,0.0
2023-08-21 04:00:00+08:00,0.0,0.0
2023-08-21 05:00:00+08:00,0.02946526125960489,0.0
2023-08-21 06:00:00+08:00,0.4449816773378824,0.0
2023-08-21 07:00:00+08:00,1.157904926197355,0.0
2023-08-21 08:00:00+08:00,1.9378335142988847,0.06867181113645714
2023-08-21 09:00:00+08:00,2.6659689724828954,0.17657734332988953
2023-08-21 10:00:00+08:00,3.9226306298805715,0.20809587674015675
2023-08-21 11:00:00+08:00,5.560918798474015,0.16563904012623423
2023-08-21 12:00:00+08:00,7.715326671073195,0.08987456259899727
2023-08-21 13:00:00+08:00,8.655311523013218,0.05278304742680161
2023-08-21 14:00:00+08:00,8.271755714418518,0.041474474641010714
2023-08-21 15:00:00+08:00,7.626837062704584,0.04332363219411342
2023-08-21 16:00:00+08:00,5.324772320067167,0.04706451054504447
2023-08-21 17:00:00+08:00,2.738981254494288,0.0
2023-08-21 18:00:00+08:00,0.42129556306103194,0.0
2023-08-21 19:00:00+08:00,0.0,0.0
2023-08-21 20:00:00+08:00,0.0,0.0
2023-08-21 21:00:00+08:00,0.0,0.0
2023-08-21 22:00:00+08:00,0.0,0.0
2023-08-21 23:00:00+08:00,0.0,0.0
2023-08-22 00:00:00+08:00,0.0,0.0
2023-08-22 01:00:00+08:00,0.0,0.0
2023-08-22 02:00:00+08:00,0.0,0.0
2023-08-22 03:00:00+08:00,0.0,0.0
2023-08-22 04:00:00+08:00,0.0,0.0
2023-08-22 05:00:00+08:00,0.1100241794961425,0.0
2023-08-22 06:00:00+08:00,0.9395162478255022,0.0
2023-08-22 07:00:00+08:00,3.2062693814295438,0.0
2023-08-22 08:00:00+08:00,6.2468563929125365,0.10105056917551636
2023-08-22 09:00:00+08:00,8.876423855776476,0.14202236138133761
2023-08-22 10:00:00+08:00,11.358237255352575,0.11975056218738764
2023-08-22 11:00:00+08:00,12.765283513769901,0.14974320958390933
2023-08-22 12:00:00+08:00,13.125009880071985,0.21106752494673162
2023-08-22 13:00:00+08:00,12.649616732723452,0.25135259047684894
2023-08-22 14:00:00+08:00,11.598725973785559,0.2777031509587361
2023-08-22 15:00:00+08:00,9.532395628480028,0.29479095967117697
2023-08-22 16:00:00+08:00,6.590098619722371,0.205142129974502
2023-08-22 17:00:00+08:00,3.272746992451854,0.0987842161080372
2023-08-22 18:00:00+08:00,0.429907279167802,0.0
2023-08-22 19:00:00+08:00,0.0,0.0
2023-08-22 20:00:00+08:00,0.0,0.0
2023-08-22 21:00:00+08:00,0.0,0.0
2023-08-22 22:00:00+08:00,0.0,0.0
2023-08-22 23:00:00+08:00,0.0,0.0
2023-08-23 00:00:00+08:00,0.0,0.0
2023-08-23 01:00:00+08:00,0.0,0.0
2023-08-23 02:00:00+08:00,0.0,0.0
2023-08-23 03:00:00+08:00,0.0,0.0
2023-08-23 04:00:00+08:00,0.0,0.0
2023-08-23 05:00:00+08:00,0.10650269015095917,0.0
2023-08-23 06:00:00+08:00,0.8927296792275284,0.0
2023-08-23 07:00:00+08:00,3.260434167629706,0.19928812443434096
2023-08-23 08:00:00+08:00,6.532938288402078,0.15497418008056274
2023-08-23 09:00:00+08:00,9.4146179007673,0.3159358604550535
2023-08-23 10:00:00+08:00,11.615523164603223,0.36805021797565457
2023-08-23 11:00:00+08:00,13.009902631315711,0.2743430793422245
2023-08-23 12:00:00+08:00,14.030339324694305,0.15235028494080669
2023-08-23 13:00:00+08:00,13.442279605247588,0.054718034547095874
2023-08-23 14:00:00+08:00,12.080076074528417,0.0
2023-08-23 15:00:00+08:00,9.862708251062145,0.0
2023-08-23 16:00:00+08:00,6.7477965928836054,0.0
2023-08-23 17:00:00+08:00,3.2320704605850805,0.0
2023-08-23 18:00:00+08:00,0.43481788351231265,0.0
2023-08-23 19:00:00+08:00,0.0,0.0
2023-08-23 20:00:00+08:00,0.0,0.0
2023-08-23 21:00:00+08:00,0.0,0.0
2023-08-23 22:00:00+08:00,0.0,0.0
2023-08-23 23:00:00+08:00,0.0,0.0
2023-08-24 00:00:00+08:00,0.0,0.0
2023-08-24 01:00:00+08:00,0.0,0.0
2023-08-24 02:00:00+08:00,0.0,0.0
2023-08-24 03:00:00+08:00,0.0,0.0
2023-08-24 04:00:00+08:00,0.0,0.0
2023-08-24 05:00:00+08:00,0.06265768546350026,0.0
2023-08-24 06:00:00+08:00,1.0231138728384899,0.0
2023-08-24 07:00:00+08:00,2.897755489235505,0.0
2023-08-24 08:00:00+08:00,5.397771575333683,0.0
2023-08-24 09:00:00+08:00,7.162850305201632,0.012154357158134217
2023-08-24 10:00:00+08:00,8.46191177536444,0.0
2023-08-24 11:00:00+08:00,9.39975816008115,0.0
2023-08-24 12:00:00+08:00,7.8945220742837465,0.0
2023-08-24 13:00:00+08:00,7.807999453207018,0.0
2023-08-24 14:00:00+08:00,4.122149670796282,0.0
2023-08-24 15:00:00+08:00,6.286199135646577,0.0
2023-08-24 16:00:00+08:00,3.9274689888102654,0.0
2023-08-24 17:00:00+08:00,2.1588531304435397,0.0
2023-08-24 18:00:00+08:00,0.3461977555929121,0.0
2023-08-24 19:00:00+08:00,0.0,0.0
2023-08-24 20:00:00+08:00,0.0,0.0
2023-08-24 21:00:00+08:00,0.0,0.0
2023-08-24 22:00:00+08:00,0.0,0.0
2023-08-24 23:00:00+08:00,0.0,0.0
2023-08-25 00:00:00+08:00,0.0,0.0
2023-08-25 01:00:00+08:00,0.0,0.0
2023-08-25 02:00:00+08:00,0.0,0.0
2023-08-25 03:00:00+08:00,0.0,0.0
2023-08-25 04:00:00+08:00,0.0,0.0
2023-08-25 05:00:00+08:00,0.08527652120346092,0.0
2023-08-25 06:00:00+08:00,0.852985372532487,0.0
2023-08-25 07:00:00+08:00,3.1684582112141886,0.0
2023-08-25 08:00:00+08:00,6.418641118975155,0.0
2023-08-25 09:00:00+08:00,9.354515115031429,0.0
2023-08-25 10:00:00+08:00,11.472094472298615,0.0
2023-08-25 11:00:00+08:00,12.787223424582853,0.0
2023-08-25 12:00:00+08:00,12.378685711931434,0.0
2023-08-25 13:00:00+08:00,11.660659431657916,0.0
2023-08-25 14:00:00+08:00,10.051403250277877,0.0
2023-08-25 15:00:00+08:00,7.846714190009283,0.0
2023-08-25 16:00:00+08:00,4.746175265981523,0.0
2023-08-25 17:00:00+08:00,2.3271116868721444,0.0
2023-08-25 18:00:00+08:00,0.31854449640532567,0.0
2023-08-25 19:00:00+08:00,0.0,0.0
2023-08-25 20:00:00+08:00,0.0,0.0
2023-08-25 21:00:00+08:00,0.0,0.0
2023-08-25 22:00:00+08:00,0.0,0.0
2023-08-25 23:00:00+08:00,0.0,0.02375033550472131
2023-08-26 00:00:00+08:00,0.0,0.02375033550472131
2023-08-26 01:00:00+08:00,0.0,0.008960797786395611
2023-08-26 02:00:00+08:00,0.0,0.008960797786395611
2023-08-26 03:00:00+08:00,0.0,0.0
2023-08-26 04:00:00+08:00,0.0,0.0
2023-08-26 05:00:00+08:00,0.04134696394106931,0.0
2023-08-26 06:00:00+08:00,0.7038499667900269,0.06867181113645714
2023-08-26 07:00:00+08:00,1.676665832856409,0.2545805375611306
2023-08-26 08:00:00+08:00,2.7226307940194743,0.16294732502601303
2023-08-26 09:00:00+08:00,3.731208311622423,0.19928812443434096
2023-08-26 10:00:00+08:00,3.7488027718208485,0.2545805375611306
2023-08-26 11:00:00+08:00,3.825191123148687,0.205142129974502
2023-08-26 12:00:00+08:00,2.8980188997509533,0.22619618049501763
2023-08-26 13:00:00+08:00,2.2962444247110736,0.4036588610696896
2023-08-26 14:00:00+08:00,1.5361477612623347,0.6595636997584692
2023-08-26 15:00:00+08:00,1.724320783433608,0.6808872183435921
2023-08-26 16:00:00+08:00,1.136800193767082,0.6438222488629927
2023-08-26 17:00:00+08:00,0.5897725144589169,0.49340681571389705
2023-08-26 18:00:00+08:00,0.10199702280967546,0.33778946360092
2023-08-26 19:00:00+08:00,0.0,0.4159032032860611
2023-08-26 20:00:00+08:00,0.0,0.3996193459417554
2023-08-26 21:00:00+08:00,0.0,0.24495261803007246
2023-08-26 22:00:00+08:00,0.0,0.11027336269340253
2023-08-26 23:00:00+08:00,0.0,0.09207872032793184
2023-08-27 00:00:00+08:00,0.0,0.17381694294275385
2023-08-27 01:00:00+08:00,0.0,0.17657734332988953
2023-08-27 02:00:00+08:00,0.0,0.19928812443434096
2023-08-27 03:00:00+08:00,0.0,0.2743430793422245
2023-08-27 04:00:00+08:00,0.0,0.3758187582849275
2023-08-27 05:00:00+08:00,0.02801506313897987,0.31952859672062506
2023-08-27 06:00:00+08:00,0.44897373862441575,0.5024538758520344
2023-08-27 07:00:00+08:00,1.135928572190344,0.5928857989438889
2023-08-27 08:00:00+08:00,0.8481728139921914,0.7992478951121773
2023-08-27 09:00:00+08:00,2.154585075947834,1.3243518170898272
2023-08-27 10:00:00+08:00,1.9413633346017651,1.9271778193823146
2023-08-27 11:00:00+08:00,1.9119199729045555,2.641081370216912
2023-08-27 12:00:00+08:00,1.2773997747792127,2.8811241260948894
2023-08-27 13:00:00+08:00,0.8107170630336152,1.7513514891509339
2023-08-27 14:00:00+08:00,1.0225201526911365,1.048990599934302
2023-08-27 15:00:00+08:00,0.9659305717753587,0.8843119909211284
2023-08-27 16:00:00+08:00,0.6947724433672698,0.948185071257509
2023-08-27 17:00:00+08:00,0.40564750942910105,0.9612766131368469
2023-08-27 18:00:00+08:00,0.0921909078630433,0.7700752617060064
2023-08-27 19:00:00+08:00,0.0,0.6701774334330939
2023-08-27 20:00:00+08:00,0.0,0.5161909061934763
2023-08-27 21:00:00+08:00,0.0,0.3489856791555575
2023-08-27 22:00:00+08:00,0.0,0.25782719732987885
2023-08-27 23:00:00+08:00,0.0,0.18779255099732609
2023-08-28 00:00:00+08:00,0.0,0.22619618049501763
2023-08-28 01:00:00+08:00,0.0,0.3415014526677879
2023-08-28 02:00:00+08:00,0.0,0.4036588610696896
2023-08-28 03:00:00+08:00,0.0,0.3758187582849275
2023-08-28 04:00:00+08:00,0.0,0.360363451015842
2023-08-28 05:00:00+08:00,0.0,0.3159358604550535
2023-08-28 06:00:00+08:00,0.6584543038466477,0.6180606241542194
2023-08-28 07:00:00+08:00,1.751185570315979,0.9744748065010632
2023-08-28 08:00:00+08:00,2.8769515747816303,1.550508427048749
2023-08-28 09:00:00+08:00,3.0336077053487474,2.678098494355917
2023-08-28 10:00:00+08:00,3.3942143917939824,3.5338276350641307
2023-08-28 11:00:00+08:00,5.314050901940161,3.7759136700620073
2023-08-28 12:00:00+08:00,5.6492033114929265,3.6839167049345765
2023-08-28 13:00:00+08:00,3.9948963298202127,4.077003638535048
2023-08-28 14:00:00+08:00,4.287684383090429,4.376198208572853
2023-08-28 15:00:00+08:00,4.36908022428347,4.060782814814288
2023-08-28 16:00:00+08:00,3.084689163220273,3.2037219367005765
2023-08-28 17:00:00+08:00,1.4401907597537025,1.6490289170150485
2023-08-28 18:00:00+08:00,0.24644225660774688,0.6490455846564944
2023-08-28 19:00:00+08:00,0.0,0.33778946360092
2023-08-28 20:00:00+08:00,0.0,0.16027264604026287
2023-08-28 21:00:00+08:00,0.0,0.058631545524665506
2023-08-28 22:00:00+08:00,0.0,0.010551006399540454
2023-08-28 23:00:00+08:00,0.0,0.0
2023-08-29 00:00:00+08:00,0.0,0.0
2023-08-29 01:00:00+08:00,0.0,0.0
2023-08-29 02:00:00+08:00,0.0,0.0
2023-08-29 03:00:00+08:00,0.0,0.0
2023-08-29 04:00:00+08:00,0.0,0.0
2023-08-29 05:00:00+08:00,0.0,0.0
2023-08-29 06:00:00+08:00,0.8341936730893394,0.0
2023-08-29 07:00:00+08:00,3.272233714738227,0.002730303130244606
2023-08-29 08:00:00+08:00,6.610510103028901,0.18496259999682663
2023-08-29 09:00:00+08:00,9.589015030207685,0.3452335064916994
2023-08-29 10:00:00+08:00,11.724704737655331,0.4241714696198141
2023-08-29 11:00:00+08:00,13.075593673624757,0.5254605174777975
2023-08-29 12:00:00+08:00,13.625447090185897,0.6028857457514326
2023-08-29 13:00:00+08:00,12.580814865902298,0.573163891450644
2023-08-29 14:00:00+08:00,11.062289409131656,0.4889164114229659
2023-08-29 15:00:00+08:00,8.803849700417027,0.3758187582849275
2023-08-29 16:00:00+08:00,5.864421743035279,0.22927637308807858
2023-08-29 17:00:00+08:00,2.7911910584137942,0.04332363219411342
2023-08-29 18:00:00+08:00,0.2736007594057867,0.0
2023-08-29 19:00:00+08:00,0.0,0.0
2023-08-29 20:00:00+08:00,0.0,0.0
2023-08-29 21:00:00+08:00,0.0,0.0
2023-08-29 22:00:00+08:00,0.0,0.0
2023-08-29 23:00:00+08:00,0.0,0.0
2023-08-30 00:00:00+08:00,0.0,0.0
2023-08-30 01:00:00+08:00,0.0,0.0
2023-08-30 02:00:00+08:00,0.0,0.0
2023-08-30 03:00:00+08:00,0.0,0.0
2023-08-30 04:00:00+08:00,0.0,0.0
2023-08-30 05:00:00+08:00,0.0,0.0
2023-08-30 06:00:00+08:00,0.7672081098181437,0.0
2023-08-30 07:00:00+08:00,3.2603646064922143,0.0
2023-08-30 08:00:00+08:00,6.714008842746144,0.0
2023-08-30 09:00:00+08:00,9.671702112934039,0.0
2023-08-30 10:00:00+08:00,11.800038278714663,0.0
2023-08-30 11:00:00+08:00,12.9187297902437,0.0
2023-08-30 12:00:00+08:00,13.31083647853034,0.0
2023-08-30 13:00:00+08:00,12.882332046584917,0.0
2023-08-30 14:00:00+08:00,11.451891717848381,0.0
2023-08-30 15:00:00+08:00,8.938655296201443,0.0
2023-08-30 16:00:00+08:00,6.171094687040933,0.0
2023-08-30 17:00:00+08:00,2.788554653769233,0.0
2023-08-30 18:00:00+08:00,0.2372849684952632,0.0
2023-08-30 19:00:00+08:00,0.0,0.0
2023-08-30 20:00:00+08:00,0.0,0.0
2023-08-30 21:00:00+08:00,0.0,0.0
2023-08-30 22:00:00+08:00,0.0,0.0
2023-08-30 23:00:00+08:00,0.0,0.0
2023-08-31 00:00:00+08:00,0.0,0.0
2023-08-31 01:00:00+08:00,0.0,0.004268483990624318
2023-08-31 02:00:00+08:00,0.0,0.05666751588541606
2023-08-31 03:00:00+08:00,0.0,0.09207872032793184
2023-08-31 04:00:00+08:00,0.0,0.12216001861642253
2023-08-31 05:00:00+08:00,0.0,0.14715289992696734
2023-08-31 06:00:00+08:00,0.7997737337360128,0.31952859672062506
2023-08-31 07:00:00+08:00,3.2218735770425178,0.7135972071225786
2023-08-31 08:00:00+08:00,6.5538963322034425,0.7758595994531804
2023-08-31 09:00:00+08:00,9.545827303016413,1.3403569131240132
2023-08-31 10:00:00+08:00,11.700431368957865,1.3403569131240132
2023-08-31 11:00:00+08:00,12.901755618384257,1.2384119297898142
2023-08-31 12:00:00+08:00,13.001014061419845,1.1633077233848566
2023-08-31 13:00:00+08:00,12.40760871785834,1.119603762067309
2023-08-31 14:00:00+08:00,10.95895236018998,1.1268176731916564
2023-08-31 15:00:00+08:00,8.508063580765628,1.0910266445207935
2023-08-31 16:00:00+08:00,5.398448562149003,0.878068651575496
2023-08-31 17:00:00+08:00,2.272833984875563,0.2878981297286119
2023-08-31 18:00:00+08:00,0.23722526910032649,0.07697140949872917
2023-08-31 19:00:00+08:00,0.0,0.11497994536177038
2023-08-31 20:00:00+08:00,0.0,0.10794394896092946
2023-08-31 21:00:00+08:00,0.0,0.08121152712801255
2023-08-31 22:00:00+08:00,0.0,0.06663422874901594
2023-08-31 23:00:00+08:00,0.0,0.05278304742680161
2023-09-01 00:00:00+08:00,0.0,0.03781845236501572
2023-09-01 01:00:00+08:00,0.0,0.007383677235796734
2023-09-01 02:00:00+08:00,0.0,0.0
2023-09-01 03:00:00+08:00,0.0,0.0
2023-09-01 04:00:00+08:00,0.0,0.0
2023-09-01 05:00:00+08:00,0.0,0.0
2023-09-01 06:00:00+08:00,0.9190413616477681,0.0
2023-09-01 07:00:00+08:00,3.1039871748713384,0.0
2023-09-01 08:00:00+08:00,4.889364509454136,0.0
2023-09-01 09:00:00+08:00,8.473398030759109,0.0
2023-09-01 10:00:00+08:00,10.025452854512068,0.0
2023-09-01 11:00:00+08:00,10.946782858629613,0.0
2023-09-01 12:00:00+08:00,9.155227640113504,0.0
2023-09-01 13:00:00+08:00,8.699892580478192,0.0
2023-09-01 14:00:00+08:00,8.309344035082844,0.0
2023-09-01 15:00:00+08:00,4.914154994602256,0.0
2023-09-01 16:00:00+08:00,3.063631601477679,0.0
2023-09-01 17:00:00+08:00,1.2361608124277734,0.0
2023-09-01 18:00:00+08:00,0.1530683564065944,0.0
2023-09-01 19:00:00+08:00,0.0,0.0
2023-09-01 20:00:00+08:00,0.0,0.0
2023-09-01 21:00:00+08:00,0.0,0.0
2023-09-01 22:00:00+08:00,0.0,0.0
2023-09-01 23:00:00+08:00,0.0,0.0
2023-09-02 00:00:00+08:00,0.0,0.0
2023-09-02 01:00:00+08:00,0.0,0.0
2023-09-02 02:00:00+08:00,0.0,0.0
2023-09-02 03:00:00+08:00,0.0,0.0
2023-09-02 04:00:00+08:00,0.0,0.0
2023-09-02 05:00:00+08:00,0.0,0.0
2023-09-02 06:00:00+08:00,0.8452391734451883,0.0
2023-09-02 07:00:00+08:00,2.5990728644473005,0.0
2023-09-02 08:00:00+08:00,4.944294842189603,0.0
2023-09-02 09:00:00+08:00,6.599525649948041,0.0
2023-09-02 10:00:00+08:00,7.011755646335546,0.0
2023-09-02 11:00:00+08:00,8.142781989450006,0.0
2023-09-02 12:00:00+08:00,9.992222690420684,0.0
2023-09-02 13:00:00+08:00,8.012451754794293,0.0
2023-09-02 14:00:00+08:00,6.67392139528904,0.0
2023-09-02 15:00:00+08:00,5.020786864075277,0.013770904145080145
2023-09-02 16:00:00+08:00,3.1530122490518657,0.0
2023-09-02 17:00:00+08:00,1.4218886456127608,0.0
2023-09-02 18:00:00+08:00,0.17724977852754145,0.0
2023-09-02 19:00:00+08:00,0.0,0.0
2023-09-02 20:00:00+08:00,0.0,0.0
2023-09-02 21:00:00+08:00,0.0,0.0
2023-09-02 22:00:00+08:00,0.0,0.0
2023-09-02 23:00:00+08:00,0.0,0.01540070144328111
2023-09-03 00:00:00+08:00,0.0,0.06867181113645714
2023-09-03 01:00:00+08:00,0.0,0.17935505024601142
2023-09-03 02:00:00+08:00,0.0,0.5208145166746988
2023-09-03 03:00:00+08:00,0.0,0.6755202924424075
2023-09-03 04:00:00+08:00,0.0,0.582978658398034
2023-09-03 05:00:00+08:00,0.0,0.49340681571389705
2023-09-03 06:00:00+08:00,0.7674593995112631,0.7700752617060064
2023-09-03 07:00:00+08:00,2.621782457937652,0.878068651575496
2023-09-03 08:00:00+08:00,4.9430338622124195,1.0769044447574165
2023-09-03 09:00:00+08:00,7.544002190018445,1.3645857562488983
2023-09-03 10:00:00+08:00,9.468806837323058,1.223162642326203
2023-09-03 11:00:00+08:00,10.654935267827,1.035198089548115
2023-09-03 12:00:00+08:00,12.26611993448085,0.8230402982230053
2023-09-03 13:00:00+08:00,11.45396518814531,0.638622655463944
2023-09-03 14:00:00+08:00,9.65919580414103,0.4755770526678879
2023-09-03 15:00:00+08:00,7.460809217973494,0.31952859672062506
2023-09-03 16:00:00+08:00,4.668073010903341,0.13196009304180864
2023-09-03 17:00:00+08:00,1.9181981935959422,0.0
2023-09-03 18:00:00+08:00,0.16310033807174523,0.0
2023-09-03 19:00:00+08:00,0.0,0.0
2023-09-03 20:00:00+08:00,0.0,0.0
2023-09-03 21:00:00+08:00,0.0,0.0
2023-09-03 22:00:00+08:00,0.0,0.0
2023-09-03 23:00:00+08:00,0.0,0.0
2023-09-04 00:00:00+08:00,0.0,0.0
2023-09-04 01:00:00+08:00,0.0,0.0
2023-09-04 02:00:00+08:00,0.0,0.0
2023-09-04 03:00:00+08:00,0.0,0.0
2023-09-04 04:00:00+08:00,0.0,0.0
2023-09-04 05:00:00+08:00,0.0,0.0
2023-09-04 06:00:00+08:00,0.7624426845944663,0.01540070144328111
2023-09-04 07:00:00+08:00,2.763191051078521,0.12458564583347895
2023-09-04 08:00:00+08:00,5.707230327637341,0.0
2023-09-04 09:00:00+08:00,8.383224255788054,0.0
2023-09-04 10:00:00+08:00,10.166767335012112,0.0
2023-09-04 11:00:00+08:00,11.135251979914713,0.0
2023-09-04 12:00:00+08:00,11.345074622384859,0.0
2023-09-04 13:00:00+08:00,10.489240169852675,0.0
2023-09-04 14:00:00+08:00,8.619847895524824,0.0
2023-09-04 15:00:00+08:00,6.330273953168804,0.0
2023-09-04 16:00:00+08:00,4.054447371245414,0.0
2023-09-04 17:00:00+08:00,1.6459472225496194,0.0
2023-09-04 18:00:00+08:00,0.14108965034298185,0.0
2023-09-04 19:00:00+08:00,0.0,0.0
2023-09-04 20:00:00+08:00,0.0,0.0
2023-09-04 21:00:00+08:00,0.0,0.0
2023-09-04 22:00:00+08:00,0.0,0.0
2023-09-04 23:00:00+08:00,0.0,0.0
2023-09-05 00:00:00+08:00,0.0,0.0
2023-09-05 01:00:00+08:00,0.0,0.0
2023-09-05 02:00:00+08:00,0.0,0.0
2023-09-05 03:00:00+08:00,0.0,0.0
2023-09-05 04:00:00+08:00,0.0,0.0
2023-09-05 05:00:00+08:00,0.0,0.0
2023-09-05 06:00:00+08:00,0.7323821535553817,0.0
2023-09-05 07:00:00+08:00,2.8343540612280913,0.0
2023-09-05 08:00:00+08:00,5.85089148823011,0.0
2023-09-05 09:00:00+08:00,8.626034462126121,0.004268483990624318
2023-09-05 10:00:00+08:00,10.707811967426885,0.11027336269340253
2023-09-05 11:00:00+08:00,11.92571856302969,0.16027264604026287
2023-09-05 12:00:00+08:00,11.916601707658838,0.19638775749402856
2023-09-05 13:00:00+08:00,11.411154237365178,0.205142129974502
2023-09-05 14:00:00+08:00,10.021863101796242,0.18496259999682663
2023-09-05 15:00:00+08:00,7.707691279990954,0.15761494908608034
2023-09-05 16:00:00+08:00,4.904020091244395,0.058631545524665506
2023-09-05 17:00:00+08:00,2.0076620578177558,0.027184834209691398
2023-09-05 18:00:00+08:00,0.14072286635647366,0.0
2023-09-05 19:00:00+08:00,0.0,0.0306740648125807
2023-09-05 20:00:00+08:00,0.0,0.05666751588541606
2023-09-05 21:00:00+08:00,0.0,0.06260346603756395
2023-09-05 22:00:00+08:00,0.0,0.060610177547747036
2023-09-05 23:00:00+08:00,0.0,0.058631545524665506
2023-09-06 00:00:00+08:00,0.0,0.04895633950867902
2023-09-06 01:00:00+08:00,0.0,0.03781845236501572
2023-09-06 02:00:00+08:00,0.0,0.027184834209691398
2023-09-06 03:00:00+08:00,0.0,0.013770904145080145
2023-09-06 04:00:00+08:00,0.0,0.001204994000798528
2023-09-06 05:00:00+08:00,0.0,0.0
2023-09-06 06:00:00+08:00,0.7062115561338039,0.0
2023-09-06 07:00:00+08:00,3.0182593149363,0.0
2023-09-06 08:00:00+08:00,6.097571045006908,0.0
2023-09-06 09:00:00+08:00,8.850777342146554,0.0
2023-09-06 10:00:00+08:00,10.940698395900636,0.0
2023-09-06 11:00:00+08:00,12.095113592401685,0.0
2023-09-06 12:00:00+08:00,12.301968911433564,0.0
2023-09-06 13:00:00+08:00,11.572698509388593,0.0
2023-09-06 14:00:00+08:00,9.858680905167988,0.0
2023-09-06 15:00:00+08:00,7.164469225598954,0.0
2023-09-06 16:00:00+08:00,4.2084075703887365,0.0
2023-09-06 17:00:00+08:00,1.6689178283043196,0.0
2023-09-06 18:00:00+08:00,0.11475960379864233,0.0
2023-09-06 19:00:00+08:00,0.0,0.0
2023-09-06 20:00:00+08:00,0.0,0.0
2023-09-06 21:00:00+08:00,0.0,0.002730303130244606
2023-09-06 22:00:00+08:00,0.0,0.02205347540669832
2023-09-06 23:00:00+08:00,0.0,0.027184834209691398
2023-09-07 00:00:00+08:00,0.0,0.0306740648125807
2023-09-07 01:00:00+08:00,0.0,0.03601147947631726
2023-09-07 02:00:00+08:00,0.0,0.03243933978300283
2023-09-07 03:00:00+08:00,0.0,0.02375033550472131
2023-09-07 04:00:00+08:00,0.0,0.017043803135640415
2023-09-07 05:00:00+08:00,0.0,0.01870026330506096
2023-09-07 06:00:00+08:00,0.685278945226504,0.0
2023-09-07 07:00:00+08:00,2.9366969514162244,0.10563038151905942
2023-09-07 08:00:00+08:00,6.05279425884028,0.0
2023-09-07 09:00:00+08:00,8.827219915861946,0.0
2023-09-07 10:00:00+08:00,10.962927875689934,0.0
2023-09-07 11:00:00+08:00,12.293288380118378,0.0
2023-09-07 12:00:00+08:00,13.473526926777144,0.0
2023-09-07 13:00:00+08:00,13.029344211819636,0.0
2023-09-07 14:00:00+08:00,11.202422005451043,0.0
2023-09-07 15:00:00+08:00,8.627345926014794,0.0
2023-09-07 16:00:00+08:00,5.810159396131119,0.0
2023-09-07 17:00:00+08:00,2.2844661839036466,0.0
2023-09-07 18:00:00+08:00,0.14033955483523783,0.0
2023-09-07 19:00:00+08:00,0.0,0.0
2023-09-07 20:00:00+08:00,0.0,0.0
2023-09-07 21:00:00+08:00,0.0,0.0
2023-09-07 22:00:00+08:00,0.0,0.0
2023-09-07 23:00:00+08:00,0.0,0.0
2023-09-08 00:00:00+08:00,0.0,0.05278304742680161
2023-09-08 01:00:00+08:00,0.0,0.07908389670693931
2023-09-08 02:00:00+08:00,0.0,0.10105056917551636
2023-09-08 03:00:00+08:00,0.0,0.10794394896092946
2023-09-08 04:00:00+08:00,0.0,0.08768581849744107
2023-09-08 05:00:00+08:00,0.0,0.04518695946782358
2023-09-08 06:00:00+08:00,0.6769903858040737,0.12702749792146
2023-09-08 07:00:00+08:00,3.057373633515177,0.2610926238659966
2023-09-08 08:00:00+08:00,6.277096305224973,0.13196009304180864
2023-09-08 09:00:00+08:00,9.07297513612918,0.04706451054504447
2023-09-08 10:00:00+08:00,11.123155666683612,0.0
2023-09-08 11:00:00+08:00,11.938480943529374,0.0
2023-09-08 12:00:00+08:00,12.256777592720903,0.0
2023-09-08 13:00:00+08:00,10.194228496838434,0.0
2023-09-08 14:00:00+08:00,8.039941683826587,0.0
2023-09-08 15:00:00+08:00,5.558204329611299,0.0
2023-09-08 16:00:00+08:00,3.3747784845002196,0.0
2023-09-08 17:00:00+08:00,1.3260521828222862,0.0
2023-09-08 18:00:00+08:00,0.10899629847249011,0.0
2023-09-08 19:00:00+08:00,0.0,0.0
2023-09-08 20:00:00+08:00,0.0,0.0
2023-09-08 21:00:00+08:00,0.0,0.0
2023-09-08 22:00:00+08:00,0.0,0.0
2023-09-08 23:00:00+08:00,0.0,0.0
2023-09-09 00:00:00+08:00,0.0,0.0
2023-09-09 01:00:00+08:00,0.0,0.0
2023-09-09 02:00:00+08:00,0.0,0.0
2023-09-09 03:00:00+08:00,0.0,0.0
2023-09-09 04:00:00+08:00,0.0,0.0
2023-09-09 05:00:00+08:00,0.0,0.020370136034445988
2023-09-09 06:00:00+08:00,0.7650906909188662,0.07697140949872917
2023-09-09 07:00:00+08:00,2.8857056784735864,0.13695823664069298
2023-09-09 08:00:00+08:00,5.888896389330594,0.028922580982444643
2023-09-09 09:00:00+08:00,8.520362543395766,0.0
2023-09-09 10:00:00+08:00,9.785600420746551,0.0
2023-09-09 11:00:00+08:00,10.591480059160508,0.0
2023-09-09 12:00:00+08:00,10.513977990829396,0.0
2023-09-09 13:00:00+08:00,9.876503656648786,0.0
2023-09-09 14:00:00+08:00,7.564164761406115,0.0
2023-09-09 15:00:00+08:00,4.599456670888556,0.0
2023-09-09 16:00:00+08:00,2.674617596860541,0.0
2023-09-09 17:00:00+08:00,0.892284907622768,0.0
2023-09-09 18:00:00+08:00,0.07954166119157478,0.0
2023-09-09 19:00:00+08:00,0.0,0.0
2023-09-09 20:00:00+08:00,0.0,0.0
2023-09-09 21:00:00+08:00,0.0,0.0
2023-09-09 22:00:00+08:00,0.0,0.0
2023-09-09 23:00:00+08:00,0.0,0.0
2023-09-10 00:00:00+08:00,0.0,0.0
2023-09-10 01:00:00+08:00,0.0,0.0
2023-09-10 02:00:00+08:00,0.0,0.0
2023-09-10 03:00:00+08:00,0.0,0.0
2023-09-10 04:00:00+08:00,0.0,0.0
2023-09-10 05:00:00+08:00,0.0,0.0
2023-09-10 06:00:00+08:00,0.38675936417044227,0.0
2023-09-10 07:00:00+08:00,0.9591993137856231,0.0
2023-09-10 08:00:00+08:00,1.353443528944225,0.0
2023-09-10 09:00:00+08:00,3.468111372524249,0.0
2023-09-10 10:00:00+08:00,6.470567693325261,0.0
2023-09-10 11:00:00+08:00,7.240509800575397,0.0
2023-09-10 12:00:00+08:00,5.975549192300479,0.0
2023-09-10 13:00:00+08:00,6.2828023639396084,0.0
2023-09-10 14:00:00+08:00,5.436293358522967,0.0
2023-09-10 15:00:00+08:00,3.509692065781333,0.0
2023-09-10 16:00:00+08:00,2.3057858675426885,0.0
2023-09-10 17:00:00+08:00,0.7629294032616976,0.0
2023-09-10 18:00:00+08:00,0.053058858027904575,0.0
2023-09-10 19:00:00+08:00,0.0,0.0
2023-09-10 20:00:00+08:00,0.0,0.0
2023-09-10 21:00:00+08:00,0.0,0.0
2023-09-10 22:00:00+08:00,0.0,0.0
2023-09-10 23:00:00+08:00,0.0,0.0
2023-09-11 00:00:00+08:00,0.0,0.0
2023-09-11 01:00:00+08:00,0.0,0.0
2023-09-11 02:00:00+08:00,0.0,0.0
2023-09-11 03:00:00+08:00,0.0,0.0
2023-09-11 04:00:00+08:00,0.0,0.0
2023-09-11 05:00:00+08:00,0.0,0.0
2023-09-11 06:00:00+08:00,0.41251446765282745,0.0
2023-09-11 07:00:00+08:00,1.3840866562949687,0.0
2023-09-11 08:00:00+08:00,3.495669275131928,0.03781845236501572
2023-09-11 09:00:00+08:00,4.828072392348161,0.020370136034445988
2023-09-11 10:00:00+08:00,5.7406556488266975,0.0
2023-09-11 11:00:00+08:00,4.953757744934509,0.0
2023-09-11 12:00:00+08:00,4.250336918364059,0.0
2023-09-11 13:00:00+08:00,4.477430036797436,0.02375033550472131
2023-09-11 14:00:00+08:00,2.747525237150347,0.02375033550472131
2023-09-11 15:00:00+08:00,2.2516056752916906,0.04518695946782358
2023-09-11 16:00:00+08:00,0.8619583316013608,0.04332363219411342
2023-09-11 17:00:00+08:00,0.46387786460667946,0.0
2023-09-11 18:00:00+08:00,0.0318594306322007,0.0
2023-09-11 19:00:00+08:00,0.0,0.0
2023-09-11 20:00:00+08:00,0.0,0.0
2023-09-11 21:00:00+08:00,0.0,0.0
2023-09-11 22:00:00+08:00,0.0,0.0
2023-09-11 23:00:00+08:00,0.0,0.0
2023-09-12 00:00:00+08:00,0.0,0.0
2023-09-12 01:00:00+08:00,0.0,0.0
2023-09-12 02:00:00+08:00,0.0,0.0
2023-09-12 03:00:00+08:00,0.0,0.0
2023-09-12 04:00:00+08:00,0.0,0.0
2023-09-12 05:00:00+08:00,0.0,0.0
2023-09-12 06:00:00+08:00,0.18810076042793167,0.0
2023-09-12 07:00:00+08:00,0.8176817548982209,0.020370136034445988
2023-09-12 08:00:00+08:00,0.7401706614165645,0.08121152712801255
2023-09-12 09:00:00+08:00,1.6439435153501374,0.0987842161080372
2023-09-12 10:00:00+08:00,2.6129766340227745,0.07908389670693931
2023-09-12 11:00:00+08:00,3.0347941358061723,0.07908389670693931
2023-09-12 12:00:00+08:00,3.2860170339401424,0.13445094423998236
2023-09-12 13:00:00+08:00,3.311860836229752,0.3719242394201571
2023-09-12 14:00:00+08:00,2.9924199381716097,0.8533543512987277
2023-09-12 15:00:00+08:00,1.716404759575955,0.8290519464118339
2023-09-12 16:00:00+08:00,1.3397714909726155,0.70259667252511
2023-09-12 17:00:00+08:00,0.5829077696008079,0.7471872329005199
2023-09-12 18:00:00+08:00,0.03376548365303582,0.7080847441291995
2023-09-12 19:00:00+08:00,0.0,0.8350891217309176
2023-09-12 20:00:00+08:00,0.0,0.7528719499402164
2023-09-12 21:00:00+08:00,0.0,0.5682910128691157
2023-09-12 22:00:00+08:00,0.0,0.4077193062811163
2023-09-12 23:00:00+08:00,0.0,0.17381694294275385
2023-09-13 00:00:00+08:00,0.0,0.017043803135640415
2023-09-13 01:00:00+08:00,0.0,0.0
2023-09-13 02:00:00+08:00,0.0,0.0
2023-09-13 03:00:00+08:00,0.0,0.0
2023-09-13 04:00:00+08:00,0.0,0.010551006399540454
2023-09-13 05:00:00+08:00,0.0,0.0306740648125807
2023-09-13 06:00:00+08:00,0.648164762727947,0.15761494908608034
2023-09-13 07:00:00+08:00,2.8641108714272483,0.3876258402298792
2023-09-13 08:00:00+08:00,6.046546885021763,0.6916934871531896
2023-09-13 09:00:00+08:00,8.90038664700675,1.3163933466387472
2023-09-13 10:00:00+08:00,11.027171846014165,1.223162642326203
2023-09-13 11:00:00+08:00,12.345965614274693,0.9159199774530945
2023-09-13 12:00:00+08:00,12.917510018454395,0.6334467503764458
2023-09-13 13:00:00+08:00,12.502285247780895,0.4755770526678879
2023-09-13 14:00:00+08:00,10.838117822204834,0.3836695046068856
2023-09-13 15:00:00+08:00,8.80950655888925,0.25782719732987885
2023-09-13 16:00:00+08:00,5.729241977426436,0.054718034547095874
2023-09-13 17:00:00+08:00,2.217334084805526,0.0
2023-09-13 18:00:00+08:00,0.0,0.0
2023-09-13 19:00:00+08:00,0.0,0.0
2023-09-13 20:00:00+08:00,0.0,0.0
2023-09-13 21:00:00+08:00,0.0,0.03963943272561256
2023-09-13 22:00:00+08:00,0.0,0.06260346603756395
2023-09-13 23:00:00+08:00,0.0,0.06260346603756395
2023-09-14 00:00:00+08:00,0.0,0.06867181113645714
2023-09-14 01:00:00+08:00,0.0,0.08335435484485185
2023-09-14 02:00:00+08:00,0.0,0.0965334929995487
2023-09-14 03:00:00+08:00,0.0,0.0965334929995487
2023-09-14 04:00:00+08:00,0.0,0.08551243394036041
2023-09-14 05:00:00+08:00,0.0,0.07908389670693931
2023-09-14 06:00:00+08:00,0.6129963243513107,0.034218459976613935
2023-09-14 07:00:00+08:00,3.421181909124633,0.11027336269340253
2023-09-14 08:00:00+08:00,7.059561191874825,0.05278304742680161
2023-09-14 09:00:00+08:00,10.163263587114463,0.0
2023-09-14 10:00:00+08:00,12.4163861472735,0.03601147947631726
2023-09-14 11:00:00+08:00,13.807128958499991,0.058631545524665506
2023-09-14 12:00:00+08:00,14.250490996562045,0.07697140949872917
2023-09-14 13:00:00+08:00,13.755129602996066,0.09207872032793184
2023-09-14 14:00:00+08:00,12.087355011427872,0.08335435484485185
2023-09-14 15:00:00+08:00,9.486828429405191,0.054718034547095874
2023-09-14 16:00:00+08:00,5.949948601314379,0.0
2023-09-14 17:00:00+08:00,2.039817514036672,0.0
2023-09-14 18:00:00+08:00,0.0,0.0
2023-09-14 19:00:00+08:00,0.0,0.0
2023-09-14 20:00:00+08:00,0.0,0.0
2023-09-14 21:00:00+08:00,0.0,0.0
2023-09-14 22:00:00+08:00,0.0,0.027184834209691398
2023-09-14 23:00:00+08:00,0.0,0.08335435484485185
2023-09-15 00:00:00+08:00,0.0,0.13196009304180864
2023-09-15 01:00:00+08:00,0.0,0.15497418008056274
2023-09-15 02:00:00+08:00,0.0,0.17657734332988953
2023-09-15 03:00:00+08:00,0.0,0.19064002485842413
2023-09-15 04:00:00+08:00,0.0,0.205142129974502
2023-09-15 05:00:00+08:00,0.0,0.2022062305668645
2023-09-15 06:00:00+08:00,0.5542507610621226,0.16834784542382925
2023-09-15 07:00:00+08:00,3.3582812117469936,0.4494868112261699
2023-09-15 08:00:00+08:00,6.908998997453268,0.2545805375611306
2023-09-15 09:00:00+08:00,9.982683576332233,0.26767999357195305
2023-09-15 10:00:00+08:00,12.206688328416824,0.08987456259899727
2023-09-15 11:00:00+08:00,13.65795289558164,0.0
2023-09-15 12:00:00+08:00,13.745624944632969,0.0
2023-09-15 13:00:00+08:00,13.198824335324934,0.0
2023-09-15 14:00:00+08:00,10.991970692551124,0.0
2023-09-15 15:00:00+08:00,8.577004932683815,0.0
2023-09-15 16:00:00+08:00,5.211955858680346,0.0
2023-09-15 17:00:00+08:00,1.8227670848611282,0.0
2023-09-15 18:00:00+08:00,0.0,0.0
2023-09-15 19:00:00+08:00,0.0,0.0
2023-09-15 20:00:00+08:00,0.0,0.0
2023-09-15 21:00:00+08:00,0.0,0.0
2023-09-15 22:00:00+08:00,0.0,0.0
2023-09-15 23:00:00+08:00,0.0,0.0
2023-09-16 00:00:00+08:00,0.0,0.0
2023-09-16 01:00:00+08:00,0.0,0.001204994000798528
2023-09-16 02:00:00+08:00,0.0,0.04706451054504447
2023-09-16 03:00:00+08:00,0.0,0.06663422874901594
2023-09-16 04:00:00+08:00,0.0,0.06663422874901594
2023-09-16 05:00:00+08:00,0.0,0.07072426632224596
2023-09-16 06:00:00+08:00,0.560477325499169,0.04518695946782358
2023-09-16 07:00:00+08:00,3.1485202485428943,0.13948202432684378
2023-09-16 08:00:00+08:00,6.575271657083991,0.060610177547747036
2023-09-16 09:00:00+08:00,9.562000744563887,0.0
2023-09-16 10:00:00+08:00,11.679374561683266,0.0
2023-09-16 11:00:00+08:00,12.47452170060223,0.0
2023-09-16 12:00:00+08:00,11.178878344936331,0.0
2023-09-16 13:00:00+08:00,10.41059069790601,0.0
2023-09-16 14:00:00+08:00,8.881263967242408,0.0
2023-09-16 15:00:00+08:00,6.488365176993252,0.0
2023-09-16 16:00:00+08:00,3.8423628748932535,0.0
2023-09-16 17:00:00+08:00,1.1911829406055352,0.0
2023-09-16 18:00:00+08:00,0.0,0.0
2023-09-16 19:00:00+08:00,0.0,0.0
2023-09-16 20:00:00+08:00,0.0,0.0
2023-09-16 21:00:00+08:00,0.0,0.0
2023-09-16 22:00:00+08:00,0.0,0.0
2023-09-16 23:00:00+08:00,0.0,0.0
2023-09-17 00:00:00+08:00,0.0,0.0
2023-09-17 01:00:00+08:00,0.0,0.0
2023-09-17 02:00:00+08:00,0.0,0.013770904145080145
2023-09-17 03:00:00+08:00,0.0,0.034218459976613935
2023-09-17 04:00:00+08:00,0.0,0.04895633950867902
2023-09-17 05:00:00+08:00,0.0,0.06867181113645714
2023-09-17 06:00:00+08:00,0.6450584908983297,0.058631545524665506
2023-09-17 07:00:00+08:00,2.7541834978354687,0.25135259047684894
2023-09-17 08:00:00+08:00,5.576626582246715,0.2231342138402953
2023-09-17 09:00:00+08:00,8.11240421767228,0.264376871252387
2023-09-17 10:00:00+08:00,10.143272186916716,0.264376871252387
2023-09-17 11:00:00+08:00,10.858208665661845,0.27100204490759766
2023-09-17 12:00:00+08:00,9.686998248097456,0.2878981297286119
2023-09-17 13:00:00+08:00,9.331656101421036,0.30527555238705806
2023-09-17 14:00:00+08:00,8.015170589215604,0.3088093923711731
2023-09-17 15:00:00+08:00,5.72675567450821,0.31236281036620384
2023-09-17 16:00:00+08:00,3.528063046012196,0.15761494908608034
2023-09-17 17:00:00+08:00,0.9540516272249516,0.0
2023-09-17 18:00:00+08:00,0.0,0.02375033550472131
2023-09-17 19:00:00+08:00,0.0,0.05666751588541606
2023-09-17 20:00:00+08:00,0.0,0.10563038151905942
2023-09-17 21:00:00+08:00,0.0,0.15761494908608034
2023-09-17 22:00:00+08:00,0.0,0.17935505024601142
2023-09-17 23:00:00+08:00,0.0,0.18779255099732609
2023-09-18 00:00:00+08:00,0.0,0.20809587674015675
2023-09-18 01:00:00+08:00,0.0,0.2545805375611306
2023-09-18 02:00:00+08:00,0.0,0.39560070681441095
2023-09-18 03:00:00+08:00,0.0,0.5538097476983584
2023-09-18 04:00:00+08:00,0.0,0.5586139950758757
2023-09-18 05:00:00+08:00,0.0,0.5024538758520344
2023-09-18 06:00:00+08:00,0.5420993547811788,0.582978658398034
2023-09-18 07:00:00+08:00,2.032677698828849,0.6755202924424075
2023-09-18 08:00:00+08:00,3.9580031638726907,0.686278265219552
2023-09-18 09:00:00+08:00,6.4790318630703485,1.2080280106171266
2023-09-18 10:00:00+08:00,8.71158051600202,1.5156113977796541
2023-09-18 11:00:00+08:00,10.36370621247613,1.4138451133710557
2023-09-18 12:00:00+08:00,9.153659532628598,1.1633077233848566
2023-09-18 13:00:00+08:00,7.689161517001559,0.9031983085479357
2023-09-18 14:00:00+08:00,6.299973823086444,0.7816689775844811
2023-09-18 15:00:00+08:00,3.72421441373303,0.7191341155881517
2023-09-18 16:00:00+08:00,2.2806080914009623,0.4159032032860611
2023-09-18 17:00:00+08:00,0.6359488601628883,0.0
2023-09-18 18:00:00+08:00,0.0,0.0
2023-09-18 19:00:00+08:00,0.0,0.005819590664840629
2023-09-18 20:00:00+08:00,0.0,0.02375033550472131
2023-09-18 21:00:00+08:00,0.0,0.04518695946782358
2023-09-18 22:00:00+08:00,0.0,0.09207872032793184
2023-09-18 23:00:00+08:00,0.0,0.11975056218738764
2023-09-19 00:00:00+08:00,0.0,0.09207872032793184
2023-09-19 01:00:00+08:00,0.0,0.03601147947631726
2023-09-19 02:00:00+08:00,0.0,0.0
2023-09-19 03:00:00+08:00,0.0,0.0
2023-09-19 04:00:00+08:00,0.0,0.0
2023-09-19 05:00:00+08:00,0.0,0.0
2023-09-19 06:00:00+08:00,0.402746331143692,0.0
2023-09-19 07:00:00+08:00,1.3865183766371594,0.0
2023-09-19 08:00:00+08:00,2.385052124390516,0.0
2023-09-19 09:00:00+08:00,2.0796065068185774,0.0
2023-09-19 10:00:00+08:00,1.825674429065949,0.14202236138133761
2023-09-19 11:00:00+08:00,1.3182031519715744,0.5442695055670139
2023-09-19 12:00:00+08:00,1.104035676536725,0.9031983085479357
2023-09-19 13:00:00+08:00,0.613388991807841,1.4897602298110106
2023-09-19 14:00:00+08:00,0.8738350470932766,2.520052125830624
2023-09-19 15:00:00+08:00,0.6002758964379495,2.868156226745816
2023-09-19 16:00:00+08:00,0.4289172689676374,3.0666346671456206
2023-09-19 17:00:00+08:00,0.17839846843858367,3.8380619925361907
2023-09-19 18:00:00+08:00,0.0,4.742843217640498
2023-09-19 19:00:00+08:00,0.0,3.9643350430947955
2023-09-19 20:00:00+08:00,0.0,2.59223527858484
2023-09-19 21:00:00+08:00,0.0,1.7991381057254416
2023-09-19 22:00:00+08:00,0.0,1.4221595574902233
2023-09-19 23:00:00+08:00,0.0,1.3973060568347386
2023-09-20 00:00:00+08:00,0.0,1.5329984742362994
2023-09-20 01:00:00+08:00,0.0,1.7991381057254416
2023-09-20 02:00:00+08:00,0.0,1.847731909628451
2023-09-20 03:00:00+08:00,0.0,1.6857934289275749
2023-09-20 04:00:00+08:00,0.0,1.5329984742362994
2023-09-20 05:00:00+08:00,0.0,1.0769044447574165
2023-09-20 06:00:00+08:00,0.6214294713133837,0.8110933669045004
2023-09-20 07:00:00+08:00,2.954475864617091,0.8533543512987277
2023-09-20 08:00:00+08:00,6.364289637560529,1.3890813362517838
2023-09-20 09:00:00+08:00,9.63612323435902,3.3304144091864014
2023-09-20 10:00:00+08:00,11.702604929160108,4.077003638535048
2023-09-20 11:00:00+08:00,12.684589247486661,4.274938302385815
2023-09-20 12:00:00+08:00,12.993697375572152,3.9643350430947955
2023-09-20 13:00:00+08:00,11.719886319678832,3.6384665418837594
2023-09-20 14:00:00+08:00,8.91699966723611,3.4166405122233443
2023-09-20 15:00:00+08:00,6.082124187442692,2.959720483579503
2023-09-20 16:00:00+08:00,3.0656576920597245,1.3727212400417668
2023-09-20 17:00:00+08:00,0.8804089686556309,0.2777031509587361
2023-09-20 18:00:00+08:00,0.0,0.13196009304180864
2023-09-20 19:00:00+08:00,0.0,0.11735722246347136
2023-09-20 20:00:00+08:00,0.0,0.05086250044163042
2023-09-20 21:00:00+08:00,0.0,0.004268483990624318
2023-09-20 22:00:00+08:00,0.0,0.0
2023-09-20 23:00:00+08:00,0.0,0.0
2023-09-21 00:00:00+08:00,0.0,0.0
2023-09-21 01:00:00+08:00,0.0,0.0
2023-09-21 02:00:00+08:00,0.0,0.0
2023-09-21 03:00:00+08:00,0.0,0.0
2023-09-21 04:00:00+08:00,0.0,0.0
2023-09-21 05:00:00+08:00,0.0,0.0
2023-09-21 06:00:00+08:00,0.5570256089810868,0.0
2023-09-21 07:00:00+08:00,2.713998852949004,0.0
2023-09-21 08:00:00+08:00,5.46185862134175,0.0
2023-09-21 09:00:00+08:00,8.419506525558157,0.0
2023-09-21 10:00:00+08:00,11.772024841127081,0.0
2023-09-21 11:00:00+08:00,13.492478343979064,0.0
2023-09-21 12:00:00+08:00,14.01531047882617,0.0
2023-09-21 13:00:00+08:00,13.38879726187359,0.0
2023-09-21 14:00:00+08:00,11.528205231822692,0.0
2023-09-21 15:00:00+08:00,9.002674497860601,0.0
2023-09-21 16:00:00+08:00,5.763725237255333,0.0
2023-09-21 17:00:00+08:00,1.5832299137433354,0.0
2023-09-21 18:00:00+08:00,0.0,0.0
2023-09-21 19:00:00+08:00,0.0,0.0
2023-09-21 20:00:00+08:00,0.0,0.0
2023-09-21 21:00:00+08:00,0.0,0.034218459976613935
2023-09-21 22:00:00+08:00,0.0,0.08551243394036041
2023-09-21 23:00:00+08:00,0.0,0.12216001861642253
2023-09-22 00:00:00+08:00,0.0,0.14202236138133761
2023-09-22 01:00:00+08:00,0.0,0.13948202432684378
2023-09-22 02:00:00+08:00,0.0,0.13695823664069298
2023-09-22 03:00:00+08:00,0.0,0.13695823664069298
2023-09-22 04:00:00+08:00,0.0,0.15235028494080669
2023-09-22 05:00:00+08:00,0.0,0.14457930188707785
2023-09-22 06:00:00+08:00,0.5485298750724255,0.0965334929995487
2023-09-22 07:00:00+08:00,3.320932065352639,0.26767999357195305
2023-09-22 08:00:00+08:00,6.932913551273109,0.13445094423998236
2023-09-22 09:00:00+08:00,9.948019944246855,0.16027264604026287
2023-09-22 10:00:00+08:00,12.271281961327807,0.13196009304180864
2023-09-22 11:00:00+08:00,13.45518633013002,0.07072426632224596
2023-09-22 12:00:00+08:00,13.63405187491748,0.0
2023-09-22 13:00:00+08:00,11.159314447549088,0.0
2023-09-22 14:00:00+08:00,10.998874986420779,0.0
2023-09-22 15:00:00+08:00,6.740755013251224,0.0
2023-09-22 16:00:00+08:00,3.2521994406970225,0.0
2023-09-22 17:00:00+08:00,0.7093209857474553,0.0
2023-09-22 18:00:00+08:00,0.0,0.0
2023-09-22 19:00:00+08:00,0.0,0.0
2023-09-22 20:00:00+08:00,0.0,0.0
2023-09-22 21:00:00+08:00,0.0,0.0
2023-09-22 22:00:00+08:00,0.0,0.0
2023-09-22 23:00:00+08:00,0.0,0.0
2023-09-23 00:00:00+08:00,0.0,0.0
2023-09-23 01:00:00+08:00,0.0,0.0
2023-09-23 02:00:00+08:00,0.0,0.041474474641010714
2023-09-23 03:00:00+08:00,0.0,0.10105056917551636
2023-09-23 04:00:00+08:00,0.0,0.14202236138133761
2023-09-23 05:00:00+08:00,0.0,0.15761494908608034
2023-09-23 06:00:00+08:00,0.43236931045294014,0.23237484570238148
2023-09-23 07:00:00+08:00,2.1042579544314854,0.5879206549297022
2023-09-23 08:00:00+08:00,3.8940883687299808,1.1052596060696824
2023-09-23 09:00:00+08:00,5.413072703602476,1.2384119297898142
2023-09-23 10:00:00+08:00,5.7531507853889785,0.7643159102600569
2023-09-23 11:00:00+08:00,8.622257757410253,0.42833737649225145
2023-09-23 12:00:00+08:00,6.856528056036808,0.23549165242082915
2023-09-23 13:00:00+08:00,6.086280327324307,0.2231342138402953
2023-09-23 14:00:00+08:00,5.791971063534196,0.15497418008056274
2023-09-23 15:00:00+08:00,3.811513213076124,0.10333260628488947
2023-09-23 16:00:00+08:00,2.104768816989017,0.06867181113645714
2023-09-23 17:00:00+08:00,0.5411716766171913,0.0
2023-09-23 18:00:00+08:00,0.0,0.0306740648125807
2023-09-23 19:00:00+08:00,0.0,0.07279164838928559
2023-09-23 20:00:00+08:00,0.0,0.16294732502601303
2023-09-23 21:00:00+08:00,0.0,0.2417804845017715
2023-09-23 22:00:00+08:00,0.0,0.17935505024601142
2023-09-23 23:00:00+08:00,0.0,0.058631545524665506
2023-09-24 00:00:00+08:00,0.0,0.0
2023-09-24 01:00:00+08:00,0.0,0.0
2023-09-24 02:00:00+08:00,0.0,0.0
2023-09-24 03:00:00+08:00,0.0,0.0
2023-09-24 04:00:00+08:00,0.0,0.0
2023-09-24 05:00:00+08:00,0.0,0.0
2023-09-24 06:00:00+08:00,0.20126365980673125,0.0
2023-09-24 07:00:00+08:00,0.8409416297765145,0.0
2023-09-24 08:00:00+08:00,1.438262276961152,0.0
2023-09-24 09:00:00+08:00,2.157762106793604,0.0
2023-09-24 10:00:00+08:00,2.227516204998261,0.0
2023-09-24 11:00:00+08:00,2.334646160791752,0.0
2023-09-24 12:00:00+08:00,2.0307735415132875,0.0
2023-09-24 13:00:00+08:00,1.7196405702621174,0.0
2023-09-24 14:00:00+08:00,2.439981896355217,0.0
2023-09-24 15:00:00+08:00,2.008196770586935,0.0
2023-09-24 16:00:00+08:00,1.1420440422179685,0.0
2023-09-24 17:00:00+08:00,0.24817623305980016,0.0
2023-09-24 18:00:00+08:00,0.0,0.0
2023-09-24 19:00:00+08:00,0.0,0.0
2023-09-24 20:00:00+08:00,0.0,0.0
2023-09-24 21:00:00+08:00,0.0,0.0
2023-09-24 22:00:00+08:00,0.0,0.0
2023-09-24 23:00:00+08:00,0.0,0.0
2023-09-25 00:00:00+08:00,0.0,0.0
2023-09-25 01:00:00+08:00,0.0,0.0
2023-09-25 02:00:00+08:00,0.0,0.001204994000798528
2023-09-25 03:00:00+08:00,0.0,0.01540070144328111
2023-09-25 04:00:00+08:00,0.0,0.02546077041141802
2023-09-25 05:00:00+08:00,0.0,0.004268483990624318
2023-09-25 06:00:00+08:00,0.3789936665734418,0.01540070144328111
2023-09-25 07:00:00+08:00,1.7358769511433578,0.04332363219411342
2023-09-25 08:00:00+08:00,3.4794741131565323,0.08335435484485185
2023-09-25 09:00:00+08:00,5.186980056912542,0.058631545524665506
2023-09-25 10:00:00+08:00,6.2232012078553005,0.0
2023-09-25 11:00:00+08:00,6.695461776992189,0.0
2023-09-25 12:00:00+08:00,4.762623832077007,0.0
2023-09-25 13:00:00+08:00,3.6642528188176797,0.0
2023-09-25 14:00:00+08:00,2.487810386647159,0.0
2023-09-25 15:00:00+08:00,1.750284029674248,0.0
2023-09-25 16:00:00+08:00,1.0318897719401654,0.0
2023-09-25 17:00:00+08:00,0.15668767501404685,0.0
2023-09-25 18:00:00+08:00,0.0,0.0
2023-09-25 19:00:00+08:00,0.0,0.0
2023-09-25 20:00:00+08:00,0.0,0.0
2023-09-25 21:00:00+08:00,0.0,0.0
2023-09-25 22:00:00+08:00,0.0,0.0
2023-09-25 23:00:00+08:00,0.0,0.0
2023-09-26 00:00:00+08:00,0.0,0.0
2023-09-26 01:00:00+08:00,0.0,0.0
2023-09-26 02:00:00+08:00,0.0,0.0
2023-09-26 03:00:00+08:00,0.0,0.0
2023-09-26 04:00:00+08:00,0.0,0.0
2023-09-26 05:00:00+08:00,0.0,0.0
2023-09-26 06:00:00+08:00,0.26859189347677853,0.0
2023-09-26 07:00:00+08:00,1.0854201786958748,0.0
2023-09-26 08:00:00+08:00,2.424084124492682,0.0
2023-09-26 09:00:00+08:00,3.8152792604664403,0.0
2023-09-26 10:00:00+08:00,4.791694416855416,0.0
2023-09-26 11:00:00+08:00,4.318903837240712,0.0
2023-09-26 12:00:00+08:00,3.804259902690243,0.0
2023-09-26 13:00:00+08:00,2.987063888402521,0.01540070144328111
2023-09-26 14:00:00+08:00,2.474634177492983,0.07279164838928559
2023-09-26 15:00:00+08:00,2.500452648373654,0.02546077041141802
2023-09-26 16:00:00+08:00,1.6112689186087896,0.0
2023-09-26 17:00:00+08:00,0.3904262194279514,0.0
2023-09-26 18:00:00+08:00,0.0,0.0
2023-09-26 19:00:00+08:00,0.0,0.0
2023-09-26 20:00:00+08:00,0.0,0.0
2023-09-26 21:00:00+08:00,0.0,0.0
2023-09-26 22:00:00+08:00,0.0,0.002730303130244606
2023-09-26 23:00:00+08:00,0.0,0.012154357158134217
2023-09-27 00:00:00+08:00,0.0,0.008960797786395611
2023-09-27 01:00:00+08:00,0.0,0.0
2023-09-27 02:00:00+08:00,0.0,0.0
2023-09-27 03:00:00+08:00,0.0,0.0
2023-09-27 04:00:00+08:00,0.0,0.0
2023-09-27 05:00:00+08:00,0.0,0.0
2023-09-27 06:00:00+08:00,0.29594921205772784,0.0
2023-09-27 07:00:00+08:00,1.2787707769140868,0.05278304742680161
2023-09-27 08:00:00+08:00,2.6629199855956305,0.04332363219411342
2023-09-27 09:00:00+08:00,4.7908117577847085,0.0
2023-09-27 10:00:00+08:00,3.6058473669893596,0.0
2023-09-27 11:00:00+08:00,3.782926472879068,0.0
2023-09-27 12:00:00+08:00,3.43289382252818,0.0
2023-09-27 13:00:00+08:00,3.007821469154834,0.027184834209691398
2023-09-27 14:00:00+08:00,1.8593661295815804,0.07072426632224596
2023-09-27 15:00:00+08:00,2.0464280866714084,0.03781845236501572
2023-09-27 16:00:00+08:00,1.2482814667476967,0.0
2023-09-27 17:00:00+08:00,0.2962663181172119,0.0
2023-09-27 18:00:00+08:00,0.0,0.0
2023-09-27 19:00:00+08:00,0.0,0.0
2023-09-27 20:00:00+08:00,0.0,0.0
2023-09-27 21:00:00+08:00,0.0,0.0
2023-09-27 22:00:00+08:00,0.0,0.0
2023-09-27 23:00:00+08:00,0.0,0.0
2023-09-28 00:00:00+08:00,0.0,0.0
2023-09-28 01:00:00+08:00,0.0,0.0
2023-09-28 02:00:00+08:00,0.0,0.0
2023-09-28 03:00:00+08:00,0.0,0.0
2023-09-28 04:00:00+08:00,0.0,0.0
2023-09-28 05:00:00+08:00,0.0,0.0
2023-09-28 06:00:00+08:00,0.46586097369681057,0.0
2023-09-28 07:00:00+08:00,2.9852666940165387,0.0
2023-09-28 08:00:00+08:00,6.160568981430097,0.0
2023-09-28 09:00:00+08:00,8.91374962343493,0.0
2023-09-28 10:00:00+08:00,11.621717099341662,0.0
2023-09-28 11:00:00+08:00,12.91379315832169,0.0
2023-09-28 12:00:00+08:00,12.382709355665565,0.0
2023-09-28 13:00:00+08:00,11.37243794651806,0.0
2023-09-28 14:00:00+08:00,7.566279867792181,0.0
2023-09-28 15:00:00+08:00,4.651202748323154,0.0
2023-09-28 16:00:00+08:00,2.5589876004716383,0.0
2023-09-28 17:00:00+08:00,0.4459926320489146,0.0
2023-09-28 18:00:00+08:00,0.0,0.0
2023-09-28 19:00:00+08:00,0.0,0.0
2023-09-28 20:00:00+08:00,0.0,0.0
2023-09-28 21:00:00+08:00,0.0,0.0
2023-09-28 22:00:00+08:00,0.0,0.0
2023-09-28 23:00:00+08:00,0.0,0.0
2023-09-29 00:00:00+08:00,0.0,0.0
2023-09-29 01:00:00+08:00,0.0,0.0
2023-09-29 02:00:00+08:00,0.0,0.012154357158134217
2023-09-29 03:00:00+08:00,0.0,0.01540070144328111
2023-09-29 04:00:00+08:00,0.0,0.008960797786395611
2023-09-29 05:00:00+08:00,0.0,0.012154357158134217
2023-09-29 06:00:00+08:00,0.44236492391959265,0.012154357158134217
2023-09-29 07:00:00+08:00,2.2047767865164136,0.22009041904100865
2023-09-29 08:00:00+08:00,5.004689608389623,0.5208145166746988
2023-09-29 09:00:00+08:00,6.790295625745517,1.1268176731916564
2023-09-29 10:00:00+08:00,7.998247127257443,1.1052596060696824
2023-09-29 11:00:00+08:00,8.777403077967787,0.9095460278965173
2023-09-29 12:00:00+08:00,7.869780199844531,0.686278265219552
2023-09-29 13:00:00+08:00,6.690532355615643,0.49340681571389705
2023-09-29 14:00:00+08:00,6.499312619888886,0.3159358604550535
2023-09-29 15:00:00+08:00,4.722692984224148,0.2417804845017715
2023-09-29 16:00:00+08:00,2.626590075698322,0.14457930188707785
2023-09-29 17:00:00+08:00,0.49582181440425577,0.0
2023-09-29 18:00:00+08:00,0.0,0.0
2023-09-29 19:00:00+08:00,0.0,0.0
2023-09-29 20:00:00+08:00,0.0,0.02375033550472131
2023-09-29 21:00:00+08:00,0.0,0.054718034547095874
2023-09-29 22:00:00+08:00,0.0,0.08551243394036041
2023-09-29 23:00:00+08:00,0.0,0.09429834576714802
2023-09-30 00:00:00+08:00,0.0,0.07072426632224596
2023-09-30 01:00:00+08:00,0.0,0.03781845236501572
2023-09-30 02:00:00+08:00,0.0,0.013770904145080145
2023-09-30 03:00:00+08:00,0.0,0.0
2023-09-30 04:00:00+08:00,0.0,0.0
2023-09-30 05:00:00+08:00,0.0,0.0
2023-09-30 06:00:00+08:00,0.5202385138205329,0.0
2023-09-30 07:00:00+08:00,3.238570750321339,0.08335435484485185
2023-09-30 08:00:00+08:00,6.746698951314921,0.360363451015842
2023-09-30 09:00:00+08:00,10.055063617063949,1.0981292530305977
2023-09-30 10:00:00+08:00,12.800901119183221,1.2307729270472403
2023-09-30 11:00:00+08:00,13.765955393877864,1.0981292530305977
2023-09-30 12:00:00+08:00,13.731304231268561,1.119603762067309
2023-09-30 13:00:00+08:00,12.85320562211466,1.2307729270472403
2023-09-30 14:00:00+08:00,8.438234449549347,1.18554009614246
2023-09-30 15:00:00+08:00,6.323453720769614,0.9944730145323387
2023-09-30 16:00:00+08:00,3.171262112735906,0.3415014526677879
2023-09-30 17:00:00+08:00,0.6104307400862957,0.01540070144328111
2023-09-30 18:00:00+08:00,0.0,0.054718034547095874
2023-09-30 19:00:00+08:00,0.0,0.04518695946782358
2023-09-30 20:00:00+08:00,0.0,0.0
2023-09-30 21:00:00+08:00,0.0,0.0
2023-09-30 22:00:00+08:00,0.0,0.0
2023-09-30 23:00:00+08:00,0.0,0.0
2023-10-01 00:00:00+08:00,0.0,0.0
2023-10-01 01:00:00+08:00,0.0,0.0
2023-10-01 02:00:00+08:00,0.0,0.0
2023-10-01 03:00:00+08:00,0.0,0.0
2023-10-01 04:00:00+08:00,0.0,0.0
2023-10-01 05:00:00+08:00,0.0,0.0
2023-10-01 06:00:00+08:00,0.4430376249323189,0.0
2023-10-01 07:00:00+08:00,3.503902006536785,0.0
2023-10-01 08:00:00+08:00,7.356198111127917,0.0
2023-10-01 09:00:00+08:00,10.526076123434997,0.0
2023-10-01 10:00:00+08:00,12.776630304088378,0.0
2023-10-01 11:00:00+08:00,14.109811541153261,0.0
2023-10-01 12:00:00+08:00,14.200764175680423,0.0
2023-10-01 13:00:00+08:00,13.444820697187925,0.0
2023-10-01 14:00:00+08:00,8.665344017115492,0.0
2023-10-01 15:00:00+08:00,6.174386738427397,0.0
2023-10-01 16:00:00+08:00,2.979306759449159,0.0
2023-10-01 17:00:00+08:00,0.4791763667722853,0.0
2023-10-01 18:00:00+08:00,0.0,0.0
2023-10-01 19:00:00+08:00,0.0,0.0
2023-10-01 20:00:00+08:00,0.0,0.0
2023-10-01 21:00:00+08:00,0.0,0.0
2023-10-01 22:00:00+08:00,0.0,0.0
2023-10-01 23:00:00+08:00,0.0,0.0
2023-10-02 00:00:00+08:00,0.0,0.01870026330506096
2023-10-02 01:00:00+08:00,0.0,0.07697140949872917
2023-10-02 02:00:00+08:00,0.0,0.0987842161080372
2023-10-02 03:00:00+08:00,0.0,0.11497994536177038
2023-10-02 04:00:00+08:00,0.0,0.12216001861642253
2023-10-02 05:00:00+08:00,0.0,0.13695823664069298
2023-10-02 06:00:00+08:00,0.4494079675023835,0.11975056218738764
2023-10-02 07:00:00+08:00,2.7609535896553106,0.4036588610696896
2023-10-02 08:00:00+08:00,5.649234234390681,0.31952859672062506
2023-10-02 09:00:00+08:00,8.455805143229124,0.5348199063812349
2023-10-02 10:00:00+08:00,10.418218625898659,0.4367330080627634
2023-10-02 11:00:00+08:00,11.213574584291717,0.4800015839828644
2023-10-02 12:00:00+08:00,11.701998180452081,0.4800015839828644
2023-10-02 13:00:00+08:00,9.106440445747227,0.4036588610696896
2023-10-02 14:00:00+08:00,7.8521358391360065,0.3916028896047531
2023-10-02 15:00:00+08:00,4.4438769665649955,0.4036588610696896
2023-10-02 16:00:00+08:00,2.2457325327695385,0.14457930188707785
2023-10-02 17:00:00+08:00,0.33962903893485297,0.0
2023-10-02 18:00:00+08:00,0.0,0.0
2023-10-02 19:00:00+08:00,0.0,0.0
2023-10-02 20:00:00+08:00,0.0,0.0
2023-10-02 21:00:00+08:00,0.0,0.0
2023-10-02 22:00:00+08:00,0.0,0.0
2023-10-02 23:00:00+08:00,0.0,0.0
2023-10-03 00:00:00+08:00,0.0,0.0
2023-10-03 01:00:00+08:00,0.0,0.0
2023-10-03 02:00:00+08:00,0.0,0.0
2023-10-03 03:00:00+08:00,0.0,0.0
2023-10-03 04:00:00+08:00,0.0,0.0
2023-10-03 05:00:00+08:00,0.0,0.0
2023-10-03 06:00:00+08:00,0.3559756360667459,0.0
2023-10-03 07:00:00+08:00,2.484751407757973,0.013770904145080145
2023-10-03 08:00:00+08:00,5.167230329821659,0.06260346603756395
2023-10-03 09:00:00+08:00,8.230551513557616,0.0987842161080372
2023-10-03 10:00:00+08:00,10.109752402666425,0.10333260628488947
2023-10-03 11:00:00+08:00,10.713016527997961,0.08987456259899727
2023-10-03 12:00:00+08:00,10.01740313749425,0.03963943272561256
2023-10-03 13:00:00+08:00,8.269200100160422,0.004268483990624318
2023-10-03 14:00:00+08:00,6.9937100942643715,0.0
2023-10-03 15:00:00+08:00,4.518298631503848,0.0
2023-10-03 16:00:00+08:00,2.1975771248034004,0.0
2023-10-03 17:00:00+08:00,0.36328547794067995,0.0
2023-10-03 18:00:00+08:00,0.0,0.0
2023-10-03 19:00:00+08:00,0.0,0.0
2023-10-03 20:00:00+08:00,0.0,0.0
2023-10-03 21:00:00+08:00,0.0,0.0
2023-10-03 22:00:00+08:00,0.0,0.002730303130244606
2023-10-03 23:00:00+08:00,0.0,0.03781845236501572
2023-10-04 00:00:00+08:00,0.0,0.05086250044163042
2023-10-04 01:00:00+08:00,0.0,0.041474474641010714
2023-10-04 02:00:00+08:00,0.0,0.02546077041141802
2023-10-04 03:00:00+08:00,0.0,0.012154357158134217
2023-10-04 04:00:00+08:00,0.0,0.0
2023-10-04 05:00:00+08:00,0.0,0.0
2023-10-04 06:00:00+08:00,0.36924380497656495,0.0
2023-10-04 07:00:00+08:00,1.6455004275345166,0.0
2023-10-04 08:00:00+08:00,3.501593906216761,0.0
2023-10-04 09:00:00+08:00,5.2545558821465255,0.12458564583347895
2023-10-04 10:00:00+08:00,5.142746141590209,0.4367330080627634
2023-10-04 11:00:00+08:00,4.114865031206589,0.5395334026473801
2023-10-04 12:00:00+08:00,3.1637245864122776,0.6595636997584692
2023-10-04 13:00:00+08:00,5.371514161320678,0.6971329382274081
2023-10-04 14:00:00+08:00,3.842551307410108,0.7992478951121773
2023-10-04 15:00:00+08:00,2.695870934523589,0.9287467835218446
2023-10-04 16:00:00+08:00,1.3654289228355694,0.4494868112261699
2023-10-04 17:00:00+08:00,0.258341304438065,0.14974320958390933
2023-10-04 18:00:00+08:00,0.0,0.3017612363309558
2023-10-04 19:00:00+08:00,0.0,0.4624343393484166
2023-10-04 20:00:00+08:00,0.0,0.3565505973347257
2023-10-04 21:00:00+08:00,0.0,0.17935505024601142
2023-10-04 22:00:00+08:00,0.0,0.10105056917551636
2023-10-04 23:00:00+08:00,0.0,0.05278304742680161
2023-10-05 00:00:00+08:00,0.0,0.004268483990624318
2023-10-05 01:00:00+08:00,0.0,0.0
2023-10-05 02:00:00+08:00,0.0,0.0
2023-10-05 03:00:00+08:00,0.0,0.0
2023-10-05 04:00:00+08:00,0.0,0.0
2023-10-05 05:00:00+08:00,0.0,0.027184834209691398
2023-10-05 06:00:00+08:00,0.32497993894941063,0.02546077041141802
2023-10-05 07:00:00+08:00,3.700093524715467,0.020370136034445988
2023-10-05 08:00:00+08:00,7.644445351690405,0.07908389670693931
2023-10-05 09:00:00+08:00,10.952376734864735,0.21405712867712992
2023-10-05 10:00:00+08:00,12.58179077176838,0.10563038151905942
2023-10-05 11:00:00+08:00,10.626616198848586,0.07908389670693931
2023-10-05 12:00:00+08:00,8.317221660513168,0.08551243394036041
2023-10-05 13:00:00+08:00,6.2113406560460565,0.10333260628488947
2023-10-05 14:00:00+08:00,4.284923114248921,0.05278304742680161
2023-10-05 15:00:00+08:00,3.14389618444577,0.010551006399540454
2023-10-05 16:00:00+08:00,1.902425611980843,0.0
2023-10-05 17:00:00+08:00,0.24721372147791676,0.0
2023-10-05 18:00:00+08:00,0.0,0.01540070144328111
2023-10-05 19:00:00+08:00,0.0,0.054718034547095874
2023-10-05 20:00:00+08:00,0.0,0.058631545524665506
2023-10-05 21:00:00+08:00,0.0,0.04518695946782358
2023-10-05 22:00:00+08:00,0.0,0.02546077041141802
2023-10-05 23:00:00+08:00,0.0,0.002730303130244606
2023-10-06 00:00:00+08:00,0.0,0.0
2023-10-06 01:00:00+08:00,0.0,0.0
2023-10-06 02:00:00+08:00,0.0,0.0
2023-10-06 03:00:00+08:00,0.0,0.0
2023-10-06 04:00:00+08:00,0.0,0.0
2023-10-06 05:00:00+08:00,0.0,0.0
2023-10-06 06:00:00+08:00,0.22075118736068952,0.0
2023-10-06 07:00:00+08:00,1.511989352520288,0.0
2023-10-06 08:00:00+08:00,3.229706986005314,0.0
2023-10-06 09:00:00+08:00,4.782807480796021,0.0
2023-10-06 10:00:00+08:00,5.374506700961461,0.0
2023-10-06 11:00:00+08:00,3.9529741669432314,0.0
2023-10-06 12:00:00+08:00,3.7910425602751654,0.0
2023-10-06 13:00:00+08:00,4.099507769871608,0.0
2023-10-06 14:00:00+08:00,3.0322405648426587,0.0
2023-10-06 15:00:00+08:00,1.6985674800919635,0.0
2023-10-06 16:00:00+08:00,0.9328915271323861,0.0
2023-10-06 17:00:00+08:00,0.15554107270667325,0.0
2023-10-06 18:00:00+08:00,0.0,0.0
2023-10-06 19:00:00+08:00,0.0,0.0
2023-10-06 20:00:00+08:00,0.0,0.0
2023-10-06 21:00:00+08:00,0.0,0.01540070144328111
2023-10-06 22:00:00+08:00,0.0,0.034218459976613935
2023-10-06 23:00:00+08:00,0.0,0.027184834209691398
2023-10-07 00:00:00+08:00,0.0,0.010551006399540454
2023-10-07 01:00:00+08:00,0.0,0.0
2023-10-07 02:00:00+08:00,0.0,0.0
2023-10-07 03:00:00+08:00,0.0,0.0
2023-10-07 04:00:00+08:00,0.0,0.0
2023-10-07 05:00:00+08:00,0.0,0.0
2023-10-07 06:00:00+08:00,0.2725753434501968,0.0
2023-10-07 07:00:00+08:00,1.619635522149052,0.0
2023-10-07 08:00:00+08:00,3.1855611458763304,0.0
2023-10-07 09:00:00+08:00,4.925552003979127,0.0
2023-10-07 10:00:00+08:00,8.962799195310073,0.020370136034445988
2023-10-07 11:00:00+08:00,10.149404913010954,0.06260346603756395
2023-10-07 12:00:00+08:00,8.581201180179303,0.0965334929995487
2023-10-07 13:00:00+08:00,7.026743238897447,0.10333260628488947
2023-10-07 14:00:00+08:00,5.576063032002868,0.07072426632224596
2023-10-07 15:00:00+08:00,3.8584140874083803,0.05086250044163042
2023-10-07 16:00:00+08:00,1.6318848375984005,0.0
2023-10-07 17:00:00+08:00,0.21824676699491294,0.0
2023-10-07 18:00:00+08:00,0.0,0.0
2023-10-07 19:00:00+08:00,0.0,0.0
2023-10-07 20:00:00+08:00,0.0,0.0
2023-10-07 21:00:00+08:00,0.0,0.0
2023-10-07 22:00:00+08:00,0.0,0.0
2023-10-07 23:00:00+08:00,0.0,0.0
2023-10-08 00:00:00+08:00,0.0,0.0
2023-10-08 01:00:00+08:00,0.0,0.01870026330506096
2023-10-08 02:00:00+08:00,0.0,0.0306740648125807
2023-10-08 03:00:00+08:00,0.0,0.034218459976613935
2023-10-08 04:00:00+08:00,0.0,0.04332363219411342
2023-10-08 05:00:00+08:00,0.0,0.060610177547747036
2023-10-08 06:00:00+08:00,0.3104202098040542,0.08121152712801255
2023-10-08 07:00:00+08:00,2.099933009591197,0.360363451015842
2023-10-08 08:00:00+08:00,4.888556913895226,0.4494868112261699
2023-10-08 09:00:00+08:00,7.448256589239714,1.1052596060696824
2023-10-08 10:00:00+08:00,8.436435469546254,1.4726784513422637
2023-10-08 11:00:00+08:00,9.270555199677409,1.1124177577209524
2023-10-08 12:00:00+08:00,8.452560088426427,0.7875034501828128
2023-10-08 13:00:00+08:00,7.497859073974275,0.6490455846564944
2023-10-08 14:00:00+08:00,5.127572013871971,0.5208145166746988
2023-10-08 15:00:00+08:00,3.261396943351346,0.3996193459417554
2023-10-08 16:00:00+08:00,1.3304959879743778,0.04706451054504447
2023-10-08 17:00:00+08:00,0.19555587230755384,0.0
2023-10-08 18:00:00+08:00,0.0,0.0
2023-10-08 19:00:00+08:00,0.0,0.0
2023-10-08 20:00:00+08:00,0.0,0.0
2023-10-08 21:00:00+08:00,0.0,0.0
2023-10-08 22:00:00+08:00,0.0,0.0
2023-10-08 23:00:00+08:00,0.0,0.0
2023-10-09 00:00:00+08:00,0.0,0.002730303130244606
2023-10-09 01:00:00+08:00,0.0,0.0
2023-10-09 02:00:00+08:00,0.0,0.0
2023-10-09 03:00:00+08:00,0.0,0.0
2023-10-09 04:00:00+08:00,0.0,0.0
2023-10-09 05:00:00+08:00,0.0,0.0
2023-10-09 06:00:00+08:00,0.355429985343742,0.0
2023-10-09 07:00:00+08:00,3.176641950077275,0.010551006399540454
2023-10-09 08:00:00+08:00,7.049686931643358,0.05086250044163042
2023-10-09 09:00:00+08:00,10.289158949089614,0.20809587674015675
2023-10-09 10:00:00+08:00,12.746133454601507,0.4800015839828644
2023-10-09 11:00:00+08:00,14.148591627375055,0.7643159102600569
2023-10-09 12:00:00+08:00,13.067319161429404,1.0698847453380382
2023-10-09 13:00:00+08:00,12.42549395046132,1.1340595451768967
2023-10-09 14:00:00+08:00,10.658489509644017,1.035198089548115
2023-10-09 15:00:00+08:00,7.804184204193049,0.878068651575496
2023-10-09 16:00:00+08:00,4.153109868097837,0.39560070681441095
2023-10-09 17:00:00+08:00,0.39237677075189625,0.058631545524665506
2023-10-09 18:00:00+08:00,0.0,0.16834784542382925
2023-10-09 19:00:00+08:00,0.0,0.19928812443434096
2023-10-09 20:00:00+08:00,0.0,0.21706474201425452
2023-10-09 21:00:00+08:00,0.0,0.23237484570238148
2023-10-09 22:00:00+08:00,0.0,0.20809587674015675
2023-10-09 23:00:00+08:00,0.0,0.15235028494080669
2023-10-10 00:00:00+08:00,0.0,0.10105056917551636
2023-10-10 01:00:00+08:00,0.0,0.05086250044163042
2023-10-10 02:00:00+08:00,0.0,0.010551006399540454
2023-10-10 03:00:00+08:00,0.0,0.0
2023-10-10 04:00:00+08:00,0.0,0.0
2023-10-10 05:00:00+08:00,0.0,0.0
2023-10-10 06:00:00+08:00,0.35457595849743495,0.0
2023-10-10 07:00:00+08:00,3.0504375339010688,0.0
2023-10-10 08:00:00+08:00,6.535159756138163,0.0
2023-10-10 09:00:00+08:00,9.942086131886601,0.013770904145080145
2023-10-10 10:00:00+08:00,12.094918980589792,0.15761494908608034
2023-10-10 11:00:00+08:00,13.462481968683553,0.12458564583347895
2023-10-10 12:00:00+08:00,12.466025432147912,0.06260346603756395
2023-10-10 13:00:00+08:00,10.57393049918351,0.02205347540669832
2023-10-10 14:00:00+08:00,9.50719391088897,0.0
2023-10-10 15:00:00+08:00,6.974110191182163,0.0
2023-10-10 16:00:00+08:00,3.660282661554942,0.0
2023-10-10 17:00:00+08:00,0.36726309518113404,0.0
2023-10-10 18:00:00+08:00,0.0,0.0
2023-10-10 19:00:00+08:00,0.0,0.0
2023-10-10 20:00:00+08:00,0.0,0.0
2023-10-10 21:00:00+08:00,0.0,0.0
2023-10-10 22:00:00+08:00,0.0,0.0
2023-10-10 23:00:00+08:00,0.0,0.0
2023-10-11 00:00:00+08:00,0.0,0.0
2023-10-11 01:00:00+08:00,0.0,0.0
2023-10-11 02:00:00+08:00,0.0,0.0
2023-10-11 03:00:00+08:00,0.0,0.0
2023-10-11 04:00:00+08:00,0.0,0.0
2023-10-11 05:00:00+08:00,0.0,0.0
2023-10-11 06:00:00+08:00,0.3145019205372743,0.0
2023-10-11 07:00:00+08:00,3.1209721194160447,0.0
2023-10-11 08:00:00+08:00,6.578545034230825,0.0
2023-10-11 09:00:00+08:00,9.704059191652902,0.0
2023-10-11 10:00:00+08:00,11.67338253030689,0.0
2023-10-11 11:00:00+08:00,12.871331351563821,0.0
2023-10-11 12:00:00+08:00,12.031942977281888,0.001204994000798528
2023-10-11 13:00:00+08:00,14.46279330213907,0.04332363219411342
2023-10-11 14:00:00+08:00,7.835783673461399,0.08551243394036041
2023-10-11 15:00:00+08:00,3.8069394794864717,0.0965334929995487
2023-10-11 16:00:00+08:00,1.6371878064676701,0.002730303130244606
2023-10-11 17:00:00+08:00,0.14902825380178972,0.0
2023-10-11 18:00:00+08:00,0.0,0.0
2023-10-11 19:00:00+08:00,0.0,0.004268483990624318
2023-10-11 20:00:00+08:00,0.0,0.028922580982444643
2023-10-11 21:00:00+08:00,0.0,0.04895633950867902
2023-10-11 22:00:00+08:00,0.0,0.060610177547747036
2023-10-11 23:00:00+08:00,0.0,0.06663422874901594
2023-10-12 00:00:00+08:00,0.0,0.08121152712801255
2023-10-12 01:00:00+08:00,0.0,0.0965334929995487
2023-10-12 02:00:00+08:00,0.0,0.09429834576714802
2023-10-12 03:00:00+08:00,0.0,0.08987456259899727
2023-10-12 04:00:00+08:00,0.0,0.10333260628488947
2023-10-12 05:00:00+08:00,0.0,0.08987456259899727
2023-10-12 06:00:00+08:00,0.23044379954652658,0.06663422874901594
2023-10-12 07:00:00+08:00,1.3425072568704863,0.028922580982444643
2023-10-12 08:00:00+08:00,2.945676020727494,0.11027336269340253
2023-10-12 09:00:00+08:00,4.004932363374595,0.18496259999682663
2023-10-12 10:00:00+08:00,4.732287980066435,0.16294732502601303
2023-10-12 11:00:00+08:00,5.636705937566815,0.35275802474226525
2023-10-12 12:00:00+08:00,3.933211217592031,0.2844806220690267
2023-10-12 13:00:00+08:00,3.6451862361079588,0.2022062305668645
2023-10-12 14:00:00+08:00,2.9149101400552997,0.11261867679938187
2023-10-12 15:00:00+08:00,1.905355500811732,0.05086250044163042
2023-10-12 16:00:00+08:00,0.7475998008286868,0.0
2023-10-12 17:00:00+08:00,0.11020433247491941,0.0
2023-10-12 18:00:00+08:00,0.0,0.0
2023-10-12 19:00:00+08:00,0.0,0.0
2023-10-12 20:00:00+08:00,0.0,0.0
2023-10-12 21:00:00+08:00,0.0,0.005819590664840629
2023-10-12 22:00:00+08:00,0.0,0.017043803135640415
2023-10-12 23:00:00+08:00,0.0,0.02375033550472131
2023-10-13 00:00:00+08:00,0.0,0.03781845236501572
2023-10-13 01:00:00+08:00,0.0,0.058631545524665506
2023-10-13 02:00:00+08:00,0.0,0.07487401142047889
2023-10-13 03:00:00+08:00,0.0,0.07487401142047889
2023-10-13 04:00:00+08:00,0.0,0.07697140949872917
2023-10-13 05:00:00+08:00,0.0,0.08987456259899727
2023-10-13 06:00:00+08:00,0.2411374403649724,0.10563038151905942
2023-10-13 07:00:00+08:00,1.780196936896324,0.19638775749402856
2023-10-13 08:00:00+08:00,4.411329442789787,0.3159358604550535
2023-10-13 09:00:00+08:00,6.110771353380127,0.4844480188735894
2023-10-13 10:00:00+08:00,6.953756831921884,0.5115896319512271
2023-10-13 11:00:00+08:00,6.529018588209465,0.4800015839828644
2023-10-13 12:00:00+08:00,4.586120252257549,0.5301289626856752
2023-10-13 13:00:00+08:00,4.10231935939832,0.5442695055670139
2023-10-13 14:00:00+08:00,3.6675130461960403,0.5070106398650472
2023-10-13 15:00:00+08:00,2.56272902975244,0.3836695046068856
2023-10-13 16:00:00+08:00,1.028648262499491,0.010551006399540454
2023-10-13 17:00:00+08:00,0.13186532855990096,0.0
2023-10-13 18:00:00+08:00,0.0,0.0
2023-10-13 19:00:00+08:00,0.0,0.0
2023-10-13 20:00:00+08:00,0.0,0.0
2023-10-13 21:00:00+08:00,0.0,0.0
2023-10-13 22:00:00+08:00,0.0,0.0
2023-10-13 23:00:00+08:00,0.0,0.0
2023-10-14 00:00:00+08:00,0.0,0.0
2023-10-14 01:00:00+08:00,0.0,0.0
2023-10-14 02:00:00+08:00,0.0,0.0
2023-10-14 03:00:00+08:00,0.0,0.0
2023-10-14 04:00:00+08:00,0.0,0.0
2023-10-14 05:00:00+08:00,0.0,0.0
2023-10-14 06:00:00+08:00,0.2780511056423347,0.0
2023-10-14 07:00:00+08:00,3.1496692507098425,0.0
2023-10-14 08:00:00+08:00,7.00616036782296,0.008960797786395611
2023-10-14 09:00:00+08:00,10.388701505559839,0.04895633950867902
2023-10-14 10:00:00+08:00,12.880869727005697,0.13948202432684378
2023-10-14 11:00:00+08:00,14.250256209561284,0.14202236138133761
2023-10-14 12:00:00+08:00,13.588510527950522,0.17381694294275385
2023-10-14 13:00:00+08:00,12.480451442466142,0.22619618049501763
2023-10-14 14:00:00+08:00,10.770089935212212,0.25135259047684894
2023-10-14 15:00:00+08:00,7.939574347165727,0.19928812443434096
2023-10-14 16:00:00+08:00,4.11037295602591,0.0
2023-10-14 17:00:00+08:00,0.29132729474266994,0.0
2023-10-14 18:00:00+08:00,0.0,0.0
2023-10-14 19:00:00+08:00,0.0,0.0
2023-10-14 20:00:00+08:00,0.0,0.0
2023-10-14 21:00:00+08:00,0.0,0.0
2023-10-14 22:00:00+08:00,0.0,0.06461146507701918
2023-10-14 23:00:00+08:00,0.0,0.13196009304180864
2023-10-15 00:00:00+08:00,0.0,0.17935505024601142
2023-10-15 01:00:00+08:00,0.0,0.21706474201425452
2023-10-15 02:00:00+08:00,0.0,0.23549165242082915
2023-10-15 03:00:00+08:00,0.0,0.2417804845017715
2023-10-15 04:00:00+08:00,0.0,0.2417804845017715
2023-10-15 05:00:00+08:00,0.0,0.23862684732632486
2023-10-15 06:00:00+08:00,0.26002964699839337,0.205142129974502
2023-10-15 07:00:00+08:00,2.930321502209969,0.16294732502601303
2023-10-15 08:00:00+08:00,6.421561167730998,0.2231342138402953
2023-10-15 09:00:00+08:00,9.56846776745024,0.0
2023-10-15 10:00:00+08:00,11.748258624921096,0.0
2023-10-15 11:00:00+08:00,12.946488695786057,0.0
2023-10-15 12:00:00+08:00,11.012865199794934,0.0
2023-10-15 13:00:00+08:00,10.214342739811226,0.0
2023-10-15 14:00:00+08:00,8.252920765610199,0.0
2023-10-15 15:00:00+08:00,5.386355800302544,0.0
2023-10-15 16:00:00+08:00,2.5921574929295508,0.0
2023-10-15 17:00:00+08:00,0.1727502890717447,0.0
2023-10-15 18:00:00+08:00,0.0,0.005819590664840629
2023-10-15 19:00:00+08:00,0.0,0.16294732502601303
2023-10-15 20:00:00+08:00,0.0,0.3088093923711731
2023-10-15 21:00:00+08:00,0.0,0.3719242394201571
2023-10-15 22:00:00+08:00,0.0,0.4409628409266438
2023-10-15 23:00:00+08:00,0.0,0.7135972071225786
2023-10-16 00:00:00+08:00,0.0,0.8230402982230053
2023-10-16 01:00:00+08:00,0.0,0.6701774334330939
2023-10-16 02:00:00+08:00,0.0,0.6755202924424075
2023-10-16 03:00:00+08:00,0.0,0.7528719499402164
2023-10-16 04:00:00+08:00,0.0,0.7758595994531804
2023-10-16 05:00:00+08:00,0.0,0.607920656710596
2023-10-16 06:00:00+08:00,0.2504789593611104,0.4118007356589392
2023-10-16 07:00:00+08:00,3.2008505183799763,0.6971329382274081
2023-10-16 08:00:00+08:00,6.962210239194242,0.42833737649225145
2023-10-16 09:00:00+08:00,10.106407587677028,0.5161909061934763
2023-10-16 10:00:00+08:00,12.115870327372347,0.19350507566302386
2023-10-16 11:00:00+08:00,13.573825415836785,0.0
2023-10-16 12:00:00+08:00,13.003578855508358,0.0
2023-10-16 13:00:00+08:00,11.933388181395072,0.0
2023-10-16 14:00:00+08:00,9.846085132911636,0.0
2023-10-16 15:00:00+08:00,6.688063504862462,0.0
2023-10-16 16:00:00+08:00,2.968988274524475,0.0
2023-10-16 17:00:00+08:00,0.1618120427416134,0.0
2023-10-16 18:00:00+08:00,0.0,0.0
2023-10-16 19:00:00+08:00,0.0,0.0
2023-10-16 20:00:00+08:00,0.0,0.0
2023-10-16 21:00:00+08:00,0.0,0.012154357158134217
2023-10-16 22:00:00+08:00,0.0,0.09207872032793184
2023-10-16 23:00:00+08:00,0.0,0.16563904012623423
2023-10-17 00:00:00+08:00,0.0,0.19638775749402856
2023-10-17 01:00:00+08:00,0.0,0.2913348909016942
2023-10-17 02:00:00+08:00,0.0,0.46679348443356694
2023-10-17 03:00:00+08:00,0.0,0.5978741445234982
2023-10-17 04:00:00+08:00,0.0,0.6916934871531896
2023-10-17 05:00:00+08:00,0.0,0.5928857989438889
2023-10-17 06:00:00+08:00,0.21828876433643332,0.5115896319512271
2023-10-17 07:00:00+08:00,2.2745228007514964,1.0011928783370292
2023-10-17 08:00:00+08:00,4.96871533242176,0.941679159417412
2023-10-17 09:00:00+08:00,7.796549113694299,0.9811140326972586
2023-10-17 10:00:00+08:00,9.945704682356997,1.1706902109181119
2023-10-17 11:00:00+08:00,11.124544984363022,1.2155810215437999
2023-10-17 12:00:00+08:00,10.003436003220052,1.3564799098869178
2023-10-17 13:00:00+08:00,9.323958590440437,1.3727212400417668
2023-10-17 14:00:00+08:00,7.280068953315734,1.4472832022466042
2023-10-17 15:00:00+08:00,5.0537825741365685,1.1633077233848566
2023-10-17 16:00:00+08:00,1.8348646535275415,0.19928812443434096
2023-10-17 17:00:00+08:00,0.13376671467914578,0.20809587674015675
2023-10-17 18:00:00+08:00,0.0,0.3415014526677879
2023-10-17 19:00:00+08:00,0.0,0.5348199063812349
2023-10-17 20:00:00+08:00,0.0,0.7758595994531804
2023-10-17 21:00:00+08:00,0.0,0.948185071257509
2023-10-17 22:00:00+08:00,0.0,0.9944730145323387
2023-10-17 23:00:00+08:00,0.0,1.2848520533400993
2023-10-18 00:00:00+08:00,0.0,1.4812041432808714
2023-10-18 01:00:00+08:00,0.0,1.6857934289275749
2023-10-18 02:00:00+08:00,0.0,1.585898692393955
2023-10-18 03:00:00+08:00,0.0,1.1781009838096783
2023-10-18 04:00:00+08:00,0.0,0.70259667252511
2023-10-18 05:00:00+08:00,0.0,0.3017612363309558
2023-10-18 06:00:00+08:00,0.14003824447100144,0.08551243394036041
2023-10-18 07:00:00+08:00,1.101956798398927,0.15761494908608034
2023-10-18 08:00:00+08:00,2.4441296629162124,0.05666751588541606
2023-10-18 09:00:00+08:00,3.9075655310697397,0.15761494908608034
2023-10-18 10:00:00+08:00,4.758275579227127,0.70259667252511
2023-10-18 11:00:00+08:00,6.027083911095234,1.200503555463281
2023-10-18 12:00:00+08:00,5.584670557388647,1.3323396545572825
2023-10-18 13:00:00+08:00,3.7552210683770193,1.380886415348428
2023-10-18 14:00:00+08:00,3.4220382807518446,1.2537763056711837
2023-10-18 15:00:00+08:00,2.116650847307142,0.8110933669045004
2023-10-18 16:00:00+08:00,0.7997040928342861,0.31236281036620384
2023-10-18 17:00:00+08:00,0.10217954053785805,0.16294732502601303
2023-10-18 18:00:00+08:00,0.0,0.19928812443434096
2023-10-18 19:00:00+08:00,0.0,0.19064002485842413
2023-10-18 20:00:00+08:00,0.0,0.11735722246347136
2023-10-18 21:00:00+08:00,0.0,0.06260346603756395
2023-10-18 22:00:00+08:00,0.0,0.04706451054504447
2023-10-18 23:00:00+08:00,0.0,0.0
2023-10-19 00:00:00+08:00,0.0,0.0
2023-10-19 01:00:00+08:00,0.0,0.0
2023-10-19 02:00:00+08:00,0.0,0.0
2023-10-19 03:00:00+08:00,0.0,0.0
2023-10-19 04:00:00+08:00,0.0,0.0
2023-10-19 05:00:00+08:00,0.0,0.0
2023-10-19 06:00:00+08:00,0.15960543806639665,0.0
2023-10-19 07:00:00+08:00,1.533202662257862,0.0
2023-10-19 08:00:00+08:00,3.539745772513984,0.0
2023-10-19 09:00:00+08:00,5.7510289870224724,0.04518695946782358
2023-10-19 10:00:00+08:00,7.155314271936999,0.22619618049501763
2023-10-19 11:00:00+08:00,5.642820416725312,0.4889164114229659
2023-10-19 12:00:00+08:00,3.30857762925372,0.7246955236088202
2023-10-19 13:00:00+08:00,3.0161365313762962,0.5879206549297022
2023-10-19 14:00:00+08:00,1.8463578983707065,0.4494868112261699
2023-10-19 15:00:00+08:00,1.76473473294016,0.31952859672062506
2023-10-19 16:00:00+08:00,0.7992810336569595,0.13196009304180864
2023-10-19 17:00:00+08:00,0.07471331106913713,0.11497994536177038
2023-10-19 18:00:00+08:00,0.0,0.10563038151905942
2023-10-19 19:00:00+08:00,0.0,0.07279164838928559
2023-10-19 20:00:00+08:00,0.0,0.03601147947631726
2023-10-19 21:00:00+08:00,0.0,0.0
2023-10-19 22:00:00+08:00,0.0,0.06867181113645714
2023-10-19 23:00:00+08:00,0.0,0.3452335064916994
2023-10-20 00:00:00+08:00,0.0,0.6334467503764458
2023-10-20 01:00:00+08:00,0.0,0.7700752617060064
2023-10-20 02:00:00+08:00,0.0,0.9351997481998242
2023-10-20 03:00:00+08:00,0.0,0.8472402700914611
2023-10-20 04:00:00+08:00,0.0,0.6971329382274081
2023-10-20 05:00:00+08:00,0.0,0.49340681571389705
2023-10-20 06:00:00+08:00,0.22408321127675268,0.3304254634067023
2023-10-20 07:00:00+08:00,3.881982083147811,0.6808872183435921
2023-10-20 08:00:00+08:00,8.091699419572642,0.70259667252511
2023-10-20 09:00:00+08:00,11.75981584663182,1.5156113977796541
2023-10-20 10:00:00+08:00,14.080482767342156,1.1413294321059346
2023-10-20 11:00:00+08:00,15.75045954069777,1.048990599934302
2023-10-20 12:00:00+08:00,15.714203924877243,0.9287467835218446
2023-10-20 13:00:00+08:00,14.842459578532237,0.7528719499402164
2023-10-20 14:00:00+08:00,12.914962897470597,0.6334467503764458
2023-10-20 15:00:00+08:00,9.889118850263726,0.5254605174777975
2023-10-20 16:00:00+08:00,5.317604017677328,0.23237484570238148
2023-10-20 17:00:00+08:00,0.3480198515976001,0.0
2023-10-20 18:00:00+08:00,0.0,0.0
2023-10-20 19:00:00+08:00,0.0,0.0
2023-10-20 20:00:00+08:00,0.0,0.0
2023-10-20 21:00:00+08:00,0.0,0.0
2023-10-20 22:00:00+08:00,0.0,0.0
2023-10-20 23:00:00+08:00,0.0,0.09207872032793184
2023-10-21 00:00:00+08:00,0.0,0.16294732502601303
2023-10-21 01:00:00+08:00,0.0,0.18496259999682663
2023-10-21 02:00:00+08:00,0.0,0.17107379500170156
2023-10-21 03:00:00+08:00,0.0,0.14202236138133761
2023-10-21 04:00:00+08:00,0.0,0.11261867679938187
2023-10-21 05:00:00+08:00,0.0,0.08121152712801255
2023-10-21 06:00:00+08:00,0.21346740508323192,0.04706451054504447
2023-10-21 07:00:00+08:00,3.6140979130755473,0.0
2023-10-21 08:00:00+08:00,7.799156612588548,0.07279164838928559
2023-10-21 09:00:00+08:00,11.083905697453305,0.017043803135640415
2023-10-21 10:00:00+08:00,13.362659092662264,0.10794394896092946
2023-10-21 11:00:00+08:00,14.738653659425292,0.20809587674015675
2023-10-21 12:00:00+08:00,14.25868022589338,0.31952859672062506
2023-10-21 13:00:00+08:00,12.920369022910865,0.36805021797565457
2023-10-21 14:00:00+08:00,6.22151628894954,0.3565505973347257
2023-10-21 15:00:00+08:00,4.12930767949668,0.24814330199413046
2023-10-21 16:00:00+08:00,1.6051300581302723,0.0
2023-10-21 17:00:00+08:00,0.10251639403934572,0.0
2023-10-21 18:00:00+08:00,0.0,0.0
2023-10-21 19:00:00+08:00,0.0,0.034218459976613935
2023-10-21 20:00:00+08:00,0.0,0.14715289992696734
2023-10-21 21:00:00+08:00,0.0,0.22927637308807858
2023-10-21 22:00:00+08:00,0.0,0.27100204490759766
2023-10-21 23:00:00+08:00,0.0,0.33778946360092
2023-10-22 00:00:00+08:00,0.0,0.36805021797565457
2023-10-22 01:00:00+08:00,0.0,0.3876258402298792
2023-10-22 02:00:00+08:00,0.0,0.43252453794560025
2023-10-22 03:00:00+08:00,0.0,0.49340681571389705
2023-10-22 04:00:00+08:00,0.0,0.5586139950758757
2023-10-22 05:00:00+08:00,0.0,0.638622655463944
2023-10-22 06:00:00+08:00,0.18060553331658988,0.6755202924424075
2023-10-22 07:00:00+08:00,2.640695220432443,1.2307729270472403
2023-10-22 08:00:00+08:00,6.249653349697318,1.200503555463281
2023-10-22 09:00:00+08:00,9.516114013231132,0.9678623513418942
2023-10-22 10:00:00+08:00,11.784042799558812,1.8184783862269043
2023-10-22 11:00:00+08:00,13.070616013403635,1.8281970929246025
2023-10-22 12:00:00+08:00,10.777025404624132,1.455718034908033
2023-10-22 13:00:00+08:00,9.825161357709495,1.0769044447574165
2023-10-22 14:00:00+08:00,7.829597243497965,0.6971329382274081
2023-10-22 15:00:00+08:00,5.694535116336172,0.35275802474226525
2023-10-22 16:00:00+08:00,1.9668001789647467,0.0
2023-10-22 17:00:00+08:00,0.08041059916480361,0.06663422874901594
2023-10-22 18:00:00+08:00,0.0,0.16027264604026287
2023-10-22 19:00:00+08:00,0.0,0.24814330199413046
2023-10-22 20:00:00+08:00,0.0,0.31236281036620384
2023-10-22 21:00:00+08:00,0.0,0.3916028896047531
2023-10-22 22:00:00+08:00,0.0,0.4755770526678879
2023-10-22 23:00:00+08:00,0.0,0.5208145166746988
2023-10-23 00:00:00+08:00,0.0,0.5254605174777975
2023-10-23 01:00:00+08:00,0.0,0.5070106398650472
2023-10-23 02:00:00+08:00,0.0,0.5070106398650472
2023-10-23 03:00:00+08:00,0.0,0.5254605174777975
2023-10-23 04:00:00+08:00,0.0,0.5348199063812349
2023-10-23 05:00:00+08:00,0.0,0.5490282692230389
2023-10-23 06:00:00+08:00,0.16170902713547877,0.607920656710596
2023-10-23 07:00:00+08:00,2.145244741228627,1.1781009838096783
2023-10-23 08:00:00+08:00,4.972898273511236,1.5156113977796541
2023-10-23 09:00:00+08:00,7.881702823225035,1.2155810215437999
2023-10-23 10:00:00+08:00,9.595869591170157,2.0607929395179383
2023-10-23 11:00:00+08:00,10.473408495512558,2.1674423512181993
2023-10-23 12:00:00+08:00,9.90247389080698,2.266352328224862
2023-10-23 13:00:00+08:00,8.28218705658178,2.4141977418194895
2023-10-23 14:00:00+08:00,6.540842336515014,2.2552241669899376
2023-10-23 15:00:00+08:00,4.315464287491815,1.1268176731916564
2023-10-23 16:00:00+08:00,1.335765360977291,0.2777031509587361
2023-10-23 17:00:00+08:00,0.07642609731102652,0.27100204490759766
2023-10-23 18:00:00+08:00,0.0,0.44521409062014494
2023-10-23 19:00:00+08:00,0.0,0.686278265219552
2023-10-23 20:00:00+08:00,0.0,0.9678623513418942
2023-10-23 21:00:00+08:00,0.0,1.200503555463281
2023-10-23 22:00:00+08:00,0.0,1.3323396545572825
2023-10-23 23:00:00+08:00,0.0,1.3323396545572825
2023-10-24 00:00:00+08:00,0.0,1.2460797046368277
2023-10-24 01:00:00+08:00,0.0,1.200503555463281
2023-10-24 02:00:00+08:00,0.0,1.18554009614246
2023-10-24 03:00:00+08:00,0.0,1.1930076019993596
2023-10-24 04:00:00+08:00,0.0,1.1930076019993596
2023-10-24 05:00:00+08:00,0.0,1.1268176731916564
2023-10-24 06:00:00+08:00,0.15086180446899772,1.035198089548115
2023-10-24 07:00:00+08:00,1.924774558959247,1.4138451133710557
2023-10-24 08:00:00+08:00,4.693950450861788,1.1413294321059346
2023-10-24 09:00:00+08:00,7.543179622394306,0.9612766131368469
2023-10-24 10:00:00+08:00,9.557319840589837,1.5156113977796541
2023-10-24 11:00:00+08:00,10.654333373843702,1.506963802977499
2023-10-24 12:00:00+08:00,9.87482685471772,1.1633077233848566
2023-10-24 13:00:00+08:00,8.950603990823351,0.8843119909211284
2023-10-24 14:00:00+08:00,6.9296974121788235,0.6282944795175941
2023-10-24 15:00:00+08:00,4.918189794144655,0.3565505973347257
2023-10-24 16:00:00+08:00,1.687583701961239,0.0
2023-10-24 17:00:00+08:00,0.06134828448667868,0.0
2023-10-24 18:00:00+08:00,0.0,0.0
2023-10-24 19:00:00+08:00,0.0,0.0
2023-10-24 20:00:00+08:00,0.0,0.02205347540669832
2023-10-24 21:00:00+08:00,0.0,0.16027264604026287
2023-10-24 22:00:00+08:00,0.0,0.2545805375611306
2023-10-24 23:00:00+08:00,0.0,0.2777031509587361
2023-10-25 00:00:00+08:00,0.0,0.2913348909016942
2023-10-25 01:00:00+08:00,0.0,0.29826639011996303
2023-10-25 02:00:00+08:00,0.0,0.29479095967117697
2023-10-25 03:00:00+08:00,0.0,0.28108231384003596
2023-10-25 04:00:00+08:00,0.0,0.2610926238659966
2023-10-25 05:00:00+08:00,0.0,0.24495261803007246
2023-10-25 06:00:00+08:00,0.16326053981944474,0.23862684732632486
2023-10-25 07:00:00+08:00,2.303733891922971,0.29826639011996303
2023-10-25 08:00:00+08:00,5.394546421535385,0.7246955236088202
2023-10-25 09:00:00+08:00,8.538565876382938,0.31952859672062506
2023-10-25 10:00:00+08:00,10.668281251530507,0.36805021797565457
2023-10-25 11:00:00+08:00,11.80757199992995,0.4118007356589392
2023-10-25 12:00:00+08:00,10.354430759625489,0.3415014526677879
2023-10-25 13:00:00+08:00,9.380545606255795,0.33409748520819244
2023-10-25 14:00:00+08:00,6.850425901220255,0.25135259047684894
2023-10-25 15:00:00+08:00,4.113819506292678,0.06260346603756395
2023-10-25 16:00:00+08:00,1.3351026629597065,0.0
2023-10-25 17:00:00+08:00,0.0,0.0
2023-10-25 18:00:00+08:00,0.0,0.0
2023-10-25 19:00:00+08:00,0.0,0.0
2023-10-25 20:00:00+08:00,0.0,0.0
2023-10-25 21:00:00+08:00,0.0,0.0
2023-10-25 22:00:00+08:00,0.0,0.0
2023-10-25 23:00:00+08:00,0.0,0.0
2023-10-26 00:00:00+08:00,0.0,0.0
2023-10-26 01:00:00+08:00,0.0,0.0
2023-10-26 02:00:00+08:00,0.0,0.0
2023-10-26 03:00:00+08:00,0.0,0.0
2023-10-26 04:00:00+08:00,0.0,0.001204994000798528
2023-10-26 05:00:00+08:00,0.0,0.16563904012623423
2023-10-26 06:00:00+08:00,0.15881221661359704,0.24814330199413046
2023-10-26 07:00:00+08:00,2.3540531937913824,0.26767999357195305
2023-10-26 08:00:00+08:00,5.86768750474412,0.7585814910324272
2023-10-26 09:00:00+08:00,9.048749921187111,0.941679159417412
2023-10-26 10:00:00+08:00,11.335586355051525,1.035198089548115
2023-10-26 11:00:00+08:00,12.765076356087372,1.0147136221352275
2023-10-26 12:00:00+08:00,12.351106315709805,1.308464189121137
2023-10-26 13:00:00+08:00,11.683404492909471,1.550508427048749
2023-10-26 14:00:00+08:00,9.900626857902195,1.7991381057254416
2023-10-26 15:00:00+08:00,7.095334822592621,1.9881463413533937
2023-10-26 16:00:00+08:00,3.08007271755919,1.1930076019993596
2023-10-26 17:00:00+08:00,0.0,0.5208145166746988
2023-10-26 18:00:00+08:00,0.0,0.6180606241542194
2023-10-26 19:00:00+08:00,0.0,0.6542927169273525
2023-10-26 20:00:00+08:00,0.0,0.5879206549297022
2023-10-26 21:00:00+08:00,0.0,0.4409628409266438
2023-10-26 22:00:00+08:00,0.0,0.33778946360092
2023-10-26 23:00:00+08:00,0.0,0.23862684732632486
2023-10-27 00:00:00+08:00,0.0,0.17107379500170156
2023-10-27 01:00:00+08:00,0.0,0.15235028494080669
2023-10-27 02:00:00+08:00,0.0,0.15235028494080669
2023-10-27 03:00:00+08:00,0.0,0.14457930188707785
2023-10-27 04:00:00+08:00,0.0,0.13196009304180864
2023-10-27 05:00:00+08:00,0.0,0.13196009304180864
2023-10-27 06:00:00+08:00,0.17550094864549665,0.13948202432684378
2023-10-27 07:00:00+08:00,3.23989934095619,0.08335435484485185
2023-10-27 08:00:00+08:00,7.201453338492778,0.4118007356589392
2023-10-27 09:00:00+08:00,10.485782211777673,0.3415014526677879
2023-10-27 10:00:00+08:00,12.749238344805166,0.8594941759678609
2023-10-27 11:00:00+08:00,13.878204582315991,0.8718512720233423
2023-10-27 12:00:00+08:00,13.557326657539866,0.8290519464118339
2023-10-27 13:00:00+08:00,12.69904031291712,0.8051579756090176
2023-10-27 14:00:00+08:00,10.476559308056697,0.7758595994531804
2023-10-27 15:00:00+08:00,7.182142165247875,0.6916934871531896
2023-10-27 16:00:00+08:00,2.919768617244526,0.07908389670693931
2023-10-27 17:00:00+08:00,0.0,0.11735722246347136
2023-10-27 18:00:00+08:00,0.0,0.17657734332988953
2023-10-27 19:00:00+08:00,0.0,0.23237484570238148
2023-10-27 20:00:00+08:00,0.0,0.28108231384003596
2023-10-27 21:00:00+08:00,0.0,0.30527555238705806
2023-10-27 22:00:00+08:00,0.0,0.31236281036620384
2023-10-27 23:00:00+08:00,0.0,0.3088093923711731
2023-10-28 00:00:00+08:00,0.0,0.29826639011996303
2023-10-28 01:00:00+08:00,0.0,0.2878981297286119
2023-10-28 02:00:00+08:00,0.0,0.2878981297286119
2023-10-28 03:00:00+08:00,0.0,0.31236281036620384
2023-10-28 04:00:00+08:00,0.0,0.3641966398685174
2023-10-28 05:00:00+08:00,0.0,0.3876258402298792
2023-10-28 06:00:00+08:00,0.12796109813082146,0.3996193459417554
2023-10-28 07:00:00+08:00,2.268675752946561,0.6282944795175941
2023-10-28 08:00:00+08:00,5.132430253986632,1.0559278770093843
2023-10-28 09:00:00+08:00,8.089286900482445,0.8230402982230053
2023-10-28 10:00:00+08:00,10.08732029588352,1.524289603504953
2023-10-28 11:00:00+08:00,11.180765643062971,1.585898692393955
2023-10-28 12:00:00+08:00,10.11044925586388,1.550508427048749
2023-10-28 13:00:00+08:00,9.183140042313164,1.430504017620602
2023-10-28 14:00:00+08:00,7.328506156325117,1.1559534671270113
2023-10-28 15:00:00+08:00,4.511949933473688,0.7246955236088202
2023-10-28 16:00:00+08:00,1.3324408050016059,0.03963943272561256
2023-10-28 17:00:00+08:00,0.0,0.0987842161080372
2023-10-28 18:00:00+08:00,0.0,0.17107379500170156
2023-10-28 19:00:00+08:00,0.0,0.21405712867712992
2023-10-28 20:00:00+08:00,0.0,0.2844806220690267
2023-10-28 21:00:00+08:00,0.0,0.4036588610696896
2023-10-28 22:00:00+08:00,0.0,0.5978741445234982
2023-10-28 23:00:00+08:00,0.0,0.607920656710596
2023-10-29 00:00:00+08:00,0.0,0.5586139950758757
2023-10-29 01:00:00+08:00,0.0,0.5490282692230389
2023-10-29 02:00:00+08:00,0.0,0.573163891450644
2023-10-29 03:00:00+08:00,0.0,0.6129789314838905
2023-10-29 04:00:00+08:00,0.0,0.6595636997584692
2023-10-29 05:00:00+08:00,0.0,0.6490455846564944
2023-10-29 06:00:00+08:00,0.11704826264442786,0.686278265219552
2023-10-29 07:00:00+08:00,1.2579286163361818,1.0839517264573684
2023-10-29 08:00:00+08:00,3.7240411762830625,1.3484036468729244
2023-10-29 09:00:00+08:00,6.536946515482929,0.9944730145323387
2023-10-29 10:00:00+08:00,8.529387806169204,1.6950635179442066
2023-10-29 11:00:00+08:00,9.329566311249783,2.3452246797777216
2023-10-29 12:00:00+08:00,7.445958206487476,2.3452246797777216
2023-10-29 13:00:00+08:00,6.772251887080569,2.1674423512181993
2023-10-29 14:00:00+08:00,5.093036182842397,1.8971396612228495
2023-10-29 15:00:00+08:00,3.413420876174402,1.223162642326203
2023-10-29 16:00:00+08:00,0.9736282351263087,0.18779255099732609
2023-10-29 17:00:00+08:00,0.0,0.20809587674015675
2023-10-29 18:00:00+08:00,0.0,0.3565505973347257
2023-10-29 19:00:00+08:00,0.0,0.6028857457514326
2023-10-29 20:00:00+08:00,0.0,0.9678623513418942
2023-10-29 21:00:00+08:00,0.0,1.3323396545572825
2023-10-29 22:00:00+08:00,0.0,1.585898692393955
2023-10-29 23:00:00+08:00,0.0,1.8281970929246025
2023-10-30 00:00:00+08:00,0.0,2.0087351256725094
2023-10-30 01:00:00+08:00,0.0,2.1458403237098365
2023-10-30 02:00:00+08:00,0.0,2.1782946896474047
2023-10-30 03:00:00+08:00,0.0,2.0190796256417736
2023-10-30 04:00:00+08:00,0.0,1.7230641568129506
2023-10-30 05:00:00+08:00,0.0,1.1486273880616713
2023-10-30 06:00:00+08:00,0.10638790458201032,0.6129789314838905
2023-10-30 07:00:00+08:00,1.1909611483249412,0.8968767653244457
2023-10-30 08:00:00+08:00,3.4981195489242216,0.9547175378030198
2023-10-30 09:00:00+08:00,5.758813554442085,1.2307729270472403
2023-10-30 10:00:00+08:00,7.78147343389524,1.1052596060696824
2023-10-30 11:00:00+08:00,9.268072074738038,0.9877800840133821
2023-10-30 12:00:00+08:00,7.923101430294491,0.9031983085479357
2023-10-30 13:00:00+08:00,7.3574268528398035,0.7758595994531804
2023-10-30 14:00:00+08:00,5.3594068686708685,0.6028857457514326
2023-10-30 15:00:00+08:00,4.227117361002763,0.31952859672062506
2023-10-30 16:00:00+08:00,1.1392877957026886,0.0
2023-10-30 17:00:00+08:00,0.0,0.0
2023-10-30 18:00:00+08:00,0.0,0.0
2023-10-30 19:00:00+08:00,0.0,0.0
2023-10-30 20:00:00+08:00,0.0,0.0
2023-10-30 21:00:00+08:00,0.0,0.0
2023-10-30 22:00:00+08:00,0.0,0.04518695946782358
2023-10-30 23:00:00+08:00,0.0,0.16027264604026287
2023-10-31 00:00:00+08:00,0.0,0.2231342138402953
2023-10-31 01:00:00+08:00,0.0,0.2417804845017715
2023-10-31 02:00:00+08:00,0.0,0.3088093923711731
2023-10-31 03:00:00+08:00,0.0,0.5395334026473801
2023-10-31 04:00:00+08:00,0.0,1.0011928783370292
2023-10-31 05:00:00+08:00,0.0,1.2460797046368277
2023-10-31 06:00:00+08:00,0.12185751085190503,1.3163933466387472
2023-10-31 07:00:00+08:00,2.0663415782714534,1.7043652995420446
2023-10-31 08:00:00+08:00,5.374392837543796,1.5681416888802255
2023-10-31 09:00:00+08:00,8.294013091798707,1.6037798702531607
2023-10-31 10:00:00+08:00,10.458054427509234,1.9071194801766296
2023-10-31 11:00:00+08:00,11.594557651071161,1.7418904334035197
2023-10-31 12:00:00+08:00,10.127711292255434,1.4138451133710557
2023-10-31 13:00:00+08:00,8.957841122589203,1.1268176731916564
2023-10-31 14:00:00+08:00,6.776849222998072,0.8411518782631591
2023-10-31 15:00:00+08:00,4.67800881204172,0.4537810568276215
2023-10-31 16:00:00+08:00,1.2124719207761536,0.0
2023-10-31 17:00:00+08:00,0.0,0.0
2023-10-31 18:00:00+08:00,0.0,0.05278304742680161
2023-10-31 19:00:00+08:00,0.0,0.17657734332988953
2023-10-31 20:00:00+08:00,0.0,0.3159358604550535
2023-10-31 21:00:00+08:00,0.0,0.5490282692230389
2023-10-31 22:00:00+08:00,0.0,1.1124177577209524
2023-10-31 23:00:00+08:00,0.0,1.7991381057254416
2023-11-01 00:00:00+08:00,0.0,2.1030453517720265
2023-11-01 01:00:00+08:00,0.0,1.77992697519654
2023-11-01 02:00:00+08:00,0.0,1.0769044447574165
2023-11-01 03:00:00+08:00,0.0,1.1052596060696824
2023-11-01 04:00:00+08:00,0.0,1.1706902109181119
2023-11-01 05:00:00+08:00,0.0,0.9877800840133821
2023-11-01 06:00:00+08:00,0.11155187111921903,0.8170541230815288
2023-11-01 07:00:00+08:00,2.0122868394693567,1.1559534671270113
2023-11-01 08:00:00+08:00,5.2940164325569885,1.062892574116328
2023-11-01 09:00:00+08:00,8.309841594020774,0.7191341155881517
2023-11-01 10:00:00+08:00,10.503964410450362,0.6808872183435921
2023-11-01 11:00:00+08:00,11.657089628018493,0.6595636997584692
2023-11-01 12:00:00+08:00,10.311957137892792,0.7080847441291995
2023-11-01 13:00:00+08:00,9.234477033097686,0.7816689775844811
2023-11-01 14:00:00+08:00,6.996419591842118,0.8051579756090176
2023-11-01 15:00:00+08:00,4.173771126859227,0.49340681571389705
2023-11-01 16:00:00+08:00,1.3892965571330316,0.007383677235796734
2023-11-01 17:00:00+08:00,0.0,0.13196009304180864
2023-11-01 18:00:00+08:00,0.0,0.2610926238659966
2023-11-01 19:00:00+08:00,0.0,0.39560070681441095
2023-11-01 20:00:00+08:00,0.0,0.5978741445234982
2023-11-01 21:00:00+08:00,0.0,0.7816689775844811
2023-11-01 22:00:00+08:00,0.0,0.8905813441431448
2023-11-01 23:00:00+08:00,0.0,1.0769044447574165
2023-11-02 00:00:00+08:00,0.0,1.2537763056711837
2023-11-02 01:00:00+08:00,0.0,1.3890813362517838
2023-11-02 02:00:00+08:00,0.0,1.5156113977796541
2023-11-02 03:00:00+08:00,0.0,1.6127671597695752
2023-11-02 04:00:00+08:00,0.0,1.6950635179442066
2023-11-02 05:00:00+08:00,0.0,1.8281970929246025
2023-11-02 06:00:00+08:00,0.10852808018535777,1.9881463413533937
2023-11-02 07:00:00+08:00,2.3788515409501976,2.5439689556738103
2023-11-02 08:00:00+08:00,6.199242390240301,2.715445145623404
2023-11-02 09:00:00+08:00,9.297256931666011,2.7911328704973504
2023-11-02 10:00:00+08:00,11.512848562939096,3.8851046266682654
2023-11-02 11:00:00+08:00,12.63915538378287,4.241526083165573
2023-11-02 12:00:00+08:00,12.062598809883218,3.7759136700620073
2023-11-02 13:00:00+08:00,10.773632518069194,3.1759959939104045
2023-11-02 14:00:00+08:00,8.12887684221901,2.3338523342353796
2023-11-02 15:00:00+08:00,4.525876710750976,0.8905813441431448
2023-11-02 16:00:00+08:00,1.2543132044112035,0.02375033550472131
2023-11-02 17:00:00+08:00,0.0,0.07072426632224596
2023-11-02 18:00:00+08:00,0.0,0.08121152712801255
2023-11-02 19:00:00+08:00,0.0,0.07697140949872917
2023-11-02 20:00:00+08:00,0.0,0.0987842161080372
2023-11-02 21:00:00+08:00,0.0,0.14715289992696734
2023-11-02 22:00:00+08:00,0.0,0.205142129974502
2023-11-02 23:00:00+08:00,0.0,0.4077193062811163
2023-11-03 00:00:00+08:00,0.0,1.200503555463281
2023-11-03 01:00:00+08:00,0.0,1.4138451133710557
2023-11-03 02:00:00+08:00,0.0,1.4388785478450947
2023-11-03 03:00:00+08:00,0.0,1.6127671597695752
2023-11-03 04:00:00+08:00,0.0,1.119603762067309
2023-11-03 05:00:00+08:00,0.0,0.638622655463944
2023-11-03 06:00:00+08:00,0.07290219632936043,0.6282944795175941
2023-11-03 07:00:00+08:00,0.8518932635946407,0.5301289626856752
2023-11-03 08:00:00+08:00,1.9096642412546763,0.46679348443356694
2023-11-03 09:00:00+08:00,2.9613927411237726,0.42833737649225145
2023-11-03 10:00:00+08:00,3.3453252900990575,0.7358920546470589
2023-11-03 11:00:00+08:00,3.8592920585108867,0.8533543512987277
2023-11-03 12:00:00+08:00,2.8581664985810997,0.6701774334330939
2023-11-03 13:00:00+08:00,3.1258871147229614,0.4844480188735894
2023-11-03 14:00:00+08:00,2.3416005309818853,0.4241714696198141
2023-11-03 15:00:00+08:00,1.4570418996105992,0.16834784542382925
2023-11-03 16:00:00+08:00,0.36640491249434565,0.0
2023-11-03 17:00:00+08:00,0.0,0.0
2023-11-03 18:00:00+08:00,0.0,0.0
2023-11-03 19:00:00+08:00,0.0,0.0
2023-11-03 20:00:00+08:00,0.0,0.0
2023-11-03 21:00:00+08:00,0.0,0.0
2023-11-03 22:00:00+08:00,0.0,0.02546077041141802
2023-11-03 23:00:00+08:00,0.0,0.041474474641010714
2023-11-04 00:00:00+08:00,0.0,0.06461146507701918
2023-11-04 01:00:00+08:00,0.0,0.08768581849744107
2023-11-04 02:00:00+08:00,0.0,0.0987842161080372
2023-11-04 03:00:00+08:00,0.0,0.10333260628488947
2023-11-04 04:00:00+08:00,0.0,0.11027336269340253
2023-11-04 05:00:00+08:00,0.0,0.10333260628488947
2023-11-04 06:00:00+08:00,0.09249057836178705,0.09207872032793184
2023-11-04 07:00:00+08:00,1.7425479794584373,0.028922580982444643
2023-11-04 08:00:00+08:00,4.7223544077986075,0.19350507566302386
2023-11-04 09:00:00+08:00,7.683968377364116,0.03781845236501572
2023-11-04 10:00:00+08:00,9.728595787236646,0.007383677235796734
2023-11-04 11:00:00+08:00,10.963145513995395,0.007383677235796734
2023-11-04 12:00:00+08:00,11.03324060822281,0.0
2023-11-04 13:00:00+08:00,9.280102530271423,0.0
2023-11-04 14:00:00+08:00,6.9882055899296915,0.0
2023-11-04 15:00:00+08:00,3.9946606200533346,0.0
2023-11-04 16:00:00+08:00,0.8204243518694682,0.0
2023-11-04 17:00:00+08:00,0.0,0.0
2023-11-04 18:00:00+08:00,0.0,0.0
2023-11-04 19:00:00+08:00,0.0,0.0
2023-11-04 20:00:00+08:00,0.0,0.05278304742680161
2023-11-04 21:00:00+08:00,0.0,0.09429834576714802
2023-11-04 22:00:00+08:00,0.0,0.10794394896092946
2023-11-04 23:00:00+08:00,0.0,0.12702749792146
2023-11-05 00:00:00+08:00,0.0,0.16294732502601303
2023-11-05 01:00:00+08:00,0.0,0.10794394896092946
2023-11-05 02:00:00+08:00,0.0,0.03963943272561256
2023-11-05 03:00:00+08:00,0.0,0.0
2023-11-05 04:00:00+08:00,0.0,0.0
2023-11-05 05:00:00+08:00,0.0,0.0
2023-11-05 06:00:00+08:00,0.0,0.06461146507701918
2023-11-05 07:00:00+08:00,0.4834273626386033,0.04706451054504447
2023-11-05 08:00:00+08:00,0.8586912306592175,0.060610177547747036
2023-11-05 09:00:00+08:00,1.2282295125340619,0.03243933978300283
2023-11-05 10:00:00+08:00,1.2378714382424272,0.0
2023-11-05 11:00:00+08:00,0.9777491974341571,0.0
2023-11-05 12:00:00+08:00,1.3522623926676889,0.0
2023-11-05 13:00:00+08:00,0.8975236049245919,0.4800015839828644
2023-11-05 14:00:00+08:00,0.7105292378982827,1.8087920751881514
2023-11-05 15:00:00+08:00,0.4247062058615553,3.4749156335103897
2023-11-05 16:00:00+08:00,0.13571776759665674,4.724947662742892
2023-11-05 17:00:00+08:00,0.0,5.397308585343449
2023-11-05 18:00:00+08:00,0.0,5.261989907843638
2023-11-05 19:00:00+08:00,0.0,3.760478941337545
2023-11-05 20:00:00+08:00,0.0,2.4491617707916866
2023-11-05 21:00:00+08:00,0.0,2.0503142057832244
2023-11-05 22:00:00+08:00,0.0,2.4258169217314984
2023-11-05 23:00:00+08:00,0.0,4.444561846435056
2023-11-06 00:00:00+08:00,0.0,4.998028059654361
2023-11-06 01:00:00+08:00,0.0,4.832982426033237
2023-11-06 02:00:00+08:00,0.0,3.3446869504065297
2023-11-06 03:00:00+08:00,0.0,1.8575481278004073
2023-11-06 04:00:00+08:00,0.0,0.9031983085479357
2023-11-06 05:00:00+08:00,0.0,0.35275802474226525
2023-11-06 06:00:00+08:00,0.0,0.5208145166746988
2023-11-06 07:00:00+08:00,2.6883042175291028,1.506963802977499
2023-11-06 08:00:00+08:00,6.85474109573707,2.9995282855175525
2023-11-06 09:00:00+08:00,10.45846802280446,7.536450317978469
2023-11-06 10:00:00+08:00,13.080082824814555,10.0
2023-11-06 11:00:00+08:00,14.530803873444059,10.0
2023-11-06 12:00:00+08:00,14.133426754462041,10.0
2023-11-06 13:00:00+08:00,12.947570570991823,10.0
2023-11-06 14:00:00+08:00,10.8819129308299,9.030914183060956
2023-11-06 15:00:00+08:00,7.708101058428555,5.455989968384632
2023-11-06 16:00:00+08:00,2.7619875071476114,2.0503142057832244
2023-11-06 17:00:00+08:00,0.0,0.20809587674015675
2023-11-06 18:00:00+08:00,0.0,0.11261867679938187
2023-11-06 19:00:00+08:00,0.0,0.01540070144328111
2023-11-06 20:00:00+08:00,0.0,0.0
2023-11-06 21:00:00+08:00,0.0,0.0
2023-11-06 22:00:00+08:00,0.0,0.0
2023-11-06 23:00:00+08:00,0.0,0.0
2023-11-07 00:00:00+08:00,0.0,0.0
2023-11-07 01:00:00+08:00,0.0,0.02546077041141802
2023-11-07 02:00:00+08:00,0.0,0.07697140949872917
2023-11-07 03:00:00+08:00,0.0,0.11027336269340253
2023-11-07 04:00:00+08:00,0.0,0.13445094423998236
2023-11-07 05:00:00+08:00,0.0,0.17107379500170156
2023-11-07 06:00:00+08:00,0.0,0.22619618049501763
2023-11-07 07:00:00+08:00,2.7090330944742727,0.2231342138402953
2023-11-07 08:00:00+08:00,6.899799529006652,0.7302814852674885
2023-11-07 09:00:00+08:00,10.295814380846537,0.6542927169273525
2023-11-07 10:00:00+08:00,12.664101650412016,2.0190796256417736
2023-11-07 11:00:00+08:00,13.891786734196911,3.0128734131156274
2023-11-07 12:00:00+08:00,13.872641168577342,2.946526896275867
2023-11-07 13:00:00+08:00,12.903634762622099,2.496278940178025
2023-11-07 14:00:00+08:00,10.488570443411763,2.0924315189454137
2023-11-07 15:00:00+08:00,7.023769943748654,1.380886415348428
2023-11-07 16:00:00+08:00,2.1236842648759877,0.16027264604026287
2023-11-07 17:00:00+08:00,0.0,0.28108231384003596
2023-11-07 18:00:00+08:00,0.0,0.39560070681441095
2023-11-07 19:00:00+08:00,0.0,0.5879206549297022
2023-11-07 20:00:00+08:00,0.0,0.9547175378030198
2023-11-07 21:00:00+08:00,0.0,1.2926935965547157
2023-11-07 22:00:00+08:00,0.0,1.6037798702531607
2023-11-07 23:00:00+08:00,0.0,1.4812041432808714
2023-11-08 00:00:00+08:00,0.0,2.3338523342353796
2023-11-08 01:00:00+08:00,0.0,3.1073569028089847
2023-11-08 02:00:00+08:00,0.0,3.1759959939104045
2023-11-08 03:00:00+08:00,0.0,2.437471580027931
2023-11-08 04:00:00+08:00,0.0,1.2692562026335379
2023-11-08 05:00:00+08:00,0.0,0.9612766131368469
2023-11-08 06:00:00+08:00,0.0,0.5586139950758757
2023-11-08 07:00:00+08:00,1.2096995424338985,0.5161909061934763
2023-11-08 08:00:00+08:00,3.255280876604159,0.6180606241542194
2023-11-08 09:00:00+08:00,5.267550167573093,0.5348199063812349
2023-11-08 10:00:00+08:00,6.9136293786919305,0.3088093923711731
2023-11-08 11:00:00+08:00,7.850537628809346,0.054718034547095874
2023-11-08 12:00:00+08:00,9.589642115772035,0.0
2023-11-08 13:00:00+08:00,8.80063716105693,0.0
2023-11-08 14:00:00+08:00,6.754513273480668,0.0
2023-11-08 15:00:00+08:00,3.871333087959615,0.0
2023-11-08 16:00:00+08:00,0.7854339875558238,0.0
2023-11-08 17:00:00+08:00,0.0,0.0
2023-11-08 18:00:00+08:00,0.0,0.0
2023-11-08 19:00:00+08:00,0.0,0.0
2023-11-08 20:00:00+08:00,0.0,0.0
2023-11-08 21:00:00+08:00,0.0,0.0
2023-11-08 22:00:00+08:00,0.0,0.0
2023-11-08 23:00:00+08:00,0.0,0.0
2023-11-09 00:00:00+08:00,0.0,0.0
2023-11-09 01:00:00+08:00,0.0,0.0
2023-11-09 02:00:00+08:00,0.0,0.0
2023-11-09 03:00:00+08:00,0.0,0.05086250044163042
2023-11-09 04:00:00+08:00,0.0,0.16027264604026287
2023-11-09 05:00:00+08:00,0.0,0.2743430793422245
2023-11-09 06:00:00+08:00,0.0,0.4241714696198141
2023-11-09 07:00:00+08:00,0.8617482376199317,1.594823732488922
2023-11-09 08:00:00+08:00,2.5593472141693225,3.1073569028089847
2023-11-09 09:00:00+08:00,3.7520968841837656,8.313109911855365
2023-11-09 10:00:00+08:00,4.77719407669844,10.0
2023-11-09 11:00:00+08:00,6.888014522860444,10.0
2023-11-09 12:00:00+08:00,8.288444889011055,9.36259370291802
2023-11-09 13:00:00+08:00,9.615545175898582,8.313109911855365
2023-11-09 14:00:00+08:00,7.517615056546784,7.956162679401929
2023-11-09 15:00:00+08:00,4.53345037019408,6.969051654861249
2023-11-09 16:00:00+08:00,0.9400931487876164,5.223738080041083
2023-11-09 17:00:00+08:00,0.0,3.0262565609945673
2023-11-09 18:00:00+08:00,0.0,1.7703697059645416
2023-11-09 19:00:00+08:00,0.0,1.5156113977796541
2023-11-09 20:00:00+08:00,0.0,1.0698847453380382
2023-11-09 21:00:00+08:00,0.0,0.42833737649225145
2023-11-09 22:00:00+08:00,0.0,0.22619618049501763
2023-11-09 23:00:00+08:00,0.0,0.23862684732632486
2023-11-10 00:00:00+08:00,0.0,0.3017612363309558
2023-11-10 01:00:00+08:00,0.0,0.360363451015842
2023-11-10 02:00:00+08:00,0.0,0.607920656710596
2023-11-10 03:00:00+08:00,0.0,0.7933630713310769
2023-11-10 04:00:00+08:00,0.0,0.7758595994531804
2023-11-10 05:00:00+08:00,0.0,0.6542927169273525
2023-11-10 06:00:00+08:00,0.0,0.5348199063812349
2023-11-10 07:00:00+08:00,1.5898929648922115,0.7933630713310769
2023-11-10 08:00:00+08:00,4.991916397590026,0.9744748065010632
2023-11-10 09:00:00+08:00,7.95724973447266,2.437471580027931
2023-11-10 10:00:00+08:00,10.794126031625623,2.3452246797777216
2023-11-10 11:00:00+08:00,12.042459407165914,2.0398691116142276
2023-11-10 12:00:00+08:00,11.021642803329211,1.7991381057254416
2023-11-10 13:00:00+08:00,8.876139538870488,1.594823732488922
2023-11-10 14:00:00+08:00,6.99623869220728,1.5681416888802255
2023-11-10 15:00:00+08:00,3.842767931935901,1.455718034908033
2023-11-10 16:00:00+08:00,0.8786791103552888,0.6701774334330939
2023-11-10 17:00:00+08:00,0.0,0.08768581849744107
2023-11-10 18:00:00+08:00,0.0,0.22619618049501763
2023-11-10 19:00:00+08:00,0.0,0.6971329382274081
2023-11-10 20:00:00+08:00,0.0,0.638622655463944
2023-11-10 21:00:00+08:00,0.0,0.42833737649225145
2023-11-10 22:00:00+08:00,0.0,0.23862684732632486
2023-11-10 23:00:00+08:00,0.0,0.14974320958390933
2023-11-11 00:00:00+08:00,0.0,0.15497418008056274
2023-11-11 01:00:00+08:00,0.0,0.16834784542382925
2023-11-11 02:00:00+08:00,0.0,0.18496259999682663
2023-11-11 03:00:00+08:00,0.0,0.23237484570238148
2023-11-11 04:00:00+08:00,0.0,0.29479095967117697
2023-11-11 05:00:00+08:00,0.0,0.25135259047684894
2023-11-11 06:00:00+08:00,0.0,0.16834784542382925
2023-11-11 07:00:00+08:00,0.6194006035773946,0.18779255099732609
2023-11-11 08:00:00+08:00,1.8528218470780018,0.4241714696198141
2023-11-11 09:00:00+08:00,2.6613411002735825,0.33409748520819244
2023-11-11 10:00:00+08:00,3.3205355618980956,0.11027336269340253
2023-11-11 11:00:00+08:00,3.4887066862827183,0.06867181113645714
2023-11-11 12:00:00+08:00,3.6972279869695557,0.17935505024601142
2023-11-11 13:00:00+08:00,2.9728925695695847,0.360363451015842
2023-11-11 14:00:00+08:00,2.7626500565810717,0.4800015839828644
2023-11-11 15:00:00+08:00,2.2317279380431474,0.4889164114229659
2023-11-11 16:00:00+08:00,0.7791741701133105,0.2777031509587361
2023-11-11 17:00:00+08:00,0.0,0.0
2023-11-11 18:00:00+08:00,0.0,0.0
2023-11-11 19:00:00+08:00,0.0,0.0
2023-11-11 20:00:00+08:00,0.0,0.0
2023-11-11 21:00:00+08:00,0.0,0.0
2023-11-11 22:00:00+08:00,0.0,0.0
2023-11-11 23:00:00+08:00,0.0,0.03781845236501572
2023-11-12 00:00:00+08:00,0.0,0.03781845236501572
2023-11-12 01:00:00+08:00,0.0,0.0
2023-11-12 02:00:00+08:00,0.0,0.0
2023-11-12 03:00:00+08:00,0.0,0.020370136034445988
2023-11-12 04:00:00+08:00,0.0,0.03601147947631726
2023-11-12 05:00:00+08:00,0.0,0.11975056218738764
2023-11-12 06:00:00+08:00,0.0,0.03963943272561256
2023-11-12 07:00:00+08:00,2.5955848686094356,0.09207872032793184
2023-11-12 08:00:00+08:00,7.172173700959973,0.06260346603756395
2023-11-12 09:00:00+08:00,11.039909482194657,0.4800015839828644
2023-11-12 10:00:00+08:00,13.725483033190109,1.4983467650155857
2023-11-12 11:00:00+08:00,15.205621226348534,2.3112127262313837
2023-11-12 12:00:00+08:00,14.481309070780863,2.986221124117443
2023-11-12 13:00:00+08:00,13.680616785736891,3.148424728223047
2023-11-12 14:00:00+08:00,11.477173232311719,3.0262565609945673
2023-11-12 15:00:00+08:00,7.969825721311115,2.690510691875823
2023-11-12 16:00:00+08:00,2.5924306483709825,1.0769044447574165
2023-11-12 17:00:00+08:00,0.0,0.23549165242082915
2023-11-12 18:00:00+08:00,0.0,0.20809587674015675
2023-11-12 19:00:00+08:00,0.0,0.17107379500170156
2023-11-12 20:00:00+08:00,0.0,0.14457930188707785
2023-11-12 21:00:00+08:00,0.0,0.14715289992696734
2023-11-12 22:00:00+08:00,0.0,0.17657734332988953
2023-11-12 23:00:00+08:00,0.0,0.17107379500170156
2023-11-13 00:00:00+08:00,0.0,0.10563038151905942
2023-11-13 01:00:00+08:00,0.0,0.01870026330506096
2023-11-13 02:00:00+08:00,0.0,0.0
2023-11-13 03:00:00+08:00,0.0,0.0
2023-11-13 04:00:00+08:00,0.0,0.0
2023-11-13 05:00:00+08:00,0.0,0.0
2023-11-13 06:00:00+08:00,0.0,0.0
2023-11-13 07:00:00+08:00,2.3009728021865388,0.0
2023-11-13 08:00:00+08:00,6.957992145268409,0.0
2023-11-13 09:00:00+08:00,10.742852951557254,0.0
2023-11-13 10:00:00+08:00,13.43682735211715,0.034218459976613935
2023-11-13 11:00:00+08:00,14.571091233600733,0.15761494908608034
2023-11-13 12:00:00+08:00,13.340367404230868,0.21405712867712992
2023-11-13 13:00:00+08:00,11.59360994568599,0.2022062305668645
2023-11-13 14:00:00+08:00,9.098916271739858,0.14974320958390933
2023-11-13 15:00:00+08:00,5.854337074654326,0.07279164838928559
2023-11-13 16:00:00+08:00,1.3583508225263061,0.0
2023-11-13 17:00:00+08:00,0.0,0.0
2023-11-13 18:00:00+08:00,0.0,0.0
2023-11-13 19:00:00+08:00,0.0,0.0
2023-11-13 20:00:00+08:00,0.0,0.07908389670693931
2023-11-13 21:00:00+08:00,0.0,0.20809587674015675
2023-11-13 22:00:00+08:00,0.0,0.2844806220690267
2023-11-13 23:00:00+08:00,0.0,0.31236281036620384
2023-11-14 00:00:00+08:00,0.0,0.3088093923711731
2023-11-14 01:00:00+08:00,0.0,0.30527555238705806
2023-11-14 02:00:00+08:00,0.0,0.3088093923711731
2023-11-14 03:00:00+08:00,0.0,0.3231410732458217
2023-11-14 04:00:00+08:00,0.0,0.360363451015842
2023-11-14 05:00:00+08:00,0.0,0.4036588610696896
2023-11-14 06:00:00+08:00,0.0,0.4367330080627634
2023-11-14 07:00:00+08:00,1.3693177822142542,0.7191341155881517
2023-11-14 08:00:00+08:00,4.8502507614043235,0.9811140326972586
2023-11-14 09:00:00+08:00,8.11044396242477,0.7700752617060064
2023-11-14 10:00:00+08:00,10.585597216889493,1.2848520533400993
2023-11-14 11:00:00+08:00,11.888150138967553,1.0769044447574165
2023-11-14 12:00:00+08:00,10.634509505625427,0.8968767653244457
2023-11-14 13:00:00+08:00,9.498469873140408,0.7415272858304355
2023-11-14 14:00:00+08:00,7.161927578260068,0.573163891450644
2023-11-14 15:00:00+08:00,4.358316068507184,0.31236281036620384
2023-11-14 16:00:00+08:00,0.8086282129804715,0.0
2023-11-14 17:00:00+08:00,0.0,0.0
2023-11-14 18:00:00+08:00,0.0,0.0
2023-11-14 19:00:00+08:00,0.0,0.0
2023-11-14 20:00:00+08:00,0.0,0.001204994000798528
2023-11-14 21:00:00+08:00,0.0,0.04895633950867902
2023-11-14 22:00:00+08:00,0.0,0.08768581849744107
2023-11-14 23:00:00+08:00,0.0,0.12216001861642253
2023-11-15 00:00:00+08:00,0.0,0.15235028494080669
2023-11-15 01:00:00+08:00,0.0,0.17107379500170156
2023-11-15 02:00:00+08:00,0.0,0.18779255099732609
2023-11-15 03:00:00+08:00,0.0,0.19638775749402856
2023-11-15 04:00:00+08:00,0.0,0.2022062305668645
2023-11-15 05:00:00+08:00,0.0,0.21405712867712992
2023-11-15 06:00:00+08:00,0.0,0.2417804845017715
2023-11-15 07:00:00+08:00,0.7295909318115292,0.20809587674015675
2023-11-15 08:00:00+08:00,2.1693473225005167,0.4367330080627634
2023-11-15 09:00:00+08:00,3.1291913792071795,0.4494868112261699
2023-11-15 10:00:00+08:00,3.583299109788324,0.4711743708457563
2023-11-15 11:00:00+08:00,4.50028501581295,0.5538097476983584
2023-11-15 12:00:00+08:00,3.5942271313137284,0.6334467503764458
2023-11-15 13:00:00+08:00,3.796122249344288,0.573163891450644
2023-11-15 14:00:00+08:00,2.789513820702837,0.010551006399540454
2023-11-15 15:00:00+08:00,1.520794788387807,0.001204994000798528
2023-11-15 16:00:00+08:00,0.35969469487811223,0.028922580982444643
2023-11-15 17:00:00+08:00,0.0,0.08335435484485185
2023-11-15 18:00:00+08:00,0.0,0.10105056917551636
2023-11-15 19:00:00+08:00,0.0,0.12702749792146
2023-11-15 20:00:00+08:00,0.0,0.16834784542382925
2023-11-15 21:00:00+08:00,0.0,0.12458564583347895
2023-11-15 22:00:00+08:00,0.0,0.03963943272561256
2023-11-15 23:00:00+08:00,0.0,0.0
2023-11-16 00:00:00+08:00,0.0,0.0
2023-11-16 01:00:00+08:00,0.0,0.08121152712801255
2023-11-16 02:00:00+08:00,0.0,0.23862684732632486
2023-11-16 03:00:00+08:00,0.0,0.29826639011996303
2023-11-16 04:00:00+08:00,0.0,0.5490282692230389
2023-11-16 05:00:00+08:00,0.0,0.878068651575496
2023-11-16 06:00:00+08:00,0.0,0.7816689775844811
2023-11-16 07:00:00+08:00,1.5027162794401474,0.9678623513418942
2023-11-16 08:00:00+08:00,5.917902844871505,1.6399164796609016
2023-11-16 09:00:00+08:00,9.734454327272864,3.3446869504065297
2023-11-16 10:00:00+08:00,12.816576129870295,5.242841252081613
2023-11-16 11:00:00+08:00,14.623080052509325,4.291708229821573
2023-11-16 12:00:00+08:00,14.142074069129393,3.1759959939104045
2023-11-16 13:00:00+08:00,13.461167469184437,2.5439689556738103
2023-11-16 14:00:00+08:00,11.186112212219406,2.156624247266645
2023-11-16 15:00:00+08:00,7.054682198005057,1.6857934289275749
2023-11-16 16:00:00+08:00,1.5433105624096155,0.2913348909016942
2023-11-16 17:00:00+08:00,0.0,0.16834784542382925
2023-11-16 18:00:00+08:00,0.0,0.10105056917551636
2023-11-16 19:00:00+08:00,0.0,0.07072426632224596
2023-11-16 20:00:00+08:00,0.0,0.12702749792146
2023-11-16 21:00:00+08:00,0.0,0.24814330199413046
2023-11-16 22:00:00+08:00,0.0,0.33778946360092
2023-11-16 23:00:00+08:00,0.0,0.33778946360092
2023-11-17 00:00:00+08:00,0.0,0.2844806220690267
2023-11-17 01:00:00+08:00,0.0,0.25782719732987885
2023-11-17 02:00:00+08:00,0.0,0.3452335064916994
2023-11-17 03:00:00+08:00,0.0,0.4755770526678879
2023-11-17 04:00:00+08:00,0.0,0.5978741445234982
2023-11-17 05:00:00+08:00,0.0,0.9877800840133821
2023-11-17 06:00:00+08:00,0.0,1.1559534671270113
2023-11-17 07:00:00+08:00,2.7103193353217088,1.18554009614246
2023-11-17 08:00:00+08:00,7.725416522578529,1.667348112306318
2023-11-17 09:00:00+08:00,11.674306969655618,3.916672618893401
2023-11-17 10:00:00+08:00,14.35700888352058,4.15873755254526
2023-11-17 11:00:00+08:00,15.898775463292923,4.142306616746022
2023-11-17 12:00:00+08:00,15.572376272787483,3.9963175807720583
2023-11-17 13:00:00+08:00,14.675435056154912,3.6687261605175303
2023-11-17 14:00:00+08:00,12.450946806030048,3.162191053470324
2023-11-17 15:00:00+08:00,8.799520463931069,2.3225150344142347
2023-11-17 16:00:00+08:00,2.8238828341782605,0.39560070681441095
2023-11-17 17:00:00+08:00,0.0,0.16563904012623423
2023-11-17 18:00:00+08:00,0.0,0.05666751588541606
2023-11-17 19:00:00+08:00,0.0,0.0
2023-11-17 20:00:00+08:00,0.0,0.0
2023-11-17 21:00:00+08:00,0.0,0.0
2023-11-17 22:00:00+08:00,0.0,0.0
2023-11-17 23:00:00+08:00,0.0,0.0
2023-11-18 00:00:00+08:00,0.0,0.008960797786395611
2023-11-18 01:00:00+08:00,0.0,0.0
2023-11-18 02:00:00+08:00,0.0,0.0
2023-11-18 03:00:00+08:00,0.0,0.0
2023-11-18 04:00:00+08:00,0.0,0.0
2023-11-18 05:00:00+08:00,0.0,0.0
2023-11-18 06:00:00+08:00,0.0,0.0
2023-11-18 07:00:00+08:00,2.414713152769606,0.034218459976613935
2023-11-18 08:00:00+08:00,7.168824558116453,0.18496259999682663
2023-11-18 09:00:00+08:00,10.760281616523248,0.264376871252387
2023-11-18 10:00:00+08:00,13.180394313222436,0.6180606241542194
2023-11-18 11:00:00+08:00,14.432313797636311,1.405560631180195
2023-11-18 12:00:00+08:00,13.921982076861921,2.4844460787159384
2023-11-18 13:00:00+08:00,12.896214143389988,3.301987065226156
2023-11-18 14:00:00+08:00,10.620251353422962,3.358998809897199
2023-11-18 15:00:00+08:00,6.9831018141179735,1.9575128926797014
2023-11-18 16:00:00+08:00,1.64023227022631,0.3641966398685174
2023-11-18 17:00:00+08:00,0.0,0.573163891450644
2023-11-18 18:00:00+08:00,0.0,0.9031983085479357
2023-11-18 19:00:00+08:00,0.0,1.4812041432808714
2023-11-18 20:00:00+08:00,0.0,1.9473681208715212
2023-11-18 21:00:00+08:00,0.0,1.88719267059124
2023-11-18 22:00:00+08:00,0.0,1.4641830999122853
2023-11-18 23:00:00+08:00,0.0,0.9612766131368469
2023-11-19 00:00:00+08:00,0.0,0.46679348443356694
2023-11-19 01:00:00+08:00,0.0,0.28108231384003596
2023-11-19 02:00:00+08:00,0.0,0.17657734332988953
2023-11-19 03:00:00+08:00,0.0,0.08987456259899727
2023-11-19 04:00:00+08:00,0.0,0.001204994000798528
2023-11-19 05:00:00+08:00,0.0,0.0
2023-11-19 06:00:00+08:00,0.0,0.0
2023-11-19 07:00:00+08:00,1.3683175000027694,0.0
2023-11-19 08:00:00+08:00,5.526647646237187,0.008960797786395611
2023-11-19 09:00:00+08:00,8.898027493875398,0.0965334929995487
2023-11-19 10:00:00+08:00,11.57251483333496,0.21706474201425452
2023-11-19 11:00:00+08:00,12.997345153872532,0.6648585872327488
2023-11-19 12:00:00+08:00,11.007877959259833,1.0420806888081804
2023-11-19 13:00:00+08:00,10.141666710375029,1.1930076019993596
2023-11-19 14:00:00+08:00,8.53882843080332,1.1268176731916564
2023-11-19 15:00:00+08:00,5.5250536527433,0.5161909061934763
2023-11-19 16:00:00+08:00,1.117026923149585,0.09429834576714802
2023-11-19 17:00:00+08:00,0.0,0.205142129974502
2023-11-19 18:00:00+08:00,0.0,0.205142129974502
2023-11-19 19:00:00+08:00,0.0,0.20809587674015675
2023-11-19 20:00:00+08:00,0.0,0.21706474201425452
2023-11-19 21:00:00+08:00,0.0,0.23237484570238148
2023-11-19 22:00:00+08:00,0.0,0.25782719732987885
2023-11-19 23:00:00+08:00,0.0,0.26767999357195305
2023-11-20 00:00:00+08:00,0.0,0.264376871252387
2023-11-20 01:00:00+08:00,0.0,0.27100204490759766
2023-11-20 02:00:00+08:00,0.0,0.2777031509587361
2023-11-20 03:00:00+08:00,0.0,0.29479095967117697
2023-11-20 04:00:00+08:00,0.0,0.31236281036620384
2023-11-20 05:00:00+08:00,0.0,0.35275802474226525
2023-11-20 06:00:00+08:00,0.0,0.39560070681441095
2023-11-20 07:00:00+08:00,1.581240997444447,0.4367330080627634
2023-11-20 08:00:00+08:00,5.715376696284898,1.2080280106171266
2023-11-20 09:00:00+08:00,9.077764831852502,0.9287467835218446
2023-11-20 10:00:00+08:00,11.38365880186167,1.4641830999122853
2023-11-20 11:00:00+08:00,12.541172452376376,2.496278940178025
2023-11-20 12:00:00+08:00,11.500170169755444,2.7029595576040166
2023-11-20 13:00:00+08:00,10.159618711438553,2.472648966052787
2023-11-20 14:00:00+08:00,7.781586369989823,2.1243748014488544
2023-11-20 15:00:00+08:00,4.642500938273398,1.1706902109181119
2023-11-20 16:00:00+08:00,0.7205070338983289,0.30527555238705806
2023-11-20 17:00:00+08:00,0.0,0.49340681571389705
2023-11-20 18:00:00+08:00,0.0,0.7191341155881517
2023-11-20 19:00:00+08:00,0.0,0.9612766131368469
2023-11-20 20:00:00+08:00,0.0,1.1706902109181119
2023-11-20 21:00:00+08:00,0.0,1.3403569131240132
2023-11-20 22:00:00+08:00,0.0,1.5156113977796541
2023-11-20 23:00:00+08:00,0.0,1.7513514891509339
2023-11-21 00:00:00+08:00,0.0,1.9473681208715212
2023-11-21 01:00:00+08:00,0.0,2.0398691116142276
2023-11-21 02:00:00+08:00,0.0,2.071305366901273
2023-11-21 03:00:00+08:00,0.0,2.0818515420161297
2023-11-21 04:00:00+08:00,0.0,2.0190796256417736
2023-11-21 05:00:00+08:00,0.0,1.8184783862269043
2023-11-21 06:00:00+08:00,0.0,1.6857934289275749
2023-11-21 07:00:00+08:00,0.730742367792993,1.7043652995420446
2023-11-21 08:00:00+08:00,3.8394163441360014,2.1674423512181993
2023-11-21 09:00:00+08:00,5.878456769264901,1.9881463413533937
2023-11-21 10:00:00+08:00,8.286625314892687,2.496278940178025
2023-11-21 11:00:00+08:00,9.638205065658727,2.36807472435761
2023-11-21 12:00:00+08:00,10.771852107861806,2.616585636979133
2023-11-21 13:00:00+08:00,9.784952540832052,2.6657229109613994
2023-11-21 14:00:00+08:00,7.573302993914625,2.135090526464875
2023-11-21 15:00:00+08:00,4.542403807933858,0.6490455846564944
2023-11-21 16:00:00+08:00,0.7326318486497062,0.12458564583347895
2023-11-21 17:00:00+08:00,0.0,0.23549165242082915
2023-11-21 18:00:00+08:00,0.0,0.29479095967117697
2023-11-21 19:00:00+08:00,0.0,0.3876258402298792
2023-11-21 20:00:00+08:00,0.0,0.5634410654384938
2023-11-21 21:00:00+08:00,0.0,0.8051579756090176
2023-11-21 22:00:00+08:00,0.0,1.035198089548115
2023-11-21 23:00:00+08:00,0.0,1.048990599934302
2023-11-22 00:00:00+08:00,0.0,1.0839517264573684
2023-11-22 01:00:00+08:00,0.0,0.8230402982230053
2023-11-22 02:00:00+08:00,0.0,0.6180606241542194
2023-11-22 03:00:00+08:00,0.0,0.6808872183435921
2023-11-22 04:00:00+08:00,0.0,0.5682910128691157
2023-11-22 05:00:00+08:00,0.0,0.205142129974502
2023-11-22 06:00:00+08:00,0.0,0.0
2023-11-22 07:00:00+08:00,0.5094824442790714,0.0
2023-11-22 08:00:00+08:00,1.9457011191610796,0.0
2023-11-22 09:00:00+08:00,3.9027329285389984,0.013770904145080145
2023-11-22 10:00:00+08:00,5.080110740813586,0.16294732502601303
2023-11-22 11:00:00+08:00,6.204637374834527,0.6334467503764458
2023-11-22 12:00:00+08:00,6.032742045739189,1.223162642326203
2023-11-22 13:00:00+08:00,5.37616577021768,1.3005642904540948
2023-11-22 14:00:00+08:00,4.123048757475304,1.1633077233848566
2023-11-22 15:00:00+08:00,2.032540941330031,0.4537810568276215
2023-11-22 16:00:00+08:00,0.34723559037689955,0.17381694294275385
2023-11-22 17:00:00+08:00,0.0,0.2417804845017715
2023-11-22 18:00:00+08:00,0.0,0.08335435484485185
2023-11-22 19:00:00+08:00,0.0,0.0
2023-11-22 20:00:00+08:00,0.0,0.0
2023-11-22 21:00:00+08:00,0.0,0.0
2023-11-22 22:00:00+08:00,0.0,0.0
2023-11-22 23:00:00+08:00,0.0,0.04332363219411342
2023-11-23 00:00:00+08:00,0.0,0.27100204490759766
2023-11-23 01:00:00+08:00,0.0,0.5348199063812349
2023-11-23 02:00:00+08:00,0.0,0.9031983085479357
2023-11-23 03:00:00+08:00,0.0,2.277515210683567
2023-11-23 04:00:00+08:00,0.0,3.316181132153912
2023-11-23 05:00:00+08:00,0.0,3.162191053470324
2023-11-23 06:00:00+08:00,0.0,2.986221124117443
2023-11-23 07:00:00+08:00,1.3437898726276032,3.373350041741312
2023-11-23 08:00:00+08:00,6.4487365758025925,5.51508605912665
2023-11-23 09:00:00+08:00,10.649668008461802,10.0
2023-11-23 10:00:00+08:00,13.787297581409998,10.0
2023-11-23 11:00:00+08:00,15.59134764525462,10.0
2023-11-23 12:00:00+08:00,15.47999810205564,10.0
2023-11-23 13:00:00+08:00,14.80679164458037,10.0
2023-11-23 14:00:00+08:00,12.801156818362136,9.0582539108264
2023-11-23 15:00:00+08:00,9.354860551011766,7.225495087154189
2023-11-23 16:00:00+08:00,3.334452062963976,4.3592146536699214
2023-11-23 17:00:00+08:00,0.0,1.6399164796609016
2023-11-23 18:00:00+08:00,0.0,1.2770396067273408
2023-11-23 19:00:00+08:00,0.0,1.2155810215437999
2023-11-23 20:00:00+08:00,0.0,1.1340595451768967
2023-11-23 21:00:00+08:00,0.0,0.8472402700914611
2023-11-23 22:00:00+08:00,0.0,0.4979192858292851
2023-11-23 23:00:00+08:00,0.0,0.4118007356589392
2023-11-24 00:00:00+08:00,0.0,0.31236281036620384
2023-11-24 01:00:00+08:00,0.0,0.2777031509587361
2023-11-24 02:00:00+08:00,0.0,0.3489856791555575
2023-11-24 03:00:00+08:00,0.0,0.49340681571389705
2023-11-24 04:00:00+08:00,0.0,0.49340681571389705
2023-11-24 05:00:00+08:00,0.0,0.35275802474226525
2023-11-24 06:00:00+08:00,0.0,0.24495261803007246
2023-11-24 07:00:00+08:00,2.5307653183026493,0.36805021797565457
2023-11-24 08:00:00+08:00,7.733939952417524,0.5395334026473801
2023-11-24 09:00:00+08:00,11.562179447306157,0.7246955236088202
2023-11-24 10:00:00+08:00,14.18175900759453,0.4800015839828644
2023-11-24 11:00:00+08:00,15.74936796934562,0.3415014526677879
2023-11-24 12:00:00+08:00,15.519128989021391,0.25135259047684894
2023-11-24 13:00:00+08:00,14.448701065241213,0.21706474201425452
2023-11-24 14:00:00+08:00,12.203988559254547,0.24814330199413046
2023-11-24 15:00:00+08:00,8.708399998692329,0.24495261803007246
2023-11-24 16:00:00+08:00,2.280188259845096,0.005819590664840629
2023-11-24 17:00:00+08:00,0.0,0.09429834576714802
2023-11-24 18:00:00+08:00,0.0,0.13445094423998236
2023-11-24 19:00:00+08:00,0.0,0.14715289992696734
2023-11-24 20:00:00+08:00,0.0,0.15235028494080669
2023-11-24 21:00:00+08:00,0.0,0.16027264604026287
2023-11-24 22:00:00+08:00,0.0,0.15761494908608034
2023-11-24 23:00:00+08:00,0.0,0.15761494908608034
2023-11-25 00:00:00+08:00,0.0,0.16027264604026287
2023-11-25 01:00:00+08:00,0.0,0.16027264604026287
2023-11-25 02:00:00+08:00,0.0,0.22009041904100865
2023-11-25 03:00:00+08:00,0.0,0.17107379500170156
2023-11-25 04:00:00+08:00,0.0,0.10333260628488947
2023-11-25 05:00:00+08:00,0.0,0.08335435484485185
2023-11-25 06:00:00+08:00,0.0,0.06461146507701918
2023-11-25 07:00:00+08:00,0.11771243954213811,0.13695823664069298
2023-11-25 08:00:00+08:00,0.5017579282277573,0.360363451015842
2023-11-25 09:00:00+08:00,1.0841425220469172,0.3489856791555575
2023-11-25 10:00:00+08:00,1.722067587689286,0.5586139950758757
2023-11-25 11:00:00+08:00,2.0878061042673175,0.6595636997584692
2023-11-25 12:00:00+08:00,2.291583496452639,0.7875034501828128
2023-11-25 13:00:00+08:00,1.3940922824380078,0.7933630713310769
2023-11-25 14:00:00+08:00,0.9058413278197319,0.5928857989438889
2023-11-25 15:00:00+08:00,0.5428150887902028,0.18496259999682663
2023-11-25 16:00:00+08:00,0.14422362192855964,0.0
2023-11-25 17:00:00+08:00,0.0,0.0
2023-11-25 18:00:00+08:00,0.0,0.0
2023-11-25 19:00:00+08:00,0.0,0.0
2023-11-25 20:00:00+08:00,0.0,0.0
2023-11-25 21:00:00+08:00,0.0,0.0
2023-11-25 22:00:00+08:00,0.0,0.0
2023-11-25 23:00:00+08:00,0.0,0.0
2023-11-26 00:00:00+08:00,0.0,0.0
2023-11-26 01:00:00+08:00,0.0,0.0
2023-11-26 02:00:00+08:00,0.0,0.0
2023-11-26 03:00:00+08:00,0.0,0.0
2023-11-26 04:00:00+08:00,0.0,0.0
2023-11-26 05:00:00+08:00,0.0,0.0
2023-11-26 06:00:00+08:00,0.0,0.0
2023-11-26 07:00:00+08:00,0.4294004089441398,0.0
2023-11-26 08:00:00+08:00,1.6936198045565252,0.0
2023-11-26 09:00:00+08:00,3.2395358208361564,0.0
2023-11-26 10:00:00+08:00,4.577469994352182,0.0
2023-11-26 11:00:00+08:00,2.8290768419627987,0.14974320958390933
2023-11-26 12:00:00+08:00,2.32418091143739,0.4077193062811163
2023-11-26 13:00:00+08:00,2.11080771033705,0.5254605174777975
2023-11-26 14:00:00+08:00,1.470371185502899,0.5395334026473801
2023-11-26 15:00:00+08:00,0.877650577403286,0.4409628409266438
2023-11-26 16:00:00+08:00,0.12988745295525705,0.020370136034445988
2023-11-26 17:00:00+08:00,0.0,0.012154357158134217
2023-11-26 18:00:00+08:00,0.0,0.0
2023-11-26 19:00:00+08:00,0.0,0.07487401142047889
2023-11-26 20:00:00+08:00,0.0,0.17107379500170156
2023-11-26 21:00:00+08:00,0.0,0.22619618049501763
2023-11-26 22:00:00+08:00,0.0,0.24814330199413046
2023-11-26 23:00:00+08:00,0.0,0.24814330199413046
2023-11-27 00:00:00+08:00,0.0,0.24814330199413046
2023-11-27 01:00:00+08:00,0.0,0.264376871252387
2023-11-27 02:00:00+08:00,0.0,0.19928812443434096
2023-11-27 03:00:00+08:00,0.0,0.11497994536177038
2023-11-27 04:00:00+08:00,0.0,0.04332363219411342
2023-11-27 05:00:00+08:00,0.0,0.0
2023-11-27 06:00:00+08:00,0.0,0.0
2023-11-27 07:00:00+08:00,0.6524500277001355,0.0
2023-11-27 08:00:00+08:00,4.135370508728925,0.0
2023-11-27 09:00:00+08:00,7.243516684014979,0.0
2023-11-27 10:00:00+08:00,10.097768539048412,0.0
2023-11-27 11:00:00+08:00,11.784981642619426,0.0
2023-11-27 12:00:00+08:00,7.969989702904167,0.3267733441135463
2023-11-27 13:00:00+08:00,7.522073932187303,0.9159199774530945
2023-11-27 14:00:00+08:00,5.551589589825736,1.6399164796609016
2023-11-27 15:00:00+08:00,2.6930072431168277,0.9744748065010632
2023-11-27 16:00:00+08:00,0.4301044902931526,0.24495261803007246
2023-11-27 17:00:00+08:00,0.0,0.3452335064916994
2023-11-27 18:00:00+08:00,0.0,0.5634410654384938
2023-11-27 19:00:00+08:00,0.0,1.3484036468729244
2023-11-27 20:00:00+08:00,0.0,1.6399164796609016
2023-11-27 21:00:00+08:00,0.0,1.77992697519654
2023-11-27 22:00:00+08:00,0.0,1.4138451133710557
2023-11-27 23:00:00+08:00,0.0,2.1136930945788737
2023-11-28 00:00:00+08:00,0.0,2.156624247266645
2023-11-28 01:00:00+08:00,0.0,0.941679159417412
2023-11-28 02:00:00+08:00,0.0,0.4409628409266438
2023-11-28 03:00:00+08:00,0.0,0.30527555238705806
2023-11-28 04:00:00+08:00,0.0,0.2610926238659966
2023-11-28 05:00:00+08:00,0.0,0.2231342138402953
2023-11-28 06:00:00+08:00,0.0,0.15497418008056274
2023-11-28 07:00:00+08:00,1.7318020100580083,0.060610177547747036
2023-11-28 08:00:00+08:00,6.5095755971047105,0.16834784542382925
2023-11-28 09:00:00+08:00,10.074257557303122,0.2777031509587361
2023-11-28 10:00:00+08:00,12.724157931097233,0.03601147947631726
2023-11-28 11:00:00+08:00,14.056546499762504,0.0
2023-11-28 12:00:00+08:00,13.436175824376619,0.0
2023-11-28 13:00:00+08:00,9.939320662692067,0.0
2023-11-28 14:00:00+08:00,7.152914739221125,0.0
2023-11-28 15:00:00+08:00,3.2006209604051796,0.0
2023-11-28 16:00:00+08:00,0.5595052392665151,0.0
2023-11-28 17:00:00+08:00,0.0,0.0
2023-11-28 18:00:00+08:00,0.0,0.0
2023-11-28 19:00:00+08:00,0.0,0.0
2023-11-28 20:00:00+08:00,0.0,0.06867181113645714
2023-11-28 21:00:00+08:00,0.0,0.11497994536177038
2023-11-28 22:00:00+08:00,0.0,0.060610177547747036
2023-11-28 23:00:00+08:00,0.0,0.0
2023-11-29 00:00:00+08:00,0.0,0.0
2023-11-29 01:00:00+08:00,0.0,0.012154357158134217
2023-11-29 02:00:00+08:00,0.0,0.3304254634067023
2023-11-29 03:00:00+08:00,0.0,1.667348112306318
2023-11-29 04:00:00+08:00,0.0,3.4166405122233443
2023-11-29 05:00:00+08:00,0.0,3.578431671096224
2023-11-29 06:00:00+08:00,0.0,3.431149774310264
2023-11-29 07:00:00+08:00,0.6643485134587641,3.3446869504065297
2023-11-29 08:00:00+08:00,4.544409909289836,5.281184101410058
2023-11-29 09:00:00+08:00,8.606983969438412,7.856061138860738
2023-11-29 10:00:00+08:00,12.171492872976899,6.923076626249839
2023-11-29 11:00:00+08:00,14.563000513655847,6.108021524324524
2023-11-29 12:00:00+08:00,15.066680620938032,5.534877165694389
2023-11-29 13:00:00+08:00,14.50982381330702,5.016589645503429
2023-11-29 14:00:00+08:00,12.599099025053079,4.376198208572853
2023-11-29 15:00:00+08:00,9.114964166307395,3.593379978190366
2023-11-29 16:00:00+08:00,2.65342801570498,1.5329984742362994
2023-11-29 17:00:00+08:00,0.0,0.2743430793422245
2023-11-29 18:00:00+08:00,0.0,0.23862684732632486
2023-11-29 19:00:00+08:00,0.0,0.17935505024601142
2023-11-29 20:00:00+08:00,0.0,0.11975056218738764
2023-11-29 21:00:00+08:00,0.0,0.06663422874901594
2023-11-29 22:00:00+08:00,0.0,0.03781845236501572
2023-11-29 23:00:00+08:00,0.0,0.03601147947631726
2023-11-30 00:00:00+08:00,0.0,0.04706451054504447
2023-11-30 01:00:00+08:00,0.0,0.05666751588541606
2023-11-30 02:00:00+08:00,0.0,0.07072426632224596
2023-11-30 03:00:00+08:00,0.0,0.08551243394036041
2023-11-30 04:00:00+08:00,0.0,0.10794394896092946
2023-11-30 05:00:00+08:00,0.0,0.058631545524665506
2023-11-30 06:00:00+08:00,0.0,0.0
2023-11-30 07:00:00+08:00,1.950007284462512,0.0
2023-11-30 08:00:00+08:00,7.363456041325435,0.012154357158134217
2023-11-30 09:00:00+08:00,10.924481496715128,0.14202236138133761
2023-11-30 10:00:00+08:00,13.720182195104593,0.4537810568276215
2023-11-30 11:00:00+08:00,15.34131696069083,0.9351997481998242
2023-11-30 12:00:00+08:00,14.938484164187768,1.2460797046368277
2023-11-30 13:00:00+08:00,14.079355493252997,1.2384119297898142
2023-11-30 14:00:00+08:00,11.671442438312836,1.048990599934302
2023-11-30 15:00:00+08:00,8.462704436735443,0.6648585872327488
2023-11-30 16:00:00+08:00,2.0518322538198284,0.020370136034445988
2023-11-30 17:00:00+08:00,0.0,0.0
2023-11-30 18:00:00+08:00,0.0,0.0
2023-11-30 19:00:00+08:00,0.0,0.0
2023-11-30 20:00:00+08:00,0.0,0.0
2023-11-30 21:00:00+08:00,0.0,0.0
2023-11-30 22:00:00+08:00,0.0,0.0
2023-11-30 23:00:00+08:00,0.0,0.04518695946782358
2023-12-01 00:00:00+08:00,0.0,0.08335435484485185
2023-12-01 01:00:00+08:00,0.0,0.06867181113645714
2023-12-01 02:00:00+08:00,0.0,0.0306740648125807
2023-12-01 03:00:00+08:00,0.0,0.0
2023-12-01 04:00:00+08:00,0.0,0.0
2023-12-01 05:00:00+08:00,0.0,0.0
2023-12-01 06:00:00+08:00,0.0,0.0
2023-12-01 07:00:00+08:00,1.8689081883868786,0.07487401142047889
2023-12-01 08:00:00+08:00,7.275422255144283,0.3267733441135463
2023-12-01 09:00:00+08:00,11.215006493218317,0.0987842161080372
2023-12-01 10:00:00+08:00,13.982147001837133,0.0
2023-12-01 11:00:00+08:00,15.50353987865919,0.13948202432684378
2023-12-01 12:00:00+08:00,15.4006080778846,0.3641966398685174
2023-12-01 13:00:00+08:00,14.6032367478597,0.49340681571389705
2023-12-01 14:00:00+08:00,12.45977175090042,0.4494868112261699
2023-12-01 15:00:00+08:00,8.863305032314805,0.23549165242082915
2023-12-01 16:00:00+08:00,2.4745313003579827,0.0
2023-12-01 17:00:00+08:00,0.0,0.0
2023-12-01 18:00:00+08:00,0.0,0.0
2023-12-01 19:00:00+08:00,0.0,0.0
2023-12-01 20:00:00+08:00,0.0,0.0
2023-12-01 21:00:00+08:00,0.0,0.06867181113645714
2023-12-01 22:00:00+08:00,0.0,0.13948202432684378
2023-12-01 23:00:00+08:00,0.0,0.17657734332988953
2023-12-02 00:00:00+08:00,0.0,0.19928812443434096
2023-12-02 01:00:00+08:00,0.0,0.22619618049501763
2023-12-02 02:00:00+08:00,0.0,0.2844806220690267
2023-12-02 03:00:00+08:00,0.0,0.36805021797565457
2023-12-02 04:00:00+08:00,0.0,0.3876258402298792
2023-12-02 05:00:00+08:00,0.0,0.29479095967117697
2023-12-02 06:00:00+08:00,0.0,0.23862684732632486
2023-12-02 07:00:00+08:00,1.122080788925366,0.22927637308807858
2023-12-02 08:00:00+08:00,5.9127477606569645,0.5586139950758757
2023-12-02 09:00:00+08:00,9.742417020664432,0.22009041904100865
2023-12-02 10:00:00+08:00,12.443993336692142,0.07279164838928559
2023-12-02 11:00:00+08:00,13.98010050587519,0.0
2023-12-02 12:00:00+08:00,12.918727916109441,0.0
2023-12-02 13:00:00+08:00,12.205198700057359,0.0
2023-12-02 14:00:00+08:00,10.14540956886618,0.0
2023-12-02 15:00:00+08:00,6.762547567341559,0.0
2023-12-02 16:00:00+08:00,1.393267209130135,0.11261867679938187
2023-12-02 17:00:00+08:00,0.0,0.31236281036620384
2023-12-02 18:00:00+08:00,0.0,0.33409748520819244
2023-12-02 19:00:00+08:00,0.0,0.29479095967117697
2023-12-02 20:00:00+08:00,0.0,0.24495261803007246
2023-12-02 21:00:00+08:00,0.0,0.18215011777402285
2023-12-02 22:00:00+08:00,0.0,0.13445094423998236
2023-12-02 23:00:00+08:00,0.0,0.0987842161080372
2023-12-03 00:00:00+08:00,0.0,0.07697140949872917
2023-12-03 01:00:00+08:00,0.0,0.060610177547747036
2023-12-03 02:00:00+08:00,0.0,0.03781845236501572
2023-12-03 03:00:00+08:00,0.0,0.01870026330506096
2023-12-03 04:00:00+08:00,0.0,0.012154357158134217
2023-12-03 05:00:00+08:00,0.0,0.01870026330506096
2023-12-03 06:00:00+08:00,0.0,0.03243933978300283
2023-12-03 07:00:00+08:00,1.2442328618783036,0.05278304742680161
2023-12-03 08:00:00+08:00,6.189722117485757,0.06663422874901594
2023-12-03 09:00:00+08:00,9.855575194201126,0.23237484570238148
2023-12-03 10:00:00+08:00,12.527756867969021,0.2878981297286119
2023-12-03 11:00:00+08:00,13.775600328041408,0.5395334026473801
2023-12-03 12:00:00+08:00,12.763561939744534,0.8843119909211284
2023-12-03 13:00:00+08:00,12.08765240841621,1.0910266445207935
2023-12-03 14:00:00+08:00,9.553021322810475,1.0283427480712037
2023-12-03 15:00:00+08:00,5.918710466436539,0.18215011777402285
2023-12-03 16:00:00+08:00,0.9690828865146616,0.28108231384003596
2023-12-03 17:00:00+08:00,0.0,0.46679348443356694
2023-12-03 18:00:00+08:00,0.0,0.5682910128691157
2023-12-03 19:00:00+08:00,0.0,0.7302814852674885
2023-12-03 20:00:00+08:00,0.0,1.0147136221352275
2023-12-03 21:00:00+08:00,0.0,1.380886415348428
2023-12-03 22:00:00+08:00,0.0,2.135090526464875
2023-12-03 23:00:00+08:00,0.0,2.641081370216912
2023-12-04 00:00:00+08:00,0.0,2.653383887609365
2023-12-04 01:00:00+08:00,0.0,2.5081476045219535
2023-12-04 02:00:00+08:00,0.0,2.3910656008171247
2023-12-04 03:00:00+08:00,0.0,2.3112127262313837
2023-12-04 04:00:00+08:00,0.0,2.135090526464875
2023-12-04 05:00:00+08:00,0.0,1.77992697519654
2023-12-04 06:00:00+08:00,0.0,1.4812041432808714
2023-12-04 07:00:00+08:00,0.4500549423122535,1.455718034908033
2023-12-04 08:00:00+08:00,3.28254581422615,1.7608445619769741
2023-12-04 09:00:00+08:00,6.5458516506482765,1.1930076019993596
2023-12-04 10:00:00+08:00,8.686147211698609,1.308464189121137
2023-12-04 11:00:00+08:00,10.05478954306402,1.2155810215437999
2023-12-04 12:00:00+08:00,9.322762785531896,0.9547175378030198
2023-12-04 13:00:00+08:00,8.624148525139145,0.6180606241542194
2023-12-04 14:00:00+08:00,6.522882227101032,0.2022062305668645
2023-12-04 15:00:00+08:00,3.463970588248647,0.0
2023-12-04 16:00:00+08:00,0.4088867370525861,0.0
2023-12-04 17:00:00+08:00,0.0,0.0
2023-12-04 18:00:00+08:00,0.0,0.0
2023-12-04 19:00:00+08:00,0.0,0.0
2023-12-04 20:00:00+08:00,0.0,0.0
2023-12-04 21:00:00+08:00,0.0,0.0
2023-12-04 22:00:00+08:00,0.0,0.0
2023-12-04 23:00:00+08:00,0.0,0.0
2023-12-05 00:00:00+08:00,0.0,0.0
2023-12-05 01:00:00+08:00,0.0,0.0
2023-12-05 02:00:00+08:00,0.0,0.0
2023-12-05 03:00:00+08:00,0.0,0.0
2023-12-05 04:00:00+08:00,0.0,0.0
2023-12-05 05:00:00+08:00,0.0,0.0
2023-12-05 06:00:00+08:00,0.0,0.0
2023-12-05 07:00:00+08:00,0.5250385846554791,0.027184834209691398
2023-12-05 08:00:00+08:00,3.9576602703737,0.06260346603756395
2023-12-05 09:00:00+08:00,6.779118125109304,0.5442695055670139
2023-12-05 10:00:00+08:00,9.5311972208095,0.6282944795175941
2023-12-05 11:00:00+08:00,10.838278569480403,0.9159199774530945
2023-12-05 12:00:00+08:00,9.04711139317636,2.1136930945788737
2023-12-05 13:00:00+08:00,7.293003432700076,2.7531227842577537
2023-12-05 14:00:00+08:00,6.914087575162461,1.6950635179442066
2023-12-05 15:00:00+08:00,3.4386105711097072,0.3452335064916994
2023-12-05 16:00:00+08:00,0.38198136406378624,0.4367330080627634
2023-12-05 17:00:00+08:00,0.0,0.5780597552659826
2023-12-05 18:00:00+08:00,0.0,0.5634410654384938
2023-12-05 19:00:00+08:00,0.0,0.4889164114229659
2023-12-05 20:00:00+08:00,0.0,0.39560070681441095
2023-12-05 21:00:00+08:00,0.0,0.2777031509587361
2023-12-05 22:00:00+08:00,0.0,0.23549165242082915
2023-12-05 23:00:00+08:00,0.0,0.5682910128691157
2023-12-06 00:00:00+08:00,0.0,1.200503555463281
2023-12-06 01:00:00+08:00,0.0,0.9159199774530945
2023-12-06 02:00:00+08:00,0.0,1.0283427480712037
2023-12-06 03:00:00+08:00,0.0,1.2307729270472403
2023-12-06 04:00:00+08:00,0.0,0.8411518782631591
2023-12-06 05:00:00+08:00,0.0,0.37973382865286937
2023-12-06 06:00:00+08:00,0.0,0.3017612363309558
2023-12-06 07:00:00+08:00,1.0891859691332362,0.2844806220690267
2023-12-06 08:00:00+08:00,5.901783261144813,0.5442695055670139
2023-12-06 09:00:00+08:00,8.826536896601727,0.23549165242082915
2023-12-06 10:00:00+08:00,10.8987206413008,0.13196009304180864
2023-12-06 11:00:00+08:00,11.731691855738397,0.3489856791555575
2023-12-06 12:00:00+08:00,12.193838794570683,0.3996193459417554
2023-12-06 13:00:00+08:00,11.132787394292118,0.5301289626856752
2023-12-06 14:00:00+08:00,10.019092179046373,0.8290519464118339
2023-12-06 15:00:00+08:00,6.3776075524148785,0.3415014526677879
2023-12-06 16:00:00+08:00,1.0488687982837035,0.14715289992696734
2023-12-06 17:00:00+08:00,0.0,0.2022062305668645
2023-12-06 18:00:00+08:00,0.0,0.22009041904100865
2023-12-06 19:00:00+08:00,0.0,0.3452335064916994
2023-12-06 20:00:00+08:00,0.0,0.4979192858292851
2023-12-06 21:00:00+08:00,0.0,0.607920656710596
2023-12-06 22:00:00+08:00,0.0,0.6542927169273525
2023-12-06 23:00:00+08:00,0.0,0.6490455846564944
2023-12-07 00:00:00+08:00,0.0,0.4755770526678879
2023-12-07 01:00:00+08:00,0.0,0.31952859672062506
2023-12-07 02:00:00+08:00,0.0,0.2417804845017715
2023-12-07 03:00:00+08:00,0.0,0.20809587674015675
2023-12-07 04:00:00+08:00,0.0,0.2022062305668645
2023-12-07 05:00:00+08:00,0.0,0.23862684732632486
2023-12-07 06:00:00+08:00,0.0,0.3088093923711731
2023-12-07 07:00:00+08:00,0.47342119753751,0.4367330080627634
2023-12-07 08:00:00+08:00,4.1753275875067555,1.506963802977499
2023-12-07 09:00:00+08:00,7.374147431879976,1.77992697519654
2023-12-07 10:00:00+08:00,9.93729047992641,1.8673969579629226
2023-12-07 11:00:00+08:00,11.436780291730036,2.8941295048958016
2023-12-07 12:00:00+08:00,11.291897126712268,3.2316029892567895
2023-12-07 13:00:00+08:00,10.326801351868044,3.8537016954633385
2023-12-07 14:00:00+08:00,7.901971572912005,4.0123712883222975
2023-12-07 15:00:00+08:00,4.653307500627714,2.3910656008171247
2023-12-07 16:00:00+08:00,0.5821317878796636,1.6765549784092462
2023-12-07 17:00:00+08:00,0.0,1.88719267059124
2023-12-07 18:00:00+08:00,0.0,3.0801704369770584
2023-12-07 19:00:00+08:00,0.0,3.729731927581198
2023-12-07 20:00:00+08:00,0.0,3.316181132153912
2023-12-07 21:00:00+08:00,0.0,2.0190796256417736
2023-12-07 22:00:00+08:00,0.0,1.3484036468729244
2023-12-07 23:00:00+08:00,0.0,1.062892574116328
2023-12-08 00:00:00+08:00,0.0,0.7643159102600569
2023-12-08 01:00:00+08:00,0.0,0.5490282692230389
2023-12-08 02:00:00+08:00,0.0,0.43252453794560025
2023-12-08 03:00:00+08:00,0.0,0.36805021797565457
2023-12-08 04:00:00+08:00,0.0,0.29826639011996303
2023-12-08 05:00:00+08:00,0.0,0.2610926238659966
2023-12-08 06:00:00+08:00,0.0,0.28108231384003596
2023-12-08 07:00:00+08:00,0.5127872977582048,0.28108231384003596
2023-12-08 08:00:00+08:00,4.288179126926362,0.5490282692230389
2023-12-08 09:00:00+08:00,7.531122855549884,1.0283427480712037
2023-12-08 10:00:00+08:00,10.08377766393617,1.0698847453380382
2023-12-08 11:00:00+08:00,11.447376013194164,1.4221595574902233
2023-12-08 12:00:00+08:00,11.212505659187212,1.8673969579629226
2023-12-08 13:00:00+08:00,10.143043235632009,1.732461340651826
2023-12-08 14:00:00+08:00,7.876323325594038,1.4138451133710557
2023-12-08 15:00:00+08:00,4.6563582580108305,0.30527555238705806
2023-12-08 16:00:00+08:00,0.5788490402302269,0.21706474201425452
2023-12-08 17:00:00+08:00,0.0,0.28108231384003596
2023-12-08 18:00:00+08:00,0.0,0.2545805375611306
2023-12-08 19:00:00+08:00,0.0,0.2417804845017715
2023-12-08 20:00:00+08:00,0.0,0.24495261803007246
2023-12-08 21:00:00+08:00,0.0,0.24495261803007246
2023-12-08 22:00:00+08:00,0.0,0.21405712867712992
2023-12-08 23:00:00+08:00,0.0,0.07697140949872917
2023-12-09 00:00:00+08:00,0.0,0.0
2023-12-09 01:00:00+08:00,0.0,0.0
2023-12-09 02:00:00+08:00,0.0,0.013770904145080145
2023-12-09 03:00:00+08:00,0.0,0.4409628409266438
2023-12-09 04:00:00+08:00,0.0,0.9031983085479357
2023-12-09 05:00:00+08:00,0.0,1.1930076019993596
2023-12-09 06:00:00+08:00,0.0,1.7418904334035197
2023-12-09 07:00:00+08:00,0.4649745683889471,2.135090526464875
2023-12-09 08:00:00+08:00,3.709162866433988,2.8294768645805752
2023-12-09 09:00:00+08:00,7.020745722867757,3.9803055170571917
2023-12-09 10:00:00+08:00,9.731777366536937,6.651395381082556
2023-12-09 11:00:00+08:00,10.800628624165572,6.629076115127332
2023-12-09 12:00:00+08:00,9.163725935191298,6.002959490898815
2023-12-09 13:00:00+08:00,8.155690795894854,5.242841252081613
2023-12-09 14:00:00+08:00,6.399166932943399,4.707096077245486
2023-12-09 15:00:00+08:00,3.6706703213331657,3.9484061048019674
2023-12-09 16:00:00+08:00,0.522458578558516,2.5319925581869436
2023-12-09 17:00:00+08:00,0.0,2.437471580027931
2023-12-09 18:00:00+08:00,0.0,2.842332650071562
2023-12-09 19:00:00+08:00,0.0,3.1759959939104045
2023-12-09 20:00:00+08:00,0.0,3.259639584242266
2023-12-09 21:00:00+08:00,0.0,2.9071724172314513
2023-12-09 22:00:00+08:00,0.0,2.3112127262313837
2023-12-09 23:00:00+08:00,0.0,2.379552531560962
2023-12-10 00:00:00+08:00,0.0,2.7784258129898403
2023-12-10 01:00:00+08:00,0.0,2.8552257527656733
2023-12-10 02:00:00+08:00,0.0,2.7911328704973504
2023-12-10 03:00:00+08:00,0.0,2.6288153047011353
2023-12-10 04:00:00+08:00,0.0,3.445698679165141
2023-12-10 05:00:00+08:00,0.0,3.6991478115289342
2023-12-10 06:00:00+08:00,0.0,3.760478941337545
2023-12-10 07:00:00+08:00,0.3128033874507954,4.028466693790814
2023-12-10 08:00:00+08:00,1.3401606935965047,3.8693825554797256
2023-12-10 09:00:00+08:00,2.3142800932716554,6.4304060590019105
2023-12-10 10:00:00+08:00,2.828264901009662,7.6338646953971105
2023-12-10 11:00:00+08:00,2.732262262627809,7.24911012538436
2023-12-10 12:00:00+08:00,1.7168801313300301,6.1716320231526245
2023-12-10 13:00:00+08:00,2.6790077434321637,6.002959490898815
2023-12-10 14:00:00+08:00,2.2155609337193742,6.877300839053376
2023-12-10 15:00:00+08:00,1.4875249296374782,7.061601166981836
2023-12-10 16:00:00+08:00,0.2994877419734186,7.061601166981836
2023-12-10 17:00:00+08:00,0.0,7.367944910909001
2023-12-10 18:00:00+08:00,0.0,7.658346736646593
2023-12-10 19:00:00+08:00,0.0,7.038388721882215
2023-12-10 20:00:00+08:00,0.0,4.410294035688056
2023-12-10 21:00:00+08:00,0.0,3.287832154320232
2023-12-10 22:00:00+08:00,0.0,4.125917811528285
2023-12-10 23:00:00+08:00,0.0,3.4749156335103897
2023-12-11 00:00:00+08:00,0.0,3.6233973595012308
2023-12-11 01:00:00+08:00,0.0,4.671524598119686
2023-12-11 02:00:00+08:00,0.0,5.574598317807882
2023-12-11 03:00:00+08:00,0.0,5.377840029209696
2023-12-11 04:00:00+08:00,0.0,5.261989907843638
2023-12-11 05:00:00+08:00,0.0,5.053847375464431
2023-12-11 06:00:00+08:00,0.0,4.308520774584958
2023-12-11 07:00:00+08:00,0.15332647157402987,3.9963175807720583
2023-12-11 08:00:00+08:00,0.8618304224607645,4.291708229821573
2023-12-11 09:00:00+08:00,1.6753098477824195,5.035196066079151
2023-12-11 10:00:00+08:00,2.628642227524737,4.851142933073046
2023-12-11 11:00:00+08:00,3.327220042143053,4.39322465121793
2023-12-11 12:00:00+08:00,2.8241005573128715,4.191726032219853
2023-12-11 13:00:00+08:00,2.442082985946749,4.093266376505701
2023-12-11 14:00:00+08:00,0.8540285623215347,3.7759136700620073
2023-12-11 15:00:00+08:00,0.6592521846084631,2.9995282855175525
2023-12-11 16:00:00+08:00,0.12705788643367347,1.6399164796609016
2023-12-11 17:00:00+08:00,0.0,0.6490455846564944
2023-12-11 18:00:00+08:00,0.0,0.5395334026473801
2023-12-11 19:00:00+08:00,0.0,0.4036588610696896
2023-12-11 20:00:00+08:00,0.0,0.17107379500170156
2023-12-11 21:00:00+08:00,0.0,0.2417804845017715
2023-12-11 22:00:00+08:00,0.0,0.264376871252387
2023-12-11 23:00:00+08:00,0.0,0.31236281036620384
2023-12-12 00:00:00+08:00,0.0,0.25135259047684894
2023-12-12 01:00:00+08:00,0.0,0.17935505024601142
2023-12-12 02:00:00+08:00,0.0,0.19638775749402856
2023-12-12 03:00:00+08:00,0.0,0.21106752494673162
2023-12-12 04:00:00+08:00,0.0,0.020370136034445988
2023-12-12 05:00:00+08:00,0.0,0.005819590664840629
2023-12-12 06:00:00+08:00,0.0,0.04332363219411342
2023-12-12 07:00:00+08:00,0.4405228983841343,0.08121152712801255
2023-12-12 08:00:00+08:00,2.799190548726378,0.17657734332988953
2023-12-12 09:00:00+08:00,5.477142606023723,0.15761494908608034
2023-12-12 10:00:00+08:00,7.504883418382766,0.02546077041141802
2023-12-12 11:00:00+08:00,8.38293462884883,0.0
2023-12-12 12:00:00+08:00,7.235283264264599,0.0
2023-12-12 13:00:00+08:00,9.845953828268064,0.0
2023-12-12 14:00:00+08:00,7.741928874092527,0.0
2023-12-12 15:00:00+08:00,4.687429235636283,0.0
2023-12-12 16:00:00+08:00,0.723572985426898,0.0
2023-12-12 17:00:00+08:00,0.0,0.0
2023-12-12 18:00:00+08:00,0.0,0.0
2023-12-12 19:00:00+08:00,0.0,0.0
2023-12-12 20:00:00+08:00,0.0,0.002730303130244606
2023-12-12 21:00:00+08:00,0.0,0.034218459976613935
2023-12-12 22:00:00+08:00,0.0,0.05086250044163042
2023-12-12 23:00:00+08:00,0.0,0.05278304742680161
2023-12-13 00:00:00+08:00,0.0,0.05086250044163042
2023-12-13 01:00:00+08:00,0.0,0.04706451054504447
2023-12-13 02:00:00+08:00,0.0,0.06663422874901594
2023-12-13 03:00:00+08:00,0.0,0.12948562896326898
2023-12-13 04:00:00+08:00,0.0,0.15235028494080669
2023-12-13 05:00:00+08:00,0.0,0.13196009304180864
2023-12-13 06:00:00+08:00,0.0,0.12702749792146
2023-12-13 07:00:00+08:00,0.19058102984507239,0.11261867679938187
2023-12-13 08:00:00+08:00,1.2112295094210253,0.10105056917551636
2023-12-13 09:00:00+08:00,2.121460913575811,0.11261867679938187
2023-12-13 10:00:00+08:00,1.6246174061342404,0.0987842161080372
2023-12-13 11:00:00+08:00,1.3233654886348845,0.054718034547095874
2023-12-13 12:00:00+08:00,1.1158450504832935,0.02546077041141802
2023-12-13 13:00:00+08:00,0.6884488312989772,0.0
2023-12-13 14:00:00+08:00,1.2112655947659883,0.0
2023-12-13 15:00:00+08:00,0.6682963517328191,0.0
2023-12-13 16:00:00+08:00,0.13110594562883995,0.0
2023-12-13 17:00:00+08:00,0.0,0.03963943272561256
2023-12-13 18:00:00+08:00,0.0,0.08987456259899727
2023-12-13 19:00:00+08:00,0.0,0.08551243394036041
2023-12-13 20:00:00+08:00,0.0,0.11735722246347136
2023-12-13 21:00:00+08:00,0.0,0.16563904012623423
2023-12-13 22:00:00+08:00,0.0,0.18779255099732609
2023-12-13 23:00:00+08:00,0.0,0.3267733441135463
2023-12-14 00:00:00+08:00,0.0,0.5879206549297022
2023-12-14 01:00:00+08:00,0.0,0.9678623513418942
2023-12-14 02:00:00+08:00,0.0,1.2770396067273408
2023-12-14 03:00:00+08:00,0.0,1.789516423755872
2023-12-14 04:00:00+08:00,0.0,2.653383887609365
2023-12-14 05:00:00+08:00,0.0,3.1073569028089847
2023-12-14 06:00:00+08:00,0.0,3.6233973595012308
2023-12-14 07:00:00+08:00,0.11642402585554974,2.93337105883858
2023-12-14 08:00:00+08:00,0.5178451876130266,2.868156226745816
2023-12-14 09:00:00+08:00,0.9594614421812114,3.9643350430947955
2023-12-14 10:00:00+08:00,1.4184625851463957,4.760782796021217
2023-12-14 11:00:00+08:00,1.6145562532737843,4.325375990758878
2023-12-14 12:00:00+08:00,1.5311213992905504,3.8380619925361907
2023-12-14 13:00:00+08:00,1.148947660105735,4.191726032219853
2023-12-14 14:00:00+08:00,0.8140081724528722,4.410294035688056
2023-12-14 15:00:00+08:00,0.5485409301707687,4.461760380877743
2023-12-14 16:00:00+08:00,0.13722044358420418,5.016589645503429
2023-12-14 17:00:00+08:00,0.0,5.574598317807882
2023-12-14 18:00:00+08:00,0.0,6.38679337159713
2023-12-14 19:00:00+08:00,0.0,6.214278789908356
2023-12-14 20:00:00+08:00,0.0,5.775996919490526
2023-12-14 21:00:00+08:00,0.0,5.0725436277421725
2023-12-14 22:00:00+08:00,0.0,5.416823057861923
2023-12-14 23:00:00+08:00,0.0,4.979511254449046
2023-12-15 00:00:00+08:00,0.0,4.274938302385815
2023-12-15 01:00:00+08:00,0.0,3.9643350430947955
2023-12-15 02:00:00+08:00,0.0,4.109571082809145
2023-12-15 03:00:00+08:00,0.0,3.806905841618028
2023-12-15 04:00:00+08:00,0.0,2.9071724172314513
2023-12-15 05:00:00+08:00,0.0,3.0396777832372774
2023-12-15 06:00:00+08:00,0.0,3.1073569028089847
2023-12-15 07:00:00+08:00,0.16702440181420775,3.2037219367005765
2023-12-15 08:00:00+08:00,0.9292668455190224,3.0396777832372774
2023-12-15 09:00:00+08:00,1.6095661429357566,4.461760380877743
2023-12-15 10:00:00+08:00,2.3843584731241303,5.594528471519446
2023-12-15 11:00:00+08:00,2.6704668806669183,5.053847375464431
2023-12-15 12:00:00+08:00,1.1400465952901244,6.741164599321492
2023-12-15 13:00:00+08:00,1.2676660596785354,7.956162679401929
2023-12-15 14:00:00+08:00,0.965114999778545,8.814148537407053
2023-12-15 15:00:00+08:00,0.6045160169042522,8.082463068868037
2023-12-15 16:00:00+08:00,0.16997400060890244,5.715086888179132
2023-12-15 17:00:00+08:00,0.0,2.653383887609365
2023-12-15 18:00:00+08:00,0.0,1.0981292530305977
2023-12-15 19:00:00+08:00,0.0,0.573163891450644
2023-12-15 20:00:00+08:00,0.0,0.6595636997584692
2023-12-15 21:00:00+08:00,0.0,0.9159199774530945
2023-12-15 22:00:00+08:00,0.0,1.2848520533400993
2023-12-15 23:00:00+08:00,0.0,1.5681416888802255
2023-12-16 00:00:00+08:00,0.0,1.4641830999122853
2023-12-16 01:00:00+08:00,0.0,1.0981292530305977
2023-12-16 02:00:00+08:00,0.0,0.941679159417412
2023-12-16 03:00:00+08:00,0.0,1.0147136221352275
2023-12-16 04:00:00+08:00,0.0,1.2692562026335379
2023-12-16 05:00:00+08:00,0.0,1.3005642904540948
2023-12-16 06:00:00+08:00,0.0,1.1930076019993596
2023-12-16 07:00:00+08:00,1.0963162632802022,1.2384119297898142
2023-12-16 08:00:00+08:00,5.913417967132592,1.4388785478450947
2023-12-16 09:00:00+08:00,9.536507328632368,3.373350041741312
2023-12-16 10:00:00+08:00,12.344287244564226,3.8380619925361907
2023-12-16 11:00:00+08:00,14.04156894852199,3.4166405122233443
2023-12-16 12:00:00+08:00,14.908285563757348,3.0128734131156274
2023-12-16 13:00:00+08:00,13.16974404555176,2.641081370216912
2023-12-16 14:00:00+08:00,10.902997629443758,2.244130672895887
2023-12-16 15:00:00+08:00,8.044580732729044,1.7043652995420446
2023-12-16 16:00:00+08:00,2.783866683776181,1.0910266445207935
2023-12-16 17:00:00+08:00,0.0,0.7758595994531804
2023-12-16 18:00:00+08:00,0.0,0.4537810568276215
2023-12-16 19:00:00+08:00,0.0,0.2777031509587361
2023-12-16 20:00:00+08:00,0.0,0.10333260628488947
2023-12-16 21:00:00+08:00,0.0,0.02546077041141802
2023-12-16 22:00:00+08:00,0.0,0.058631545524665506
2023-12-16 23:00:00+08:00,0.0,0.054718034547095874
2023-12-17 00:00:00+08:00,0.0,0.0
2023-12-17 01:00:00+08:00,0.0,0.0
2023-12-17 02:00:00+08:00,0.0,0.0
2023-12-17 03:00:00+08:00,0.0,0.0
2023-12-17 04:00:00+08:00,0.0,0.0
2023-12-17 05:00:00+08:00,0.0,0.0
2023-12-17 06:00:00+08:00,0.0,0.0
2023-12-17 07:00:00+08:00,1.0827883156676057,0.0
2023-12-17 08:00:00+08:00,6.612833756721136,0.0
2023-12-17 09:00:00+08:00,10.880378595228596,0.0
2023-12-17 10:00:00+08:00,13.536566036037966,0.0
2023-12-17 11:00:00+08:00,15.3855438055364,0.0
2023-12-17 12:00:00+08:00,15.247853190393966,0.0
2023-12-17 13:00:00+08:00,13.791098626558279,0.0
2023-12-17 14:00:00+08:00,11.646609963234354,0.0
2023-12-17 15:00:00+08:00,8.54550982616942,0.0
2023-12-17 16:00:00+08:00,2.2773231613037583,0.0
2023-12-17 17:00:00+08:00,0.0,0.0
2023-12-17 18:00:00+08:00,0.0,0.0
2023-12-17 19:00:00+08:00,0.0,0.0
2023-12-17 20:00:00+08:00,0.0,0.05086250044163042
2023-12-17 21:00:00+08:00,0.0,0.07908389670693931
2023-12-17 22:00:00+08:00,0.0,0.05278304742680161
2023-12-17 23:00:00+08:00,0.0,0.017043803135640415
2023-12-18 00:00:00+08:00,0.0,0.012154357158134217
2023-12-18 01:00:00+08:00,0.0,0.07697140949872917
2023-12-18 02:00:00+08:00,0.0,0.13948202432684378
2023-12-18 03:00:00+08:00,0.0,0.18215011777402285
2023-12-18 04:00:00+08:00,0.0,0.3231410732458217
2023-12-18 05:00:00+08:00,0.0,0.4159032032860611
2023-12-18 06:00:00+08:00,0.0,0.49340681571389705
2023-12-18 07:00:00+08:00,0.30451965167918765,0.6028857457514326
2023-12-18 08:00:00+08:00,1.947861221408309,0.46679348443356694
2023-12-18 09:00:00+08:00,3.4628581673355807,0.3996193459417554
2023-12-18 10:00:00+08:00,4.797341029935793,0.7358920546470589
2023-12-18 11:00:00+08:00,5.4732666063261535,1.0147136221352275
2023-12-18 12:00:00+08:00,5.4968377275216564,0.8843119909211284
2023-12-18 13:00:00+08:00,4.915008621364474,0.7358920546470589
2023-12-18 14:00:00+08:00,3.4728378512569233,0.5301289626856752
2023-12-18 15:00:00+08:00,1.8544782541645837,0.28108231384003596
2023-12-18 16:00:00+08:00,0.45783562026818786,0.16027264604026287
2023-12-18 17:00:00+08:00,0.0,0.08987456259899727
2023-12-18 18:00:00+08:00,0.0,0.11261867679938187
2023-12-18 19:00:00+08:00,0.0,0.12458564583347895
2023-12-18 20:00:00+08:00,0.0,0.13948202432684378
2023-12-18 21:00:00+08:00,0.0,0.15497418008056274
2023-12-18 22:00:00+08:00,0.0,0.17935505024601142
2023-12-18 23:00:00+08:00,0.0,0.18496259999682663
2023-12-19 00:00:00+08:00,0.0,0.16834784542382925
2023-12-19 01:00:00+08:00,0.0,0.14715289992696734
2023-12-19 02:00:00+08:00,0.0,0.13695823664069298
2023-12-19 03:00:00+08:00,0.0,0.11261867679938187
2023-12-19 04:00:00+08:00,0.0,0.07908389670693931
2023-12-19 05:00:00+08:00,0.0,0.04518695946782358
2023-12-19 06:00:00+08:00,0.0,0.0
2023-12-19 07:00:00+08:00,0.33374497465964703,0.0
2023-12-19 08:00:00+08:00,3.0391913390751775,0.0965334929995487
2023-12-19 09:00:00+08:00,5.097138378157701,0.5301289626856752
2023-12-19 10:00:00+08:00,7.866364826341799,2.520052125830624
2023-12-19 11:00:00+08:00,9.137029133589273,4.742843217640498
2023-12-19 12:00:00+08:00,8.027469899486116,4.5484015070991175
2023-12-19 13:00:00+08:00,7.787130141939294,4.258210938194782
2023-12-19 14:00:00+08:00,8.21975550068335,4.224883683215284
2023-12-19 15:00:00+08:00,5.652804507704459,4.109571082809145
2023-12-19 16:00:00+08:00,1.397998480924196,2.4491617707916866
2023-12-19 17:00:00+08:00,0.0,1.3243518170898272
2023-12-19 18:00:00+08:00,0.0,0.941679159417412
2023-12-19 19:00:00+08:00,0.0,0.7415272858304355
2023-12-19 20:00:00+08:00,0.0,0.638622655463944
2023-12-19 21:00:00+08:00,0.0,0.5634410654384938
2023-12-19 22:00:00+08:00,0.0,0.5301289626856752
2023-12-19 23:00:00+08:00,0.0,0.6971329382274081
2023-12-20 00:00:00+08:00,0.0,0.8905813441431448
2023-12-20 01:00:00+08:00,0.0,0.8533543512987277
2023-12-20 02:00:00+08:00,0.0,0.8290519464118339
2023-12-20 03:00:00+08:00,0.0,0.8472402700914611
2023-12-20 04:00:00+08:00,0.0,0.8290519464118339
2023-12-20 05:00:00+08:00,0.0,0.7415272858304355
2023-12-20 06:00:00+08:00,0.0,0.5634410654384938
2023-12-20 07:00:00+08:00,0.9409537851830706,0.4409628409266438
2023-12-20 08:00:00+08:00,6.380094013012056,0.37973382865286937
2023-12-20 09:00:00+08:00,10.195608109414009,0.9351997481998242
2023-12-20 10:00:00+08:00,13.30039903234705,1.8184783862269043
2023-12-20 11:00:00+08:00,14.856995752076427,2.2220474697988015
2023-12-20 12:00:00+08:00,15.068912066507176,2.3338523342353796
2023-12-20 13:00:00+08:00,11.975498320613584,2.211057652629961
2023-12-20 14:00:00+08:00,11.717379203849152,1.937256447800026
2023-12-20 15:00:00+08:00,8.838423519577917,1.4138451133710557
2023-12-20 16:00:00+08:00,2.405901949042039,0.9547175378030198
2023-12-20 17:00:00+08:00,0.0,0.638622655463944
2023-12-20 18:00:00+08:00,0.0,0.3719242394201571
2023-12-20 19:00:00+08:00,0.0,0.13948202432684378
2023-12-20 20:00:00+08:00,0.0,0.041474474641010714
2023-12-20 21:00:00+08:00,0.0,0.13445094423998236
2023-12-20 22:00:00+08:00,0.0,0.36805021797565457
2023-12-20 23:00:00+08:00,0.0,0.9744748065010632
2023-12-21 00:00:00+08:00,0.0,1.3645857562488983
2023-12-21 01:00:00+08:00,0.0,0.9877800840133821
2023-12-21 02:00:00+08:00,0.0,0.7758595994531804
2023-12-21 03:00:00+08:00,0.0,0.7992478951121773
2023-12-21 04:00:00+08:00,0.0,0.9287467835218446
2023-12-21 05:00:00+08:00,0.0,0.9811140326972586
2023-12-21 06:00:00+08:00,0.0,0.9877800840133821
2023-12-21 07:00:00+08:00,0.9879288418080151,0.948185071257509
2023-12-21 08:00:00+08:00,6.117945598867747,1.3403569131240132
2023-12-21 09:00:00+08:00,10.326014026982174,2.2330717918598095
2023-12-21 10:00:00+08:00,12.355673700328026,2.379552531560962
2023-12-21 11:00:00+08:00,13.530834143984718,2.437471580027931
2023-12-21 12:00:00+08:00,13.41152072052051,2.496278940178025
2023-12-21 13:00:00+08:00,12.490936433896515,2.437471580027931
2023-12-21 14:00:00+08:00,10.357660639828243,2.1136930945788737
2023-12-21 15:00:00+08:00,8.097038532782497,1.3890813362517838
2023-12-21 16:00:00+08:00,2.8819753963203723,0.6808872183435921
2023-12-21 17:00:00+08:00,0.0,0.13948202432684378
2023-12-21 18:00:00+08:00,0.0,0.005819590664840629
2023-12-21 19:00:00+08:00,0.0,0.0
2023-12-21 20:00:00+08:00,0.0,0.0
2023-12-21 21:00:00+08:00,0.0,0.0
2023-12-21 22:00:00+08:00,0.0,0.02205347540669832
2023-12-21 23:00:00+08:00,0.0,0.12216001861642253
2023-12-22 00:00:00+08:00,0.0,0.18496259999682663
2023-12-22 01:00:00+08:00,0.0,0.08551243394036041
2023-12-22 02:00:00+08:00,0.0,0.0
2023-12-22 03:00:00+08:00,0.0,0.0
2023-12-22 04:00:00+08:00,0.0,0.0
2023-12-22 05:00:00+08:00,0.0,0.0
2023-12-22 06:00:00+08:00,0.0,0.0
2023-12-22 07:00:00+08:00,0.8890797777232547,0.0
2023-12-22 08:00:00+08:00,6.122164250150406,0.0
2023-12-22 09:00:00+08:00,9.873756711695867,0.0
2023-12-22 10:00:00+08:00,12.663654191802523,0.0
2023-12-22 11:00:00+08:00,14.441185744734046,0.0
2023-12-22 12:00:00+08:00,14.54624060502965,0.004268483990624318
2023-12-22 13:00:00+08:00,10.342972042199372,0.010551006399540454
2023-12-22 14:00:00+08:00,5.95150864946047,0.0
2023-12-22 15:00:00+08:00,4.004654192871423,0.0
2023-12-22 16:00:00+08:00,1.0303178276626626,0.0
2023-12-22 17:00:00+08:00,0.0,0.0
2023-12-22 18:00:00+08:00,0.0,0.0
2023-12-22 19:00:00+08:00,0.0,0.0
2023-12-22 20:00:00+08:00,0.0,0.0
2023-12-22 21:00:00+08:00,0.0,0.0
2023-12-22 22:00:00+08:00,0.0,0.0
2023-12-22 23:00:00+08:00,0.0,0.0
2023-12-23 00:00:00+08:00,0.0,0.03963943272561256
2023-12-23 01:00:00+08:00,0.0,0.07487401142047889
2023-12-23 02:00:00+08:00,0.0,0.0987842161080372
2023-12-23 03:00:00+08:00,0.0,0.12216001861642253
2023-12-23 04:00:00+08:00,0.0,0.14974320958390933
2023-12-23 05:00:00+08:00,0.0,0.14715289992696734
2023-12-23 06:00:00+08:00,0.0,0.08987456259899727
2023-12-23 07:00:00+08:00,0.41479658383717577,0.020370136034445988
2023-12-23 08:00:00+08:00,4.258112935041873,0.0
2023-12-23 09:00:00+08:00,8.157253377086807,0.0
2023-12-23 10:00:00+08:00,11.053969190491095,0.0
2023-12-23 11:00:00+08:00,12.97063661497479,0.17657734332988953
2023-12-23 12:00:00+08:00,10.454854367528084,0.33778946360092
2023-12-23 13:00:00+08:00,9.937603832566385,0.5208145166746988
2023-12-23 14:00:00+08:00,7.921355615297118,0.6028857457514326
2023-12-23 15:00:00+08:00,4.790419741709429,0.5161909061934763
2023-12-23 16:00:00+08:00,0.8425706193698134,0.4537810568276215
2023-12-23 17:00:00+08:00,0.0,0.31952859672062506
2023-12-23 18:00:00+08:00,0.0,0.29826639011996303
2023-12-23 19:00:00+08:00,0.0,0.19928812443434096
2023-12-23 20:00:00+08:00,0.0,0.07697140949872917
2023-12-23 21:00:00+08:00,0.0,0.0
2023-12-23 22:00:00+08:00,0.0,0.0
2023-12-23 23:00:00+08:00,0.0,0.0
2023-12-24 00:00:00+08:00,0.0,0.0
2023-12-24 01:00:00+08:00,0.0,0.0
2023-12-24 02:00:00+08:00,0.0,0.0
2023-12-24 03:00:00+08:00,0.0,0.0
2023-12-24 04:00:00+08:00,0.0,0.001204994000798528
2023-12-24 05:00:00+08:00,0.0,0.0
2023-12-24 06:00:00+08:00,0.0,0.0
2023-12-24 07:00:00+08:00,0.6891132794558451,0.0
2023-12-24 08:00:00+08:00,5.42344906675428,0.0
2023-12-24 09:00:00+08:00,9.738829257944236,0.0
2023-12-24 10:00:00+08:00,12.347652574375546,0.0
2023-12-24 11:00:00+08:00,14.187034964391826,0.13445094423998236
2023-12-24 12:00:00+08:00,13.690077343342008,0.3489856791555575
2023-12-24 13:00:00+08:00,12.675539249046034,0.5024538758520344
2023-12-24 14:00:00+08:00,10.908962938207791,0.4800015839828644
2023-12-24 15:00:00+08:00,7.592091227688856,0.31236281036620384
2023-12-24 16:00:00+08:00,2.305938135374062,0.07279164838928559
2023-12-24 17:00:00+08:00,0.0,0.08121152712801255
2023-12-24 18:00:00+08:00,0.0,0.05086250044163042
2023-12-24 19:00:00+08:00,0.0,0.01870026330506096
2023-12-24 20:00:00+08:00,0.0,0.0
2023-12-24 21:00:00+08:00,0.0,0.0
2023-12-24 22:00:00+08:00,0.0,0.0
2023-12-24 23:00:00+08:00,0.0,0.0
2023-12-25 00:00:00+08:00,0.0,0.004268483990624318
2023-12-25 01:00:00+08:00,0.0,0.001204994000798528
2023-12-25 02:00:00+08:00,0.0,0.0
2023-12-25 03:00:00+08:00,0.0,0.0
2023-12-25 04:00:00+08:00,0.0,0.0
2023-12-25 05:00:00+08:00,0.0,0.0
2023-12-25 06:00:00+08:00,0.0,0.0
2023-12-25 07:00:00+08:00,0.6319047083822844,0.0
2023-12-25 08:00:00+08:00,5.275915042478842,0.0
2023-12-25 09:00:00+08:00,9.17626364581038,0.12948562896326898
2023-12-25 10:00:00+08:00,12.053378601205406,0.2743430793422245
2023-12-25 11:00:00+08:00,13.666829139977832,0.5024538758520344
2023-12-25 12:00:00+08:00,12.514862706000367,0.607920656710596
2023-12-25 13:00:00+08:00,11.84695214000464,0.70259667252511
2023-12-25 14:00:00+08:00,10.328065551465775,0.7471872329005199
2023-12-25 15:00:00+08:00,7.474278382444823,0.3489856791555575
2023-12-25 16:00:00+08:00,2.0515311296823304,0.23549165242082915
2023-12-25 17:00:00+08:00,0.0,0.43252453794560025
2023-12-25 18:00:00+08:00,0.0,0.6180606241542194
2023-12-25 19:00:00+08:00,0.0,0.9944730145323387
2023-12-25 20:00:00+08:00,0.0,1.6127671597695752
2023-12-25 21:00:00+08:00,0.0,2.1243748014488544
2023-12-25 22:00:00+08:00,0.0,2.288712868448954
2023-12-25 23:00:00+08:00,0.0,2.2552241669899376
2023-12-26 00:00:00+08:00,0.0,2.071305366901273
2023-12-26 01:00:00+08:00,0.0,1.8575481278004073
2023-12-26 02:00:00+08:00,0.0,1.550508427048749
2023-12-26 03:00:00+08:00,0.0,1.1486273880616713
2023-12-26 04:00:00+08:00,0.0,0.8051579756090176
2023-12-26 05:00:00+08:00,0.0,0.44521409062014494
2023-12-26 06:00:00+08:00,0.0,0.24814330199413046
2023-12-26 07:00:00+08:00,0.18297200865158614,0.12948562896326898
2023-12-26 08:00:00+08:00,1.9449748307972339,0.041474474641010714
2023-12-26 09:00:00+08:00,4.692979809529064,0.0
2023-12-26 10:00:00+08:00,6.530861929639007,0.0
2023-12-26 11:00:00+08:00,7.79220704022511,0.0
2023-12-26 12:00:00+08:00,6.470075212689377,0.0
2023-12-26 13:00:00+08:00,6.379156723638255,0.0
2023-12-26 14:00:00+08:00,4.648614816273791,0.0
2023-12-26 15:00:00+08:00,2.320676021162784,0.03243933978300283
2023-12-26 16:00:00+08:00,0.4626890218783027,0.2743430793422245
2023-12-26 17:00:00+08:00,0.0,0.5115896319512271
2023-12-26 18:00:00+08:00,0.0,0.6808872183435921
2023-12-26 19:00:00+08:00,0.0,0.8472402700914611
2023-12-26 20:00:00+08:00,0.0,0.8472402700914611
2023-12-26 21:00:00+08:00,0.0,0.8170541230815288
2023-12-26 22:00:00+08:00,0.0,0.7992478951121773
2023-12-26 23:00:00+08:00,0.0,0.7643159102600569
2023-12-27 00:00:00+08:00,0.0,0.6438222488629927
2023-12-27 01:00:00+08:00,0.0,0.5115896319512271
2023-12-27 02:00:00+08:00,0.0,0.4118007356589392
2023-12-27 03:00:00+08:00,0.0,0.3452335064916994
2023-12-27 04:00:00+08:00,0.0,0.2610926238659966
2023-12-27 05:00:00+08:00,0.0,0.16027264604026287
2023-12-27 06:00:00+08:00,0.0,0.06663422874901594
2023-12-27 07:00:00+08:00,0.18112686586306304,0.02205347540669832
2023-12-27 08:00:00+08:00,1.6073357297359843,0.0
2023-12-27 09:00:00+08:00,4.0006308305773715,0.0
2023-12-27 10:00:00+08:00,6.109730289972513,0.0
2023-12-27 11:00:00+08:00,6.051087399554365,0.0
2023-12-27 12:00:00+08:00,4.601359073307161,0.0
2023-12-27 13:00:00+08:00,4.285267204648218,0.0
2023-12-27 14:00:00+08:00,3.1199690640984525,0.0
2023-12-27 15:00:00+08:00,1.5853333728408767,0.0
2023-12-27 16:00:00+08:00,0.3534139742791032,0.0
2023-12-27 17:00:00+08:00,0.0,0.0
2023-12-27 18:00:00+08:00,0.0,0.0
2023-12-27 19:00:00+08:00,0.0,0.0
2023-12-27 20:00:00+08:00,0.0,0.0
2023-12-27 21:00:00+08:00,0.0,0.0
2023-12-27 22:00:00+08:00,0.0,0.0
2023-12-27 23:00:00+08:00,0.0,0.0
2023-12-28 00:00:00+08:00,0.0,0.0
2023-12-28 01:00:00+08:00,0.0,0.0
2023-12-28 02:00:00+08:00,0.0,0.0
2023-12-28 03:00:00+08:00,0.0,0.0
2023-12-28 04:00:00+08:00,0.0,0.0
2023-12-28 05:00:00+08:00,0.0,0.0
2023-12-28 06:00:00+08:00,0.0,0.0
2023-12-28 07:00:00+08:00,0.16090930245578158,0.0
2023-12-28 08:00:00+08:00,1.1740429707974502,0.0
2023-12-28 09:00:00+08:00,2.8622628781930812,0.0
2023-12-28 10:00:00+08:00,4.446010735628204,0.0
2023-12-28 11:00:00+08:00,5.287863665118708,0.0
2023-12-28 12:00:00+08:00,3.771546300226557,0.0
2023-12-28 13:00:00+08:00,5.251372157555961,0.0
2023-12-28 14:00:00+08:00,3.9956820589017243,0.0
2023-12-28 15:00:00+08:00,2.0975491345518913,0.0
2023-12-28 16:00:00+08:00,0.41623874704747954,0.0
2023-12-28 17:00:00+08:00,0.0,0.0
2023-12-28 18:00:00+08:00,0.0,0.0
2023-12-28 19:00:00+08:00,0.0,0.01870026330506096
2023-12-28 20:00:00+08:00,0.0,0.02546077041141802
2023-12-28 21:00:00+08:00,0.0,0.03601147947631726
2023-12-28 22:00:00+08:00,0.0,0.05278304742680161
2023-12-28 23:00:00+08:00,0.0,0.03781845236501572
2023-12-29 00:00:00+08:00,0.0,0.02375033550472131
2023-12-29 01:00:00+08:00,0.0,0.02375033550472131
2023-12-29 02:00:00+08:00,0.0,0.005819590664840629
2023-12-29 03:00:00+08:00,0.0,0.007383677235796734
2023-12-29 04:00:00+08:00,0.0,0.034218459976613935
2023-12-29 05:00:00+08:00,0.0,0.07487401142047889
2023-12-29 06:00:00+08:00,0.0,0.16027264604026287
2023-12-29 07:00:00+08:00,0.09578799167108708,0.20809587674015675
2023-12-29 08:00:00+08:00,0.4141847432932866,0.3758187582849275
2023-12-29 09:00:00+08:00,0.9236596058969808,0.5161909061934763
2023-12-29 10:00:00+08:00,1.5033830415303813,0.70259667252511
2023-12-29 11:00:00+08:00,1.9743926523519943,0.941679159417412
2023-12-29 12:00:00+08:00,1.6788915092609356,0.9744748065010632
2023-12-29 13:00:00+08:00,0.7848134204535328,0.7471872329005199
2023-12-29 14:00:00+08:00,0.5705306830215376,0.4200267632453852
2023-12-29 15:00:00+08:00,0.3171244675992834,0.11027336269340253
2023-12-29 16:00:00+08:00,0.08391208480160976,0.0
2023-12-29 17:00:00+08:00,0.0,0.017043803135640415
2023-12-29 18:00:00+08:00,0.0,0.17107379500170156
2023-12-29 19:00:00+08:00,0.0,0.3916028896047531
2023-12-29 20:00:00+08:00,0.0,0.5254605174777975
2023-12-29 21:00:00+08:00,0.0,0.5634410654384938
2023-12-29 22:00:00+08:00,0.0,0.5978741445234982
2023-12-29 23:00:00+08:00,0.0,0.7246955236088202
2023-12-30 00:00:00+08:00,0.0,0.7080847441291995
2023-12-30 01:00:00+08:00,0.0,0.5634410654384938
2023-12-30 02:00:00+08:00,0.0,0.4409628409266438
2023-12-30 03:00:00+08:00,0.0,0.2844806220690267
2023-12-30 04:00:00+08:00,0.0,0.13196009304180864
2023-12-30 05:00:00+08:00,0.0,0.058631545524665506
2023-12-30 06:00:00+08:00,0.0,0.06663422874901594
2023-12-30 07:00:00+08:00,0.10486351692192704,0.060610177547747036
2023-12-30 08:00:00+08:00,0.5273035598432125,0.17935505024601142
2023-12-30 09:00:00+08:00,0.9363787946389978,0.22927637308807858
2023-12-30 10:00:00+08:00,1.193689012143183,0.17935505024601142
2023-12-30 11:00:00+08:00,1.2023404383351672,0.2913348909016942
2023-12-30 12:00:00+08:00,0.5593515517061395,0.46679348443356694
2023-12-30 13:00:00+08:00,0.48184694193426686,0.6282944795175941
2023-12-30 14:00:00+08:00,0.3440460848243057,0.7415272858304355
2023-12-30 15:00:00+08:00,0.2995366412132797,0.35275802474226525
2023-12-30 16:00:00+08:00,0.10650155186579675,0.11735722246347136
2023-12-30 17:00:00+08:00,0.0,0.15497418008056274
2023-12-30 18:00:00+08:00,0.0,0.07697140949872917
2023-12-30 19:00:00+08:00,0.0,0.0
2023-12-30 20:00:00+08:00,0.0,0.0
2023-12-30 21:00:00+08:00,0.0,0.0
2023-12-30 22:00:00+08:00,0.0,0.0
2023-12-30 23:00:00+08:00,0.0,0.04518695946782358
2023-12-31 00:00:00+08:00,0.0,0.08335435484485185
2023-12-31 01:00:00+08:00,0.0,0.18779255099732609
2023-12-31 02:00:00+08:00,0.0,0.5879206549297022
2023-12-31 03:00:00+08:00,0.0,1.1124177577209524
2023-12-31 04:00:00+08:00,0.0,1.1781009838096783
2023-12-31 05:00:00+08:00,0.0,0.7471872329005199
2023-12-31 06:00:00+08:00,0.0,0.4711743708457563
2023-12-31 07:00:00+08:00,0.2779725712054048,0.39560070681441095
2023-12-31 08:00:00+08:00,3.5900564524218677,0.7700752617060064
2023-12-31 09:00:00+08:00,7.134977265516958,0.9944730145323387
2023-12-31 10:00:00+08:00,9.953074790910685,0.7816689775844811
2023-12-31 11:00:00+08:00,11.812654204254734,0.878068651575496
2023-12-31 12:00:00+08:00,11.098156674301913,1.119603762067309
2023-12-31 13:00:00+08:00,10.933803565878147,1.3727212400417668
2023-12-31 14:00:00+08:00,9.213353279629917,1.577004695885358
2023-12-31 15:00:00+08:00,6.9947598796466295,1.4138451133710557
2023-12-31 16:00:00+08:00,2.162865122335531,0.5024538758520344
2023-12-31 17:00:00+08:00,0.0,0.4241714696198141
2023-12-31 18:00:00+08:00,0.0,0.607920656710596
2023-12-31 19:00:00+08:00,0.0,0.6701774334330939
2023-12-31 20:00:00+08:00,0.0,0.573163891450644
2023-12-31 21:00:00+08:00,0.0,0.4367330080627634
2023-12-31 22:00:00+08:00,0.0,0.2022062305668645
2023-12-31 23:00:00+08:00,0.0,0.07487401142047889
