timestamp,load_kw
2023-01-01 00:00:00+08:00,164.10258611796885
2023-01-01 01:00:00+08:00,146.90673110361223
2023-01-01 02:00:00+08:00,151.81199837233135
2023-01-01 03:00:00+08:00,152.93281420806596
2023-01-01 04:00:00+08:00,141.3207775308264
2023-01-01 05:00:00+08:00,162.06440858763537
2023-01-01 06:00:00+08:00,222.21208692881493
2023-01-01 07:00:00+08:00,267.76286520401345
2023-01-01 08:00:00+08:00,294.57731153310823
2023-01-01 09:00:00+08:00,284.717159174356
2023-01-01 10:00:00+08:00,305.14441035321425
2023-01-01 11:00:00+08:00,303.9463718585981
2023-01-01 12:00:00+08:00,295.5539833087414
2023-01-01 13:00:00+08:00,301.9053993296282
2023-01-01 14:00:00+08:00,285.27343342789965
2023-01-01 15:00:00+08:00,278.9506129391596
2023-01-01 16:00:00+08:00,299.1233608651025
2023-01-01 17:00:00+08:00,283.46921362421375
2023-01-01 18:00:00+08:00,299.030571592245
2023-01-01 19:00:00+08:00,279.4774001651169
2023-01-01 20:00:00+08:00,263.3361291610562
2023-01-01 21:00:00+08:00,243.73457831056427
2023-01-01 22:00:00+08:00,231.89281458144757
2023-01-01 23:00:00+08:00,190.4196804743718
2023-01-02 00:00:00+08:00,354.0983331817178
2023-01-02 01:00:00+08:00,335.8220096116563
2023-01-02 02:00:00+08:00,334.4926503336871
2023-01-02 03:00:00+08:00,332.3065904583653
2023-01-02 04:00:00+08:00,346.243150612287
2023-01-02 05:00:00+08:00,386.4691705141233
2023-01-02 06:00:00+08:00,533.3643095769227
2023-01-02 07:00:00+08:00,592.8381560464919
2023-01-02 08:00:00+08:00,641.6164531577491
2023-01-02 09:00:00+08:00,633.7159089612472
2023-01-02 10:00:00+08:00,671.1775880262804
2023-01-02 11:00:00+08:00,684.618780790334
2023-01-02 12:00:00+08:00,652.0523945356576
2023-01-02 13:00:00+08:00,620.3641223580122
2023-01-02 14:00:00+08:00,601.7635638012911
2023-01-02 15:00:00+08:00,658.6428205798669
2023-01-02 16:00:00+08:00,674.5123798525681
2023-01-02 17:00:00+08:00,669.2694583161314
2023-01-02 18:00:00+08:00,624.8486129089572
2023-01-02 19:00:00+08:00,628.0649220248729
2023-01-02 20:00:00+08:00,592.2858029454276
2023-01-02 21:00:00+08:00,561.6527699514032
2023-01-02 22:00:00+08:00,508.4030619967345
2023-01-02 23:00:00+08:00,429.5827472619304
2023-01-03 00:00:00+08:00,370.02329074579484
2023-01-03 01:00:00+08:00,341.5116028091877
2023-01-03 02:00:00+08:00,331.27864219243816
2023-01-03 03:00:00+08:00,335.76093446490944
2023-01-03 04:00:00+08:00,320.7391678454564
2023-01-03 05:00:00+08:00,375.03228910883684
2023-01-03 06:00:00+08:00,481.9943418626903
2023-01-03 07:00:00+08:00,587.1848516485107
2023-01-03 08:00:00+08:00,647.7740228344292
2023-01-03 09:00:00+08:00,694.1489772086519
2023-01-03 10:00:00+08:00,632.2983867006686
2023-01-03 11:00:00+08:00,680.3507751899009
2023-01-03 12:00:00+08:00,610.892543951808
2023-01-03 13:00:00+08:00,633.2846276383799
2023-01-03 14:00:00+08:00,626.2842458785051
2023-01-03 15:00:00+08:00,656.9343504575731
2023-01-03 16:00:00+08:00,673.6161980315634
2023-01-03 17:00:00+08:00,675.7677019088093
2023-01-03 18:00:00+08:00,632.9292801761253
2023-01-03 19:00:00+08:00,610.7258002890948
2023-01-03 20:00:00+08:00,609.714834610515
2023-01-03 21:00:00+08:00,552.4749403103148
2023-01-03 22:00:00+08:00,466.1703496579183
2023-01-03 23:00:00+08:00,406.4392952914296
2023-01-04 00:00:00+08:00,346.9425459100811
2023-01-04 01:00:00+08:00,347.31510888778797
2023-01-04 02:00:00+08:00,329.31058556358283
2023-01-04 03:00:00+08:00,336.48896348228476
2023-01-04 04:00:00+08:00,334.7230112592074
2023-01-04 05:00:00+08:00,382.2451058817374
2023-01-04 06:00:00+08:00,503.45847293942
2023-01-04 07:00:00+08:00,595.0437832499408
2023-01-04 08:00:00+08:00,666.8557479729265
2023-01-04 09:00:00+08:00,637.5506885430533
2023-01-04 10:00:00+08:00,645.3798252764853
2023-01-04 11:00:00+08:00,644.8903852625797
2023-01-04 12:00:00+08:00,623.5644935336796
2023-01-04 13:00:00+08:00,654.2938475067057
2023-01-04 14:00:00+08:00,610.4642635641935
2023-01-04 15:00:00+08:00,642.1131825295852
2023-01-04 16:00:00+08:00,667.4836939701769
2023-01-04 17:00:00+08:00,666.5873985355595
2023-01-04 18:00:00+08:00,658.8740025262316
2023-01-04 19:00:00+08:00,619.6948370828098
2023-01-04 20:00:00+08:00,579.4215162957789
2023-01-04 21:00:00+08:00,554.8816787484487
2023-01-04 22:00:00+08:00,458.01711592135473
2023-01-04 23:00:00+08:00,401.0384616142963
2023-01-05 00:00:00+08:00,341.0654832179011
2023-01-05 01:00:00+08:00,326.8942632926604
2023-01-05 02:00:00+08:00,332.6157093477068
2023-01-05 03:00:00+08:00,315.52312646002684
2023-01-05 04:00:00+08:00,335.3255918185426
2023-01-05 05:00:00+08:00,399.49734281417017
2023-01-05 06:00:00+08:00,484.07283075093136
2023-01-05 07:00:00+08:00,620.150853904424
2023-01-05 08:00:00+08:00,630.3092897868839
2023-01-05 09:00:00+08:00,649.3806520515467
2023-01-05 10:00:00+08:00,629.8796518896884
2023-01-05 11:00:00+08:00,645.8817258327894
2023-01-05 12:00:00+08:00,676.7691983545989
2023-01-05 13:00:00+08:00,597.331423628416
2023-01-05 14:00:00+08:00,632.8319572612548
2023-01-05 15:00:00+08:00,647.7678037350695
2023-01-05 16:00:00+08:00,639.2001009346658
2023-01-05 17:00:00+08:00,616.8882530030321
2023-01-05 18:00:00+08:00,643.5172521845494
2023-01-05 19:00:00+08:00,608.848827916278
2023-01-05 20:00:00+08:00,594.769542412352
2023-01-05 21:00:00+08:00,557.0334501672291
2023-01-05 22:00:00+08:00,522.534342837088
2023-01-05 23:00:00+08:00,421.5200097397799
2023-01-06 00:00:00+08:00,345.2880049475706
2023-01-06 01:00:00+08:00,342.830573817671
2023-01-06 02:00:00+08:00,330.17789878058727
2023-01-06 03:00:00+08:00,345.09208213684934
2023-01-06 04:00:00+08:00,351.7601594854468
2023-01-06 05:00:00+08:00,385.08502093048037
2023-01-06 06:00:00+08:00,519.6827255514776
2023-01-06 07:00:00+08:00,573.5915621368794
2023-01-06 08:00:00+08:00,637.8443069186817
2023-01-06 09:00:00+08:00,630.3341488678572
2023-01-06 10:00:00+08:00,644.3887356217492
2023-01-06 11:00:00+08:00,618.5485452495178
2023-01-06 12:00:00+08:00,671.2261211296391
2023-01-06 13:00:00+08:00,635.8012697514853
2023-01-06 14:00:00+08:00,585.2799144489109
2023-01-06 15:00:00+08:00,615.4436327360481
2023-01-06 16:00:00+08:00,662.8044339289069
2023-01-06 17:00:00+08:00,676.5407978055852
2023-01-06 18:00:00+08:00,692.7399326519491
2023-01-06 19:00:00+08:00,694.3469139032321
2023-01-06 20:00:00+08:00,598.9016390065914
2023-01-06 21:00:00+08:00,534.3827248573735
2023-01-06 22:00:00+08:00,449.0777498736827
2023-01-06 23:00:00+08:00,430.04334920523354
2023-01-07 00:00:00+08:00,156.69571086608119
2023-01-07 01:00:00+08:00,150.5839213482789
2023-01-07 02:00:00+08:00,143.63352671973857
2023-01-07 03:00:00+08:00,146.4093016536915
2023-01-07 04:00:00+08:00,159.65729331429804
2023-01-07 05:00:00+08:00,171.86958920915512
2023-01-07 06:00:00+08:00,219.4563134942716
2023-01-07 07:00:00+08:00,259.6957069709309
2023-01-07 08:00:00+08:00,274.7507666324526
2023-01-07 09:00:00+08:00,288.74873078927266
2023-01-07 10:00:00+08:00,293.8434814195352
2023-01-07 11:00:00+08:00,315.30157757277345
2023-01-07 12:00:00+08:00,296.0115043277019
2023-01-07 13:00:00+08:00,299.93170216219085
2023-01-07 14:00:00+08:00,274.16596037299155
2023-01-07 15:00:00+08:00,274.9090545358582
2023-01-07 16:00:00+08:00,283.10880318768903
2023-01-07 17:00:00+08:00,285.9344948146835
2023-01-07 18:00:00+08:00,313.1574367072725
2023-01-07 19:00:00+08:00,270.56172071454415
2023-01-07 20:00:00+08:00,273.9182593089445
2023-01-07 21:00:00+08:00,241.2651383629608
2023-01-07 22:00:00+08:00,229.0875472897933
2023-01-07 23:00:00+08:00,194.35738298926466
2023-01-08 00:00:00+08:00,160.8889532429188
2023-01-08 01:00:00+08:00,152.8226843980508
2023-01-08 02:00:00+08:00,143.32988015885923
2023-01-08 03:00:00+08:00,149.8110771647441
2023-01-08 04:00:00+08:00,150.28645474672956
2023-01-08 05:00:00+08:00,162.36432854040888
2023-01-08 06:00:00+08:00,209.49172605626094
2023-01-08 07:00:00+08:00,272.68977959575585
2023-01-08 08:00:00+08:00,312.963215670744
2023-01-08 09:00:00+08:00,296.2536155081592
2023-01-08 10:00:00+08:00,292.97280650441246
2023-01-08 11:00:00+08:00,297.7352906161813
2023-01-08 12:00:00+08:00,309.7476440071721
2023-01-08 13:00:00+08:00,291.01387212005045
2023-01-08 14:00:00+08:00,275.05460775401673
2023-01-08 15:00:00+08:00,301.24814371595437
2023-01-08 16:00:00+08:00,299.41826485770764
2023-01-08 17:00:00+08:00,312.4529520363612
2023-01-08 18:00:00+08:00,290.5967489761739
2023-01-08 19:00:00+08:00,265.9542881512783
2023-01-08 20:00:00+08:00,250.43396465616402
2023-01-08 21:00:00+08:00,266.73771582120537
2023-01-08 22:00:00+08:00,235.99916221183523
2023-01-08 23:00:00+08:00,189.96636545128231
2023-01-09 00:00:00+08:00,354.1221332088909
2023-01-09 01:00:00+08:00,359.8946988611539
2023-01-09 02:00:00+08:00,312.46287065949303
2023-01-09 03:00:00+08:00,315.2394925070934
2023-01-09 04:00:00+08:00,348.76771171853386
2023-01-09 05:00:00+08:00,373.26467748873614
2023-01-09 06:00:00+08:00,490.31011000422814
2023-01-09 07:00:00+08:00,597.6374189542287
2023-01-09 08:00:00+08:00,662.710117276426
2023-01-09 09:00:00+08:00,690.6937902671459
2023-01-09 10:00:00+08:00,656.2500461187662
2023-01-09 11:00:00+08:00,670.723144884741
2023-01-09 12:00:00+08:00,600.2580518947293
2023-01-09 13:00:00+08:00,639.5544051686306
2023-01-09 14:00:00+08:00,600.2345996564637
2023-01-09 15:00:00+08:00,609.5623909162767
2023-01-09 16:00:00+08:00,630.9124988679903
2023-01-09 17:00:00+08:00,645.1417011465238
2023-01-09 18:00:00+08:00,664.2796911949741
2023-01-09 19:00:00+08:00,588.2292354684052
2023-01-09 20:00:00+08:00,589.2137556422861
2023-01-09 21:00:00+08:00,545.0346315063705
2023-01-09 22:00:00+08:00,483.98280858416155
2023-01-09 23:00:00+08:00,442.07029072866527
2023-01-10 00:00:00+08:00,367.2013660438055
2023-01-10 01:00:00+08:00,358.03787018686177
2023-01-10 02:00:00+08:00,324.7658824145323
2023-01-10 03:00:00+08:00,317.68853306259757
2023-01-10 04:00:00+08:00,336.8137119872248
2023-01-10 05:00:00+08:00,382.7481112333213
2023-01-10 06:00:00+08:00,493.6403331752411
2023-01-10 07:00:00+08:00,575.2042389706452
2023-01-10 08:00:00+08:00,655.9366417868215
2023-01-10 09:00:00+08:00,659.5375185230371
2023-01-10 10:00:00+08:00,719.3849011210883
2023-01-10 11:00:00+08:00,702.6370289933226
2023-01-10 12:00:00+08:00,631.2647781900107
2023-01-10 13:00:00+08:00,633.1368056382393
2023-01-10 14:00:00+08:00,584.5468302754443
2023-01-10 15:00:00+08:00,625.3656589736115
2023-01-10 16:00:00+08:00,661.8217928537919
2023-01-10 17:00:00+08:00,685.0954193739615
2023-01-10 18:00:00+08:00,621.8204471709004
2023-01-10 19:00:00+08:00,604.6462498857841
2023-01-10 20:00:00+08:00,537.6912749818382
2023-01-10 21:00:00+08:00,551.9206680095512
2023-01-10 22:00:00+08:00,469.3473395644911
2023-01-10 23:00:00+08:00,415.8244558727189
2023-01-11 00:00:00+08:00,346.6729463702066
2023-01-11 01:00:00+08:00,338.39675351987484
2023-01-11 02:00:00+08:00,303.64911181937515
2023-01-11 03:00:00+08:00,307.4467474627218
2023-01-11 04:00:00+08:00,368.6078024449882
2023-01-11 05:00:00+08:00,359.36038027286963
2023-01-11 06:00:00+08:00,468.42601818002646
2023-01-11 07:00:00+08:00,645.1249418763581
2023-01-11 08:00:00+08:00,729.1325911576365
2023-01-11 09:00:00+08:00,622.6140672509483
2023-01-11 10:00:00+08:00,643.6039861134597
2023-01-11 11:00:00+08:00,662.1504958493675
2023-01-11 12:00:00+08:00,698.3951858469926
2023-01-11 13:00:00+08:00,614.891543309138
2023-01-11 14:00:00+08:00,614.4762479230955
2023-01-11 15:00:00+08:00,660.0663201944484
2023-01-11 16:00:00+08:00,664.5859972631275
2023-01-11 17:00:00+08:00,643.3973808110334
2023-01-11 18:00:00+08:00,636.7347257909953
2023-01-11 19:00:00+08:00,586.4362076100019
2023-01-11 20:00:00+08:00,582.3024537915194
2023-01-11 21:00:00+08:00,549.3256991074701
2023-01-11 22:00:00+08:00,494.46926522091803
2023-01-11 23:00:00+08:00,415.16527707854056
2023-01-12 00:00:00+08:00,365.8379214783956
2023-01-12 01:00:00+08:00,353.23188069879126
2023-01-12 02:00:00+08:00,328.45251505769846
2023-01-12 03:00:00+08:00,331.01594272176226
2023-01-12 04:00:00+08:00,340.2018167899859
2023-01-12 05:00:00+08:00,378.65205824093664
2023-01-12 06:00:00+08:00,475.50263732495364
2023-01-12 07:00:00+08:00,608.2221707312202
2023-01-12 08:00:00+08:00,650.3056451130145
2023-01-12 09:00:00+08:00,707.5068492003012
2023-01-12 10:00:00+08:00,693.9325214886148
2023-01-12 11:00:00+08:00,662.9221102487779
2023-01-12 12:00:00+08:00,632.9198133008484
2023-01-12 13:00:00+08:00,611.3208929906441
2023-01-12 14:00:00+08:00,649.7539223017767
2023-01-12 15:00:00+08:00,646.5134141775155
2023-01-12 16:00:00+08:00,665.3845637744463
2023-01-12 17:00:00+08:00,607.2883210850234
2023-01-12 18:00:00+08:00,663.5238557846249
2023-01-12 19:00:00+08:00,631.4771938092282
2023-01-12 20:00:00+08:00,561.4637000090423
2023-01-12 21:00:00+08:00,544.4529189460364
2023-01-12 22:00:00+08:00,494.7996323611011
2023-01-12 23:00:00+08:00,425.2405835526615
2023-01-13 00:00:00+08:00,354.64392892914356
2023-01-13 01:00:00+08:00,337.8602523768533
2023-01-13 02:00:00+08:00,322.9280462929503
2023-01-13 03:00:00+08:00,328.20674182437125
2023-01-13 04:00:00+08:00,359.2336571117122
2023-01-13 05:00:00+08:00,339.5605425029482
2023-01-13 06:00:00+08:00,484.6881518384282
2023-01-13 07:00:00+08:00,604.4754302609196
2023-01-13 08:00:00+08:00,660.1566551773259
2023-01-13 09:00:00+08:00,642.7260577324923
2023-01-13 10:00:00+08:00,606.5863555190044
2023-01-13 11:00:00+08:00,660.9918071490634
2023-01-13 12:00:00+08:00,697.5111603176762
2023-01-13 13:00:00+08:00,600.1543572373668
2023-01-13 14:00:00+08:00,641.2268001264268
2023-01-13 15:00:00+08:00,630.9812339519965
2023-01-13 16:00:00+08:00,650.8316182839781
2023-01-13 17:00:00+08:00,624.9542289902001
2023-01-13 18:00:00+08:00,630.8295479381128
2023-01-13 19:00:00+08:00,652.0416633496538
2023-01-13 20:00:00+08:00,600.8739609043041
2023-01-13 21:00:00+08:00,592.9945432669344
2023-01-13 22:00:00+08:00,512.3694491172802
2023-01-13 23:00:00+08:00,431.5291404134449
2023-01-14 00:00:00+08:00,172.62251283306674
2023-01-14 01:00:00+08:00,155.24324302925496
2023-01-14 02:00:00+08:00,151.55491582379355
2023-01-14 03:00:00+08:00,144.956164764684
2023-01-14 04:00:00+08:00,152.97035695214547
2023-01-14 05:00:00+08:00,165.42066069555787
2023-01-14 06:00:00+08:00,228.7547046952032
2023-01-14 07:00:00+08:00,257.1994033223527
2023-01-14 08:00:00+08:00,302.5742391654779
2023-01-14 09:00:00+08:00,291.15537492778924
2023-01-14 10:00:00+08:00,307.1382194465612
2023-01-14 11:00:00+08:00,302.2047830641895
2023-01-14 12:00:00+08:00,314.75937985859736
2023-01-14 13:00:00+08:00,295.9295829306445
2023-01-14 14:00:00+08:00,261.19659963752633
2023-01-14 15:00:00+08:00,286.75491652707603
2023-01-14 16:00:00+08:00,279.63846192406646
2023-01-14 17:00:00+08:00,287.31041785477294
2023-01-14 18:00:00+08:00,304.905579696382
2023-01-14 19:00:00+08:00,285.83097835117553
2023-01-14 20:00:00+08:00,256.6713191366701
2023-01-14 21:00:00+08:00,239.27168988040063
2023-01-14 22:00:00+08:00,220.33314152955282
2023-01-14 23:00:00+08:00,181.4251408144378
2023-01-15 00:00:00+08:00,156.91813611757527
2023-01-15 01:00:00+08:00,154.3542760129315
2023-01-15 02:00:00+08:00,153.36229785141225
2023-01-15 03:00:00+08:00,150.1575855446634
2023-01-15 04:00:00+08:00,138.47918992868438
2023-01-15 05:00:00+08:00,172.11240123546295
2023-01-15 06:00:00+08:00,220.5157030027384
2023-01-15 07:00:00+08:00,274.18751476853055
2023-01-15 08:00:00+08:00,312.1295644447332
2023-01-15 09:00:00+08:00,268.9805021850662
2023-01-15 10:00:00+08:00,286.2442980272986
2023-01-15 11:00:00+08:00,300.1057828976316
2023-01-15 12:00:00+08:00,274.6287629800139
2023-01-15 13:00:00+08:00,304.27502685780127
2023-01-15 14:00:00+08:00,282.62113520906894
2023-01-15 15:00:00+08:00,297.04204454393704
2023-01-15 16:00:00+08:00,286.4807125404345
2023-01-15 17:00:00+08:00,302.7192419055428
2023-01-15 18:00:00+08:00,299.59208897267257
2023-01-15 19:00:00+08:00,281.1118094686837
2023-01-15 20:00:00+08:00,266.3325239950498
2023-01-15 21:00:00+08:00,251.8945456373898
2023-01-15 22:00:00+08:00,212.28877871170346
2023-01-15 23:00:00+08:00,189.4399781853111
2023-01-16 00:00:00+08:00,355.8593166914266
2023-01-16 01:00:00+08:00,343.7054176912568
2023-01-16 02:00:00+08:00,338.51176104612034
2023-01-16 03:00:00+08:00,311.7123806663707
2023-01-16 04:00:00+08:00,336.8213567889657
2023-01-16 05:00:00+08:00,399.94768880557825
2023-01-16 06:00:00+08:00,473.71939444746084
2023-01-16 07:00:00+08:00,579.2113389145134
2023-01-16 08:00:00+08:00,656.2565169981209
2023-01-16 09:00:00+08:00,672.9759602144317
2023-01-16 10:00:00+08:00,651.286085624121
2023-01-16 11:00:00+08:00,685.5940818170621
2023-01-16 12:00:00+08:00,673.29907948016
2023-01-16 13:00:00+08:00,659.4509822587806
2023-01-16 14:00:00+08:00,632.1466215969108
2023-01-16 15:00:00+08:00,697.3675860757281
2023-01-16 16:00:00+08:00,645.6462399012714
2023-01-16 17:00:00+08:00,598.8177529850417
2023-01-16 18:00:00+08:00,678.9073534895288
2023-01-16 19:00:00+08:00,607.1167590604318
2023-01-16 20:00:00+08:00,588.4179423808241
2023-01-16 21:00:00+08:00,582.3253582465475
2023-01-16 22:00:00+08:00,456.94983850885626
2023-01-16 23:00:00+08:00,401.95755330110126
2023-01-17 00:00:00+08:00,334.82941207054404
2023-01-17 01:00:00+08:00,327.4859703334287
2023-01-17 02:00:00+08:00,330.94031783562065
2023-01-17 03:00:00+08:00,332.04023186395125
2023-01-17 04:00:00+08:00,341.96776761244917
2023-01-17 05:00:00+08:00,355.9375307250197
2023-01-17 06:00:00+08:00,442.75405914576527
2023-01-17 07:00:00+08:00,599.7079437694237
2023-01-17 08:00:00+08:00,638.1677821176967
2023-01-17 09:00:00+08:00,662.3944633862233
2023-01-17 10:00:00+08:00,668.7055191697393
2023-01-17 11:00:00+08:00,654.0390287954344
2023-01-17 12:00:00+08:00,670.2192144321605
2023-01-17 13:00:00+08:00,643.2777396150825
2023-01-17 14:00:00+08:00,631.0216978284586
2023-01-17 15:00:00+08:00,619.4661670124887
2023-01-17 16:00:00+08:00,645.7692312764746
2023-01-17 17:00:00+08:00,655.5619656837682
2023-01-17 18:00:00+08:00,658.3547518403551
2023-01-17 19:00:00+08:00,608.1881656689496
2023-01-17 20:00:00+08:00,597.6016875205942
2023-01-17 21:00:00+08:00,546.9969248078971
2023-01-17 22:00:00+08:00,485.53809737173316
2023-01-17 23:00:00+08:00,436.81590998327954
2023-01-18 00:00:00+08:00,328.93068022371665
2023-01-18 01:00:00+08:00,320.4049146134132
2023-01-18 02:00:00+08:00,305.6678818476536
2023-01-18 03:00:00+08:00,294.6015889179779
2023-01-18 04:00:00+08:00,328.76134359241354
2023-01-18 05:00:00+08:00,388.2205494101542
2023-01-18 06:00:00+08:00,481.84433362868185
2023-01-18 07:00:00+08:00,602.6055423611831
2023-01-18 08:00:00+08:00,678.1783074703905
2023-01-18 09:00:00+08:00,684.3772000077822
2023-01-18 10:00:00+08:00,648.0673420479866
2023-01-18 11:00:00+08:00,685.0504533766492
2023-01-18 12:00:00+08:00,652.2593477629188
2023-01-18 13:00:00+08:00,615.5348021126907
2023-01-18 14:00:00+08:00,602.6926967369147
2023-01-18 15:00:00+08:00,599.1510532533462
2023-01-18 16:00:00+08:00,626.7778853501114
2023-01-18 17:00:00+08:00,640.558059562431
2023-01-18 18:00:00+08:00,657.3383423619514
2023-01-18 19:00:00+08:00,659.8654841854168
2023-01-18 20:00:00+08:00,552.5417905407655
2023-01-18 21:00:00+08:00,561.0645487167558
2023-01-18 22:00:00+08:00,467.1120366479534
2023-01-18 23:00:00+08:00,430.43266905262453
2023-01-19 00:00:00+08:00,355.2183983948035
2023-01-19 01:00:00+08:00,312.887599710158
2023-01-19 02:00:00+08:00,336.6820401285687
2023-01-19 03:00:00+08:00,316.77198589700686
2023-01-19 04:00:00+08:00,330.4030434312218
2023-01-19 05:00:00+08:00,360.45507017370755
2023-01-19 06:00:00+08:00,474.1980688586597
2023-01-19 07:00:00+08:00,607.5389301442375
2023-01-19 08:00:00+08:00,644.3412643060475
2023-01-19 09:00:00+08:00,657.7914160292528
2023-01-19 10:00:00+08:00,658.655182339112
2023-01-19 11:00:00+08:00,683.5538845145682
2023-01-19 12:00:00+08:00,640.3537467434098
2023-01-19 13:00:00+08:00,598.683601392988
2023-01-19 14:00:00+08:00,643.1234064638365
2023-01-19 15:00:00+08:00,627.8342147976584
2023-01-19 16:00:00+08:00,678.2022177720006
2023-01-19 17:00:00+08:00,659.2123805584434
2023-01-19 18:00:00+08:00,632.9333058500579
2023-01-19 19:00:00+08:00,625.3980896830553
2023-01-19 20:00:00+08:00,629.9318235750109
2023-01-19 21:00:00+08:00,597.7163167181149
2023-01-19 22:00:00+08:00,488.2933723770131
2023-01-19 23:00:00+08:00,424.7205125834967
2023-01-20 00:00:00+08:00,372.09702281120303
2023-01-20 01:00:00+08:00,325.87199081482953
2023-01-20 02:00:00+08:00,328.6293648371453
2023-01-20 03:00:00+08:00,323.9731587570857
2023-01-20 04:00:00+08:00,341.5160181101254
2023-01-20 05:00:00+08:00,363.6575776081478
2023-01-20 06:00:00+08:00,455.53236059093615
2023-01-20 07:00:00+08:00,547.2476504269232
2023-01-20 08:00:00+08:00,619.6271335574844
2023-01-20 09:00:00+08:00,636.7171317764733
2023-01-20 10:00:00+08:00,641.0105554997116
2023-01-20 11:00:00+08:00,698.8781886422122
2023-01-20 12:00:00+08:00,677.3119794328882
2023-01-20 13:00:00+08:00,611.1830394035818
2023-01-20 14:00:00+08:00,624.7565846514407
2023-01-20 15:00:00+08:00,625.2946853268188
2023-01-20 16:00:00+08:00,641.2395887258888
2023-01-20 17:00:00+08:00,653.4255382111129
2023-01-20 18:00:00+08:00,651.3878950975729
2023-01-20 19:00:00+08:00,607.8245958005275
2023-01-20 20:00:00+08:00,608.5967601703073
2023-01-20 21:00:00+08:00,526.141571938576
2023-01-20 22:00:00+08:00,486.5863396397934
2023-01-20 23:00:00+08:00,465.40855927293563
2023-01-21 00:00:00+08:00,161.79844562847492
2023-01-21 01:00:00+08:00,160.3123079887951
2023-01-21 02:00:00+08:00,146.3223006544211
2023-01-21 03:00:00+08:00,149.1754238299438
2023-01-21 04:00:00+08:00,151.2757615526653
2023-01-21 05:00:00+08:00,167.9620346250443
2023-01-21 06:00:00+08:00,211.8645163935657
2023-01-21 07:00:00+08:00,272.8681690686565
2023-01-21 08:00:00+08:00,281.645640491705
2023-01-21 09:00:00+08:00,299.339972449046
2023-01-21 10:00:00+08:00,304.2349909944185
2023-01-21 11:00:00+08:00,295.85208140225257
2023-01-21 12:00:00+08:00,288.2386493467946
2023-01-21 13:00:00+08:00,290.9343971459423
2023-01-21 14:00:00+08:00,273.57825688636166
2023-01-21 15:00:00+08:00,296.43879041508114
2023-01-21 16:00:00+08:00,270.2173435975916
2023-01-21 17:00:00+08:00,287.66297526127664
2023-01-21 18:00:00+08:00,262.9910149033074
2023-01-21 19:00:00+08:00,260.4331594147424
2023-01-21 20:00:00+08:00,276.73563446047694
2023-01-21 21:00:00+08:00,256.71514226311865
2023-01-21 22:00:00+08:00,212.389374266058
2023-01-21 23:00:00+08:00,178.13468647463358
2023-01-22 00:00:00+08:00,141.1989454293551
2023-01-22 01:00:00+08:00,148.16449691360245
2023-01-22 02:00:00+08:00,159.7314560556651
2023-01-22 03:00:00+08:00,148.16519361481525
2023-01-22 04:00:00+08:00,148.06709919503444
2023-01-22 05:00:00+08:00,172.0756681764427
2023-01-22 06:00:00+08:00,204.80829242482253
2023-01-22 07:00:00+08:00,264.7757844297597
2023-01-22 08:00:00+08:00,292.42271360301885
2023-01-22 09:00:00+08:00,290.2606264078382
2023-01-22 10:00:00+08:00,300.47707248974064
2023-01-22 11:00:00+08:00,295.2790527344495
2023-01-22 12:00:00+08:00,299.0501119368623
2023-01-22 13:00:00+08:00,277.578954137192
2023-01-22 14:00:00+08:00,286.63760004351946
2023-01-22 15:00:00+08:00,304.0369223120422
2023-01-22 16:00:00+08:00,279.96097100000907
2023-01-22 17:00:00+08:00,280.92160385244154
2023-01-22 18:00:00+08:00,300.6898409815392
2023-01-22 19:00:00+08:00,274.5827595037056
2023-01-22 20:00:00+08:00,276.85713371254724
2023-01-22 21:00:00+08:00,243.19176767521984
2023-01-22 22:00:00+08:00,231.16187052763146
2023-01-22 23:00:00+08:00,190.31715846525046
2023-01-23 00:00:00+08:00,359.2636251290467
2023-01-23 01:00:00+08:00,357.2368234131859
2023-01-23 02:00:00+08:00,318.5863512208089
2023-01-23 03:00:00+08:00,311.0950045704057
2023-01-23 04:00:00+08:00,330.1626211654931
2023-01-23 05:00:00+08:00,381.77129518661127
2023-01-23 06:00:00+08:00,454.5271386477992
2023-01-23 07:00:00+08:00,609.9730857506327
2023-01-23 08:00:00+08:00,632.595258938034
2023-01-23 09:00:00+08:00,676.2122432833182
2023-01-23 10:00:00+08:00,584.6101985141405
2023-01-23 11:00:00+08:00,626.1870117877207
2023-01-23 12:00:00+08:00,602.9145104739632
2023-01-23 13:00:00+08:00,612.6580382457681
2023-01-23 14:00:00+08:00,620.2867508371069
2023-01-23 15:00:00+08:00,629.055624658793
2023-01-23 16:00:00+08:00,639.975866620634
2023-01-23 17:00:00+08:00,642.4117971571482
2023-01-23 18:00:00+08:00,638.7525841349228
2023-01-23 19:00:00+08:00,589.4242772641817
2023-01-23 20:00:00+08:00,598.3275932128569
2023-01-23 21:00:00+08:00,564.1159272930671
2023-01-23 22:00:00+08:00,492.3645145497898
2023-01-23 23:00:00+08:00,429.5987076304472
2023-01-24 00:00:00+08:00,359.3887923066049
2023-01-24 01:00:00+08:00,363.1396795040883
2023-01-24 02:00:00+08:00,321.7638143086071
2023-01-24 03:00:00+08:00,318.922535356822
2023-01-24 04:00:00+08:00,325.6827205526488
2023-01-24 05:00:00+08:00,359.08547715140105
2023-01-24 06:00:00+08:00,460.22347338878046
2023-01-24 07:00:00+08:00,572.9932581565316
2023-01-24 08:00:00+08:00,643.9516147648765
2023-01-24 09:00:00+08:00,654.4125755008143
2023-01-24 10:00:00+08:00,647.098421748986
2023-01-24 11:00:00+08:00,626.0027521800362
2023-01-24 12:00:00+08:00,669.0301190744759
2023-01-24 13:00:00+08:00,651.5796610190687
2023-01-24 14:00:00+08:00,609.5708020603383
2023-01-24 15:00:00+08:00,616.333591105366
2023-01-24 16:00:00+08:00,659.9438599284434
2023-01-24 17:00:00+08:00,650.632929924769
2023-01-24 18:00:00+08:00,596.2032410004776
2023-01-24 19:00:00+08:00,611.8202938682514
2023-01-24 20:00:00+08:00,587.2914344326714
2023-01-24 21:00:00+08:00,529.1566754222011
2023-01-24 22:00:00+08:00,488.01092178284034
2023-01-24 23:00:00+08:00,395.3285108952625
2023-01-25 00:00:00+08:00,373.7106319136541
2023-01-25 01:00:00+08:00,352.1426394304477
2023-01-25 02:00:00+08:00,319.24265551134823
2023-01-25 03:00:00+08:00,327.18869329590905
2023-01-25 04:00:00+08:00,303.06860948878017
2023-01-25 05:00:00+08:00,356.796557925047
2023-01-25 06:00:00+08:00,478.06557125790795
2023-01-25 07:00:00+08:00,567.952080322598
2023-01-25 08:00:00+08:00,663.4316975896319
2023-01-25 09:00:00+08:00,696.5305322185218
2023-01-25 10:00:00+08:00,614.6435888431921
2023-01-25 11:00:00+08:00,623.3936963182201
2023-01-25 12:00:00+08:00,651.0748312421839
2023-01-25 13:00:00+08:00,672.8357328400688
2023-01-25 14:00:00+08:00,582.7898413202519
2023-01-25 15:00:00+08:00,638.3968875283572
2023-01-25 16:00:00+08:00,691.9897902396109
2023-01-25 17:00:00+08:00,602.3848576231625
2023-01-25 18:00:00+08:00,599.7096887382739
2023-01-25 19:00:00+08:00,602.3676457148707
2023-01-25 20:00:00+08:00,568.4121669587743
2023-01-25 21:00:00+08:00,566.0705751986122
2023-01-25 22:00:00+08:00,488.4263131319869
2023-01-25 23:00:00+08:00,389.4840437941439
2023-01-26 00:00:00+08:00,361.61353803340387
2023-01-26 01:00:00+08:00,327.24438533461915
2023-01-26 02:00:00+08:00,338.51898155811483
2023-01-26 03:00:00+08:00,314.0132379249412
2023-01-26 04:00:00+08:00,326.45280177042764
2023-01-26 05:00:00+08:00,381.72232647320874
2023-01-26 06:00:00+08:00,497.89285171720024
2023-01-26 07:00:00+08:00,603.2851187687514
2023-01-26 08:00:00+08:00,600.7637600585434
2023-01-26 09:00:00+08:00,658.0621345309507
2023-01-26 10:00:00+08:00,617.5461324607201
2023-01-26 11:00:00+08:00,650.2606808888121
2023-01-26 12:00:00+08:00,607.5114229407168
2023-01-26 13:00:00+08:00,642.584921153901
2023-01-26 14:00:00+08:00,592.2430382746275
2023-01-26 15:00:00+08:00,598.924326072486
2023-01-26 16:00:00+08:00,662.5917670273958
2023-01-26 17:00:00+08:00,650.4247815969641
2023-01-26 18:00:00+08:00,615.8096523134346
2023-01-26 19:00:00+08:00,647.5123718871786
2023-01-26 20:00:00+08:00,569.559065140617
2023-01-26 21:00:00+08:00,548.271634197857
2023-01-26 22:00:00+08:00,488.3455839104881
2023-01-26 23:00:00+08:00,408.3498894132799
2023-01-27 00:00:00+08:00,360.5230635624062
2023-01-27 01:00:00+08:00,327.4146289820271
2023-01-27 02:00:00+08:00,316.38919291887714
2023-01-27 03:00:00+08:00,339.21964128062797
2023-01-27 04:00:00+08:00,320.6280975785474
2023-01-27 05:00:00+08:00,337.1419642443766
2023-01-27 06:00:00+08:00,513.6218298517663
2023-01-27 07:00:00+08:00,652.260201029786
2023-01-27 08:00:00+08:00,632.9422927101627
2023-01-27 09:00:00+08:00,593.5275634959035
2023-01-27 10:00:00+08:00,635.3815801714788
2023-01-27 11:00:00+08:00,636.0059346240869
2023-01-27 12:00:00+08:00,638.4841800409332
2023-01-27 13:00:00+08:00,602.4245664236253
2023-01-27 14:00:00+08:00,625.3724400661915
2023-01-27 15:00:00+08:00,643.7325777184226
2023-01-27 16:00:00+08:00,604.9135060302376
2023-01-27 17:00:00+08:00,661.3655858129752
2023-01-27 18:00:00+08:00,682.2734864804534
2023-01-27 19:00:00+08:00,615.4073624119067
2023-01-27 20:00:00+08:00,571.2217430752738
2023-01-27 21:00:00+08:00,543.7597996232291
2023-01-27 22:00:00+08:00,494.40405105762983
2023-01-27 23:00:00+08:00,389.24159995152183
2023-01-28 00:00:00+08:00,160.06999528149856
2023-01-28 01:00:00+08:00,148.00200304054036
2023-01-28 02:00:00+08:00,155.2529768197738
2023-01-28 03:00:00+08:00,143.56036599725724
2023-01-28 04:00:00+08:00,160.38095050636048
2023-01-28 05:00:00+08:00,160.2945434907304
2023-01-28 06:00:00+08:00,221.94524988829582
2023-01-28 07:00:00+08:00,269.4027750493875
2023-01-28 08:00:00+08:00,279.0842272294602
2023-01-28 09:00:00+08:00,291.18676790255284
2023-01-28 10:00:00+08:00,303.15838079238324
2023-01-28 11:00:00+08:00,285.3903280944015
2023-01-28 12:00:00+08:00,269.5668778231837
2023-01-28 13:00:00+08:00,283.15334912828365
2023-01-28 14:00:00+08:00,264.76331095929794
2023-01-28 15:00:00+08:00,279.47228272349685
2023-01-28 16:00:00+08:00,288.19151454627945
2023-01-28 17:00:00+08:00,269.40855244649856
2023-01-28 18:00:00+08:00,265.0403806638607
2023-01-28 19:00:00+08:00,279.9748875996695
2023-01-28 20:00:00+08:00,254.78069128778296
2023-01-28 21:00:00+08:00,220.55188390266514
2023-01-28 22:00:00+08:00,223.65911158083648
2023-01-28 23:00:00+08:00,189.985364701751
2023-01-29 00:00:00+08:00,154.27383686989
2023-01-29 01:00:00+08:00,142.23763882961057
2023-01-29 02:00:00+08:00,149.1981414348182
2023-01-29 03:00:00+08:00,146.38891938831563
2023-01-29 04:00:00+08:00,164.4558869614607
2023-01-29 05:00:00+08:00,170.2856784864197
2023-01-29 06:00:00+08:00,219.915599650101
2023-01-29 07:00:00+08:00,263.86976994943427
2023-01-29 08:00:00+08:00,298.1764683097148
2023-01-29 09:00:00+08:00,295.96249526847566
2023-01-29 10:00:00+08:00,303.2000080241045
2023-01-29 11:00:00+08:00,282.721805331538
2023-01-29 12:00:00+08:00,283.71410445912335
2023-01-29 13:00:00+08:00,277.5452428613259
2023-01-29 14:00:00+08:00,282.98265054754603
2023-01-29 15:00:00+08:00,299.92776449914356
2023-01-29 16:00:00+08:00,283.44345969532327
2023-01-29 17:00:00+08:00,283.8369212116994
2023-01-29 18:00:00+08:00,286.52303216638126
2023-01-29 19:00:00+08:00,271.6092387798883
2023-01-29 20:00:00+08:00,269.76499967053644
2023-01-29 21:00:00+08:00,223.32521424412425
2023-01-29 22:00:00+08:00,209.39604601276153
2023-01-29 23:00:00+08:00,181.8090625913734
2023-01-30 00:00:00+08:00,319.70779110681946
2023-01-30 01:00:00+08:00,320.35121033598807
2023-01-30 02:00:00+08:00,308.6513191204648
2023-01-30 03:00:00+08:00,317.80200851328686
2023-01-30 04:00:00+08:00,348.0277249738709
2023-01-30 05:00:00+08:00,367.99689783953613
2023-01-30 06:00:00+08:00,460.75372124478474
2023-01-30 07:00:00+08:00,588.1547422192094
2023-01-30 08:00:00+08:00,667.6490691762921
2023-01-30 09:00:00+08:00,615.7442446109461
2023-01-30 10:00:00+08:00,617.420056753874
2023-01-30 11:00:00+08:00,655.0741942965302
2023-01-30 12:00:00+08:00,635.0803518132998
2023-01-30 13:00:00+08:00,644.2065740251895
2023-01-30 14:00:00+08:00,608.3881937600073
2023-01-30 15:00:00+08:00,645.5674264026833
2023-01-30 16:00:00+08:00,614.2289971484322
2023-01-30 17:00:00+08:00,640.4486632092278
2023-01-30 18:00:00+08:00,622.6511742135979
2023-01-30 19:00:00+08:00,579.1149688912514
2023-01-30 20:00:00+08:00,540.6173387381485
2023-01-30 21:00:00+08:00,559.584218722554
2023-01-30 22:00:00+08:00,473.82252707668636
2023-01-30 23:00:00+08:00,399.46205642924167
2023-01-31 00:00:00+08:00,350.56131513277336
2023-01-31 01:00:00+08:00,347.73238336752144
2023-01-31 02:00:00+08:00,290.73648795427476
2023-01-31 03:00:00+08:00,300.770538933453
2023-01-31 04:00:00+08:00,320.43731014895656
2023-01-31 05:00:00+08:00,392.8009186141926
2023-01-31 06:00:00+08:00,485.3087104535472
2023-01-31 07:00:00+08:00,606.725634495284
2023-01-31 08:00:00+08:00,610.6647099993332
2023-01-31 09:00:00+08:00,611.1925839041896
2023-01-31 10:00:00+08:00,651.307065850942
2023-01-31 11:00:00+08:00,641.33726030243
2023-01-31 12:00:00+08:00,653.8901259471119
2023-01-31 13:00:00+08:00,622.3417255425296
2023-01-31 14:00:00+08:00,614.6163326135057
2023-01-31 15:00:00+08:00,631.0148167461431
2023-01-31 16:00:00+08:00,659.751844667904
2023-01-31 17:00:00+08:00,660.5002311636248
2023-01-31 18:00:00+08:00,586.4193240826252
2023-01-31 19:00:00+08:00,553.2131041260498
2023-01-31 20:00:00+08:00,598.9358701465595
2023-01-31 21:00:00+08:00,569.7075982407846
2023-01-31 22:00:00+08:00,460.2931071785331
2023-01-31 23:00:00+08:00,384.95956340635803
2023-02-01 00:00:00+08:00,352.79488464765615
2023-02-01 01:00:00+08:00,344.6057091969615
2023-02-01 02:00:00+08:00,342.4273025128474
2023-02-01 03:00:00+08:00,326.0545247975525
2023-02-01 04:00:00+08:00,327.29551432133667
2023-02-01 05:00:00+08:00,357.331561449988
2023-02-01 06:00:00+08:00,479.40518264996723
2023-02-01 07:00:00+08:00,580.7647890496534
2023-02-01 08:00:00+08:00,612.9726002921113
2023-02-01 09:00:00+08:00,691.2734220304835
2023-02-01 10:00:00+08:00,684.5370360086131
2023-02-01 11:00:00+08:00,667.9477623681386
2023-02-01 12:00:00+08:00,615.3804766452977
2023-02-01 13:00:00+08:00,647.5503035095373
2023-02-01 14:00:00+08:00,622.497866098899
2023-02-01 15:00:00+08:00,637.219718707612
2023-02-01 16:00:00+08:00,670.8514125574918
2023-02-01 17:00:00+08:00,655.1521616626248
2023-02-01 18:00:00+08:00,644.6699506194126
2023-02-01 19:00:00+08:00,622.431824859385
2023-02-01 20:00:00+08:00,582.8613425959979
2023-02-01 21:00:00+08:00,504.33158073519684
2023-02-01 22:00:00+08:00,480.7884917954852
2023-02-01 23:00:00+08:00,406.05493216062814
2023-02-02 00:00:00+08:00,332.9178218826999
2023-02-02 01:00:00+08:00,354.05888480321295
2023-02-02 02:00:00+08:00,341.04320273084096
2023-02-02 03:00:00+08:00,336.3251368173456
2023-02-02 04:00:00+08:00,335.1283319806223
2023-02-02 05:00:00+08:00,390.0099388657953
2023-02-02 06:00:00+08:00,478.70434044364106
2023-02-02 07:00:00+08:00,591.6887772363358
2023-02-02 08:00:00+08:00,610.061020701575
2023-02-02 09:00:00+08:00,648.095533988491
2023-02-02 10:00:00+08:00,639.5058377392463
2023-02-02 11:00:00+08:00,604.7230219640486
2023-02-02 12:00:00+08:00,636.6583953323086
2023-02-02 13:00:00+08:00,623.2116815009147
2023-02-02 14:00:00+08:00,649.6443035466516
2023-02-02 15:00:00+08:00,647.568262590002
2023-02-02 16:00:00+08:00,638.256945215419
2023-02-02 17:00:00+08:00,644.3135762781753
2023-02-02 18:00:00+08:00,626.311249230564
2023-02-02 19:00:00+08:00,601.1474542088331
2023-02-02 20:00:00+08:00,549.308567232697
2023-02-02 21:00:00+08:00,538.9937057089359
2023-02-02 22:00:00+08:00,464.19412086643706
2023-02-02 23:00:00+08:00,393.93807563286384
2023-02-03 00:00:00+08:00,357.5135776588111
2023-02-03 01:00:00+08:00,336.4234557880684
2023-02-03 02:00:00+08:00,295.7367797940712
2023-02-03 03:00:00+08:00,316.93639059740127
2023-02-03 04:00:00+08:00,344.4319852913592
2023-02-03 05:00:00+08:00,385.1128943836085
2023-02-03 06:00:00+08:00,497.352789342361
2023-02-03 07:00:00+08:00,586.951063471961
2023-02-03 08:00:00+08:00,615.4670660593706
2023-02-03 09:00:00+08:00,609.3861865434272
2023-02-03 10:00:00+08:00,645.7792959231894
2023-02-03 11:00:00+08:00,646.6628165333094
2023-02-03 12:00:00+08:00,669.7999136601369
2023-02-03 13:00:00+08:00,651.725683420198
2023-02-03 14:00:00+08:00,601.94812005282
2023-02-03 15:00:00+08:00,593.1905452112491
2023-02-03 16:00:00+08:00,628.867959253539
2023-02-03 17:00:00+08:00,642.5338200109312
2023-02-03 18:00:00+08:00,619.2127143702179
2023-02-03 19:00:00+08:00,591.1603627976306
2023-02-03 20:00:00+08:00,579.0980452611307
2023-02-03 21:00:00+08:00,530.5342669491699
2023-02-03 22:00:00+08:00,465.7467649590893
2023-02-03 23:00:00+08:00,419.2074788111132
2023-02-04 00:00:00+08:00,154.8830624279454
2023-02-04 01:00:00+08:00,150.28118831843798
2023-02-04 02:00:00+08:00,144.66771340124805
2023-02-04 03:00:00+08:00,136.58158434280972
2023-02-04 04:00:00+08:00,145.96311927815944
2023-02-04 05:00:00+08:00,175.54733350262688
2023-02-04 06:00:00+08:00,204.67789398696416
2023-02-04 07:00:00+08:00,241.01754340424193
2023-02-04 08:00:00+08:00,264.8927259858093
2023-02-04 09:00:00+08:00,286.5409626073248
2023-02-04 10:00:00+08:00,286.5616534947062
2023-02-04 11:00:00+08:00,284.86125765857327
2023-02-04 12:00:00+08:00,300.1081222458606
2023-02-04 13:00:00+08:00,250.4961054123579
2023-02-04 14:00:00+08:00,276.2034521608046
2023-02-04 15:00:00+08:00,298.0018580400351
2023-02-04 16:00:00+08:00,273.29652128267577
2023-02-04 17:00:00+08:00,281.85956099710256
2023-02-04 18:00:00+08:00,272.0365970345983
2023-02-04 19:00:00+08:00,262.1705061758181
2023-02-04 20:00:00+08:00,254.22529950777405
2023-02-04 21:00:00+08:00,257.16749518240687
2023-02-04 22:00:00+08:00,230.43200382294197
2023-02-04 23:00:00+08:00,183.5351486878967
2023-02-05 00:00:00+08:00,169.14426817575327
2023-02-05 01:00:00+08:00,148.80638528691753
2023-02-05 02:00:00+08:00,152.90241293940787
2023-02-05 03:00:00+08:00,142.34651701062046
2023-02-05 04:00:00+08:00,149.37390704657125
2023-02-05 05:00:00+08:00,168.16345109484539
2023-02-05 06:00:00+08:00,241.57123126347307
2023-02-05 07:00:00+08:00,271.850790456671
2023-02-05 08:00:00+08:00,277.675171366975
2023-02-05 09:00:00+08:00,296.83548576685047
2023-02-05 10:00:00+08:00,281.6235899356979
2023-02-05 11:00:00+08:00,280.1614427737675
2023-02-05 12:00:00+08:00,296.1451307678653
2023-02-05 13:00:00+08:00,280.39249712665014
2023-02-05 14:00:00+08:00,274.4965161394841
2023-02-05 15:00:00+08:00,280.20094273795576
2023-02-05 16:00:00+08:00,289.60674561363896
2023-02-05 17:00:00+08:00,290.6169941740189
2023-02-05 18:00:00+08:00,258.3468228086967
2023-02-05 19:00:00+08:00,278.70971856170246
2023-02-05 20:00:00+08:00,247.0811569795839
2023-02-05 21:00:00+08:00,228.88243021124637
2023-02-05 22:00:00+08:00,213.818857716695
2023-02-05 23:00:00+08:00,186.36761495887606
2023-02-06 00:00:00+08:00,339.0332646486477
2023-02-06 01:00:00+08:00,340.64530184676283
2023-02-06 02:00:00+08:00,299.98678326038305
2023-02-06 03:00:00+08:00,311.8457376039189
2023-02-06 04:00:00+08:00,321.97311999611713
2023-02-06 05:00:00+08:00,367.0415653081789
2023-02-06 06:00:00+08:00,480.8129171567524
2023-02-06 07:00:00+08:00,559.7750311224158
2023-02-06 08:00:00+08:00,652.3799095106508
2023-02-06 09:00:00+08:00,635.6095298023005
2023-02-06 10:00:00+08:00,586.0311131413193
2023-02-06 11:00:00+08:00,584.3409598466653
2023-02-06 12:00:00+08:00,633.69933704102
2023-02-06 13:00:00+08:00,615.8397664821055
2023-02-06 14:00:00+08:00,599.8195285064846
2023-02-06 15:00:00+08:00,620.6360696072016
2023-02-06 16:00:00+08:00,639.7320637390262
2023-02-06 17:00:00+08:00,658.0445999888547
2023-02-06 18:00:00+08:00,593.7169448061023
2023-02-06 19:00:00+08:00,574.0755087480201
2023-02-06 20:00:00+08:00,545.6560974881459
2023-02-06 21:00:00+08:00,545.1379992879993
2023-02-06 22:00:00+08:00,499.18815844176885
2023-02-06 23:00:00+08:00,404.99731288062884
2023-02-07 00:00:00+08:00,313.3065967741645
2023-02-07 01:00:00+08:00,306.7199166421304
2023-02-07 02:00:00+08:00,305.9491349972644
2023-02-07 03:00:00+08:00,309.43447956050545
2023-02-07 04:00:00+08:00,323.77810265340077
2023-02-07 05:00:00+08:00,367.70103434131255
2023-02-07 06:00:00+08:00,468.82285755381446
2023-02-07 07:00:00+08:00,606.7945735097237
2023-02-07 08:00:00+08:00,615.8739415998492
2023-02-07 09:00:00+08:00,611.1568802774185
2023-02-07 10:00:00+08:00,645.1153868443475
2023-02-07 11:00:00+08:00,594.1085712447752
2023-02-07 12:00:00+08:00,642.8572862869506
2023-02-07 13:00:00+08:00,622.8753077328284
2023-02-07 14:00:00+08:00,597.7943911437978
2023-02-07 15:00:00+08:00,659.7408853639022
2023-02-07 16:00:00+08:00,617.2363866907597
2023-02-07 17:00:00+08:00,685.1564032332781
2023-02-07 18:00:00+08:00,614.736951140658
2023-02-07 19:00:00+08:00,570.6240295245435
2023-02-07 20:00:00+08:00,571.2847005268735
2023-02-07 21:00:00+08:00,514.8792756837889
2023-02-07 22:00:00+08:00,460.4672030036443
2023-02-07 23:00:00+08:00,417.97806222743884
2023-02-08 00:00:00+08:00,355.3013715062427
2023-02-08 01:00:00+08:00,320.4400904812477
2023-02-08 02:00:00+08:00,328.45913015985155
2023-02-08 03:00:00+08:00,330.60908533943774
2023-02-08 04:00:00+08:00,347.4981213547466
2023-02-08 05:00:00+08:00,374.29777595325675
2023-02-08 06:00:00+08:00,499.8176317222762
2023-02-08 07:00:00+08:00,537.661668972176
2023-02-08 08:00:00+08:00,623.9221577000728
2023-02-08 09:00:00+08:00,610.041858155371
2023-02-08 10:00:00+08:00,634.9721359700624
2023-02-08 11:00:00+08:00,617.5130218461121
2023-02-08 12:00:00+08:00,627.758111918694
2023-02-08 13:00:00+08:00,665.9458159905674
2023-02-08 14:00:00+08:00,596.2846680677824
2023-02-08 15:00:00+08:00,629.5699190078918
2023-02-08 16:00:00+08:00,626.086923763318
2023-02-08 17:00:00+08:00,633.8722106905012
2023-02-08 18:00:00+08:00,619.4681887584067
2023-02-08 19:00:00+08:00,611.1266302332167
2023-02-08 20:00:00+08:00,595.2738024416512
2023-02-08 21:00:00+08:00,572.5614261165135
2023-02-08 22:00:00+08:00,479.8387382492177
2023-02-08 23:00:00+08:00,420.45969360147444
2023-02-09 00:00:00+08:00,331.0299271677414
2023-02-09 01:00:00+08:00,326.9234066160025
2023-02-09 02:00:00+08:00,327.32317147123183
2023-02-09 03:00:00+08:00,326.38536664610484
2023-02-09 04:00:00+08:00,330.85358702250335
2023-02-09 05:00:00+08:00,378.9059961382953
2023-02-09 06:00:00+08:00,482.4764164861986
2023-02-09 07:00:00+08:00,608.3116351969923
2023-02-09 08:00:00+08:00,638.219034135006
2023-02-09 09:00:00+08:00,621.9399360952589
2023-02-09 10:00:00+08:00,639.3920872269043
2023-02-09 11:00:00+08:00,556.9581520021273
2023-02-09 12:00:00+08:00,640.5793329001104
2023-02-09 13:00:00+08:00,528.0659535173778
2023-02-09 14:00:00+08:00,558.0510039592966
2023-02-09 15:00:00+08:00,629.471352407541
2023-02-09 16:00:00+08:00,642.9678215591912
2023-02-09 17:00:00+08:00,601.5807512417035
2023-02-09 18:00:00+08:00,600.686585460689
2023-02-09 19:00:00+08:00,632.2292328630979
2023-02-09 20:00:00+08:00,556.8311423741872
2023-02-09 21:00:00+08:00,584.39233883921
2023-02-09 22:00:00+08:00,473.1510929413837
2023-02-09 23:00:00+08:00,416.7891299590344
2023-02-10 00:00:00+08:00,368.8316964177077
2023-02-10 01:00:00+08:00,329.2471874734744
2023-02-10 02:00:00+08:00,302.3063847370207
2023-02-10 03:00:00+08:00,313.5509694423069
2023-02-10 04:00:00+08:00,327.06402782901483
2023-02-10 05:00:00+08:00,345.3797244752229
2023-02-10 06:00:00+08:00,467.56566206840023
2023-02-10 07:00:00+08:00,562.2738310361249
2023-02-10 08:00:00+08:00,653.1553634987116
2023-02-10 09:00:00+08:00,630.7385190361848
2023-02-10 10:00:00+08:00,622.7415420797263
2023-02-10 11:00:00+08:00,627.1912670803623
2023-02-10 12:00:00+08:00,635.4879679106771
2023-02-10 13:00:00+08:00,632.4987701547108
2023-02-10 14:00:00+08:00,574.4451217913196
2023-02-10 15:00:00+08:00,591.5515582499705
2023-02-10 16:00:00+08:00,657.6985012184665
2023-02-10 17:00:00+08:00,619.4777976077935
2023-02-10 18:00:00+08:00,582.2862381137721
2023-02-10 19:00:00+08:00,608.9957849645717
2023-02-10 20:00:00+08:00,577.3868361793969
2023-02-10 21:00:00+08:00,502.60553986177837
2023-02-10 22:00:00+08:00,476.73614873387896
2023-02-10 23:00:00+08:00,421.4595125775841
2023-02-11 00:00:00+08:00,157.96093172064798
2023-02-11 01:00:00+08:00,150.86099635144805
2023-02-11 02:00:00+08:00,133.53493098207736
2023-02-11 03:00:00+08:00,143.35553803624478
2023-02-11 04:00:00+08:00,145.36025600351272
2023-02-11 05:00:00+08:00,160.94981620446302
2023-02-11 06:00:00+08:00,219.61321343254045
2023-02-11 07:00:00+08:00,275.73084811168746
2023-02-11 08:00:00+08:00,303.2738736361658
2023-02-11 09:00:00+08:00,297.8459169191352
2023-02-11 10:00:00+08:00,281.7221421958693
2023-02-11 11:00:00+08:00,286.95646269670823
2023-02-11 12:00:00+08:00,291.643511965354
2023-02-11 13:00:00+08:00,278.6490218965175
2023-02-11 14:00:00+08:00,270.222027157776
2023-02-11 15:00:00+08:00,286.44212331194024
2023-02-11 16:00:00+08:00,282.2931812836484
2023-02-11 17:00:00+08:00,274.7096928092956
2023-02-11 18:00:00+08:00,272.7074760125398
2023-02-11 19:00:00+08:00,275.6321763420124
2023-02-11 20:00:00+08:00,254.69825008845262
2023-02-11 21:00:00+08:00,243.79263551864474
2023-02-11 22:00:00+08:00,217.91138453150614
2023-02-11 23:00:00+08:00,181.16897997981442
2023-02-12 00:00:00+08:00,160.06703370439533
2023-02-12 01:00:00+08:00,149.1185810251662
2023-02-12 02:00:00+08:00,134.26655474895338
2023-02-12 03:00:00+08:00,149.3915102337784
2023-02-12 04:00:00+08:00,143.9503856447132
2023-02-12 05:00:00+08:00,152.99481209991995
2023-02-12 06:00:00+08:00,203.00804673058767
2023-02-12 07:00:00+08:00,249.2726803595761
2023-02-12 08:00:00+08:00,283.0753246562755
2023-02-12 09:00:00+08:00,279.39144067909456
2023-02-12 10:00:00+08:00,278.67978594148303
2023-02-12 11:00:00+08:00,289.48807591375066
2023-02-12 12:00:00+08:00,286.32619427381337
2023-02-12 13:00:00+08:00,280.3358180252625
2023-02-12 14:00:00+08:00,272.76079328928375
2023-02-12 15:00:00+08:00,283.65881212946744
2023-02-12 16:00:00+08:00,258.66712070832057
2023-02-12 17:00:00+08:00,278.36785061024233
2023-02-12 18:00:00+08:00,252.6936475797234
2023-02-12 19:00:00+08:00,268.7485898592061
2023-02-12 20:00:00+08:00,254.190101260347
2023-02-12 21:00:00+08:00,250.15475899588242
2023-02-12 22:00:00+08:00,221.92904224536414
2023-02-12 23:00:00+08:00,185.1050751118436
2023-02-13 00:00:00+08:00,337.77475707520216
2023-02-13 01:00:00+08:00,332.19687612714836
2023-02-13 02:00:00+08:00,306.7225788803899
2023-02-13 03:00:00+08:00,313.32181711116186
2023-02-13 04:00:00+08:00,338.7270446902933
2023-02-13 05:00:00+08:00,355.36415015588426
2023-02-13 06:00:00+08:00,485.15595350760543
2023-02-13 07:00:00+08:00,592.1663353391688
2023-02-13 08:00:00+08:00,602.7446421816562
2023-02-13 09:00:00+08:00,651.0912861852594
2023-02-13 10:00:00+08:00,644.1896056220464
2023-02-13 11:00:00+08:00,629.2335346813163
2023-02-13 12:00:00+08:00,607.5692738237136
2023-02-13 13:00:00+08:00,593.0378908454483
2023-02-13 14:00:00+08:00,582.5408359799667
2023-02-13 15:00:00+08:00,627.4742396164344
2023-02-13 16:00:00+08:00,602.7237524722874
2023-02-13 17:00:00+08:00,637.6457255716037
2023-02-13 18:00:00+08:00,583.6402564963663
2023-02-13 19:00:00+08:00,590.4849714845521
2023-02-13 20:00:00+08:00,566.4843898389978
2023-02-13 21:00:00+08:00,584.775322785241
2023-02-13 22:00:00+08:00,444.11488292065377
2023-02-13 23:00:00+08:00,431.32553218642147
2023-02-14 00:00:00+08:00,346.1464821550207
2023-02-14 01:00:00+08:00,330.6663508679897
2023-02-14 02:00:00+08:00,314.28455620098714
2023-02-14 03:00:00+08:00,318.3682582662797
2023-02-14 04:00:00+08:00,323.3160715910445
2023-02-14 05:00:00+08:00,383.956594661912
2023-02-14 06:00:00+08:00,460.6385002294701
2023-02-14 07:00:00+08:00,601.6256444497697
2023-02-14 08:00:00+08:00,609.4827014111131
2023-02-14 09:00:00+08:00,624.099778157812
2023-02-14 10:00:00+08:00,598.7824243811639
2023-02-14 11:00:00+08:00,636.9941893169587
2023-02-14 12:00:00+08:00,661.7708062417513
2023-02-14 13:00:00+08:00,611.198319077446
2023-02-14 14:00:00+08:00,589.6465808651997
2023-02-14 15:00:00+08:00,585.7607269929233
2023-02-14 16:00:00+08:00,619.8696500268932
2023-02-14 17:00:00+08:00,585.7489746821728
2023-02-14 18:00:00+08:00,590.7081364301653
2023-02-14 19:00:00+08:00,599.7185658870624
2023-02-14 20:00:00+08:00,592.753430274936
2023-02-14 21:00:00+08:00,591.5201664826302
2023-02-14 22:00:00+08:00,458.19649236163133
2023-02-14 23:00:00+08:00,429.99119959421165
2023-02-15 00:00:00+08:00,346.84305633814506
2023-02-15 01:00:00+08:00,322.79316735161166
2023-02-15 02:00:00+08:00,317.6706357919162
2023-02-15 03:00:00+08:00,313.0406124568294
2023-02-15 04:00:00+08:00,326.19199767031495
2023-02-15 05:00:00+08:00,356.31356945686815
2023-02-15 06:00:00+08:00,442.2058192584776
2023-02-15 07:00:00+08:00,539.0947737304047
2023-02-15 08:00:00+08:00,640.8534235597473
2023-02-15 09:00:00+08:00,617.6221160734658
2023-02-15 10:00:00+08:00,609.6433432908735
2023-02-15 11:00:00+08:00,624.7469480729799
2023-02-15 12:00:00+08:00,644.392969387907
2023-02-15 13:00:00+08:00,616.4594016286785
2023-02-15 14:00:00+08:00,577.7380435651207
2023-02-15 15:00:00+08:00,642.0655753411097
2023-02-15 16:00:00+08:00,663.98469677091
2023-02-15 17:00:00+08:00,636.8891728527332
2023-02-15 18:00:00+08:00,635.8807641754598
2023-02-15 19:00:00+08:00,622.7823217812269
2023-02-15 20:00:00+08:00,587.4893142352038
2023-02-15 21:00:00+08:00,543.894183374324
2023-02-15 22:00:00+08:00,479.61149994556354
2023-02-15 23:00:00+08:00,414.38559716711296
2023-02-16 00:00:00+08:00,327.8520990284258
2023-02-16 01:00:00+08:00,333.28647493701
2023-02-16 02:00:00+08:00,294.8243670264969
2023-02-16 03:00:00+08:00,301.8222697770576
2023-02-16 04:00:00+08:00,341.1041170406211
2023-02-16 05:00:00+08:00,373.7603312301194
2023-02-16 06:00:00+08:00,495.4154749966302
2023-02-16 07:00:00+08:00,567.3506293232051
2023-02-16 08:00:00+08:00,594.7253275532598
2023-02-16 09:00:00+08:00,617.4644728570795
2023-02-16 10:00:00+08:00,626.0050973419685
2023-02-16 11:00:00+08:00,625.4304516916282
2023-02-16 12:00:00+08:00,651.7328019508285
2023-02-16 13:00:00+08:00,602.1620609452516
2023-02-16 14:00:00+08:00,600.6277933622217
2023-02-16 15:00:00+08:00,586.8296787710224
2023-02-16 16:00:00+08:00,634.6908007710588
2023-02-16 17:00:00+08:00,623.5381199421647
2023-02-16 18:00:00+08:00,592.6662060264806
2023-02-16 19:00:00+08:00,586.7004157471337
2023-02-16 20:00:00+08:00,556.9807902844291
2023-02-16 21:00:00+08:00,524.2148512949618
2023-02-16 22:00:00+08:00,500.72629228365844
2023-02-16 23:00:00+08:00,403.65358115075543
2023-02-17 00:00:00+08:00,338.97341167458933
2023-02-17 01:00:00+08:00,296.4884733174996
2023-02-17 02:00:00+08:00,300.06273903143875
2023-02-17 03:00:00+08:00,307.91893267557555
2023-02-17 04:00:00+08:00,314.76253611396777
2023-02-17 05:00:00+08:00,380.9355852928891
2023-02-17 06:00:00+08:00,463.71075018826014
2023-02-17 07:00:00+08:00,602.1065629646973
2023-02-17 08:00:00+08:00,623.9233736964527
2023-02-17 09:00:00+08:00,623.3140118682436
2023-02-17 10:00:00+08:00,620.1765757810837
2023-02-17 11:00:00+08:00,622.4817162410671
2023-02-17 12:00:00+08:00,665.1774475371183
2023-02-17 13:00:00+08:00,553.3465777675106
2023-02-17 14:00:00+08:00,543.9298606993268
2023-02-17 15:00:00+08:00,596.6874095781877
2023-02-17 16:00:00+08:00,622.7488854176999
2023-02-17 17:00:00+08:00,639.5676933138624
2023-02-17 18:00:00+08:00,621.4816446218267
2023-02-17 19:00:00+08:00,582.1801562328071
2023-02-17 20:00:00+08:00,582.9811173118611
2023-02-17 21:00:00+08:00,550.8292606349715
2023-02-17 22:00:00+08:00,470.22706221183137
2023-02-17 23:00:00+08:00,420.12947405353555
2023-02-18 00:00:00+08:00,155.45264999264944
2023-02-18 01:00:00+08:00,142.12253004666852
2023-02-18 02:00:00+08:00,143.69808236275443
2023-02-18 03:00:00+08:00,140.41453308171324
2023-02-18 04:00:00+08:00,145.39563417336043
2023-02-18 05:00:00+08:00,171.71772670405133
2023-02-18 06:00:00+08:00,189.1366757562713
2023-02-18 07:00:00+08:00,242.63811178666217
2023-02-18 08:00:00+08:00,266.3161883834552
2023-02-18 09:00:00+08:00,275.5294134747312
2023-02-18 10:00:00+08:00,276.7445480367089
2023-02-18 11:00:00+08:00,262.73455641292867
2023-02-18 12:00:00+08:00,268.57431202204936
2023-02-18 13:00:00+08:00,264.565333836073
2023-02-18 14:00:00+08:00,291.7212970038002
2023-02-18 15:00:00+08:00,293.7472678774124
2023-02-18 16:00:00+08:00,274.987130577672
2023-02-18 17:00:00+08:00,275.5258051415387
2023-02-18 18:00:00+08:00,261.40488092850825
2023-02-18 19:00:00+08:00,245.33947989828476
2023-02-18 20:00:00+08:00,250.45636837836588
2023-02-18 21:00:00+08:00,228.167494894456
2023-02-18 22:00:00+08:00,208.98229737640764
2023-02-18 23:00:00+08:00,170.1022790657592
2023-02-19 00:00:00+08:00,148.83225644838788
2023-02-19 01:00:00+08:00,146.0006410612383
2023-02-19 02:00:00+08:00,141.59982572865442
2023-02-19 03:00:00+08:00,141.88598363293735
2023-02-19 04:00:00+08:00,137.47167092773242
2023-02-19 05:00:00+08:00,167.41886548995268
2023-02-19 06:00:00+08:00,202.63290381769568
2023-02-19 07:00:00+08:00,263.2825013664335
2023-02-19 08:00:00+08:00,278.9923496311702
2023-02-19 09:00:00+08:00,263.7445220435348
2023-02-19 10:00:00+08:00,275.58095267471225
2023-02-19 11:00:00+08:00,283.1902079476583
2023-02-19 12:00:00+08:00,285.95454281715854
2023-02-19 13:00:00+08:00,271.9863314682682
2023-02-19 14:00:00+08:00,281.4019564147328
2023-02-19 15:00:00+08:00,284.55223465999717
2023-02-19 16:00:00+08:00,276.24572378899705
2023-02-19 17:00:00+08:00,287.48581825238546
2023-02-19 18:00:00+08:00,294.6868384125039
2023-02-19 19:00:00+08:00,285.94890466380446
2023-02-19 20:00:00+08:00,238.86106869920712
2023-02-19 21:00:00+08:00,228.45186211629428
2023-02-19 22:00:00+08:00,221.7670639861806
2023-02-19 23:00:00+08:00,173.7424025891745
2023-02-20 00:00:00+08:00,322.53475595762205
2023-02-20 01:00:00+08:00,315.71326266216295
2023-02-20 02:00:00+08:00,314.795245257731
2023-02-20 03:00:00+08:00,308.32325866514856
2023-02-20 04:00:00+08:00,313.5963482934172
2023-02-20 05:00:00+08:00,349.4408258585634
2023-02-20 06:00:00+08:00,451.1549541587468
2023-02-20 07:00:00+08:00,549.6075630989359
2023-02-20 08:00:00+08:00,675.6925035159142
2023-02-20 09:00:00+08:00,626.5511549584933
2023-02-20 10:00:00+08:00,641.1452390723042
2023-02-20 11:00:00+08:00,607.0694772396253
2023-02-20 12:00:00+08:00,614.5769621110222
2023-02-20 13:00:00+08:00,589.4796031432058
2023-02-20 14:00:00+08:00,525.8315934310198
2023-02-20 15:00:00+08:00,573.351971970492
2023-02-20 16:00:00+08:00,574.3384638886645
2023-02-20 17:00:00+08:00,563.461528265352
2023-02-20 18:00:00+08:00,577.7852524833521
2023-02-20 19:00:00+08:00,619.398278818739
2023-02-20 20:00:00+08:00,556.2738392717788
2023-02-20 21:00:00+08:00,553.4744341814506
2023-02-20 22:00:00+08:00,472.0211537032027
2023-02-20 23:00:00+08:00,415.06691219453825
2023-02-21 00:00:00+08:00,327.71705114011155
2023-02-21 01:00:00+08:00,328.16081072561207
2023-02-21 02:00:00+08:00,318.07062229564883
2023-02-21 03:00:00+08:00,301.9331212446356
2023-02-21 04:00:00+08:00,328.618382978738
2023-02-21 05:00:00+08:00,366.63121539202865
2023-02-21 06:00:00+08:00,453.4021177147234
2023-02-21 07:00:00+08:00,543.1343492412701
2023-02-21 08:00:00+08:00,588.8463024673152
2023-02-21 09:00:00+08:00,620.2626650013221
2023-02-21 10:00:00+08:00,626.209123127111
2023-02-21 11:00:00+08:00,598.5286558249273
2023-02-21 12:00:00+08:00,618.7811408708853
2023-02-21 13:00:00+08:00,619.585714424248
2023-02-21 14:00:00+08:00,601.7381280029283
2023-02-21 15:00:00+08:00,643.3641026108631
2023-02-21 16:00:00+08:00,649.6971103421147
2023-02-21 17:00:00+08:00,593.3669361654887
2023-02-21 18:00:00+08:00,646.5554009159875
2023-02-21 19:00:00+08:00,574.7456780302402
2023-02-21 20:00:00+08:00,579.5624254621679
2023-02-21 21:00:00+08:00,526.8340678287178
2023-02-21 22:00:00+08:00,455.9500842301623
2023-02-21 23:00:00+08:00,372.7285900383025
2023-02-22 00:00:00+08:00,337.06042081760734
2023-02-22 01:00:00+08:00,300.862522963769
2023-02-22 02:00:00+08:00,320.4737791850645
2023-02-22 03:00:00+08:00,327.25531744827913
2023-02-22 04:00:00+08:00,310.64892602333396
2023-02-22 05:00:00+08:00,362.22469686996004
2023-02-22 06:00:00+08:00,449.37531507562426
2023-02-22 07:00:00+08:00,553.4343028512795
2023-02-22 08:00:00+08:00,636.1885885253544
2023-02-22 09:00:00+08:00,616.1205988005632
2023-02-22 10:00:00+08:00,660.0113461355136
2023-02-22 11:00:00+08:00,605.1689506381502
2023-02-22 12:00:00+08:00,641.7383259689026
2023-02-22 13:00:00+08:00,607.0867512364366
2023-02-22 14:00:00+08:00,604.8782255854604
2023-02-22 15:00:00+08:00,593.9140040517552
2023-02-22 16:00:00+08:00,615.8485793260761
2023-02-22 17:00:00+08:00,614.2209896267033
2023-02-22 18:00:00+08:00,584.506831115798
2023-02-22 19:00:00+08:00,601.7432130794308
2023-02-22 20:00:00+08:00,569.8096629208397
2023-02-22 21:00:00+08:00,536.9640988196793
2023-02-22 22:00:00+08:00,491.25642181589956
2023-02-22 23:00:00+08:00,424.34978820737246
2023-02-23 00:00:00+08:00,333.73386299196557
2023-02-23 01:00:00+08:00,325.1145678421428
2023-02-23 02:00:00+08:00,300.3308402521477
2023-02-23 03:00:00+08:00,308.3016992056337
2023-02-23 04:00:00+08:00,312.6496888719331
2023-02-23 05:00:00+08:00,380.44997781069407
2023-02-23 06:00:00+08:00,468.74236922499
2023-02-23 07:00:00+08:00,561.8029830384681
2023-02-23 08:00:00+08:00,645.439990922966
2023-02-23 09:00:00+08:00,562.5415114851869
2023-02-23 10:00:00+08:00,566.3981618968396
2023-02-23 11:00:00+08:00,635.6382498966564
2023-02-23 12:00:00+08:00,617.517907398153
2023-02-23 13:00:00+08:00,609.755190196785
2023-02-23 14:00:00+08:00,554.176816393559
2023-02-23 15:00:00+08:00,603.1462849424489
2023-02-23 16:00:00+08:00,665.3966049373697
2023-02-23 17:00:00+08:00,636.337095711653
2023-02-23 18:00:00+08:00,607.8054628869005
2023-02-23 19:00:00+08:00,574.9486631234829
2023-02-23 20:00:00+08:00,545.6746637895945
2023-02-23 21:00:00+08:00,479.0277725987014
2023-02-23 22:00:00+08:00,466.782333623355
2023-02-23 23:00:00+08:00,413.96000400495114
2023-02-24 00:00:00+08:00,316.92839064480756
2023-02-24 01:00:00+08:00,311.33573666211055
2023-02-24 02:00:00+08:00,293.2599650431362
2023-02-24 03:00:00+08:00,295.6229343781692
2023-02-24 04:00:00+08:00,320.48061810844405
2023-02-24 05:00:00+08:00,326.95616008962145
2023-02-24 06:00:00+08:00,472.57810070274036
2023-02-24 07:00:00+08:00,582.8548482243774
2023-02-24 08:00:00+08:00,608.8161915616217
2023-02-24 09:00:00+08:00,553.9684881068712
2023-02-24 10:00:00+08:00,590.4816183404082
2023-02-24 11:00:00+08:00,645.3223019709095
2023-02-24 12:00:00+08:00,546.6553384446016
2023-02-24 13:00:00+08:00,594.3153800243856
2023-02-24 14:00:00+08:00,556.6672696272191
2023-02-24 15:00:00+08:00,622.0897503148966
2023-02-24 16:00:00+08:00,598.385626531706
2023-02-24 17:00:00+08:00,624.9304072041086
2023-02-24 18:00:00+08:00,616.3253525624297
2023-02-24 19:00:00+08:00,627.1557117347659
2023-02-24 20:00:00+08:00,549.0008373640859
2023-02-24 21:00:00+08:00,530.6072617264483
2023-02-24 22:00:00+08:00,433.84596280217335
2023-02-24 23:00:00+08:00,418.7801146914334
2023-02-25 00:00:00+08:00,147.33475826893718
2023-02-25 01:00:00+08:00,140.44625731313803
2023-02-25 02:00:00+08:00,138.0201146730941
2023-02-25 03:00:00+08:00,129.50698540422303
2023-02-25 04:00:00+08:00,144.98345615764688
2023-02-25 05:00:00+08:00,166.44723937740437
2023-02-25 06:00:00+08:00,209.6425810096431
2023-02-25 07:00:00+08:00,238.02836820339178
2023-02-25 08:00:00+08:00,274.9178281237297
2023-02-25 09:00:00+08:00,284.48659046066336
2023-02-25 10:00:00+08:00,255.53161195472674
2023-02-25 11:00:00+08:00,264.408383206919
2023-02-25 12:00:00+08:00,285.97317214494245
2023-02-25 13:00:00+08:00,273.68562328282957
2023-02-25 14:00:00+08:00,266.7970314443033
2023-02-25 15:00:00+08:00,290.89947826387464
2023-02-25 16:00:00+08:00,281.46428439003364
2023-02-25 17:00:00+08:00,283.5567120999081
2023-02-25 18:00:00+08:00,300.1188769150978
2023-02-25 19:00:00+08:00,260.2270879820628
2023-02-25 20:00:00+08:00,240.7215086429903
2023-02-25 21:00:00+08:00,238.86178740611183
2023-02-25 22:00:00+08:00,210.85318828169179
2023-02-25 23:00:00+08:00,175.80233707077085
2023-02-26 00:00:00+08:00,145.44191793286004
2023-02-26 01:00:00+08:00,156.68407970296025
2023-02-26 02:00:00+08:00,139.71832547626724
2023-02-26 03:00:00+08:00,133.87552434675692
2023-02-26 04:00:00+08:00,148.68681147719155
2023-02-26 05:00:00+08:00,159.28324953991353
2023-02-26 06:00:00+08:00,204.78031354711277
2023-02-26 07:00:00+08:00,259.47145983592725
2023-02-26 08:00:00+08:00,261.57689279753885
2023-02-26 09:00:00+08:00,279.7211285722924
2023-02-26 10:00:00+08:00,296.9365672237186
2023-02-26 11:00:00+08:00,280.9739558270202
2023-02-26 12:00:00+08:00,271.6796837130247
2023-02-26 13:00:00+08:00,264.8308002124666
2023-02-26 14:00:00+08:00,257.737986229768
2023-02-26 15:00:00+08:00,267.56791882273495
2023-02-26 16:00:00+08:00,271.6620920264246
2023-02-26 17:00:00+08:00,285.94038110607784
2023-02-26 18:00:00+08:00,251.57348374382076
2023-02-26 19:00:00+08:00,271.07409397453773
2023-02-26 20:00:00+08:00,244.47721469016068
2023-02-26 21:00:00+08:00,237.99104347861694
2023-02-26 22:00:00+08:00,197.54715646827006
2023-02-26 23:00:00+08:00,188.8182364200537
2023-02-27 00:00:00+08:00,353.34652520612156
2023-02-27 01:00:00+08:00,330.4321016998198
2023-02-27 02:00:00+08:00,287.4393054893613
2023-02-27 03:00:00+08:00,316.1263402272485
2023-02-27 04:00:00+08:00,323.3710351347799
2023-02-27 05:00:00+08:00,332.14449514753017
2023-02-27 06:00:00+08:00,458.52184290064037
2023-02-27 07:00:00+08:00,571.2099643284196
2023-02-27 08:00:00+08:00,625.5689866223036
2023-02-27 09:00:00+08:00,616.2962704754498
2023-02-27 10:00:00+08:00,619.0860622512372
2023-02-27 11:00:00+08:00,648.0287005512067
2023-02-27 12:00:00+08:00,641.9684274818874
2023-02-27 13:00:00+08:00,530.9410845787046
2023-02-27 14:00:00+08:00,573.977519857801
2023-02-27 15:00:00+08:00,595.7683033953074
2023-02-27 16:00:00+08:00,569.0688410145208
2023-02-27 17:00:00+08:00,614.2626556563803
2023-02-27 18:00:00+08:00,629.6741753718507
2023-02-27 19:00:00+08:00,556.0918992032009
2023-02-27 20:00:00+08:00,558.1725613594723
2023-02-27 21:00:00+08:00,501.1085105433514
2023-02-27 22:00:00+08:00,446.63246934654103
2023-02-27 23:00:00+08:00,421.27883418431935
2023-02-28 00:00:00+08:00,328.74178729556854
2023-02-28 01:00:00+08:00,323.5792535158339
2023-02-28 02:00:00+08:00,282.6206896851252
2023-02-28 03:00:00+08:00,328.242393128977
2023-02-28 04:00:00+08:00,325.36399459303635
2023-02-28 05:00:00+08:00,351.77681614515603
2023-02-28 06:00:00+08:00,468.7781632859918
2023-02-28 07:00:00+08:00,530.3960481225135
2023-02-28 08:00:00+08:00,639.8715620276237
2023-02-28 09:00:00+08:00,603.0540195696748
2023-02-28 10:00:00+08:00,605.9846134748487
2023-02-28 11:00:00+08:00,598.9563331001825
2023-02-28 12:00:00+08:00,596.7813762825086
2023-02-28 13:00:00+08:00,615.3898337242406
2023-02-28 14:00:00+08:00,586.3646218808042
2023-02-28 15:00:00+08:00,614.3618364319512
2023-02-28 16:00:00+08:00,610.7569102741923
2023-02-28 17:00:00+08:00,623.513867947206
2023-02-28 18:00:00+08:00,588.7209380057393
2023-02-28 19:00:00+08:00,632.1907785717825
2023-02-28 20:00:00+08:00,515.3880502415263
2023-02-28 21:00:00+08:00,545.5195709912873
2023-02-28 22:00:00+08:00,483.30147000421016
2023-02-28 23:00:00+08:00,383.59492674472665
2023-03-01 00:00:00+08:00,365.41789930299274
2023-03-01 01:00:00+08:00,329.831726153629
2023-03-01 02:00:00+08:00,316.8488041120612
2023-03-01 03:00:00+08:00,305.3427459290852
2023-03-01 04:00:00+08:00,314.4447358422201
2023-03-01 05:00:00+08:00,350.83745193505564
2023-03-01 06:00:00+08:00,464.6480417994587
2023-03-01 07:00:00+08:00,592.6555283148493
2023-03-01 08:00:00+08:00,614.4258281320158
2023-03-01 09:00:00+08:00,587.7624603826416
2023-03-01 10:00:00+08:00,630.1178265185989
2023-03-01 11:00:00+08:00,632.4778911734277
2023-03-01 12:00:00+08:00,625.9754868167537
2023-03-01 13:00:00+08:00,615.6281345153644
2023-03-01 14:00:00+08:00,573.2215290493925
2023-03-01 15:00:00+08:00,575.5876609244046
2023-03-01 16:00:00+08:00,588.8177681045352
2023-03-01 17:00:00+08:00,570.0963308858785
2023-03-01 18:00:00+08:00,603.4676450044841
2023-03-01 19:00:00+08:00,577.5673127681964
2023-03-01 20:00:00+08:00,539.3394159938553
2023-03-01 21:00:00+08:00,457.2017761256039
2023-03-01 22:00:00+08:00,434.6753362763767
2023-03-01 23:00:00+08:00,414.27772023444436
2023-03-02 00:00:00+08:00,326.0710835456708
2023-03-02 01:00:00+08:00,321.27305079813266
2023-03-02 02:00:00+08:00,287.584155687352
2023-03-02 03:00:00+08:00,322.0488579225566
2023-03-02 04:00:00+08:00,314.88043203832893
2023-03-02 05:00:00+08:00,357.3461345544001
2023-03-02 06:00:00+08:00,499.2814141197597
2023-03-02 07:00:00+08:00,594.3121622019978
2023-03-02 08:00:00+08:00,601.5795550320164
2023-03-02 09:00:00+08:00,594.5960985324622
2023-03-02 10:00:00+08:00,601.1171805823661
2023-03-02 11:00:00+08:00,621.4701852270416
2023-03-02 12:00:00+08:00,606.4846209018789
2023-03-02 13:00:00+08:00,587.4307921236943
2023-03-02 14:00:00+08:00,612.5518683138314
2023-03-02 15:00:00+08:00,594.1403963546463
2023-03-02 16:00:00+08:00,665.0704963625341
2023-03-02 17:00:00+08:00,611.2587465734133
2023-03-02 18:00:00+08:00,639.4910355678069
2023-03-02 19:00:00+08:00,586.8654179936856
2023-03-02 20:00:00+08:00,569.2568893612496
2023-03-02 21:00:00+08:00,502.68588966625214
2023-03-02 22:00:00+08:00,441.18664985379326
2023-03-02 23:00:00+08:00,403.16081287435816
2023-03-03 00:00:00+08:00,347.68691072256024
2023-03-03 01:00:00+08:00,316.72742154388754
2023-03-03 02:00:00+08:00,288.4105645383792
2023-03-03 03:00:00+08:00,287.5122003354687
2023-03-03 04:00:00+08:00,298.1667661888706
2023-03-03 05:00:00+08:00,327.7669840493545
2023-03-03 06:00:00+08:00,458.0813633782094
2023-03-03 07:00:00+08:00,584.6398374332022
2023-03-03 08:00:00+08:00,607.7856448079199
2023-03-03 09:00:00+08:00,553.1285653740462
2023-03-03 10:00:00+08:00,603.4718280107769
2023-03-03 11:00:00+08:00,604.1519760494577
2023-03-03 12:00:00+08:00,659.0960545740602
2023-03-03 13:00:00+08:00,561.2144990429595
2023-03-03 14:00:00+08:00,568.6785002839699
2023-03-03 15:00:00+08:00,636.6138355731889
2023-03-03 16:00:00+08:00,619.0574655838155
2023-03-03 17:00:00+08:00,621.8142739047768
2023-03-03 18:00:00+08:00,598.6811999052213
2023-03-03 19:00:00+08:00,585.3307974608286
2023-03-03 20:00:00+08:00,564.3242312245209
2023-03-03 21:00:00+08:00,500.15839724026443
2023-03-03 22:00:00+08:00,472.1027207731058
2023-03-03 23:00:00+08:00,373.56435589473745
2023-03-04 00:00:00+08:00,152.25454246162397
2023-03-04 01:00:00+08:00,143.09936793567783
2023-03-04 02:00:00+08:00,133.25088308305646
2023-03-04 03:00:00+08:00,136.49480188324324
2023-03-04 04:00:00+08:00,138.54541420944898
2023-03-04 05:00:00+08:00,151.6841410072502
2023-03-04 06:00:00+08:00,202.0295322013679
2023-03-04 07:00:00+08:00,240.27777710541085
2023-03-04 08:00:00+08:00,276.7655579545864
2023-03-04 09:00:00+08:00,260.667681157259
2023-03-04 10:00:00+08:00,281.01909660550365
2023-03-04 11:00:00+08:00,260.32456503927284
2023-03-04 12:00:00+08:00,267.0482212787063
2023-03-04 13:00:00+08:00,261.0827197391003
2023-03-04 14:00:00+08:00,273.3346991514382
2023-03-04 15:00:00+08:00,271.31049810325675
2023-03-04 16:00:00+08:00,270.92339756670225
2023-03-04 17:00:00+08:00,278.6882975011711
2023-03-04 18:00:00+08:00,245.2028405739925
2023-03-04 19:00:00+08:00,259.127808186378
2023-03-04 20:00:00+08:00,265.5624394130142
2023-03-04 21:00:00+08:00,233.48142030528876
2023-03-04 22:00:00+08:00,205.4848497147679
2023-03-04 23:00:00+08:00,181.49840317656918
2023-03-05 00:00:00+08:00,155.43419824384688
2023-03-05 01:00:00+08:00,130.53796370313646
2023-03-05 02:00:00+08:00,127.23688946656023
2023-03-05 03:00:00+08:00,137.5642833286438
2023-03-05 04:00:00+08:00,137.8165839198814
2023-03-05 05:00:00+08:00,166.54825735022877
2023-03-05 06:00:00+08:00,202.04548441782552
2023-03-05 07:00:00+08:00,231.5836763135061
2023-03-05 08:00:00+08:00,258.9953142389138
2023-03-05 09:00:00+08:00,242.8254268741363
2023-03-05 10:00:00+08:00,270.2784931862687
2023-03-05 11:00:00+08:00,270.77768490246007
2023-03-05 12:00:00+08:00,268.2012782565958
2023-03-05 13:00:00+08:00,278.91560778286237
2023-03-05 14:00:00+08:00,271.61777194642525
2023-03-05 15:00:00+08:00,265.55459663536533
2023-03-05 16:00:00+08:00,249.53694048236684
2023-03-05 17:00:00+08:00,279.570191455464
2023-03-05 18:00:00+08:00,273.31653402651955
2023-03-05 19:00:00+08:00,262.3995779343115
2023-03-05 20:00:00+08:00,255.19033003125068
2023-03-05 21:00:00+08:00,221.1032040531797
2023-03-05 22:00:00+08:00,221.06686722098166
2023-03-05 23:00:00+08:00,170.53596366236806
2023-03-06 00:00:00+08:00,342.96007685459114
2023-03-06 01:00:00+08:00,293.57007326796565
2023-03-06 02:00:00+08:00,291.44598040394345
2023-03-06 03:00:00+08:00,321.07079519524416
2023-03-06 04:00:00+08:00,311.5329545666822
2023-03-06 05:00:00+08:00,362.94093458307043
2023-03-06 06:00:00+08:00,458.36872176482916
2023-03-06 07:00:00+08:00,554.6479843255831
2023-03-06 08:00:00+08:00,638.4480847289689
2023-03-06 09:00:00+08:00,599.6888751086236
2023-03-06 10:00:00+08:00,562.2962162710686
2023-03-06 11:00:00+08:00,585.9680899997514
2023-03-06 12:00:00+08:00,618.7680942151577
2023-03-06 13:00:00+08:00,602.698000134444
2023-03-06 14:00:00+08:00,539.097315663198
2023-03-06 15:00:00+08:00,576.121161982764
2023-03-06 16:00:00+08:00,591.3325650402659
2023-03-06 17:00:00+08:00,596.5694904951436
2023-03-06 18:00:00+08:00,560.65777518065
2023-03-06 19:00:00+08:00,560.6927143103761
2023-03-06 20:00:00+08:00,528.9978422183578
2023-03-06 21:00:00+08:00,530.4884518125117
2023-03-06 22:00:00+08:00,468.76074244993856
2023-03-06 23:00:00+08:00,391.2278056777698
2023-03-07 00:00:00+08:00,327.2964473259023
2023-03-07 01:00:00+08:00,316.13333685973987
2023-03-07 02:00:00+08:00,292.40904110423145
2023-03-07 03:00:00+08:00,288.4158050046064
2023-03-07 04:00:00+08:00,302.55055898028587
2023-03-07 05:00:00+08:00,341.743863940637
2023-03-07 06:00:00+08:00,432.32187751087133
2023-03-07 07:00:00+08:00,559.8052915433101
2023-03-07 08:00:00+08:00,622.2114131051042
2023-03-07 09:00:00+08:00,566.1848283070802
2023-03-07 10:00:00+08:00,605.1726686746183
2023-03-07 11:00:00+08:00,599.2463718272861
2023-03-07 12:00:00+08:00,612.8235589291445
2023-03-07 13:00:00+08:00,592.1670561015028
2023-03-07 14:00:00+08:00,540.9425225975447
2023-03-07 15:00:00+08:00,562.5563933799365
2023-03-07 16:00:00+08:00,605.2765296601798
2023-03-07 17:00:00+08:00,629.4435882157727
2023-03-07 18:00:00+08:00,539.999780692331
2023-03-07 19:00:00+08:00,582.2792806486177
2023-03-07 20:00:00+08:00,569.9998294144378
2023-03-07 21:00:00+08:00,510.7347634703366
2023-03-07 22:00:00+08:00,463.40273834737053
2023-03-07 23:00:00+08:00,381.9159194538636
2023-03-08 00:00:00+08:00,330.4676365135404
2023-03-08 01:00:00+08:00,293.5862331520325
2023-03-08 02:00:00+08:00,273.5592882288375
2023-03-08 03:00:00+08:00,313.250003912172
2023-03-08 04:00:00+08:00,301.5718721010574
2023-03-08 05:00:00+08:00,343.78466146140903
2023-03-08 06:00:00+08:00,427.68842265426764
2023-03-08 07:00:00+08:00,524.1084137491897
2023-03-08 08:00:00+08:00,599.5347988071711
2023-03-08 09:00:00+08:00,586.1140710392568
2023-03-08 10:00:00+08:00,612.8606005477924
2023-03-08 11:00:00+08:00,614.661352641398
2023-03-08 12:00:00+08:00,611.4811590671712
2023-03-08 13:00:00+08:00,597.3050074869218
2023-03-08 14:00:00+08:00,609.7431364923763
2023-03-08 15:00:00+08:00,566.39217844829
2023-03-08 16:00:00+08:00,602.4062207262623
2023-03-08 17:00:00+08:00,631.0865426790161
2023-03-08 18:00:00+08:00,621.5852169228001
2023-03-08 19:00:00+08:00,540.928330571391
2023-03-08 20:00:00+08:00,536.5707212841991
2023-03-08 21:00:00+08:00,541.0509704101607
2023-03-08 22:00:00+08:00,462.00196660131434
2023-03-08 23:00:00+08:00,395.4914134732863
2023-03-09 00:00:00+08:00,328.7210792092453
2023-03-09 01:00:00+08:00,308.7076028595853
2023-03-09 02:00:00+08:00,304.9377810113664
2023-03-09 03:00:00+08:00,298.41904251143
2023-03-09 04:00:00+08:00,312.98681426005044
2023-03-09 05:00:00+08:00,350.7956877720882
2023-03-09 06:00:00+08:00,439.92866082314094
2023-03-09 07:00:00+08:00,566.4973075276644
2023-03-09 08:00:00+08:00,673.20737774849
2023-03-09 09:00:00+08:00,560.0690301625237
2023-03-09 10:00:00+08:00,610.7387923336705
2023-03-09 11:00:00+08:00,584.5910958041652
2023-03-09 12:00:00+08:00,616.8497960702172
2023-03-09 13:00:00+08:00,591.9664651795978
2023-03-09 14:00:00+08:00,590.2333153187182
2023-03-09 15:00:00+08:00,618.6487751413304
2023-03-09 16:00:00+08:00,607.5652045555579
2023-03-09 17:00:00+08:00,630.2262739990846
2023-03-09 18:00:00+08:00,535.4594501163576
2023-03-09 19:00:00+08:00,609.2174244937124
2023-03-09 20:00:00+08:00,550.7729598266276
2023-03-09 21:00:00+08:00,534.581080354457
2023-03-09 22:00:00+08:00,430.1286483115692
2023-03-09 23:00:00+08:00,378.877800665588
2023-03-10 00:00:00+08:00,333.1108823405416
2023-03-10 01:00:00+08:00,312.89999684705816
2023-03-10 02:00:00+08:00,304.47951066187653
2023-03-10 03:00:00+08:00,314.13118959059784
2023-03-10 04:00:00+08:00,291.0048239228198
2023-03-10 05:00:00+08:00,362.84579161737446
2023-03-10 06:00:00+08:00,451.75545515364877
2023-03-10 07:00:00+08:00,549.4542809782774
2023-03-10 08:00:00+08:00,566.7083720408518
2023-03-10 09:00:00+08:00,614.2573835057258
2023-03-10 10:00:00+08:00,543.9957863849838
2023-03-10 11:00:00+08:00,617.758119875404
2023-03-10 12:00:00+08:00,566.2027998690597
2023-03-10 13:00:00+08:00,591.3601260453377
2023-03-10 14:00:00+08:00,569.3073297139734
2023-03-10 15:00:00+08:00,617.7040084170626
2023-03-10 16:00:00+08:00,597.8381066997849
2023-03-10 17:00:00+08:00,585.4223565748148
2023-03-10 18:00:00+08:00,578.1404933206578
2023-03-10 19:00:00+08:00,601.1593678352681
2023-03-10 20:00:00+08:00,553.552371256221
2023-03-10 21:00:00+08:00,503.9250370681505
2023-03-10 22:00:00+08:00,447.33462534730046
2023-03-10 23:00:00+08:00,366.8565291615375
2023-03-11 00:00:00+08:00,151.15525392034644
2023-03-11 01:00:00+08:00,130.81780794311487
2023-03-11 02:00:00+08:00,139.38033107980806
2023-03-11 03:00:00+08:00,136.00742774537215
2023-03-11 04:00:00+08:00,154.1597500089677
2023-03-11 05:00:00+08:00,150.05393458652387
2023-03-11 06:00:00+08:00,202.13342428520335
2023-03-11 07:00:00+08:00,266.881720637659
2023-03-11 08:00:00+08:00,283.519215006784
2023-03-11 09:00:00+08:00,263.08611247672377
2023-03-11 10:00:00+08:00,273.046964779894
2023-03-11 11:00:00+08:00,270.64418224782884
2023-03-11 12:00:00+08:00,273.67468392486546
2023-03-11 13:00:00+08:00,257.7982046093178
2023-03-11 14:00:00+08:00,256.17287210124357
2023-03-11 15:00:00+08:00,248.2573041403253
2023-03-11 16:00:00+08:00,272.0852374785623
2023-03-11 17:00:00+08:00,275.49396890858134
2023-03-11 18:00:00+08:00,262.7975317199141
2023-03-11 19:00:00+08:00,240.4827838558765
2023-03-11 20:00:00+08:00,253.19096957878
2023-03-11 21:00:00+08:00,233.38321400936866
2023-03-11 22:00:00+08:00,197.0726230768384
2023-03-11 23:00:00+08:00,173.93029367485687
2023-03-12 00:00:00+08:00,139.73778940425623
2023-03-12 01:00:00+08:00,134.7876861980663
2023-03-12 02:00:00+08:00,132.23944062066903
2023-03-12 03:00:00+08:00,141.78746414266286
2023-03-12 04:00:00+08:00,136.9572947891177
2023-03-12 05:00:00+08:00,160.7849227747251
2023-03-12 06:00:00+08:00,198.35506714716314
2023-03-12 07:00:00+08:00,251.13635977361716
2023-03-12 08:00:00+08:00,268.7648272156886
2023-03-12 09:00:00+08:00,279.7328219798239
2023-03-12 10:00:00+08:00,264.511316556405
2023-03-12 11:00:00+08:00,253.2917886654308
2023-03-12 12:00:00+08:00,255.35228207618434
2023-03-12 13:00:00+08:00,259.2521757943374
2023-03-12 14:00:00+08:00,243.94959214441542
2023-03-12 15:00:00+08:00,269.23409226962644
2023-03-12 16:00:00+08:00,265.2577935583724
2023-03-12 17:00:00+08:00,295.9671931765038
2023-03-12 18:00:00+08:00,246.47571973152387
2023-03-12 19:00:00+08:00,258.8704289983103
2023-03-12 20:00:00+08:00,232.28857932584475
2023-03-12 21:00:00+08:00,225.21517616645176
2023-03-12 22:00:00+08:00,203.86691239925355
2023-03-12 23:00:00+08:00,159.34895779605392
2023-03-13 00:00:00+08:00,333.0976752861524
2023-03-13 01:00:00+08:00,335.7196318931293
2023-03-13 02:00:00+08:00,294.53360235783737
2023-03-13 03:00:00+08:00,303.0918257866341
2023-03-13 04:00:00+08:00,324.7633046025059
2023-03-13 05:00:00+08:00,345.68826323378966
2023-03-13 06:00:00+08:00,439.50520540601383
2023-03-13 07:00:00+08:00,501.7089199988755
2023-03-13 08:00:00+08:00,615.3312595389154
2023-03-13 09:00:00+08:00,597.2329851042405
2023-03-13 10:00:00+08:00,575.6464568866616
2023-03-13 11:00:00+08:00,602.9868568988884
2023-03-13 12:00:00+08:00,585.9416620741918
2023-03-13 13:00:00+08:00,575.5222973129993
2023-03-13 14:00:00+08:00,583.7736140369124
2023-03-13 15:00:00+08:00,556.4737513712407
2023-03-13 16:00:00+08:00,625.0822169076158
2023-03-13 17:00:00+08:00,566.4071899646091
2023-03-13 18:00:00+08:00,572.3644123137179
2023-03-13 19:00:00+08:00,613.7907869754935
2023-03-13 20:00:00+08:00,564.302700346392
2023-03-13 21:00:00+08:00,511.94742739660427
2023-03-13 22:00:00+08:00,433.03349727247127
2023-03-13 23:00:00+08:00,381.71077349502104
2023-03-14 00:00:00+08:00,330.56653240217753
2023-03-14 01:00:00+08:00,312.08998484535095
2023-03-14 02:00:00+08:00,298.5476593066129
2023-03-14 03:00:00+08:00,299.2672480316075
2023-03-14 04:00:00+08:00,308.9500996010405
2023-03-14 05:00:00+08:00,327.53063426423483
2023-03-14 06:00:00+08:00,440.1692481259878
2023-03-14 07:00:00+08:00,571.5021432318147
2023-03-14 08:00:00+08:00,566.4733167546702
2023-03-14 09:00:00+08:00,594.729756103462
2023-03-14 10:00:00+08:00,579.623305626477
2023-03-14 11:00:00+08:00,601.9427553283251
2023-03-14 12:00:00+08:00,589.9576765907864
2023-03-14 13:00:00+08:00,621.9943381615184
2023-03-14 14:00:00+08:00,580.8460137064684
2023-03-14 15:00:00+08:00,556.47185287851
2023-03-14 16:00:00+08:00,615.3635490619375
2023-03-14 17:00:00+08:00,580.7044448457032
2023-03-14 18:00:00+08:00,573.7335845860313
2023-03-14 19:00:00+08:00,576.4563124991009
2023-03-14 20:00:00+08:00,528.7373379275245
2023-03-14 21:00:00+08:00,527.5747500969646
2023-03-14 22:00:00+08:00,435.5308828496793
2023-03-14 23:00:00+08:00,379.8839510954112
2023-03-15 00:00:00+08:00,320.6008534550662
2023-03-15 01:00:00+08:00,304.24328114450753
2023-03-15 02:00:00+08:00,312.47388085908364
2023-03-15 03:00:00+08:00,306.8420499756441
2023-03-15 04:00:00+08:00,332.5775903885131
2023-03-15 05:00:00+08:00,378.6973570520613
2023-03-15 06:00:00+08:00,430.46016508792366
2023-03-15 07:00:00+08:00,552.2886064407141
2023-03-15 08:00:00+08:00,570.4632749274123
2023-03-15 09:00:00+08:00,580.0076575816905
2023-03-15 10:00:00+08:00,583.5401206224246
2023-03-15 11:00:00+08:00,573.3138299983617
2023-03-15 12:00:00+08:00,573.4399632388289
2023-03-15 13:00:00+08:00,583.269153539748
2023-03-15 14:00:00+08:00,541.0184116681478
2023-03-15 15:00:00+08:00,606.4164776691135
2023-03-15 16:00:00+08:00,576.6518089996937
2023-03-15 17:00:00+08:00,665.9029206027049
2023-03-15 18:00:00+08:00,576.06268231863
2023-03-15 19:00:00+08:00,570.3343802830028
2023-03-15 20:00:00+08:00,510.84939139889184
2023-03-15 21:00:00+08:00,543.5580407928009
2023-03-15 22:00:00+08:00,469.0755493208219
2023-03-15 23:00:00+08:00,393.72917344172373
2023-03-16 00:00:00+08:00,311.18737087607246
2023-03-16 01:00:00+08:00,313.5863096228643
2023-03-16 02:00:00+08:00,285.5931042110832
2023-03-16 03:00:00+08:00,316.4957748932157
2023-03-16 04:00:00+08:00,321.0311797602942
2023-03-16 05:00:00+08:00,348.17069006146255
2023-03-16 06:00:00+08:00,404.7991022203489
2023-03-16 07:00:00+08:00,528.5285841631213
2023-03-16 08:00:00+08:00,614.4629065455608
2023-03-16 09:00:00+08:00,627.024076549165
2023-03-16 10:00:00+08:00,624.5431934558744
2023-03-16 11:00:00+08:00,559.9296744210886
2023-03-16 12:00:00+08:00,605.2246161474063
2023-03-16 13:00:00+08:00,609.8568743706107
2023-03-16 14:00:00+08:00,530.4260481705784
2023-03-16 15:00:00+08:00,585.8658231211791
2023-03-16 16:00:00+08:00,604.5617825578021
2023-03-16 17:00:00+08:00,590.8169226931337
2023-03-16 18:00:00+08:00,542.6326598505204
2023-03-16 19:00:00+08:00,560.7094763792021
2023-03-16 20:00:00+08:00,531.1638482611094
2023-03-16 21:00:00+08:00,505.29898061298235
2023-03-16 22:00:00+08:00,438.3996418632743
2023-03-16 23:00:00+08:00,381.81929258695413
2023-03-17 00:00:00+08:00,328.06233017769864
2023-03-17 01:00:00+08:00,316.1595728824318
2023-03-17 02:00:00+08:00,295.0754649435796
2023-03-17 03:00:00+08:00,293.8182161600637
2023-03-17 04:00:00+08:00,311.80906317897853
2023-03-17 05:00:00+08:00,319.88254825926015
2023-03-17 06:00:00+08:00,456.61916287754076
2023-03-17 07:00:00+08:00,549.6193803544716
2023-03-17 08:00:00+08:00,598.3743838181256
2023-03-17 09:00:00+08:00,620.3845258038878
2023-03-17 10:00:00+08:00,550.7593290349658
2023-03-17 11:00:00+08:00,550.2570530738101
2023-03-17 12:00:00+08:00,603.968925842544
2023-03-17 13:00:00+08:00,585.3106394872619
2023-03-17 14:00:00+08:00,571.4179228203634
2023-03-17 15:00:00+08:00,574.654713105203
2023-03-17 16:00:00+08:00,613.3019080126292
2023-03-17 17:00:00+08:00,619.7131275576492
2023-03-17 18:00:00+08:00,596.81173583271
2023-03-17 19:00:00+08:00,561.6331600091805
2023-03-17 20:00:00+08:00,492.3524730076291
2023-03-17 21:00:00+08:00,523.4370459809584
2023-03-17 22:00:00+08:00,469.9661374637261
2023-03-17 23:00:00+08:00,398.3387589845462
2023-03-18 00:00:00+08:00,142.52789764549235
2023-03-18 01:00:00+08:00,143.43226296153853
2023-03-18 02:00:00+08:00,138.91875057955903
2023-03-18 03:00:00+08:00,142.66983745814315
2023-03-18 04:00:00+08:00,134.7733837837699
2023-03-18 05:00:00+08:00,154.37238207686977
2023-03-18 06:00:00+08:00,207.46552204665585
2023-03-18 07:00:00+08:00,247.67231051011498
2023-03-18 08:00:00+08:00,256.58801637017916
2023-03-18 09:00:00+08:00,273.0467458048936
2023-03-18 10:00:00+08:00,274.80919809411057
2023-03-18 11:00:00+08:00,269.53728322677665
2023-03-18 12:00:00+08:00,270.9513894559039
2023-03-18 13:00:00+08:00,260.4965256798345
2023-03-18 14:00:00+08:00,270.25068669096913
2023-03-18 15:00:00+08:00,253.73717043602258
2023-03-18 16:00:00+08:00,262.28224527762285
2023-03-18 17:00:00+08:00,268.71026212839206
2023-03-18 18:00:00+08:00,272.4747374028249
2023-03-18 19:00:00+08:00,239.8796785562973
2023-03-18 20:00:00+08:00,229.06333418986046
2023-03-18 21:00:00+08:00,209.69458761034312
2023-03-18 22:00:00+08:00,201.70762839752396
2023-03-18 23:00:00+08:00,166.77537937469447
2023-03-19 00:00:00+08:00,145.32615673178162
2023-03-19 01:00:00+08:00,143.23747021644726
2023-03-19 02:00:00+08:00,130.73537134107664
2023-03-19 03:00:00+08:00,135.4199482686121
2023-03-19 04:00:00+08:00,137.8749155475453
2023-03-19 05:00:00+08:00,159.83171254082717
2023-03-19 06:00:00+08:00,205.093058008717
2023-03-19 07:00:00+08:00,240.05544483504815
2023-03-19 08:00:00+08:00,266.5468914313047
2023-03-19 09:00:00+08:00,279.5610924931391
2023-03-19 10:00:00+08:00,272.57986962656037
2023-03-19 11:00:00+08:00,253.36185250042232
2023-03-19 12:00:00+08:00,275.3948426014498
2023-03-19 13:00:00+08:00,251.58042889979507
2023-03-19 14:00:00+08:00,269.3435944187349
2023-03-19 15:00:00+08:00,273.7632176710483
2023-03-19 16:00:00+08:00,271.4689629945031
2023-03-19 17:00:00+08:00,270.045031177464
2023-03-19 18:00:00+08:00,260.79116670041674
2023-03-19 19:00:00+08:00,261.858685014855
2023-03-19 20:00:00+08:00,237.93948709091245
2023-03-19 21:00:00+08:00,230.25303500876305
2023-03-19 22:00:00+08:00,208.28763340472855
2023-03-19 23:00:00+08:00,170.5123250523816
2023-03-20 00:00:00+08:00,319.64529944719123
2023-03-20 01:00:00+08:00,295.0442948781655
2023-03-20 02:00:00+08:00,285.2443946959662
2023-03-20 03:00:00+08:00,276.14057895684584
2023-03-20 04:00:00+08:00,318.89253723710596
2023-03-20 05:00:00+08:00,370.60505595248964
2023-03-20 06:00:00+08:00,472.37377805634435
2023-03-20 07:00:00+08:00,512.5348646904228
2023-03-20 08:00:00+08:00,613.1363242263365
2023-03-20 09:00:00+08:00,629.7548955105311
2023-03-20 10:00:00+08:00,584.9720632178042
2023-03-20 11:00:00+08:00,598.277790366166
2023-03-20 12:00:00+08:00,548.0029380549121
2023-03-20 13:00:00+08:00,590.1730003253231
2023-03-20 14:00:00+08:00,541.9850230619915
2023-03-20 15:00:00+08:00,588.6056713756741
2023-03-20 16:00:00+08:00,558.6495266177817
2023-03-20 17:00:00+08:00,608.7985491831439
2023-03-20 18:00:00+08:00,607.8729213600254
2023-03-20 19:00:00+08:00,548.3335731118069
2023-03-20 20:00:00+08:00,511.8857923192167
2023-03-20 21:00:00+08:00,462.80149703646566
2023-03-20 22:00:00+08:00,442.13253537111274
2023-03-20 23:00:00+08:00,378.2986436401786
2023-03-21 00:00:00+08:00,307.15528863449424
2023-03-21 01:00:00+08:00,315.2201577389456
2023-03-21 02:00:00+08:00,292.34344848680485
2023-03-21 03:00:00+08:00,284.8917887737253
2023-03-21 04:00:00+08:00,302.74175397678647
2023-03-21 05:00:00+08:00,360.1323185778524
2023-03-21 06:00:00+08:00,457.32231247483816
2023-03-21 07:00:00+08:00,544.9221962991555
2023-03-21 08:00:00+08:00,610.1481444006894
2023-03-21 09:00:00+08:00,567.7550142181695
2023-03-21 10:00:00+08:00,596.1743845423805
2023-03-21 11:00:00+08:00,598.9121027269889
2023-03-21 12:00:00+08:00,584.213762557186
2023-03-21 13:00:00+08:00,593.6589018465058
2023-03-21 14:00:00+08:00,547.9757156398525
2023-03-21 15:00:00+08:00,595.3945058764982
2023-03-21 16:00:00+08:00,608.5465984936466
2023-03-21 17:00:00+08:00,525.9279710270362
2023-03-21 18:00:00+08:00,611.2769000505942
2023-03-21 19:00:00+08:00,496.6795847672436
2023-03-21 20:00:00+08:00,522.6583905465109
2023-03-21 21:00:00+08:00,526.849791559214
2023-03-21 22:00:00+08:00,440.885181952306
2023-03-21 23:00:00+08:00,364.31496779558137
2023-03-22 00:00:00+08:00,312.9228763667684
2023-03-22 01:00:00+08:00,322.09858370186686
2023-03-22 02:00:00+08:00,274.62522737098044
2023-03-22 03:00:00+08:00,310.9249531267908
2023-03-22 04:00:00+08:00,308.70808703881374
2023-03-22 05:00:00+08:00,328.6295621333095
2023-03-22 06:00:00+08:00,435.8273214020315
2023-03-22 07:00:00+08:00,525.1098979886189
2023-03-22 08:00:00+08:00,615.5962797850121
2023-03-22 09:00:00+08:00,612.4120047095474
2023-03-22 10:00:00+08:00,554.0660720677768
2023-03-22 11:00:00+08:00,585.3756035268605
2023-03-22 12:00:00+08:00,574.4376304134719
2023-03-22 13:00:00+08:00,613.2500222786954
2023-03-22 14:00:00+08:00,534.706991173119
2023-03-22 15:00:00+08:00,620.4970013789132
2023-03-22 16:00:00+08:00,594.1883965477938
2023-03-22 17:00:00+08:00,567.3276399146346
2023-03-22 18:00:00+08:00,567.2849370976882
2023-03-22 19:00:00+08:00,547.1077297761573
2023-03-22 20:00:00+08:00,508.18126268160876
2023-03-22 21:00:00+08:00,507.651953318582
2023-03-22 22:00:00+08:00,424.3180045433394
2023-03-22 23:00:00+08:00,353.00833474027985
2023-03-23 00:00:00+08:00,322.05923216567146
2023-03-23 01:00:00+08:00,286.8911600056135
2023-03-23 02:00:00+08:00,288.3515926942642
2023-03-23 03:00:00+08:00,286.48526220040304
2023-03-23 04:00:00+08:00,298.4132386829608
2023-03-23 05:00:00+08:00,372.46593314240647
2023-03-23 06:00:00+08:00,446.9505185566105
2023-03-23 07:00:00+08:00,552.3939240172243
2023-03-23 08:00:00+08:00,552.3430358400956
2023-03-23 09:00:00+08:00,579.0386902529384
2023-03-23 10:00:00+08:00,599.7130411539509
2023-03-23 11:00:00+08:00,570.2252671622572
2023-03-23 12:00:00+08:00,616.1894380694129
2023-03-23 13:00:00+08:00,554.6680261172174
2023-03-23 14:00:00+08:00,558.3924295152092
2023-03-23 15:00:00+08:00,569.0407989066335
2023-03-23 16:00:00+08:00,598.5005015680881
2023-03-23 17:00:00+08:00,579.3591294312112
2023-03-23 18:00:00+08:00,576.3865082036484
2023-03-23 19:00:00+08:00,559.5274882791811
2023-03-23 20:00:00+08:00,519.4133060523988
2023-03-23 21:00:00+08:00,515.2102223967993
2023-03-23 22:00:00+08:00,450.1965790842478
2023-03-23 23:00:00+08:00,385.11510851878876
2023-03-24 00:00:00+08:00,321.2037434906101
2023-03-24 01:00:00+08:00,318.8494884937731
2023-03-24 02:00:00+08:00,294.31646612284646
2023-03-24 03:00:00+08:00,293.47427499484377
2023-03-24 04:00:00+08:00,310.2980602887836
2023-03-24 05:00:00+08:00,368.0481041768758
2023-03-24 06:00:00+08:00,421.7842114573043
2023-03-24 07:00:00+08:00,563.5347319908908
2023-03-24 08:00:00+08:00,549.2387891509029
2023-03-24 09:00:00+08:00,599.4030886609181
2023-03-24 10:00:00+08:00,631.6776055975173
2023-03-24 11:00:00+08:00,605.8540328114218
2023-03-24 12:00:00+08:00,598.2942850694219
2023-03-24 13:00:00+08:00,569.2986367846752
2023-03-24 14:00:00+08:00,565.2277534028105
2023-03-24 15:00:00+08:00,576.4822427662559
2023-03-24 16:00:00+08:00,575.5562990115619
2023-03-24 17:00:00+08:00,587.3483934739694
2023-03-24 18:00:00+08:00,586.9749537993123
2023-03-24 19:00:00+08:00,547.2020944766971
2023-03-24 20:00:00+08:00,517.566288023779
2023-03-24 21:00:00+08:00,477.6203024935066
2023-03-24 22:00:00+08:00,452.6444703740172
2023-03-24 23:00:00+08:00,394.68044856366043
2023-03-25 00:00:00+08:00,148.35731176825254
2023-03-25 01:00:00+08:00,144.34274382146194
2023-03-25 02:00:00+08:00,134.1016706465713
2023-03-25 03:00:00+08:00,135.72740166820265
2023-03-25 04:00:00+08:00,140.66633316548243
2023-03-25 05:00:00+08:00,154.44551638031658
2023-03-25 06:00:00+08:00,196.19190357253422
2023-03-25 07:00:00+08:00,267.6597559503437
2023-03-25 08:00:00+08:00,262.43237825840407
2023-03-25 09:00:00+08:00,260.1453818126437
2023-03-25 10:00:00+08:00,271.9037949263387
2023-03-25 11:00:00+08:00,269.9564517001809
2023-03-25 12:00:00+08:00,252.24597949032724
2023-03-25 13:00:00+08:00,273.68072483862426
2023-03-25 14:00:00+08:00,252.94414466234028
2023-03-25 15:00:00+08:00,250.27976189382457
2023-03-25 16:00:00+08:00,279.97275438000514
2023-03-25 17:00:00+08:00,273.9528090078799
2023-03-25 18:00:00+08:00,248.67041919354332
2023-03-25 19:00:00+08:00,271.94991266143705
2023-03-25 20:00:00+08:00,246.87620959181106
2023-03-25 21:00:00+08:00,227.0817371749005
2023-03-25 22:00:00+08:00,213.19823686936593
2023-03-25 23:00:00+08:00,174.82853019182886
2023-03-26 00:00:00+08:00,146.76007024916953
2023-03-26 01:00:00+08:00,135.24209901218666
2023-03-26 02:00:00+08:00,136.67695664504558
2023-03-26 03:00:00+08:00,136.11464766746153
2023-03-26 04:00:00+08:00,138.99258677647384
2023-03-26 05:00:00+08:00,150.0432172517428
2023-03-26 06:00:00+08:00,201.39369948939037
2023-03-26 07:00:00+08:00,245.07948050959752
2023-03-26 08:00:00+08:00,252.8877816834613
2023-03-26 09:00:00+08:00,251.40957577122515
2023-03-26 10:00:00+08:00,273.17549746992955
2023-03-26 11:00:00+08:00,239.3341910083881
2023-03-26 12:00:00+08:00,269.33147857988746
2023-03-26 13:00:00+08:00,256.78747258616056
2023-03-26 14:00:00+08:00,267.0600029466386
2023-03-26 15:00:00+08:00,256.6263630712446
2023-03-26 16:00:00+08:00,274.1834661105565
2023-03-26 17:00:00+08:00,262.8953639013258
2023-03-26 18:00:00+08:00,262.98498321674657
2023-03-26 19:00:00+08:00,261.2595108481012
2023-03-26 20:00:00+08:00,235.97455507349687
2023-03-26 21:00:00+08:00,236.11743890881496
2023-03-26 22:00:00+08:00,192.38883767867043
2023-03-26 23:00:00+08:00,175.6848813868328
2023-03-27 00:00:00+08:00,338.4088926213577
2023-03-27 01:00:00+08:00,316.7090572594323
2023-03-27 02:00:00+08:00,319.4387188344512
2023-03-27 03:00:00+08:00,287.6344156476404
2023-03-27 04:00:00+08:00,291.5403913445019
2023-03-27 05:00:00+08:00,330.4772637130002
2023-03-27 06:00:00+08:00,456.7991205221206
2023-03-27 07:00:00+08:00,556.791356553505
2023-03-27 08:00:00+08:00,595.8166276365907
2023-03-27 09:00:00+08:00,566.7354693175558
2023-03-27 10:00:00+08:00,611.591546673578
2023-03-27 11:00:00+08:00,564.3204279405043
2023-03-27 12:00:00+08:00,620.8978473135542
2023-03-27 13:00:00+08:00,647.9882162028799
2023-03-27 14:00:00+08:00,571.9830652308107
2023-03-27 15:00:00+08:00,595.0853181095092
2023-03-27 16:00:00+08:00,581.6911938832341
2023-03-27 17:00:00+08:00,550.4230429152204
2023-03-27 18:00:00+08:00,567.5019404160001
2023-03-27 19:00:00+08:00,539.0765535855668
2023-03-27 20:00:00+08:00,503.1396119027577
2023-03-27 21:00:00+08:00,539.1301112547629
2023-03-27 22:00:00+08:00,449.89954251063784
2023-03-27 23:00:00+08:00,391.56104749295696
2023-03-28 00:00:00+08:00,322.215349099423
2023-03-28 01:00:00+08:00,306.3198157500236
2023-03-28 02:00:00+08:00,308.0321626358944
2023-03-28 03:00:00+08:00,296.2055183397826
2023-03-28 04:00:00+08:00,315.0004774630085
2023-03-28 05:00:00+08:00,341.3460566568617
2023-03-28 06:00:00+08:00,438.7949976855504
2023-03-28 07:00:00+08:00,515.0125642013526
2023-03-28 08:00:00+08:00,546.2519904044556
2023-03-28 09:00:00+08:00,586.972189976022
2023-03-28 10:00:00+08:00,594.518808245223
2023-03-28 11:00:00+08:00,562.6621264242093
2023-03-28 12:00:00+08:00,592.3603140896652
2023-03-28 13:00:00+08:00,582.5646239750616
2023-03-28 14:00:00+08:00,514.9212960458992
2023-03-28 15:00:00+08:00,560.0357196375924
2023-03-28 16:00:00+08:00,602.8415079951023
2023-03-28 17:00:00+08:00,602.3620973906865
2023-03-28 18:00:00+08:00,554.4888084364658
2023-03-28 19:00:00+08:00,567.0909305213804
2023-03-28 20:00:00+08:00,555.6933856045875
2023-03-28 21:00:00+08:00,519.8736140734121
2023-03-28 22:00:00+08:00,443.18808398074094
2023-03-28 23:00:00+08:00,378.3484691600666
2023-03-29 00:00:00+08:00,317.9414317109366
2023-03-29 01:00:00+08:00,314.13211390062
2023-03-29 02:00:00+08:00,298.8156810956429
2023-03-29 03:00:00+08:00,303.96650961720536
2023-03-29 04:00:00+08:00,309.98839769147384
2023-03-29 05:00:00+08:00,355.20630476420445
2023-03-29 06:00:00+08:00,446.43541266271603
2023-03-29 07:00:00+08:00,562.6870825746224
2023-03-29 08:00:00+08:00,613.65950582084
2023-03-29 09:00:00+08:00,573.9199855755926
2023-03-29 10:00:00+08:00,550.1140411957493
2023-03-29 11:00:00+08:00,629.6153335887913
2023-03-29 12:00:00+08:00,599.0914495818657
2023-03-29 13:00:00+08:00,541.2889130310606
2023-03-29 14:00:00+08:00,547.267992788743
2023-03-29 15:00:00+08:00,599.0861855092899
2023-03-29 16:00:00+08:00,586.3694956356219
2023-03-29 17:00:00+08:00,580.8573009593053
2023-03-29 18:00:00+08:00,613.7079293630964
2023-03-29 19:00:00+08:00,539.753588825647
2023-03-29 20:00:00+08:00,516.664044434614
2023-03-29 21:00:00+08:00,508.3149475863968
2023-03-29 22:00:00+08:00,451.6988355319423
2023-03-29 23:00:00+08:00,393.104916438874
2023-03-30 00:00:00+08:00,337.96117430594035
2023-03-30 01:00:00+08:00,310.7387000859453
2023-03-30 02:00:00+08:00,302.2353787369738
2023-03-30 03:00:00+08:00,293.35908147784556
2023-03-30 04:00:00+08:00,309.0630788596191
2023-03-30 05:00:00+08:00,345.3408971937766
2023-03-30 06:00:00+08:00,448.4746328055012
2023-03-30 07:00:00+08:00,562.2908329636383
2023-03-30 08:00:00+08:00,606.0302714544787
2023-03-30 09:00:00+08:00,593.9137979305547
2023-03-30 10:00:00+08:00,573.6771031763327
2023-03-30 11:00:00+08:00,594.4700064061319
2023-03-30 12:00:00+08:00,592.2007782279376
2023-03-30 13:00:00+08:00,585.4975058410682
2023-03-30 14:00:00+08:00,612.93248789519
2023-03-30 15:00:00+08:00,568.8352598564339
2023-03-30 16:00:00+08:00,602.8796277275716
2023-03-30 17:00:00+08:00,618.2033684971168
2023-03-30 18:00:00+08:00,583.285500314665
2023-03-30 19:00:00+08:00,615.8909759119392
2023-03-30 20:00:00+08:00,525.5101397478751
2023-03-30 21:00:00+08:00,510.46822930442687
2023-03-30 22:00:00+08:00,430.44138272044756
2023-03-30 23:00:00+08:00,379.94380944050044
2023-03-31 00:00:00+08:00,329.2663260632747
2023-03-31 01:00:00+08:00,318.67161079701305
2023-03-31 02:00:00+08:00,300.1648006508432
2023-03-31 03:00:00+08:00,311.3089952736506
2023-03-31 04:00:00+08:00,307.06624445399706
2023-03-31 05:00:00+08:00,339.2349184104403
2023-03-31 06:00:00+08:00,492.6574915971601
2023-03-31 07:00:00+08:00,553.9423763098641
2023-03-31 08:00:00+08:00,575.7043866873714
2023-03-31 09:00:00+08:00,576.3023141469379
2023-03-31 10:00:00+08:00,570.4122311627424
2023-03-31 11:00:00+08:00,614.9702602958599
2023-03-31 12:00:00+08:00,584.1241029557732
2023-03-31 13:00:00+08:00,583.8678516647864
2023-03-31 14:00:00+08:00,561.6949695002403
2023-03-31 15:00:00+08:00,597.9056181048991
2023-03-31 16:00:00+08:00,572.6869220210701
2023-03-31 17:00:00+08:00,567.2612802701984
2023-03-31 18:00:00+08:00,586.1202620357071
2023-03-31 19:00:00+08:00,576.6621236667694
2023-03-31 20:00:00+08:00,540.5833901590753
2023-03-31 21:00:00+08:00,487.535432419217
2023-03-31 22:00:00+08:00,456.6204184648124
2023-03-31 23:00:00+08:00,373.8321198383286
2023-04-01 00:00:00+08:00,143.63276609740367
2023-04-01 01:00:00+08:00,133.45483623080565
2023-04-01 02:00:00+08:00,140.2980385068609
2023-04-01 03:00:00+08:00,136.73613590520696
2023-04-01 04:00:00+08:00,142.0478714635755
2023-04-01 05:00:00+08:00,162.41191306564164
2023-04-01 06:00:00+08:00,222.54115675140204
2023-04-01 07:00:00+08:00,228.6011788258764
2023-04-01 08:00:00+08:00,258.83713040870794
2023-04-01 09:00:00+08:00,260.14084715476935
2023-04-01 10:00:00+08:00,257.63752254673807
2023-04-01 11:00:00+08:00,255.21827610888334
2023-04-01 12:00:00+08:00,263.5176884313607
2023-04-01 13:00:00+08:00,248.66042228807976
2023-04-01 14:00:00+08:00,256.7745395399357
2023-04-01 15:00:00+08:00,261.9207874715787
2023-04-01 16:00:00+08:00,271.8464558414902
2023-04-01 17:00:00+08:00,272.1313047198096
2023-04-01 18:00:00+08:00,267.684834403168
2023-04-01 19:00:00+08:00,249.59427692877352
2023-04-01 20:00:00+08:00,260.4097396708786
2023-04-01 21:00:00+08:00,228.833268125723
2023-04-01 22:00:00+08:00,185.13336725123915
2023-04-01 23:00:00+08:00,166.4134118042026
2023-04-02 00:00:00+08:00,136.47383978922383
2023-04-02 01:00:00+08:00,138.78124649598075
2023-04-02 02:00:00+08:00,132.7013284663904
2023-04-02 03:00:00+08:00,130.8524404032781
2023-04-02 04:00:00+08:00,149.84050261380492
2023-04-02 05:00:00+08:00,158.08403458173424
2023-04-02 06:00:00+08:00,205.8361223292006
2023-04-02 07:00:00+08:00,236.2277703459609
2023-04-02 08:00:00+08:00,256.0431241843217
2023-04-02 09:00:00+08:00,267.0947293568948
2023-04-02 10:00:00+08:00,268.5477398187681
2023-04-02 11:00:00+08:00,246.89879859173013
2023-04-02 12:00:00+08:00,264.77855486365195
2023-04-02 13:00:00+08:00,261.5151632289246
2023-04-02 14:00:00+08:00,251.18651317797844
2023-04-02 15:00:00+08:00,252.86427309051015
2023-04-02 16:00:00+08:00,260.94627889984866
2023-04-02 17:00:00+08:00,264.81533659395586
2023-04-02 18:00:00+08:00,262.31733249906415
2023-04-02 19:00:00+08:00,259.4963496567614
2023-04-02 20:00:00+08:00,250.40947443306334
2023-04-02 21:00:00+08:00,224.0276652832903
2023-04-02 22:00:00+08:00,196.37682965623105
2023-04-02 23:00:00+08:00,176.39117109397327
2023-04-03 00:00:00+08:00,333.93908858155146
2023-04-03 01:00:00+08:00,302.84116585426074
2023-04-03 02:00:00+08:00,305.70928838818264
2023-04-03 03:00:00+08:00,307.95189512553054
2023-04-03 04:00:00+08:00,324.11747722286833
2023-04-03 05:00:00+08:00,368.2069630184091
2023-04-03 06:00:00+08:00,429.1051678852578
2023-04-03 07:00:00+08:00,545.5692287875789
2023-04-03 08:00:00+08:00,592.9479062148815
2023-04-03 09:00:00+08:00,590.3554915250035
2023-04-03 10:00:00+08:00,577.2883233613553
2023-04-03 11:00:00+08:00,557.4619955496619
2023-04-03 12:00:00+08:00,594.8777155377222
2023-04-03 13:00:00+08:00,562.975666061317
2023-04-03 14:00:00+08:00,564.9832493824734
2023-04-03 15:00:00+08:00,562.3788575096378
2023-04-03 16:00:00+08:00,566.6106991234525
2023-04-03 17:00:00+08:00,598.2351065419555
2023-04-03 18:00:00+08:00,584.3333039917684
2023-04-03 19:00:00+08:00,576.0930240262791
2023-04-03 20:00:00+08:00,580.0511703169669
2023-04-03 21:00:00+08:00,509.36616159730744
2023-04-03 22:00:00+08:00,453.135363278702
2023-04-03 23:00:00+08:00,368.63746270298736
2023-04-04 00:00:00+08:00,309.21845114255643
2023-04-04 01:00:00+08:00,327.73216203901444
2023-04-04 02:00:00+08:00,285.41594873581533
2023-04-04 03:00:00+08:00,283.9879005900251
2023-04-04 04:00:00+08:00,307.73586737150845
2023-04-04 05:00:00+08:00,342.5412521496703
2023-04-04 06:00:00+08:00,428.4968657069231
2023-04-04 07:00:00+08:00,538.6564236642346
2023-04-04 08:00:00+08:00,621.8740986466792
2023-04-04 09:00:00+08:00,573.6173852980921
2023-04-04 10:00:00+08:00,559.6840658416664
2023-04-04 11:00:00+08:00,615.0747619089543
2023-04-04 12:00:00+08:00,604.3986458235562
2023-04-04 13:00:00+08:00,566.454528236998
2023-04-04 14:00:00+08:00,527.4542840468633
2023-04-04 15:00:00+08:00,563.5709685553967
2023-04-04 16:00:00+08:00,591.4297526864342
2023-04-04 17:00:00+08:00,620.3637448920138
2023-04-04 18:00:00+08:00,556.7873426490563
2023-04-04 19:00:00+08:00,561.1867134175666
2023-04-04 20:00:00+08:00,547.8604162517647
2023-04-04 21:00:00+08:00,455.8287439352846
2023-04-04 22:00:00+08:00,462.92763927621115
2023-04-04 23:00:00+08:00,367.04976157971373
2023-04-05 00:00:00+08:00,330.3752405578394
2023-04-05 01:00:00+08:00,311.30283374184995
2023-04-05 02:00:00+08:00,309.2639936915676
2023-04-05 03:00:00+08:00,302.936791787977
2023-04-05 04:00:00+08:00,278.9480715193169
2023-04-05 05:00:00+08:00,333.03649474365096
2023-04-05 06:00:00+08:00,447.06526658320655
2023-04-05 07:00:00+08:00,541.1314951581052
2023-04-05 08:00:00+08:00,604.1351414015296
2023-04-05 09:00:00+08:00,611.5276183479917
2023-04-05 10:00:00+08:00,607.2376948907834
2023-04-05 11:00:00+08:00,587.7288758019362
2023-04-05 12:00:00+08:00,549.0287771534545
2023-04-05 13:00:00+08:00,570.3691109173018
2023-04-05 14:00:00+08:00,572.5487865232824
2023-04-05 15:00:00+08:00,555.6136782008339
2023-04-05 16:00:00+08:00,607.7788827073142
2023-04-05 17:00:00+08:00,614.3500273300727
2023-04-05 18:00:00+08:00,583.9018040122908
2023-04-05 19:00:00+08:00,494.15227798272474
2023-04-05 20:00:00+08:00,506.2529816468415
2023-04-05 21:00:00+08:00,541.9055217595153
2023-04-05 22:00:00+08:00,434.88759615843685
2023-04-05 23:00:00+08:00,354.7446902815714
2023-04-06 00:00:00+08:00,342.2244942066391
2023-04-06 01:00:00+08:00,308.48818671613355
2023-04-06 02:00:00+08:00,309.56791979121994
2023-04-06 03:00:00+08:00,299.74921869851426
2023-04-06 04:00:00+08:00,313.9788548398782
2023-04-06 05:00:00+08:00,348.89280281281236
2023-04-06 06:00:00+08:00,457.1041640917868
2023-04-06 07:00:00+08:00,595.1884864398429
2023-04-06 08:00:00+08:00,615.9592977971564
2023-04-06 09:00:00+08:00,555.4485475772287
2023-04-06 10:00:00+08:00,603.5233119377014
2023-04-06 11:00:00+08:00,620.0024723340791
2023-04-06 12:00:00+08:00,621.4544396316284
2023-04-06 13:00:00+08:00,571.155646587565
2023-04-06 14:00:00+08:00,589.531016585701
2023-04-06 15:00:00+08:00,602.634534811422
2023-04-06 16:00:00+08:00,653.9426412391451
2023-04-06 17:00:00+08:00,575.1418219570875
2023-04-06 18:00:00+08:00,569.2777270194924
2023-04-06 19:00:00+08:00,556.3859984990314
2023-04-06 20:00:00+08:00,523.1727574395493
2023-04-06 21:00:00+08:00,486.0478197207858
2023-04-06 22:00:00+08:00,395.55514146888066
2023-04-06 23:00:00+08:00,378.70293870377293
2023-04-07 00:00:00+08:00,331.01682623348614
2023-04-07 01:00:00+08:00,302.32040856288006
2023-04-07 02:00:00+08:00,319.5001255157512
2023-04-07 03:00:00+08:00,296.70182342258124
2023-04-07 04:00:00+08:00,324.33127665311827
2023-04-07 05:00:00+08:00,347.58711033613264
2023-04-07 06:00:00+08:00,459.5186710506401
2023-04-07 07:00:00+08:00,551.7340282538537
2023-04-07 08:00:00+08:00,625.5586243377727
2023-04-07 09:00:00+08:00,594.4134009269272
2023-04-07 10:00:00+08:00,604.856022708182
2023-04-07 11:00:00+08:00,601.7770085341449
2023-04-07 12:00:00+08:00,586.247199847741
2023-04-07 13:00:00+08:00,590.6400273030938
2023-04-07 14:00:00+08:00,613.7889994190393
2023-04-07 15:00:00+08:00,574.9381456736894
2023-04-07 16:00:00+08:00,603.0374820740332
2023-04-07 17:00:00+08:00,622.9251862748987
2023-04-07 18:00:00+08:00,607.7343301304146
2023-04-07 19:00:00+08:00,563.69606625257
2023-04-07 20:00:00+08:00,482.88970473588716
2023-04-07 21:00:00+08:00,514.5426562255483
2023-04-07 22:00:00+08:00,405.32454974883217
2023-04-07 23:00:00+08:00,408.1729036270956
2023-04-08 00:00:00+08:00,147.8320439985837
2023-04-08 01:00:00+08:00,144.37865820598145
2023-04-08 02:00:00+08:00,128.67102372155847
2023-04-08 03:00:00+08:00,125.19822314784899
2023-04-08 04:00:00+08:00,140.2753673167446
2023-04-08 05:00:00+08:00,154.6377823397862
2023-04-08 06:00:00+08:00,196.294904700109
2023-04-08 07:00:00+08:00,246.4494329766156
2023-04-08 08:00:00+08:00,296.52924559806036
2023-04-08 09:00:00+08:00,275.8876404984648
2023-04-08 10:00:00+08:00,278.18334396590313
2023-04-08 11:00:00+08:00,275.9881445133794
2023-04-08 12:00:00+08:00,282.7749369401431
2023-04-08 13:00:00+08:00,259.647018601453
2023-04-08 14:00:00+08:00,232.7812200111025
2023-04-08 15:00:00+08:00,259.66256544220147
2023-04-08 16:00:00+08:00,275.6442671704534
2023-04-08 17:00:00+08:00,256.6191919237314
2023-04-08 18:00:00+08:00,259.7904551287572
2023-04-08 19:00:00+08:00,246.60887478270223
2023-04-08 20:00:00+08:00,254.71433856122061
2023-04-08 21:00:00+08:00,233.7323125215094
2023-04-08 22:00:00+08:00,205.45015440686188
2023-04-08 23:00:00+08:00,177.8489807146067
2023-04-09 00:00:00+08:00,146.67452886641613
2023-04-09 01:00:00+08:00,139.97850138846582
2023-04-09 02:00:00+08:00,127.20869466781974
2023-04-09 03:00:00+08:00,121.86040015407255
2023-04-09 04:00:00+08:00,139.71476546974498
2023-04-09 05:00:00+08:00,156.91328097849467
2023-04-09 06:00:00+08:00,209.9982474288344
2023-04-09 07:00:00+08:00,261.15646872681947
2023-04-09 08:00:00+08:00,283.85143996032815
2023-04-09 09:00:00+08:00,256.416859368053
2023-04-09 10:00:00+08:00,263.31559881495843
2023-04-09 11:00:00+08:00,272.21038739012
2023-04-09 12:00:00+08:00,294.12763391913006
2023-04-09 13:00:00+08:00,277.2332112717279
2023-04-09 14:00:00+08:00,265.08571592652015
2023-04-09 15:00:00+08:00,257.67737987276035
2023-04-09 16:00:00+08:00,257.6435416734147
2023-04-09 17:00:00+08:00,275.5069271771124
2023-04-09 18:00:00+08:00,250.21395781092212
2023-04-09 19:00:00+08:00,251.30506598791192
2023-04-09 20:00:00+08:00,239.26743937176914
2023-04-09 21:00:00+08:00,241.48179513344792
2023-04-09 22:00:00+08:00,197.46721088719696
2023-04-09 23:00:00+08:00,156.66301080859816
2023-04-10 00:00:00+08:00,333.16524142257134
2023-04-10 01:00:00+08:00,300.1291813137002
2023-04-10 02:00:00+08:00,297.39323430143094
2023-04-10 03:00:00+08:00,295.8573106353366
2023-04-10 04:00:00+08:00,305.382068647443
2023-04-10 05:00:00+08:00,355.2762662424181
2023-04-10 06:00:00+08:00,418.0251991177562
2023-04-10 07:00:00+08:00,534.9748093529166
2023-04-10 08:00:00+08:00,610.0204964445461
2023-04-10 09:00:00+08:00,579.1888394621004
2023-04-10 10:00:00+08:00,555.5632409479481
2023-04-10 11:00:00+08:00,609.6527705836602
2023-04-10 12:00:00+08:00,620.4485139383455
2023-04-10 13:00:00+08:00,580.8511564432088
2023-04-10 14:00:00+08:00,519.8418811934938
2023-04-10 15:00:00+08:00,598.3305705249628
2023-04-10 16:00:00+08:00,554.3500141921262
2023-04-10 17:00:00+08:00,601.1082194904143
2023-04-10 18:00:00+08:00,561.24190873595
2023-04-10 19:00:00+08:00,537.9153148441449
2023-04-10 20:00:00+08:00,524.9503393667637
2023-04-10 21:00:00+08:00,501.00738118211524
2023-04-10 22:00:00+08:00,433.8550335618522
2023-04-10 23:00:00+08:00,395.04153492021334
2023-04-11 00:00:00+08:00,320.91121157735756
2023-04-11 01:00:00+08:00,321.03091555969223
2023-04-11 02:00:00+08:00,300.37819553331536
2023-04-11 03:00:00+08:00,288.74941307133054
2023-04-11 04:00:00+08:00,298.2187257028188
2023-04-11 05:00:00+08:00,321.85674838837895
2023-04-11 06:00:00+08:00,450.73767419183935
2023-04-11 07:00:00+08:00,538.7969074416259
2023-04-11 08:00:00+08:00,537.7044041134762
2023-04-11 09:00:00+08:00,581.3446847092163
2023-04-11 10:00:00+08:00,572.6636074269318
2023-04-11 11:00:00+08:00,631.5176932579824
2023-04-11 12:00:00+08:00,553.6117549330927
2023-04-11 13:00:00+08:00,548.6275814670793
2023-04-11 14:00:00+08:00,589.428523721344
2023-04-11 15:00:00+08:00,613.7893180317334
2023-04-11 16:00:00+08:00,576.3718487080683
2023-04-11 17:00:00+08:00,579.0546223070459
2023-04-11 18:00:00+08:00,596.5441037147318
2023-04-11 19:00:00+08:00,511.8372130584475
2023-04-11 20:00:00+08:00,494.8626045218242
2023-04-11 21:00:00+08:00,499.2932369248191
2023-04-11 22:00:00+08:00,473.1786872156734
2023-04-11 23:00:00+08:00,379.41840471858404
2023-04-12 00:00:00+08:00,328.2460672579019
2023-04-12 01:00:00+08:00,323.1116673720768
2023-04-12 02:00:00+08:00,322.25267067401103
2023-04-12 03:00:00+08:00,290.34785381079837
2023-04-12 04:00:00+08:00,308.88561387834835
2023-04-12 05:00:00+08:00,369.8852027884046
2023-04-12 06:00:00+08:00,418.6639700337947
2023-04-12 07:00:00+08:00,569.3358706619251
2023-04-12 08:00:00+08:00,570.1991905746694
2023-04-12 09:00:00+08:00,596.8475419005684
2023-04-12 10:00:00+08:00,588.6424950244973
2023-04-12 11:00:00+08:00,571.6330036609611
2023-04-12 12:00:00+08:00,571.0364448937291
2023-04-12 13:00:00+08:00,588.9635988649792
2023-04-12 14:00:00+08:00,587.1774240170089
2023-04-12 15:00:00+08:00,579.4999187545545
2023-04-12 16:00:00+08:00,596.0781549775992
2023-04-12 17:00:00+08:00,607.9916018542613
2023-04-12 18:00:00+08:00,559.8832840135633
2023-04-12 19:00:00+08:00,581.3984526839981
2023-04-12 20:00:00+08:00,552.5029611444319
2023-04-12 21:00:00+08:00,557.868676183089
2023-04-12 22:00:00+08:00,439.1015196915513
2023-04-12 23:00:00+08:00,379.28771191903996
2023-04-13 00:00:00+08:00,337.1923220473327
2023-04-13 01:00:00+08:00,319.42029806274076
2023-04-13 02:00:00+08:00,291.0259225115778
2023-04-13 03:00:00+08:00,292.59524927355915
2023-04-13 04:00:00+08:00,315.981359067688
2023-04-13 05:00:00+08:00,333.5539178962449
2023-04-13 06:00:00+08:00,438.7613441586038
2023-04-13 07:00:00+08:00,549.1606834843338
2023-04-13 08:00:00+08:00,618.4769252794636
2023-04-13 09:00:00+08:00,580.3980776286713
2023-04-13 10:00:00+08:00,550.9495551737615
2023-04-13 11:00:00+08:00,549.1839320121528
2023-04-13 12:00:00+08:00,564.8191969080955
2023-04-13 13:00:00+08:00,552.2694982987896
2023-04-13 14:00:00+08:00,561.5486759335315
2023-04-13 15:00:00+08:00,555.1673206049173
2023-04-13 16:00:00+08:00,578.0628115569901
2023-04-13 17:00:00+08:00,576.3657568052578
2023-04-13 18:00:00+08:00,572.6159682645331
2023-04-13 19:00:00+08:00,594.9340262298259
2023-04-13 20:00:00+08:00,549.4777615379662
2023-04-13 21:00:00+08:00,505.8910986875952
2023-04-13 22:00:00+08:00,437.86038656379344
2023-04-13 23:00:00+08:00,379.9088117040445
2023-04-14 00:00:00+08:00,331.64488507092807
2023-04-14 01:00:00+08:00,316.72965223461426
2023-04-14 02:00:00+08:00,286.7898769637096
2023-04-14 03:00:00+08:00,298.02819365519537
2023-04-14 04:00:00+08:00,284.3464302300465
2023-04-14 05:00:00+08:00,348.1323851388882
2023-04-14 06:00:00+08:00,459.9995629298746
2023-04-14 07:00:00+08:00,541.4385225318314
2023-04-14 08:00:00+08:00,638.4348646103751
2023-04-14 09:00:00+08:00,574.2077737582301
2023-04-14 10:00:00+08:00,600.3645870951777
2023-04-14 11:00:00+08:00,594.3349729913225
2023-04-14 12:00:00+08:00,592.8000329726723
2023-04-14 13:00:00+08:00,580.6168215779873
2023-04-14 14:00:00+08:00,567.8508869830453
2023-04-14 15:00:00+08:00,603.0681483231901
2023-04-14 16:00:00+08:00,627.9883470800759
2023-04-14 17:00:00+08:00,595.1342984500261
2023-04-14 18:00:00+08:00,602.3065502593815
2023-04-14 19:00:00+08:00,549.5565169776147
2023-04-14 20:00:00+08:00,552.0810302932733
2023-04-14 21:00:00+08:00,490.4897346631532
2023-04-14 22:00:00+08:00,465.86533035083244
2023-04-14 23:00:00+08:00,421.08152884836244
2023-04-15 00:00:00+08:00,146.69790520338793
2023-04-15 01:00:00+08:00,127.1532376149223
2023-04-15 02:00:00+08:00,131.07815500908345
2023-04-15 03:00:00+08:00,140.61982868034053
2023-04-15 04:00:00+08:00,142.4602714109483
2023-04-15 05:00:00+08:00,157.00660163498642
2023-04-15 06:00:00+08:00,209.1349438247422
2023-04-15 07:00:00+08:00,251.3682229447997
2023-04-15 08:00:00+08:00,281.0879516141393
2023-04-15 09:00:00+08:00,277.8897732811283
2023-04-15 10:00:00+08:00,284.3469599396005
2023-04-15 11:00:00+08:00,271.8791197810571
2023-04-15 12:00:00+08:00,277.7379139165039
2023-04-15 13:00:00+08:00,259.4447703014447
2023-04-15 14:00:00+08:00,248.5047267118288
2023-04-15 15:00:00+08:00,280.6044973572236
2023-04-15 16:00:00+08:00,270.3503553139315
2023-04-15 17:00:00+08:00,276.66172286288054
2023-04-15 18:00:00+08:00,263.97183415817057
2023-04-15 19:00:00+08:00,248.6569466062899
2023-04-15 20:00:00+08:00,241.33510092811267
2023-04-15 21:00:00+08:00,240.91386461173482
2023-04-15 22:00:00+08:00,205.48894023398066
2023-04-15 23:00:00+08:00,162.29404985540398
2023-04-16 00:00:00+08:00,146.26463931881509
2023-04-16 01:00:00+08:00,149.4318347220081
2023-04-16 02:00:00+08:00,132.97562013408734
2023-04-16 03:00:00+08:00,124.4632231724246
2023-04-16 04:00:00+08:00,150.04979287143814
2023-04-16 05:00:00+08:00,159.82896532083274
2023-04-16 06:00:00+08:00,200.6205114327335
2023-04-16 07:00:00+08:00,243.11919843543424
2023-04-16 08:00:00+08:00,279.8586700099504
2023-04-16 09:00:00+08:00,262.42986119958556
2023-04-16 10:00:00+08:00,280.5658126898304
2023-04-16 11:00:00+08:00,274.0628920673525
2023-04-16 12:00:00+08:00,270.8706303598878
2023-04-16 13:00:00+08:00,264.41045432167317
2023-04-16 14:00:00+08:00,253.04947286026422
2023-04-16 15:00:00+08:00,273.87546409755913
2023-04-16 16:00:00+08:00,258.96027606464514
2023-04-16 17:00:00+08:00,250.84229209886976
2023-04-16 18:00:00+08:00,269.3413041061381
2023-04-16 19:00:00+08:00,261.26739160962245
2023-04-16 20:00:00+08:00,246.05832241289446
2023-04-16 21:00:00+08:00,231.72707451154085
2023-04-16 22:00:00+08:00,198.6044269955301
2023-04-16 23:00:00+08:00,179.85160658774657
2023-04-17 00:00:00+08:00,327.5356094968745
2023-04-17 01:00:00+08:00,304.1905860729873
2023-04-17 02:00:00+08:00,294.5817227992384
2023-04-17 03:00:00+08:00,322.41378609752263
2023-04-17 04:00:00+08:00,288.70534190913554
2023-04-17 05:00:00+08:00,352.9494730728059
2023-04-17 06:00:00+08:00,417.4018298241503
2023-04-17 07:00:00+08:00,546.5017050516458
2023-04-17 08:00:00+08:00,586.2583019122525
2023-04-17 09:00:00+08:00,546.848843517184
2023-04-17 10:00:00+08:00,605.8905952011881
2023-04-17 11:00:00+08:00,587.5371738371639
2023-04-17 12:00:00+08:00,546.5104949434245
2023-04-17 13:00:00+08:00,604.3093287725326
2023-04-17 14:00:00+08:00,599.3092684889914
2023-04-17 15:00:00+08:00,619.5238714578105
2023-04-17 16:00:00+08:00,605.1727308205078
2023-04-17 17:00:00+08:00,597.7056443740053
2023-04-17 18:00:00+08:00,615.7359364327871
2023-04-17 19:00:00+08:00,604.9175733269822
2023-04-17 20:00:00+08:00,561.2924513481468
2023-04-17 21:00:00+08:00,488.0167923815796
2023-04-17 22:00:00+08:00,451.0585851845573
2023-04-17 23:00:00+08:00,394.61189854895025
2023-04-18 00:00:00+08:00,304.65635254661834
2023-04-18 01:00:00+08:00,316.34502858159334
2023-04-18 02:00:00+08:00,325.7184905876308
2023-04-18 03:00:00+08:00,306.2150775380851
2023-04-18 04:00:00+08:00,328.81597342874625
2023-04-18 05:00:00+08:00,348.8780252319081
2023-04-18 06:00:00+08:00,446.54692201675107
2023-04-18 07:00:00+08:00,557.7516029332282
2023-04-18 08:00:00+08:00,577.6581088419139
2023-04-18 09:00:00+08:00,574.1242409629057
2023-04-18 10:00:00+08:00,627.391459526387
2023-04-18 11:00:00+08:00,629.9242559077235
2023-04-18 12:00:00+08:00,573.4714153448008
2023-04-18 13:00:00+08:00,607.8608668683532
2023-04-18 14:00:00+08:00,565.3142825142372
2023-04-18 15:00:00+08:00,593.1561427701056
2023-04-18 16:00:00+08:00,608.1374598124091
2023-04-18 17:00:00+08:00,620.8956210090661
2023-04-18 18:00:00+08:00,587.138152013679
2023-04-18 19:00:00+08:00,599.2862278084053
2023-04-18 20:00:00+08:00,544.0818096073912
2023-04-18 21:00:00+08:00,520.2458223483231
2023-04-18 22:00:00+08:00,432.93122815447384
2023-04-18 23:00:00+08:00,421.6589334435168
2023-04-19 00:00:00+08:00,334.92116006927165
2023-04-19 01:00:00+08:00,319.67596702877177
2023-04-19 02:00:00+08:00,279.63263008662625
2023-04-19 03:00:00+08:00,289.02253442637414
2023-04-19 04:00:00+08:00,326.2015976580095
2023-04-19 05:00:00+08:00,350.652847322686
2023-04-19 06:00:00+08:00,413.9692055994814
2023-04-19 07:00:00+08:00,572.7356588995559
2023-04-19 08:00:00+08:00,584.7136336835638
2023-04-19 09:00:00+08:00,631.4573100834646
2023-04-19 10:00:00+08:00,595.6146858999196
2023-04-19 11:00:00+08:00,602.6089609203532
2023-04-19 12:00:00+08:00,625.9018529001972
2023-04-19 13:00:00+08:00,564.7317844002231
2023-04-19 14:00:00+08:00,545.278289844979
2023-04-19 15:00:00+08:00,581.1563788565368
2023-04-19 16:00:00+08:00,617.4912470980016
2023-04-19 17:00:00+08:00,565.8953163938146
2023-04-19 18:00:00+08:00,546.6776729091206
2023-04-19 19:00:00+08:00,586.5382818120785
2023-04-19 20:00:00+08:00,524.968517371899
2023-04-19 21:00:00+08:00,500.08657125021807
2023-04-19 22:00:00+08:00,414.9907478531986
2023-04-19 23:00:00+08:00,377.962829371834
2023-04-20 00:00:00+08:00,328.9739961160179
2023-04-20 01:00:00+08:00,322.7026549451026
2023-04-20 02:00:00+08:00,289.92904036889155
2023-04-20 03:00:00+08:00,318.99050303910946
2023-04-20 04:00:00+08:00,302.60485868158514
2023-04-20 05:00:00+08:00,337.54112867506865
2023-04-20 06:00:00+08:00,476.33148494969504
2023-04-20 07:00:00+08:00,555.1063251292159
2023-04-20 08:00:00+08:00,585.1042424285146
2023-04-20 09:00:00+08:00,594.6029005014681
2023-04-20 10:00:00+08:00,630.6982472101975
2023-04-20 11:00:00+08:00,633.4057270220084
2023-04-20 12:00:00+08:00,578.7676381989033
2023-04-20 13:00:00+08:00,585.3540893518064
2023-04-20 14:00:00+08:00,570.4496666217366
2023-04-20 15:00:00+08:00,563.2180816452458
2023-04-20 16:00:00+08:00,596.9829541461829
2023-04-20 17:00:00+08:00,598.4430336980415
2023-04-20 18:00:00+08:00,613.0917733952716
2023-04-20 19:00:00+08:00,595.8518702413411
2023-04-20 20:00:00+08:00,531.3931185129125
2023-04-20 21:00:00+08:00,504.21590567883294
2023-04-20 22:00:00+08:00,460.66042704191347
2023-04-20 23:00:00+08:00,379.8018558954136
2023-04-21 00:00:00+08:00,337.17718103778196
2023-04-21 01:00:00+08:00,310.3572164377319
2023-04-21 02:00:00+08:00,287.8610621443872
2023-04-21 03:00:00+08:00,288.01153993299005
2023-04-21 04:00:00+08:00,329.4799578246579
2023-04-21 05:00:00+08:00,345.2156098296118
2023-04-21 06:00:00+08:00,478.6846877416073
2023-04-21 07:00:00+08:00,539.7099228747156
2023-04-21 08:00:00+08:00,605.9235109584079
2023-04-21 09:00:00+08:00,656.2703011803209
2023-04-21 10:00:00+08:00,573.6141148601292
2023-04-21 11:00:00+08:00,553.4792524797074
2023-04-21 12:00:00+08:00,629.7708178320271
2023-04-21 13:00:00+08:00,567.5554996219515
2023-04-21 14:00:00+08:00,568.5282342900126
2023-04-21 15:00:00+08:00,573.2113086886559
2023-04-21 16:00:00+08:00,605.3714635560364
2023-04-21 17:00:00+08:00,576.1740265883883
2023-04-21 18:00:00+08:00,582.7431539958978
2023-04-21 19:00:00+08:00,579.2372987610458
2023-04-21 20:00:00+08:00,517.3109244128534
2023-04-21 21:00:00+08:00,494.8481790847453
2023-04-21 22:00:00+08:00,442.96822439815577
2023-04-21 23:00:00+08:00,367.0650574922831
2023-04-22 00:00:00+08:00,145.89450887001718
2023-04-22 01:00:00+08:00,140.97490205296086
2023-04-22 02:00:00+08:00,132.75555545200072
2023-04-22 03:00:00+08:00,133.44723401409954
2023-04-22 04:00:00+08:00,140.19648232840407
2023-04-22 05:00:00+08:00,152.3926914024068
2023-04-22 06:00:00+08:00,207.96150889584433
2023-04-22 07:00:00+08:00,262.4960912642289
2023-04-22 08:00:00+08:00,264.8113891618547
2023-04-22 09:00:00+08:00,275.06013113262213
2023-04-22 10:00:00+08:00,267.2372445472312
2023-04-22 11:00:00+08:00,273.76809911376586
2023-04-22 12:00:00+08:00,286.72277669269687
2023-04-22 13:00:00+08:00,269.8070806311666
2023-04-22 14:00:00+08:00,238.14891316347612
2023-04-22 15:00:00+08:00,269.22889617690254
2023-04-22 16:00:00+08:00,283.12963766970086
2023-04-22 17:00:00+08:00,267.4317439022016
2023-04-22 18:00:00+08:00,274.95785595336486
2023-04-22 19:00:00+08:00,249.2562917901945
2023-04-22 20:00:00+08:00,228.41107850891203
2023-04-22 21:00:00+08:00,230.64498877686648
2023-04-22 22:00:00+08:00,188.14940646446468
2023-04-22 23:00:00+08:00,173.7031295827211
2023-04-23 00:00:00+08:00,156.22115573813053
2023-04-23 01:00:00+08:00,129.7389783850499
2023-04-23 02:00:00+08:00,128.1541398408769
2023-04-23 03:00:00+08:00,129.49111007164797
2023-04-23 04:00:00+08:00,140.11373692308234
2023-04-23 05:00:00+08:00,154.38555432712562
2023-04-23 06:00:00+08:00,213.93888146661305
2023-04-23 07:00:00+08:00,258.0100922899898
2023-04-23 08:00:00+08:00,275.48528345292186
2023-04-23 09:00:00+08:00,271.7072733209393
2023-04-23 10:00:00+08:00,274.3826715523181
2023-04-23 11:00:00+08:00,260.8196682931967
2023-04-23 12:00:00+08:00,279.3961429092991
2023-04-23 13:00:00+08:00,252.95530932918308
2023-04-23 14:00:00+08:00,265.2022145778579
2023-04-23 15:00:00+08:00,277.2913616926097
2023-04-23 16:00:00+08:00,272.4121524680689
2023-04-23 17:00:00+08:00,268.22964383604756
2023-04-23 18:00:00+08:00,268.9699913349044
2023-04-23 19:00:00+08:00,227.25328749900822
2023-04-23 20:00:00+08:00,246.05972302618554
2023-04-23 21:00:00+08:00,228.57252915904132
2023-04-23 22:00:00+08:00,202.1899746117459
2023-04-23 23:00:00+08:00,180.5492107135738
2023-04-24 00:00:00+08:00,329.569357442072
2023-04-24 01:00:00+08:00,298.27369912175647
2023-04-24 02:00:00+08:00,298.8075497732519
2023-04-24 03:00:00+08:00,301.3192874005146
2023-04-24 04:00:00+08:00,313.9643414341142
2023-04-24 05:00:00+08:00,350.84613962879035
2023-04-24 06:00:00+08:00,469.5011523933751
2023-04-24 07:00:00+08:00,528.9131530530123
2023-04-24 08:00:00+08:00,605.238442661699
2023-04-24 09:00:00+08:00,632.0251599824271
2023-04-24 10:00:00+08:00,559.3134351924275
2023-04-24 11:00:00+08:00,605.3333121905392
2023-04-24 12:00:00+08:00,586.9416630281785
2023-04-24 13:00:00+08:00,580.2603609137287
2023-04-24 14:00:00+08:00,550.2992843194726
2023-04-24 15:00:00+08:00,584.9996361354438
2023-04-24 16:00:00+08:00,645.2793548066812
2023-04-24 17:00:00+08:00,570.6168624345719
2023-04-24 18:00:00+08:00,561.4384708830235
2023-04-24 19:00:00+08:00,541.2294775206631
2023-04-24 20:00:00+08:00,578.2883754713916
2023-04-24 21:00:00+08:00,501.4146490062063
2023-04-24 22:00:00+08:00,450.29859292013185
2023-04-24 23:00:00+08:00,384.3653880493822
2023-04-25 00:00:00+08:00,318.46452143147394
2023-04-25 01:00:00+08:00,309.9713971107105
2023-04-25 02:00:00+08:00,330.46490500832004
2023-04-25 03:00:00+08:00,317.63332480779945
2023-04-25 04:00:00+08:00,302.2388100945537
2023-04-25 05:00:00+08:00,358.0608790270195
2023-04-25 06:00:00+08:00,436.3079615983494
2023-04-25 07:00:00+08:00,514.2810972605388
2023-04-25 08:00:00+08:00,626.2989961945408
2023-04-25 09:00:00+08:00,629.682853842027
2023-04-25 10:00:00+08:00,626.9378556453663
2023-04-25 11:00:00+08:00,590.449175603087
2023-04-25 12:00:00+08:00,597.7446493627031
2023-04-25 13:00:00+08:00,607.4100055970366
2023-04-25 14:00:00+08:00,580.6233293112685
2023-04-25 15:00:00+08:00,580.4383255504576
2023-04-25 16:00:00+08:00,562.7873596661348
2023-04-25 17:00:00+08:00,604.5000182523743
2023-04-25 18:00:00+08:00,615.1765288085579
2023-04-25 19:00:00+08:00,544.285989015002
2023-04-25 20:00:00+08:00,555.4207526692604
2023-04-25 21:00:00+08:00,518.2784299073367
2023-04-25 22:00:00+08:00,464.86150508811636
2023-04-25 23:00:00+08:00,404.7860476166004
2023-04-26 00:00:00+08:00,322.1857438528172
2023-04-26 01:00:00+08:00,293.0507093568476
2023-04-26 02:00:00+08:00,294.83562225414244
2023-04-26 03:00:00+08:00,311.9793617350203
2023-04-26 04:00:00+08:00,306.5227156800679
2023-04-26 05:00:00+08:00,339.76540956079225
2023-04-26 06:00:00+08:00,418.9747439638733
2023-04-26 07:00:00+08:00,593.188940045042
2023-04-26 08:00:00+08:00,622.4303785433975
2023-04-26 09:00:00+08:00,621.0851066249023
2023-04-26 10:00:00+08:00,625.8530303099926
2023-04-26 11:00:00+08:00,616.4290554911822
2023-04-26 12:00:00+08:00,596.6410832129118
2023-04-26 13:00:00+08:00,586.6111336322765
2023-04-26 14:00:00+08:00,562.6136452725062
2023-04-26 15:00:00+08:00,652.7094793890268
2023-04-26 16:00:00+08:00,615.9278392271988
2023-04-26 17:00:00+08:00,591.3515572638058
2023-04-26 18:00:00+08:00,601.4737496386141
2023-04-26 19:00:00+08:00,549.258229232953
2023-04-26 20:00:00+08:00,574.9110882707959
2023-04-26 21:00:00+08:00,498.607576093372
2023-04-26 22:00:00+08:00,460.9548398006647
2023-04-26 23:00:00+08:00,408.34366695502763
2023-04-27 00:00:00+08:00,336.9362209090967
2023-04-27 01:00:00+08:00,314.91487449319584
2023-04-27 02:00:00+08:00,301.79318399685576
2023-04-27 03:00:00+08:00,300.98179322851956
2023-04-27 04:00:00+08:00,306.4922643345762
2023-04-27 05:00:00+08:00,343.6374053761749
2023-04-27 06:00:00+08:00,479.2745068321115
2023-04-27 07:00:00+08:00,552.6498543947665
2023-04-27 08:00:00+08:00,584.3620382119854
2023-04-27 09:00:00+08:00,590.86585701693
2023-04-27 10:00:00+08:00,629.8809565963701
2023-04-27 11:00:00+08:00,619.6301142669337
2023-04-27 12:00:00+08:00,616.8481203069628
2023-04-27 13:00:00+08:00,585.1686965800669
2023-04-27 14:00:00+08:00,586.3045204415674
2023-04-27 15:00:00+08:00,576.0387107704302
2023-04-27 16:00:00+08:00,597.0604084954341
2023-04-27 17:00:00+08:00,626.729999096781
2023-04-27 18:00:00+08:00,611.9361550652981
2023-04-27 19:00:00+08:00,550.6477627303154
2023-04-27 20:00:00+08:00,524.4113140141924
2023-04-27 21:00:00+08:00,515.0566440503986
2023-04-27 22:00:00+08:00,483.73686045179426
2023-04-27 23:00:00+08:00,362.11324155019906
2023-04-28 00:00:00+08:00,335.97968447833523
2023-04-28 01:00:00+08:00,296.86423574416744
2023-04-28 02:00:00+08:00,294.4084314301496
2023-04-28 03:00:00+08:00,297.6696426802657
2023-04-28 04:00:00+08:00,308.87171476054226
2023-04-28 05:00:00+08:00,342.92289860407413
2023-04-28 06:00:00+08:00,453.24012670068987
2023-04-28 07:00:00+08:00,543.9142154881592
2023-04-28 08:00:00+08:00,568.8044928463931
2023-04-28 09:00:00+08:00,622.9922086752342
2023-04-28 10:00:00+08:00,622.339792725314
2023-04-28 11:00:00+08:00,624.5220198770651
2023-04-28 12:00:00+08:00,566.9128606830442
2023-04-28 13:00:00+08:00,599.1422203132479
2023-04-28 14:00:00+08:00,589.457521190574
2023-04-28 15:00:00+08:00,567.6416170976789
2023-04-28 16:00:00+08:00,604.3676835145127
2023-04-28 17:00:00+08:00,601.3363230973554
2023-04-28 18:00:00+08:00,635.6898601972268
2023-04-28 19:00:00+08:00,618.1204145092793
2023-04-28 20:00:00+08:00,507.5328903092618
2023-04-28 21:00:00+08:00,564.7517688302723
2023-04-28 22:00:00+08:00,436.5216043257608
2023-04-28 23:00:00+08:00,408.0991189310063
2023-04-29 00:00:00+08:00,155.54764853630542
2023-04-29 01:00:00+08:00,135.92929038211608
2023-04-29 02:00:00+08:00,138.80847910088738
2023-04-29 03:00:00+08:00,135.5371704393118
2023-04-29 04:00:00+08:00,144.70659546329819
2023-04-29 05:00:00+08:00,159.35925836098386
2023-04-29 06:00:00+08:00,213.95495889625838
2023-04-29 07:00:00+08:00,251.22113441499016
2023-04-29 08:00:00+08:00,270.4172459285623
2023-04-29 09:00:00+08:00,284.1812996280641
2023-04-29 10:00:00+08:00,278.56576782507324
2023-04-29 11:00:00+08:00,280.2146755494965
2023-04-29 12:00:00+08:00,265.00813780582445
2023-04-29 13:00:00+08:00,255.6453926672745
2023-04-29 14:00:00+08:00,252.75982583376197
2023-04-29 15:00:00+08:00,260.17503898659567
2023-04-29 16:00:00+08:00,280.8069276343724
2023-04-29 17:00:00+08:00,282.8736487082762
2023-04-29 18:00:00+08:00,265.14490286153773
2023-04-29 19:00:00+08:00,273.4364158346109
2023-04-29 20:00:00+08:00,258.43296717623963
2023-04-29 21:00:00+08:00,233.66154259784213
2023-04-29 22:00:00+08:00,197.47133583673977
2023-04-29 23:00:00+08:00,188.1105999158229
2023-04-30 00:00:00+08:00,149.58331965489575
2023-04-30 01:00:00+08:00,142.48570613356654
2023-04-30 02:00:00+08:00,134.4657805300283
2023-04-30 03:00:00+08:00,131.46578414025703
2023-04-30 04:00:00+08:00,133.4418722810653
2023-04-30 05:00:00+08:00,162.13132976654617
2023-04-30 06:00:00+08:00,198.06883967907004
2023-04-30 07:00:00+08:00,281.5204728210596
2023-04-30 08:00:00+08:00,260.79102014308023
2023-04-30 09:00:00+08:00,258.92282752507583
2023-04-30 10:00:00+08:00,278.19835954664205
2023-04-30 11:00:00+08:00,289.3128717183397
2023-04-30 12:00:00+08:00,273.3394672214607
2023-04-30 13:00:00+08:00,273.29811300216585
2023-04-30 14:00:00+08:00,239.903939117655
2023-04-30 15:00:00+08:00,259.94162298539345
2023-04-30 16:00:00+08:00,260.92687806368303
2023-04-30 17:00:00+08:00,251.96885103610896
2023-04-30 18:00:00+08:00,268.43259145910895
2023-04-30 19:00:00+08:00,235.7673429163906
2023-04-30 20:00:00+08:00,232.39440921905793
2023-04-30 21:00:00+08:00,226.76025941836377
2023-04-30 22:00:00+08:00,197.67718752176586
2023-04-30 23:00:00+08:00,180.0227556813709
2023-05-01 00:00:00+08:00,337.7877299620411
2023-05-01 01:00:00+08:00,326.78641446024545
2023-05-01 02:00:00+08:00,312.50165436805867
2023-05-01 03:00:00+08:00,317.21518784391895
2023-05-01 04:00:00+08:00,315.48223320179954
2023-05-01 05:00:00+08:00,356.1827676146868
2023-05-01 06:00:00+08:00,464.3680942333113
2023-05-01 07:00:00+08:00,561.366640198631
2023-05-01 08:00:00+08:00,597.1033641037567
2023-05-01 09:00:00+08:00,598.6748719844405
2023-05-01 10:00:00+08:00,586.9012426668133
2023-05-01 11:00:00+08:00,616.9756864849944
2023-05-01 12:00:00+08:00,604.4614387970133
2023-05-01 13:00:00+08:00,578.8351535183518
2023-05-01 14:00:00+08:00,561.1371277066993
2023-05-01 15:00:00+08:00,565.8197730242053
2023-05-01 16:00:00+08:00,630.4993729484761
2023-05-01 17:00:00+08:00,608.6511906886045
2023-05-01 18:00:00+08:00,574.0871760769966
2023-05-01 19:00:00+08:00,595.0480743594601
2023-05-01 20:00:00+08:00,533.827099844388
2023-05-01 21:00:00+08:00,486.7166094974706
2023-05-01 22:00:00+08:00,473.6459602221499
2023-05-01 23:00:00+08:00,385.91017682000364
2023-05-02 00:00:00+08:00,328.7416773035719
2023-05-02 01:00:00+08:00,316.4989249868877
2023-05-02 02:00:00+08:00,317.71133430025964
2023-05-02 03:00:00+08:00,304.06894145716916
2023-05-02 04:00:00+08:00,300.8226384376602
2023-05-02 05:00:00+08:00,360.10480237205735
2023-05-02 06:00:00+08:00,446.8970092468591
2023-05-02 07:00:00+08:00,601.2556964772667
2023-05-02 08:00:00+08:00,607.6236398353832
2023-05-02 09:00:00+08:00,553.3260065116641
2023-05-02 10:00:00+08:00,616.3369810836525
2023-05-02 11:00:00+08:00,654.9163163455913
2023-05-02 12:00:00+08:00,645.9552283191904
2023-05-02 13:00:00+08:00,639.11101158984
2023-05-02 14:00:00+08:00,553.7213033677511
2023-05-02 15:00:00+08:00,617.2252299353567
2023-05-02 16:00:00+08:00,590.1020318373814
2023-05-02 17:00:00+08:00,613.1024416570268
2023-05-02 18:00:00+08:00,565.1762219155555
2023-05-02 19:00:00+08:00,562.3873573557333
2023-05-02 20:00:00+08:00,532.0925824141881
2023-05-02 21:00:00+08:00,535.0674955509418
2023-05-02 22:00:00+08:00,470.3348716644657
2023-05-02 23:00:00+08:00,399.34650967523584
2023-05-03 00:00:00+08:00,316.63736903902037
2023-05-03 01:00:00+08:00,312.51557588385873
2023-05-03 02:00:00+08:00,295.20748461120064
2023-05-03 03:00:00+08:00,314.8741892188212
2023-05-03 04:00:00+08:00,331.3743937344442
2023-05-03 05:00:00+08:00,367.89021634998755
2023-05-03 06:00:00+08:00,442.6450315746863
2023-05-03 07:00:00+08:00,498.5378868772774
2023-05-03 08:00:00+08:00,565.5644163629067
2023-05-03 09:00:00+08:00,643.1845880722235
2023-05-03 10:00:00+08:00,598.8099719245835
2023-05-03 11:00:00+08:00,590.3027928745341
2023-05-03 12:00:00+08:00,648.5652265167882
2023-05-03 13:00:00+08:00,626.5881799148707
2023-05-03 14:00:00+08:00,578.714277076104
2023-05-03 15:00:00+08:00,589.4067129684396
2023-05-03 16:00:00+08:00,605.3620108605248
2023-05-03 17:00:00+08:00,614.1076144240341
2023-05-03 18:00:00+08:00,634.577335384343
2023-05-03 19:00:00+08:00,587.9188397073938
2023-05-03 20:00:00+08:00,563.6264133192047
2023-05-03 21:00:00+08:00,541.4852213617751
2023-05-03 22:00:00+08:00,435.07815976728085
2023-05-03 23:00:00+08:00,407.51974369674826
2023-05-04 00:00:00+08:00,331.28751500892633
2023-05-04 01:00:00+08:00,285.05261017942706
2023-05-04 02:00:00+08:00,278.81803879463325
2023-05-04 03:00:00+08:00,292.35007781447445
2023-05-04 04:00:00+08:00,323.68673883620227
2023-05-04 05:00:00+08:00,355.1324504192425
2023-05-04 06:00:00+08:00,460.5133646694518
2023-05-04 07:00:00+08:00,604.5214860924884
2023-05-04 08:00:00+08:00,578.5812293897582
2023-05-04 09:00:00+08:00,608.8539409765546
2023-05-04 10:00:00+08:00,616.9452067448359
2023-05-04 11:00:00+08:00,591.5717813591011
2023-05-04 12:00:00+08:00,610.2134230301721
2023-05-04 13:00:00+08:00,559.1042764518184
2023-05-04 14:00:00+08:00,611.7027105705151
2023-05-04 15:00:00+08:00,581.0463188393212
2023-05-04 16:00:00+08:00,659.0501790971077
2023-05-04 17:00:00+08:00,608.731037538864
2023-05-04 18:00:00+08:00,621.895920820744
2023-05-04 19:00:00+08:00,577.8120576906134
2023-05-04 20:00:00+08:00,547.8959056527508
2023-05-04 21:00:00+08:00,505.99108005052824
2023-05-04 22:00:00+08:00,459.3203558684474
2023-05-04 23:00:00+08:00,401.2293280016233
2023-05-05 00:00:00+08:00,325.2335333555225
2023-05-05 01:00:00+08:00,315.8642784509266
2023-05-05 02:00:00+08:00,297.79328484642105
2023-05-05 03:00:00+08:00,333.320606502195
2023-05-05 04:00:00+08:00,316.312694097708
2023-05-05 05:00:00+08:00,375.9666974384525
2023-05-05 06:00:00+08:00,454.28087617790237
2023-05-05 07:00:00+08:00,567.4711432798897
2023-05-05 08:00:00+08:00,578.2179054407111
2023-05-05 09:00:00+08:00,599.5675722758765
2023-05-05 10:00:00+08:00,615.6259421569246
2023-05-05 11:00:00+08:00,649.2140634996648
2023-05-05 12:00:00+08:00,615.9054979727877
2023-05-05 13:00:00+08:00,631.3889355670165
2023-05-05 14:00:00+08:00,594.8244775875962
2023-05-05 15:00:00+08:00,637.2204661996408
2023-05-05 16:00:00+08:00,609.0430383080395
2023-05-05 17:00:00+08:00,668.8526000073571
2023-05-05 18:00:00+08:00,586.6590983148712
2023-05-05 19:00:00+08:00,562.1798669460054
2023-05-05 20:00:00+08:00,522.8424520769443
2023-05-05 21:00:00+08:00,567.2959668753838
2023-05-05 22:00:00+08:00,472.8714189949763
2023-05-05 23:00:00+08:00,391.5117622298371
2023-05-06 00:00:00+08:00,158.8979509436721
2023-05-06 01:00:00+08:00,147.01813223213108
2023-05-06 02:00:00+08:00,148.39902801748582
2023-05-06 03:00:00+08:00,129.06112737986902
2023-05-06 04:00:00+08:00,141.56353681382006
2023-05-06 05:00:00+08:00,156.63917844214257
2023-05-06 06:00:00+08:00,190.07640863173862
2023-05-06 07:00:00+08:00,263.8822391255942
2023-05-06 08:00:00+08:00,272.18213800051024
2023-05-06 09:00:00+08:00,283.2988352816461
2023-05-06 10:00:00+08:00,301.1306362876498
2023-05-06 11:00:00+08:00,271.27029521009985
2023-05-06 12:00:00+08:00,270.5228632502711
2023-05-06 13:00:00+08:00,270.93498277086115
2023-05-06 14:00:00+08:00,271.72297093974936
2023-05-06 15:00:00+08:00,263.54236597908374
2023-05-06 16:00:00+08:00,268.21364072724975
2023-05-06 17:00:00+08:00,286.79398365049883
2023-05-06 18:00:00+08:00,273.7391272677503
2023-05-06 19:00:00+08:00,240.0205974254334
2023-05-06 20:00:00+08:00,235.50403201055704
2023-05-06 21:00:00+08:00,247.92911036146305
2023-05-06 22:00:00+08:00,209.68647450288586
2023-05-06 23:00:00+08:00,173.40000115365135
2023-05-07 00:00:00+08:00,150.54943258609038
2023-05-07 01:00:00+08:00,143.3904128720104
2023-05-07 02:00:00+08:00,141.85786910957265
2023-05-07 03:00:00+08:00,130.31555502635206
2023-05-07 04:00:00+08:00,138.4937232600825
2023-05-07 05:00:00+08:00,161.5961128903236
2023-05-07 06:00:00+08:00,205.8782058454034
2023-05-07 07:00:00+08:00,259.356424771185
2023-05-07 08:00:00+08:00,262.05054125247733
2023-05-07 09:00:00+08:00,279.5419264255176
2023-05-07 10:00:00+08:00,287.63870079969047
2023-05-07 11:00:00+08:00,280.971652827349
2023-05-07 12:00:00+08:00,277.13846524490094
2023-05-07 13:00:00+08:00,269.05687419471565
2023-05-07 14:00:00+08:00,253.08124314813418
2023-05-07 15:00:00+08:00,269.31492093936225
2023-05-07 16:00:00+08:00,289.4921130542234
2023-05-07 17:00:00+08:00,274.29267687993365
2023-05-07 18:00:00+08:00,260.47958784501196
2023-05-07 19:00:00+08:00,256.6693303961966
2023-05-07 20:00:00+08:00,250.03717481737135
2023-05-07 21:00:00+08:00,230.76410236648644
2023-05-07 22:00:00+08:00,210.7162111956527
2023-05-07 23:00:00+08:00,182.8897211701642
2023-05-08 00:00:00+08:00,349.4016004334494
2023-05-08 01:00:00+08:00,337.16452286074724
2023-05-08 02:00:00+08:00,318.9490989150117
2023-05-08 03:00:00+08:00,295.26829048342654
2023-05-08 04:00:00+08:00,307.4708129114185
2023-05-08 05:00:00+08:00,354.7291883336394
2023-05-08 06:00:00+08:00,451.79266333815815
2023-05-08 07:00:00+08:00,538.6862983181609
2023-05-08 08:00:00+08:00,602.6229297655007
2023-05-08 09:00:00+08:00,601.8175497268819
2023-05-08 10:00:00+08:00,596.9752585549728
2023-05-08 11:00:00+08:00,605.7123778287038
2023-05-08 12:00:00+08:00,642.3787264139737
2023-05-08 13:00:00+08:00,605.9833502545295
2023-05-08 14:00:00+08:00,640.4099515320355
2023-05-08 15:00:00+08:00,605.292463732649
2023-05-08 16:00:00+08:00,606.3435979718498
2023-05-08 17:00:00+08:00,613.562778335689
2023-05-08 18:00:00+08:00,607.3601749275404
2023-05-08 19:00:00+08:00,592.9347320673716
2023-05-08 20:00:00+08:00,597.9785852414323
2023-05-08 21:00:00+08:00,503.8107300756568
2023-05-08 22:00:00+08:00,475.9057698289233
2023-05-08 23:00:00+08:00,402.0635075470366
2023-05-09 00:00:00+08:00,316.7249119113051
2023-05-09 01:00:00+08:00,329.3799295978543
2023-05-09 02:00:00+08:00,322.81847542607767
2023-05-09 03:00:00+08:00,296.70554276721873
2023-05-09 04:00:00+08:00,319.41530467494624
2023-05-09 05:00:00+08:00,331.8017458854322
2023-05-09 06:00:00+08:00,437.65450759598093
2023-05-09 07:00:00+08:00,589.0203476157202
2023-05-09 08:00:00+08:00,603.0156479086288
2023-05-09 09:00:00+08:00,587.2263078448433
2023-05-09 10:00:00+08:00,620.1197387974039
2023-05-09 11:00:00+08:00,601.6393133320751
2023-05-09 12:00:00+08:00,602.9073728395493
2023-05-09 13:00:00+08:00,619.9987880541914
2023-05-09 14:00:00+08:00,556.6290557082998
2023-05-09 15:00:00+08:00,580.3821106987949
2023-05-09 16:00:00+08:00,618.2669501879056
2023-05-09 17:00:00+08:00,638.3070974775171
2023-05-09 18:00:00+08:00,632.0145124028653
2023-05-09 19:00:00+08:00,568.2264536793241
2023-05-09 20:00:00+08:00,573.7677809085056
2023-05-09 21:00:00+08:00,505.9252741826526
2023-05-09 22:00:00+08:00,494.524903411031
2023-05-09 23:00:00+08:00,381.2981986772565
2023-05-10 00:00:00+08:00,356.5193384539882
2023-05-10 01:00:00+08:00,311.66012882033027
2023-05-10 02:00:00+08:00,332.5381070426289
2023-05-10 03:00:00+08:00,315.0339358926973
2023-05-10 04:00:00+08:00,307.0572067314836
2023-05-10 05:00:00+08:00,349.5379444066248
2023-05-10 06:00:00+08:00,476.056730703675
2023-05-10 07:00:00+08:00,590.1117665941873
2023-05-10 08:00:00+08:00,613.7682903776923
2023-05-10 09:00:00+08:00,616.6088382022587
2023-05-10 10:00:00+08:00,634.1802694722682
2023-05-10 11:00:00+08:00,618.7542611348557
2023-05-10 12:00:00+08:00,583.6627620366364
2023-05-10 13:00:00+08:00,583.5837383981874
2023-05-10 14:00:00+08:00,590.2331716689989
2023-05-10 15:00:00+08:00,632.5262662766903
2023-05-10 16:00:00+08:00,655.2954253182545
2023-05-10 17:00:00+08:00,634.7016400549313
2023-05-10 18:00:00+08:00,610.1308896480816
2023-05-10 19:00:00+08:00,602.2481415136921
2023-05-10 20:00:00+08:00,539.1843117863679
2023-05-10 21:00:00+08:00,519.9762215151613
2023-05-10 22:00:00+08:00,446.41419642892816
2023-05-10 23:00:00+08:00,380.09713645248837
2023-05-11 00:00:00+08:00,343.62611323970583
2023-05-11 01:00:00+08:00,322.9844290399986
2023-05-11 02:00:00+08:00,316.75381696958846
2023-05-11 03:00:00+08:00,315.00848261813485
2023-05-11 04:00:00+08:00,323.7170887957139
2023-05-11 05:00:00+08:00,365.5601002767366
2023-05-11 06:00:00+08:00,461.6221000745533
2023-05-11 07:00:00+08:00,576.5929701955195
2023-05-11 08:00:00+08:00,598.6406439945786
2023-05-11 09:00:00+08:00,625.6664513963101
2023-05-11 10:00:00+08:00,633.033266257957
2023-05-11 11:00:00+08:00,600.0331311233481
2023-05-11 12:00:00+08:00,617.8270625719979
2023-05-11 13:00:00+08:00,589.1461366214893
2023-05-11 14:00:00+08:00,573.3858944079402
2023-05-11 15:00:00+08:00,577.0297123503634
2023-05-11 16:00:00+08:00,647.7652614015917
2023-05-11 17:00:00+08:00,642.8306577254758
2023-05-11 18:00:00+08:00,617.2068904106184
2023-05-11 19:00:00+08:00,631.9276332263512
2023-05-11 20:00:00+08:00,550.6934523519686
2023-05-11 21:00:00+08:00,587.6202650060538
2023-05-11 22:00:00+08:00,458.20309688765246
2023-05-11 23:00:00+08:00,404.84752612124794
2023-05-12 00:00:00+08:00,334.273633115903
2023-05-12 01:00:00+08:00,325.9332870062252
2023-05-12 02:00:00+08:00,319.1199128834882
2023-05-12 03:00:00+08:00,307.3913609111782
2023-05-12 04:00:00+08:00,343.9741577632165
2023-05-12 05:00:00+08:00,361.6327912611631
2023-05-12 06:00:00+08:00,468.2092017617055
2023-05-12 07:00:00+08:00,547.5298414366911
2023-05-12 08:00:00+08:00,627.9354474775179
2023-05-12 09:00:00+08:00,614.2859064286054
2023-05-12 10:00:00+08:00,602.571019453235
2023-05-12 11:00:00+08:00,598.4149708206766
2023-05-12 12:00:00+08:00,683.5998093119849
2023-05-12 13:00:00+08:00,598.8662291845787
2023-05-12 14:00:00+08:00,552.5235256354841
2023-05-12 15:00:00+08:00,588.3411595105463
2023-05-12 16:00:00+08:00,616.3229727543663
2023-05-12 17:00:00+08:00,631.1016928118498
2023-05-12 18:00:00+08:00,618.6764722481294
2023-05-12 19:00:00+08:00,602.5963051925244
2023-05-12 20:00:00+08:00,541.4997143295999
2023-05-12 21:00:00+08:00,532.1060322296645
2023-05-12 22:00:00+08:00,446.96612546523966
2023-05-12 23:00:00+08:00,391.48805467798053
2023-05-13 00:00:00+08:00,147.49582460730673
2023-05-13 01:00:00+08:00,137.8832024553856
2023-05-13 02:00:00+08:00,145.1221815469778
2023-05-13 03:00:00+08:00,143.03090115021234
2023-05-13 04:00:00+08:00,150.42013698498394
2023-05-13 05:00:00+08:00,161.72219979408044
2023-05-13 06:00:00+08:00,215.2829477626415
2023-05-13 07:00:00+08:00,238.07790441743498
2023-05-13 08:00:00+08:00,288.00472032452217
2023-05-13 09:00:00+08:00,280.3659597934034
2023-05-13 10:00:00+08:00,285.376930653276
2023-05-13 11:00:00+08:00,282.6254408709817
2023-05-13 12:00:00+08:00,267.4020052540291
2023-05-13 13:00:00+08:00,256.4775751273696
2023-05-13 14:00:00+08:00,256.9411285536865
2023-05-13 15:00:00+08:00,278.99068545639847
2023-05-13 16:00:00+08:00,286.07828001883433
2023-05-13 17:00:00+08:00,263.1605437806594
2023-05-13 18:00:00+08:00,262.11896082636224
2023-05-13 19:00:00+08:00,256.8228397397542
2023-05-13 20:00:00+08:00,246.97326694995778
2023-05-13 21:00:00+08:00,223.74222700759188
2023-05-13 22:00:00+08:00,196.91849577648802
2023-05-13 23:00:00+08:00,175.00720333811182
2023-05-14 00:00:00+08:00,153.90843677376404
2023-05-14 01:00:00+08:00,138.16504719137902
2023-05-14 02:00:00+08:00,138.7898005147564
2023-05-14 03:00:00+08:00,145.33968772127562
2023-05-14 04:00:00+08:00,137.46210831769642
2023-05-14 05:00:00+08:00,160.40972994246692
2023-05-14 06:00:00+08:00,217.72678878559006
2023-05-14 07:00:00+08:00,252.2691972436223
2023-05-14 08:00:00+08:00,272.47217022031003
2023-05-14 09:00:00+08:00,291.84999935934354
2023-05-14 10:00:00+08:00,275.4557326200695
2023-05-14 11:00:00+08:00,291.19185411822156
2023-05-14 12:00:00+08:00,283.65641907268065
2023-05-14 13:00:00+08:00,269.5460502243058
2023-05-14 14:00:00+08:00,270.01113811085963
2023-05-14 15:00:00+08:00,276.7970214036299
2023-05-14 16:00:00+08:00,290.2591721128695
2023-05-14 17:00:00+08:00,272.7546574722949
2023-05-14 18:00:00+08:00,273.74439967384404
2023-05-14 19:00:00+08:00,264.2759152048408
2023-05-14 20:00:00+08:00,258.0534384518755
2023-05-14 21:00:00+08:00,227.32030014041226
2023-05-14 22:00:00+08:00,217.66170283832
2023-05-14 23:00:00+08:00,184.64758140829724
2023-05-15 00:00:00+08:00,323.44395916284606
2023-05-15 01:00:00+08:00,338.4073950818438
2023-05-15 02:00:00+08:00,338.1280405233691
2023-05-15 03:00:00+08:00,322.8287846433471
2023-05-15 04:00:00+08:00,341.23158541625753
2023-05-15 05:00:00+08:00,361.28239105453054
2023-05-15 06:00:00+08:00,434.64268776131155
2023-05-15 07:00:00+08:00,528.989893865453
2023-05-15 08:00:00+08:00,627.1147990436255
2023-05-15 09:00:00+08:00,606.0812345988636
2023-05-15 10:00:00+08:00,598.0707419940783
2023-05-15 11:00:00+08:00,619.2227201962382
2023-05-15 12:00:00+08:00,636.0665386981981
2023-05-15 13:00:00+08:00,573.0128973477541
2023-05-15 14:00:00+08:00,579.1528827019653
2023-05-15 15:00:00+08:00,645.1072918035164
2023-05-15 16:00:00+08:00,594.0800625218006
2023-05-15 17:00:00+08:00,642.3780393987969
2023-05-15 18:00:00+08:00,596.5694489909785
2023-05-15 19:00:00+08:00,602.6168526270017
2023-05-15 20:00:00+08:00,583.2259123191471
2023-05-15 21:00:00+08:00,543.3095765529549
2023-05-15 22:00:00+08:00,482.51726293471273
2023-05-15 23:00:00+08:00,384.9204525187968
2023-05-16 00:00:00+08:00,357.25376932652074
2023-05-16 01:00:00+08:00,312.333404355844
2023-05-16 02:00:00+08:00,314.1534705156462
2023-05-16 03:00:00+08:00,314.1373573767293
2023-05-16 04:00:00+08:00,329.63738469989954
2023-05-16 05:00:00+08:00,365.53488647240255
2023-05-16 06:00:00+08:00,450.646591302693
2023-05-16 07:00:00+08:00,541.2124729398251
2023-05-16 08:00:00+08:00,643.5499268857764
2023-05-16 09:00:00+08:00,626.4735452283456
2023-05-16 10:00:00+08:00,650.4407374171135
2023-05-16 11:00:00+08:00,620.738398909138
2023-05-16 12:00:00+08:00,586.8989684082554
2023-05-16 13:00:00+08:00,632.9649867947993
2023-05-16 14:00:00+08:00,582.0065495395061
2023-05-16 15:00:00+08:00,617.7509348077771
2023-05-16 16:00:00+08:00,605.7461538628299
2023-05-16 17:00:00+08:00,662.7515201518534
2023-05-16 18:00:00+08:00,588.0464287550927
2023-05-16 19:00:00+08:00,582.7849532002581
2023-05-16 20:00:00+08:00,562.0713944104051
2023-05-16 21:00:00+08:00,505.4814825613558
2023-05-16 22:00:00+08:00,472.55433374783297
2023-05-16 23:00:00+08:00,430.26478249205167
2023-05-17 00:00:00+08:00,335.8866178572322
2023-05-17 01:00:00+08:00,329.04014884875096
2023-05-17 02:00:00+08:00,277.2081087407122
2023-05-17 03:00:00+08:00,310.97688299266474
2023-05-17 04:00:00+08:00,319.86432597552056
2023-05-17 05:00:00+08:00,349.4669932397545
2023-05-17 06:00:00+08:00,487.4026580901045
2023-05-17 07:00:00+08:00,565.6111840536561
2023-05-17 08:00:00+08:00,618.5015651835595
2023-05-17 09:00:00+08:00,613.5252667506878
2023-05-17 10:00:00+08:00,575.162556718815
2023-05-17 11:00:00+08:00,594.7181128331798
2023-05-17 12:00:00+08:00,646.8712817842456
2023-05-17 13:00:00+08:00,558.9432225423116
2023-05-17 14:00:00+08:00,573.638045235028
2023-05-17 15:00:00+08:00,600.7046789222487
2023-05-17 16:00:00+08:00,666.3695027367448
2023-05-17 17:00:00+08:00,642.0750249402566
2023-05-17 18:00:00+08:00,596.8599570449992
2023-05-17 19:00:00+08:00,622.65685287904
2023-05-17 20:00:00+08:00,544.0251302013265
2023-05-17 21:00:00+08:00,550.8573349010586
2023-05-17 22:00:00+08:00,441.79851438821026
2023-05-17 23:00:00+08:00,422.2829489028484
2023-05-18 00:00:00+08:00,337.62327256308964
2023-05-18 01:00:00+08:00,311.12961695877317
2023-05-18 02:00:00+08:00,309.28883413439127
2023-05-18 03:00:00+08:00,315.460017574264
2023-05-18 04:00:00+08:00,318.057313190718
2023-05-18 05:00:00+08:00,369.9380225684622
2023-05-18 06:00:00+08:00,457.0845610087844
2023-05-18 07:00:00+08:00,588.3234269178016
2023-05-18 08:00:00+08:00,635.0353709435648
2023-05-18 09:00:00+08:00,622.4769181059461
2023-05-18 10:00:00+08:00,612.9806922956902
2023-05-18 11:00:00+08:00,627.7799950057688
2023-05-18 12:00:00+08:00,637.7318311209963
2023-05-18 13:00:00+08:00,661.9506593812007
2023-05-18 14:00:00+08:00,615.0731236438294
2023-05-18 15:00:00+08:00,635.3910018441773
2023-05-18 16:00:00+08:00,701.0865134901708
2023-05-18 17:00:00+08:00,636.8758246337624
2023-05-18 18:00:00+08:00,623.3723220396013
2023-05-18 19:00:00+08:00,609.4912139465267
2023-05-18 20:00:00+08:00,538.9324736390633
2023-05-18 21:00:00+08:00,520.9801386819563
2023-05-18 22:00:00+08:00,458.5227121955386
2023-05-18 23:00:00+08:00,416.105256470244
2023-05-19 00:00:00+08:00,341.39397663076534
2023-05-19 01:00:00+08:00,326.8341233626453
2023-05-19 02:00:00+08:00,326.13032143660814
2023-05-19 03:00:00+08:00,323.32620359452403
2023-05-19 04:00:00+08:00,322.93440170403176
2023-05-19 05:00:00+08:00,352.82524971362926
2023-05-19 06:00:00+08:00,490.0922113622986
2023-05-19 07:00:00+08:00,592.8670109723491
2023-05-19 08:00:00+08:00,584.9101872562351
2023-05-19 09:00:00+08:00,617.2414410213614
2023-05-19 10:00:00+08:00,629.2095389334501
2023-05-19 11:00:00+08:00,644.5441415668802
2023-05-19 12:00:00+08:00,647.8263097752354
2023-05-19 13:00:00+08:00,619.5262467092795
2023-05-19 14:00:00+08:00,607.7188339596064
2023-05-19 15:00:00+08:00,614.141288116771
2023-05-19 16:00:00+08:00,608.2229702947635
2023-05-19 17:00:00+08:00,618.5388274602824
2023-05-19 18:00:00+08:00,613.0350945613816
2023-05-19 19:00:00+08:00,592.9938960727527
2023-05-19 20:00:00+08:00,520.1338408391332
2023-05-19 21:00:00+08:00,522.8630211122386
2023-05-19 22:00:00+08:00,469.85736185885605
2023-05-19 23:00:00+08:00,401.7234846255174
2023-05-20 00:00:00+08:00,153.4404701793966
2023-05-20 01:00:00+08:00,149.3775227234266
2023-05-20 02:00:00+08:00,134.8020232040577
2023-05-20 03:00:00+08:00,131.70776961669122
2023-05-20 04:00:00+08:00,144.4770313074343
2023-05-20 05:00:00+08:00,168.41838957826678
2023-05-20 06:00:00+08:00,225.58816763669367
2023-05-20 07:00:00+08:00,267.33319531323787
2023-05-20 08:00:00+08:00,265.21633521398724
2023-05-20 09:00:00+08:00,279.1456068377967
2023-05-20 10:00:00+08:00,284.6569391240423
2023-05-20 11:00:00+08:00,283.76607562678936
2023-05-20 12:00:00+08:00,287.842796142426
2023-05-20 13:00:00+08:00,266.0002693932742
2023-05-20 14:00:00+08:00,268.3716435617674
2023-05-20 15:00:00+08:00,280.7717669546453
2023-05-20 16:00:00+08:00,291.070311802855
2023-05-20 17:00:00+08:00,272.6836088720983
2023-05-20 18:00:00+08:00,272.3169141764506
2023-05-20 19:00:00+08:00,238.72637864968877
2023-05-20 20:00:00+08:00,247.2842549300143
2023-05-20 21:00:00+08:00,234.4759511305773
2023-05-20 22:00:00+08:00,202.70490823811957
2023-05-20 23:00:00+08:00,184.36019271443536
2023-05-21 00:00:00+08:00,154.8877985110493
2023-05-21 01:00:00+08:00,133.5046175173411
2023-05-21 02:00:00+08:00,142.33942116941105
2023-05-21 03:00:00+08:00,135.88258519211772
2023-05-21 04:00:00+08:00,149.61915293279304
2023-05-21 05:00:00+08:00,155.30886705567568
2023-05-21 06:00:00+08:00,211.9384217977183
2023-05-21 07:00:00+08:00,256.7250131033059
2023-05-21 08:00:00+08:00,285.66776290838266
2023-05-21 09:00:00+08:00,283.65360490943937
2023-05-21 10:00:00+08:00,279.36503302234166
2023-05-21 11:00:00+08:00,264.9015376855888
2023-05-21 12:00:00+08:00,265.5683642658026
2023-05-21 13:00:00+08:00,270.14073215871787
2023-05-21 14:00:00+08:00,268.0446993727963
2023-05-21 15:00:00+08:00,269.87120110970505
2023-05-21 16:00:00+08:00,289.3043311269188
2023-05-21 17:00:00+08:00,279.0934364281008
2023-05-21 18:00:00+08:00,265.92394308449883
2023-05-21 19:00:00+08:00,265.1508266054961
2023-05-21 20:00:00+08:00,256.3161418580994
2023-05-21 21:00:00+08:00,243.02663432208996
2023-05-21 22:00:00+08:00,227.58928348444974
2023-05-21 23:00:00+08:00,178.55104782084476
2023-05-22 00:00:00+08:00,344.53748902178495
2023-05-22 01:00:00+08:00,332.27343725083466
2023-05-22 02:00:00+08:00,313.8448774433385
2023-05-22 03:00:00+08:00,307.8486488700901
2023-05-22 04:00:00+08:00,306.4587799697309
2023-05-22 05:00:00+08:00,356.95551765082683
2023-05-22 06:00:00+08:00,450.9712793122485
2023-05-22 07:00:00+08:00,538.0958680581506
2023-05-22 08:00:00+08:00,608.2820872633102
2023-05-22 09:00:00+08:00,601.9637960019712
2023-05-22 10:00:00+08:00,642.9496195357824
2023-05-22 11:00:00+08:00,643.3845211859223
2023-05-22 12:00:00+08:00,605.5628870896236
2023-05-22 13:00:00+08:00,609.3037881627446
2023-05-22 14:00:00+08:00,552.4997187953628
2023-05-22 15:00:00+08:00,603.5379744142714
2023-05-22 16:00:00+08:00,638.3052688757416
2023-05-22 17:00:00+08:00,649.0100267709404
2023-05-22 18:00:00+08:00,598.1515429175342
2023-05-22 19:00:00+08:00,621.9770726302588
2023-05-22 20:00:00+08:00,531.1686065568684
2023-05-22 21:00:00+08:00,507.3854820587207
2023-05-22 22:00:00+08:00,484.5847569995491
2023-05-22 23:00:00+08:00,435.6791239830806
2023-05-23 00:00:00+08:00,352.96806993176443
2023-05-23 01:00:00+08:00,326.72802887172367
2023-05-23 02:00:00+08:00,287.0390653015505
2023-05-23 03:00:00+08:00,289.2132629634473
2023-05-23 04:00:00+08:00,328.9501231086858
2023-05-23 05:00:00+08:00,359.78849172537025
2023-05-23 06:00:00+08:00,451.12567401833167
2023-05-23 07:00:00+08:00,580.509310511512
2023-05-23 08:00:00+08:00,632.2369584149312
2023-05-23 09:00:00+08:00,653.1129913896866
2023-05-23 10:00:00+08:00,632.7774575313626
2023-05-23 11:00:00+08:00,660.2617377106932
2023-05-23 12:00:00+08:00,629.5399315233459
2023-05-23 13:00:00+08:00,613.9065963924644
2023-05-23 14:00:00+08:00,623.3246467136868
2023-05-23 15:00:00+08:00,592.613707932049
2023-05-23 16:00:00+08:00,700.1883207585201
2023-05-23 17:00:00+08:00,638.7852554793884
2023-05-23 18:00:00+08:00,626.1470064787492
2023-05-23 19:00:00+08:00,610.4293609061566
2023-05-23 20:00:00+08:00,608.9335902994958
2023-05-23 21:00:00+08:00,551.8955791091415
2023-05-23 22:00:00+08:00,441.7003050974846
2023-05-23 23:00:00+08:00,432.03486440924763
2023-05-24 00:00:00+08:00,341.98810314041674
2023-05-24 01:00:00+08:00,329.2091333227667
2023-05-24 02:00:00+08:00,299.0676063845302
2023-05-24 03:00:00+08:00,321.83052458356195
2023-05-24 04:00:00+08:00,319.2631719648198
2023-05-24 05:00:00+08:00,367.092639827726
2023-05-24 06:00:00+08:00,467.42155630981375
2023-05-24 07:00:00+08:00,624.6183987096373
2023-05-24 08:00:00+08:00,680.3765778144775
2023-05-24 09:00:00+08:00,631.5653591424287
2023-05-24 10:00:00+08:00,632.0057397707142
2023-05-24 11:00:00+08:00,620.9758712400295
2023-05-24 12:00:00+08:00,658.2812197138298
2023-05-24 13:00:00+08:00,609.6565812215661
2023-05-24 14:00:00+08:00,588.7797735992657
2023-05-24 15:00:00+08:00,641.9670329376444
2023-05-24 16:00:00+08:00,616.8189085686037
2023-05-24 17:00:00+08:00,629.4404773842072
2023-05-24 18:00:00+08:00,578.708266139756
2023-05-24 19:00:00+08:00,615.7416919327492
2023-05-24 20:00:00+08:00,611.39953372265
2023-05-24 21:00:00+08:00,551.291894616001
2023-05-24 22:00:00+08:00,500.4395895717273
2023-05-24 23:00:00+08:00,395.8873356542565
2023-05-25 00:00:00+08:00,350.5741430272462
2023-05-25 01:00:00+08:00,315.96066336672
2023-05-25 02:00:00+08:00,312.8428821190178
2023-05-25 03:00:00+08:00,325.47136319055954
2023-05-25 04:00:00+08:00,329.68535633500574
2023-05-25 05:00:00+08:00,345.54005849032126
2023-05-25 06:00:00+08:00,448.6681190081511
2023-05-25 07:00:00+08:00,548.829455061045
2023-05-25 08:00:00+08:00,643.8514468535982
2023-05-25 09:00:00+08:00,683.5674661063726
2023-05-25 10:00:00+08:00,665.8509091677199
2023-05-25 11:00:00+08:00,583.5506354599625
2023-05-25 12:00:00+08:00,667.33144806619
2023-05-25 13:00:00+08:00,641.9879407905702
2023-05-25 14:00:00+08:00,562.7876789952302
2023-05-25 15:00:00+08:00,611.3048257770872
2023-05-25 16:00:00+08:00,659.1087660368548
2023-05-25 17:00:00+08:00,645.3411599715748
2023-05-25 18:00:00+08:00,586.4065575115453
2023-05-25 19:00:00+08:00,614.5211877249383
2023-05-25 20:00:00+08:00,519.7054950544946
2023-05-25 21:00:00+08:00,531.9390283696893
2023-05-25 22:00:00+08:00,495.13541522590725
2023-05-25 23:00:00+08:00,410.7370506616096
2023-05-26 00:00:00+08:00,340.91915833469085
2023-05-26 01:00:00+08:00,340.58712644053116
2023-05-26 02:00:00+08:00,328.56796033416117
2023-05-26 03:00:00+08:00,332.809188697432
2023-05-26 04:00:00+08:00,340.3897437139342
2023-05-26 05:00:00+08:00,382.70335934381484
2023-05-26 06:00:00+08:00,488.2631413597521
2023-05-26 07:00:00+08:00,588.0578041456597
2023-05-26 08:00:00+08:00,634.7401396959602
2023-05-26 09:00:00+08:00,626.4732093921351
2023-05-26 10:00:00+08:00,601.803912258365
2023-05-26 11:00:00+08:00,608.3071985179636
2023-05-26 12:00:00+08:00,625.3409574849337
2023-05-26 13:00:00+08:00,625.81247056945
2023-05-26 14:00:00+08:00,635.4804642918849
2023-05-26 15:00:00+08:00,618.7898556325586
2023-05-26 16:00:00+08:00,657.8626219272627
2023-05-26 17:00:00+08:00,659.781284005781
2023-05-26 18:00:00+08:00,614.0878652289624
2023-05-26 19:00:00+08:00,615.1446956723317
2023-05-26 20:00:00+08:00,563.6831642416896
2023-05-26 21:00:00+08:00,566.0357395779087
2023-05-26 22:00:00+08:00,486.4213997344822
2023-05-26 23:00:00+08:00,391.5324203458904
2023-05-27 00:00:00+08:00,157.80490602131036
2023-05-27 01:00:00+08:00,158.01221071442743
2023-05-27 02:00:00+08:00,141.5047761251663
2023-05-27 03:00:00+08:00,145.09072642736785
2023-05-27 04:00:00+08:00,151.47642599526625
2023-05-27 05:00:00+08:00,158.48817833104283
2023-05-27 06:00:00+08:00,218.17482298413586
2023-05-27 07:00:00+08:00,247.64759851739674
2023-05-27 08:00:00+08:00,277.94211782343535
2023-05-27 09:00:00+08:00,297.34265595148787
2023-05-27 10:00:00+08:00,289.144246204554
2023-05-27 11:00:00+08:00,281.6041636854069
2023-05-27 12:00:00+08:00,290.1671533347387
2023-05-27 13:00:00+08:00,278.70308528328474
2023-05-27 14:00:00+08:00,270.9585926606098
2023-05-27 15:00:00+08:00,286.7145521541316
2023-05-27 16:00:00+08:00,276.7819305306778
2023-05-27 17:00:00+08:00,285.5360958554418
2023-05-27 18:00:00+08:00,275.8850229584381
2023-05-27 19:00:00+08:00,253.6456590038933
2023-05-27 20:00:00+08:00,247.12212518967473
2023-05-27 21:00:00+08:00,257.51469736361736
2023-05-27 22:00:00+08:00,217.09736659157062
2023-05-27 23:00:00+08:00,175.48908021897756
2023-05-28 00:00:00+08:00,147.36711379698303
2023-05-28 01:00:00+08:00,147.81105697963196
2023-05-28 02:00:00+08:00,151.6819548198513
2023-05-28 03:00:00+08:00,141.70003387572842
2023-05-28 04:00:00+08:00,156.239594087034
2023-05-28 05:00:00+08:00,167.94051271194863
2023-05-28 06:00:00+08:00,218.18654767133557
2023-05-28 07:00:00+08:00,248.6552048134661
2023-05-28 08:00:00+08:00,296.24084564457155
2023-05-28 09:00:00+08:00,281.70772564529756
2023-05-28 10:00:00+08:00,295.3907511737274
2023-05-28 11:00:00+08:00,276.23419394240887
2023-05-28 12:00:00+08:00,287.5552307767674
2023-05-28 13:00:00+08:00,283.76236389980147
2023-05-28 14:00:00+08:00,269.58513706924896
2023-05-28 15:00:00+08:00,284.35046378336745
2023-05-28 16:00:00+08:00,282.49048563299465
2023-05-28 17:00:00+08:00,278.11997131578215
2023-05-28 18:00:00+08:00,297.79244153274703
2023-05-28 19:00:00+08:00,282.63784695780913
2023-05-28 20:00:00+08:00,249.1587092782452
2023-05-28 21:00:00+08:00,248.22165739932305
2023-05-28 22:00:00+08:00,207.7880379373899
2023-05-28 23:00:00+08:00,176.80157693275584
2023-05-29 00:00:00+08:00,363.9906094738456
2023-05-29 01:00:00+08:00,307.94461383250496
2023-05-29 02:00:00+08:00,329.5411302111829
2023-05-29 03:00:00+08:00,314.54819998032184
2023-05-29 04:00:00+08:00,327.6744228020227
2023-05-29 05:00:00+08:00,374.6434766068655
2023-05-29 06:00:00+08:00,487.7215268655373
2023-05-29 07:00:00+08:00,565.3533216682628
2023-05-29 08:00:00+08:00,653.7659939808311
2023-05-29 09:00:00+08:00,638.4027849809128
2023-05-29 10:00:00+08:00,603.5908530762752
2023-05-29 11:00:00+08:00,631.2024607412495
2023-05-29 12:00:00+08:00,670.6340739643181
2023-05-29 13:00:00+08:00,664.5784220591373
2023-05-29 14:00:00+08:00,621.0685861606107
2023-05-29 15:00:00+08:00,593.1560633609695
2023-05-29 16:00:00+08:00,647.992447399343
2023-05-29 17:00:00+08:00,657.1504040124607
2023-05-29 18:00:00+08:00,640.8895343356352
2023-05-29 19:00:00+08:00,622.7012528406073
2023-05-29 20:00:00+08:00,580.2797352641455
2023-05-29 21:00:00+08:00,538.6280251550864
2023-05-29 22:00:00+08:00,465.04170250468997
2023-05-29 23:00:00+08:00,381.72791194845536
2023-05-30 00:00:00+08:00,354.836479405383
2023-05-30 01:00:00+08:00,333.4483364974069
2023-05-30 02:00:00+08:00,325.35296124311947
2023-05-30 03:00:00+08:00,301.2277172537257
2023-05-30 04:00:00+08:00,339.5247444124847
2023-05-30 05:00:00+08:00,399.51522172030394
2023-05-30 06:00:00+08:00,478.88039520738783
2023-05-30 07:00:00+08:00,584.1446152659552
2023-05-30 08:00:00+08:00,644.3771438497625
2023-05-30 09:00:00+08:00,688.2539216081951
2023-05-30 10:00:00+08:00,610.447348254985
2023-05-30 11:00:00+08:00,641.6835508211883
2023-05-30 12:00:00+08:00,616.1502303015881
2023-05-30 13:00:00+08:00,610.1312100004399
2023-05-30 14:00:00+08:00,603.4848720479657
2023-05-30 15:00:00+08:00,657.396937518809
2023-05-30 16:00:00+08:00,682.3637507569899
2023-05-30 17:00:00+08:00,647.9196975338018
2023-05-30 18:00:00+08:00,614.3831413888062
2023-05-30 19:00:00+08:00,664.9771367250449
2023-05-30 20:00:00+08:00,563.0617056395222
2023-05-30 21:00:00+08:00,528.6732060274878
2023-05-30 22:00:00+08:00,443.48930637769183
2023-05-30 23:00:00+08:00,436.8356605159871
2023-05-31 00:00:00+08:00,364.19541492158953
2023-05-31 01:00:00+08:00,363.55088823120764
2023-05-31 02:00:00+08:00,301.0259486007684
2023-05-31 03:00:00+08:00,337.3331290332423
2023-05-31 04:00:00+08:00,332.4215726810399
2023-05-31 05:00:00+08:00,381.66255003950255
2023-05-31 06:00:00+08:00,446.5999443532614
2023-05-31 07:00:00+08:00,620.925463945208
2023-05-31 08:00:00+08:00,657.5395136640344
2023-05-31 09:00:00+08:00,636.4916640167456
2023-05-31 10:00:00+08:00,653.9338014170962
2023-05-31 11:00:00+08:00,617.9642092535981
2023-05-31 12:00:00+08:00,622.708497017174
2023-05-31 13:00:00+08:00,613.1529804627777
2023-05-31 14:00:00+08:00,560.728457460342
2023-05-31 15:00:00+08:00,646.268966895615
2023-05-31 16:00:00+08:00,667.8687119021668
2023-05-31 17:00:00+08:00,619.6000221561071
2023-05-31 18:00:00+08:00,633.4355407211294
2023-05-31 19:00:00+08:00,599.1770975389409
2023-05-31 20:00:00+08:00,581.2691567931298
2023-05-31 21:00:00+08:00,528.2588760570208
2023-05-31 22:00:00+08:00,461.21780561800983
2023-05-31 23:00:00+08:00,431.80219842009876
2023-06-01 00:00:00+08:00,350.24583999130056
2023-06-01 01:00:00+08:00,358.842469967929
2023-06-01 02:00:00+08:00,319.81218628788247
2023-06-01 03:00:00+08:00,307.39592479936215
2023-06-01 04:00:00+08:00,348.28296566045276
2023-06-01 05:00:00+08:00,379.63951608270554
2023-06-01 06:00:00+08:00,492.7532719463078
2023-06-01 07:00:00+08:00,615.3391388247842
2023-06-01 08:00:00+08:00,621.7708283740479
2023-06-01 09:00:00+08:00,635.1919711461968
2023-06-01 10:00:00+08:00,634.0632949853
2023-06-01 11:00:00+08:00,605.4790662529348
2023-06-01 12:00:00+08:00,631.7102460291321
2023-06-01 13:00:00+08:00,659.1183454222727
2023-06-01 14:00:00+08:00,612.2776466541885
2023-06-01 15:00:00+08:00,591.9851263248624
2023-06-01 16:00:00+08:00,598.7092121736642
2023-06-01 17:00:00+08:00,680.956223907785
2023-06-01 18:00:00+08:00,623.4124832996652
2023-06-01 19:00:00+08:00,590.8129576845653
2023-06-01 20:00:00+08:00,568.3001517317464
2023-06-01 21:00:00+08:00,510.6075184956718
2023-06-01 22:00:00+08:00,506.08819264012755
2023-06-01 23:00:00+08:00,408.46264434367055
2023-06-02 00:00:00+08:00,370.8947108328115
2023-06-02 01:00:00+08:00,333.1657330079675
2023-06-02 02:00:00+08:00,337.97151203893077
2023-06-02 03:00:00+08:00,322.9736810005059
2023-06-02 04:00:00+08:00,343.8260801695139
2023-06-02 05:00:00+08:00,381.50853738794206
2023-06-02 06:00:00+08:00,491.492382464874
2023-06-02 07:00:00+08:00,596.4183830811485
2023-06-02 08:00:00+08:00,633.4270996870364
2023-06-02 09:00:00+08:00,688.3701284342935
2023-06-02 10:00:00+08:00,616.1871458512152
2023-06-02 11:00:00+08:00,639.492494191797
2023-06-02 12:00:00+08:00,639.7630355967173
2023-06-02 13:00:00+08:00,636.6813678550969
2023-06-02 14:00:00+08:00,596.978514411753
2023-06-02 15:00:00+08:00,634.4834128833126
2023-06-02 16:00:00+08:00,635.0641263894493
2023-06-02 17:00:00+08:00,598.9234258326458
2023-06-02 18:00:00+08:00,626.8340949466341
2023-06-02 19:00:00+08:00,580.6732919138775
2023-06-02 20:00:00+08:00,535.5224108358215
2023-06-02 21:00:00+08:00,546.4504652185537
2023-06-02 22:00:00+08:00,488.89506329868834
2023-06-02 23:00:00+08:00,424.35430812163764
2023-06-03 00:00:00+08:00,162.07067542018544
2023-06-03 01:00:00+08:00,138.24877070352824
2023-06-03 02:00:00+08:00,136.2253321098529
2023-06-03 03:00:00+08:00,155.44141237785118
2023-06-03 04:00:00+08:00,143.5550763301404
2023-06-03 05:00:00+08:00,171.20282055913646
2023-06-03 06:00:00+08:00,210.164814640837
2023-06-03 07:00:00+08:00,265.93088194008016
2023-06-03 08:00:00+08:00,280.83848011637923
2023-06-03 09:00:00+08:00,294.6090720068775
2023-06-03 10:00:00+08:00,289.71342733811645
2023-06-03 11:00:00+08:00,282.97028423347683
2023-06-03 12:00:00+08:00,276.03330033448054
2023-06-03 13:00:00+08:00,285.3988010235486
2023-06-03 14:00:00+08:00,260.4518779951761
2023-06-03 15:00:00+08:00,287.20268535526395
2023-06-03 16:00:00+08:00,318.4085432341952
2023-06-03 17:00:00+08:00,303.69839983700433
2023-06-03 18:00:00+08:00,290.4880182107415
2023-06-03 19:00:00+08:00,272.79285571112075
2023-06-03 20:00:00+08:00,239.212783849948
2023-06-03 21:00:00+08:00,231.9624944153499
2023-06-03 22:00:00+08:00,227.19138391092335
2023-06-03 23:00:00+08:00,181.3725683927945
2023-06-04 00:00:00+08:00,154.25997686991641
2023-06-04 01:00:00+08:00,149.04831311899324
2023-06-04 02:00:00+08:00,138.14270637940004
2023-06-04 03:00:00+08:00,137.19211516172652
2023-06-04 04:00:00+08:00,149.73956732506522
2023-06-04 05:00:00+08:00,161.3870136279012
2023-06-04 06:00:00+08:00,209.99297080491274
2023-06-04 07:00:00+08:00,257.16481073212566
2023-06-04 08:00:00+08:00,294.57220539846605
2023-06-04 09:00:00+08:00,285.86413236296283
2023-06-04 10:00:00+08:00,286.4822350008792
2023-06-04 11:00:00+08:00,295.4330532623835
2023-06-04 12:00:00+08:00,286.90388165360105
2023-06-04 13:00:00+08:00,279.6250998245761
2023-06-04 14:00:00+08:00,279.2744220098506
2023-06-04 15:00:00+08:00,290.3303155488237
2023-06-04 16:00:00+08:00,286.84578183671954
2023-06-04 17:00:00+08:00,289.47361777276933
2023-06-04 18:00:00+08:00,273.9296512939214
2023-06-04 19:00:00+08:00,264.6790181061131
2023-06-04 20:00:00+08:00,267.6785020101814
2023-06-04 21:00:00+08:00,249.62686606102028
2023-06-04 22:00:00+08:00,220.3486473406942
2023-06-04 23:00:00+08:00,189.66012635015295
2023-06-05 00:00:00+08:00,353.8018470990441
2023-06-05 01:00:00+08:00,343.1873996411836
2023-06-05 02:00:00+08:00,333.0531789704197
2023-06-05 03:00:00+08:00,332.74650735707127
2023-06-05 04:00:00+08:00,332.540563111328
2023-06-05 05:00:00+08:00,393.0731656476747
2023-06-05 06:00:00+08:00,485.9678307890291
2023-06-05 07:00:00+08:00,605.6646145446917
2023-06-05 08:00:00+08:00,649.3344462627999
2023-06-05 09:00:00+08:00,648.4334359956246
2023-06-05 10:00:00+08:00,623.1926774966116
2023-06-05 11:00:00+08:00,660.1026183787814
2023-06-05 12:00:00+08:00,715.1667573901832
2023-06-05 13:00:00+08:00,619.8140753167559
2023-06-05 14:00:00+08:00,611.7171775541766
2023-06-05 15:00:00+08:00,618.0166876100137
2023-06-05 16:00:00+08:00,629.5553236247549
2023-06-05 17:00:00+08:00,681.756407051865
2023-06-05 18:00:00+08:00,612.3090150780802
2023-06-05 19:00:00+08:00,598.417671099529
2023-06-05 20:00:00+08:00,541.1852337398789
2023-06-05 21:00:00+08:00,529.2365551320959
2023-06-05 22:00:00+08:00,448.65870028380016
2023-06-05 23:00:00+08:00,427.9056761021373
2023-06-06 00:00:00+08:00,393.2239276940379
2023-06-06 01:00:00+08:00,329.430264496573
2023-06-06 02:00:00+08:00,300.04215246102507
2023-06-06 03:00:00+08:00,333.04808760556506
2023-06-06 04:00:00+08:00,324.6125629565404
2023-06-06 05:00:00+08:00,392.29262101224964
2023-06-06 06:00:00+08:00,476.77257114578765
2023-06-06 07:00:00+08:00,576.564872992761
2023-06-06 08:00:00+08:00,638.3732720951822
2023-06-06 09:00:00+08:00,662.4384866678141
2023-06-06 10:00:00+08:00,637.1011807629352
2023-06-06 11:00:00+08:00,630.1752188062759
2023-06-06 12:00:00+08:00,637.8364333614621
2023-06-06 13:00:00+08:00,598.035605290098
2023-06-06 14:00:00+08:00,620.5028007577721
2023-06-06 15:00:00+08:00,585.0589719574957
2023-06-06 16:00:00+08:00,631.5280691165336
2023-06-06 17:00:00+08:00,662.4798527297628
2023-06-06 18:00:00+08:00,637.7289043551356
2023-06-06 19:00:00+08:00,625.2252561040652
2023-06-06 20:00:00+08:00,577.1494258491808
2023-06-06 21:00:00+08:00,572.0784885622772
2023-06-06 22:00:00+08:00,500.0485483263315
2023-06-06 23:00:00+08:00,425.37549500662095
2023-06-07 00:00:00+08:00,367.22050089220005
2023-06-07 01:00:00+08:00,344.81848545918945
2023-06-07 02:00:00+08:00,316.23553744287733
2023-06-07 03:00:00+08:00,304.5902456377392
2023-06-07 04:00:00+08:00,340.39870255098083
2023-06-07 05:00:00+08:00,381.55332086350546
2023-06-07 06:00:00+08:00,503.901926373212
2023-06-07 07:00:00+08:00,570.1021350480864
2023-06-07 08:00:00+08:00,620.4459521498658
2023-06-07 09:00:00+08:00,655.6310566207064
2023-06-07 10:00:00+08:00,641.9552691275974
2023-06-07 11:00:00+08:00,595.2267047290306
2023-06-07 12:00:00+08:00,653.4475313433562
2023-06-07 13:00:00+08:00,584.1635221834593
2023-06-07 14:00:00+08:00,588.4738299733444
2023-06-07 15:00:00+08:00,665.0238575593395
2023-06-07 16:00:00+08:00,690.7813302568767
2023-06-07 17:00:00+08:00,612.4829313178658
2023-06-07 18:00:00+08:00,622.5994833492174
2023-06-07 19:00:00+08:00,612.6412456034975
2023-06-07 20:00:00+08:00,620.6915004387812
2023-06-07 21:00:00+08:00,536.4314333383929
2023-06-07 22:00:00+08:00,473.63057999350383
2023-06-07 23:00:00+08:00,444.38547382530953
2023-06-08 00:00:00+08:00,349.21626177007585
2023-06-08 01:00:00+08:00,344.87625592874787
2023-06-08 02:00:00+08:00,303.2577338144769
2023-06-08 03:00:00+08:00,320.0935872826315
2023-06-08 04:00:00+08:00,312.94175146210443
2023-06-08 05:00:00+08:00,358.0855360582519
2023-06-08 06:00:00+08:00,499.680223893574
2023-06-08 07:00:00+08:00,591.8502507809544
2023-06-08 08:00:00+08:00,636.3744038858764
2023-06-08 09:00:00+08:00,625.2964272402362
2023-06-08 10:00:00+08:00,638.9128389883347
2023-06-08 11:00:00+08:00,652.3661841466655
2023-06-08 12:00:00+08:00,669.9458552144959
2023-06-08 13:00:00+08:00,565.3769314611385
2023-06-08 14:00:00+08:00,591.9982474428524
2023-06-08 15:00:00+08:00,635.7303188054482
2023-06-08 16:00:00+08:00,642.0531595849537
2023-06-08 17:00:00+08:00,655.0029445079265
2023-06-08 18:00:00+08:00,638.4705271961361
2023-06-08 19:00:00+08:00,604.9044388749182
2023-06-08 20:00:00+08:00,567.9160422798928
2023-06-08 21:00:00+08:00,542.5313891490609
2023-06-08 22:00:00+08:00,505.6661485897466
2023-06-08 23:00:00+08:00,406.7232627334997
2023-06-09 00:00:00+08:00,354.0738327892846
2023-06-09 01:00:00+08:00,338.06505579495087
2023-06-09 02:00:00+08:00,342.8367619242841
2023-06-09 03:00:00+08:00,318.81967070509137
2023-06-09 04:00:00+08:00,348.4750096298412
2023-06-09 05:00:00+08:00,392.773905940481
2023-06-09 06:00:00+08:00,482.8096077256492
2023-06-09 07:00:00+08:00,588.7559776176373
2023-06-09 08:00:00+08:00,636.8972590018993
2023-06-09 09:00:00+08:00,638.7877551419198
2023-06-09 10:00:00+08:00,667.4447863446065
2023-06-09 11:00:00+08:00,651.3556830269238
2023-06-09 12:00:00+08:00,651.4661672170835
2023-06-09 13:00:00+08:00,604.0167212608413
2023-06-09 14:00:00+08:00,589.3948095273606
2023-06-09 15:00:00+08:00,686.7120101395607
2023-06-09 16:00:00+08:00,640.801311302743
2023-06-09 17:00:00+08:00,625.3907373318473
2023-06-09 18:00:00+08:00,668.6900656121452
2023-06-09 19:00:00+08:00,620.0337285632586
2023-06-09 20:00:00+08:00,594.2857191731606
2023-06-09 21:00:00+08:00,545.5539905763617
2023-06-09 22:00:00+08:00,477.87393057957655
2023-06-09 23:00:00+08:00,416.6591102692952
2023-06-10 00:00:00+08:00,151.07836594521962
2023-06-10 01:00:00+08:00,150.6687722460966
2023-06-10 02:00:00+08:00,147.10670563117242
2023-06-10 03:00:00+08:00,156.14634828203089
2023-06-10 04:00:00+08:00,151.72068345370255
2023-06-10 05:00:00+08:00,152.90072009624356
2023-06-10 06:00:00+08:00,217.2578844018527
2023-06-10 07:00:00+08:00,296.8223271942096
2023-06-10 08:00:00+08:00,300.84684913946995
2023-06-10 09:00:00+08:00,281.33900906797055
2023-06-10 10:00:00+08:00,297.64535501109015
2023-06-10 11:00:00+08:00,282.1400872967925
2023-06-10 12:00:00+08:00,275.024425049237
2023-06-10 13:00:00+08:00,280.9841177198827
2023-06-10 14:00:00+08:00,277.2430913074338
2023-06-10 15:00:00+08:00,263.6157046430559
2023-06-10 16:00:00+08:00,277.40465017710295
2023-06-10 17:00:00+08:00,290.8905171197734
2023-06-10 18:00:00+08:00,280.3024621405493
2023-06-10 19:00:00+08:00,280.59416779726917
2023-06-10 20:00:00+08:00,248.97845418307315
2023-06-10 21:00:00+08:00,254.21462469755608
2023-06-10 22:00:00+08:00,207.7516697428031
2023-06-10 23:00:00+08:00,201.41981623348505
2023-06-11 00:00:00+08:00,149.1181297608192
2023-06-11 01:00:00+08:00,144.75786919925017
2023-06-11 02:00:00+08:00,147.98111271509245
2023-06-11 03:00:00+08:00,155.24040377066558
2023-06-11 04:00:00+08:00,153.28076993419
2023-06-11 05:00:00+08:00,172.64064873916905
2023-06-11 06:00:00+08:00,218.4798917710366
2023-06-11 07:00:00+08:00,256.81877478492896
2023-06-11 08:00:00+08:00,285.3951046178132
2023-06-11 09:00:00+08:00,276.99073175454885
2023-06-11 10:00:00+08:00,276.2129034673479
2023-06-11 11:00:00+08:00,295.78032276587436
2023-06-11 12:00:00+08:00,278.02393234861114
2023-06-11 13:00:00+08:00,288.9267728210123
2023-06-11 14:00:00+08:00,262.14658725647
2023-06-11 15:00:00+08:00,288.6623638041099
2023-06-11 16:00:00+08:00,285.4120558468653
2023-06-11 17:00:00+08:00,307.4810829169752
2023-06-11 18:00:00+08:00,288.9742992464745
2023-06-11 19:00:00+08:00,290.2172971992896
2023-06-11 20:00:00+08:00,254.07315047549542
2023-06-11 21:00:00+08:00,247.99265041894273
2023-06-11 22:00:00+08:00,209.7588383212009
2023-06-11 23:00:00+08:00,186.08607108239434
2023-06-12 00:00:00+08:00,352.44823136412754
2023-06-12 01:00:00+08:00,326.9769349252117
2023-06-12 02:00:00+08:00,308.058976940602
2023-06-12 03:00:00+08:00,305.49427552665776
2023-06-12 04:00:00+08:00,305.2375557958445
2023-06-12 05:00:00+08:00,359.73964670862244
2023-06-12 06:00:00+08:00,497.8944585946228
2023-06-12 07:00:00+08:00,557.7010229522934
2023-06-12 08:00:00+08:00,612.1644578789595
2023-06-12 09:00:00+08:00,693.9963251014443
2023-06-12 10:00:00+08:00,631.1166519123484
2023-06-12 11:00:00+08:00,655.9209961308998
2023-06-12 12:00:00+08:00,664.2432622945108
2023-06-12 13:00:00+08:00,651.4714242952334
2023-06-12 14:00:00+08:00,577.7617433172913
2023-06-12 15:00:00+08:00,628.7867666267445
2023-06-12 16:00:00+08:00,605.6857072623616
2023-06-12 17:00:00+08:00,710.9744259232339
2023-06-12 18:00:00+08:00,594.1648094364477
2023-06-12 19:00:00+08:00,589.438061625377
2023-06-12 20:00:00+08:00,558.5837825764322
2023-06-12 21:00:00+08:00,517.509576298356
2023-06-12 22:00:00+08:00,511.9818008801143
2023-06-12 23:00:00+08:00,461.7314612171021
2023-06-13 00:00:00+08:00,349.7725335387226
2023-06-13 01:00:00+08:00,319.30413600962356
2023-06-13 02:00:00+08:00,295.14007762344824
2023-06-13 03:00:00+08:00,320.9784194153612
2023-06-13 04:00:00+08:00,332.84322017284643
2023-06-13 05:00:00+08:00,366.21076327089753
2023-06-13 06:00:00+08:00,490.5206445077566
2023-06-13 07:00:00+08:00,605.8516130969068
2023-06-13 08:00:00+08:00,656.6649648310511
2023-06-13 09:00:00+08:00,640.0893535648706
2023-06-13 10:00:00+08:00,619.7202568483636
2023-06-13 11:00:00+08:00,665.5529746065886
2023-06-13 12:00:00+08:00,648.6114388546309
2023-06-13 13:00:00+08:00,657.8968945531273
2023-06-13 14:00:00+08:00,635.3360267042868
2023-06-13 15:00:00+08:00,599.1901764694023
2023-06-13 16:00:00+08:00,611.0954376183793
2023-06-13 17:00:00+08:00,628.6946514021188
2023-06-13 18:00:00+08:00,608.4784875509583
2023-06-13 19:00:00+08:00,634.4781463989174
2023-06-13 20:00:00+08:00,591.6572258011593
2023-06-13 21:00:00+08:00,575.2718430889329
2023-06-13 22:00:00+08:00,493.9263206888444
2023-06-13 23:00:00+08:00,424.903394844489
2023-06-14 00:00:00+08:00,374.0453706136228
2023-06-14 01:00:00+08:00,343.7893523529632
2023-06-14 02:00:00+08:00,325.3540535813738
2023-06-14 03:00:00+08:00,343.6846990454696
2023-06-14 04:00:00+08:00,339.0036985820531
2023-06-14 05:00:00+08:00,371.8034392017831
2023-06-14 06:00:00+08:00,470.39435641168484
2023-06-14 07:00:00+08:00,613.81409400213
2023-06-14 08:00:00+08:00,681.0512499736795
2023-06-14 09:00:00+08:00,647.6272403128738
2023-06-14 10:00:00+08:00,682.8907384693838
2023-06-14 11:00:00+08:00,597.8034773511312
2023-06-14 12:00:00+08:00,647.5009312506663
2023-06-14 13:00:00+08:00,634.9416083024058
2023-06-14 14:00:00+08:00,598.5658623129209
2023-06-14 15:00:00+08:00,696.6033207160625
2023-06-14 16:00:00+08:00,647.2221657319631
2023-06-14 17:00:00+08:00,638.3566503017418
2023-06-14 18:00:00+08:00,636.6219974660277
2023-06-14 19:00:00+08:00,567.1044961041918
2023-06-14 20:00:00+08:00,566.2944087552326
2023-06-14 21:00:00+08:00,573.2934929799109
2023-06-14 22:00:00+08:00,474.46083552902786
2023-06-14 23:00:00+08:00,407.8260851883721
2023-06-15 00:00:00+08:00,375.97390037717554
2023-06-15 01:00:00+08:00,355.8814073554602
2023-06-15 02:00:00+08:00,331.49840743304213
2023-06-15 03:00:00+08:00,318.86948122953703
2023-06-15 04:00:00+08:00,334.5378427284125
2023-06-15 05:00:00+08:00,364.62871611186733
2023-06-15 06:00:00+08:00,467.78799148312453
2023-06-15 07:00:00+08:00,572.6332632028315
2023-06-15 08:00:00+08:00,633.505439686378
2023-06-15 09:00:00+08:00,622.6793738817954
2023-06-15 10:00:00+08:00,608.9350104049402
2023-06-15 11:00:00+08:00,655.264721014568
2023-06-15 12:00:00+08:00,655.6594717868052
2023-06-15 13:00:00+08:00,679.8799318085614
2023-06-15 14:00:00+08:00,600.588986808254
2023-06-15 15:00:00+08:00,644.1123789654822
2023-06-15 16:00:00+08:00,657.6891516258224
2023-06-15 17:00:00+08:00,642.9687268579739
2023-06-15 18:00:00+08:00,655.5256963016955
2023-06-15 19:00:00+08:00,636.2211926351877
2023-06-15 20:00:00+08:00,592.2639510688321
2023-06-15 21:00:00+08:00,546.4836171588406
2023-06-15 22:00:00+08:00,480.2058965266565
2023-06-15 23:00:00+08:00,399.1171114677418
2023-06-16 00:00:00+08:00,346.0591153845546
2023-06-16 01:00:00+08:00,329.6702321025761
2023-06-16 02:00:00+08:00,310.46349325448784
2023-06-16 03:00:00+08:00,330.79905854685296
2023-06-16 04:00:00+08:00,354.2641338634127
2023-06-16 05:00:00+08:00,363.3943529317699
2023-06-16 06:00:00+08:00,493.14643990607385
2023-06-16 07:00:00+08:00,573.4028139431713
2023-06-16 08:00:00+08:00,642.2274301834891
2023-06-16 09:00:00+08:00,632.204412192613
2023-06-16 10:00:00+08:00,665.8104001146885
2023-06-16 11:00:00+08:00,632.5045613616373
2023-06-16 12:00:00+08:00,676.4668626653089
2023-06-16 13:00:00+08:00,630.8916982869234
2023-06-16 14:00:00+08:00,601.6003640359717
2023-06-16 15:00:00+08:00,605.2122315805605
2023-06-16 16:00:00+08:00,656.7422361981626
2023-06-16 17:00:00+08:00,673.4386375948661
2023-06-16 18:00:00+08:00,644.1200902316253
2023-06-16 19:00:00+08:00,672.961985956936
2023-06-16 20:00:00+08:00,618.6067172596266
2023-06-16 21:00:00+08:00,545.8357180959787
2023-06-16 22:00:00+08:00,481.41495815792797
2023-06-16 23:00:00+08:00,430.5420574175408
2023-06-17 00:00:00+08:00,155.65443206369028
2023-06-17 01:00:00+08:00,159.3718934274576
2023-06-17 02:00:00+08:00,148.52957157370346
2023-06-17 03:00:00+08:00,147.91381239002226
2023-06-17 04:00:00+08:00,156.45239379992566
2023-06-17 05:00:00+08:00,181.54182917826674
2023-06-17 06:00:00+08:00,221.11959444404144
2023-06-17 07:00:00+08:00,268.17972252489363
2023-06-17 08:00:00+08:00,310.49529111763775
2023-06-17 09:00:00+08:00,304.1566035853118
2023-06-17 10:00:00+08:00,289.06411391579945
2023-06-17 11:00:00+08:00,292.8844831493246
2023-06-17 12:00:00+08:00,295.1122213172232
2023-06-17 13:00:00+08:00,291.12039861956947
2023-06-17 14:00:00+08:00,263.0872516959632
2023-06-17 15:00:00+08:00,269.2615565975999
2023-06-17 16:00:00+08:00,282.4297801293056
2023-06-17 17:00:00+08:00,281.52380198928574
2023-06-17 18:00:00+08:00,279.5770033233777
2023-06-17 19:00:00+08:00,285.2451647533697
2023-06-17 20:00:00+08:00,261.76056829345094
2023-06-17 21:00:00+08:00,250.85548041510424
2023-06-17 22:00:00+08:00,208.862648001922
2023-06-17 23:00:00+08:00,186.8207528092828
2023-06-18 00:00:00+08:00,164.97056046959926
2023-06-18 01:00:00+08:00,156.0190714086385
2023-06-18 02:00:00+08:00,142.28426842708004
2023-06-18 03:00:00+08:00,147.47871776654154
2023-06-18 04:00:00+08:00,165.79593153842623
2023-06-18 05:00:00+08:00,169.85651338738825
2023-06-18 06:00:00+08:00,213.7023520421942
2023-06-18 07:00:00+08:00,267.74338697311197
2023-06-18 08:00:00+08:00,294.1428947709117
2023-06-18 09:00:00+08:00,291.2902787532992
2023-06-18 10:00:00+08:00,292.69479389447105
2023-06-18 11:00:00+08:00,276.14155281470255
2023-06-18 12:00:00+08:00,281.7779192470078
2023-06-18 13:00:00+08:00,285.48553241294854
2023-06-18 14:00:00+08:00,276.56874658229316
2023-06-18 15:00:00+08:00,280.69669484856803
2023-06-18 16:00:00+08:00,290.987308489078
2023-06-18 17:00:00+08:00,293.7775954585121
2023-06-18 18:00:00+08:00,297.4187232013453
2023-06-18 19:00:00+08:00,277.304373205505
2023-06-18 20:00:00+08:00,267.9667506904163
2023-06-18 21:00:00+08:00,243.70642648006225
2023-06-18 22:00:00+08:00,224.82655338947657
2023-06-18 23:00:00+08:00,193.35344946522474
2023-06-19 00:00:00+08:00,370.87557248878613
2023-06-19 01:00:00+08:00,348.5805976437648
2023-06-19 02:00:00+08:00,333.547869629479
2023-06-19 03:00:00+08:00,324.59086475213365
2023-06-19 04:00:00+08:00,342.22916110790584
2023-06-19 05:00:00+08:00,394.0943580518768
2023-06-19 06:00:00+08:00,476.0609576589181
2023-06-19 07:00:00+08:00,584.5357396256105
2023-06-19 08:00:00+08:00,656.4773594750606
2023-06-19 09:00:00+08:00,662.5737607093945
2023-06-19 10:00:00+08:00,630.2630886028685
2023-06-19 11:00:00+08:00,649.7984089177396
2023-06-19 12:00:00+08:00,649.2969228551374
2023-06-19 13:00:00+08:00,582.1154270189309
2023-06-19 14:00:00+08:00,613.7215349353281
2023-06-19 15:00:00+08:00,634.6932773981747
2023-06-19 16:00:00+08:00,647.5686406117824
2023-06-19 17:00:00+08:00,688.6602027121281
2023-06-19 18:00:00+08:00,607.6506887078015
2023-06-19 19:00:00+08:00,598.7371529267926
2023-06-19 20:00:00+08:00,525.2830039345671
2023-06-19 21:00:00+08:00,543.3285107967192
2023-06-19 22:00:00+08:00,481.0748055554912
2023-06-19 23:00:00+08:00,414.9940652995295
2023-06-20 00:00:00+08:00,374.6104103527578
2023-06-20 01:00:00+08:00,350.8254983143147
2023-06-20 02:00:00+08:00,327.12168692365475
2023-06-20 03:00:00+08:00,321.2717376292003
2023-06-20 04:00:00+08:00,353.0716523551655
2023-06-20 05:00:00+08:00,377.9841190042172
2023-06-20 06:00:00+08:00,473.14858589649225
2023-06-20 07:00:00+08:00,558.8428458408692
2023-06-20 08:00:00+08:00,640.6989815529438
2023-06-20 09:00:00+08:00,671.8997208413302
2023-06-20 10:00:00+08:00,711.6036627585736
2023-06-20 11:00:00+08:00,653.8195304015436
2023-06-20 12:00:00+08:00,632.2452411347774
2023-06-20 13:00:00+08:00,608.8722933582693
2023-06-20 14:00:00+08:00,633.2812845763474
2023-06-20 15:00:00+08:00,594.0525233314362
2023-06-20 16:00:00+08:00,666.5698813858504
2023-06-20 17:00:00+08:00,673.5450693421166
2023-06-20 18:00:00+08:00,650.3221994275282
2023-06-20 19:00:00+08:00,614.1574901926658
2023-06-20 20:00:00+08:00,600.2555915505271
2023-06-20 21:00:00+08:00,558.1709733136771
2023-06-20 22:00:00+08:00,473.9341010931975
2023-06-20 23:00:00+08:00,455.3163354860787
2023-06-21 00:00:00+08:00,353.9043806722674
2023-06-21 01:00:00+08:00,349.90536997089913
2023-06-21 02:00:00+08:00,294.7518284062705
2023-06-21 03:00:00+08:00,342.98328427332626
2023-06-21 04:00:00+08:00,359.31298775648247
2023-06-21 05:00:00+08:00,378.98487118335953
2023-06-21 06:00:00+08:00,500.4228652274342
2023-06-21 07:00:00+08:00,613.8459031171774
2023-06-21 08:00:00+08:00,635.863021659833
2023-06-21 09:00:00+08:00,666.9263883373216
2023-06-21 10:00:00+08:00,631.5334665394503
2023-06-21 11:00:00+08:00,636.751312241043
2023-06-21 12:00:00+08:00,682.0630370993742
2023-06-21 13:00:00+08:00,664.525763259966
2023-06-21 14:00:00+08:00,602.4927621855858
2023-06-21 15:00:00+08:00,620.8229534319596
2023-06-21 16:00:00+08:00,635.7895853723932
2023-06-21 17:00:00+08:00,671.7694526711881
2023-06-21 18:00:00+08:00,614.0072612965719
2023-06-21 19:00:00+08:00,628.8578239599224
2023-06-21 20:00:00+08:00,604.9263088919863
2023-06-21 21:00:00+08:00,552.7886995173532
2023-06-21 22:00:00+08:00,509.2588599914567
2023-06-21 23:00:00+08:00,419.05442691387594
2023-06-22 00:00:00+08:00,356.0997792035546
2023-06-22 01:00:00+08:00,326.3068365298723
2023-06-22 02:00:00+08:00,339.8053569344826
2023-06-22 03:00:00+08:00,316.5088225849394
2023-06-22 04:00:00+08:00,344.33204153773613
2023-06-22 05:00:00+08:00,377.68295403846827
2023-06-22 06:00:00+08:00,469.1550022953099
2023-06-22 07:00:00+08:00,586.1592683411918
2023-06-22 08:00:00+08:00,689.1632553647578
2023-06-22 09:00:00+08:00,658.3080187519898
2023-06-22 10:00:00+08:00,626.6797602591607
2023-06-22 11:00:00+08:00,661.0160661270445
2023-06-22 12:00:00+08:00,649.2236632637978
2023-06-22 13:00:00+08:00,728.4003579222046
2023-06-22 14:00:00+08:00,627.4638786812535
2023-06-22 15:00:00+08:00,630.2359045778294
2023-06-22 16:00:00+08:00,690.1338217340345
2023-06-22 17:00:00+08:00,604.9495582291255
2023-06-22 18:00:00+08:00,642.3941089194517
2023-06-22 19:00:00+08:00,669.8811883358042
2023-06-22 20:00:00+08:00,585.0045763211353
2023-06-22 21:00:00+08:00,516.5992076649034
2023-06-22 22:00:00+08:00,482.02378565752593
2023-06-22 23:00:00+08:00,449.172593664857
2023-06-23 00:00:00+08:00,364.7775198517175
2023-06-23 01:00:00+08:00,328.36877695367116
2023-06-23 02:00:00+08:00,317.746636019627
2023-06-23 03:00:00+08:00,319.38723305229786
2023-06-23 04:00:00+08:00,344.6784460625478
2023-06-23 05:00:00+08:00,399.2592999507032
2023-06-23 06:00:00+08:00,510.6818283335387
2023-06-23 07:00:00+08:00,612.0955434052007
2023-06-23 08:00:00+08:00,618.5988367450952
2023-06-23 09:00:00+08:00,618.6958604323623
2023-06-23 10:00:00+08:00,667.3399920915057
2023-06-23 11:00:00+08:00,618.2374699986751
2023-06-23 12:00:00+08:00,647.507410904633
2023-06-23 13:00:00+08:00,648.1251238078946
2023-06-23 14:00:00+08:00,592.4870412170424
2023-06-23 15:00:00+08:00,614.0999665638383
2023-06-23 16:00:00+08:00,650.9428974419067
2023-06-23 17:00:00+08:00,666.5663177976878
2023-06-23 18:00:00+08:00,667.5238955608567
2023-06-23 19:00:00+08:00,635.8054305548853
2023-06-23 20:00:00+08:00,589.7951581692266
2023-06-23 21:00:00+08:00,538.8151912540295
2023-06-23 22:00:00+08:00,469.06013155558816
2023-06-23 23:00:00+08:00,416.03283435286255
2023-06-24 00:00:00+08:00,164.4513247991896
2023-06-24 01:00:00+08:00,155.0326633375686
2023-06-24 02:00:00+08:00,134.73439244710931
2023-06-24 03:00:00+08:00,142.46673058258375
2023-06-24 04:00:00+08:00,160.3431713797084
2023-06-24 05:00:00+08:00,171.16424778948763
2023-06-24 06:00:00+08:00,208.1283652714931
2023-06-24 07:00:00+08:00,296.14793342256456
2023-06-24 08:00:00+08:00,293.8380754842783
2023-06-24 09:00:00+08:00,298.7011506719889
2023-06-24 10:00:00+08:00,298.879902987124
2023-06-24 11:00:00+08:00,289.85308772997564
2023-06-24 12:00:00+08:00,285.6171716958107
2023-06-24 13:00:00+08:00,312.7618013689974
2023-06-24 14:00:00+08:00,290.6843311517103
2023-06-24 15:00:00+08:00,297.7734818481101
2023-06-24 16:00:00+08:00,300.95991581779595
2023-06-24 17:00:00+08:00,282.3724553615723
2023-06-24 18:00:00+08:00,303.0272902695844
2023-06-24 19:00:00+08:00,270.0445037906271
2023-06-24 20:00:00+08:00,267.7609026234067
2023-06-24 21:00:00+08:00,233.6545429081735
2023-06-24 22:00:00+08:00,202.62266554080847
2023-06-24 23:00:00+08:00,193.65061036510235
2023-06-25 00:00:00+08:00,156.63175956069242
2023-06-25 01:00:00+08:00,140.86424480452143
2023-06-25 02:00:00+08:00,150.3371660611115
2023-06-25 03:00:00+08:00,159.634251719708
2023-06-25 04:00:00+08:00,161.5476314499355
2023-06-25 05:00:00+08:00,168.94286970571468
2023-06-25 06:00:00+08:00,220.81064252415655
2023-06-25 07:00:00+08:00,280.3796551916161
2023-06-25 08:00:00+08:00,307.52020209497283
2023-06-25 09:00:00+08:00,290.2658188083607
2023-06-25 10:00:00+08:00,294.7124133445596
2023-06-25 11:00:00+08:00,297.8490179894795
2023-06-25 12:00:00+08:00,300.83051443416645
2023-06-25 13:00:00+08:00,286.8885614978179
2023-06-25 14:00:00+08:00,278.25154931274955
2023-06-25 15:00:00+08:00,304.34292090810527
2023-06-25 16:00:00+08:00,308.54902391978055
2023-06-25 17:00:00+08:00,299.93032889397733
2023-06-25 18:00:00+08:00,308.25714116692944
2023-06-25 19:00:00+08:00,275.2726312857021
2023-06-25 20:00:00+08:00,282.0747204120399
2023-06-25 21:00:00+08:00,255.59225417848296
2023-06-25 22:00:00+08:00,249.61342142380997
2023-06-25 23:00:00+08:00,182.17659359155834
2023-06-26 00:00:00+08:00,349.9307374446701
2023-06-26 01:00:00+08:00,345.92432120107185
2023-06-26 02:00:00+08:00,332.3373652573026
2023-06-26 03:00:00+08:00,352.6580164058566
2023-06-26 04:00:00+08:00,331.12899470251125
2023-06-26 05:00:00+08:00,393.2176206947895
2023-06-26 06:00:00+08:00,513.5262370784314
2023-06-26 07:00:00+08:00,618.9024934131384
2023-06-26 08:00:00+08:00,629.1282840068521
2023-06-26 09:00:00+08:00,691.1213217455931
2023-06-26 10:00:00+08:00,686.4515027083099
2023-06-26 11:00:00+08:00,669.9704742053078
2023-06-26 12:00:00+08:00,659.6266731977848
2023-06-26 13:00:00+08:00,646.992242476539
2023-06-26 14:00:00+08:00,619.607151313469
2023-06-26 15:00:00+08:00,657.6277666877412
2023-06-26 16:00:00+08:00,655.0934947541828
2023-06-26 17:00:00+08:00,632.0717886070262
2023-06-26 18:00:00+08:00,614.2990982205444
2023-06-26 19:00:00+08:00,602.8671586150172
2023-06-26 20:00:00+08:00,594.0829038593081
2023-06-26 21:00:00+08:00,555.5372155953262
2023-06-26 22:00:00+08:00,494.9358404248585
2023-06-26 23:00:00+08:00,433.8005839673595
2023-06-27 00:00:00+08:00,350.94162539024023
2023-06-27 01:00:00+08:00,360.2923152005315
2023-06-27 02:00:00+08:00,323.74512967032194
2023-06-27 03:00:00+08:00,321.57590875434033
2023-06-27 04:00:00+08:00,346.9064393588743
2023-06-27 05:00:00+08:00,351.7231125926816
2023-06-27 06:00:00+08:00,475.3520696576902
2023-06-27 07:00:00+08:00,625.768691729059
2023-06-27 08:00:00+08:00,609.0132863461672
2023-06-27 09:00:00+08:00,683.7569612688604
2023-06-27 10:00:00+08:00,694.0604070544218
2023-06-27 11:00:00+08:00,644.8265924552888
2023-06-27 12:00:00+08:00,662.1385628098285
2023-06-27 13:00:00+08:00,670.1206372368434
2023-06-27 14:00:00+08:00,610.1644766486547
2023-06-27 15:00:00+08:00,663.6728978850332
2023-06-27 16:00:00+08:00,636.9282708099693
2023-06-27 17:00:00+08:00,641.9953098441232
2023-06-27 18:00:00+08:00,620.9008767188881
2023-06-27 19:00:00+08:00,630.2959357301927
2023-06-27 20:00:00+08:00,616.3330471557575
2023-06-27 21:00:00+08:00,552.2270213177515
2023-06-27 22:00:00+08:00,465.9132519386905
2023-06-27 23:00:00+08:00,406.99990466490004
2023-06-28 00:00:00+08:00,365.7590003930013
2023-06-28 01:00:00+08:00,365.54716736114625
2023-06-28 02:00:00+08:00,332.4967327927143
2023-06-28 03:00:00+08:00,322.2755417339716
2023-06-28 04:00:00+08:00,350.86852618805807
2023-06-28 05:00:00+08:00,376.0784026443975
2023-06-28 06:00:00+08:00,483.58244337143367
2023-06-28 07:00:00+08:00,579.2167234200268
2023-06-28 08:00:00+08:00,691.5663581512767
2023-06-28 09:00:00+08:00,588.1878285734597
2023-06-28 10:00:00+08:00,675.5766550493014
2023-06-28 11:00:00+08:00,642.538630576749
2023-06-28 12:00:00+08:00,643.9371433296348
2023-06-28 13:00:00+08:00,685.0200534750844
2023-06-28 14:00:00+08:00,604.1826050994077
2023-06-28 15:00:00+08:00,624.1362066639418
2023-06-28 16:00:00+08:00,651.2681902025303
2023-06-28 17:00:00+08:00,665.520416851279
2023-06-28 18:00:00+08:00,630.2496118028498
2023-06-28 19:00:00+08:00,582.7943398899467
2023-06-28 20:00:00+08:00,568.811299088736
2023-06-28 21:00:00+08:00,585.0019242787882
2023-06-28 22:00:00+08:00,492.4808013467446
2023-06-28 23:00:00+08:00,433.22215935262955
2023-06-29 00:00:00+08:00,356.39055368357884
2023-06-29 01:00:00+08:00,331.5290800828425
2023-06-29 02:00:00+08:00,349.38560856322397
2023-06-29 03:00:00+08:00,324.95046836504997
2023-06-29 04:00:00+08:00,334.4728425138152
2023-06-29 05:00:00+08:00,396.45422926496923
2023-06-29 06:00:00+08:00,476.93201116577256
2023-06-29 07:00:00+08:00,588.1122694295385
2023-06-29 08:00:00+08:00,655.098679392804
2023-06-29 09:00:00+08:00,654.8373607253501
2023-06-29 10:00:00+08:00,661.6303407579658
2023-06-29 11:00:00+08:00,709.6178165388399
2023-06-29 12:00:00+08:00,663.6377072426349
2023-06-29 13:00:00+08:00,580.6905872740759
2023-06-29 14:00:00+08:00,630.2082478952356
2023-06-29 15:00:00+08:00,642.7060348458845
2023-06-29 16:00:00+08:00,655.9683815064782
2023-06-29 17:00:00+08:00,661.2724357083183
2023-06-29 18:00:00+08:00,640.9975271916643
2023-06-29 19:00:00+08:00,620.7795958467868
2023-06-29 20:00:00+08:00,603.7990941926972
2023-06-29 21:00:00+08:00,544.536731562472
2023-06-29 22:00:00+08:00,472.5055029525281
2023-06-29 23:00:00+08:00,477.1213412864673
2023-06-30 00:00:00+08:00,349.90297581713537
2023-06-30 01:00:00+08:00,341.9335464883936
2023-06-30 02:00:00+08:00,307.8791177035589
2023-06-30 03:00:00+08:00,328.99610106015973
2023-06-30 04:00:00+08:00,327.8562025997046
2023-06-30 05:00:00+08:00,373.1425693758153
2023-06-30 06:00:00+08:00,511.7394244266141
2023-06-30 07:00:00+08:00,613.9220180182809
2023-06-30 08:00:00+08:00,669.8319926899919
2023-06-30 09:00:00+08:00,608.5396174499188
2023-06-30 10:00:00+08:00,703.0633231973749
2023-06-30 11:00:00+08:00,623.7165267696421
2023-06-30 12:00:00+08:00,694.98569069605
2023-06-30 13:00:00+08:00,668.068982256809
2023-06-30 14:00:00+08:00,636.5624719275154
2023-06-30 15:00:00+08:00,619.8915724243977
2023-06-30 16:00:00+08:00,658.912300699978
2023-06-30 17:00:00+08:00,642.6039748215583
2023-06-30 18:00:00+08:00,642.5877372810621
2023-06-30 19:00:00+08:00,615.9751939083133
2023-06-30 20:00:00+08:00,541.3807979756405
2023-06-30 21:00:00+08:00,581.6797367316258
2023-06-30 22:00:00+08:00,489.6121412904294
2023-06-30 23:00:00+08:00,417.4562457425203
2023-07-01 00:00:00+08:00,158.48266071410913
2023-07-01 01:00:00+08:00,155.47117816863843
2023-07-01 02:00:00+08:00,142.10953684444974
2023-07-01 03:00:00+08:00,134.0837880987755
2023-07-01 04:00:00+08:00,155.76957237850738
2023-07-01 05:00:00+08:00,174.50869708266677
2023-07-01 06:00:00+08:00,219.30224080694924
2023-07-01 07:00:00+08:00,258.72480847071154
2023-07-01 08:00:00+08:00,295.80527432400294
2023-07-01 09:00:00+08:00,277.4894713164831
2023-07-01 10:00:00+08:00,282.6453764088837
2023-07-01 11:00:00+08:00,285.9057705882944
2023-07-01 12:00:00+08:00,304.70696829758464
2023-07-01 13:00:00+08:00,284.6717917651191
2023-07-01 14:00:00+08:00,275.0024236577984
2023-07-01 15:00:00+08:00,311.4469881286402
2023-07-01 16:00:00+08:00,298.91232776885226
2023-07-01 17:00:00+08:00,298.753536595827
2023-07-01 18:00:00+08:00,284.5898729961744
2023-07-01 19:00:00+08:00,273.33905272749774
2023-07-01 20:00:00+08:00,242.0805442819936
2023-07-01 21:00:00+08:00,260.2516493264062
2023-07-01 22:00:00+08:00,225.03179403501198
2023-07-01 23:00:00+08:00,190.21878549750835
2023-07-02 00:00:00+08:00,161.2354170010613
2023-07-02 01:00:00+08:00,157.79564449652221
2023-07-02 02:00:00+08:00,138.2209258192792
2023-07-02 03:00:00+08:00,143.90904152723024
2023-07-02 04:00:00+08:00,146.31513685371522
2023-07-02 05:00:00+08:00,183.08342783395784
2023-07-02 06:00:00+08:00,228.8235979342832
2023-07-02 07:00:00+08:00,247.29740975853582
2023-07-02 08:00:00+08:00,276.9246720426074
2023-07-02 09:00:00+08:00,293.21285551991963
2023-07-02 10:00:00+08:00,289.2028234705156
2023-07-02 11:00:00+08:00,279.15763215071433
2023-07-02 12:00:00+08:00,317.703896524827
2023-07-02 13:00:00+08:00,292.4893024057885
2023-07-02 14:00:00+08:00,285.3532690606854
2023-07-02 15:00:00+08:00,280.88155572495344
2023-07-02 16:00:00+08:00,303.28962089037367
2023-07-02 17:00:00+08:00,290.2876771969255
2023-07-02 18:00:00+08:00,285.6038049714674
2023-07-02 19:00:00+08:00,286.8787370449782
2023-07-02 20:00:00+08:00,248.0093394925836
2023-07-02 21:00:00+08:00,266.56321609547166
2023-07-02 22:00:00+08:00,222.6929052135936
2023-07-02 23:00:00+08:00,201.41996053983263
2023-07-03 00:00:00+08:00,344.7804944593221
2023-07-03 01:00:00+08:00,328.0487670029638
2023-07-03 02:00:00+08:00,312.3038293655126
2023-07-03 03:00:00+08:00,330.8050863574977
2023-07-03 04:00:00+08:00,341.52599202802253
2023-07-03 05:00:00+08:00,372.8723149224157
2023-07-03 06:00:00+08:00,471.360853733758
2023-07-03 07:00:00+08:00,572.11525270251
2023-07-03 08:00:00+08:00,653.7814757717418
2023-07-03 09:00:00+08:00,642.852515191927
2023-07-03 10:00:00+08:00,637.0875292555863
2023-07-03 11:00:00+08:00,695.5888080089449
2023-07-03 12:00:00+08:00,652.8947510014463
2023-07-03 13:00:00+08:00,674.56302142252
2023-07-03 14:00:00+08:00,609.0255642165308
2023-07-03 15:00:00+08:00,648.2361908568539
2023-07-03 16:00:00+08:00,653.5982678352423
2023-07-03 17:00:00+08:00,610.5706288429152
2023-07-03 18:00:00+08:00,678.6277351692547
2023-07-03 19:00:00+08:00,618.9350222065954
2023-07-03 20:00:00+08:00,607.148604080497
2023-07-03 21:00:00+08:00,540.0450708327531
2023-07-03 22:00:00+08:00,488.0494423604759
2023-07-03 23:00:00+08:00,411.02004104827773
2023-07-04 00:00:00+08:00,378.06933247440935
2023-07-04 01:00:00+08:00,344.85048015073113
2023-07-04 02:00:00+08:00,332.3159554635885
2023-07-04 03:00:00+08:00,345.30006174810535
2023-07-04 04:00:00+08:00,356.3620947140388
2023-07-04 05:00:00+08:00,391.5390457127787
2023-07-04 06:00:00+08:00,463.3235899831048
2023-07-04 07:00:00+08:00,585.8446680260058
2023-07-04 08:00:00+08:00,628.712422836593
2023-07-04 09:00:00+08:00,674.0767060018572
2023-07-04 10:00:00+08:00,659.4860724258938
2023-07-04 11:00:00+08:00,618.5826359668928
2023-07-04 12:00:00+08:00,650.0696791160586
2023-07-04 13:00:00+08:00,603.550891691875
2023-07-04 14:00:00+08:00,620.9410503518437
2023-07-04 15:00:00+08:00,599.4102814863444
2023-07-04 16:00:00+08:00,668.8704852068221
2023-07-04 17:00:00+08:00,664.9177358276519
2023-07-04 18:00:00+08:00,690.9041912693563
2023-07-04 19:00:00+08:00,643.3681913331563
2023-07-04 20:00:00+08:00,579.540856071192
2023-07-04 21:00:00+08:00,574.9814915564428
2023-07-04 22:00:00+08:00,463.79644784090516
2023-07-04 23:00:00+08:00,409.3683973928847
2023-07-05 00:00:00+08:00,365.01770397088865
2023-07-05 01:00:00+08:00,311.16797733218823
2023-07-05 02:00:00+08:00,326.98373980901073
2023-07-05 03:00:00+08:00,314.1062569375591
2023-07-05 04:00:00+08:00,341.9494053399184
2023-07-05 05:00:00+08:00,363.489976000859
2023-07-05 06:00:00+08:00,499.54147840682765
2023-07-05 07:00:00+08:00,603.0115503908412
2023-07-05 08:00:00+08:00,691.627286900773
2023-07-05 09:00:00+08:00,655.1174333916832
2023-07-05 10:00:00+08:00,634.8043768594769
2023-07-05 11:00:00+08:00,648.4731776741107
2023-07-05 12:00:00+08:00,619.7251830451179
2023-07-05 13:00:00+08:00,652.2692253097672
2023-07-05 14:00:00+08:00,636.8740045531725
2023-07-05 15:00:00+08:00,705.2355515168803
2023-07-05 16:00:00+08:00,638.6503689579196
2023-07-05 17:00:00+08:00,647.9254186073143
2023-07-05 18:00:00+08:00,627.0603400401914
2023-07-05 19:00:00+08:00,627.472988764419
2023-07-05 20:00:00+08:00,598.446356195498
2023-07-05 21:00:00+08:00,555.5113030933007
2023-07-05 22:00:00+08:00,512.5501349839107
2023-07-05 23:00:00+08:00,415.20543834441304
2023-07-06 00:00:00+08:00,374.363743148048
2023-07-06 01:00:00+08:00,347.84634246369524
2023-07-06 02:00:00+08:00,327.2575917982105
2023-07-06 03:00:00+08:00,323.29054190621116
2023-07-06 04:00:00+08:00,373.56410390760254
2023-07-06 05:00:00+08:00,367.3895191900916
2023-07-06 06:00:00+08:00,496.9755843968852
2023-07-06 07:00:00+08:00,584.3652679754341
2023-07-06 08:00:00+08:00,701.6014276401391
2023-07-06 09:00:00+08:00,678.0591153666916
2023-07-06 10:00:00+08:00,637.0621240296373
2023-07-06 11:00:00+08:00,668.2567948744414
2023-07-06 12:00:00+08:00,661.5801643447064
2023-07-06 13:00:00+08:00,628.4722597255943
2023-07-06 14:00:00+08:00,640.9545894011169
2023-07-06 15:00:00+08:00,651.7268953681075
2023-07-06 16:00:00+08:00,660.4801278505596
2023-07-06 17:00:00+08:00,653.7322739720674
2023-07-06 18:00:00+08:00,652.7985675498692
2023-07-06 19:00:00+08:00,627.7967510820399
2023-07-06 20:00:00+08:00,590.7403169982726
2023-07-06 21:00:00+08:00,542.3340173504577
2023-07-06 22:00:00+08:00,524.3965973210204
2023-07-06 23:00:00+08:00,407.7556692053019
2023-07-07 00:00:00+08:00,366.23483014848017
2023-07-07 01:00:00+08:00,336.0742424476027
2023-07-07 02:00:00+08:00,350.38034153493874
2023-07-07 03:00:00+08:00,315.5115418581548
2023-07-07 04:00:00+08:00,330.4227132989812
2023-07-07 05:00:00+08:00,364.9858419672957
2023-07-07 06:00:00+08:00,497.36515966004754
2023-07-07 07:00:00+08:00,569.2282471219439
2023-07-07 08:00:00+08:00,642.15148891963
2023-07-07 09:00:00+08:00,598.3181842088318
2023-07-07 10:00:00+08:00,660.9788547986269
2023-07-07 11:00:00+08:00,641.5835812829324
2023-07-07 12:00:00+08:00,615.7146550544608
2023-07-07 13:00:00+08:00,669.4498189326184
2023-07-07 14:00:00+08:00,589.4166516570176
2023-07-07 15:00:00+08:00,662.0416266884449
2023-07-07 16:00:00+08:00,636.3244885502802
2023-07-07 17:00:00+08:00,696.6237186975297
2023-07-07 18:00:00+08:00,660.8253493175084
2023-07-07 19:00:00+08:00,596.8705585057346
2023-07-07 20:00:00+08:00,567.6002422606866
2023-07-07 21:00:00+08:00,569.9589525795978
2023-07-07 22:00:00+08:00,485.85891487892405
2023-07-07 23:00:00+08:00,422.66135577404265
2023-07-08 00:00:00+08:00,170.23200368513457
2023-07-08 01:00:00+08:00,148.56619633130057
2023-07-08 02:00:00+08:00,147.80002144478823
2023-07-08 03:00:00+08:00,152.88548208491653
2023-07-08 04:00:00+08:00,158.10948925176407
2023-07-08 05:00:00+08:00,169.73358902800052
2023-07-08 06:00:00+08:00,218.3406886406339
2023-07-08 07:00:00+08:00,252.11639673203686
2023-07-08 08:00:00+08:00,282.0809110670273
2023-07-08 09:00:00+08:00,298.2750965822482
2023-07-08 10:00:00+08:00,292.9001253583899
2023-07-08 11:00:00+08:00,295.40722719116025
2023-07-08 12:00:00+08:00,306.76793925851945
2023-07-08 13:00:00+08:00,274.9259486858733
2023-07-08 14:00:00+08:00,277.1549733415098
2023-07-08 15:00:00+08:00,290.8127586624044
2023-07-08 16:00:00+08:00,286.22881823875696
2023-07-08 17:00:00+08:00,311.3887167179897
2023-07-08 18:00:00+08:00,299.12398501717945
2023-07-08 19:00:00+08:00,283.04543942001214
2023-07-08 20:00:00+08:00,284.09609012474874
2023-07-08 21:00:00+08:00,235.33614816438202
2023-07-08 22:00:00+08:00,220.8251171788621
2023-07-08 23:00:00+08:00,194.24620892941937
2023-07-09 00:00:00+08:00,156.0100672203085
2023-07-09 01:00:00+08:00,154.94279679630253
2023-07-09 02:00:00+08:00,140.69657869039196
2023-07-09 03:00:00+08:00,151.27905074235758
2023-07-09 04:00:00+08:00,159.5794375987514
2023-07-09 05:00:00+08:00,172.62694962740937
2023-07-09 06:00:00+08:00,204.45372576955975
2023-07-09 07:00:00+08:00,260.3962979846109
2023-07-09 08:00:00+08:00,301.07599565687667
2023-07-09 09:00:00+08:00,294.6750537431146
2023-07-09 10:00:00+08:00,262.69808537448023
2023-07-09 11:00:00+08:00,309.0622301479109
2023-07-09 12:00:00+08:00,296.03480282600793
2023-07-09 13:00:00+08:00,279.08355882445863
2023-07-09 14:00:00+08:00,290.83585461088734
2023-07-09 15:00:00+08:00,280.7170775411823
2023-07-09 16:00:00+08:00,286.31748546070577
2023-07-09 17:00:00+08:00,298.6457218432227
2023-07-09 18:00:00+08:00,309.09270089398575
2023-07-09 19:00:00+08:00,297.86908851031166
2023-07-09 20:00:00+08:00,268.7955525147614
2023-07-09 21:00:00+08:00,254.89028219420732
2023-07-09 22:00:00+08:00,227.8101693550814
2023-07-09 23:00:00+08:00,181.7542221800743
2023-07-10 00:00:00+08:00,368.9806180384291
2023-07-10 01:00:00+08:00,330.10553481066336
2023-07-10 02:00:00+08:00,331.177012749346
2023-07-10 03:00:00+08:00,324.0357989797407
2023-07-10 04:00:00+08:00,346.90989450119935
2023-07-10 05:00:00+08:00,381.12498711206746
2023-07-10 06:00:00+08:00,430.22185107630713
2023-07-10 07:00:00+08:00,606.0061359034676
2023-07-10 08:00:00+08:00,670.821649926982
2023-07-10 09:00:00+08:00,665.6882388272928
2023-07-10 10:00:00+08:00,651.338614411548
2023-07-10 11:00:00+08:00,696.9827727433333
2023-07-10 12:00:00+08:00,662.1681539760244
2023-07-10 13:00:00+08:00,652.1628337985871
2023-07-10 14:00:00+08:00,647.2798365862175
2023-07-10 15:00:00+08:00,650.2379493582368
2023-07-10 16:00:00+08:00,630.529407076006
2023-07-10 17:00:00+08:00,590.2332674381427
2023-07-10 18:00:00+08:00,628.7096361646652
2023-07-10 19:00:00+08:00,640.2329013801111
2023-07-10 20:00:00+08:00,580.3065348598369
2023-07-10 21:00:00+08:00,573.7346125443833
2023-07-10 22:00:00+08:00,493.434912424835
2023-07-10 23:00:00+08:00,447.01755452597456
2023-07-11 00:00:00+08:00,355.3058411435209
2023-07-11 01:00:00+08:00,346.2981932255351
2023-07-11 02:00:00+08:00,333.47940023408546
2023-07-11 03:00:00+08:00,346.4980052786325
2023-07-11 04:00:00+08:00,316.7336034369675
2023-07-11 05:00:00+08:00,372.2111078158519
2023-07-11 06:00:00+08:00,506.9387491919457
2023-07-11 07:00:00+08:00,638.6219372670771
2023-07-11 08:00:00+08:00,660.0079854985923
2023-07-11 09:00:00+08:00,646.0763212731067
2023-07-11 10:00:00+08:00,673.5283534455442
2023-07-11 11:00:00+08:00,676.4461951540043
2023-07-11 12:00:00+08:00,644.3254350258453
2023-07-11 13:00:00+08:00,649.1202289558063
2023-07-11 14:00:00+08:00,650.3701543256599
2023-07-11 15:00:00+08:00,689.1010315555656
2023-07-11 16:00:00+08:00,673.148839222621
2023-07-11 17:00:00+08:00,654.8845019498496
2023-07-11 18:00:00+08:00,639.2699556969002
2023-07-11 19:00:00+08:00,634.8904961485779
2023-07-11 20:00:00+08:00,585.634995786248
2023-07-11 21:00:00+08:00,559.8858660894193
2023-07-11 22:00:00+08:00,469.55075525311634
2023-07-11 23:00:00+08:00,446.97076347298236
2023-07-12 00:00:00+08:00,342.98157192210505
2023-07-12 01:00:00+08:00,333.8967496787569
2023-07-12 02:00:00+08:00,327.9767824775597
2023-07-12 03:00:00+08:00,352.7197584546181
2023-07-12 04:00:00+08:00,334.02489408806974
2023-07-12 05:00:00+08:00,368.87755873984577
2023-07-12 06:00:00+08:00,479.25498184116447
2023-07-12 07:00:00+08:00,641.0191836669846
2023-07-12 08:00:00+08:00,579.8990339961757
2023-07-12 09:00:00+08:00,627.1951810872105
2023-07-12 10:00:00+08:00,724.7881301011838
2023-07-12 11:00:00+08:00,668.846217722279
2023-07-12 12:00:00+08:00,624.4967073404655
2023-07-12 13:00:00+08:00,639.2611375043653
2023-07-12 14:00:00+08:00,622.4075637555529
2023-07-12 15:00:00+08:00,662.0069367901541
2023-07-12 16:00:00+08:00,701.48029085455
2023-07-12 17:00:00+08:00,663.5580874744466
2023-07-12 18:00:00+08:00,626.508989827257
2023-07-12 19:00:00+08:00,640.2754759827503
2023-07-12 20:00:00+08:00,571.6379196684459
2023-07-12 21:00:00+08:00,532.4361150592381
2023-07-12 22:00:00+08:00,455.55425773935184
2023-07-12 23:00:00+08:00,398.1227131693224
2023-07-13 00:00:00+08:00,346.2930910008376
2023-07-13 01:00:00+08:00,323.58280548688873
2023-07-13 02:00:00+08:00,330.6113210677843
2023-07-13 03:00:00+08:00,310.8550420274484
2023-07-13 04:00:00+08:00,296.8798321685323
2023-07-13 05:00:00+08:00,362.94760656207984
2023-07-13 06:00:00+08:00,480.5359960449837
2023-07-13 07:00:00+08:00,586.2470725868432
2023-07-13 08:00:00+08:00,692.7328379233082
2023-07-13 09:00:00+08:00,637.0136747956095
2023-07-13 10:00:00+08:00,676.0515422331823
2023-07-13 11:00:00+08:00,652.5445416989807
2023-07-13 12:00:00+08:00,651.9353300815015
2023-07-13 13:00:00+08:00,618.5945365320277
2023-07-13 14:00:00+08:00,618.9296550283588
2023-07-13 15:00:00+08:00,620.3937536977471
2023-07-13 16:00:00+08:00,657.4817077100959
2023-07-13 17:00:00+08:00,646.86917571344
2023-07-13 18:00:00+08:00,615.7978860269617
2023-07-13 19:00:00+08:00,645.0027668045657
2023-07-13 20:00:00+08:00,597.7711448577363
2023-07-13 21:00:00+08:00,545.1358339453224
2023-07-13 22:00:00+08:00,492.6306835274133
2023-07-13 23:00:00+08:00,423.0530318073841
2023-07-14 00:00:00+08:00,346.49684313229693
2023-07-14 01:00:00+08:00,340.331531592836
2023-07-14 02:00:00+08:00,318.2156954371054
2023-07-14 03:00:00+08:00,313.98758354105155
2023-07-14 04:00:00+08:00,317.3455094870734
2023-07-14 05:00:00+08:00,373.10335727042815
2023-07-14 06:00:00+08:00,500.5834081484389
2023-07-14 07:00:00+08:00,583.7480649318919
2023-07-14 08:00:00+08:00,718.4483102676719
2023-07-14 09:00:00+08:00,675.7648331667524
2023-07-14 10:00:00+08:00,686.6938547232253
2023-07-14 11:00:00+08:00,673.4037615916924
2023-07-14 12:00:00+08:00,701.0137595979837
2023-07-14 13:00:00+08:00,619.456132178626
2023-07-14 14:00:00+08:00,556.5037573993841
2023-07-14 15:00:00+08:00,628.1769837121108
2023-07-14 16:00:00+08:00,667.2160646170526
2023-07-14 17:00:00+08:00,656.5988205881512
2023-07-14 18:00:00+08:00,646.6380781053887
2023-07-14 19:00:00+08:00,652.7703501850007
2023-07-14 20:00:00+08:00,596.3555270877545
2023-07-14 21:00:00+08:00,572.474632316585
2023-07-14 22:00:00+08:00,471.08653757187557
2023-07-14 23:00:00+08:00,405.63074637386796
2023-07-15 00:00:00+08:00,171.84469547816065
2023-07-15 01:00:00+08:00,153.23363128201242
2023-07-15 02:00:00+08:00,143.0894480147377
2023-07-15 03:00:00+08:00,143.10021747911446
2023-07-15 04:00:00+08:00,148.65495104818365
2023-07-15 05:00:00+08:00,165.40001704840347
2023-07-15 06:00:00+08:00,208.8236777818826
2023-07-15 07:00:00+08:00,253.81036287758965
2023-07-15 08:00:00+08:00,291.20617807171743
2023-07-15 09:00:00+08:00,286.53465146409064
2023-07-15 10:00:00+08:00,306.49334479118875
2023-07-15 11:00:00+08:00,296.936161409262
2023-07-15 12:00:00+08:00,296.6102760669456
2023-07-15 13:00:00+08:00,279.07596677278
2023-07-15 14:00:00+08:00,277.4709104050616
2023-07-15 15:00:00+08:00,291.77891057041467
2023-07-15 16:00:00+08:00,301.90350322657196
2023-07-15 17:00:00+08:00,292.3932211988239
2023-07-15 18:00:00+08:00,300.0409287420689
2023-07-15 19:00:00+08:00,278.90982299862924
2023-07-15 20:00:00+08:00,272.5230389391722
2023-07-15 21:00:00+08:00,244.5830100247184
2023-07-15 22:00:00+08:00,204.16202518085913
2023-07-15 23:00:00+08:00,192.8198873081268
2023-07-16 00:00:00+08:00,165.98750504160623
2023-07-16 01:00:00+08:00,156.0187296416256
2023-07-16 02:00:00+08:00,149.11961056795667
2023-07-16 03:00:00+08:00,144.59846277357136
2023-07-16 04:00:00+08:00,147.58746642914826
2023-07-16 05:00:00+08:00,173.86018089991612
2023-07-16 06:00:00+08:00,223.71690448926913
2023-07-16 07:00:00+08:00,263.7696999112853
2023-07-16 08:00:00+08:00,306.3015167890174
2023-07-16 09:00:00+08:00,282.9290611685213
2023-07-16 10:00:00+08:00,286.44077975552307
2023-07-16 11:00:00+08:00,312.4840052104552
2023-07-16 12:00:00+08:00,303.4760869214738
2023-07-16 13:00:00+08:00,283.30466004080796
2023-07-16 14:00:00+08:00,281.82486370886147
2023-07-16 15:00:00+08:00,289.20024983759384
2023-07-16 16:00:00+08:00,261.07631401490676
2023-07-16 17:00:00+08:00,282.6520998929917
2023-07-16 18:00:00+08:00,286.8360557873105
2023-07-16 19:00:00+08:00,274.6476470492895
2023-07-16 20:00:00+08:00,266.566707051431
2023-07-16 21:00:00+08:00,260.55630358859725
2023-07-16 22:00:00+08:00,217.13570643334154
2023-07-16 23:00:00+08:00,182.57104365423743
2023-07-17 00:00:00+08:00,362.8416254114452
2023-07-17 01:00:00+08:00,334.2253883241314
2023-07-17 02:00:00+08:00,323.5921063745444
2023-07-17 03:00:00+08:00,321.8244816904374
2023-07-17 04:00:00+08:00,369.01774493471703
2023-07-17 05:00:00+08:00,343.870022357893
2023-07-17 06:00:00+08:00,480.85017891200994
2023-07-17 07:00:00+08:00,599.0612805218751
2023-07-17 08:00:00+08:00,630.9009134012585
2023-07-17 09:00:00+08:00,674.6901157173295
2023-07-17 10:00:00+08:00,672.4350164815554
2023-07-17 11:00:00+08:00,650.0056576818985
2023-07-17 12:00:00+08:00,644.198617155246
2023-07-17 13:00:00+08:00,635.3665270060274
2023-07-17 14:00:00+08:00,616.093975234035
2023-07-17 15:00:00+08:00,636.2238875508889
2023-07-17 16:00:00+08:00,646.3522907791112
2023-07-17 17:00:00+08:00,657.8259661141628
2023-07-17 18:00:00+08:00,657.4534124637454
2023-07-17 19:00:00+08:00,588.2413342760387
2023-07-17 20:00:00+08:00,561.4918959270326
2023-07-17 21:00:00+08:00,514.8456745818337
2023-07-17 22:00:00+08:00,505.3644791383802
2023-07-17 23:00:00+08:00,427.5508791353435
2023-07-18 00:00:00+08:00,365.12899790518895
2023-07-18 01:00:00+08:00,319.02588643668594
2023-07-18 02:00:00+08:00,348.58971283410716
2023-07-18 03:00:00+08:00,317.43588296743894
2023-07-18 04:00:00+08:00,340.65075274312403
2023-07-18 05:00:00+08:00,390.3156384811845
2023-07-18 06:00:00+08:00,468.7721510307651
2023-07-18 07:00:00+08:00,585.5793150733823
2023-07-18 08:00:00+08:00,655.3830321449194
2023-07-18 09:00:00+08:00,725.0959378461494
2023-07-18 10:00:00+08:00,658.5573186872646
2023-07-18 11:00:00+08:00,692.5310252989667
2023-07-18 12:00:00+08:00,682.1016067978604
2023-07-18 13:00:00+08:00,647.0922958193603
2023-07-18 14:00:00+08:00,593.7232618006701
2023-07-18 15:00:00+08:00,664.7374298674576
2023-07-18 16:00:00+08:00,611.7254309755859
2023-07-18 17:00:00+08:00,692.3882307300474
2023-07-18 18:00:00+08:00,642.806797462477
2023-07-18 19:00:00+08:00,552.6504672565536
2023-07-18 20:00:00+08:00,577.6708077669896
2023-07-18 21:00:00+08:00,567.5797409418942
2023-07-18 22:00:00+08:00,483.4124765192969
2023-07-18 23:00:00+08:00,435.0645887038999
2023-07-19 00:00:00+08:00,345.428241361179
2023-07-19 01:00:00+08:00,320.4206539264557
2023-07-19 02:00:00+08:00,324.14964771136334
2023-07-19 03:00:00+08:00,325.4891157511332
2023-07-19 04:00:00+08:00,333.37051279578895
2023-07-19 05:00:00+08:00,395.6032788403326
2023-07-19 06:00:00+08:00,471.03493753754424
2023-07-19 07:00:00+08:00,605.6374738929275
2023-07-19 08:00:00+08:00,651.924972496009
2023-07-19 09:00:00+08:00,609.6729143086004
2023-07-19 10:00:00+08:00,615.8542400501408
2023-07-19 11:00:00+08:00,650.4670868880738
2023-07-19 12:00:00+08:00,701.6809932071586
2023-07-19 13:00:00+08:00,651.9175462559298
2023-07-19 14:00:00+08:00,575.0159625704454
2023-07-19 15:00:00+08:00,557.8797602224433
2023-07-19 16:00:00+08:00,669.2213320486511
2023-07-19 17:00:00+08:00,647.6551694798001
2023-07-19 18:00:00+08:00,666.2406742720768
2023-07-19 19:00:00+08:00,595.8904613352742
2023-07-19 20:00:00+08:00,593.3385489132426
2023-07-19 21:00:00+08:00,571.338686454672
2023-07-19 22:00:00+08:00,478.89034126363583
2023-07-19 23:00:00+08:00,415.3996725568036
2023-07-20 00:00:00+08:00,357.621258724395
2023-07-20 01:00:00+08:00,345.10538385348445
2023-07-20 02:00:00+08:00,324.5958215642473
2023-07-20 03:00:00+08:00,337.4354993012501
2023-07-20 04:00:00+08:00,331.5321448948338
2023-07-20 05:00:00+08:00,356.7283997393027
2023-07-20 06:00:00+08:00,525.6982234041168
2023-07-20 07:00:00+08:00,583.1458116498843
2023-07-20 08:00:00+08:00,634.7944950006291
2023-07-20 09:00:00+08:00,647.8543383636546
2023-07-20 10:00:00+08:00,651.3096147252779
2023-07-20 11:00:00+08:00,639.5170451674143
2023-07-20 12:00:00+08:00,649.1110999776686
2023-07-20 13:00:00+08:00,635.5603335659533
2023-07-20 14:00:00+08:00,621.4010149241867
2023-07-20 15:00:00+08:00,576.5443004496151
2023-07-20 16:00:00+08:00,698.4340646205515
2023-07-20 17:00:00+08:00,645.7371494059333
2023-07-20 18:00:00+08:00,651.3571383246783
2023-07-20 19:00:00+08:00,583.0695986386694
2023-07-20 20:00:00+08:00,573.5936549706626
2023-07-20 21:00:00+08:00,537.2812497069501
2023-07-20 22:00:00+08:00,515.8134508084075
2023-07-20 23:00:00+08:00,412.323039898383
2023-07-21 00:00:00+08:00,367.7400742597957
2023-07-21 01:00:00+08:00,328.6696426303213
2023-07-21 02:00:00+08:00,318.5957302644831
2023-07-21 03:00:00+08:00,321.2832360008273
2023-07-21 04:00:00+08:00,354.7782814070844
2023-07-21 05:00:00+08:00,347.93289478002964
2023-07-21 06:00:00+08:00,461.0916606676092
2023-07-21 07:00:00+08:00,550.5215336060758
2023-07-21 08:00:00+08:00,620.7114075325399
2023-07-21 09:00:00+08:00,627.8731671354269
2023-07-21 10:00:00+08:00,607.03228618571
2023-07-21 11:00:00+08:00,629.8836442186525
2023-07-21 12:00:00+08:00,596.6431862757282
2023-07-21 13:00:00+08:00,610.0654932955605
2023-07-21 14:00:00+08:00,646.0953979183281
2023-07-21 15:00:00+08:00,646.2282211889627
2023-07-21 16:00:00+08:00,653.806582201298
2023-07-21 17:00:00+08:00,622.9106291531198
2023-07-21 18:00:00+08:00,596.8859216696349
2023-07-21 19:00:00+08:00,588.4020643461752
2023-07-21 20:00:00+08:00,583.0368700954125
2023-07-21 21:00:00+08:00,570.7547419225049
2023-07-21 22:00:00+08:00,504.27275577100863
2023-07-21 23:00:00+08:00,432.4512148762396
2023-07-22 00:00:00+08:00,155.71734733311158
2023-07-22 01:00:00+08:00,151.84811117054718
2023-07-22 02:00:00+08:00,143.98966169591216
2023-07-22 03:00:00+08:00,144.6907029185694
2023-07-22 04:00:00+08:00,164.06036592568975
2023-07-22 05:00:00+08:00,157.27746961056877
2023-07-22 06:00:00+08:00,216.7429799253986
2023-07-22 07:00:00+08:00,281.399682557544
2023-07-22 08:00:00+08:00,274.6233927894558
2023-07-22 09:00:00+08:00,284.2171275066038
2023-07-22 10:00:00+08:00,285.55568489878993
2023-07-22 11:00:00+08:00,289.12351777654953
2023-07-22 12:00:00+08:00,273.1056351024448
2023-07-22 13:00:00+08:00,292.70210128872606
2023-07-22 14:00:00+08:00,284.52893160273686
2023-07-22 15:00:00+08:00,291.7082091012049
2023-07-22 16:00:00+08:00,281.57258843731154
2023-07-22 17:00:00+08:00,292.7386310452944
2023-07-22 18:00:00+08:00,275.60873777628245
2023-07-22 19:00:00+08:00,273.4555972303148
2023-07-22 20:00:00+08:00,285.172465229652
2023-07-22 21:00:00+08:00,248.91893637776755
2023-07-22 22:00:00+08:00,208.4037591979885
2023-07-22 23:00:00+08:00,190.99176537282185
2023-07-23 00:00:00+08:00,151.61537986618328
2023-07-23 01:00:00+08:00,144.27157159078567
2023-07-23 02:00:00+08:00,139.6429015594598
2023-07-23 03:00:00+08:00,143.12139493636434
2023-07-23 04:00:00+08:00,157.21897874861276
2023-07-23 05:00:00+08:00,172.93533598352593
2023-07-23 06:00:00+08:00,223.13891074790175
2023-07-23 07:00:00+08:00,256.3230571743134
2023-07-23 08:00:00+08:00,285.1120151514605
2023-07-23 09:00:00+08:00,294.5927376148566
2023-07-23 10:00:00+08:00,284.097800780098
2023-07-23 11:00:00+08:00,288.17716799954695
2023-07-23 12:00:00+08:00,296.56691902536363
2023-07-23 13:00:00+08:00,281.6093217344969
2023-07-23 14:00:00+08:00,279.3543426201722
2023-07-23 15:00:00+08:00,303.7885346121691
2023-07-23 16:00:00+08:00,289.4187150182781
2023-07-23 17:00:00+08:00,305.1694545949021
2023-07-23 18:00:00+08:00,291.98371243473605
2023-07-23 19:00:00+08:00,260.6026565397134
2023-07-23 20:00:00+08:00,250.7171142216688
2023-07-23 21:00:00+08:00,239.44918526448626
2023-07-23 22:00:00+08:00,211.09300719500885
2023-07-23 23:00:00+08:00,188.74021130355143
2023-07-24 00:00:00+08:00,364.5391363909665
2023-07-24 01:00:00+08:00,353.2735580812237
2023-07-24 02:00:00+08:00,327.4341559942756
2023-07-24 03:00:00+08:00,317.6808743574138
2023-07-24 04:00:00+08:00,308.36752346383867
2023-07-24 05:00:00+08:00,376.2579513768594
2023-07-24 06:00:00+08:00,485.6706526301346
2023-07-24 07:00:00+08:00,599.4972702325206
2023-07-24 08:00:00+08:00,701.3946191648243
2023-07-24 09:00:00+08:00,678.9954275855188
2023-07-24 10:00:00+08:00,667.2080961530507
2023-07-24 11:00:00+08:00,621.9995680587018
2023-07-24 12:00:00+08:00,633.6199168067369
2023-07-24 13:00:00+08:00,631.5510729081574
2023-07-24 14:00:00+08:00,595.4883068498226
2023-07-24 15:00:00+08:00,646.6470686985174
2023-07-24 16:00:00+08:00,656.1293351700908
2023-07-24 17:00:00+08:00,618.7332534825173
2023-07-24 18:00:00+08:00,664.3053391271209
2023-07-24 19:00:00+08:00,617.0643343820476
2023-07-24 20:00:00+08:00,541.93771217408
2023-07-24 21:00:00+08:00,548.7306845215056
2023-07-24 22:00:00+08:00,490.6278585511292
2023-07-24 23:00:00+08:00,436.84276367722106
2023-07-25 00:00:00+08:00,350.5885550970858
2023-07-25 01:00:00+08:00,347.1287741007154
2023-07-25 02:00:00+08:00,325.4965771513705
2023-07-25 03:00:00+08:00,306.08350319479734
2023-07-25 04:00:00+08:00,316.98133085634106
2023-07-25 05:00:00+08:00,391.5987149797538
2023-07-25 06:00:00+08:00,507.8009559194997
2023-07-25 07:00:00+08:00,602.1420500788664
2023-07-25 08:00:00+08:00,684.8146448279551
2023-07-25 09:00:00+08:00,673.4656375452709
2023-07-25 10:00:00+08:00,663.8254744951521
2023-07-25 11:00:00+08:00,622.6022517839601
2023-07-25 12:00:00+08:00,690.9071752084487
2023-07-25 13:00:00+08:00,646.8172640931052
2023-07-25 14:00:00+08:00,604.3745630923887
2023-07-25 15:00:00+08:00,616.3062833355502
2023-07-25 16:00:00+08:00,652.7931335006699
2023-07-25 17:00:00+08:00,602.9656259086637
2023-07-25 18:00:00+08:00,650.955362513237
2023-07-25 19:00:00+08:00,590.4345063690891
2023-07-25 20:00:00+08:00,590.1615589103245
2023-07-25 21:00:00+08:00,537.7731605117169
2023-07-25 22:00:00+08:00,479.49150287198
2023-07-25 23:00:00+08:00,407.28542040107607
2023-07-26 00:00:00+08:00,352.67636575756177
2023-07-26 01:00:00+08:00,360.96716310605495
2023-07-26 02:00:00+08:00,340.5741298222851
2023-07-26 03:00:00+08:00,327.2715593313562
2023-07-26 04:00:00+08:00,335.2642876322069
2023-07-26 05:00:00+08:00,386.96766612726964
2023-07-26 06:00:00+08:00,505.9222182010296
2023-07-26 07:00:00+08:00,574.0521032283358
2023-07-26 08:00:00+08:00,643.3928663096457
2023-07-26 09:00:00+08:00,598.3569124745928
2023-07-26 10:00:00+08:00,674.3856481825188
2023-07-26 11:00:00+08:00,698.7020090518223
2023-07-26 12:00:00+08:00,647.4593907679155
2023-07-26 13:00:00+08:00,578.7227532470544
2023-07-26 14:00:00+08:00,628.0553798509138
2023-07-26 15:00:00+08:00,609.6112800881668
2023-07-26 16:00:00+08:00,628.2671863433857
2023-07-26 17:00:00+08:00,661.5674990046365
2023-07-26 18:00:00+08:00,638.9242214028089
2023-07-26 19:00:00+08:00,601.1515861651127
2023-07-26 20:00:00+08:00,565.7597929097744
2023-07-26 21:00:00+08:00,551.3444646926655
2023-07-26 22:00:00+08:00,476.1160287126564
2023-07-26 23:00:00+08:00,400.8915900032403
2023-07-27 00:00:00+08:00,349.8150788083322
2023-07-27 01:00:00+08:00,339.7463377958678
2023-07-27 02:00:00+08:00,320.0050096153498
2023-07-27 03:00:00+08:00,304.0781109421084
2023-07-27 04:00:00+08:00,348.45428097960513
2023-07-27 05:00:00+08:00,332.91100648780673
2023-07-27 06:00:00+08:00,474.8198517478581
2023-07-27 07:00:00+08:00,578.3221220134136
2023-07-27 08:00:00+08:00,648.4229126379869
2023-07-27 09:00:00+08:00,659.0841938008975
2023-07-27 10:00:00+08:00,673.6548605389197
2023-07-27 11:00:00+08:00,626.2335435688677
2023-07-27 12:00:00+08:00,659.7267469822344
2023-07-27 13:00:00+08:00,636.6582289801046
2023-07-27 14:00:00+08:00,570.448180975921
2023-07-27 15:00:00+08:00,679.7338373366777
2023-07-27 16:00:00+08:00,607.5047474215603
2023-07-27 17:00:00+08:00,655.4186105940225
2023-07-27 18:00:00+08:00,641.5638771123843
2023-07-27 19:00:00+08:00,619.1238338064751
2023-07-27 20:00:00+08:00,568.6650361282932
2023-07-27 21:00:00+08:00,566.0423802533056
2023-07-27 22:00:00+08:00,453.2771995395984
2023-07-27 23:00:00+08:00,417.88819777871737
2023-07-28 00:00:00+08:00,346.09701428018286
2023-07-28 01:00:00+08:00,325.7001683165444
2023-07-28 02:00:00+08:00,327.41441651466835
2023-07-28 03:00:00+08:00,335.7673170776832
2023-07-28 04:00:00+08:00,330.1732566299502
2023-07-28 05:00:00+08:00,385.0571566982665
2023-07-28 06:00:00+08:00,483.801618489466
2023-07-28 07:00:00+08:00,571.134820855004
2023-07-28 08:00:00+08:00,637.1452693212369
2023-07-28 09:00:00+08:00,636.0757110241224
2023-07-28 10:00:00+08:00,625.847877419325
2023-07-28 11:00:00+08:00,654.822012513483
2023-07-28 12:00:00+08:00,649.8304223677098
2023-07-28 13:00:00+08:00,590.7697584962524
2023-07-28 14:00:00+08:00,571.1956958195965
2023-07-28 15:00:00+08:00,641.6297120878828
2023-07-28 16:00:00+08:00,622.7930646586964
2023-07-28 17:00:00+08:00,651.5659450218559
2023-07-28 18:00:00+08:00,650.620137931894
2023-07-28 19:00:00+08:00,580.5060151858564
2023-07-28 20:00:00+08:00,546.6948311999365
2023-07-28 21:00:00+08:00,583.8710206596817
2023-07-28 22:00:00+08:00,489.6310560598695
2023-07-28 23:00:00+08:00,411.44469868114453
2023-07-29 00:00:00+08:00,153.18539884502442
2023-07-29 01:00:00+08:00,147.37845727076575
2023-07-29 02:00:00+08:00,137.7744403062251
2023-07-29 03:00:00+08:00,149.77565508261077
2023-07-29 04:00:00+08:00,145.7757987002418
2023-07-29 05:00:00+08:00,175.15018513394566
2023-07-29 06:00:00+08:00,213.51823090676768
2023-07-29 07:00:00+08:00,255.07248148303557
2023-07-29 08:00:00+08:00,284.3938621927122
2023-07-29 09:00:00+08:00,258.9577491853019
2023-07-29 10:00:00+08:00,287.9298262004707
2023-07-29 11:00:00+08:00,287.35868661816335
2023-07-29 12:00:00+08:00,298.8723230297994
2023-07-29 13:00:00+08:00,262.14715598982895
2023-07-29 14:00:00+08:00,287.6351938241885
2023-07-29 15:00:00+08:00,292.84788304278925
2023-07-29 16:00:00+08:00,303.81751799680177
2023-07-29 17:00:00+08:00,288.71734323943895
2023-07-29 18:00:00+08:00,295.0401937044274
2023-07-29 19:00:00+08:00,258.68560710124336
2023-07-29 20:00:00+08:00,267.8216972021568
2023-07-29 21:00:00+08:00,238.34233702035806
2023-07-29 22:00:00+08:00,202.66174117356508
2023-07-29 23:00:00+08:00,179.60650673296797
2023-07-30 00:00:00+08:00,158.95229121960907
2023-07-30 01:00:00+08:00,145.29492156409597
2023-07-30 02:00:00+08:00,146.64337508000102
2023-07-30 03:00:00+08:00,134.02066772623178
2023-07-30 04:00:00+08:00,137.46515962313637
2023-07-30 05:00:00+08:00,176.78501920395667
2023-07-30 06:00:00+08:00,224.539506099824
2023-07-30 07:00:00+08:00,254.6678458890214
2023-07-30 08:00:00+08:00,288.90557040504495
2023-07-30 09:00:00+08:00,300.72330366319324
2023-07-30 10:00:00+08:00,293.78519607294413
2023-07-30 11:00:00+08:00,290.65334378724384
2023-07-30 12:00:00+08:00,301.59760239791666
2023-07-30 13:00:00+08:00,274.8850506283911
2023-07-30 14:00:00+08:00,274.8355580771234
2023-07-30 15:00:00+08:00,282.95927249005894
2023-07-30 16:00:00+08:00,285.7877618621081
2023-07-30 17:00:00+08:00,284.43501920600943
2023-07-30 18:00:00+08:00,283.98677332047504
2023-07-30 19:00:00+08:00,274.8710121419137
2023-07-30 20:00:00+08:00,249.14062958763728
2023-07-30 21:00:00+08:00,253.47602071164638
2023-07-30 22:00:00+08:00,208.2416700728781
2023-07-30 23:00:00+08:00,186.17168840862328
2023-07-31 00:00:00+08:00,348.4985984108155
2023-07-31 01:00:00+08:00,338.2038399554271
2023-07-31 02:00:00+08:00,293.42793087894296
2023-07-31 03:00:00+08:00,332.0287840003512
2023-07-31 04:00:00+08:00,324.39867702109444
2023-07-31 05:00:00+08:00,390.04839173953025
2023-07-31 06:00:00+08:00,471.70735635225753
2023-07-31 07:00:00+08:00,588.7581400747746
2023-07-31 08:00:00+08:00,690.2925942429956
2023-07-31 09:00:00+08:00,634.0940036840917
2023-07-31 10:00:00+08:00,672.9816358753263
2023-07-31 11:00:00+08:00,642.2086942264236
2023-07-31 12:00:00+08:00,651.8620372479921
2023-07-31 13:00:00+08:00,630.1415412887465
2023-07-31 14:00:00+08:00,629.8055391298382
2023-07-31 15:00:00+08:00,611.1520499904032
2023-07-31 16:00:00+08:00,615.968092470458
2023-07-31 17:00:00+08:00,624.8288671078019
2023-07-31 18:00:00+08:00,630.8893621036237
2023-07-31 19:00:00+08:00,603.7664487397204
2023-07-31 20:00:00+08:00,593.482131613959
2023-07-31 21:00:00+08:00,573.470683019748
2023-07-31 22:00:00+08:00,462.13400227342197
2023-07-31 23:00:00+08:00,404.54876992133313
2023-08-01 00:00:00+08:00,331.9356196338523
2023-08-01 01:00:00+08:00,359.9995432731843
2023-08-01 02:00:00+08:00,324.0538916336344
2023-08-01 03:00:00+08:00,326.2966584153555
2023-08-01 04:00:00+08:00,315.1090137838434
2023-08-01 05:00:00+08:00,371.3592487699606
2023-08-01 06:00:00+08:00,490.0106133939062
2023-08-01 07:00:00+08:00,583.1243884558353
2023-08-01 08:00:00+08:00,667.8557003173892
2023-08-01 09:00:00+08:00,699.5155707694448
2023-08-01 10:00:00+08:00,616.0481879733708
2023-08-01 11:00:00+08:00,614.1266489540725
2023-08-01 12:00:00+08:00,617.8232853167732
2023-08-01 13:00:00+08:00,667.8139409873303
2023-08-01 14:00:00+08:00,633.6514498779051
2023-08-01 15:00:00+08:00,624.0967023776415
2023-08-01 16:00:00+08:00,641.2409055687009
2023-08-01 17:00:00+08:00,619.391069411528
2023-08-01 18:00:00+08:00,649.8380683575538
2023-08-01 19:00:00+08:00,599.0456974945128
2023-08-01 20:00:00+08:00,570.279064798493
2023-08-01 21:00:00+08:00,557.5124218012579
2023-08-01 22:00:00+08:00,476.61717928147226
2023-08-01 23:00:00+08:00,412.2862517719219
2023-08-02 00:00:00+08:00,351.8090339261668
2023-08-02 01:00:00+08:00,343.0563618159025
2023-08-02 02:00:00+08:00,340.74593390158674
2023-08-02 03:00:00+08:00,327.1781534566751
2023-08-02 04:00:00+08:00,343.162207240448
2023-08-02 05:00:00+08:00,367.8771792932381
2023-08-02 06:00:00+08:00,465.96014043156026
2023-08-02 07:00:00+08:00,603.6195573248256
2023-08-02 08:00:00+08:00,643.7618592392975
2023-08-02 09:00:00+08:00,602.9981804560904
2023-08-02 10:00:00+08:00,630.9918482335314
2023-08-02 11:00:00+08:00,637.262209312444
2023-08-02 12:00:00+08:00,626.3272154638021
2023-08-02 13:00:00+08:00,663.7325840152148
2023-08-02 14:00:00+08:00,619.071631491006
2023-08-02 15:00:00+08:00,661.0116423238966
2023-08-02 16:00:00+08:00,646.1195032268461
2023-08-02 17:00:00+08:00,641.4638427398673
2023-08-02 18:00:00+08:00,603.1199901416832
2023-08-02 19:00:00+08:00,607.7030549694008
2023-08-02 20:00:00+08:00,575.7445646556056
2023-08-02 21:00:00+08:00,513.7552888050445
2023-08-02 22:00:00+08:00,469.1878138922333
2023-08-02 23:00:00+08:00,410.2242805688164
2023-08-03 00:00:00+08:00,356.95056525892545
2023-08-03 01:00:00+08:00,338.1162358393416
2023-08-03 02:00:00+08:00,311.79810253595593
2023-08-03 03:00:00+08:00,325.20778036042566
2023-08-03 04:00:00+08:00,329.5717633534449
2023-08-03 05:00:00+08:00,327.7918243162421
2023-08-03 06:00:00+08:00,469.5476729914115
2023-08-03 07:00:00+08:00,612.7168524315108
2023-08-03 08:00:00+08:00,595.4923253557772
2023-08-03 09:00:00+08:00,641.3195945962872
2023-08-03 10:00:00+08:00,678.9256001298492
2023-08-03 11:00:00+08:00,619.0174422238182
2023-08-03 12:00:00+08:00,638.4966065297891
2023-08-03 13:00:00+08:00,593.0373847578261
2023-08-03 14:00:00+08:00,645.997543531902
2023-08-03 15:00:00+08:00,623.5873309236981
2023-08-03 16:00:00+08:00,639.632464901227
2023-08-03 17:00:00+08:00,673.0274009870809
2023-08-03 18:00:00+08:00,642.2276534867217
2023-08-03 19:00:00+08:00,585.2761969559052
2023-08-03 20:00:00+08:00,559.72057920673
2023-08-03 21:00:00+08:00,553.4189484628213
2023-08-03 22:00:00+08:00,466.87734534709676
2023-08-03 23:00:00+08:00,379.84197238676614
2023-08-04 00:00:00+08:00,349.8694313395462
2023-08-04 01:00:00+08:00,311.864476782934
2023-08-04 02:00:00+08:00,339.34899250941476
2023-08-04 03:00:00+08:00,320.9959076404229
2023-08-04 04:00:00+08:00,319.48928218771965
2023-08-04 05:00:00+08:00,359.4081183963291
2023-08-04 06:00:00+08:00,441.9790704118866
2023-08-04 07:00:00+08:00,560.6924149593145
2023-08-04 08:00:00+08:00,663.3994296667234
2023-08-04 09:00:00+08:00,694.3929492681576
2023-08-04 10:00:00+08:00,656.0064864419219
2023-08-04 11:00:00+08:00,635.1368195036924
2023-08-04 12:00:00+08:00,626.4691598168805
2023-08-04 13:00:00+08:00,600.831943218138
2023-08-04 14:00:00+08:00,655.506216944781
2023-08-04 15:00:00+08:00,620.0174573367705
2023-08-04 16:00:00+08:00,691.4310382860226
2023-08-04 17:00:00+08:00,673.0176917491139
2023-08-04 18:00:00+08:00,581.2327674662123
2023-08-04 19:00:00+08:00,589.477364562095
2023-08-04 20:00:00+08:00,558.3812637930407
2023-08-04 21:00:00+08:00,540.1306419616651
2023-08-04 22:00:00+08:00,476.95940271075375
2023-08-04 23:00:00+08:00,464.0259035710427
2023-08-05 00:00:00+08:00,150.74808643921997
2023-08-05 01:00:00+08:00,150.3074399536089
2023-08-05 02:00:00+08:00,146.74642915621322
2023-08-05 03:00:00+08:00,143.2057046863272
2023-08-05 04:00:00+08:00,149.59972480223084
2023-08-05 05:00:00+08:00,159.1861387287125
2023-08-05 06:00:00+08:00,215.73708844842588
2023-08-05 07:00:00+08:00,268.9055201166738
2023-08-05 08:00:00+08:00,290.182797920959
2023-08-05 09:00:00+08:00,292.9623126758487
2023-08-05 10:00:00+08:00,302.61391857843904
2023-08-05 11:00:00+08:00,297.1644114361573
2023-08-05 12:00:00+08:00,287.24625509782453
2023-08-05 13:00:00+08:00,267.5442899465044
2023-08-05 14:00:00+08:00,265.57730091046017
2023-08-05 15:00:00+08:00,278.23480582322895
2023-08-05 16:00:00+08:00,289.32059091128485
2023-08-05 17:00:00+08:00,280.94907708604006
2023-08-05 18:00:00+08:00,270.19438821312747
2023-08-05 19:00:00+08:00,259.17521676368756
2023-08-05 20:00:00+08:00,240.76042612657255
2023-08-05 21:00:00+08:00,241.17691609951544
2023-08-05 22:00:00+08:00,202.19340246969455
2023-08-05 23:00:00+08:00,178.72804328939873
2023-08-06 00:00:00+08:00,154.8131057579837
2023-08-06 01:00:00+08:00,140.76519945317185
2023-08-06 02:00:00+08:00,145.16424636487037
2023-08-06 03:00:00+08:00,147.2260270525914
2023-08-06 04:00:00+08:00,145.4436171181727
2023-08-06 05:00:00+08:00,162.97132673917667
2023-08-06 06:00:00+08:00,219.09916923999728
2023-08-06 07:00:00+08:00,255.5913711781169
2023-08-06 08:00:00+08:00,277.0303787547316
2023-08-06 09:00:00+08:00,299.6715594967625
2023-08-06 10:00:00+08:00,296.0989199539799
2023-08-06 11:00:00+08:00,292.86572100944073
2023-08-06 12:00:00+08:00,296.5731607650305
2023-08-06 13:00:00+08:00,258.09822248167876
2023-08-06 14:00:00+08:00,286.3978273059916
2023-08-06 15:00:00+08:00,284.659924396327
2023-08-06 16:00:00+08:00,297.54707208541475
2023-08-06 17:00:00+08:00,290.4132538125045
2023-08-06 18:00:00+08:00,280.81315389291683
2023-08-06 19:00:00+08:00,268.6932499756622
2023-08-06 20:00:00+08:00,261.1658405247523
2023-08-06 21:00:00+08:00,240.05543946325926
2023-08-06 22:00:00+08:00,221.93424375677026
2023-08-06 23:00:00+08:00,174.09359066573322
2023-08-07 00:00:00+08:00,341.4248195500032
2023-08-07 01:00:00+08:00,356.9368759671512
2023-08-07 02:00:00+08:00,309.3138057994869
2023-08-07 03:00:00+08:00,314.2300097765306
2023-08-07 04:00:00+08:00,318.3010714823406
2023-08-07 05:00:00+08:00,372.96435357305506
2023-08-07 06:00:00+08:00,461.8732886922919
2023-08-07 07:00:00+08:00,579.4224814899381
2023-08-07 08:00:00+08:00,656.0628274754586
2023-08-07 09:00:00+08:00,616.7828659092879
2023-08-07 10:00:00+08:00,654.5335016521528
2023-08-07 11:00:00+08:00,655.3867556579046
2023-08-07 12:00:00+08:00,661.2935287286471
2023-08-07 13:00:00+08:00,625.3233153827952
2023-08-07 14:00:00+08:00,680.9442976114661
2023-08-07 15:00:00+08:00,648.0571517998696
2023-08-07 16:00:00+08:00,642.7636119586244
2023-08-07 17:00:00+08:00,612.2863924058502
2023-08-07 18:00:00+08:00,619.4134626354277
2023-08-07 19:00:00+08:00,637.1832294264152
2023-08-07 20:00:00+08:00,610.1164822236084
2023-08-07 21:00:00+08:00,571.2331841478242
2023-08-07 22:00:00+08:00,490.83504729796687
2023-08-07 23:00:00+08:00,391.72147613983543
2023-08-08 00:00:00+08:00,355.2159922310081
2023-08-08 01:00:00+08:00,313.06353885373966
2023-08-08 02:00:00+08:00,297.9049291775389
2023-08-08 03:00:00+08:00,319.78141705935684
2023-08-08 04:00:00+08:00,336.31543700420116
2023-08-08 05:00:00+08:00,380.7086336310676
2023-08-08 06:00:00+08:00,484.57500860885284
2023-08-08 07:00:00+08:00,595.2151337897069
2023-08-08 08:00:00+08:00,608.5513327539455
2023-08-08 09:00:00+08:00,630.8424090508161
2023-08-08 10:00:00+08:00,595.3120370601306
2023-08-08 11:00:00+08:00,582.7369524710078
2023-08-08 12:00:00+08:00,652.2704900462571
2023-08-08 13:00:00+08:00,602.1299149282993
2023-08-08 14:00:00+08:00,622.8311427028833
2023-08-08 15:00:00+08:00,648.3564052253273
2023-08-08 16:00:00+08:00,617.8089652069634
2023-08-08 17:00:00+08:00,648.4610717081631
2023-08-08 18:00:00+08:00,604.4137754680544
2023-08-08 19:00:00+08:00,557.3913828849048
2023-08-08 20:00:00+08:00,572.9644814772922
2023-08-08 21:00:00+08:00,528.3349565491296
2023-08-08 22:00:00+08:00,466.76297161077514
2023-08-08 23:00:00+08:00,444.31265013225817
2023-08-09 00:00:00+08:00,326.6301245668025
2023-08-09 01:00:00+08:00,333.924196310936
2023-08-09 02:00:00+08:00,303.6539975307335
2023-08-09 03:00:00+08:00,327.72688908245686
2023-08-09 04:00:00+08:00,332.81334776565683
2023-08-09 05:00:00+08:00,372.4021612017441
2023-08-09 06:00:00+08:00,456.42814666087986
2023-08-09 07:00:00+08:00,564.058459032919
2023-08-09 08:00:00+08:00,655.9341838503018
2023-08-09 09:00:00+08:00,677.2751067317264
2023-08-09 10:00:00+08:00,644.6269691269446
2023-08-09 11:00:00+08:00,609.7717790680764
2023-08-09 12:00:00+08:00,641.0504636677556
2023-08-09 13:00:00+08:00,680.010560922173
2023-08-09 14:00:00+08:00,603.3135042079194
2023-08-09 15:00:00+08:00,656.0696230677388
2023-08-09 16:00:00+08:00,613.7460373357835
2023-08-09 17:00:00+08:00,631.4109130733966
2023-08-09 18:00:00+08:00,635.1870445164229
2023-08-09 19:00:00+08:00,610.4012849562164
2023-08-09 20:00:00+08:00,551.7780858605795
2023-08-09 21:00:00+08:00,520.1962991149182
2023-08-09 22:00:00+08:00,493.10871147296103
2023-08-09 23:00:00+08:00,430.70347068931204
2023-08-10 00:00:00+08:00,368.2973757918812
2023-08-10 01:00:00+08:00,352.0407347639577
2023-08-10 02:00:00+08:00,317.41935915761843
2023-08-10 03:00:00+08:00,311.78921702475185
2023-08-10 04:00:00+08:00,346.0918620738107
2023-08-10 05:00:00+08:00,376.68038512196796
2023-08-10 06:00:00+08:00,454.96811755876905
2023-08-10 07:00:00+08:00,556.9049482089038
2023-08-10 08:00:00+08:00,643.8635101442485
2023-08-10 09:00:00+08:00,626.961039888346
2023-08-10 10:00:00+08:00,630.7710064779006
2023-08-10 11:00:00+08:00,658.5281192109246
2023-08-10 12:00:00+08:00,650.609975121606
2023-08-10 13:00:00+08:00,651.727334412217
2023-08-10 14:00:00+08:00,553.5200715646962
2023-08-10 15:00:00+08:00,625.0819954262489
2023-08-10 16:00:00+08:00,648.9846870525942
2023-08-10 17:00:00+08:00,592.8807550468887
2023-08-10 18:00:00+08:00,602.5995575436106
2023-08-10 19:00:00+08:00,579.6994738609654
2023-08-10 20:00:00+08:00,568.7879441941296
2023-08-10 21:00:00+08:00,571.671030016106
2023-08-10 22:00:00+08:00,511.8931500040531
2023-08-10 23:00:00+08:00,397.06657881414344
2023-08-11 00:00:00+08:00,354.01850362997004
2023-08-11 01:00:00+08:00,335.13114748623804
2023-08-11 02:00:00+08:00,320.0833760610604
2023-08-11 03:00:00+08:00,320.22652386483435
2023-08-11 04:00:00+08:00,331.78681992791826
2023-08-11 05:00:00+08:00,390.3085400429005
2023-08-11 06:00:00+08:00,493.64397131696853
2023-08-11 07:00:00+08:00,555.367176533832
2023-08-11 08:00:00+08:00,650.4571609655543
2023-08-11 09:00:00+08:00,652.8943161944718
2023-08-11 10:00:00+08:00,638.3346175866834
2023-08-11 11:00:00+08:00,658.9221543654204
2023-08-11 12:00:00+08:00,635.134915405942
2023-08-11 13:00:00+08:00,622.7384822742815
2023-08-11 14:00:00+08:00,601.7771790802111
2023-08-11 15:00:00+08:00,567.9110386525751
2023-08-11 16:00:00+08:00,628.3651952302527
2023-08-11 17:00:00+08:00,613.5420910716903
2023-08-11 18:00:00+08:00,588.4658732431923
2023-08-11 19:00:00+08:00,633.2246581077343
2023-08-11 20:00:00+08:00,578.7957982198178
2023-08-11 21:00:00+08:00,535.1942426049831
2023-08-11 22:00:00+08:00,462.1129389068736
2023-08-11 23:00:00+08:00,414.6094032349278
2023-08-12 00:00:00+08:00,161.93842267252995
2023-08-12 01:00:00+08:00,142.3939208559723
2023-08-12 02:00:00+08:00,141.5738578902488
2023-08-12 03:00:00+08:00,146.51797654959438
2023-08-12 04:00:00+08:00,135.86102632344603
2023-08-12 05:00:00+08:00,163.87914861022688
2023-08-12 06:00:00+08:00,208.754518487316
2023-08-12 07:00:00+08:00,259.1514645461545
2023-08-12 08:00:00+08:00,277.51991536284055
2023-08-12 09:00:00+08:00,284.76143685356925
2023-08-12 10:00:00+08:00,304.9934467956551
2023-08-12 11:00:00+08:00,279.5329870101793
2023-08-12 12:00:00+08:00,286.50694250334806
2023-08-12 13:00:00+08:00,299.6831100935171
2023-08-12 14:00:00+08:00,263.12319338368803
2023-08-12 15:00:00+08:00,297.6840448938205
2023-08-12 16:00:00+08:00,283.2627115801432
2023-08-12 17:00:00+08:00,303.38790441482877
2023-08-12 18:00:00+08:00,285.86674751628493
2023-08-12 19:00:00+08:00,272.3472969487681
2023-08-12 20:00:00+08:00,254.21304721582212
2023-08-12 21:00:00+08:00,234.71322884666583
2023-08-12 22:00:00+08:00,213.0457395285049
2023-08-12 23:00:00+08:00,190.6890760023697
2023-08-13 00:00:00+08:00,155.41735158787196
2023-08-13 01:00:00+08:00,145.15518646506516
2023-08-13 02:00:00+08:00,139.9445888586396
2023-08-13 03:00:00+08:00,146.97460467705494
2023-08-13 04:00:00+08:00,154.2219353141072
2023-08-13 05:00:00+08:00,159.6046711902044
2023-08-13 06:00:00+08:00,206.37315947515546
2023-08-13 07:00:00+08:00,264.054218123087
2023-08-13 08:00:00+08:00,300.00015744849316
2023-08-13 09:00:00+08:00,295.6852974484312
2023-08-13 10:00:00+08:00,268.5680695084783
2023-08-13 11:00:00+08:00,279.73884210266107
2023-08-13 12:00:00+08:00,272.20107417668385
2023-08-13 13:00:00+08:00,274.10597853647266
2023-08-13 14:00:00+08:00,285.82609229323765
2023-08-13 15:00:00+08:00,261.30433205463373
2023-08-13 16:00:00+08:00,264.4175144607278
2023-08-13 17:00:00+08:00,273.35515199928574
2023-08-13 18:00:00+08:00,280.25498945129044
2023-08-13 19:00:00+08:00,275.2581332597934
2023-08-13 20:00:00+08:00,258.90515051403054
2023-08-13 21:00:00+08:00,251.6179516682409
2023-08-13 22:00:00+08:00,197.08989409558473
2023-08-13 23:00:00+08:00,192.50672443512534
2023-08-14 00:00:00+08:00,340.6605766348394
2023-08-14 01:00:00+08:00,335.6937899534092
2023-08-14 02:00:00+08:00,297.00504803382734
2023-08-14 03:00:00+08:00,313.6686154454846
2023-08-14 04:00:00+08:00,329.2330898964302
2023-08-14 05:00:00+08:00,380.6011921318906
2023-08-14 06:00:00+08:00,440.58089277237264
2023-08-14 07:00:00+08:00,577.7456576587376
2023-08-14 08:00:00+08:00,599.9859328554038
2023-08-14 09:00:00+08:00,639.895019805736
2023-08-14 10:00:00+08:00,646.7120834483012
2023-08-14 11:00:00+08:00,659.5060646462567
2023-08-14 12:00:00+08:00,613.7897802398159
2023-08-14 13:00:00+08:00,637.4660981019542
2023-08-14 14:00:00+08:00,628.2880808696827
2023-08-14 15:00:00+08:00,574.2665235201953
2023-08-14 16:00:00+08:00,642.5756994300592
2023-08-14 17:00:00+08:00,651.2604986813013
2023-08-14 18:00:00+08:00,608.3073776228264
2023-08-14 19:00:00+08:00,566.9945454920078
2023-08-14 20:00:00+08:00,585.7832109103523
2023-08-14 21:00:00+08:00,507.5511325955702
2023-08-14 22:00:00+08:00,467.0537265643004
2023-08-14 23:00:00+08:00,407.0340441037944
2023-08-15 00:00:00+08:00,354.23550559715846
2023-08-15 01:00:00+08:00,317.4334441221328
2023-08-15 02:00:00+08:00,304.4987386605531
2023-08-15 03:00:00+08:00,314.31039498672607
2023-08-15 04:00:00+08:00,338.70156760042687
2023-08-15 05:00:00+08:00,396.3918626828992
2023-08-15 06:00:00+08:00,441.290553146313
2023-08-15 07:00:00+08:00,583.318043612022
2023-08-15 08:00:00+08:00,598.9303105757893
2023-08-15 09:00:00+08:00,651.6602556677797
2023-08-15 10:00:00+08:00,602.6368409176735
2023-08-15 11:00:00+08:00,609.2463184876193
2023-08-15 12:00:00+08:00,611.3846572130604
2023-08-15 13:00:00+08:00,611.7502222368585
2023-08-15 14:00:00+08:00,602.526195479935
2023-08-15 15:00:00+08:00,625.4928753695082
2023-08-15 16:00:00+08:00,625.998926654538
2023-08-15 17:00:00+08:00,592.8352807443445
2023-08-15 18:00:00+08:00,631.4838918998419
2023-08-15 19:00:00+08:00,593.5761409028528
2023-08-15 20:00:00+08:00,589.7158928727904
2023-08-15 21:00:00+08:00,517.1549098950042
2023-08-15 22:00:00+08:00,439.5099229562186
2023-08-15 23:00:00+08:00,406.4392623439856
2023-08-16 00:00:00+08:00,361.6105285219083
2023-08-16 01:00:00+08:00,327.12950024406877
2023-08-16 02:00:00+08:00,310.0394338159369
2023-08-16 03:00:00+08:00,301.6550137937684
2023-08-16 04:00:00+08:00,347.89058074079105
2023-08-16 05:00:00+08:00,347.6103471359986
2023-08-16 06:00:00+08:00,455.200694478194
2023-08-16 07:00:00+08:00,588.177766325074
2023-08-16 08:00:00+08:00,578.6653793275653
2023-08-16 09:00:00+08:00,656.9395768261699
2023-08-16 10:00:00+08:00,640.6777862060247
2023-08-16 11:00:00+08:00,647.5545182462631
2023-08-16 12:00:00+08:00,639.0256955144937
2023-08-16 13:00:00+08:00,608.6217817369762
2023-08-16 14:00:00+08:00,568.564964505397
2023-08-16 15:00:00+08:00,609.1375183350909
2023-08-16 16:00:00+08:00,600.6874965896595
2023-08-16 17:00:00+08:00,637.2264480750806
2023-08-16 18:00:00+08:00,632.3381145037044
2023-08-16 19:00:00+08:00,628.8958216488608
2023-08-16 20:00:00+08:00,570.9297875825657
2023-08-16 21:00:00+08:00,550.9599678981609
2023-08-16 22:00:00+08:00,463.2312874840733
2023-08-16 23:00:00+08:00,398.52337908350086
2023-08-17 00:00:00+08:00,349.7011955744061
2023-08-17 01:00:00+08:00,319.4626377964769
2023-08-17 02:00:00+08:00,315.35820125542745
2023-08-17 03:00:00+08:00,298.75514923430393
2023-08-17 04:00:00+08:00,313.03594970641404
2023-08-17 05:00:00+08:00,371.11723719489834
2023-08-17 06:00:00+08:00,484.59693677068407
2023-08-17 07:00:00+08:00,551.4440165281285
2023-08-17 08:00:00+08:00,640.73601909741
2023-08-17 09:00:00+08:00,610.700521360222
2023-08-17 10:00:00+08:00,624.4095191663579
2023-08-17 11:00:00+08:00,659.3643454322671
2023-08-17 12:00:00+08:00,644.1523538635129
2023-08-17 13:00:00+08:00,630.9851896916741
2023-08-17 14:00:00+08:00,638.0587333919215
2023-08-17 15:00:00+08:00,594.3002163244532
2023-08-17 16:00:00+08:00,599.3902087622937
2023-08-17 17:00:00+08:00,605.9734504421574
2023-08-17 18:00:00+08:00,605.2923256124632
2023-08-17 19:00:00+08:00,536.9667889063868
2023-08-17 20:00:00+08:00,556.9381468005516
2023-08-17 21:00:00+08:00,518.8443515326454
2023-08-17 22:00:00+08:00,482.67008896525255
2023-08-17 23:00:00+08:00,411.31603810062467
2023-08-18 00:00:00+08:00,334.3759291384124
2023-08-18 01:00:00+08:00,331.56436983223733
2023-08-18 02:00:00+08:00,320.4726364102829
2023-08-18 03:00:00+08:00,301.8869727662692
2023-08-18 04:00:00+08:00,317.5323330254521
2023-08-18 05:00:00+08:00,329.13520914753565
2023-08-18 06:00:00+08:00,446.8108817507232
2023-08-18 07:00:00+08:00,556.0697907974389
2023-08-18 08:00:00+08:00,624.7717579001059
2023-08-18 09:00:00+08:00,599.367709505423
2023-08-18 10:00:00+08:00,610.1301051928914
2023-08-18 11:00:00+08:00,592.3922589864528
2023-08-18 12:00:00+08:00,627.1873994901404
2023-08-18 13:00:00+08:00,620.8606469868213
2023-08-18 14:00:00+08:00,601.3020064029957
2023-08-18 15:00:00+08:00,610.7671293663495
2023-08-18 16:00:00+08:00,584.5249233492139
2023-08-18 17:00:00+08:00,607.4764081809025
2023-08-18 18:00:00+08:00,600.5194242927865
2023-08-18 19:00:00+08:00,582.2311299117989
2023-08-18 20:00:00+08:00,562.3128596213428
2023-08-18 21:00:00+08:00,559.6773207664852
2023-08-18 22:00:00+08:00,482.3690430710611
2023-08-18 23:00:00+08:00,388.90659033945866
2023-08-19 00:00:00+08:00,158.0846133490211
2023-08-19 01:00:00+08:00,149.24005125502887
2023-08-19 02:00:00+08:00,135.4052093541512
2023-08-19 03:00:00+08:00,144.66730854559555
2023-08-19 04:00:00+08:00,144.57967815083254
2023-08-19 05:00:00+08:00,153.14953912654357
2023-08-19 06:00:00+08:00,213.69616433139308
2023-08-19 07:00:00+08:00,259.6805915607158
2023-08-19 08:00:00+08:00,277.28452107226144
2023-08-19 09:00:00+08:00,279.41376518776394
2023-08-19 10:00:00+08:00,271.78403596568614
2023-08-19 11:00:00+08:00,286.6623752527124
2023-08-19 12:00:00+08:00,279.34663269921776
2023-08-19 13:00:00+08:00,276.0621825487456
2023-08-19 14:00:00+08:00,269.6390635717073
2023-08-19 15:00:00+08:00,261.57115689541126
2023-08-19 16:00:00+08:00,269.8229938770667
2023-08-19 17:00:00+08:00,255.09637494346336
2023-08-19 18:00:00+08:00,280.4312435153963
2023-08-19 19:00:00+08:00,252.951118574529
2023-08-19 20:00:00+08:00,253.18519620028425
2023-08-19 21:00:00+08:00,241.3877424050115
2023-08-19 22:00:00+08:00,214.93148802287823
2023-08-19 23:00:00+08:00,173.13142823548412
2023-08-20 00:00:00+08:00,153.2427817154292
2023-08-20 01:00:00+08:00,154.96788484343298
2023-08-20 02:00:00+08:00,149.25360218315865
2023-08-20 03:00:00+08:00,145.19188043357235
2023-08-20 04:00:00+08:00,147.22371332463763
2023-08-20 05:00:00+08:00,155.50974240240413
2023-08-20 06:00:00+08:00,215.53595703793385
2023-08-20 07:00:00+08:00,255.37877145435544
2023-08-20 08:00:00+08:00,285.61473236274617
2023-08-20 09:00:00+08:00,272.2799317812324
2023-08-20 10:00:00+08:00,277.4189949426047
2023-08-20 11:00:00+08:00,281.18555046993504
2023-08-20 12:00:00+08:00,282.1032837272418
2023-08-20 13:00:00+08:00,279.1708785269245
2023-08-20 14:00:00+08:00,259.23543256963893
2023-08-20 15:00:00+08:00,259.05459695064286
2023-08-20 16:00:00+08:00,297.50679530137586
2023-08-20 17:00:00+08:00,307.1664203408684
2023-08-20 18:00:00+08:00,278.66384504767024
2023-08-20 19:00:00+08:00,251.3291493444007
2023-08-20 20:00:00+08:00,243.6404712128423
2023-08-20 21:00:00+08:00,242.28422638632122
2023-08-20 22:00:00+08:00,220.7527932681058
2023-08-20 23:00:00+08:00,172.76899449242768
2023-08-21 00:00:00+08:00,339.14767064972744
2023-08-21 01:00:00+08:00,324.77693863655406
2023-08-21 02:00:00+08:00,320.57291061021965
2023-08-21 03:00:00+08:00,305.59839114415354
2023-08-21 04:00:00+08:00,302.0937069683841
2023-08-21 05:00:00+08:00,368.3653995324298
2023-08-21 06:00:00+08:00,485.69718026295743
2023-08-21 07:00:00+08:00,568.2534899546495
2023-08-21 08:00:00+08:00,629.7594817685226
2023-08-21 09:00:00+08:00,607.9522034806764
2023-08-21 10:00:00+08:00,598.7486657336427
2023-08-21 11:00:00+08:00,645.1577820151012
2023-08-21 12:00:00+08:00,629.3196274099055
2023-08-21 13:00:00+08:00,619.232301537915
2023-08-21 14:00:00+08:00,624.1019698817148
2023-08-21 15:00:00+08:00,581.6948089309341
2023-08-21 16:00:00+08:00,606.0302210221167
2023-08-21 17:00:00+08:00,623.6291021532495
2023-08-21 18:00:00+08:00,593.6111317666752
2023-08-21 19:00:00+08:00,607.1706432311067
2023-08-21 20:00:00+08:00,553.5619225258927
2023-08-21 21:00:00+08:00,505.84409109615785
2023-08-21 22:00:00+08:00,466.00840978755383
2023-08-21 23:00:00+08:00,405.55879960696325
2023-08-22 00:00:00+08:00,352.98019636502136
2023-08-22 01:00:00+08:00,326.75819528611635
2023-08-22 02:00:00+08:00,315.0320076169873
2023-08-22 03:00:00+08:00,313.2892054447074
2023-08-22 04:00:00+08:00,319.27722772484805
2023-08-22 05:00:00+08:00,348.5387117863849
2023-08-22 06:00:00+08:00,469.3500477414613
2023-08-22 07:00:00+08:00,561.5761913168342
2023-08-22 08:00:00+08:00,660.4689571960588
2023-08-22 09:00:00+08:00,651.8662157451936
2023-08-22 10:00:00+08:00,634.3127405707297
2023-08-22 11:00:00+08:00,628.0180214383353
2023-08-22 12:00:00+08:00,616.4757983300565
2023-08-22 13:00:00+08:00,575.6956595624713
2023-08-22 14:00:00+08:00,582.6378715132444
2023-08-22 15:00:00+08:00,608.7384627913026
2023-08-22 16:00:00+08:00,624.3305939222641
2023-08-22 17:00:00+08:00,630.2716343909549
2023-08-22 18:00:00+08:00,628.6227332803162
2023-08-22 19:00:00+08:00,571.448112872542
2023-08-22 20:00:00+08:00,541.5740873174459
2023-08-22 21:00:00+08:00,556.372160285835
2023-08-22 22:00:00+08:00,478.29842047444015
2023-08-22 23:00:00+08:00,395.83855070359135
2023-08-23 00:00:00+08:00,338.22160176564654
2023-08-23 01:00:00+08:00,319.83092214725673
2023-08-23 02:00:00+08:00,309.1884507311226
2023-08-23 03:00:00+08:00,314.6370013639522
2023-08-23 04:00:00+08:00,353.714943164538
2023-08-23 05:00:00+08:00,360.92508006791724
2023-08-23 06:00:00+08:00,475.47423057201235
2023-08-23 07:00:00+08:00,529.8596359971023
2023-08-23 08:00:00+08:00,605.6179890024769
2023-08-23 09:00:00+08:00,647.9533916314535
2023-08-23 10:00:00+08:00,627.5356477758003
2023-08-23 11:00:00+08:00,509.1687561134911
2023-08-23 12:00:00+08:00,634.2478838270968
2023-08-23 13:00:00+08:00,651.6833336123848
2023-08-23 14:00:00+08:00,539.8757326421947
2023-08-23 15:00:00+08:00,642.0290296344407
2023-08-23 16:00:00+08:00,549.1188502789252
2023-08-23 17:00:00+08:00,640.7691078243415
2023-08-23 18:00:00+08:00,605.0355788052391
2023-08-23 19:00:00+08:00,531.5663258750587
2023-08-23 20:00:00+08:00,565.7564086153478
2023-08-23 21:00:00+08:00,549.1230355454832
2023-08-23 22:00:00+08:00,469.9397382434437
2023-08-23 23:00:00+08:00,410.82886497214
2023-08-24 00:00:00+08:00,333.51782510674127
2023-08-24 01:00:00+08:00,296.7345047811703
2023-08-24 02:00:00+08:00,316.80574933994234
2023-08-24 03:00:00+08:00,329.8505638882936
2023-08-24 04:00:00+08:00,335.09135392728496
2023-08-24 05:00:00+08:00,329.1638533127648
2023-08-24 06:00:00+08:00,434.3913973611953
2023-08-24 07:00:00+08:00,548.0307213123231
2023-08-24 08:00:00+08:00,577.2628989106
2023-08-24 09:00:00+08:00,617.6385915150933
2023-08-24 10:00:00+08:00,626.2511832902934
2023-08-24 11:00:00+08:00,581.2759450900916
2023-08-24 12:00:00+08:00,635.7142860691417
2023-08-24 13:00:00+08:00,618.7457144897103
2023-08-24 14:00:00+08:00,572.8786028321622
2023-08-24 15:00:00+08:00,600.048171998778
2023-08-24 16:00:00+08:00,568.4628802824898
2023-08-24 17:00:00+08:00,608.3545487633205
2023-08-24 18:00:00+08:00,604.3962915494429
2023-08-24 19:00:00+08:00,589.6749055012613
2023-08-24 20:00:00+08:00,563.303363234024
2023-08-24 21:00:00+08:00,529.1864208665557
2023-08-24 22:00:00+08:00,457.52216286777883
2023-08-24 23:00:00+08:00,405.3444899403606
2023-08-25 00:00:00+08:00,352.09885505860103
2023-08-25 01:00:00+08:00,318.8422309423693
2023-08-25 02:00:00+08:00,311.6643197239624
2023-08-25 03:00:00+08:00,305.46286678685044
2023-08-25 04:00:00+08:00,311.78466209056666
2023-08-25 05:00:00+08:00,364.4620398256614
2023-08-25 06:00:00+08:00,451.3795984433194
2023-08-25 07:00:00+08:00,575.015102291683
2023-08-25 08:00:00+08:00,616.2049924468986
2023-08-25 09:00:00+08:00,608.02634942928
2023-08-25 10:00:00+08:00,607.4303355987686
2023-08-25 11:00:00+08:00,602.9992060916187
2023-08-25 12:00:00+08:00,574.9890952742024
2023-08-25 13:00:00+08:00,612.437627763498
2023-08-25 14:00:00+08:00,590.1495987476147
2023-08-25 15:00:00+08:00,623.6999628500167
2023-08-25 16:00:00+08:00,602.4246672767973
2023-08-25 17:00:00+08:00,662.174387219119
2023-08-25 18:00:00+08:00,594.0368919494938
2023-08-25 19:00:00+08:00,564.2656180803514
2023-08-25 20:00:00+08:00,531.9399968060317
2023-08-25 21:00:00+08:00,486.8965900112424
2023-08-25 22:00:00+08:00,489.9324042170159
2023-08-25 23:00:00+08:00,422.02259173637094
2023-08-26 00:00:00+08:00,155.73829069619603
2023-08-26 01:00:00+08:00,138.63438812415
2023-08-26 02:00:00+08:00,148.27483886103872
2023-08-26 03:00:00+08:00,136.31283357932134
2023-08-26 04:00:00+08:00,142.2409601603613
2023-08-26 05:00:00+08:00,169.59948469797368
2023-08-26 06:00:00+08:00,212.85290632940672
2023-08-26 07:00:00+08:00,276.7925854184191
2023-08-26 08:00:00+08:00,279.26693128134985
2023-08-26 09:00:00+08:00,272.1244916147453
2023-08-26 10:00:00+08:00,269.74895360906595
2023-08-26 11:00:00+08:00,256.0869520792788
2023-08-26 12:00:00+08:00,273.4344583584869
2023-08-26 13:00:00+08:00,283.3923186501903
2023-08-26 14:00:00+08:00,268.98242218230615
2023-08-26 15:00:00+08:00,271.20571383265184
2023-08-26 16:00:00+08:00,265.5112969268466
2023-08-26 17:00:00+08:00,279.02526476108847
2023-08-26 18:00:00+08:00,281.96390339653306
2023-08-26 19:00:00+08:00,267.2159371519445
2023-08-26 20:00:00+08:00,250.5240917088141
2023-08-26 21:00:00+08:00,227.54588925451705
2023-08-26 22:00:00+08:00,214.58061555485608
2023-08-26 23:00:00+08:00,157.21877928425542
2023-08-27 00:00:00+08:00,154.15681193788697
2023-08-27 01:00:00+08:00,158.30874373722241
2023-08-27 02:00:00+08:00,129.70084769348938
2023-08-27 03:00:00+08:00,136.69616933735293
2023-08-27 04:00:00+08:00,143.5045342327425
2023-08-27 05:00:00+08:00,157.1507873665484
2023-08-27 06:00:00+08:00,215.62618028568798
2023-08-27 07:00:00+08:00,258.7725967517515
2023-08-27 08:00:00+08:00,277.7393607985778
2023-08-27 09:00:00+08:00,284.8613401303864
2023-08-27 10:00:00+08:00,276.2425801330901
2023-08-27 11:00:00+08:00,311.17064580935323
2023-08-27 12:00:00+08:00,277.72883263598004
2023-08-27 13:00:00+08:00,272.6496985443072
2023-08-27 14:00:00+08:00,244.31159935001824
2023-08-27 15:00:00+08:00,264.655536287657
2023-08-27 16:00:00+08:00,288.7273074962327
2023-08-27 17:00:00+08:00,261.3110924496235
2023-08-27 18:00:00+08:00,247.18854609750423
2023-08-27 19:00:00+08:00,262.593728427762
2023-08-27 20:00:00+08:00,262.0744128101493
2023-08-27 21:00:00+08:00,235.04676011603198
2023-08-27 22:00:00+08:00,204.25951760536452
2023-08-27 23:00:00+08:00,166.09815553151944
2023-08-28 00:00:00+08:00,342.9440762961218
2023-08-28 01:00:00+08:00,326.9007686536894
2023-08-28 02:00:00+08:00,284.4030046113893
2023-08-28 03:00:00+08:00,320.12464117900174
2023-08-28 04:00:00+08:00,328.23098760962836
2023-08-28 05:00:00+08:00,371.3130895155349
2023-08-28 06:00:00+08:00,470.0629410260636
2023-08-28 07:00:00+08:00,578.191778187986
2023-08-28 08:00:00+08:00,625.211997678849
2023-08-28 09:00:00+08:00,633.7312853042692
2023-08-28 10:00:00+08:00,567.8989563566998
2023-08-28 11:00:00+08:00,575.6819971174648
2023-08-28 12:00:00+08:00,594.424390776433
2023-08-28 13:00:00+08:00,597.0894073612936
2023-08-28 14:00:00+08:00,590.8657311390632
2023-08-28 15:00:00+08:00,608.0011991998834
2023-08-28 16:00:00+08:00,639.822360927154
2023-08-28 17:00:00+08:00,640.5913471963509
2023-08-28 18:00:00+08:00,579.2617253342646
2023-08-28 19:00:00+08:00,587.3849574398266
2023-08-28 20:00:00+08:00,532.5164203486023
2023-08-28 21:00:00+08:00,516.667019013404
2023-08-28 22:00:00+08:00,465.2539351108772
2023-08-28 23:00:00+08:00,343.81614848034275
2023-08-29 00:00:00+08:00,368.7409674481144
2023-08-29 01:00:00+08:00,325.1644254417557
2023-08-29 02:00:00+08:00,298.4463393297343
2023-08-29 03:00:00+08:00,329.3016398677967
2023-08-29 04:00:00+08:00,313.5418227980933
2023-08-29 05:00:00+08:00,356.52827255954423
2023-08-29 06:00:00+08:00,449.6614245042014
2023-08-29 07:00:00+08:00,599.7185110751365
2023-08-29 08:00:00+08:00,608.8949225466051
2023-08-29 09:00:00+08:00,615.1188498159198
2023-08-29 10:00:00+08:00,640.9054068159586
2023-08-29 11:00:00+08:00,625.7743297004887
2023-08-29 12:00:00+08:00,610.1334192231723
2023-08-29 13:00:00+08:00,625.8487739489839
2023-08-29 14:00:00+08:00,639.8726931658805
2023-08-29 15:00:00+08:00,606.8415561344506
2023-08-29 16:00:00+08:00,614.3184692961665
2023-08-29 17:00:00+08:00,615.6359756248813
2023-08-29 18:00:00+08:00,630.6435649546256
2023-08-29 19:00:00+08:00,566.9668489224537
2023-08-29 20:00:00+08:00,544.1899136596481
2023-08-29 21:00:00+08:00,487.78026188146976
2023-08-29 22:00:00+08:00,436.88028794294706
2023-08-29 23:00:00+08:00,389.2187496943367
2023-08-30 00:00:00+08:00,335.0153762853484
2023-08-30 01:00:00+08:00,339.9160718452956
2023-08-30 02:00:00+08:00,311.7867160441382
2023-08-30 03:00:00+08:00,294.10620511251125
2023-08-30 04:00:00+08:00,308.2081455222946
2023-08-30 05:00:00+08:00,373.5520978508243
2023-08-30 06:00:00+08:00,478.4969652947714
2023-08-30 07:00:00+08:00,562.2784397284908
2023-08-30 08:00:00+08:00,599.6785859192213
2023-08-30 09:00:00+08:00,637.9549898797741
2023-08-30 10:00:00+08:00,586.228368364887
2023-08-30 11:00:00+08:00,620.0579575646125
2023-08-30 12:00:00+08:00,665.9817653866363
2023-08-30 13:00:00+08:00,603.1894849148255
2023-08-30 14:00:00+08:00,561.9676560071929
2023-08-30 15:00:00+08:00,608.09565246695
2023-08-30 16:00:00+08:00,599.0074859838169
2023-08-30 17:00:00+08:00,576.4413513599458
2023-08-30 18:00:00+08:00,615.0516135641216
2023-08-30 19:00:00+08:00,605.8925678850708
2023-08-30 20:00:00+08:00,542.6033951891889
2023-08-30 21:00:00+08:00,511.0820052767513
2023-08-30 22:00:00+08:00,440.25297799063753
2023-08-30 23:00:00+08:00,394.43526011871194
2023-08-31 00:00:00+08:00,327.69645551734874
2023-08-31 01:00:00+08:00,304.13390412854574
2023-08-31 02:00:00+08:00,327.82779611759986
2023-08-31 03:00:00+08:00,310.44815565497186
2023-08-31 04:00:00+08:00,324.2087189727325
2023-08-31 05:00:00+08:00,366.01530923983796
2023-08-31 06:00:00+08:00,471.2410177785766
2023-08-31 07:00:00+08:00,551.494730389537
2023-08-31 08:00:00+08:00,616.1678725807473
2023-08-31 09:00:00+08:00,602.9635826941147
2023-08-31 10:00:00+08:00,620.2129340569323
2023-08-31 11:00:00+08:00,617.8535264620143
2023-08-31 12:00:00+08:00,600.1931851503386
2023-08-31 13:00:00+08:00,565.571010916872
2023-08-31 14:00:00+08:00,582.4337747300663
2023-08-31 15:00:00+08:00,592.4516645302441
2023-08-31 16:00:00+08:00,563.4337924107986
2023-08-31 17:00:00+08:00,621.9000478946264
2023-08-31 18:00:00+08:00,620.3975376700902
2023-08-31 19:00:00+08:00,637.6081056441622
2023-08-31 20:00:00+08:00,539.9865354566731
2023-08-31 21:00:00+08:00,506.9302284071596
2023-08-31 22:00:00+08:00,436.85557127942155
2023-08-31 23:00:00+08:00,399.4962861817712
2023-09-01 00:00:00+08:00,337.4265505292611
2023-09-01 01:00:00+08:00,306.1907102172354
2023-09-01 02:00:00+08:00,302.15971391452865
2023-09-01 03:00:00+08:00,280.2054440515278
2023-09-01 04:00:00+08:00,328.1869016071016
2023-09-01 05:00:00+08:00,342.0938802022947
2023-09-01 06:00:00+08:00,455.80059142510794
2023-09-01 07:00:00+08:00,527.9398007695845
2023-09-01 08:00:00+08:00,594.4014672090968
2023-09-01 09:00:00+08:00,601.7716469198239
2023-09-01 10:00:00+08:00,608.3029109595241
2023-09-01 11:00:00+08:00,620.2559469854535
2023-09-01 12:00:00+08:00,643.6093292320403
2023-09-01 13:00:00+08:00,613.885944245886
2023-09-01 14:00:00+08:00,600.3998510367625
2023-09-01 15:00:00+08:00,630.9048288485633
2023-09-01 16:00:00+08:00,622.4462272723367
2023-09-01 17:00:00+08:00,607.6841979727892
2023-09-01 18:00:00+08:00,620.4798342886905
2023-09-01 19:00:00+08:00,602.9632415801042
2023-09-01 20:00:00+08:00,561.9292877057945
2023-09-01 21:00:00+08:00,487.19246408196216
2023-09-01 22:00:00+08:00,441.07050578531573
2023-09-01 23:00:00+08:00,391.2265249356494
2023-09-02 00:00:00+08:00,155.08358688629338
2023-09-02 01:00:00+08:00,142.0688901162738
2023-09-02 02:00:00+08:00,142.9388153460442
2023-09-02 03:00:00+08:00,143.914284530991
2023-09-02 04:00:00+08:00,149.01071662620538
2023-09-02 05:00:00+08:00,166.2446719434043
2023-09-02 06:00:00+08:00,196.5754056903979
2023-09-02 07:00:00+08:00,256.42406967478234
2023-09-02 08:00:00+08:00,266.7979053761896
2023-09-02 09:00:00+08:00,255.405866909997
2023-09-02 10:00:00+08:00,270.2986076968714
2023-09-02 11:00:00+08:00,287.9324810430601
2023-09-02 12:00:00+08:00,278.4823501082986
2023-09-02 13:00:00+08:00,289.6028475792587
2023-09-02 14:00:00+08:00,261.6123091157776
2023-09-02 15:00:00+08:00,294.21192991272676
2023-09-02 16:00:00+08:00,275.38456176953093
2023-09-02 17:00:00+08:00,273.6887682080192
2023-09-02 18:00:00+08:00,254.26029484367518
2023-09-02 19:00:00+08:00,271.31040910329
2023-09-02 20:00:00+08:00,241.15570503154993
2023-09-02 21:00:00+08:00,226.41081286413538
2023-09-02 22:00:00+08:00,215.59246530087458
2023-09-02 23:00:00+08:00,185.9722767847399
2023-09-03 00:00:00+08:00,156.9688902463005
2023-09-03 01:00:00+08:00,139.92097429602805
2023-09-03 02:00:00+08:00,136.2388479857727
2023-09-03 03:00:00+08:00,136.19036508647497
2023-09-03 04:00:00+08:00,146.4219112695177
2023-09-03 05:00:00+08:00,168.20086298172694
2023-09-03 06:00:00+08:00,207.7913174212073
2023-09-03 07:00:00+08:00,271.03471629803545
2023-09-03 08:00:00+08:00,282.8330210054186
2023-09-03 09:00:00+08:00,270.4700899295268
2023-09-03 10:00:00+08:00,282.0850922208667
2023-09-03 11:00:00+08:00,291.66563936971755
2023-09-03 12:00:00+08:00,294.8584897605179
2023-09-03 13:00:00+08:00,280.27697212191777
2023-09-03 14:00:00+08:00,259.64908184504503
2023-09-03 15:00:00+08:00,265.25447723120146
2023-09-03 16:00:00+08:00,279.32589478108576
2023-09-03 17:00:00+08:00,291.3165290007503
2023-09-03 18:00:00+08:00,272.21634310910326
2023-09-03 19:00:00+08:00,264.0986096724398
2023-09-03 20:00:00+08:00,246.23618215378022
2023-09-03 21:00:00+08:00,229.0353906213475
2023-09-03 22:00:00+08:00,203.44776791498006
2023-09-03 23:00:00+08:00,178.43374954410524
2023-09-04 00:00:00+08:00,356.1209237551118
2023-09-04 01:00:00+08:00,312.02416894051026
2023-09-04 02:00:00+08:00,303.56538540633954
2023-09-04 03:00:00+08:00,292.4419980621372
2023-09-04 04:00:00+08:00,324.0758351778804
2023-09-04 05:00:00+08:00,370.6061818593353
2023-09-04 06:00:00+08:00,483.91815943392595
2023-09-04 07:00:00+08:00,561.921409145645
2023-09-04 08:00:00+08:00,619.7747916263544
2023-09-04 09:00:00+08:00,602.1345837771519
2023-09-04 10:00:00+08:00,618.6518839377184
2023-09-04 11:00:00+08:00,613.4644614618712
2023-09-04 12:00:00+08:00,607.2677502274562
2023-09-04 13:00:00+08:00,597.0102301052594
2023-09-04 14:00:00+08:00,585.9673590270962
2023-09-04 15:00:00+08:00,586.7526558011318
2023-09-04 16:00:00+08:00,599.9790345405023
2023-09-04 17:00:00+08:00,647.2323619030773
2023-09-04 18:00:00+08:00,658.1128968533912
2023-09-04 19:00:00+08:00,547.835409062322
2023-09-04 20:00:00+08:00,517.8000981758737
2023-09-04 21:00:00+08:00,495.2609112439334
2023-09-04 22:00:00+08:00,452.5144818076435
2023-09-04 23:00:00+08:00,407.91680075653494
2023-09-05 00:00:00+08:00,340.6137756915602
2023-09-05 01:00:00+08:00,316.75944511941844
2023-09-05 02:00:00+08:00,308.8948593535208
2023-09-05 03:00:00+08:00,294.12074835687883
2023-09-05 04:00:00+08:00,311.5226535218343
2023-09-05 05:00:00+08:00,350.61198167321544
2023-09-05 06:00:00+08:00,424.98923549038597
2023-09-05 07:00:00+08:00,530.7355506855787
2023-09-05 08:00:00+08:00,577.848260027662
2023-09-05 09:00:00+08:00,623.4808005594291
2023-09-05 10:00:00+08:00,610.9271851013968
2023-09-05 11:00:00+08:00,619.7771256650744
2023-09-05 12:00:00+08:00,560.4708039114847
2023-09-05 13:00:00+08:00,557.706234221479
2023-09-05 14:00:00+08:00,589.9872749434458
2023-09-05 15:00:00+08:00,526.9920956162669
2023-09-05 16:00:00+08:00,634.6252222004065
2023-09-05 17:00:00+08:00,560.8661730579513
2023-09-05 18:00:00+08:00,612.8903293686776
2023-09-05 19:00:00+08:00,554.3119990316756
2023-09-05 20:00:00+08:00,567.3354606696985
2023-09-05 21:00:00+08:00,580.2319881127535
2023-09-05 22:00:00+08:00,412.4848010162766
2023-09-05 23:00:00+08:00,404.18139895342705
2023-09-06 00:00:00+08:00,308.24762821927044
2023-09-06 01:00:00+08:00,319.51880159117724
2023-09-06 02:00:00+08:00,299.57459060448645
2023-09-06 03:00:00+08:00,303.6411515633403
2023-09-06 04:00:00+08:00,302.69945650132075
2023-09-06 05:00:00+08:00,361.3448928589902
2023-09-06 06:00:00+08:00,426.85891518214817
2023-09-06 07:00:00+08:00,583.4191149573611
2023-09-06 08:00:00+08:00,594.2561267657857
2023-09-06 09:00:00+08:00,570.2488055461787
2023-09-06 10:00:00+08:00,642.68899262016
2023-09-06 11:00:00+08:00,602.5186124806476
2023-09-06 12:00:00+08:00,650.2456302304948
2023-09-06 13:00:00+08:00,620.9878792519222
2023-09-06 14:00:00+08:00,555.6152355938561
2023-09-06 15:00:00+08:00,590.0503112331385
2023-09-06 16:00:00+08:00,607.0709877695872
2023-09-06 17:00:00+08:00,641.0304034478515
2023-09-06 18:00:00+08:00,602.424607650173
2023-09-06 19:00:00+08:00,577.9859503912832
2023-09-06 20:00:00+08:00,539.3841714989226
2023-09-06 21:00:00+08:00,512.4856133645649
2023-09-06 22:00:00+08:00,476.75442607157635
2023-09-06 23:00:00+08:00,392.75310566715973
2023-09-07 00:00:00+08:00,326.5862605928457
2023-09-07 01:00:00+08:00,306.64525537413704
2023-09-07 02:00:00+08:00,294.980825721933
2023-09-07 03:00:00+08:00,284.74443006042463
2023-09-07 04:00:00+08:00,304.3127636796018
2023-09-07 05:00:00+08:00,370.9025170221291
2023-09-07 06:00:00+08:00,448.7548615520387
2023-09-07 07:00:00+08:00,570.6992456130185
2023-09-07 08:00:00+08:00,543.5057824192344
2023-09-07 09:00:00+08:00,617.040753285386
2023-09-07 10:00:00+08:00,599.431751775944
2023-09-07 11:00:00+08:00,591.7070757990725
2023-09-07 12:00:00+08:00,607.6927925673283
2023-09-07 13:00:00+08:00,579.5327182968101
2023-09-07 14:00:00+08:00,524.4666422062983
2023-09-07 15:00:00+08:00,613.0706693580164
2023-09-07 16:00:00+08:00,609.1904304133135
2023-09-07 17:00:00+08:00,595.7492991735968
2023-09-07 18:00:00+08:00,568.4085290214185
2023-09-07 19:00:00+08:00,539.4608910357833
2023-09-07 20:00:00+08:00,547.8560008056188
2023-09-07 21:00:00+08:00,545.923461283768
2023-09-07 22:00:00+08:00,456.17152732722633
2023-09-07 23:00:00+08:00,370.47104736210974
2023-09-08 00:00:00+08:00,334.3754036835189
2023-09-08 01:00:00+08:00,312.6469164599219
2023-09-08 02:00:00+08:00,311.6770883538663
2023-09-08 03:00:00+08:00,308.5763446108691
2023-09-08 04:00:00+08:00,275.8952709654075
2023-09-08 05:00:00+08:00,357.0889965601138
2023-09-08 06:00:00+08:00,433.7584897627582
2023-09-08 07:00:00+08:00,522.8031994753087
2023-09-08 08:00:00+08:00,597.9872657864893
2023-09-08 09:00:00+08:00,612.4345908172155
2023-09-08 10:00:00+08:00,562.9860456476597
2023-09-08 11:00:00+08:00,619.5108275305661
2023-09-08 12:00:00+08:00,620.9270719121123
2023-09-08 13:00:00+08:00,591.5886433906252
2023-09-08 14:00:00+08:00,552.5379917537298
2023-09-08 15:00:00+08:00,567.3470150061522
2023-09-08 16:00:00+08:00,627.2558820066829
2023-09-08 17:00:00+08:00,566.1074368653552
2023-09-08 18:00:00+08:00,615.6210074926788
2023-09-08 19:00:00+08:00,568.6207927457007
2023-09-08 20:00:00+08:00,540.1979762273588
2023-09-08 21:00:00+08:00,477.1583426362665
2023-09-08 22:00:00+08:00,449.2452403466761
2023-09-08 23:00:00+08:00,401.2565951694687
2023-09-09 00:00:00+08:00,140.9738045104183
2023-09-09 01:00:00+08:00,143.62015500808857
2023-09-09 02:00:00+08:00,135.87785062277638
2023-09-09 03:00:00+08:00,131.9093036813449
2023-09-09 04:00:00+08:00,145.62552191799028
2023-09-09 05:00:00+08:00,143.22372076003919
2023-09-09 06:00:00+08:00,205.91000947372694
2023-09-09 07:00:00+08:00,265.26610690763204
2023-09-09 08:00:00+08:00,286.38852801409956
2023-09-09 09:00:00+08:00,275.0138052492366
2023-09-09 10:00:00+08:00,267.52384639155537
2023-09-09 11:00:00+08:00,263.9047521912542
2023-09-09 12:00:00+08:00,267.510360779805
2023-09-09 13:00:00+08:00,271.1482491750475
2023-09-09 14:00:00+08:00,248.9453705997807
2023-09-09 15:00:00+08:00,273.4157952156214
2023-09-09 16:00:00+08:00,293.897224371473
2023-09-09 17:00:00+08:00,270.1212523098692
2023-09-09 18:00:00+08:00,251.1049300526143
2023-09-09 19:00:00+08:00,243.41444349732961
2023-09-09 20:00:00+08:00,251.2827415739386
2023-09-09 21:00:00+08:00,229.62274015299636
2023-09-09 22:00:00+08:00,210.21681488700142
2023-09-09 23:00:00+08:00,172.2574130981853
2023-09-10 00:00:00+08:00,153.6933354858722
2023-09-10 01:00:00+08:00,139.74688209040465
2023-09-10 02:00:00+08:00,131.26605286102776
2023-09-10 03:00:00+08:00,133.05920979121166
2023-09-10 04:00:00+08:00,133.90336924281002
2023-09-10 05:00:00+08:00,169.34720333862808
2023-09-10 06:00:00+08:00,202.0603816362926
2023-09-10 07:00:00+08:00,255.2347236537135
2023-09-10 08:00:00+08:00,264.64853538012517
2023-09-10 09:00:00+08:00,259.0764960345536
2023-09-10 10:00:00+08:00,267.92634538213156
2023-09-10 11:00:00+08:00,282.3695140721
2023-09-10 12:00:00+08:00,264.82311335253706
2023-09-10 13:00:00+08:00,255.8181060082252
2023-09-10 14:00:00+08:00,258.5314596474471
2023-09-10 15:00:00+08:00,270.33798090385864
2023-09-10 16:00:00+08:00,288.22928612610133
2023-09-10 17:00:00+08:00,274.2834908147569
2023-09-10 18:00:00+08:00,271.87493856459935
2023-09-10 19:00:00+08:00,264.32594141306026
2023-09-10 20:00:00+08:00,232.18461398150822
2023-09-10 21:00:00+08:00,221.0297058006089
2023-09-10 22:00:00+08:00,194.0479896052387
2023-09-10 23:00:00+08:00,166.42926643318083
2023-09-11 00:00:00+08:00,340.6686647584229
2023-09-11 01:00:00+08:00,315.77610040755525
2023-09-11 02:00:00+08:00,301.1029663948642
2023-09-11 03:00:00+08:00,269.0205380957469
2023-09-11 04:00:00+08:00,337.819535592679
2023-09-11 05:00:00+08:00,335.7178780044581
2023-09-11 06:00:00+08:00,487.1737282926648
2023-09-11 07:00:00+08:00,520.2582200639985
2023-09-11 08:00:00+08:00,580.7898007843676
2023-09-11 09:00:00+08:00,547.4025202905713
2023-09-11 10:00:00+08:00,608.9923852634449
2023-09-11 11:00:00+08:00,573.8538323306122
2023-09-11 12:00:00+08:00,574.5323281142814
2023-09-11 13:00:00+08:00,555.9936227561209
2023-09-11 14:00:00+08:00,588.0146995692807
2023-09-11 15:00:00+08:00,605.0330514805955
2023-09-11 16:00:00+08:00,643.8074289351017
2023-09-11 17:00:00+08:00,583.8319752336754
2023-09-11 18:00:00+08:00,593.4403208458401
2023-09-11 19:00:00+08:00,540.8708304849171
2023-09-11 20:00:00+08:00,533.0269482151034
2023-09-11 21:00:00+08:00,499.6628350616741
2023-09-11 22:00:00+08:00,458.5870505846787
2023-09-11 23:00:00+08:00,406.06649949643236
2023-09-12 00:00:00+08:00,342.8577012540116
2023-09-12 01:00:00+08:00,301.2845308350088
2023-09-12 02:00:00+08:00,311.77757580172477
2023-09-12 03:00:00+08:00,299.27512138064156
2023-09-12 04:00:00+08:00,307.7476290352467
2023-09-12 05:00:00+08:00,337.9163748296744
2023-09-12 06:00:00+08:00,439.63344292592967
2023-09-12 07:00:00+08:00,590.0841163296628
2023-09-12 08:00:00+08:00,606.9806272848055
2023-09-12 09:00:00+08:00,603.7955376722512
2023-09-12 10:00:00+08:00,593.317785765014
2023-09-12 11:00:00+08:00,658.2726880962504
2023-09-12 12:00:00+08:00,630.9073620598341
2023-09-12 13:00:00+08:00,570.6671528618665
2023-09-12 14:00:00+08:00,563.3928711201439
2023-09-12 15:00:00+08:00,582.5797061158294
2023-09-12 16:00:00+08:00,603.1062319187961
2023-09-12 17:00:00+08:00,582.7891768671656
2023-09-12 18:00:00+08:00,597.9296568162836
2023-09-12 19:00:00+08:00,602.7131710844068
2023-09-12 20:00:00+08:00,511.29102463454524
2023-09-12 21:00:00+08:00,486.6673130418125
2023-09-12 22:00:00+08:00,441.01452939379476
2023-09-12 23:00:00+08:00,382.93538184528774
2023-09-13 00:00:00+08:00,355.75421601188526
2023-09-13 01:00:00+08:00,323.93175194431586
2023-09-13 02:00:00+08:00,310.7854047289311
2023-09-13 03:00:00+08:00,296.3066066954188
2023-09-13 04:00:00+08:00,307.8854442761024
2023-09-13 05:00:00+08:00,327.2169051334396
2023-09-13 06:00:00+08:00,463.2567655444547
2023-09-13 07:00:00+08:00,561.8545595924481
2023-09-13 08:00:00+08:00,629.7566164042175
2023-09-13 09:00:00+08:00,593.8958216651962
2023-09-13 10:00:00+08:00,595.5501264621389
2023-09-13 11:00:00+08:00,603.0207827725868
2023-09-13 12:00:00+08:00,620.3148232581998
2023-09-13 13:00:00+08:00,552.4491403233262
2023-09-13 14:00:00+08:00,585.7521339305639
2023-09-13 15:00:00+08:00,586.4867068369828
2023-09-13 16:00:00+08:00,573.5841549805332
2023-09-13 17:00:00+08:00,549.0041311565
2023-09-13 18:00:00+08:00,583.7636887220664
2023-09-13 19:00:00+08:00,601.9494298983545
2023-09-13 20:00:00+08:00,575.1618640788033
2023-09-13 21:00:00+08:00,516.3417751389007
2023-09-13 22:00:00+08:00,484.46425361289863
2023-09-13 23:00:00+08:00,388.64674962176946
2023-09-14 00:00:00+08:00,341.62188543755053
2023-09-14 01:00:00+08:00,305.5085819142957
2023-09-14 02:00:00+08:00,292.99997112030184
2023-09-14 03:00:00+08:00,291.0505357682867
2023-09-14 04:00:00+08:00,285.480923280226
2023-09-14 05:00:00+08:00,364.88910179734756
2023-09-14 06:00:00+08:00,437.2197709785206
2023-09-14 07:00:00+08:00,532.8043005523797
2023-09-14 08:00:00+08:00,570.0758230230451
2023-09-14 09:00:00+08:00,593.4247857584908
2023-09-14 10:00:00+08:00,640.5206451470012
2023-09-14 11:00:00+08:00,648.4252693043329
2023-09-14 12:00:00+08:00,558.5667383170571
2023-09-14 13:00:00+08:00,578.0361169878007
2023-09-14 14:00:00+08:00,544.8827089574139
2023-09-14 15:00:00+08:00,609.5297777239821
2023-09-14 16:00:00+08:00,605.1745797797927
2023-09-14 17:00:00+08:00,583.0808681968504
2023-09-14 18:00:00+08:00,588.0514578870678
2023-09-14 19:00:00+08:00,557.545274356215
2023-09-14 20:00:00+08:00,573.2539121798258
2023-09-14 21:00:00+08:00,519.6949478861243
2023-09-14 22:00:00+08:00,460.7597076901561
2023-09-14 23:00:00+08:00,347.418048751466
2023-09-15 00:00:00+08:00,327.8648394764136
2023-09-15 01:00:00+08:00,336.71110024097976
2023-09-15 02:00:00+08:00,314.71029362838965
2023-09-15 03:00:00+08:00,276.77670406394725
2023-09-15 04:00:00+08:00,306.9149947405812
2023-09-15 05:00:00+08:00,330.0130855228905
2023-09-15 06:00:00+08:00,478.96855208959636
2023-09-15 07:00:00+08:00,555.2706569777141
2023-09-15 08:00:00+08:00,579.3578048920095
2023-09-15 09:00:00+08:00,598.531381213822
2023-09-15 10:00:00+08:00,535.3762834416003
2023-09-15 11:00:00+08:00,571.7748196326831
2023-09-15 12:00:00+08:00,598.5860310419325
2023-09-15 13:00:00+08:00,605.5749450547137
2023-09-15 14:00:00+08:00,523.7356008748327
2023-09-15 15:00:00+08:00,576.8297910313341
2023-09-15 16:00:00+08:00,621.8548738536584
2023-09-15 17:00:00+08:00,563.0125127087663
2023-09-15 18:00:00+08:00,591.1302680679007
2023-09-15 19:00:00+08:00,569.3274667323557
2023-09-15 20:00:00+08:00,574.8328139787067
2023-09-15 21:00:00+08:00,503.3806092345247
2023-09-15 22:00:00+08:00,445.2089886755289
2023-09-15 23:00:00+08:00,401.80113605872066
2023-09-16 00:00:00+08:00,139.95231193307634
2023-09-16 01:00:00+08:00,138.49730002076782
2023-09-16 02:00:00+08:00,131.90836978470574
2023-09-16 03:00:00+08:00,133.6110198939788
2023-09-16 04:00:00+08:00,144.4738540466133
2023-09-16 05:00:00+08:00,159.3095346948838
2023-09-16 06:00:00+08:00,195.50089276781623
2023-09-16 07:00:00+08:00,248.56971606880734
2023-09-16 08:00:00+08:00,284.7353176849809
2023-09-16 09:00:00+08:00,259.77912584522767
2023-09-16 10:00:00+08:00,270.27548863689555
2023-09-16 11:00:00+08:00,266.6389401244412
2023-09-16 12:00:00+08:00,268.03793203451227
2023-09-16 13:00:00+08:00,246.16409490231004
2023-09-16 14:00:00+08:00,269.6849379906643
2023-09-16 15:00:00+08:00,255.18410579740666
2023-09-16 16:00:00+08:00,279.7439913787358
2023-09-16 17:00:00+08:00,262.0362158302129
2023-09-16 18:00:00+08:00,256.75200821137463
2023-09-16 19:00:00+08:00,267.66680528461853
2023-09-16 20:00:00+08:00,251.45821985272323
2023-09-16 21:00:00+08:00,230.31431329310468
2023-09-16 22:00:00+08:00,207.67234157278082
2023-09-16 23:00:00+08:00,172.64884519839893
2023-09-17 00:00:00+08:00,147.6106863992365
2023-09-17 01:00:00+08:00,135.91125391617527
2023-09-17 02:00:00+08:00,139.09080195459927
2023-09-17 03:00:00+08:00,130.51320860891488
2023-09-17 04:00:00+08:00,147.89938601702954
2023-09-17 05:00:00+08:00,153.74710093883124
2023-09-17 06:00:00+08:00,201.51987390544429
2023-09-17 07:00:00+08:00,254.49117527744627
2023-09-17 08:00:00+08:00,268.72920347896553
2023-09-17 09:00:00+08:00,265.2737127741727
2023-09-17 10:00:00+08:00,268.1505061255398
2023-09-17 11:00:00+08:00,278.071566567805
2023-09-17 12:00:00+08:00,261.3546104316759
2023-09-17 13:00:00+08:00,261.7749311605893
2023-09-17 14:00:00+08:00,255.1542240638274
2023-09-17 15:00:00+08:00,272.2024814273679
2023-09-17 16:00:00+08:00,267.4006942555402
2023-09-17 17:00:00+08:00,287.8920993589166
2023-09-17 18:00:00+08:00,261.4560332311209
2023-09-17 19:00:00+08:00,252.62443754231745
2023-09-17 20:00:00+08:00,239.9726031108656
2023-09-17 21:00:00+08:00,216.1835790364618
2023-09-17 22:00:00+08:00,193.004701397154
2023-09-17 23:00:00+08:00,170.80318953570497
2023-09-18 00:00:00+08:00,342.75080632101407
2023-09-18 01:00:00+08:00,309.561550801637
2023-09-18 02:00:00+08:00,292.27233334643705
2023-09-18 03:00:00+08:00,312.6730268562105
2023-09-18 04:00:00+08:00,329.20515353301226
2023-09-18 05:00:00+08:00,363.0996615656917
2023-09-18 06:00:00+08:00,431.8195777496165
2023-09-18 07:00:00+08:00,537.5484692701273
2023-09-18 08:00:00+08:00,639.3472946198743
2023-09-18 09:00:00+08:00,601.8502730422798
2023-09-18 10:00:00+08:00,589.7192276422261
2023-09-18 11:00:00+08:00,613.2288371918937
2023-09-18 12:00:00+08:00,620.1185935254202
2023-09-18 13:00:00+08:00,570.8253797832765
2023-09-18 14:00:00+08:00,571.2662209300108
2023-09-18 15:00:00+08:00,605.8295821094748
2023-09-18 16:00:00+08:00,568.4346216348176
2023-09-18 17:00:00+08:00,596.3948984344354
2023-09-18 18:00:00+08:00,558.1384223857439
2023-09-18 19:00:00+08:00,544.0156178052262
2023-09-18 20:00:00+08:00,524.406566546718
2023-09-18 21:00:00+08:00,516.3554342914183
2023-09-18 22:00:00+08:00,441.3166639953477
2023-09-18 23:00:00+08:00,377.4157643659726
2023-09-19 00:00:00+08:00,328.2706691865523
2023-09-19 01:00:00+08:00,295.5165040314175
2023-09-19 02:00:00+08:00,302.9218743085376
2023-09-19 03:00:00+08:00,311.2914354798331
2023-09-19 04:00:00+08:00,308.74502125624974
2023-09-19 05:00:00+08:00,342.6636156395658
2023-09-19 06:00:00+08:00,453.3935421739444
2023-09-19 07:00:00+08:00,503.5150664851535
2023-09-19 08:00:00+08:00,608.4171985256764
2023-09-19 09:00:00+08:00,669.530205283488
2023-09-19 10:00:00+08:00,592.7046965069247
2023-09-19 11:00:00+08:00,592.789303897491
2023-09-19 12:00:00+08:00,613.3439798270509
2023-09-19 13:00:00+08:00,622.1311292864162
2023-09-19 14:00:00+08:00,587.9133660581073
2023-09-19 15:00:00+08:00,533.3845243167998
2023-09-19 16:00:00+08:00,609.0505025553555
2023-09-19 17:00:00+08:00,656.9039593686497
2023-09-19 18:00:00+08:00,598.2480452391047
2023-09-19 19:00:00+08:00,539.713016706118
2023-09-19 20:00:00+08:00,542.1078794118196
2023-09-19 21:00:00+08:00,480.3477239212573
2023-09-19 22:00:00+08:00,468.74935445338724
2023-09-19 23:00:00+08:00,372.35475713018695
2023-09-20 00:00:00+08:00,328.32548518808915
2023-09-20 01:00:00+08:00,298.87845574414604
2023-09-20 02:00:00+08:00,291.0891504680914
2023-09-20 03:00:00+08:00,315.28471237296833
2023-09-20 04:00:00+08:00,310.77848316773566
2023-09-20 05:00:00+08:00,337.4872969905254
2023-09-20 06:00:00+08:00,425.94212944438397
2023-09-20 07:00:00+08:00,506.5771254323254
2023-09-20 08:00:00+08:00,565.3979889188901
2023-09-20 09:00:00+08:00,597.8533424824344
2023-09-20 10:00:00+08:00,618.5248011820395
2023-09-20 11:00:00+08:00,581.8472947039883
2023-09-20 12:00:00+08:00,632.5786112717282
2023-09-20 13:00:00+08:00,566.5438498399249
2023-09-20 14:00:00+08:00,560.0453333755431
2023-09-20 15:00:00+08:00,558.0961157337435
2023-09-20 16:00:00+08:00,618.7754458852095
2023-09-20 17:00:00+08:00,645.1243862654497
2023-09-20 18:00:00+08:00,542.1785199694893
2023-09-20 19:00:00+08:00,557.5992819613721
2023-09-20 20:00:00+08:00,562.7692225498723
2023-09-20 21:00:00+08:00,476.6287400658094
2023-09-20 22:00:00+08:00,456.50940503125514
2023-09-20 23:00:00+08:00,405.7742576688622
2023-09-21 00:00:00+08:00,328.1538828096899
2023-09-21 01:00:00+08:00,316.09433821983
2023-09-21 02:00:00+08:00,318.3381994038048
2023-09-21 03:00:00+08:00,320.5689203681449
2023-09-21 04:00:00+08:00,308.52014902601303
2023-09-21 05:00:00+08:00,337.6274556606099
2023-09-21 06:00:00+08:00,429.6710586834874
2023-09-21 07:00:00+08:00,568.583456892582
2023-09-21 08:00:00+08:00,562.1459482577799
2023-09-21 09:00:00+08:00,588.7731965801496
2023-09-21 10:00:00+08:00,597.2253810110998
2023-09-21 11:00:00+08:00,582.8151800249578
2023-09-21 12:00:00+08:00,601.4395440259673
2023-09-21 13:00:00+08:00,642.6794330299949
2023-09-21 14:00:00+08:00,562.2948079101129
2023-09-21 15:00:00+08:00,572.7349292069621
2023-09-21 16:00:00+08:00,618.9383130936046
2023-09-21 17:00:00+08:00,600.4822628958933
2023-09-21 18:00:00+08:00,616.4453958218555
2023-09-21 19:00:00+08:00,568.7653703430468
2023-09-21 20:00:00+08:00,529.9847551641333
2023-09-21 21:00:00+08:00,469.49337080992774
2023-09-21 22:00:00+08:00,417.1850103425579
2023-09-21 23:00:00+08:00,358.2206018996953
2023-09-22 00:00:00+08:00,331.8867474970191
2023-09-22 01:00:00+08:00,292.25126535719806
2023-09-22 02:00:00+08:00,312.13213947335146
2023-09-22 03:00:00+08:00,297.5651345597601
2023-09-22 04:00:00+08:00,306.0747126371755
2023-09-22 05:00:00+08:00,333.121399175421
2023-09-22 06:00:00+08:00,456.90466047140353
2023-09-22 07:00:00+08:00,529.2603743187655
2023-09-22 08:00:00+08:00,570.9823278891736
2023-09-22 09:00:00+08:00,622.6658493220369
2023-09-22 10:00:00+08:00,602.8427437076011
2023-09-22 11:00:00+08:00,588.8253268277518
2023-09-22 12:00:00+08:00,609.6621091316262
2023-09-22 13:00:00+08:00,582.7310119028122
2023-09-22 14:00:00+08:00,573.3419140615881
2023-09-22 15:00:00+08:00,563.4895870143181
2023-09-22 16:00:00+08:00,643.6378310357401
2023-09-22 17:00:00+08:00,580.6298113356778
2023-09-22 18:00:00+08:00,618.7794962546844
2023-09-22 19:00:00+08:00,560.4244594467986
2023-09-22 20:00:00+08:00,552.240911836561
2023-09-22 21:00:00+08:00,520.0880870007774
2023-09-22 22:00:00+08:00,466.25937786962237
2023-09-22 23:00:00+08:00,373.3756457603892
2023-09-23 00:00:00+08:00,153.35971031333287
2023-09-23 01:00:00+08:00,149.28072481615945
2023-09-23 02:00:00+08:00,132.28369977935967
2023-09-23 03:00:00+08:00,133.85240879440258
2023-09-23 04:00:00+08:00,136.10287421733926
2023-09-23 05:00:00+08:00,152.90489553289927
2023-09-23 06:00:00+08:00,214.22589949970552
2023-09-23 07:00:00+08:00,236.06745937855663
2023-09-23 08:00:00+08:00,257.2592893679939
2023-09-23 09:00:00+08:00,284.559617434718
2023-09-23 10:00:00+08:00,274.01220704370115
2023-09-23 11:00:00+08:00,290.0075499584084
2023-09-23 12:00:00+08:00,262.516996553507
2023-09-23 13:00:00+08:00,263.31038042465605
2023-09-23 14:00:00+08:00,247.25540297741816
2023-09-23 15:00:00+08:00,263.4887415168114
2023-09-23 16:00:00+08:00,248.36266063252896
2023-09-23 17:00:00+08:00,274.65815080572344
2023-09-23 18:00:00+08:00,265.3768601162507
2023-09-23 19:00:00+08:00,253.38232944798764
2023-09-23 20:00:00+08:00,236.8434528676641
2023-09-23 21:00:00+08:00,219.10091131177103
2023-09-23 22:00:00+08:00,206.3365355764828
2023-09-23 23:00:00+08:00,165.62703370855286
2023-09-24 00:00:00+08:00,149.9681598696949
2023-09-24 01:00:00+08:00,150.47233066648528
2023-09-24 02:00:00+08:00,141.5377122512298
2023-09-24 03:00:00+08:00,125.55578496181451
2023-09-24 04:00:00+08:00,135.96006013516393
2023-09-24 05:00:00+08:00,157.58757170415308
2023-09-24 06:00:00+08:00,199.83532882328154
2023-09-24 07:00:00+08:00,232.06220001588989
2023-09-24 08:00:00+08:00,271.3165037046149
2023-09-24 09:00:00+08:00,267.0912135431147
2023-09-24 10:00:00+08:00,287.65845118452415
2023-09-24 11:00:00+08:00,264.49178254146665
2023-09-24 12:00:00+08:00,279.68181294293595
2023-09-24 13:00:00+08:00,248.5826056808771
2023-09-24 14:00:00+08:00,243.40043199536754
2023-09-24 15:00:00+08:00,269.41311968041015
2023-09-24 16:00:00+08:00,278.78111316381137
2023-09-24 17:00:00+08:00,256.9657260904016
2023-09-24 18:00:00+08:00,262.10649886228555
2023-09-24 19:00:00+08:00,239.81044810379345
2023-09-24 20:00:00+08:00,238.73526759450937
2023-09-24 21:00:00+08:00,234.72175940491027
2023-09-24 22:00:00+08:00,196.9121002703026
2023-09-24 23:00:00+08:00,171.94879499737212
2023-09-25 00:00:00+08:00,311.6778140822332
2023-09-25 01:00:00+08:00,300.6205361424487
2023-09-25 02:00:00+08:00,317.6234160191296
2023-09-25 03:00:00+08:00,297.6199657230866
2023-09-25 04:00:00+08:00,296.25103834508525
2023-09-25 05:00:00+08:00,339.90080691098194
2023-09-25 06:00:00+08:00,416.68888767269704
2023-09-25 07:00:00+08:00,523.8775931413642
2023-09-25 08:00:00+08:00,625.8036063575211
2023-09-25 09:00:00+08:00,590.1260870652588
2023-09-25 10:00:00+08:00,638.3952592562412
2023-09-25 11:00:00+08:00,591.2450784791207
2023-09-25 12:00:00+08:00,592.6545225048178
2023-09-25 13:00:00+08:00,596.5492444189208
2023-09-25 14:00:00+08:00,503.5574875931028
2023-09-25 15:00:00+08:00,586.4065198420988
2023-09-25 16:00:00+08:00,592.3457130151361
2023-09-25 17:00:00+08:00,628.7877478731967
2023-09-25 18:00:00+08:00,604.0822827158578
2023-09-25 19:00:00+08:00,538.2647137102983
2023-09-25 20:00:00+08:00,560.6977236932478
2023-09-25 21:00:00+08:00,499.1890467145041
2023-09-25 22:00:00+08:00,429.02747699997207
2023-09-25 23:00:00+08:00,388.8221796899144
2023-09-26 00:00:00+08:00,323.6570803026168
2023-09-26 01:00:00+08:00,327.49026092120926
2023-09-26 02:00:00+08:00,300.68136736826017
2023-09-26 03:00:00+08:00,299.07995080897535
2023-09-26 04:00:00+08:00,319.61944938499124
2023-09-26 05:00:00+08:00,359.14441078561276
2023-09-26 06:00:00+08:00,458.9064325287685
2023-09-26 07:00:00+08:00,576.8077170129039
2023-09-26 08:00:00+08:00,607.7241226168036
2023-09-26 09:00:00+08:00,597.257940026375
2023-09-26 10:00:00+08:00,622.6863827864315
2023-09-26 11:00:00+08:00,591.1223015833798
2023-09-26 12:00:00+08:00,594.068352681981
2023-09-26 13:00:00+08:00,621.4517284667628
2023-09-26 14:00:00+08:00,600.1810620733248
2023-09-26 15:00:00+08:00,581.223645235981
2023-09-26 16:00:00+08:00,582.5160619555373
2023-09-26 17:00:00+08:00,628.0022001038433
2023-09-26 18:00:00+08:00,600.0287570346704
2023-09-26 19:00:00+08:00,570.7300633537917
2023-09-26 20:00:00+08:00,527.0768605696205
2023-09-26 21:00:00+08:00,510.97828482739845
2023-09-26 22:00:00+08:00,444.5731548949188
2023-09-26 23:00:00+08:00,375.3840013428115
2023-09-27 00:00:00+08:00,327.88121080247294
2023-09-27 01:00:00+08:00,311.6792126586197
2023-09-27 02:00:00+08:00,292.0903295664425
2023-09-27 03:00:00+08:00,307.2640963369693
2023-09-27 04:00:00+08:00,324.3041781902727
2023-09-27 05:00:00+08:00,357.33547629466676
2023-09-27 06:00:00+08:00,439.89957058644165
2023-09-27 07:00:00+08:00,562.1356605646218
2023-09-27 08:00:00+08:00,594.935839932884
2023-09-27 09:00:00+08:00,563.770164669455
2023-09-27 10:00:00+08:00,609.045790209771
2023-09-27 11:00:00+08:00,596.5530735042448
2023-09-27 12:00:00+08:00,654.6142406536343
2023-09-27 13:00:00+08:00,615.1046668279528
2023-09-27 14:00:00+08:00,579.4594005561923
2023-09-27 15:00:00+08:00,587.0175608487712
2023-09-27 16:00:00+08:00,596.9703836120838
2023-09-27 17:00:00+08:00,569.275347931026
2023-09-27 18:00:00+08:00,540.7949136414036
2023-09-27 19:00:00+08:00,543.7669007520378
2023-09-27 20:00:00+08:00,532.7588825456598
2023-09-27 21:00:00+08:00,461.66531453399546
2023-09-27 22:00:00+08:00,435.1298504206613
2023-09-27 23:00:00+08:00,381.6878586384099
2023-09-28 00:00:00+08:00,323.30124379311326
2023-09-28 01:00:00+08:00,300.16247630243083
2023-09-28 02:00:00+08:00,292.4150038538265
2023-09-28 03:00:00+08:00,316.9078368362153
2023-09-28 04:00:00+08:00,316.4896703347294
2023-09-28 05:00:00+08:00,336.19177750441725
2023-09-28 06:00:00+08:00,443.4815537338412
2023-09-28 07:00:00+08:00,544.8775835991504
2023-09-28 08:00:00+08:00,574.7160106983031
2023-09-28 09:00:00+08:00,574.6881481226052
2023-09-28 10:00:00+08:00,616.8965462348455
2023-09-28 11:00:00+08:00,582.9736498721721
2023-09-28 12:00:00+08:00,566.9666333523869
2023-09-28 13:00:00+08:00,580.06845630208
2023-09-28 14:00:00+08:00,565.9421847958483
2023-09-28 15:00:00+08:00,535.2198993637862
2023-09-28 16:00:00+08:00,591.9633666907054
2023-09-28 17:00:00+08:00,613.5158010311891
2023-09-28 18:00:00+08:00,591.5590160055058
2023-09-28 19:00:00+08:00,613.5235191998829
2023-09-28 20:00:00+08:00,560.342301663517
2023-09-28 21:00:00+08:00,533.2002397531311
2023-09-28 22:00:00+08:00,494.5049449646392
2023-09-28 23:00:00+08:00,397.09220986287914
2023-09-29 00:00:00+08:00,328.17214795679325
2023-09-29 01:00:00+08:00,320.2677717427095
2023-09-29 02:00:00+08:00,289.7745065244042
2023-09-29 03:00:00+08:00,297.6816740350235
2023-09-29 04:00:00+08:00,300.27435080635234
2023-09-29 05:00:00+08:00,349.303268259931
2023-09-29 06:00:00+08:00,433.0136419185393
2023-09-29 07:00:00+08:00,530.3994381925007
2023-09-29 08:00:00+08:00,602.6142892395492
2023-09-29 09:00:00+08:00,589.544379714803
2023-09-29 10:00:00+08:00,547.1037072121337
2023-09-29 11:00:00+08:00,558.2951085735181
2023-09-29 12:00:00+08:00,565.6054126835112
2023-09-29 13:00:00+08:00,560.4350205984609
2023-09-29 14:00:00+08:00,572.504976032441
2023-09-29 15:00:00+08:00,586.0413835904168
2023-09-29 16:00:00+08:00,618.0701717253297
2023-09-29 17:00:00+08:00,610.6605810024882
2023-09-29 18:00:00+08:00,605.862688114276
2023-09-29 19:00:00+08:00,576.8745588972339
2023-09-29 20:00:00+08:00,538.0036614134868
2023-09-29 21:00:00+08:00,526.0463928183221
2023-09-29 22:00:00+08:00,460.95849444274035
2023-09-29 23:00:00+08:00,391.1231799445696
2023-09-30 00:00:00+08:00,154.15851222383355
2023-09-30 01:00:00+08:00,125.68380713753744
2023-09-30 02:00:00+08:00,131.8140297759391
2023-09-30 03:00:00+08:00,131.7322657156133
2023-09-30 04:00:00+08:00,145.0930531632762
2023-09-30 05:00:00+08:00,164.42557803329385
2023-09-30 06:00:00+08:00,188.4412147983563
2023-09-30 07:00:00+08:00,259.24026085781185
2023-09-30 08:00:00+08:00,254.2287907622461
2023-09-30 09:00:00+08:00,254.55131645754497
2023-09-30 10:00:00+08:00,264.22742157104466
2023-09-30 11:00:00+08:00,263.33206404751974
2023-09-30 12:00:00+08:00,250.10015399825713
2023-09-30 13:00:00+08:00,268.18742307630856
2023-09-30 14:00:00+08:00,260.27685283714845
2023-09-30 15:00:00+08:00,272.4132365705234
2023-09-30 16:00:00+08:00,262.10246460497575
2023-09-30 17:00:00+08:00,266.30472359038527
2023-09-30 18:00:00+08:00,261.07435680128253
2023-09-30 19:00:00+08:00,270.4995757747478
2023-09-30 20:00:00+08:00,212.8394218748269
2023-09-30 21:00:00+08:00,218.03972000354702
2023-09-30 22:00:00+08:00,200.08961287564895
2023-09-30 23:00:00+08:00,165.8442484433634
2023-10-01 00:00:00+08:00,145.17273012960678
2023-10-01 01:00:00+08:00,137.9878443834888
2023-10-01 02:00:00+08:00,129.84494241323222
2023-10-01 03:00:00+08:00,133.6970075594817
2023-10-01 04:00:00+08:00,142.1718989115226
2023-10-01 05:00:00+08:00,153.2277031358912
2023-10-01 06:00:00+08:00,196.4035874182797
2023-10-01 07:00:00+08:00,243.74279713839363
2023-10-01 08:00:00+08:00,266.62691170875075
2023-10-01 09:00:00+08:00,248.1400806913609
2023-10-01 10:00:00+08:00,271.63021699619435
2023-10-01 11:00:00+08:00,261.89485074517427
2023-10-01 12:00:00+08:00,280.1646157971521
2023-10-01 13:00:00+08:00,267.5515156115202
2023-10-01 14:00:00+08:00,265.22936491358416
2023-10-01 15:00:00+08:00,250.8021914416108
2023-10-01 16:00:00+08:00,262.74419905889596
2023-10-01 17:00:00+08:00,253.45138702613625
2023-10-01 18:00:00+08:00,253.99942678131012
2023-10-01 19:00:00+08:00,266.0608170357637
2023-10-01 20:00:00+08:00,254.31764898925897
2023-10-01 21:00:00+08:00,216.28902098065805
2023-10-01 22:00:00+08:00,196.3629179083436
2023-10-01 23:00:00+08:00,172.83069053306977
2023-10-02 00:00:00+08:00,333.60479173287956
2023-10-02 01:00:00+08:00,286.4949042769585
2023-10-02 02:00:00+08:00,277.33460738710596
2023-10-02 03:00:00+08:00,302.1393975162593
2023-10-02 04:00:00+08:00,284.16218041146936
2023-10-02 05:00:00+08:00,337.6059014926425
2023-10-02 06:00:00+08:00,447.3854902603801
2023-10-02 07:00:00+08:00,554.3233975628955
2023-10-02 08:00:00+08:00,589.3116105751318
2023-10-02 09:00:00+08:00,584.0003600810126
2023-10-02 10:00:00+08:00,612.6934168862401
2023-10-02 11:00:00+08:00,599.4326351862354
2023-10-02 12:00:00+08:00,577.332573183769
2023-10-02 13:00:00+08:00,581.6942797916371
2023-10-02 14:00:00+08:00,571.6672802227235
2023-10-02 15:00:00+08:00,620.7371905824397
2023-10-02 16:00:00+08:00,611.3125593385615
2023-10-02 17:00:00+08:00,621.4646201484355
2023-10-02 18:00:00+08:00,566.631806882283
2023-10-02 19:00:00+08:00,551.2323452095844
2023-10-02 20:00:00+08:00,528.3820636530114
2023-10-02 21:00:00+08:00,500.8774982557591
2023-10-02 22:00:00+08:00,426.58065149087173
2023-10-02 23:00:00+08:00,404.7436910701423
2023-10-03 00:00:00+08:00,337.5028209180435
2023-10-03 01:00:00+08:00,304.4350543116122
2023-10-03 02:00:00+08:00,303.95633871400753
2023-10-03 03:00:00+08:00,298.9917555143343
2023-10-03 04:00:00+08:00,317.0776336471993
2023-10-03 05:00:00+08:00,325.28038234583005
2023-10-03 06:00:00+08:00,441.9342744770317
2023-10-03 07:00:00+08:00,544.0172070984308
2023-10-03 08:00:00+08:00,607.484308962483
2023-10-03 09:00:00+08:00,577.800052179401
2023-10-03 10:00:00+08:00,533.430766108615
2023-10-03 11:00:00+08:00,567.0541315740892
2023-10-03 12:00:00+08:00,591.2517030855089
2023-10-03 13:00:00+08:00,582.3293192617144
2023-10-03 14:00:00+08:00,600.9863982058623
2023-10-03 15:00:00+08:00,594.3844611472748
2023-10-03 16:00:00+08:00,594.6319430379283
2023-10-03 17:00:00+08:00,591.9310952247482
2023-10-03 18:00:00+08:00,606.499423714784
2023-10-03 19:00:00+08:00,549.7732751990045
2023-10-03 20:00:00+08:00,530.4358653992068
2023-10-03 21:00:00+08:00,481.84369667358874
2023-10-03 22:00:00+08:00,469.7537967713323
2023-10-03 23:00:00+08:00,391.3028443125078
2023-10-04 00:00:00+08:00,316.79335783792743
2023-10-04 01:00:00+08:00,306.825946499189
2023-10-04 02:00:00+08:00,302.423893358182
2023-10-04 03:00:00+08:00,293.40950269010256
2023-10-04 04:00:00+08:00,301.64737043971655
2023-10-04 05:00:00+08:00,334.8052904353701
2023-10-04 06:00:00+08:00,450.60049522175217
2023-10-04 07:00:00+08:00,537.5321030664076
2023-10-04 08:00:00+08:00,582.0048437411988
2023-10-04 09:00:00+08:00,561.0849323383078
2023-10-04 10:00:00+08:00,594.604588654685
2023-10-04 11:00:00+08:00,588.4667811174651
2023-10-04 12:00:00+08:00,585.137229619051
2023-10-04 13:00:00+08:00,585.5271166766007
2023-10-04 14:00:00+08:00,579.9742697094844
2023-10-04 15:00:00+08:00,597.210225747407
2023-10-04 16:00:00+08:00,605.869183463129
2023-10-04 17:00:00+08:00,587.0572639962556
2023-10-04 18:00:00+08:00,567.7334501437135
2023-10-04 19:00:00+08:00,539.6112828190539
2023-10-04 20:00:00+08:00,520.8296602674619
2023-10-04 21:00:00+08:00,504.2451622013224
2023-10-04 22:00:00+08:00,430.59031021582507
2023-10-04 23:00:00+08:00,386.77681603417494
2023-10-05 00:00:00+08:00,313.4833801097531
2023-10-05 01:00:00+08:00,287.8072271803856
2023-10-05 02:00:00+08:00,306.14855213437994
2023-10-05 03:00:00+08:00,290.8073263470298
2023-10-05 04:00:00+08:00,297.9679475514235
2023-10-05 05:00:00+08:00,328.81653042753214
2023-10-05 06:00:00+08:00,452.17300611540605
2023-10-05 07:00:00+08:00,575.4329583790976
2023-10-05 08:00:00+08:00,583.3064702695827
2023-10-05 09:00:00+08:00,587.7532080167927
2023-10-05 10:00:00+08:00,618.2785384139809
2023-10-05 11:00:00+08:00,549.9311981862504
2023-10-05 12:00:00+08:00,639.5087285879991
2023-10-05 13:00:00+08:00,637.809568678675
2023-10-05 14:00:00+08:00,502.2512007000726
2023-10-05 15:00:00+08:00,578.7418989734683
2023-10-05 16:00:00+08:00,575.8156617308238
2023-10-05 17:00:00+08:00,586.5862501718393
2023-10-05 18:00:00+08:00,571.2845035347916
2023-10-05 19:00:00+08:00,581.5099702213736
2023-10-05 20:00:00+08:00,531.1760919902159
2023-10-05 21:00:00+08:00,485.57389100806665
2023-10-05 22:00:00+08:00,441.5864290186499
2023-10-05 23:00:00+08:00,393.297525135995
2023-10-06 00:00:00+08:00,310.7089891041109
2023-10-06 01:00:00+08:00,288.05638022253976
2023-10-06 02:00:00+08:00,320.1358023078229
2023-10-06 03:00:00+08:00,288.88250944701525
2023-10-06 04:00:00+08:00,306.66762722362915
2023-10-06 05:00:00+08:00,338.4692698595292
2023-10-06 06:00:00+08:00,454.5031389505844
2023-10-06 07:00:00+08:00,584.2499484890974
2023-10-06 08:00:00+08:00,606.7595800712492
2023-10-06 09:00:00+08:00,556.9876368961653
2023-10-06 10:00:00+08:00,560.1718691338906
2023-10-06 11:00:00+08:00,583.539969047533
2023-10-06 12:00:00+08:00,586.6409401650269
2023-10-06 13:00:00+08:00,541.1153749168914
2023-10-06 14:00:00+08:00,581.8164317313676
2023-10-06 15:00:00+08:00,555.8910786210164
2023-10-06 16:00:00+08:00,628.4247891334525
2023-10-06 17:00:00+08:00,636.1891267043889
2023-10-06 18:00:00+08:00,575.3725634234768
2023-10-06 19:00:00+08:00,573.2451627762155
2023-10-06 20:00:00+08:00,507.40335884692365
2023-10-06 21:00:00+08:00,516.6275841971556
2023-10-06 22:00:00+08:00,435.88970659956397
2023-10-06 23:00:00+08:00,368.68916252297095
2023-10-07 00:00:00+08:00,145.1125205308628
2023-10-07 01:00:00+08:00,136.21782077838034
2023-10-07 02:00:00+08:00,131.7292208196971
2023-10-07 03:00:00+08:00,138.53508397272796
2023-10-07 04:00:00+08:00,134.4435783768749
2023-10-07 05:00:00+08:00,165.5641556035548
2023-10-07 06:00:00+08:00,189.58672307899477
2023-10-07 07:00:00+08:00,261.4442421748499
2023-10-07 08:00:00+08:00,256.07673985932934
2023-10-07 09:00:00+08:00,266.91941819966615
2023-10-07 10:00:00+08:00,261.6963101117792
2023-10-07 11:00:00+08:00,263.26017366959127
2023-10-07 12:00:00+08:00,275.4864957668271
2023-10-07 13:00:00+08:00,277.2853175436693
2023-10-07 14:00:00+08:00,265.65963242977796
2023-10-07 15:00:00+08:00,257.35535081429055
2023-10-07 16:00:00+08:00,268.89756830085383
2023-10-07 17:00:00+08:00,258.57982741838856
2023-10-07 18:00:00+08:00,251.21638138423992
2023-10-07 19:00:00+08:00,241.9563947214696
2023-10-07 20:00:00+08:00,236.03235735554952
2023-10-07 21:00:00+08:00,229.15602905703585
2023-10-07 22:00:00+08:00,184.88803932844755
2023-10-07 23:00:00+08:00,173.18295052736272
2023-10-08 00:00:00+08:00,155.76987751960482
2023-10-08 01:00:00+08:00,145.08437970975814
2023-10-08 02:00:00+08:00,130.38746014565197
2023-10-08 03:00:00+08:00,126.05263142265895
2023-10-08 04:00:00+08:00,141.40709987724782
2023-10-08 05:00:00+08:00,140.51822458889987
2023-10-08 06:00:00+08:00,209.16213477827174
2023-10-08 07:00:00+08:00,243.56443207349253
2023-10-08 08:00:00+08:00,286.58541700015417
2023-10-08 09:00:00+08:00,248.57954036837822
2023-10-08 10:00:00+08:00,276.8320079562329
2023-10-08 11:00:00+08:00,265.951741914672
2023-10-08 12:00:00+08:00,263.48932351116355
2023-10-08 13:00:00+08:00,247.34608534515687
2023-10-08 14:00:00+08:00,259.71904453574575
2023-10-08 15:00:00+08:00,268.76216666442014
2023-10-08 16:00:00+08:00,286.09224781557765
2023-10-08 17:00:00+08:00,277.79227398184014
2023-10-08 18:00:00+08:00,255.46823780112308
2023-10-08 19:00:00+08:00,243.48785997759788
2023-10-08 20:00:00+08:00,227.16756513308133
2023-10-08 21:00:00+08:00,240.3466830015298
2023-10-08 22:00:00+08:00,194.03519230267136
2023-10-08 23:00:00+08:00,183.8431592424683
2023-10-09 00:00:00+08:00,333.35770089242936
2023-10-09 01:00:00+08:00,312.7646738831359
2023-10-09 02:00:00+08:00,293.1750467284295
2023-10-09 03:00:00+08:00,304.66240878547745
2023-10-09 04:00:00+08:00,308.50012238551795
2023-10-09 05:00:00+08:00,339.2244158147599
2023-10-09 06:00:00+08:00,457.62284221880145
2023-10-09 07:00:00+08:00,543.0006895968882
2023-10-09 08:00:00+08:00,574.6799897202288
2023-10-09 09:00:00+08:00,607.8799972506488
2023-10-09 10:00:00+08:00,592.1174570457963
2023-10-09 11:00:00+08:00,605.2462262253164
2023-10-09 12:00:00+08:00,582.8597096649379
2023-10-09 13:00:00+08:00,553.6271559450039
2023-10-09 14:00:00+08:00,603.0951298188932
2023-10-09 15:00:00+08:00,617.7546093835496
2023-10-09 16:00:00+08:00,614.6227187041261
2023-10-09 17:00:00+08:00,584.428078523118
2023-10-09 18:00:00+08:00,574.7755216773587
2023-10-09 19:00:00+08:00,595.1378035541119
2023-10-09 20:00:00+08:00,526.7114685724142
2023-10-09 21:00:00+08:00,491.8240117255404
2023-10-09 22:00:00+08:00,478.57044358215404
2023-10-09 23:00:00+08:00,385.12805344231487
2023-10-10 00:00:00+08:00,349.76265287233156
2023-10-10 01:00:00+08:00,291.56330110786433
2023-10-10 02:00:00+08:00,303.11519267244023
2023-10-10 03:00:00+08:00,321.5611320164439
2023-10-10 04:00:00+08:00,309.20591196178594
2023-10-10 05:00:00+08:00,340.83588042431103
2023-10-10 06:00:00+08:00,424.6334429249355
2023-10-10 07:00:00+08:00,570.0623393458734
2023-10-10 08:00:00+08:00,575.6241933660216
2023-10-10 09:00:00+08:00,591.6676234411515
2023-10-10 10:00:00+08:00,564.5921489719254
2023-10-10 11:00:00+08:00,630.90680316537
2023-10-10 12:00:00+08:00,621.3563493408712
2023-10-10 13:00:00+08:00,581.3062264065765
2023-10-10 14:00:00+08:00,538.1760328469892
2023-10-10 15:00:00+08:00,617.8000420184768
2023-10-10 16:00:00+08:00,585.2266048828288
2023-10-10 17:00:00+08:00,567.6638422218186
2023-10-10 18:00:00+08:00,541.016534376375
2023-10-10 19:00:00+08:00,549.6452122312733
2023-10-10 20:00:00+08:00,503.42618343218186
2023-10-10 21:00:00+08:00,492.25518068434343
2023-10-10 22:00:00+08:00,458.7035549000221
2023-10-10 23:00:00+08:00,380.2510823353316
2023-10-11 00:00:00+08:00,331.4813008590642
2023-10-11 01:00:00+08:00,300.0635401775028
2023-10-11 02:00:00+08:00,297.8938218640089
2023-10-11 03:00:00+08:00,319.94877084930044
2023-10-11 04:00:00+08:00,304.6967297370883
2023-10-11 05:00:00+08:00,349.9582639936171
2023-10-11 06:00:00+08:00,417.7700520846772
2023-10-11 07:00:00+08:00,579.9411676241656
2023-10-11 08:00:00+08:00,582.8956206713218
2023-10-11 09:00:00+08:00,619.2093107388138
2023-10-11 10:00:00+08:00,591.3106652420596
2023-10-11 11:00:00+08:00,608.7755674672669
2023-10-11 12:00:00+08:00,610.1882642652849
2023-10-11 13:00:00+08:00,571.8146180007295
2023-10-11 14:00:00+08:00,589.1830868504039
2023-10-11 15:00:00+08:00,564.6739228526038
2023-10-11 16:00:00+08:00,612.7297465444062
2023-10-11 17:00:00+08:00,584.9636027428385
2023-10-11 18:00:00+08:00,590.496489075308
2023-10-11 19:00:00+08:00,554.0943795588001
2023-10-11 20:00:00+08:00,535.8838597780446
2023-10-11 21:00:00+08:00,483.38958149930534
2023-10-11 22:00:00+08:00,450.09219105913166
2023-10-11 23:00:00+08:00,386.93780412365334
2023-10-12 00:00:00+08:00,319.96002635538997
2023-10-12 01:00:00+08:00,308.50746210939826
2023-10-12 02:00:00+08:00,298.8897353720683
2023-10-12 03:00:00+08:00,289.96655087998806
2023-10-12 04:00:00+08:00,307.59559725998406
2023-10-12 05:00:00+08:00,330.9924336012018
2023-10-12 06:00:00+08:00,487.7869095225315
2023-10-12 07:00:00+08:00,570.1995351153182
2023-10-12 08:00:00+08:00,601.0875359259348
2023-10-12 09:00:00+08:00,622.4695244594844
2023-10-12 10:00:00+08:00,547.5184140939766
2023-10-12 11:00:00+08:00,533.7612771298997
2023-10-12 12:00:00+08:00,585.0957328738341
2023-10-12 13:00:00+08:00,550.5689015487454
2023-10-12 14:00:00+08:00,559.5167461113022
2023-10-12 15:00:00+08:00,587.4939514173714
2023-10-12 16:00:00+08:00,616.483206047758
2023-10-12 17:00:00+08:00,567.5202270311305
2023-10-12 18:00:00+08:00,592.0151023687797
2023-10-12 19:00:00+08:00,565.187859882882
2023-10-12 20:00:00+08:00,542.5716639346947
2023-10-12 21:00:00+08:00,494.8957144382837
2023-10-12 22:00:00+08:00,470.6163091350655
2023-10-12 23:00:00+08:00,384.884845328391
2023-10-13 00:00:00+08:00,350.46272750267116
2023-10-13 01:00:00+08:00,299.60847450043013
2023-10-13 02:00:00+08:00,306.3297527676855
2023-10-13 03:00:00+08:00,296.78036089050653
2023-10-13 04:00:00+08:00,305.33399943029025
2023-10-13 05:00:00+08:00,353.8170548325601
2023-10-13 06:00:00+08:00,440.89551516743416
2023-10-13 07:00:00+08:00,489.0978121091408
2023-10-13 08:00:00+08:00,522.0868784548767
2023-10-13 09:00:00+08:00,625.2634552286881
2023-10-13 10:00:00+08:00,624.2599915172062
2023-10-13 11:00:00+08:00,639.8980497269085
2023-10-13 12:00:00+08:00,594.5636269215346
2023-10-13 13:00:00+08:00,552.9327295322613
2023-10-13 14:00:00+08:00,555.7452621441165
2023-10-13 15:00:00+08:00,583.3476268351537
2023-10-13 16:00:00+08:00,571.0140499999919
2023-10-13 17:00:00+08:00,634.2155971212657
2023-10-13 18:00:00+08:00,635.3136484189558
2023-10-13 19:00:00+08:00,576.0453239021065
2023-10-13 20:00:00+08:00,535.2500132433897
2023-10-13 21:00:00+08:00,479.5373319020476
2023-10-13 22:00:00+08:00,473.83854295900517
2023-10-13 23:00:00+08:00,387.91793898655203
2023-10-14 00:00:00+08:00,145.65787693649963
2023-10-14 01:00:00+08:00,142.005979983263
2023-10-14 02:00:00+08:00,130.82716508873492
2023-10-14 03:00:00+08:00,134.75282696221893
2023-10-14 04:00:00+08:00,131.2855745654489
2023-10-14 05:00:00+08:00,162.15764850473425
2023-10-14 06:00:00+08:00,200.1094152653661
2023-10-14 07:00:00+08:00,257.92266866663675
2023-10-14 08:00:00+08:00,265.7759250388873
2023-10-14 09:00:00+08:00,266.47186620201154
2023-10-14 10:00:00+08:00,254.93883047892257
2023-10-14 11:00:00+08:00,276.074068851633
2023-10-14 12:00:00+08:00,258.54494778412953
2023-10-14 13:00:00+08:00,257.46406932865403
2023-10-14 14:00:00+08:00,254.54563829817633
2023-10-14 15:00:00+08:00,263.846130634917
2023-10-14 16:00:00+08:00,249.64686599665993
2023-10-14 17:00:00+08:00,265.45794721795215
2023-10-14 18:00:00+08:00,270.9251600264366
2023-10-14 19:00:00+08:00,250.68296597003805
2023-10-14 20:00:00+08:00,238.97074055482605
2023-10-14 21:00:00+08:00,229.22128705076497
2023-10-14 22:00:00+08:00,199.93620240738676
2023-10-14 23:00:00+08:00,166.97671209791062
2023-10-15 00:00:00+08:00,147.2609072110533
2023-10-15 01:00:00+08:00,144.97539825962815
2023-10-15 02:00:00+08:00,128.43128487062583
2023-10-15 03:00:00+08:00,132.06021826267053
2023-10-15 04:00:00+08:00,131.7255046048815
2023-10-15 05:00:00+08:00,161.37554850905065
2023-10-15 06:00:00+08:00,200.35976076838313
2023-10-15 07:00:00+08:00,238.29668570849756
2023-10-15 08:00:00+08:00,269.12652614971665
2023-10-15 09:00:00+08:00,255.22774671245742
2023-10-15 10:00:00+08:00,257.05220064038053
2023-10-15 11:00:00+08:00,252.4763044554667
2023-10-15 12:00:00+08:00,256.6952170047848
2023-10-15 13:00:00+08:00,277.0411265073977
2023-10-15 14:00:00+08:00,247.26019502014773
2023-10-15 15:00:00+08:00,267.67467212444114
2023-10-15 16:00:00+08:00,259.16720161526575
2023-10-15 17:00:00+08:00,276.28329552649467
2023-10-15 18:00:00+08:00,251.9890800082114
2023-10-15 19:00:00+08:00,255.12978820650963
2023-10-15 20:00:00+08:00,241.83341016519222
2023-10-15 21:00:00+08:00,249.13819339730247
2023-10-15 22:00:00+08:00,206.17390926592716
2023-10-15 23:00:00+08:00,170.15554073334474
2023-10-16 00:00:00+08:00,336.97982076190885
2023-10-16 01:00:00+08:00,336.6237713933753
2023-10-16 02:00:00+08:00,278.73806885987426
2023-10-16 03:00:00+08:00,288.12644638196673
2023-10-16 04:00:00+08:00,307.16321556992125
2023-10-16 05:00:00+08:00,340.1121318442873
2023-10-16 06:00:00+08:00,441.3089022891481
2023-10-16 07:00:00+08:00,520.0192482147212
2023-10-16 08:00:00+08:00,629.8393768383585
2023-10-16 09:00:00+08:00,562.4145668812753
2023-10-16 10:00:00+08:00,591.5735686740463
2023-10-16 11:00:00+08:00,621.2966600869039
2023-10-16 12:00:00+08:00,595.629411647569
2023-10-16 13:00:00+08:00,561.527254133587
2023-10-16 14:00:00+08:00,535.9692535463472
2023-10-16 15:00:00+08:00,579.0457839817034
2023-10-16 16:00:00+08:00,578.2912742313305
2023-10-16 17:00:00+08:00,601.2450184233129
2023-10-16 18:00:00+08:00,551.6608711133049
2023-10-16 19:00:00+08:00,584.9563979867931
2023-10-16 20:00:00+08:00,539.195180664846
2023-10-16 21:00:00+08:00,510.74612460863176
2023-10-16 22:00:00+08:00,473.0436403308247
2023-10-16 23:00:00+08:00,380.8390797465813
2023-10-17 00:00:00+08:00,318.748574209133
2023-10-17 01:00:00+08:00,303.57280471186357
2023-10-17 02:00:00+08:00,296.13754611242587
2023-10-17 03:00:00+08:00,297.3499317759023
2023-10-17 04:00:00+08:00,300.06019754227304
2023-10-17 05:00:00+08:00,318.1710348934034
2023-10-17 06:00:00+08:00,437.6096502872249
2023-10-17 07:00:00+08:00,557.0254333722438
2023-10-17 08:00:00+08:00,600.1247869214337
2023-10-17 09:00:00+08:00,625.5108398424236
2023-10-17 10:00:00+08:00,643.5586164602452
2023-10-17 11:00:00+08:00,615.0006298665662
2023-10-17 12:00:00+08:00,629.8791326088742
2023-10-17 13:00:00+08:00,602.8747058742258
2023-10-17 14:00:00+08:00,605.8104903340021
2023-10-17 15:00:00+08:00,628.2393094158413
2023-10-17 16:00:00+08:00,619.5805787292571
2023-10-17 17:00:00+08:00,613.7363691896987
2023-10-17 18:00:00+08:00,580.132312722256
2023-10-17 19:00:00+08:00,566.0904803504565
2023-10-17 20:00:00+08:00,529.9252355939054
2023-10-17 21:00:00+08:00,519.9483463236857
2023-10-17 22:00:00+08:00,434.75506924337986
2023-10-17 23:00:00+08:00,385.000852029771
2023-10-18 00:00:00+08:00,297.62933954148434
2023-10-18 01:00:00+08:00,332.07333248340746
2023-10-18 02:00:00+08:00,296.0785689569354
2023-10-18 03:00:00+08:00,304.1564235349839
2023-10-18 04:00:00+08:00,328.77655362625745
2023-10-18 05:00:00+08:00,350.6691301305306
2023-10-18 06:00:00+08:00,473.9560166163811
2023-10-18 07:00:00+08:00,522.3318186211494
2023-10-18 08:00:00+08:00,654.7160139008814
2023-10-18 09:00:00+08:00,623.4045346455704
2023-10-18 10:00:00+08:00,602.4251451785944
2023-10-18 11:00:00+08:00,631.480994214605
2023-10-18 12:00:00+08:00,569.4989198048131
2023-10-18 13:00:00+08:00,578.7182112637294
2023-10-18 14:00:00+08:00,600.3421694713588
2023-10-18 15:00:00+08:00,541.75245489911
2023-10-18 16:00:00+08:00,610.8191042735365
2023-10-18 17:00:00+08:00,610.1432575824003
2023-10-18 18:00:00+08:00,631.5947911179546
2023-10-18 19:00:00+08:00,531.6179939002558
2023-10-18 20:00:00+08:00,572.302109585296
2023-10-18 21:00:00+08:00,496.44771514133254
2023-10-18 22:00:00+08:00,440.0577198472365
2023-10-18 23:00:00+08:00,369.3453055994987
2023-10-19 00:00:00+08:00,314.5941884519448
2023-10-19 01:00:00+08:00,315.98516861918984
2023-10-19 02:00:00+08:00,285.7019318858192
2023-10-19 03:00:00+08:00,307.8596426900919
2023-10-19 04:00:00+08:00,302.71950763985126
2023-10-19 05:00:00+08:00,330.0171167192869
2023-10-19 06:00:00+08:00,439.03943529066265
2023-10-19 07:00:00+08:00,557.5802939966495
2023-10-19 08:00:00+08:00,591.3769321642267
2023-10-19 09:00:00+08:00,598.8296696460682
2023-10-19 10:00:00+08:00,614.6649465987986
2023-10-19 11:00:00+08:00,623.9033605459516
2023-10-19 12:00:00+08:00,590.593727545774
2023-10-19 13:00:00+08:00,561.5724218077623
2023-10-19 14:00:00+08:00,569.8399844354851
2023-10-19 15:00:00+08:00,597.0841098287694
2023-10-19 16:00:00+08:00,563.070135710422
2023-10-19 17:00:00+08:00,576.7075933543412
2023-10-19 18:00:00+08:00,569.1919096579359
2023-10-19 19:00:00+08:00,563.3881396473507
2023-10-19 20:00:00+08:00,521.8263644947814
2023-10-19 21:00:00+08:00,522.6854706974493
2023-10-19 22:00:00+08:00,419.71187497518946
2023-10-19 23:00:00+08:00,364.1454438560167
2023-10-20 00:00:00+08:00,324.84787965945054
2023-10-20 01:00:00+08:00,309.09917248728937
2023-10-20 02:00:00+08:00,281.8979580113973
2023-10-20 03:00:00+08:00,292.04942381780455
2023-10-20 04:00:00+08:00,306.2927270592984
2023-10-20 05:00:00+08:00,341.7417714397823
2023-10-20 06:00:00+08:00,451.6982452079347
2023-10-20 07:00:00+08:00,536.163061838766
2023-10-20 08:00:00+08:00,634.0144481338472
2023-10-20 09:00:00+08:00,610.3176186861688
2023-10-20 10:00:00+08:00,579.3010953077994
2023-10-20 11:00:00+08:00,600.8905967762538
2023-10-20 12:00:00+08:00,601.597068833267
2023-10-20 13:00:00+08:00,615.1598544801944
2023-10-20 14:00:00+08:00,555.0387274489098
2023-10-20 15:00:00+08:00,604.6614814905387
2023-10-20 16:00:00+08:00,599.6297192042983
2023-10-20 17:00:00+08:00,634.343219544798
2023-10-20 18:00:00+08:00,616.9472742975266
2023-10-20 19:00:00+08:00,573.1769888619804
2023-10-20 20:00:00+08:00,533.1124133020799
2023-10-20 21:00:00+08:00,519.1445031008711
2023-10-20 22:00:00+08:00,445.7299616748658
2023-10-20 23:00:00+08:00,415.260710739855
2023-10-21 00:00:00+08:00,148.78575911829475
2023-10-21 01:00:00+08:00,137.95468689505586
2023-10-21 02:00:00+08:00,132.35763900964312
2023-10-21 03:00:00+08:00,128.2940940083977
2023-10-21 04:00:00+08:00,143.3518696972287
2023-10-21 05:00:00+08:00,151.28007315611578
2023-10-21 06:00:00+08:00,211.13906509406397
2023-10-21 07:00:00+08:00,235.26821300462925
2023-10-21 08:00:00+08:00,271.04565512532304
2023-10-21 09:00:00+08:00,282.0804880109653
2023-10-21 10:00:00+08:00,246.45698474647557
2023-10-21 11:00:00+08:00,291.44398916763447
2023-10-21 12:00:00+08:00,265.085591936937
2023-10-21 13:00:00+08:00,265.77119452683587
2023-10-21 14:00:00+08:00,262.04542630808237
2023-10-21 15:00:00+08:00,271.95569428715027
2023-10-21 16:00:00+08:00,272.62747657828936
2023-10-21 17:00:00+08:00,280.43182337962526
2023-10-21 18:00:00+08:00,269.76684203664763
2023-10-21 19:00:00+08:00,274.2342228973957
2023-10-21 20:00:00+08:00,247.77667707383355
2023-10-21 21:00:00+08:00,247.23566322879333
2023-10-21 22:00:00+08:00,209.5447354506077
2023-10-21 23:00:00+08:00,162.626503681048
2023-10-22 00:00:00+08:00,163.9959530672933
2023-10-22 01:00:00+08:00,137.16277682132326
2023-10-22 02:00:00+08:00,143.0637273781284
2023-10-22 03:00:00+08:00,135.13315115330005
2023-10-22 04:00:00+08:00,146.3465923944551
2023-10-22 05:00:00+08:00,152.27437168180595
2023-10-22 06:00:00+08:00,207.55081660546634
2023-10-22 07:00:00+08:00,245.86331462528463
2023-10-22 08:00:00+08:00,287.0287360740549
2023-10-22 09:00:00+08:00,274.71416970928806
2023-10-22 10:00:00+08:00,280.084275695646
2023-10-22 11:00:00+08:00,246.60692220646968
2023-10-22 12:00:00+08:00,269.05285174562783
2023-10-22 13:00:00+08:00,268.92232633297704
2023-10-22 14:00:00+08:00,258.77220306747455
2023-10-22 15:00:00+08:00,274.7494384410335
2023-10-22 16:00:00+08:00,266.0255292179199
2023-10-22 17:00:00+08:00,270.5038135840041
2023-10-22 18:00:00+08:00,277.0784557869961
2023-10-22 19:00:00+08:00,233.1007559768358
2023-10-22 20:00:00+08:00,248.70726003318853
2023-10-22 21:00:00+08:00,226.4156130178632
2023-10-22 22:00:00+08:00,195.09357220724198
2023-10-22 23:00:00+08:00,177.84736141231292
2023-10-23 00:00:00+08:00,346.5787674969102
2023-10-23 01:00:00+08:00,325.32183878666973
2023-10-23 02:00:00+08:00,298.7030574178643
2023-10-23 03:00:00+08:00,310.84649403133363
2023-10-23 04:00:00+08:00,323.1844898220359
2023-10-23 05:00:00+08:00,347.16083446188816
2023-10-23 06:00:00+08:00,438.0002509898161
2023-10-23 07:00:00+08:00,538.5589477597911
2023-10-23 08:00:00+08:00,620.7826966609152
2023-10-23 09:00:00+08:00,599.6397299208821
2023-10-23 10:00:00+08:00,575.51668074667
2023-10-23 11:00:00+08:00,560.1716801533671
2023-10-23 12:00:00+08:00,620.6380140022395
2023-10-23 13:00:00+08:00,575.7650953253012
2023-10-23 14:00:00+08:00,578.1607665234312
2023-10-23 15:00:00+08:00,617.828914714947
2023-10-23 16:00:00+08:00,569.2040105452706
2023-10-23 17:00:00+08:00,599.5678782814414
2023-10-23 18:00:00+08:00,584.6202148178082
2023-10-23 19:00:00+08:00,579.287286743734
2023-10-23 20:00:00+08:00,567.3820751980229
2023-10-23 21:00:00+08:00,483.4041959756207
2023-10-23 22:00:00+08:00,460.7567792885449
2023-10-23 23:00:00+08:00,406.53329635690477
2023-10-24 00:00:00+08:00,328.29503182419546
2023-10-24 01:00:00+08:00,311.0000853455845
2023-10-24 02:00:00+08:00,305.72468071712393
2023-10-24 03:00:00+08:00,304.8390559349529
2023-10-24 04:00:00+08:00,320.0038967019109
2023-10-24 05:00:00+08:00,356.6334235612593
2023-10-24 06:00:00+08:00,433.32130975387247
2023-10-24 07:00:00+08:00,575.1882458685662
2023-10-24 08:00:00+08:00,629.4507828959902
2023-10-24 09:00:00+08:00,605.859707601509
2023-10-24 10:00:00+08:00,565.4410117290635
2023-10-24 11:00:00+08:00,598.6231743058828
2023-10-24 12:00:00+08:00,606.0599197670792
2023-10-24 13:00:00+08:00,562.3726831180627
2023-10-24 14:00:00+08:00,563.0841695628872
2023-10-24 15:00:00+08:00,556.1309542580052
2023-10-24 16:00:00+08:00,615.9920399445443
2023-10-24 17:00:00+08:00,605.375531914053
2023-10-24 18:00:00+08:00,550.5576814742071
2023-10-24 19:00:00+08:00,579.3461252185463
2023-10-24 20:00:00+08:00,540.0216712354604
2023-10-24 21:00:00+08:00,521.7350493681676
2023-10-24 22:00:00+08:00,443.97373225337697
2023-10-24 23:00:00+08:00,378.36731657518226
2023-10-25 00:00:00+08:00,320.96616282264733
2023-10-25 01:00:00+08:00,306.37305649391203
2023-10-25 02:00:00+08:00,301.29727316227076
2023-10-25 03:00:00+08:00,302.8524034194544
2023-10-25 04:00:00+08:00,310.7247106098165
2023-10-25 05:00:00+08:00,343.3282201954604
2023-10-25 06:00:00+08:00,445.25801794992867
2023-10-25 07:00:00+08:00,609.537997234868
2023-10-25 08:00:00+08:00,583.5777191272178
2023-10-25 09:00:00+08:00,588.7020158582345
2023-10-25 10:00:00+08:00,681.475733348278
2023-10-25 11:00:00+08:00,612.2815087827491
2023-10-25 12:00:00+08:00,568.9034069290374
2023-10-25 13:00:00+08:00,609.9890408580171
2023-10-25 14:00:00+08:00,551.2111449668099
2023-10-25 15:00:00+08:00,611.5557354362546
2023-10-25 16:00:00+08:00,597.0599691000634
2023-10-25 17:00:00+08:00,591.5483649045345
2023-10-25 18:00:00+08:00,628.0809301777967
2023-10-25 19:00:00+08:00,584.9941100968833
2023-10-25 20:00:00+08:00,563.018589150358
2023-10-25 21:00:00+08:00,520.7239849204423
2023-10-25 22:00:00+08:00,443.57729893821346
2023-10-25 23:00:00+08:00,400.96289832698903
2023-10-26 00:00:00+08:00,347.6479684215934
2023-10-26 01:00:00+08:00,315.21051265876696
2023-10-26 02:00:00+08:00,323.1873863018635
2023-10-26 03:00:00+08:00,311.71788674167726
2023-10-26 04:00:00+08:00,316.17922299003277
2023-10-26 05:00:00+08:00,353.2140168085269
2023-10-26 06:00:00+08:00,454.6757499059241
2023-10-26 07:00:00+08:00,526.9286038805865
2023-10-26 08:00:00+08:00,600.7523179716716
2023-10-26 09:00:00+08:00,608.2589384508392
2023-10-26 10:00:00+08:00,592.8898696258912
2023-10-26 11:00:00+08:00,611.06833872249
2023-10-26 12:00:00+08:00,603.4384600257064
2023-10-26 13:00:00+08:00,609.1520281639179
2023-10-26 14:00:00+08:00,587.97101508916
2023-10-26 15:00:00+08:00,594.8167042975756
2023-10-26 16:00:00+08:00,569.9515368845217
2023-10-26 17:00:00+08:00,646.1114183835963
2023-10-26 18:00:00+08:00,587.5125526649798
2023-10-26 19:00:00+08:00,570.9251578445708
2023-10-26 20:00:00+08:00,535.1976161765745
2023-10-26 21:00:00+08:00,502.47373601227633
2023-10-26 22:00:00+08:00,480.12195758033505
2023-10-26 23:00:00+08:00,413.6286671690071
2023-10-27 00:00:00+08:00,337.9555608570006
2023-10-27 01:00:00+08:00,312.59113862815803
2023-10-27 02:00:00+08:00,309.342067477359
2023-10-27 03:00:00+08:00,302.75750329832994
2023-10-27 04:00:00+08:00,311.55233565071467
2023-10-27 05:00:00+08:00,354.9007740435392
2023-10-27 06:00:00+08:00,444.80940221210403
2023-10-27 07:00:00+08:00,561.038879577546
2023-10-27 08:00:00+08:00,608.6646554224633
2023-10-27 09:00:00+08:00,618.2933516243163
2023-10-27 10:00:00+08:00,588.7811270371323
2023-10-27 11:00:00+08:00,620.8821661367097
2023-10-27 12:00:00+08:00,581.8460588913342
2023-10-27 13:00:00+08:00,578.1076526351648
2023-10-27 14:00:00+08:00,561.4116984061757
2023-10-27 15:00:00+08:00,566.286673878772
2023-10-27 16:00:00+08:00,628.260407890928
2023-10-27 17:00:00+08:00,580.3309071611179
2023-10-27 18:00:00+08:00,575.117419514113
2023-10-27 19:00:00+08:00,602.3475908074003
2023-10-27 20:00:00+08:00,530.9583111195875
2023-10-27 21:00:00+08:00,509.3109417419487
2023-10-27 22:00:00+08:00,434.4697901651488
2023-10-27 23:00:00+08:00,405.50123944028854
2023-10-28 00:00:00+08:00,154.69771549058459
2023-10-28 01:00:00+08:00,145.6497020323885
2023-10-28 02:00:00+08:00,138.9518684423715
2023-10-28 03:00:00+08:00,136.42752760237707
2023-10-28 04:00:00+08:00,138.50090282626365
2023-10-28 05:00:00+08:00,152.6476547226231
2023-10-28 06:00:00+08:00,214.56841276504022
2023-10-28 07:00:00+08:00,257.94681790119444
2023-10-28 08:00:00+08:00,264.5095916490725
2023-10-28 09:00:00+08:00,272.4877020670969
2023-10-28 10:00:00+08:00,268.78834258685134
2023-10-28 11:00:00+08:00,259.7768654854566
2023-10-28 12:00:00+08:00,273.98747845296947
2023-10-28 13:00:00+08:00,262.18212857552066
2023-10-28 14:00:00+08:00,248.60415120785774
2023-10-28 15:00:00+08:00,250.83891284360138
2023-10-28 16:00:00+08:00,255.03667071462365
2023-10-28 17:00:00+08:00,268.01232379567426
2023-10-28 18:00:00+08:00,265.7056635179788
2023-10-28 19:00:00+08:00,249.40262022683063
2023-10-28 20:00:00+08:00,251.22213267625983
2023-10-28 21:00:00+08:00,230.63981379013367
2023-10-28 22:00:00+08:00,208.74900744630492
2023-10-28 23:00:00+08:00,175.5414568153166
2023-10-29 00:00:00+08:00,145.12373476590454
2023-10-29 01:00:00+08:00,142.31495230354793
2023-10-29 02:00:00+08:00,129.33946319339316
2023-10-29 03:00:00+08:00,139.1587805539536
2023-10-29 04:00:00+08:00,136.35770610940938
2023-10-29 05:00:00+08:00,163.8183850567639
2023-10-29 06:00:00+08:00,201.56299181111285
2023-10-29 07:00:00+08:00,261.2965785444336
2023-10-29 08:00:00+08:00,260.2051440730318
2023-10-29 09:00:00+08:00,265.052961603999
2023-10-29 10:00:00+08:00,276.5902589180826
2023-10-29 11:00:00+08:00,285.19455970571346
2023-10-29 12:00:00+08:00,290.6009679258833
2023-10-29 13:00:00+08:00,267.43199200785546
2023-10-29 14:00:00+08:00,277.84264357971193
2023-10-29 15:00:00+08:00,263.89671351904957
2023-10-29 16:00:00+08:00,284.4128834981531
2023-10-29 17:00:00+08:00,262.17152366491564
2023-10-29 18:00:00+08:00,271.4777945561682
2023-10-29 19:00:00+08:00,234.57424446810646
2023-10-29 20:00:00+08:00,234.19475305471005
2023-10-29 21:00:00+08:00,235.89594049619726
2023-10-29 22:00:00+08:00,193.60246238155042
2023-10-29 23:00:00+08:00,180.1096092085448
2023-10-30 00:00:00+08:00,345.55409087209506
2023-10-30 01:00:00+08:00,308.9522293296656
2023-10-30 02:00:00+08:00,291.3989657917971
2023-10-30 03:00:00+08:00,297.3984713258693
2023-10-30 04:00:00+08:00,303.0945309105424
2023-10-30 05:00:00+08:00,350.22849824758856
2023-10-30 06:00:00+08:00,456.5795593807574
2023-10-30 07:00:00+08:00,550.9654947850992
2023-10-30 08:00:00+08:00,646.9032066236693
2023-10-30 09:00:00+08:00,588.8499658546588
2023-10-30 10:00:00+08:00,640.0417193652141
2023-10-30 11:00:00+08:00,581.0448537938523
2023-10-30 12:00:00+08:00,608.0618493178696
2023-10-30 13:00:00+08:00,622.2895928530623
2023-10-30 14:00:00+08:00,602.0476688439284
2023-10-30 15:00:00+08:00,584.1827188412785
2023-10-30 16:00:00+08:00,619.7583379059944
2023-10-30 17:00:00+08:00,616.5112390254275
2023-10-30 18:00:00+08:00,581.3382733717042
2023-10-30 19:00:00+08:00,590.1730574124782
2023-10-30 20:00:00+08:00,586.3192045506082
2023-10-30 21:00:00+08:00,525.0760097557671
2023-10-30 22:00:00+08:00,465.02404540576185
2023-10-30 23:00:00+08:00,404.688618662541
2023-10-31 00:00:00+08:00,314.44086203044037
2023-10-31 01:00:00+08:00,321.5536351390516
2023-10-31 02:00:00+08:00,291.24985224352173
2023-10-31 03:00:00+08:00,296.4337468889615
2023-10-31 04:00:00+08:00,343.04572050253427
2023-10-31 05:00:00+08:00,348.6051582452508
2023-10-31 06:00:00+08:00,441.9130139831988
2023-10-31 07:00:00+08:00,584.3731558132873
2023-10-31 08:00:00+08:00,584.1775669051154
2023-10-31 09:00:00+08:00,596.327720498489
2023-10-31 10:00:00+08:00,637.5312451471613
2023-10-31 11:00:00+08:00,608.2332682211515
2023-10-31 12:00:00+08:00,569.266811024354
2023-10-31 13:00:00+08:00,607.9987030622278
2023-10-31 14:00:00+08:00,567.6869990891105
2023-10-31 15:00:00+08:00,631.7022331635658
2023-10-31 16:00:00+08:00,592.4716027700678
2023-10-31 17:00:00+08:00,632.7264857546194
2023-10-31 18:00:00+08:00,637.315858762179
2023-10-31 19:00:00+08:00,557.2006650094736
2023-10-31 20:00:00+08:00,542.2516409654719
2023-10-31 21:00:00+08:00,524.1383769978437
2023-10-31 22:00:00+08:00,439.7786344349475
2023-10-31 23:00:00+08:00,398.9436123133103
2023-11-01 00:00:00+08:00,331.4524994052759
2023-11-01 01:00:00+08:00,313.1184346260996
2023-11-01 02:00:00+08:00,304.65118887277134
2023-11-01 03:00:00+08:00,304.92272695949606
2023-11-01 04:00:00+08:00,318.29111141056165
2023-11-01 05:00:00+08:00,344.2565859979689
2023-11-01 06:00:00+08:00,445.9557853838325
2023-11-01 07:00:00+08:00,556.8092038724069
2023-11-01 08:00:00+08:00,607.023270528609
2023-11-01 09:00:00+08:00,597.4371952502977
2023-11-01 10:00:00+08:00,615.991639881208
2023-11-01 11:00:00+08:00,563.9688426572804
2023-11-01 12:00:00+08:00,590.3437656075347
2023-11-01 13:00:00+08:00,589.276820719965
2023-11-01 14:00:00+08:00,557.9230498405963
2023-11-01 15:00:00+08:00,634.7865424568707
2023-11-01 16:00:00+08:00,608.5707814321737
2023-11-01 17:00:00+08:00,612.4118071750524
2023-11-01 18:00:00+08:00,584.4304887608189
2023-11-01 19:00:00+08:00,577.3417546769217
2023-11-01 20:00:00+08:00,520.696412437372
2023-11-01 21:00:00+08:00,513.3840760111038
2023-11-01 22:00:00+08:00,438.9898011924025
2023-11-01 23:00:00+08:00,390.8867814435513
2023-11-02 00:00:00+08:00,300.67597564352144
2023-11-02 01:00:00+08:00,302.4152328679104
2023-11-02 02:00:00+08:00,322.35607300845487
2023-11-02 03:00:00+08:00,314.6390847439916
2023-11-02 04:00:00+08:00,333.41485754747146
2023-11-02 05:00:00+08:00,372.8562725715126
2023-11-02 06:00:00+08:00,469.08251341554785
2023-11-02 07:00:00+08:00,550.1741045218366
2023-11-02 08:00:00+08:00,583.7786551682065
2023-11-02 09:00:00+08:00,636.9849873471524
2023-11-02 10:00:00+08:00,610.6210832341742
2023-11-02 11:00:00+08:00,669.8072758229757
2023-11-02 12:00:00+08:00,600.1535942940474
2023-11-02 13:00:00+08:00,643.9693883256311
2023-11-02 14:00:00+08:00,574.9669169289099
2023-11-02 15:00:00+08:00,628.7648607476079
2023-11-02 16:00:00+08:00,650.3827572059374
2023-11-02 17:00:00+08:00,584.1270554742991
2023-11-02 18:00:00+08:00,585.2879452514085
2023-11-02 19:00:00+08:00,554.6885863722823
2023-11-02 20:00:00+08:00,521.1758428851942
2023-11-02 21:00:00+08:00,531.5042474607179
2023-11-02 22:00:00+08:00,453.193378434498
2023-11-02 23:00:00+08:00,396.7104879031029
2023-11-03 00:00:00+08:00,342.96571228277406
2023-11-03 01:00:00+08:00,293.63431753966006
2023-11-03 02:00:00+08:00,320.6994645147937
2023-11-03 03:00:00+08:00,300.7419132666011
2023-11-03 04:00:00+08:00,323.95603637483896
2023-11-03 05:00:00+08:00,362.5853674308048
2023-11-03 06:00:00+08:00,482.5869603696654
2023-11-03 07:00:00+08:00,558.8477632639265
2023-11-03 08:00:00+08:00,558.1848460040184
2023-11-03 09:00:00+08:00,611.3956662986801
2023-11-03 10:00:00+08:00,614.8990099116886
2023-11-03 11:00:00+08:00,584.7657112341641
2023-11-03 12:00:00+08:00,613.6005308186939
2023-11-03 13:00:00+08:00,589.1690160078269
2023-11-03 14:00:00+08:00,548.3765353453406
2023-11-03 15:00:00+08:00,613.8583063988909
2023-11-03 16:00:00+08:00,596.2468154251997
2023-11-03 17:00:00+08:00,600.0860672725154
2023-11-03 18:00:00+08:00,586.740496461462
2023-11-03 19:00:00+08:00,608.1401370878453
2023-11-03 20:00:00+08:00,548.1030521932418
2023-11-03 21:00:00+08:00,520.1420212352233
2023-11-03 22:00:00+08:00,449.4376466618202
2023-11-03 23:00:00+08:00,403.84222539140893
2023-11-04 00:00:00+08:00,159.3770448479497
2023-11-04 01:00:00+08:00,146.6723305184876
2023-11-04 02:00:00+08:00,141.24557193721796
2023-11-04 03:00:00+08:00,140.80217085370268
2023-11-04 04:00:00+08:00,135.07422246399466
2023-11-04 05:00:00+08:00,153.87528661185846
2023-11-04 06:00:00+08:00,204.5122362754448
2023-11-04 07:00:00+08:00,245.5982727687181
2023-11-04 08:00:00+08:00,263.2300905057326
2023-11-04 09:00:00+08:00,254.34808924431323
2023-11-04 10:00:00+08:00,260.1288833410556
2023-11-04 11:00:00+08:00,272.11619109701354
2023-11-04 12:00:00+08:00,274.17381316624386
2023-11-04 13:00:00+08:00,260.89141116374674
2023-11-04 14:00:00+08:00,262.01504321564596
2023-11-04 15:00:00+08:00,264.7629217264521
2023-11-04 16:00:00+08:00,286.93090473554474
2023-11-04 17:00:00+08:00,273.1598509255218
2023-11-04 18:00:00+08:00,276.94331880528483
2023-11-04 19:00:00+08:00,263.31356256691333
2023-11-04 20:00:00+08:00,233.5662562391644
2023-11-04 21:00:00+08:00,232.84926901884074
2023-11-04 22:00:00+08:00,196.01142117919045
2023-11-04 23:00:00+08:00,177.93637613795235
2023-11-05 00:00:00+08:00,146.94512787097014
2023-11-05 01:00:00+08:00,145.38584196642034
2023-11-05 02:00:00+08:00,130.29720270003475
2023-11-05 03:00:00+08:00,137.77134549661184
2023-11-05 04:00:00+08:00,146.4767388433043
2023-11-05 05:00:00+08:00,165.5193100885994
2023-11-05 06:00:00+08:00,200.22244761591256
2023-11-05 07:00:00+08:00,253.53017580376584
2023-11-05 08:00:00+08:00,277.40916824649713
2023-11-05 09:00:00+08:00,292.42269863116485
2023-11-05 10:00:00+08:00,259.0635558603126
2023-11-05 11:00:00+08:00,265.344743029604
2023-11-05 12:00:00+08:00,306.27254605634585
2023-11-05 13:00:00+08:00,266.92506729273003
2023-11-05 14:00:00+08:00,241.82346471526745
2023-11-05 15:00:00+08:00,263.58454679706796
2023-11-05 16:00:00+08:00,244.8809719642059
2023-11-05 17:00:00+08:00,278.03454403874633
2023-11-05 18:00:00+08:00,278.61469805023506
2023-11-05 19:00:00+08:00,252.0716475433002
2023-11-05 20:00:00+08:00,243.1760533149078
2023-11-05 21:00:00+08:00,242.72175838050336
2023-11-05 22:00:00+08:00,192.07629099204894
2023-11-05 23:00:00+08:00,169.53516859663364
2023-11-06 00:00:00+08:00,334.05004077311355
2023-11-06 01:00:00+08:00,309.1455912964946
2023-11-06 02:00:00+08:00,302.875796154534
2023-11-06 03:00:00+08:00,290.98586532739927
2023-11-06 04:00:00+08:00,321.469873469914
2023-11-06 05:00:00+08:00,353.39270246966913
2023-11-06 06:00:00+08:00,469.8164245249724
2023-11-06 07:00:00+08:00,568.4405364457951
2023-11-06 08:00:00+08:00,618.0243822411147
2023-11-06 09:00:00+08:00,577.4957483448826
2023-11-06 10:00:00+08:00,625.0341913245209
2023-11-06 11:00:00+08:00,604.8444285465296
2023-11-06 12:00:00+08:00,608.8719977005906
2023-11-06 13:00:00+08:00,625.885160023174
2023-11-06 14:00:00+08:00,565.5515165861334
2023-11-06 15:00:00+08:00,633.1636911350682
2023-11-06 16:00:00+08:00,648.3727321429759
2023-11-06 17:00:00+08:00,631.4136702246797
2023-11-06 18:00:00+08:00,577.1353043059491
2023-11-06 19:00:00+08:00,531.3849471629554
2023-11-06 20:00:00+08:00,575.4670768747935
2023-11-06 21:00:00+08:00,523.3345181714077
2023-11-06 22:00:00+08:00,446.01431127103876
2023-11-06 23:00:00+08:00,417.1247702025483
2023-11-07 00:00:00+08:00,326.0456587588859
2023-11-07 01:00:00+08:00,313.8472382098991
2023-11-07 02:00:00+08:00,313.42988451536223
2023-11-07 03:00:00+08:00,293.31020032278826
2023-11-07 04:00:00+08:00,317.8658050705226
2023-11-07 05:00:00+08:00,371.61584477029857
2023-11-07 06:00:00+08:00,464.3652969372091
2023-11-07 07:00:00+08:00,593.0360109762265
2023-11-07 08:00:00+08:00,641.8089834768541
2023-11-07 09:00:00+08:00,614.1591541647276
2023-11-07 10:00:00+08:00,556.5816292852991
2023-11-07 11:00:00+08:00,586.8127089442121
2023-11-07 12:00:00+08:00,632.7156528643869
2023-11-07 13:00:00+08:00,564.378913810227
2023-11-07 14:00:00+08:00,575.6486467196036
2023-11-07 15:00:00+08:00,609.8361403638252
2023-11-07 16:00:00+08:00,650.0599507327792
2023-11-07 17:00:00+08:00,599.8473369768097
2023-11-07 18:00:00+08:00,586.2025302413858
2023-11-07 19:00:00+08:00,582.047051658662
2023-11-07 20:00:00+08:00,560.3283892678359
2023-11-07 21:00:00+08:00,518.6538489271661
2023-11-07 22:00:00+08:00,479.8033833113841
2023-11-07 23:00:00+08:00,386.32303132036094
2023-11-08 00:00:00+08:00,339.87204564980965
2023-11-08 01:00:00+08:00,325.4915871074181
2023-11-08 02:00:00+08:00,302.5738141921469
2023-11-08 03:00:00+08:00,317.8249425170169
2023-11-08 04:00:00+08:00,321.7019453875953
2023-11-08 05:00:00+08:00,367.9512105485599
2023-11-08 06:00:00+08:00,464.8261170249636
2023-11-08 07:00:00+08:00,574.312482338306
2023-11-08 08:00:00+08:00,599.4365809965111
2023-11-08 09:00:00+08:00,599.4764338297189
2023-11-08 10:00:00+08:00,645.113070095587
2023-11-08 11:00:00+08:00,630.6266326849293
2023-11-08 12:00:00+08:00,589.8285806213188
2023-11-08 13:00:00+08:00,607.053590022189
2023-11-08 14:00:00+08:00,528.7690477700179
2023-11-08 15:00:00+08:00,588.8569849119988
2023-11-08 16:00:00+08:00,638.6342686711188
2023-11-08 17:00:00+08:00,611.9146997235637
2023-11-08 18:00:00+08:00,605.5359898840959
2023-11-08 19:00:00+08:00,513.7515293015981
2023-11-08 20:00:00+08:00,544.8095229119564
2023-11-08 21:00:00+08:00,529.8174548299085
2023-11-08 22:00:00+08:00,469.82943949632056
2023-11-08 23:00:00+08:00,415.13350967815154
2023-11-09 00:00:00+08:00,335.9658014520456
2023-11-09 01:00:00+08:00,318.211895706996
2023-11-09 02:00:00+08:00,291.60151869854604
2023-11-09 03:00:00+08:00,305.4941292052346
2023-11-09 04:00:00+08:00,304.1694656198131
2023-11-09 05:00:00+08:00,330.8867030365182
2023-11-09 06:00:00+08:00,441.96590005126905
2023-11-09 07:00:00+08:00,600.9472908597583
2023-11-09 08:00:00+08:00,609.3609674371199
2023-11-09 09:00:00+08:00,621.4459209449531
2023-11-09 10:00:00+08:00,603.3747767230241
2023-11-09 11:00:00+08:00,571.906722174978
2023-11-09 12:00:00+08:00,639.0947693618051
2023-11-09 13:00:00+08:00,551.2524610253375
2023-11-09 14:00:00+08:00,572.23932737825
2023-11-09 15:00:00+08:00,602.3884832365216
2023-11-09 16:00:00+08:00,621.7074193763533
2023-11-09 17:00:00+08:00,598.1268756411793
2023-11-09 18:00:00+08:00,559.3237059377925
2023-11-09 19:00:00+08:00,566.4736614663962
2023-11-09 20:00:00+08:00,537.8198985093061
2023-11-09 21:00:00+08:00,507.43130930648914
2023-11-09 22:00:00+08:00,479.9484176293554
2023-11-09 23:00:00+08:00,380.98019092525544
2023-11-10 00:00:00+08:00,343.47547693243706
2023-11-10 01:00:00+08:00,322.90911097056954
2023-11-10 02:00:00+08:00,320.3893124379219
2023-11-10 03:00:00+08:00,306.89287835375666
2023-11-10 04:00:00+08:00,331.031594039254
2023-11-10 05:00:00+08:00,355.4361486680592
2023-11-10 06:00:00+08:00,470.8454171672223
2023-11-10 07:00:00+08:00,533.5769349768359
2023-11-10 08:00:00+08:00,551.9515502085608
2023-11-10 09:00:00+08:00,626.3907750084766
2023-11-10 10:00:00+08:00,627.7146723290896
2023-11-10 11:00:00+08:00,628.8085977053777
2023-11-10 12:00:00+08:00,604.1149910560957
2023-11-10 13:00:00+08:00,640.7656103296699
2023-11-10 14:00:00+08:00,575.4346915553472
2023-11-10 15:00:00+08:00,614.9111306290833
2023-11-10 16:00:00+08:00,631.7491644700722
2023-11-10 17:00:00+08:00,659.4952795275282
2023-11-10 18:00:00+08:00,597.0616992446874
2023-11-10 19:00:00+08:00,570.9016982542107
2023-11-10 20:00:00+08:00,522.0839709434599
2023-11-10 21:00:00+08:00,557.0804052514014
2023-11-10 22:00:00+08:00,470.60509941402
2023-11-10 23:00:00+08:00,408.36554442780357
2023-11-11 00:00:00+08:00,172.05808572947785
2023-11-11 01:00:00+08:00,146.52156529294007
2023-11-11 02:00:00+08:00,131.83289647046684
2023-11-11 03:00:00+08:00,137.9880254070612
2023-11-11 04:00:00+08:00,139.00123470400146
2023-11-11 05:00:00+08:00,158.77569396361486
2023-11-11 06:00:00+08:00,205.25731109203554
2023-11-11 07:00:00+08:00,249.89440305318726
2023-11-11 08:00:00+08:00,262.65373893194845
2023-11-11 09:00:00+08:00,295.87425626720443
2023-11-11 10:00:00+08:00,281.4807705073947
2023-11-11 11:00:00+08:00,275.6470653675717
2023-11-11 12:00:00+08:00,286.5853706052986
2023-11-11 13:00:00+08:00,277.7289826392513
2023-11-11 14:00:00+08:00,267.1619611121683
2023-11-11 15:00:00+08:00,280.06162077410795
2023-11-11 16:00:00+08:00,279.6459073997658
2023-11-11 17:00:00+08:00,285.61275604791484
2023-11-11 18:00:00+08:00,280.8043181676793
2023-11-11 19:00:00+08:00,265.96785643752673
2023-11-11 20:00:00+08:00,248.1332033272564
2023-11-11 21:00:00+08:00,250.90578360002587
2023-11-11 22:00:00+08:00,204.6288577127583
2023-11-11 23:00:00+08:00,183.63121623276248
2023-11-12 00:00:00+08:00,155.78491581377128
2023-11-12 01:00:00+08:00,141.35600767912808
2023-11-12 02:00:00+08:00,134.81438059768348
2023-11-12 03:00:00+08:00,137.34419558443957
2023-11-12 04:00:00+08:00,142.03606321349253
2023-11-12 05:00:00+08:00,152.18091618341757
2023-11-12 06:00:00+08:00,203.5283053810416
2023-11-12 07:00:00+08:00,259.07136062662335
2023-11-12 08:00:00+08:00,292.7414779693684
2023-11-12 09:00:00+08:00,284.81102398243956
2023-11-12 10:00:00+08:00,249.65961558321482
2023-11-12 11:00:00+08:00,285.7796873914526
2023-11-12 12:00:00+08:00,272.41141166609214
2023-11-12 13:00:00+08:00,278.00824329588767
2023-11-12 14:00:00+08:00,264.55090035778665
2023-11-12 15:00:00+08:00,270.9549223012272
2023-11-12 16:00:00+08:00,277.4927269518674
2023-11-12 17:00:00+08:00,278.382248125349
2023-11-12 18:00:00+08:00,287.7436335985794
2023-11-12 19:00:00+08:00,264.4924022966323
2023-11-12 20:00:00+08:00,261.65770664616014
2023-11-12 21:00:00+08:00,245.74153993904883
2023-11-12 22:00:00+08:00,214.54994062847868
2023-11-12 23:00:00+08:00,168.16786614838048
2023-11-13 00:00:00+08:00,356.3727547182236
2023-11-13 01:00:00+08:00,316.6209635279888
2023-11-13 02:00:00+08:00,319.0020248918432
2023-11-13 03:00:00+08:00,298.0592613789082
2023-11-13 04:00:00+08:00,307.239608687388
2023-11-13 05:00:00+08:00,388.18292569450676
2023-11-13 06:00:00+08:00,447.3782329208324
2023-11-13 07:00:00+08:00,596.7871723131153
2023-11-13 08:00:00+08:00,623.1849371430867
2023-11-13 09:00:00+08:00,609.8238161634287
2023-11-13 10:00:00+08:00,619.1347443072111
2023-11-13 11:00:00+08:00,587.9669480622205
2023-11-13 12:00:00+08:00,619.9056989701032
2023-11-13 13:00:00+08:00,581.5166028642153
2023-11-13 14:00:00+08:00,579.9142296945696
2023-11-13 15:00:00+08:00,630.3394422495601
2023-11-13 16:00:00+08:00,626.5533830540685
2023-11-13 17:00:00+08:00,583.4744745826755
2023-11-13 18:00:00+08:00,628.5448145751321
2023-11-13 19:00:00+08:00,589.0672592605528
2023-11-13 20:00:00+08:00,546.115853903456
2023-11-13 21:00:00+08:00,542.956107567862
2023-11-13 22:00:00+08:00,462.0739216981756
2023-11-13 23:00:00+08:00,384.36256827784024
2023-11-14 00:00:00+08:00,366.9811654845384
2023-11-14 01:00:00+08:00,322.86068203422235
2023-11-14 02:00:00+08:00,309.64646475491594
2023-11-14 03:00:00+08:00,305.6238196660298
2023-11-14 04:00:00+08:00,338.3332204199994
2023-11-14 05:00:00+08:00,352.79715552592984
2023-11-14 06:00:00+08:00,437.1890729323799
2023-11-14 07:00:00+08:00,556.0927538389692
2023-11-14 08:00:00+08:00,654.28939371836
2023-11-14 09:00:00+08:00,641.9962318544083
2023-11-14 10:00:00+08:00,614.9777575074387
2023-11-14 11:00:00+08:00,655.4445570672175
2023-11-14 12:00:00+08:00,639.9038912309526
2023-11-14 13:00:00+08:00,602.3963180276436
2023-11-14 14:00:00+08:00,586.3326567533153
2023-11-14 15:00:00+08:00,616.9099751023442
2023-11-14 16:00:00+08:00,600.6409928676974
2023-11-14 17:00:00+08:00,621.4275279759167
2023-11-14 18:00:00+08:00,616.4032728741707
2023-11-14 19:00:00+08:00,550.4205284969593
2023-11-14 20:00:00+08:00,554.9494128781863
2023-11-14 21:00:00+08:00,521.716250636346
2023-11-14 22:00:00+08:00,485.1493138513599
2023-11-14 23:00:00+08:00,374.05873543224914
2023-11-15 00:00:00+08:00,337.0891854360832
2023-11-15 01:00:00+08:00,317.4047185565245
2023-11-15 02:00:00+08:00,323.1443210611245
2023-11-15 03:00:00+08:00,310.6515467983105
2023-11-15 04:00:00+08:00,346.89296713898324
2023-11-15 05:00:00+08:00,370.5465326664963
2023-11-15 06:00:00+08:00,459.13087872314856
2023-11-15 07:00:00+08:00,578.0853368141501
2023-11-15 08:00:00+08:00,613.5724908135926
2023-11-15 09:00:00+08:00,643.7822919918472
2023-11-15 10:00:00+08:00,589.2214941612903
2023-11-15 11:00:00+08:00,601.880893182121
2023-11-15 12:00:00+08:00,633.7318297246535
2023-11-15 13:00:00+08:00,639.8449517523082
2023-11-15 14:00:00+08:00,539.1897171838093
2023-11-15 15:00:00+08:00,643.4732319612214
2023-11-15 16:00:00+08:00,618.8984742576292
2023-11-15 17:00:00+08:00,575.4872196898233
2023-11-15 18:00:00+08:00,536.704571902844
2023-11-15 19:00:00+08:00,555.0967741523547
2023-11-15 20:00:00+08:00,559.706980226254
2023-11-15 21:00:00+08:00,527.6346464447684
2023-11-15 22:00:00+08:00,478.61328052278407
2023-11-15 23:00:00+08:00,395.659845828587
2023-11-16 00:00:00+08:00,327.70529701239997
2023-11-16 01:00:00+08:00,318.8426145608342
2023-11-16 02:00:00+08:00,312.1493925912221
2023-11-16 03:00:00+08:00,314.60785369300646
2023-11-16 04:00:00+08:00,313.96563837567936
2023-11-16 05:00:00+08:00,374.6459293730436
2023-11-16 06:00:00+08:00,455.9729561205596
2023-11-16 07:00:00+08:00,553.6295199542576
2023-11-16 08:00:00+08:00,609.9342082148597
2023-11-16 09:00:00+08:00,650.2654175306259
2023-11-16 10:00:00+08:00,620.1488633635271
2023-11-16 11:00:00+08:00,606.1405254533049
2023-11-16 12:00:00+08:00,646.5562652613706
2023-11-16 13:00:00+08:00,663.359421628643
2023-11-16 14:00:00+08:00,597.255264418631
2023-11-16 15:00:00+08:00,641.146070241326
2023-11-16 16:00:00+08:00,649.2987487289262
2023-11-16 17:00:00+08:00,608.3568967399418
2023-11-16 18:00:00+08:00,611.6423158413008
2023-11-16 19:00:00+08:00,561.9021581511283
2023-11-16 20:00:00+08:00,556.5146944369826
2023-11-16 21:00:00+08:00,516.6677372205435
2023-11-16 22:00:00+08:00,460.05994261117127
2023-11-16 23:00:00+08:00,393.09360832549913
2023-11-17 00:00:00+08:00,339.5493154470104
2023-11-17 01:00:00+08:00,331.671793464458
2023-11-17 02:00:00+08:00,310.7746965665941
2023-11-17 03:00:00+08:00,288.97992651373875
2023-11-17 04:00:00+08:00,315.06557963645326
2023-11-17 05:00:00+08:00,340.2151096579712
2023-11-17 06:00:00+08:00,472.9735700291149
2023-11-17 07:00:00+08:00,586.1393852398617
2023-11-17 08:00:00+08:00,630.9433940587254
2023-11-17 09:00:00+08:00,604.8640185060708
2023-11-17 10:00:00+08:00,630.7012172616473
2023-11-17 11:00:00+08:00,612.7903635678095
2023-11-17 12:00:00+08:00,596.1000248629155
2023-11-17 13:00:00+08:00,630.2075200730354
2023-11-17 14:00:00+08:00,612.7214304963687
2023-11-17 15:00:00+08:00,635.274399424398
2023-11-17 16:00:00+08:00,609.3370790738628
2023-11-17 17:00:00+08:00,653.9965622685962
2023-11-17 18:00:00+08:00,599.9600186713191
2023-11-17 19:00:00+08:00,608.8168382539008
2023-11-17 20:00:00+08:00,550.5940468260097
2023-11-17 21:00:00+08:00,526.0982201692335
2023-11-17 22:00:00+08:00,423.0375787509729
2023-11-17 23:00:00+08:00,401.04496735423976
2023-11-18 00:00:00+08:00,155.40203282837854
2023-11-18 01:00:00+08:00,143.9910419825586
2023-11-18 02:00:00+08:00,150.64985661962257
2023-11-18 03:00:00+08:00,134.21646825298842
2023-11-18 04:00:00+08:00,143.09200894021237
2023-11-18 05:00:00+08:00,157.3735344387743
2023-11-18 06:00:00+08:00,206.38105202458945
2023-11-18 07:00:00+08:00,269.6870230328994
2023-11-18 08:00:00+08:00,298.1674133276967
2023-11-18 09:00:00+08:00,273.6318118126846
2023-11-18 10:00:00+08:00,273.38165089420016
2023-11-18 11:00:00+08:00,268.4930410377771
2023-11-18 12:00:00+08:00,296.2333880737764
2023-11-18 13:00:00+08:00,288.26401185968444
2023-11-18 14:00:00+08:00,266.3134411991777
2023-11-18 15:00:00+08:00,260.48596888598235
2023-11-18 16:00:00+08:00,266.80914921598566
2023-11-18 17:00:00+08:00,283.4448396069647
2023-11-18 18:00:00+08:00,281.9552622861645
2023-11-18 19:00:00+08:00,245.3438351280592
2023-11-18 20:00:00+08:00,250.11462788864145
2023-11-18 21:00:00+08:00,254.78488054157043
2023-11-18 22:00:00+08:00,209.30552636260438
2023-11-18 23:00:00+08:00,193.89377220577927
2023-11-19 00:00:00+08:00,159.12969814594177
2023-11-19 01:00:00+08:00,140.28270833099873
2023-11-19 02:00:00+08:00,139.35197502310183
2023-11-19 03:00:00+08:00,140.27682314072533
2023-11-19 04:00:00+08:00,141.05562155276058
2023-11-19 05:00:00+08:00,157.2177151719287
2023-11-19 06:00:00+08:00,224.25151249544888
2023-11-19 07:00:00+08:00,249.30206741870478
2023-11-19 08:00:00+08:00,294.1703343092219
2023-11-19 09:00:00+08:00,277.0817065731119
2023-11-19 10:00:00+08:00,281.7161276834927
2023-11-19 11:00:00+08:00,288.343069961774
2023-11-19 12:00:00+08:00,275.253475008499
2023-11-19 13:00:00+08:00,282.6431983383034
2023-11-19 14:00:00+08:00,245.975121270146
2023-11-19 15:00:00+08:00,281.22603139034226
2023-11-19 16:00:00+08:00,254.15979724830547
2023-11-19 17:00:00+08:00,279.4464652308357
2023-11-19 18:00:00+08:00,285.8085605447613
2023-11-19 19:00:00+08:00,274.5737204552966
2023-11-19 20:00:00+08:00,240.62309731195737
2023-11-19 21:00:00+08:00,228.48958830001223
2023-11-19 22:00:00+08:00,205.67773271886412
2023-11-19 23:00:00+08:00,184.66883470423141
2023-11-20 00:00:00+08:00,317.19857305973255
2023-11-20 01:00:00+08:00,326.25536886774916
2023-11-20 02:00:00+08:00,317.783078642642
2023-11-20 03:00:00+08:00,310.31959607500033
2023-11-20 04:00:00+08:00,333.2872102641649
2023-11-20 05:00:00+08:00,367.35105771421854
2023-11-20 06:00:00+08:00,460.60901736349507
2023-11-20 07:00:00+08:00,532.7984880443846
2023-11-20 08:00:00+08:00,631.096195154128
2023-11-20 09:00:00+08:00,603.8146348411884
2023-11-20 10:00:00+08:00,613.2241171856141
2023-11-20 11:00:00+08:00,639.7769494190371
2023-11-20 12:00:00+08:00,663.3352394398146
2023-11-20 13:00:00+08:00,614.2547183727636
2023-11-20 14:00:00+08:00,609.5757621469534
2023-11-20 15:00:00+08:00,579.6460443369633
2023-11-20 16:00:00+08:00,633.91127281166
2023-11-20 17:00:00+08:00,626.2419838656584
2023-11-20 18:00:00+08:00,645.4396926018984
2023-11-20 19:00:00+08:00,583.4666133027445
2023-11-20 20:00:00+08:00,559.5108560309963
2023-11-20 21:00:00+08:00,556.1829511973294
2023-11-20 22:00:00+08:00,469.0764437254323
2023-11-20 23:00:00+08:00,389.93719295318897
2023-11-21 00:00:00+08:00,381.143898838268
2023-11-21 01:00:00+08:00,312.8736593850792
2023-11-21 02:00:00+08:00,313.5909596405714
2023-11-21 03:00:00+08:00,318.76465446790223
2023-11-21 04:00:00+08:00,330.48105722963277
2023-11-21 05:00:00+08:00,361.9413298910207
2023-11-21 06:00:00+08:00,468.1215887457211
2023-11-21 07:00:00+08:00,573.068171343631
2023-11-21 08:00:00+08:00,600.7408971135922
2023-11-21 09:00:00+08:00,682.8923915691792
2023-11-21 10:00:00+08:00,623.2759865275546
2023-11-21 11:00:00+08:00,643.8235096545563
2023-11-21 12:00:00+08:00,620.3919668521161
2023-11-21 13:00:00+08:00,607.4884095329766
2023-11-21 14:00:00+08:00,586.4861021042897
2023-11-21 15:00:00+08:00,578.0304435376045
2023-11-21 16:00:00+08:00,624.7692772110275
2023-11-21 17:00:00+08:00,618.5720721497095
2023-11-21 18:00:00+08:00,645.1103810801852
2023-11-21 19:00:00+08:00,568.7739624783857
2023-11-21 20:00:00+08:00,552.8633937364926
2023-11-21 21:00:00+08:00,515.2796658909748
2023-11-21 22:00:00+08:00,498.8192547534291
2023-11-21 23:00:00+08:00,394.5120372879719
2023-11-22 00:00:00+08:00,354.218390743891
2023-11-22 01:00:00+08:00,340.24087371427953
2023-11-22 02:00:00+08:00,313.0924838368678
2023-11-22 03:00:00+08:00,297.58910022374016
2023-11-22 04:00:00+08:00,309.6584882733821
2023-11-22 05:00:00+08:00,377.88620950383984
2023-11-22 06:00:00+08:00,448.57968579555506
2023-11-22 07:00:00+08:00,588.563984664047
2023-11-22 08:00:00+08:00,632.7474715284155
2023-11-22 09:00:00+08:00,639.3682091410622
2023-11-22 10:00:00+08:00,641.7479032607595
2023-11-22 11:00:00+08:00,606.3429672630998
2023-11-22 12:00:00+08:00,605.2883844634381
2023-11-22 13:00:00+08:00,634.9212536792913
2023-11-22 14:00:00+08:00,583.3098434778664
2023-11-22 15:00:00+08:00,549.3658815350311
2023-11-22 16:00:00+08:00,646.211653410555
2023-11-22 17:00:00+08:00,603.758234467356
2023-11-22 18:00:00+08:00,628.8030977065467
2023-11-22 19:00:00+08:00,631.7102488978583
2023-11-22 20:00:00+08:00,567.2599281509036
2023-11-22 21:00:00+08:00,556.7112957706779
2023-11-22 22:00:00+08:00,475.30602362315113
2023-11-22 23:00:00+08:00,435.4097968204224
2023-11-23 00:00:00+08:00,332.2618944988317
2023-11-23 01:00:00+08:00,327.96881307696555
2023-11-23 02:00:00+08:00,323.95246358494495
2023-11-23 03:00:00+08:00,313.05560863475506
2023-11-23 04:00:00+08:00,343.19726329832145
2023-11-23 05:00:00+08:00,359.6077362458284
2023-11-23 06:00:00+08:00,512.3554477145153
2023-11-23 07:00:00+08:00,629.715857186158
2023-11-23 08:00:00+08:00,638.0351305155547
2023-11-23 09:00:00+08:00,644.8623843628144
2023-11-23 10:00:00+08:00,660.9903850184039
2023-11-23 11:00:00+08:00,600.9556739557669
2023-11-23 12:00:00+08:00,597.8060724060377
2023-11-23 13:00:00+08:00,649.3719073995454
2023-11-23 14:00:00+08:00,605.939572892889
2023-11-23 15:00:00+08:00,612.6963312914013
2023-11-23 16:00:00+08:00,631.1972896555208
2023-11-23 17:00:00+08:00,570.700850104636
2023-11-23 18:00:00+08:00,613.5852693479222
2023-11-23 19:00:00+08:00,581.3165784488853
2023-11-23 20:00:00+08:00,588.6770751202467
2023-11-23 21:00:00+08:00,557.6236563692063
2023-11-23 22:00:00+08:00,484.10254449594305
2023-11-23 23:00:00+08:00,416.582810314734
2023-11-24 00:00:00+08:00,326.7593320804859
2023-11-24 01:00:00+08:00,336.3821640578371
2023-11-24 02:00:00+08:00,323.93421769975896
2023-11-24 03:00:00+08:00,331.71734930133255
2023-11-24 04:00:00+08:00,356.4616205057422
2023-11-24 05:00:00+08:00,341.7204525589536
2023-11-24 06:00:00+08:00,466.6036940960638
2023-11-24 07:00:00+08:00,564.1394390163165
2023-11-24 08:00:00+08:00,636.3189990606357
2023-11-24 09:00:00+08:00,632.2970816695936
2023-11-24 10:00:00+08:00,626.0411006396264
2023-11-24 11:00:00+08:00,657.9344294649718
2023-11-24 12:00:00+08:00,604.1163907234059
2023-11-24 13:00:00+08:00,593.5276809156377
2023-11-24 14:00:00+08:00,575.7642184734674
2023-11-24 15:00:00+08:00,610.3928280972228
2023-11-24 16:00:00+08:00,600.9015934277141
2023-11-24 17:00:00+08:00,630.7304988160316
2023-11-24 18:00:00+08:00,615.2194891508257
2023-11-24 19:00:00+08:00,581.4726889764164
2023-11-24 20:00:00+08:00,588.6410928139859
2023-11-24 21:00:00+08:00,535.8860962864375
2023-11-24 22:00:00+08:00,494.1151935951135
2023-11-24 23:00:00+08:00,407.56805057200427
2023-11-25 00:00:00+08:00,156.5135144067435
2023-11-25 01:00:00+08:00,144.78539540354367
2023-11-25 02:00:00+08:00,142.38270575862063
2023-11-25 03:00:00+08:00,146.48036977287398
2023-11-25 04:00:00+08:00,145.68269410132714
2023-11-25 05:00:00+08:00,168.63638926975196
2023-11-25 06:00:00+08:00,206.68904966395152
2023-11-25 07:00:00+08:00,270.01465492114744
2023-11-25 08:00:00+08:00,278.23835136786977
2023-11-25 09:00:00+08:00,294.54959252622
2023-11-25 10:00:00+08:00,285.54045482077873
2023-11-25 11:00:00+08:00,302.17518373599336
2023-11-25 12:00:00+08:00,271.6964494796036
2023-11-25 13:00:00+08:00,262.66586653001366
2023-11-25 14:00:00+08:00,263.93339404567
2023-11-25 15:00:00+08:00,263.68828608355716
2023-11-25 16:00:00+08:00,269.09105510909905
2023-11-25 17:00:00+08:00,291.9275410105359
2023-11-25 18:00:00+08:00,279.10212441185337
2023-11-25 19:00:00+08:00,265.4112812677895
2023-11-25 20:00:00+08:00,252.39304200008561
2023-11-25 21:00:00+08:00,236.33474408913526
2023-11-25 22:00:00+08:00,227.7372906968251
2023-11-25 23:00:00+08:00,179.70255751717536
2023-11-26 00:00:00+08:00,148.619251071729
2023-11-26 01:00:00+08:00,153.08279490576234
2023-11-26 02:00:00+08:00,141.42152160096848
2023-11-26 03:00:00+08:00,154.28610447769393
2023-11-26 04:00:00+08:00,145.23606339268986
2023-11-26 05:00:00+08:00,171.07670869990918
2023-11-26 06:00:00+08:00,223.24166779913267
2023-11-26 07:00:00+08:00,257.0072413988824
2023-11-26 08:00:00+08:00,276.82692298089256
2023-11-26 09:00:00+08:00,293.7659238319881
2023-11-26 10:00:00+08:00,291.8660803085785
2023-11-26 11:00:00+08:00,269.20711097722045
2023-11-26 12:00:00+08:00,272.42734569624673
2023-11-26 13:00:00+08:00,251.231835596099
2023-11-26 14:00:00+08:00,277.49497421448956
2023-11-26 15:00:00+08:00,276.67091940110043
2023-11-26 16:00:00+08:00,283.45479711866267
2023-11-26 17:00:00+08:00,266.00217395608996
2023-11-26 18:00:00+08:00,267.31804523440127
2023-11-26 19:00:00+08:00,265.8581875735908
2023-11-26 20:00:00+08:00,249.8693129811916
2023-11-26 21:00:00+08:00,243.6525529420029
2023-11-26 22:00:00+08:00,218.97296536342122
2023-11-26 23:00:00+08:00,202.28428423039873
2023-11-27 00:00:00+08:00,348.9819308570469
2023-11-27 01:00:00+08:00,344.94367327234426
2023-11-27 02:00:00+08:00,306.96952178570046
2023-11-27 03:00:00+08:00,296.2380021028003
2023-11-27 04:00:00+08:00,325.55759209895655
2023-11-27 05:00:00+08:00,344.77379291889514
2023-11-27 06:00:00+08:00,476.54532133323625
2023-11-27 07:00:00+08:00,565.9811103175416
2023-11-27 08:00:00+08:00,585.3809121797909
2023-11-27 09:00:00+08:00,679.1175514819811
2023-11-27 10:00:00+08:00,621.3665308153442
2023-11-27 11:00:00+08:00,593.4241417419936
2023-11-27 12:00:00+08:00,657.8353707507771
2023-11-27 13:00:00+08:00,604.1833599930135
2023-11-27 14:00:00+08:00,629.5765768845698
2023-11-27 15:00:00+08:00,604.0643729821106
2023-11-27 16:00:00+08:00,621.2817941865227
2023-11-27 17:00:00+08:00,643.7800667586544
2023-11-27 18:00:00+08:00,637.0875363047409
2023-11-27 19:00:00+08:00,621.8141257480413
2023-11-27 20:00:00+08:00,569.467395438215
2023-11-27 21:00:00+08:00,551.1811066966432
2023-11-27 22:00:00+08:00,490.47048408032236
2023-11-27 23:00:00+08:00,416.07518938883146
2023-11-28 00:00:00+08:00,347.8132886962552
2023-11-28 01:00:00+08:00,311.60886880323443
2023-11-28 02:00:00+08:00,325.63025925913723
2023-11-28 03:00:00+08:00,318.5450227465227
2023-11-28 04:00:00+08:00,325.2571125544802
2023-11-28 05:00:00+08:00,387.74413396046475
2023-11-28 06:00:00+08:00,449.76903932939945
2023-11-28 07:00:00+08:00,623.6151250778934
2023-11-28 08:00:00+08:00,635.4504702510462
2023-11-28 09:00:00+08:00,644.0949975786884
2023-11-28 10:00:00+08:00,625.9669249465312
2023-11-28 11:00:00+08:00,593.6056413567742
2023-11-28 12:00:00+08:00,632.4653463011674
2023-11-28 13:00:00+08:00,631.642592197329
2023-11-28 14:00:00+08:00,620.5597182797422
2023-11-28 15:00:00+08:00,618.359437195988
2023-11-28 16:00:00+08:00,580.237402899503
2023-11-28 17:00:00+08:00,596.7961975155407
2023-11-28 18:00:00+08:00,674.4574639343601
2023-11-28 19:00:00+08:00,577.8111415037474
2023-11-28 20:00:00+08:00,605.0900097365192
2023-11-28 21:00:00+08:00,520.415314803272
2023-11-28 22:00:00+08:00,473.5314858282268
2023-11-28 23:00:00+08:00,423.74984854785833
2023-11-29 00:00:00+08:00,338.8551459173058
2023-11-29 01:00:00+08:00,352.3355387315066
2023-11-29 02:00:00+08:00,319.4641673186911
2023-11-29 03:00:00+08:00,324.37061841999736
2023-11-29 04:00:00+08:00,327.6936864590458
2023-11-29 05:00:00+08:00,379.19410550834294
2023-11-29 06:00:00+08:00,507.9197562913544
2023-11-29 07:00:00+08:00,582.9613308483724
2023-11-29 08:00:00+08:00,681.0717772524354
2023-11-29 09:00:00+08:00,621.4153484240408
2023-11-29 10:00:00+08:00,656.4679095578058
2023-11-29 11:00:00+08:00,649.4613891842338
2023-11-29 12:00:00+08:00,609.7713607147272
2023-11-29 13:00:00+08:00,629.597707796152
2023-11-29 14:00:00+08:00,605.3271403315945
2023-11-29 15:00:00+08:00,602.954295066889
2023-11-29 16:00:00+08:00,646.120664319494
2023-11-29 17:00:00+08:00,640.7262302646091
2023-11-29 18:00:00+08:00,622.4462825376511
2023-11-29 19:00:00+08:00,603.4888577453537
2023-11-29 20:00:00+08:00,571.2347904893948
2023-11-29 21:00:00+08:00,533.4853396626359
2023-11-29 22:00:00+08:00,480.42130926437335
2023-11-29 23:00:00+08:00,403.3847200941655
2023-11-30 00:00:00+08:00,388.16960542642715
2023-11-30 01:00:00+08:00,313.0403481160591
2023-11-30 02:00:00+08:00,311.52161529251106
2023-11-30 03:00:00+08:00,312.5295228882875
2023-11-30 04:00:00+08:00,358.8184072848653
2023-11-30 05:00:00+08:00,350.48059752362536
2023-11-30 06:00:00+08:00,486.62535921954424
2023-11-30 07:00:00+08:00,592.7592579266033
2023-11-30 08:00:00+08:00,646.4779357778381
2023-11-30 09:00:00+08:00,669.514614074211
2023-11-30 10:00:00+08:00,668.9911306480924
2023-11-30 11:00:00+08:00,626.4570890964014
2023-11-30 12:00:00+08:00,642.9159263976591
2023-11-30 13:00:00+08:00,578.5876968118312
2023-11-30 14:00:00+08:00,608.468908635968
2023-11-30 15:00:00+08:00,605.3493115078932
2023-11-30 16:00:00+08:00,633.2086560577991
2023-11-30 17:00:00+08:00,594.9565517368234
2023-11-30 18:00:00+08:00,635.3307126699276
2023-11-30 19:00:00+08:00,564.93728313059
2023-11-30 20:00:00+08:00,577.5739996580388
2023-11-30 21:00:00+08:00,515.666248122595
2023-11-30 22:00:00+08:00,462.2124211985335
2023-11-30 23:00:00+08:00,433.83080941794367
2023-12-01 00:00:00+08:00,359.6666813875527
2023-12-01 01:00:00+08:00,347.5076514509029
2023-12-01 02:00:00+08:00,339.3877651908558
2023-12-01 03:00:00+08:00,309.58157390255866
2023-12-01 04:00:00+08:00,352.1558710526423
2023-12-01 05:00:00+08:00,348.8473546607975
2023-12-01 06:00:00+08:00,493.4865150155161
2023-12-01 07:00:00+08:00,576.2017357730291
2023-12-01 08:00:00+08:00,615.1389735783766
2023-12-01 09:00:00+08:00,654.6179967470378
2023-12-01 10:00:00+08:00,663.0639744289426
2023-12-01 11:00:00+08:00,662.305375216172
2023-12-01 12:00:00+08:00,644.405336289811
2023-12-01 13:00:00+08:00,629.4408978828641
2023-12-01 14:00:00+08:00,619.7601994662082
2023-12-01 15:00:00+08:00,633.7438739268948
2023-12-01 16:00:00+08:00,652.7494529666234
2023-12-01 17:00:00+08:00,644.1277810049793
2023-12-01 18:00:00+08:00,647.2438600486441
2023-12-01 19:00:00+08:00,567.4619837598595
2023-12-01 20:00:00+08:00,572.003419213917
2023-12-01 21:00:00+08:00,513.0157017609125
2023-12-01 22:00:00+08:00,484.4893567441304
2023-12-01 23:00:00+08:00,442.56963284821813
2023-12-02 00:00:00+08:00,155.35875729087894
2023-12-02 01:00:00+08:00,150.4860233626658
2023-12-02 02:00:00+08:00,148.3216179010162
2023-12-02 03:00:00+08:00,132.05808985370038
2023-12-02 04:00:00+08:00,146.59701941984426
2023-12-02 05:00:00+08:00,169.43471398636865
2023-12-02 06:00:00+08:00,190.9239528114257
2023-12-02 07:00:00+08:00,254.5460471546148
2023-12-02 08:00:00+08:00,300.6094368432446
2023-12-02 09:00:00+08:00,299.4823489117852
2023-12-02 10:00:00+08:00,292.2417155937977
2023-12-02 11:00:00+08:00,298.0910767279632
2023-12-02 12:00:00+08:00,290.40801231834735
2023-12-02 13:00:00+08:00,288.4406720147749
2023-12-02 14:00:00+08:00,270.0803963129027
2023-12-02 15:00:00+08:00,283.47916025940634
2023-12-02 16:00:00+08:00,280.6474569845475
2023-12-02 17:00:00+08:00,302.4824297227421
2023-12-02 18:00:00+08:00,299.34565467148263
2023-12-02 19:00:00+08:00,288.632205198959
2023-12-02 20:00:00+08:00,254.90729558550947
2023-12-02 21:00:00+08:00,235.40391215734124
2023-12-02 22:00:00+08:00,226.9783505438415
2023-12-02 23:00:00+08:00,191.22669141396906
2023-12-03 00:00:00+08:00,160.67208066630997
2023-12-03 01:00:00+08:00,146.1372573280745
2023-12-03 02:00:00+08:00,146.62536825497662
2023-12-03 03:00:00+08:00,137.91203002828485
2023-12-03 04:00:00+08:00,153.74025295660468
2023-12-03 05:00:00+08:00,176.4620285152172
2023-12-03 06:00:00+08:00,230.36489166999715
2023-12-03 07:00:00+08:00,272.79209602890364
2023-12-03 08:00:00+08:00,272.40152416423973
2023-12-03 09:00:00+08:00,290.6172154809934
2023-12-03 10:00:00+08:00,313.01962138487414
2023-12-03 11:00:00+08:00,278.3230155270694
2023-12-03 12:00:00+08:00,287.6586989744597
2023-12-03 13:00:00+08:00,298.5514878402786
2023-12-03 14:00:00+08:00,280.6861316587971
2023-12-03 15:00:00+08:00,310.60760569041867
2023-12-03 16:00:00+08:00,279.8886187905373
2023-12-03 17:00:00+08:00,276.9257806404213
2023-12-03 18:00:00+08:00,296.41071603702346
2023-12-03 19:00:00+08:00,260.8210100978434
2023-12-03 20:00:00+08:00,257.4646427261551
2023-12-03 21:00:00+08:00,244.44651410684108
2023-12-03 22:00:00+08:00,225.2175148237757
2023-12-03 23:00:00+08:00,192.02692017758687
2023-12-04 00:00:00+08:00,359.3601102870696
2023-12-04 01:00:00+08:00,328.28752645443143
2023-12-04 02:00:00+08:00,336.41765663205587
2023-12-04 03:00:00+08:00,372.4889646845325
2023-12-04 04:00:00+08:00,342.8845919624326
2023-12-04 05:00:00+08:00,373.64131488109433
2023-12-04 06:00:00+08:00,456.25497848483303
2023-12-04 07:00:00+08:00,575.2662012143167
2023-12-04 08:00:00+08:00,636.1658776499836
2023-12-04 09:00:00+08:00,627.9299022609138
2023-12-04 10:00:00+08:00,641.238318504023
2023-12-04 11:00:00+08:00,687.2856026463053
2023-12-04 12:00:00+08:00,673.6608074631155
2023-12-04 13:00:00+08:00,624.8228788260808
2023-12-04 14:00:00+08:00,580.1072521151277
2023-12-04 15:00:00+08:00,662.4563847387581
2023-12-04 16:00:00+08:00,640.3919439391101
2023-12-04 17:00:00+08:00,597.3385457234195
2023-12-04 18:00:00+08:00,646.7375073353288
2023-12-04 19:00:00+08:00,634.5774728218955
2023-12-04 20:00:00+08:00,521.4487619786908
2023-12-04 21:00:00+08:00,527.4147331046312
2023-12-04 22:00:00+08:00,479.11204190871297
2023-12-04 23:00:00+08:00,429.3269230006022
2023-12-05 00:00:00+08:00,346.09702389288685
2023-12-05 01:00:00+08:00,322.9905495316969
2023-12-05 02:00:00+08:00,330.6056850441335
2023-12-05 03:00:00+08:00,315.24308050925987
2023-12-05 04:00:00+08:00,341.3559544369872
2023-12-05 05:00:00+08:00,356.094199081601
2023-12-05 06:00:00+08:00,455.8247197348408
2023-12-05 07:00:00+08:00,608.9788779358372
2023-12-05 08:00:00+08:00,649.0124555109998
2023-12-05 09:00:00+08:00,666.2304082147929
2023-12-05 10:00:00+08:00,628.8343481305872
2023-12-05 11:00:00+08:00,622.0875460672179
2023-12-05 12:00:00+08:00,677.4941651366946
2023-12-05 13:00:00+08:00,591.313436842316
2023-12-05 14:00:00+08:00,640.9518251769487
2023-12-05 15:00:00+08:00,662.931412078306
2023-12-05 16:00:00+08:00,664.6275403402802
2023-12-05 17:00:00+08:00,624.8451955796482
2023-12-05 18:00:00+08:00,609.1063290790221
2023-12-05 19:00:00+08:00,605.267652507231
2023-12-05 20:00:00+08:00,548.314905030937
2023-12-05 21:00:00+08:00,525.1351568342587
2023-12-05 22:00:00+08:00,494.3195381857542
2023-12-05 23:00:00+08:00,428.48735973680726
2023-12-06 00:00:00+08:00,338.9986437078273
2023-12-06 01:00:00+08:00,343.60131459615053
2023-12-06 02:00:00+08:00,327.5316421952519
2023-12-06 03:00:00+08:00,341.11428920598445
2023-12-06 04:00:00+08:00,342.16962034423926
2023-12-06 05:00:00+08:00,388.9562916815089
2023-12-06 06:00:00+08:00,491.73703331009506
2023-12-06 07:00:00+08:00,615.1029822935154
2023-12-06 08:00:00+08:00,610.2480484815799
2023-12-06 09:00:00+08:00,640.2387678847346
2023-12-06 10:00:00+08:00,642.3686295073636
2023-12-06 11:00:00+08:00,637.0989719956835
2023-12-06 12:00:00+08:00,654.7952125626044
2023-12-06 13:00:00+08:00,646.5035759780764
2023-12-06 14:00:00+08:00,620.7932058969886
2023-12-06 15:00:00+08:00,626.041853315547
2023-12-06 16:00:00+08:00,624.4379253409071
2023-12-06 17:00:00+08:00,671.6077913329493
2023-12-06 18:00:00+08:00,639.3247325240184
2023-12-06 19:00:00+08:00,586.3000496376129
2023-12-06 20:00:00+08:00,574.5485895120872
2023-12-06 21:00:00+08:00,508.73201152221975
2023-12-06 22:00:00+08:00,483.21157832092047
2023-12-06 23:00:00+08:00,414.87326616686863
2023-12-07 00:00:00+08:00,346.16740569572323
2023-12-07 01:00:00+08:00,356.2155799267397
2023-12-07 02:00:00+08:00,307.20320611262383
2023-12-07 03:00:00+08:00,331.200191946389
2023-12-07 04:00:00+08:00,364.2834176441659
2023-12-07 05:00:00+08:00,389.73509568624445
2023-12-07 06:00:00+08:00,482.5390612085462
2023-12-07 07:00:00+08:00,565.7774684657372
2023-12-07 08:00:00+08:00,609.1005890283553
2023-12-07 09:00:00+08:00,633.5932710280127
2023-12-07 10:00:00+08:00,626.495521083454
2023-12-07 11:00:00+08:00,625.6568737133599
2023-12-07 12:00:00+08:00,635.7896835182513
2023-12-07 13:00:00+08:00,628.7321403840715
2023-12-07 14:00:00+08:00,623.8659581282893
2023-12-07 15:00:00+08:00,600.0566114908656
2023-12-07 16:00:00+08:00,626.6180974954041
2023-12-07 17:00:00+08:00,640.0836857698482
2023-12-07 18:00:00+08:00,626.3776391270691
2023-12-07 19:00:00+08:00,656.942984164945
2023-12-07 20:00:00+08:00,585.1643548288374
2023-12-07 21:00:00+08:00,512.2263573974312
2023-12-07 22:00:00+08:00,491.23032712382474
2023-12-07 23:00:00+08:00,427.86817145273994
2023-12-08 00:00:00+08:00,352.9745760465903
2023-12-08 01:00:00+08:00,319.1211992908574
2023-12-08 02:00:00+08:00,345.17904518387377
2023-12-08 03:00:00+08:00,308.6986223739205
2023-12-08 04:00:00+08:00,344.265059165927
2023-12-08 05:00:00+08:00,377.09370863974476
2023-12-08 06:00:00+08:00,495.3758844880681
2023-12-08 07:00:00+08:00,633.9142360868893
2023-12-08 08:00:00+08:00,659.4905496449261
2023-12-08 09:00:00+08:00,630.5867179952514
2023-12-08 10:00:00+08:00,673.5348731224866
2023-12-08 11:00:00+08:00,628.7178884859521
2023-12-08 12:00:00+08:00,649.2200592835873
2023-12-08 13:00:00+08:00,599.405916496226
2023-12-08 14:00:00+08:00,587.4245147131642
2023-12-08 15:00:00+08:00,633.399516765974
2023-12-08 16:00:00+08:00,654.4969018052966
2023-12-08 17:00:00+08:00,601.0785650524037
2023-12-08 18:00:00+08:00,644.6736745632451
2023-12-08 19:00:00+08:00,592.666035498798
2023-12-08 20:00:00+08:00,610.2146025369635
2023-12-08 21:00:00+08:00,540.5316387043374
2023-12-08 22:00:00+08:00,462.0080959523034
2023-12-08 23:00:00+08:00,420.52141252498217
2023-12-09 00:00:00+08:00,153.9722283050813
2023-12-09 01:00:00+08:00,158.78201237845656
2023-12-09 02:00:00+08:00,145.30298900278726
2023-12-09 03:00:00+08:00,144.41836346672596
2023-12-09 04:00:00+08:00,154.68903088025604
2023-12-09 05:00:00+08:00,161.77262170554454
2023-12-09 06:00:00+08:00,206.71102675025242
2023-12-09 07:00:00+08:00,271.7187713637363
2023-12-09 08:00:00+08:00,277.8172507102091
2023-12-09 09:00:00+08:00,277.8133049954334
2023-12-09 10:00:00+08:00,300.32626078794056
2023-12-09 11:00:00+08:00,296.7031562035343
2023-12-09 12:00:00+08:00,276.02530956016386
2023-12-09 13:00:00+08:00,277.7349224566625
2023-12-09 14:00:00+08:00,266.0901036647273
2023-12-09 15:00:00+08:00,305.02278249918555
2023-12-09 16:00:00+08:00,301.13127337828683
2023-12-09 17:00:00+08:00,285.7079175034907
2023-12-09 18:00:00+08:00,291.35154772580427
2023-12-09 19:00:00+08:00,261.0937408596028
2023-12-09 20:00:00+08:00,254.50288289693682
2023-12-09 21:00:00+08:00,248.04593299834968
2023-12-09 22:00:00+08:00,221.89240631735842
2023-12-09 23:00:00+08:00,188.15351797049868
2023-12-10 00:00:00+08:00,161.60324684982783
2023-12-10 01:00:00+08:00,151.7617224756412
2023-12-10 02:00:00+08:00,144.51709529415604
2023-12-10 03:00:00+08:00,143.7457132766377
2023-12-10 04:00:00+08:00,148.70812410296372
2023-12-10 05:00:00+08:00,170.30946028908343
2023-12-10 06:00:00+08:00,221.78902236340483
2023-12-10 07:00:00+08:00,269.7865335460511
2023-12-10 08:00:00+08:00,277.2218862507036
2023-12-10 09:00:00+08:00,279.31278888616464
2023-12-10 10:00:00+08:00,295.5798169269419
2023-12-10 11:00:00+08:00,308.0644418814424
2023-12-10 12:00:00+08:00,292.7115616427197
2023-12-10 13:00:00+08:00,280.4240876670181
2023-12-10 14:00:00+08:00,278.8711602086259
2023-12-10 15:00:00+08:00,272.15388964505695
2023-12-10 16:00:00+08:00,306.1706677153498
2023-12-10 17:00:00+08:00,293.10931650949436
2023-12-10 18:00:00+08:00,277.4840675603606
2023-12-10 19:00:00+08:00,274.5469033095965
2023-12-10 20:00:00+08:00,256.3239903594124
2023-12-10 21:00:00+08:00,260.2720409535144
2023-12-10 22:00:00+08:00,216.43818979590807
2023-12-10 23:00:00+08:00,190.2848321514216
2023-12-11 00:00:00+08:00,364.15863614773616
2023-12-11 01:00:00+08:00,326.59860491226544
2023-12-11 02:00:00+08:00,326.13396459630775
2023-12-11 03:00:00+08:00,327.17896847466375
2023-12-11 04:00:00+08:00,315.64909833984603
2023-12-11 05:00:00+08:00,379.2011636513892
2023-12-11 06:00:00+08:00,484.55098854215
2023-12-11 07:00:00+08:00,598.568202446966
2023-12-11 08:00:00+08:00,648.175226883598
2023-12-11 09:00:00+08:00,653.9627063771612
2023-12-11 10:00:00+08:00,681.8767339259268
2023-12-11 11:00:00+08:00,616.7151920820654
2023-12-11 12:00:00+08:00,638.3944077821982
2023-12-11 13:00:00+08:00,651.2213678138149
2023-12-11 14:00:00+08:00,626.7187939669819
2023-12-11 15:00:00+08:00,645.9638937193356
2023-12-11 16:00:00+08:00,718.5431888260819
2023-12-11 17:00:00+08:00,663.1528064111471
2023-12-11 18:00:00+08:00,663.0022170015216
2023-12-11 19:00:00+08:00,607.3375080294707
2023-12-11 20:00:00+08:00,559.3915424636067
2023-12-11 21:00:00+08:00,543.2477981007925
2023-12-11 22:00:00+08:00,499.2641230240977
2023-12-11 23:00:00+08:00,427.56063212620677
2023-12-12 00:00:00+08:00,362.12042723592083
2023-12-12 01:00:00+08:00,334.0448523264754
2023-12-12 02:00:00+08:00,319.13055633474164
2023-12-12 03:00:00+08:00,321.64389180066723
2023-12-12 04:00:00+08:00,346.6976519414348
2023-12-12 05:00:00+08:00,388.4487762123498
2023-12-12 06:00:00+08:00,466.4021813260976
2023-12-12 07:00:00+08:00,614.2910770444541
2023-12-12 08:00:00+08:00,631.083943631083
2023-12-12 09:00:00+08:00,660.1028173523234
2023-12-12 10:00:00+08:00,642.9739558757376
2023-12-12 11:00:00+08:00,688.5313837098055
2023-12-12 12:00:00+08:00,637.1136719163429
2023-12-12 13:00:00+08:00,639.5270040714074
2023-12-12 14:00:00+08:00,630.4874345017257
2023-12-12 15:00:00+08:00,612.792115553583
2023-12-12 16:00:00+08:00,646.0610115806505
2023-12-12 17:00:00+08:00,641.0399789825659
2023-12-12 18:00:00+08:00,621.9396685982896
2023-12-12 19:00:00+08:00,604.7249604883577
2023-12-12 20:00:00+08:00,609.0934345293026
2023-12-12 21:00:00+08:00,537.5706825559737
2023-12-12 22:00:00+08:00,496.9720971198904
2023-12-12 23:00:00+08:00,426.4669392411368
2023-12-13 00:00:00+08:00,336.80520562926955
2023-12-13 01:00:00+08:00,344.2852466433585
2023-12-13 02:00:00+08:00,305.9720775494745
2023-12-13 03:00:00+08:00,332.45648536077925
2023-12-13 04:00:00+08:00,330.43836267788714
2023-12-13 05:00:00+08:00,376.32395604618125
2023-12-13 06:00:00+08:00,461.27821905760055
2023-12-13 07:00:00+08:00,599.6490935197276
2023-12-13 08:00:00+08:00,672.6667650385749
2023-12-13 09:00:00+08:00,627.680850992742
2023-12-13 10:00:00+08:00,632.8645576040063
2023-12-13 11:00:00+08:00,660.4123239784508
2023-12-13 12:00:00+08:00,661.0608712510019
2023-12-13 13:00:00+08:00,573.7540211915451
2023-12-13 14:00:00+08:00,665.8610992180529
2023-12-13 15:00:00+08:00,649.0838693651532
2023-12-13 16:00:00+08:00,666.6986617967468
2023-12-13 17:00:00+08:00,644.8932083607841
2023-12-13 18:00:00+08:00,588.4711293743634
2023-12-13 19:00:00+08:00,632.8166389064924
2023-12-13 20:00:00+08:00,570.5583222307899
2023-12-13 21:00:00+08:00,563.3200426111637
2023-12-13 22:00:00+08:00,482.2054459485252
2023-12-13 23:00:00+08:00,425.6155668290464
2023-12-14 00:00:00+08:00,346.02102897037497
2023-12-14 01:00:00+08:00,349.2862739223077
2023-12-14 02:00:00+08:00,309.1967484933769
2023-12-14 03:00:00+08:00,353.7869803624478
2023-12-14 04:00:00+08:00,367.8355444269937
2023-12-14 05:00:00+08:00,401.16139887008904
2023-12-14 06:00:00+08:00,511.7853598230525
2023-12-14 07:00:00+08:00,595.2954245183361
2023-12-14 08:00:00+08:00,679.5514823727353
2023-12-14 09:00:00+08:00,646.7582584609214
2023-12-14 10:00:00+08:00,608.9107626530634
2023-12-14 11:00:00+08:00,688.2944857439655
2023-12-14 12:00:00+08:00,678.571826695652
2023-12-14 13:00:00+08:00,635.4732589974359
2023-12-14 14:00:00+08:00,586.5657738338351
2023-12-14 15:00:00+08:00,621.3515689710243
2023-12-14 16:00:00+08:00,601.9603983139251
2023-12-14 17:00:00+08:00,673.7999611467474
2023-12-14 18:00:00+08:00,595.4653140866457
2023-12-14 19:00:00+08:00,623.8697989374145
2023-12-14 20:00:00+08:00,564.6105602274632
2023-12-14 21:00:00+08:00,520.3735318507888
2023-12-14 22:00:00+08:00,491.5845929868139
2023-12-14 23:00:00+08:00,416.38163787758754
2023-12-15 00:00:00+08:00,369.4091111320052
2023-12-15 01:00:00+08:00,320.7951159291383
2023-12-15 02:00:00+08:00,315.0892380030671
2023-12-15 03:00:00+08:00,293.8993961182226
2023-12-15 04:00:00+08:00,308.4033547359412
2023-12-15 05:00:00+08:00,404.0325321758193
2023-12-15 06:00:00+08:00,528.020114623232
2023-12-15 07:00:00+08:00,600.0929381127044
2023-12-15 08:00:00+08:00,628.4494692383533
2023-12-15 09:00:00+08:00,642.1064986604731
2023-12-15 10:00:00+08:00,672.5727501433873
2023-12-15 11:00:00+08:00,636.4932261386931
2023-12-15 12:00:00+08:00,656.0417468506133
2023-12-15 13:00:00+08:00,636.5423062584152
2023-12-15 14:00:00+08:00,603.3245807864857
2023-12-15 15:00:00+08:00,623.4626653449033
2023-12-15 16:00:00+08:00,657.4893072675636
2023-12-15 17:00:00+08:00,624.470754858425
2023-12-15 18:00:00+08:00,648.3749279696054
2023-12-15 19:00:00+08:00,605.7257529765035
2023-12-15 20:00:00+08:00,587.8578722723834
2023-12-15 21:00:00+08:00,582.9640700331802
2023-12-15 22:00:00+08:00,484.1193538763931
2023-12-15 23:00:00+08:00,437.9534141162848
2023-12-16 00:00:00+08:00,149.44489224669397
2023-12-16 01:00:00+08:00,149.33986367908454
2023-12-16 02:00:00+08:00,146.51160745141613
2023-12-16 03:00:00+08:00,157.6086595721346
2023-12-16 04:00:00+08:00,140.2710369076772
2023-12-16 05:00:00+08:00,169.1121174156404
2023-12-16 06:00:00+08:00,232.31542093696402
2023-12-16 07:00:00+08:00,260.8274049959832
2023-12-16 08:00:00+08:00,290.2071289942195
2023-12-16 09:00:00+08:00,296.58302485949815
2023-12-16 10:00:00+08:00,294.859256637277
2023-12-16 11:00:00+08:00,311.0310180434754
2023-12-16 12:00:00+08:00,297.9497516969496
2023-12-16 13:00:00+08:00,302.07966050876416
2023-12-16 14:00:00+08:00,274.0598699245389
2023-12-16 15:00:00+08:00,278.3484146940174
2023-12-16 16:00:00+08:00,290.05627913881
2023-12-16 17:00:00+08:00,279.1283031971832
2023-12-16 18:00:00+08:00,292.39277444063174
2023-12-16 19:00:00+08:00,273.77213192871733
2023-12-16 20:00:00+08:00,256.35038311225327
2023-12-16 21:00:00+08:00,253.7567143980546
2023-12-16 22:00:00+08:00,209.48134297009037
2023-12-16 23:00:00+08:00,196.1180311035027
2023-12-17 00:00:00+08:00,158.0368852576602
2023-12-17 01:00:00+08:00,159.39398994498944
2023-12-17 02:00:00+08:00,144.17141616095097
2023-12-17 03:00:00+08:00,150.17471883698266
2023-12-17 04:00:00+08:00,153.42544114250154
2023-12-17 05:00:00+08:00,174.96380878742755
2023-12-17 06:00:00+08:00,220.6748890500961
2023-12-17 07:00:00+08:00,251.57722195326303
2023-12-17 08:00:00+08:00,304.7656852615096
2023-12-17 09:00:00+08:00,291.91739994143376
2023-12-17 10:00:00+08:00,302.1962371310662
2023-12-17 11:00:00+08:00,301.03301640065854
2023-12-17 12:00:00+08:00,283.8835214886769
2023-12-17 13:00:00+08:00,276.58095691719325
2023-12-17 14:00:00+08:00,285.59295812807204
2023-12-17 15:00:00+08:00,283.6036118895579
2023-12-17 16:00:00+08:00,303.91773577143863
2023-12-17 17:00:00+08:00,290.8567284237158
2023-12-17 18:00:00+08:00,298.8382162234763
2023-12-17 19:00:00+08:00,283.0097928609795
2023-12-17 20:00:00+08:00,266.6873538207879
2023-12-17 21:00:00+08:00,245.27792455248743
2023-12-17 22:00:00+08:00,221.7512919527074
2023-12-17 23:00:00+08:00,199.499594299841
2023-12-18 00:00:00+08:00,357.54938865469194
2023-12-18 01:00:00+08:00,345.97946273894564
2023-12-18 02:00:00+08:00,326.35540334384945
2023-12-18 03:00:00+08:00,327.3749263870059
2023-12-18 04:00:00+08:00,362.1357613858212
2023-12-18 05:00:00+08:00,396.0355249226962
2023-12-18 06:00:00+08:00,490.1789475285515
2023-12-18 07:00:00+08:00,604.5240461447396
2023-12-18 08:00:00+08:00,633.2118382210907
2023-12-18 09:00:00+08:00,646.9950012841258
2023-12-18 10:00:00+08:00,659.5655974121203
2023-12-18 11:00:00+08:00,673.6697387585475
2023-12-18 12:00:00+08:00,671.0274344071087
2023-12-18 13:00:00+08:00,610.1433442458067
2023-12-18 14:00:00+08:00,643.1147854116795
2023-12-18 15:00:00+08:00,636.2054225147514
2023-12-18 16:00:00+08:00,625.7815584986697
2023-12-18 17:00:00+08:00,686.3289865223691
2023-12-18 18:00:00+08:00,675.8431471239085
2023-12-18 19:00:00+08:00,625.4571359457699
2023-12-18 20:00:00+08:00,602.9765053206783
2023-12-18 21:00:00+08:00,570.7770962289018
2023-12-18 22:00:00+08:00,515.9074716612431
2023-12-18 23:00:00+08:00,435.8095308822423
2023-12-19 00:00:00+08:00,339.54730766400513
2023-12-19 01:00:00+08:00,366.2872209500731
2023-12-19 02:00:00+08:00,339.88782579889755
2023-12-19 03:00:00+08:00,319.34796832263584
2023-12-19 04:00:00+08:00,325.06866020591974
2023-12-19 05:00:00+08:00,385.78654358822905
2023-12-19 06:00:00+08:00,483.5453685947321
2023-12-19 07:00:00+08:00,607.7428639593768
2023-12-19 08:00:00+08:00,671.3715765567324
2023-12-19 09:00:00+08:00,637.2115599029084
2023-12-19 10:00:00+08:00,622.8766196380421
2023-12-19 11:00:00+08:00,662.0459006082333
2023-12-19 12:00:00+08:00,638.0735879241213
2023-12-19 13:00:00+08:00,642.6782047334483
2023-12-19 14:00:00+08:00,586.1033626134539
2023-12-19 15:00:00+08:00,632.499093029396
2023-12-19 16:00:00+08:00,670.6294896635679
2023-12-19 17:00:00+08:00,667.7863339089622
2023-12-19 18:00:00+08:00,618.7956478618364
2023-12-19 19:00:00+08:00,590.4405939760513
2023-12-19 20:00:00+08:00,587.1555979221299
2023-12-19 21:00:00+08:00,566.6230714600313
2023-12-19 22:00:00+08:00,496.9130326766433
2023-12-19 23:00:00+08:00,415.1076805618959
2023-12-20 00:00:00+08:00,363.1124337597914
2023-12-20 01:00:00+08:00,359.6524928679558
2023-12-20 02:00:00+08:00,328.8928677168834
2023-12-20 03:00:00+08:00,304.9056484398734
2023-12-20 04:00:00+08:00,342.0221964675045
2023-12-20 05:00:00+08:00,409.3487667181298
2023-12-20 06:00:00+08:00,464.1259631680035
2023-12-20 07:00:00+08:00,600.9511298088948
2023-12-20 08:00:00+08:00,646.5252776262554
2023-12-20 09:00:00+08:00,654.9343014499035
2023-12-20 10:00:00+08:00,657.5014699126226
2023-12-20 11:00:00+08:00,682.1821858347839
2023-12-20 12:00:00+08:00,654.6446301714702
2023-12-20 13:00:00+08:00,672.0497177504071
2023-12-20 14:00:00+08:00,616.8934479888253
2023-12-20 15:00:00+08:00,630.4285112977016
2023-12-20 16:00:00+08:00,634.9681608161815
2023-12-20 17:00:00+08:00,605.0109867342038
2023-12-20 18:00:00+08:00,646.4365786250195
2023-12-20 19:00:00+08:00,670.7340470408474
2023-12-20 20:00:00+08:00,597.9516451351233
2023-12-20 21:00:00+08:00,569.801117095001
2023-12-20 22:00:00+08:00,481.2397668988255
2023-12-20 23:00:00+08:00,419.93612690795715
2023-12-21 00:00:00+08:00,373.20742223871196
2023-12-21 01:00:00+08:00,366.756463131063
2023-12-21 02:00:00+08:00,345.85110851837726
2023-12-21 03:00:00+08:00,336.93710371266866
2023-12-21 04:00:00+08:00,339.95732643484934
2023-12-21 05:00:00+08:00,381.8271892394363
2023-12-21 06:00:00+08:00,474.8768982548704
2023-12-21 07:00:00+08:00,565.8266317140766
2023-12-21 08:00:00+08:00,623.4211326497832
2023-12-21 09:00:00+08:00,654.1466429262279
2023-12-21 10:00:00+08:00,645.2211312389207
2023-12-21 11:00:00+08:00,614.473396746669
2023-12-21 12:00:00+08:00,651.8715154429888
2023-12-21 13:00:00+08:00,631.6401170742656
2023-12-21 14:00:00+08:00,591.1076481574694
2023-12-21 15:00:00+08:00,630.3157869522139
2023-12-21 16:00:00+08:00,644.4648549270584
2023-12-21 17:00:00+08:00,636.7434045856198
2023-12-21 18:00:00+08:00,663.5041933519407
2023-12-21 19:00:00+08:00,572.996387775059
2023-12-21 20:00:00+08:00,540.8903894720779
2023-12-21 21:00:00+08:00,554.992180383064
2023-12-21 22:00:00+08:00,491.51731736679835
2023-12-21 23:00:00+08:00,431.2111600062822
2023-12-22 00:00:00+08:00,351.52871469770594
2023-12-22 01:00:00+08:00,327.20558546506624
2023-12-22 02:00:00+08:00,326.51740699335926
2023-12-22 03:00:00+08:00,320.84398256984184
2023-12-22 04:00:00+08:00,360.7520710993438
2023-12-22 05:00:00+08:00,373.957453987734
2023-12-22 06:00:00+08:00,488.8772254464025
2023-12-22 07:00:00+08:00,660.4737728737422
2023-12-22 08:00:00+08:00,648.1370799245649
2023-12-22 09:00:00+08:00,667.7578219805755
2023-12-22 10:00:00+08:00,670.1134219597201
2023-12-22 11:00:00+08:00,672.3367996506004
2023-12-22 12:00:00+08:00,660.7900015808954
2023-12-22 13:00:00+08:00,645.1250341763183
2023-12-22 14:00:00+08:00,623.055235281897
2023-12-22 15:00:00+08:00,625.4122941048265
2023-12-22 16:00:00+08:00,661.731471031191
2023-12-22 17:00:00+08:00,706.232543910408
2023-12-22 18:00:00+08:00,671.1627337923076
2023-12-22 19:00:00+08:00,628.1087102204212
2023-12-22 20:00:00+08:00,608.0291889855831
2023-12-22 21:00:00+08:00,535.9379592698534
2023-12-22 22:00:00+08:00,484.81428393061185
2023-12-22 23:00:00+08:00,440.69504904342534
2023-12-23 00:00:00+08:00,171.38131433492748
2023-12-23 01:00:00+08:00,148.21989425727574
2023-12-23 02:00:00+08:00,144.208937366777
2023-12-23 03:00:00+08:00,159.8846262199487
2023-12-23 04:00:00+08:00,153.52448069809586
2023-12-23 05:00:00+08:00,183.02333749282735
2023-12-23 06:00:00+08:00,222.4053516043796
2023-12-23 07:00:00+08:00,273.24282907884896
2023-12-23 08:00:00+08:00,290.51306225645845
2023-12-23 09:00:00+08:00,305.19542229535654
2023-12-23 10:00:00+08:00,310.080214009475
2023-12-23 11:00:00+08:00,281.9308882561233
2023-12-23 12:00:00+08:00,289.9606157230224
2023-12-23 13:00:00+08:00,298.7747361469508
2023-12-23 14:00:00+08:00,277.95375095189587
2023-12-23 15:00:00+08:00,282.5365658686857
2023-12-23 16:00:00+08:00,305.98347610939857
2023-12-23 17:00:00+08:00,307.08827178831007
2023-12-23 18:00:00+08:00,283.0408829274331
2023-12-23 19:00:00+08:00,281.77501665590825
2023-12-23 20:00:00+08:00,251.90109794106948
2023-12-23 21:00:00+08:00,241.03641743193285
2023-12-23 22:00:00+08:00,221.67574211599668
2023-12-23 23:00:00+08:00,191.40967303652468
2023-12-24 00:00:00+08:00,155.57649756256777
2023-12-24 01:00:00+08:00,148.62610935892093
2023-12-24 02:00:00+08:00,140.85546645199932
2023-12-24 03:00:00+08:00,149.80116884814194
2023-12-24 04:00:00+08:00,140.96551226454358
2023-12-24 05:00:00+08:00,163.75733533688074
2023-12-24 06:00:00+08:00,204.2398497189861
2023-12-24 07:00:00+08:00,275.24390807408645
2023-12-24 08:00:00+08:00,273.0284389678889
2023-12-24 09:00:00+08:00,294.6197976597885
2023-12-24 10:00:00+08:00,313.54330789627403
2023-12-24 11:00:00+08:00,313.9424232391231
2023-12-24 12:00:00+08:00,272.99108122625233
2023-12-24 13:00:00+08:00,291.8034153235949
2023-12-24 14:00:00+08:00,268.4759867785622
2023-12-24 15:00:00+08:00,274.59924644733815
2023-12-24 16:00:00+08:00,292.91082483110273
2023-12-24 17:00:00+08:00,308.7031571941798
2023-12-24 18:00:00+08:00,295.2781620760417
2023-12-24 19:00:00+08:00,271.5377830530448
2023-12-24 20:00:00+08:00,272.29004714697
2023-12-24 21:00:00+08:00,227.662495648496
2023-12-24 22:00:00+08:00,214.03821563981657
2023-12-24 23:00:00+08:00,184.9570231894589
2023-12-25 00:00:00+08:00,360.9123925750557
2023-12-25 01:00:00+08:00,337.4008342862514
2023-12-25 02:00:00+08:00,325.2266171820094
2023-12-25 03:00:00+08:00,324.7916245657634
2023-12-25 04:00:00+08:00,340.4654799582605
2023-12-25 05:00:00+08:00,387.60713864203836
2023-12-25 06:00:00+08:00,493.5468155505318
2023-12-25 07:00:00+08:00,594.9774217119224
2023-12-25 08:00:00+08:00,664.6672210300836
2023-12-25 09:00:00+08:00,675.7715089786418
2023-12-25 10:00:00+08:00,639.6059107105507
2023-12-25 11:00:00+08:00,652.6006515470314
2023-12-25 12:00:00+08:00,684.5576745571356
2023-12-25 13:00:00+08:00,612.793940261522
2023-12-25 14:00:00+08:00,666.3083338564705
2023-12-25 15:00:00+08:00,606.7321106481928
2023-12-25 16:00:00+08:00,645.1181158427904
2023-12-25 17:00:00+08:00,629.2921339507415
2023-12-25 18:00:00+08:00,697.1766356336201
2023-12-25 19:00:00+08:00,608.9350259457052
2023-12-25 20:00:00+08:00,576.9448969427757
2023-12-25 21:00:00+08:00,547.7858232095426
2023-12-25 22:00:00+08:00,492.4924180806964
2023-12-25 23:00:00+08:00,419.6145993351785
2023-12-26 00:00:00+08:00,358.0031963641412
2023-12-26 01:00:00+08:00,292.2471012977785
2023-12-26 02:00:00+08:00,327.9447562517051
2023-12-26 03:00:00+08:00,327.4297066440731
2023-12-26 04:00:00+08:00,354.42087768252514
2023-12-26 05:00:00+08:00,399.4221858415881
2023-12-26 06:00:00+08:00,487.10993694675136
2023-12-26 07:00:00+08:00,621.6980095289487
2023-12-26 08:00:00+08:00,625.5589422257294
2023-12-26 09:00:00+08:00,674.4790598085641
2023-12-26 10:00:00+08:00,639.4083385600234
2023-12-26 11:00:00+08:00,623.382987935707
2023-12-26 12:00:00+08:00,649.5353923363407
2023-12-26 13:00:00+08:00,677.2306699662615
2023-12-26 14:00:00+08:00,626.1747012124267
2023-12-26 15:00:00+08:00,679.6936856298565
2023-12-26 16:00:00+08:00,634.7946847140865
2023-12-26 17:00:00+08:00,681.821582116285
2023-12-26 18:00:00+08:00,624.576094355597
2023-12-26 19:00:00+08:00,627.2768822045093
2023-12-26 20:00:00+08:00,594.058629314847
2023-12-26 21:00:00+08:00,570.9520912021891
2023-12-26 22:00:00+08:00,495.71747348680105
2023-12-26 23:00:00+08:00,412.7789998894571
2023-12-27 00:00:00+08:00,372.70488271460425
2023-12-27 01:00:00+08:00,363.96714910283407
2023-12-27 02:00:00+08:00,319.65462102446435
2023-12-27 03:00:00+08:00,303.2710311020868
2023-12-27 04:00:00+08:00,347.18815927502203
2023-12-27 05:00:00+08:00,374.6358488840025
2023-12-27 06:00:00+08:00,488.3720033890641
2023-12-27 07:00:00+08:00,615.6256373660915
2023-12-27 08:00:00+08:00,642.6453482577764
2023-12-27 09:00:00+08:00,647.5558734488651
2023-12-27 10:00:00+08:00,651.9739332884709
2023-12-27 11:00:00+08:00,693.0792137682943
2023-12-27 12:00:00+08:00,655.3827815108622
2023-12-27 13:00:00+08:00,609.7959767495956
2023-12-27 14:00:00+08:00,592.1186412279877
2023-12-27 15:00:00+08:00,645.0761950667057
2023-12-27 16:00:00+08:00,625.0227075114233
2023-12-27 17:00:00+08:00,613.6883746588793
2023-12-27 18:00:00+08:00,657.8114789936095
2023-12-27 19:00:00+08:00,638.8923146304813
2023-12-27 20:00:00+08:00,580.4606020993014
2023-12-27 21:00:00+08:00,562.9418809679979
2023-12-27 22:00:00+08:00,494.6408904959799
2023-12-27 23:00:00+08:00,435.73990453814696
2023-12-28 00:00:00+08:00,368.82990272055713
2023-12-28 01:00:00+08:00,304.9874816076717
2023-12-28 02:00:00+08:00,324.23118916368526
2023-12-28 03:00:00+08:00,334.1626475438397
2023-12-28 04:00:00+08:00,334.8857782955723
2023-12-28 05:00:00+08:00,380.3114036385394
2023-12-28 06:00:00+08:00,505.8167405831344
2023-12-28 07:00:00+08:00,604.3301716025238
2023-12-28 08:00:00+08:00,694.2542356159208
2023-12-28 09:00:00+08:00,684.2774260786259
2023-12-28 10:00:00+08:00,651.6559052829393
2023-12-28 11:00:00+08:00,649.5742357783654
2023-12-28 12:00:00+08:00,580.109893403618
2023-12-28 13:00:00+08:00,633.2857168416206
2023-12-28 14:00:00+08:00,588.3525154403846
2023-12-28 15:00:00+08:00,647.3441486727521
2023-12-28 16:00:00+08:00,658.7649054697586
2023-12-28 17:00:00+08:00,672.9859260398426
2023-12-28 18:00:00+08:00,677.5137645848104
2023-12-28 19:00:00+08:00,621.3694879988495
2023-12-28 20:00:00+08:00,643.0376465322977
2023-12-28 21:00:00+08:00,561.721786339566
2023-12-28 22:00:00+08:00,465.33450109611954
2023-12-28 23:00:00+08:00,416.02615611462517
2023-12-29 00:00:00+08:00,354.8192532847063
2023-12-29 01:00:00+08:00,348.608714413265
2023-12-29 02:00:00+08:00,315.0382267374627
2023-12-29 03:00:00+08:00,323.5422911070761
2023-12-29 04:00:00+08:00,338.34928077419715
2023-12-29 05:00:00+08:00,373.02783773264724
2023-12-29 06:00:00+08:00,507.1093220753559
2023-12-29 07:00:00+08:00,617.9548431581758
2023-12-29 08:00:00+08:00,685.4491794789409
2023-12-29 09:00:00+08:00,646.2188356954605
2023-12-29 10:00:00+08:00,686.3911849339815
2023-12-29 11:00:00+08:00,619.1595068595735
2023-12-29 12:00:00+08:00,618.5206688937831
2023-12-29 13:00:00+08:00,610.6320875929001
2023-12-29 14:00:00+08:00,622.374970638601
2023-12-29 15:00:00+08:00,672.6595245726392
2023-12-29 16:00:00+08:00,639.1167632162882
2023-12-29 17:00:00+08:00,642.4029677598304
2023-12-29 18:00:00+08:00,636.2468896916994
2023-12-29 19:00:00+08:00,636.4010328693538
2023-12-29 20:00:00+08:00,578.1407005020023
2023-12-29 21:00:00+08:00,544.7795007507178
2023-12-29 22:00:00+08:00,464.7350947082609
2023-12-29 23:00:00+08:00,415.94387838807745
2023-12-30 00:00:00+08:00,169.7432304848476
2023-12-30 01:00:00+08:00,153.8233528661058
2023-12-30 02:00:00+08:00,143.00974932102926
2023-12-30 03:00:00+08:00,154.65795018728636
2023-12-30 04:00:00+08:00,149.6781871404104
2023-12-30 05:00:00+08:00,180.6601292751945
2023-12-30 06:00:00+08:00,233.4676774718134
2023-12-30 07:00:00+08:00,271.77030968189075
2023-12-30 08:00:00+08:00,277.0747225890198
2023-12-30 09:00:00+08:00,321.73464448061327
2023-12-30 10:00:00+08:00,299.3080141488683
2023-12-30 11:00:00+08:00,290.92362469984243
2023-12-30 12:00:00+08:00,306.0145989647553
2023-12-30 13:00:00+08:00,296.9616387911466
2023-12-30 14:00:00+08:00,294.68781746897326
2023-12-30 15:00:00+08:00,281.19461298433225
2023-12-30 16:00:00+08:00,298.49685258330334
2023-12-30 17:00:00+08:00,280.7611133337794
2023-12-30 18:00:00+08:00,296.54606387135317
2023-12-30 19:00:00+08:00,279.74805071365483
2023-12-30 20:00:00+08:00,268.2496457379706
2023-12-30 21:00:00+08:00,249.06422367717312
2023-12-30 22:00:00+08:00,218.83730372965573
2023-12-30 23:00:00+08:00,184.92888575278639
2023-12-31 00:00:00+08:00,167.24774481092595
2023-12-31 01:00:00+08:00,162.4124971561474
2023-12-31 02:00:00+08:00,144.1017976825941
2023-12-31 03:00:00+08:00,150.64685853753468
2023-12-31 04:00:00+08:00,155.92867496313684
2023-12-31 05:00:00+08:00,171.0202933387489
2023-12-31 06:00:00+08:00,207.57561625925672
2023-12-31 07:00:00+08:00,257.06674328442324
2023-12-31 08:00:00+08:00,285.55878471815663
2023-12-31 09:00:00+08:00,269.5467675616486
2023-12-31 10:00:00+08:00,311.3687411612522
2023-12-31 11:00:00+08:00,299.1025685106112
2023-12-31 12:00:00+08:00,294.41383473939896
2023-12-31 13:00:00+08:00,263.56386355135396
2023-12-31 14:00:00+08:00,259.5992908042282
2023-12-31 15:00:00+08:00,288.8446996323018
2023-12-31 16:00:00+08:00,318.0005201805878
2023-12-31 17:00:00+08:00,286.52960315870297
2023-12-31 18:00:00+08:00,298.8528279721815
2023-12-31 19:00:00+08:00,274.6532825045511
2023-12-31 20:00:00+08:00,265.8765641673418
2023-12-31 21:00:00+08:00,262.7256918334895
2023-12-31 22:00:00+08:00,218.0160672701295
2023-12-31 23:00:00+08:00,186.30968668104953
