scenario_id,predicted_capacity_kwh,installed_n_modules,installed_capacity_kwh,reference_n_modules,reference_capacity_kwh,excess_capacity_kwh,undersized,oversized,lpsp_target,verified_lpsp,reliability_pass,reference_lpsp,verified_renewable_share,reference_renewable_share,renewable_share_difference,verified_system_lcoe_eur_per_kwh,reference_system_lcoe_eur_per_kwh,extra_system_lcoe_eur_per_kwh,verified_cost_eur,reference_cost_eur,cost_difference_eur,verified_curtailed_kwh,reference_curtailed_kwh,curtailed_difference_kwh
14,3500.0,14,3500.0,8,2000.0,1500.0,False,True,0.005834805709658442,0.0,True,0.0,0.573174872247917,0.5443578316449134,0.028817040603003607,0.3315206614878464,0.3292522933270453,0.0022683681608011153,1301344.9759972533,1292440.7662369248,8904.209760328522,412304.9423290726,535977.2471798093,-123672.30485073663
17,3500.0,14,3500.0,35,8750.0,-5250.0,True,False,0.008922397703490015,0.0,True,0.0,0.7070476156916565,0.8731149555428273,-0.16606733985117073,0.29402036632265954,0.24914766187867668,0.044872704443982864,1287175.6611892474,1090729.905630096,196445.7555591513,1972045.3635633113,1155666.9104047774,816378.4531585339
23,3500.0,14,3500.0,18,4500.0,-1000.0,True,False,0.004272324921030024,0.0,True,0.0,0.7007394755913076,0.7207400219391551,-0.020000546347847536,0.31146724793132435,0.31066958626899754,0.0007976616623268096,1130741.7904932678,1127845.9824034679,2895.808089799946,1365486.3926403695,1287538.9185275715,77947.474112798
26,3500.0,14,3500.0,9,2250.0,1250.0,False,True,0.0052742052732948075,0.0,True,0.0,0.9903525226428109,0.9736436258431772,0.01670889679963372,0.36790816682679617,0.33919928571077695,0.028708881116019214,462407.777638215,426324.8332724057,36082.944365809264,2641091.436954717,2664562.771398918,-23471.33444420062
32,3500.0,14,3500.0,8,2000.0,1500.0,False,True,0.00956171374917536,0.0,True,0.0,0.9982555870242404,0.9800805385357827,0.018175048488457746,0.43732685024463164,0.4076095328544007,0.029717317390230924,610484.1661877161,569000.4298971988,41483.73629051726,4990353.047059895,5018865.472206049,-28512.425146154128
43,3500.0,14,3500.0,12,3000.0,500.0,False,True,0.0020765772988508013,0.0,True,0.0,0.9848821484765249,0.9756945384062568,0.009187610070268137,0.3195754958492153,0.3152880904783042,0.0042874053709111015,598444.3822981238,590415.688946531,8028.693351592752,4237327.942569889,4255862.58277917,-18534.640209280886
51,3500.0,14,3500.0,16,4000.0,-500.0,True,False,0.001685129504513605,0.0,True,0.0,0.9189779507147873,0.9376800706450882,-0.01870211993030091,0.24064135307746404,0.23491956142226117,0.005721791655202868,600228.4792996653,585956.6915950542,14271.78770461108,1808554.2646126547,1759753.6670336805,48800.59757897421
79,3500.0,14,3500.0,33,8250.0,-4750.0,True,False,0.006293409037291253,0.0,True,0.0,0.7315117561828215,0.8813912473136648,-0.1498794911308433,0.28456104040061103,0.23629224862423556,0.04826879177637547,1382719.190379929,1148174.8388703682,234544.35150956083,2120194.5861485065,1325386.6866101595,794807.899538347
84,3500.0,14,3500.0,34,8500.0,-5000.0,True,False,0.007788702313045182,0.0,True,0.0,0.6982580383265912,0.8826599395048371,-0.18440190117824595,0.2968569621724657,0.24376169769152073,0.05309526448094498,1192133.5066713248,978910.8038245015,213222.70284682338,1946660.0746933476,1124548.993462853,822111.0812304947
90,3500.0,14,3500.0,8,2000.0,1500.0,False,True,0.0014326408892719744,0.0,True,0.0,0.9870528612445961,0.9632941270837708,0.0237587341608253,0.38367298639027053,0.35312773189681984,0.03054525449345069,496727.2516649672,457181.43829226034,39545.81337270688,2572153.5441631144,2607064.5546032977,-34911.01044018334
95,3500.0,14,3500.0,13,3250.0,250.0,False,True,0.005596613282522811,0.0,True,0.0,0.9803352636654219,0.9749690122763898,0.005366251389032128,0.335345547951327,0.3337225390647657,0.0016230088865613057,608405.3505779223,605460.7840057645,2944.5665721577825,4285869.233626401,4296774.664958725,-10905.4313323237
96,3500.0,14,3500.0,18,4500.0,-1000.0,True,False,0.006599461202264623,0.0,True,0.0,0.7073373801827583,0.728568375175108,-0.021230994992349705,0.29525711638465935,0.29250642462515086,0.0027506917595084834,970977.0797888467,961931.2058578448,9045.873931001872,575757.4161719166,500499.39270806406,75258.02346385259
99,3500.0,14,3500.0,7,1750.0,1750.0,False,True,0.006533490363796246,0.0,True,0.0,0.6435625049594376,0.602418571525523,0.04114393343391454,0.3319422386803888,0.3245208989664604,0.007421339713928388,737771.8997330657,721277.2953673308,16494.604365734966,233932.43160234165,334366.3362891901,-100433.90468684846
100,3500.0,14,3500.0,6,1500.0,2000.0,False,True,0.0010827121100399628,0.0,True,0.0,0.5652791011646929,0.5288818681558962,0.036397233008796714,0.34418016187943296,0.32848876921388703,0.015691392665545922,781703.9767491247,746065.5948609608,35638.38188816386,15736.03532145718,101527.24222152439,-85791.2069000672
132,3500.0,14,3500.0,8,2000.0,1500.0,False,True,0.006088562418871235,0.0,True,0.0,0.648874461446087,0.6107349114357739,0.038139550010313106,0.3365543308831839,0.3359757589395481,0.0005785719436358083,907832.5318554298,906271.8731912756,1560.6586641541217,582206.0136610677,689026.7537898344,-106820.74012876675
139,3500.0,14,3500.0,10,2500.0,1000.0,False,True,0.009025226909299189,0.0,True,0.0,0.9856344885106979,0.9674735295340708,0.018160958976627062,0.3043539657637185,0.28593694876293907,0.018417017000779412,404308.5489400461,379843.0966805214,24465.452259524725,2182146.0174055966,2209209.998702544,-27063.981296947226
144,3500.0,14,3500.0,23,5750.0,-2250.0,True,False,0.004651350147875655,0.0,True,0.0,0.8445587702621646,0.9280034319642875,-0.08344466170212284,0.2759520278796799,0.2474077698047675,0.02854425807491237,865241.7680069173,775741.8483543915,89499.9196525258,2206005.9769096635,1914871.379801286,291134.5971083776
149,3500.0,14,3500.0,17,4250.0,-750.0,True,False,0.0031174820277242166,0.0,True,0.0,0.712165481459784,0.7277897235170246,-0.015624242057240667,0.2981716642458312,0.29694117506967305,0.001230489176158145,957880.1777687226,953927.2159949001,3952.9617738225497,793233.9185109583,738691.916517154,54542.001993804355
150,3500.0,14,3500.0,38,9500.0,-6000.0,True,False,0.007761928041674415,0.0,True,0.0,0.7098489492923481,0.901513934492829,-0.19166498520048092,0.29520962464013367,0.2393861721570037,0.055823452483129976,1359554.6283494157,1102466.0144995097,257088.61384990602,2461986.9425210766,1542315.6858273095,919671.2566937672
152,3500.0,14,3500.0,13,3250.0,250.0,False,True,0.0013206969250264544,0.0,True,0.0,0.7154065917516625,0.7100474302331369,0.005359161518525668,0.3169069917913219,0.31663464865114604,0.00027234314017587913,904498.3703152346,903721.0636200961,777.3066951385699,1212085.8191588481,1229217.6331746858,-17131.81401583762
156,3500.0,14,3500.0,8,2000.0,1500.0,False,True,0.0036308718092792347,0.0,True,0.0,0.9420517827453654,0.9018983147742179,0.040153467971147494,0.2824832549111004,0.2585114009515862,0.023971853959514178,357643.0087711038,327293.01164083055,30349.99713027326,764525.2112352363,817918.634141284,-53393.42290604778
157,3500.0,14,3500.0,19,4750.0,-1250.0,True,False,0.005674517663564971,0.0,True,0.0,0.7824315621000748,0.8202212460319037,-0.03778968393182891,0.2716725171252597,0.26282483362528397,0.008847683499975723,839055.8592586536,811729.9421578896,27325.917100763996,892858.640172266,768830.0093708851,124028.63080138096
168,3500.0,14,3500.0,16,4000.0,-500.0,True,False,0.0036345952522419678,0.0,True,0.0,0.9374670381980925,0.9549691269222699,-0.017502088724177356,0.25690874018561244,0.2526619264928719,0.0042468136927405475,686920.6397035487,675565.5414830231,11355.098220525659,3119296.76745947,3070998.437911394,48298.329548075795
170,3500.0,14,3500.0,18,4500.0,-1000.0,True,False,0.0024803826631210057,0.0,True,0.0,0.9249113012151453,0.9623403742797932,-0.03742907306464793,0.2750906503055067,0.2638512351627532,0.011239415142753506,734714.5662208037,704696.235855839,30018.33036496467,3584446.1649686038,3478117.5495666615,106328.61540194228
175,3500.0,14,3500.0,14,3500.0,0.0,False,False,0.003969161432662793,0.0,True,0.0,0.94071140516909,0.94071140516909,0.0,0.23159394615978193,0.23159394615978193,0.0,465835.4724032416,465835.4724032416,0.0,1727143.0039681364,1727143.0039681364,0.0
177,3500.0,14,3500.0,19,4750.0,-1250.0,True,False,0.0024314997943110095,0.0,True,0.0,0.8479042398643358,0.8939763181657,-0.04607207830136417,0.25247306165624966,0.2411208110449793,0.011352250611270376,677404.7576313895,646945.7909461886,30458.966685200925,1114764.3856633224,984529.124786103,130235.26087721938
179,3500.0,14,3500.0,11,2750.0,750.0,False,True,0.009746024210404047,0.0,True,0.0,0.9791441537655933,0.9636841059447192,0.015460047820874068,0.3127703578990974,0.3046917342183514,0.008078623680746022,510330.237710087,497148.79055806657,13181.44715202041,2647633.316545096,2674445.0265587093,-26811.710013613105
183,3500.0,14,3500.0,16,4000.0,-500.0,True,False,0.008133820002761971,0.0,True,0.0,0.7840943010118371,0.7959565077160288,-0.011862206704191691,0.28797797707109185,0.2866431642327999,0.0013348128382919544,873668.9104891581,869619.3491650658,4049.5613240923267,1386339.8496683345,1347660.338556531,38679.511111803586
184,3500.0,14,3500.0,25,6250.0,-2750.0,True,False,0.005520725834733176,0.0,True,0.0,0.7616715667307903,0.8712826506364012,-0.10961108390561092,0.2868486122134989,0.25292376455573,0.033924847657768875,865206.3681619543,762880.636111421,102325.73205053329,1064144.4849893274,691994.5549891415,372149.93000018585
188,3500.0,14,3500.0,12,3000.0,500.0,False,True,0.007860570621661234,0.0,True,0.0,0.9845584689703593,0.9750243351712609,0.009534133799098399,0.33663807351605635,0.33087944440558703,0.0057586291104693155,547914.1501675817,538541.370843372,9372.779324209783,4017068.202248227,4034676.641118474,-17608.438870246988
195,3500.0,14,3500.0,17,4250.0,-750.0,True,False,0.0016909881825734052,0.0,True,0.0,0.8216450150966697,0.8425085672055636,-0.0208635521088939,0.2771768929619117,0.2733138806726983,0.00386301228921343,787502.7257403969,776527.3061272538,10975.41961314308,1314526.314435942,1250687.4590922387,63838.85534370341
198,3500.0,14,3500.0,10,2500.0,1000.0,False,True,0.006084210242360388,0.0,True,0.0,0.9832090585428371,0.9650840878385848,0.01812497070425234,0.2949637853596015,0.27745172820196906,0.017512057157632432,402795.8167650577,378881.750984252,23914.065780805657,1957450.647580335,1984429.8810211788,-26979.233440843876
199,3500.0,14,3500.0,11,2750.0,750.0,False,True,0.005641159701830767,0.0,True,0.0,0.9873139945902346,0.974959458857269,0.012354535732965632,0.32445179405712327,0.3168832252977732,0.0075685687593500806,608394.6282458915,594202.4534419897,14192.174803901813,4227064.815089171,4251129.176388345,-24064.361299173906
203,3500.0,14,3500.0,1,250.0,3250.0,False,True,0.006373335324065588,0.0,True,0.0,0.30748072831023954,0.2951058212937058,0.012374907016533765,0.4142359077445735,0.39092785303843375,0.023308054706139725,1792163.3048173292,1691322.601319515,100840.70349781425,0.0,58192.54220855962,-58192.54220855962
210,3500.0,14,3500.0,23,5750.0,-2250.0,True,False,0.004893754968873565,0.0,True,0.0,0.8682959489640916,0.950357265794362,-0.0820613168302704,0.28831429846599915,0.2625876476076536,0.02572665085834558,914423.3695295259,832828.2114337772,81595.15809574863,3573740.9090321483,3301091.6106505822,272649.29838156607
214,3500.0,14,3500.0,12,3000.0,500.0,False,True,0.009561992906432448,0.0,True,0.0,0.9807908827510093,0.9726184354212747,0.008172447329734656,0.3103334512624167,0.3058165849666048,0.004516866295811883,605021.698081541,596215.6795708631,8806.018510677852,3547608.5738227563,3565659.4240681073,-18050.85024535097
218,3500.0,14,3500.0,26,6500.0,-3000.0,True,False,0.008284215190546007,0.0,True,0.0,0.7859606383118316,0.9231290389171549,-0.13716840060532332,0.287645770497008,0.2390819310135382,0.04856383948346982,900397.98407817,748381.9016081973,152016.08246997278,2173379.3779521063,1723271.1313377635,450108.2466143428
220,3500.0,14,3500.0,12,3000.0,500.0,False,True,0.002222751908615206,0.0,True,0.0,0.9801597598347269,0.96973868745051,0.010421072384216967,0.27658295831171176,0.271784413844165,0.004798544467546739,487841.8458498594,479378.0894249159,8463.756424943509,2934069.102175829,2954327.3417216446,-20258.239545815624
227,3500.0,14,3500.0,16,4000.0,-500.0,True,False,0.006309732576607163,0.0,True,0.0,0.8893968115787709,0.9043042818696804,-0.014907470290909441,0.26564561004442183,0.26339891158208406,0.0022466984623377706,683827.4383495211,678043.965948124,5783.472401397186,1759678.5973334862,1717437.831281792,42240.766051694285
229,3500.0,14,3500.0,7,1750.0,1750.0,False,True,0.003177984113799992,0.0,True,0.0,0.5170097668620597,0.48736210517030365,0.029647661691756033,0.3432450281323135,0.33713362824857174,0.006111399883741764,1283678.1574268148,1260822.558950277,22855.598476537736,84732.49029008273,205340.7920064304,-120608.30171634766
230,3500.0,14,3500.0,4,1000.0,2500.0,False,True,0.006175164680008449,0.0,True,0.0,0.5703071967957065,0.5206539078798362,0.049653288915870286,0.3569679067112555,0.3333584342996634,0.023609472411592114,723518.3468268847,675665.6235777123,47852.723249172326,57294.30139441929,168529.63342342287,-111235.33202900358
238,3500.0,14,3500.0,9,2250.0,1250.0,False,True,0.007135745008434391,0.0,True,0.0,0.9753781931203044,0.9496841797742726,0.02569401334603183,0.2818438654869359,0.25739699671695015,0.024446868769985752,352013.48520959844,321480.17037829425,30533.31483130419,1130142.451630435,1166493.6185058816,-36351.16687544668
240,3500.0,14,3500.0,22,5500.0,-2000.0,True,False,0.007988103092446797,0.0,True,0.0,0.8708866971718707,0.9462259428882752,-0.07533924571640449,0.2814632190750284,0.2561704126794486,0.025292806395579792,867865.7480045999,789877.7238010393,77988.02420356066,3100934.8475234634,2841424.9710835745,259509.87643988896
247,3500.0,14,3500.0,12,3000.0,500.0,False,True,0.0035521014181968402,0.0,True,0.0,0.9654169924119234,0.9551543790564001,0.010262613355523253,0.2841678140570667,0.2799164099165956,0.004251404140471093,527982.3971235956,520083.30919671187,7899.087926883716,2264871.0556359543,2285235.951292045,-20364.895656090695
251,3500.0,14,3500.0,20,5000.0,-1500.0,True,False,0.003234463077038008,0.0,True,0.0,0.8163212028358466,0.8842143614635932,-0.06789315862774659,0.2550757433885641,0.23347142212031197,0.021604321268252125,655045.7191269913,599564.8726403269,55480.84648666449,770447.4466534646,588607.2897456196,181840.15690784494
270,3500.0,14,3500.0,12,3000.0,500.0,False,True,0.0030760303643367903,0.0,True,0.0,0.9520762216666535,0.9377598137334792,0.014316407933174347,0.23682589741400092,0.23215356938698148,0.004672328027019446,371850.88980624545,364514.6594645247,7336.230341720744,1041998.1518509376,1065406.6853001988,-23408.533449261216
283,3500.0,14,3500.0,1,250.0,3250.0,False,True,0.0020187465464743815,0.0,True,0.0,0.3233741446695353,0.3059890938357025,0.017385050833832794,0.41640771334983634,0.3948655871989044,0.02154212615093193,1758722.8866189742,1667738.4281820878,90984.45843688631,1740.2269449951868,80090.54857344404,-78350.32162844886
287,3500.0,14,3500.0,12,3000.0,500.0,False,True,0.003817915700331409,0.0,True,0.0,0.9761823874356282,0.9608449200481657,0.015337467387462556,0.2906789811256135,0.28691019114902,0.003768789976593523,434997.2094766346,429357.2656576034,5639.943819031236,2712405.1385968765,2737606.598457871,-25201.45986099448
290,3500.0,14,3500.0,21,5250.0,-1750.0,True,False,0.0019758180129549885,0.0,True,0.0,0.8643308691356437,0.9325415522943119,-0.06821068315866818,0.2655381549583189,0.2423591278922772,0.02317902706604169,798696.4988148508,728977.6752940346,69718.82352081616,2249330.776905069,2030769.180866871,218561.5960381981
291,3500.0,14,3500.0,21,5250.0,-1750.0,True,False,0.006177180758314749,0.0,True,0.0,0.6003507290327059,0.6369088454783529,-0.03655811644564699,0.31256727246494564,0.3098805106342892,0.00268676183065647,1532298.4472178114,1519127.135491243,13171.311726568267,496032.4284066453,300228.71014706726,195803.71825957805
293,3500.0,14,3500.0,16,4000.0,-500.0,True,False,0.006438098710847995,0.0,True,0.0,0.9174153416214782,0.9383371640140173,-0.020921822392539147,0.25201149516933397,0.24824070742025708,0.0037707877490768815,498974.84178943007,491508.8005310624,7466.041258367652,1616861.829788363,1571143.989456477,45717.840331885964
296,3500.0,14,3500.0,17,4250.0,-750.0,True,False,0.0017220032617395464,0.0,True,0.0,0.6922395238999104,0.7086732205175041,-0.01643369661759375,0.30547567618750165,0.30396297275469597,0.0015127034328056843,944589.3457860765,939911.7768097329,4677.568976343609,541578.5020557772,487436.9749982427,54141.52705753455
305,3500.0,14,3500.0,28,7000.0,-3500.0,True,False,0.005406061878363011,0.0,True,0.0,0.7899689732636151,0.9086564142717891,-0.11868744100817397,0.28508650392849005,0.25007568065236097,0.03501082327612909,1055335.0488107533,925731.7586448805,129603.29016587278,2288162.436930129,1822819.0106450263,465343.4262851025
308,3500.0,14,3500.0,9,2250.0,1250.0,False,True,0.009580177861672423,0.0,True,0.0,0.9973650314511185,0.9861420436306979,0.011222987820420638,0.4169181205332333,0.38927936488983,0.02763875564340329,590308.6565310966,551175.3209706717,39133.335560424835,4690328.351757459,4707360.157380668,-17031.805623209104
309,3500.0,14,3500.0,15,3750.0,-250.0,True,False,0.008654457228295387,0.0,True,0.0,0.9440467243214392,0.9522314254325536,-0.008184701111114356,0.23919581866137357,0.2389888066016365,0.0002070120597370828,514429.6155908131,513984.4023972498,445.21319356327876,2192957.603930556,2173871.094512298,19086.509418258443
315,3500.0,14,3500.0,8,2000.0,1500.0,False,True,0.0042236809823870125,0.0,True,0.0,0.8815993447336008,0.8424364465425865,0.03916289819101426,0.32284406546595945,0.29936005364151214,0.023484011824447315,408861.54424570705,379120.5318911207,29741.01235458633,796478.8037807334,849667.9249115535,-53189.12113082013
318,3500.0,14,3500.0,4,1000.0,2500.0,False,True,0.004655923957601393,0.0,True,0.0,0.4147965948529847,0.38811379030411397,0.02668280454887073,0.3806853586145738,0.3714932213783695,0.009192137236204323,1789533.1273861283,1746322.5501379455,43210.577248182846,174669.09677323524,306120.12871406425,-131451.031940829
321,3500.0,14,3500.0,8,2000.0,1500.0,False,True,0.0028673964161491927,0.0,True,0.0,0.9764256853154726,0.9467089066179722,0.029716778697500335,0.3841615699773527,0.35574061745401403,0.02842095252333865,491020.51645311544,454693.95003752655,36326.566415588895,2331577.0790105425,2373322.4072146756,-41745.32820413308
325,3500.0,14,3500.0,20,5000.0,-1500.0,True,False,0.006574033650685207,0.0,True,0.0,0.8046744024253376,0.8568394661549746,-0.05216506372963703,0.26829473575813345,0.2537056297707692,0.014589105987364237,826625.1496201442,781675.620940234,44949.528679910116,1185178.255979451,1009443.4316171304,175734.82436232048
330,3500.0,14,3500.0,14,3500.0,0.0,False,False,0.0010396222592979898,0.0,True,0.0,0.8469340535256208,0.8469340535256208,0.0,0.2587409815990192,0.2587409815990192,0.0,587248.3681043128,587248.3681043128,0.0,773101.2908848973,773101.2908848973,0.0
353,3500.0,14,3500.0,24,6000.0,-2500.0,True,False,0.00547395277168683,0.0,True,0.0,0.7399924823621188,0.831890481844036,-0.09189799948191724,0.2764327127092035,0.24813145487715205,0.028301257832051452,953733.4941009548,856089.9943317766,97643.49976917822,827411.47711095,497988.187589166,329423.28952178406
360,3500.0,14,3500.0,9,2250.0,1250.0,False,True,0.0018829377054158103,0.0,True,0.0,0.9351940750580862,0.9017436602347042,0.03345041482338196,0.2768005468519674,0.2632061763617913,0.013594370490176144,413179.2392282825,392886.96841885266,20292.270809429814,975101.5907437882,1031559.1815351363,-56457.590791348135
366,3500.0,14,3500.0,28,7000.0,-3500.0,True,False,0.0064614098133621845,0.0,True,0.0,0.7372434048365091,0.8958016369078567,-0.15855823207134767,0.29507573279135396,0.2409420092703363,0.05413372352101767,978435.8517358871,798934.8965747451,179500.95516114205,1826176.2246655934,1235838.305931453,590337.9187341405
371,3500.0,14,3500.0,22,5500.0,-2000.0,True,False,0.0033820132898599864,0.0,True,0.0,0.7364232874263195,0.8144833652394945,-0.07806007781317503,0.27804183234802754,0.2520453699363736,0.02599646241165393,941415.8386077052,853394.9776623377,88020.86094536749,673083.5349810807,380030.09148104326,293053.4435000374
376,3500.0,14,3500.0,10,2500.0,1000.0,False,True,0.007317689072077971,0.0,True,0.0,0.9806215646220633,0.9634760613195108,0.01714550330255249,0.31782382928184433,0.3021288741806613,0.015694955101183017,482121.7165696351,458313.31078721205,23808.40578242304,2326169.0345872086,2355076.0273420867,-28906.99275487801
378,3500.0,14,3500.0,24,6000.0,-2500.0,True,False,0.001895673281446797,0.0,True,0.0,0.8112049292606885,0.9282166969981965,-0.11701176773750799,0.2687564093026926,0.22244828583131285,0.046308123471379775,907839.3959270159,751413.9586775464,156425.43724946957,2266071.337629039,1857846.681485847,408224.65614319174
414,3500.0,14,3500.0,19,4750.0,-1250.0,True,False,0.006299746118416216,0.0,True,0.0,0.7166696124847687,0.7602481166545111,-0.043578504169742405,0.281527567536967,0.27082842865783024,0.01069913887913676,788951.4716612722,758968.2574487071,29983.2142125651,306131.8727760084,178629.62688497745,127502.24589103094
415,3500.0,14,3500.0,22,5500.0,-2000.0,True,False,0.009483407867614813,0.0,True,0.0,0.7600108013857563,0.8614121618600037,-0.10140136047424742,0.2789113833706775,0.24373329204201677,0.03517809132866073,755373.7447876383,660101.1665935221,95272.57819411624,875295.381402659,573093.4779060646,302201.9034965944
416,3500.0,14,3500.0,16,4000.0,-500.0,True,False,0.004196227898327964,0.0,True,0.0,0.8997466747286341,0.9154543629555877,-0.015707688226953564,0.25712638284159256,0.2545204337939221,0.002605949047670475,646169.4335918789,639620.5738385804,6548.859753298457,1666375.9758075457,1622950.5719147183,43425.40389282745
422,3500.0,14,3500.0,24,6000.0,-2500.0,True,False,0.002290660427180957,0.0,True,0.0,0.8311950657612633,0.9261880361404873,-0.09499297037922394,0.27013368743167426,0.23866753999759444,0.03146614743407983,898966.6046365186,794251.72812945,104714.87650706863,2241218.598030136,1908487.8517612345,332730.7462689015
426,3500.0,14,3500.0,26,6500.0,-3000.0,True,False,0.006014022668167418,0.0,True,0.0,0.7909463693614274,0.9242334683381205,-0.1332870989766931,0.2858672047557272,0.2367395912235156,0.049127613532211595,959412.7627925568,794533.2010792091,164879.56171334768,2382155.562339023,1885736.5154265345,496419.04691248876
429,3500.0,14,3500.0,24,6000.0,-2500.0,True,False,0.006488370743648386,0.0,True,0.0,0.7079763606827115,0.7606415994260749,-0.052665238743363374,0.30259789368122675,0.2973134830281872,0.0052844106530395285,1220085.9620071384,1198779.0217081865,21306.94029895193,1428044.767223125,1205567.0076287375,222477.7595943876
432,3500.0,14,3500.0,28,7000.0,-3500.0,True,False,0.0025571601650982156,0.0,True,0.0,0.7242165104257369,0.8193921383351731,-0.09517562790943623,0.29732840006170713,0.2777240224857587,0.019604377575948406,1182548.529226111,1104577.0745516845,77971.45467442647,1527775.543138539,1098639.0817994196,429136.46133911936
450,3500.0,14,3500.0,9,2250.0,1250.0,False,True,0.0017062518251276249,0.0,True,0.0,0.996544566022234,0.9799986446054022,0.016545921416831755,0.4054372549263717,0.3848921827183435,0.020545072208028203,624876.6131335321,593211.7007902696,31664.912343262462,4918263.084621566,4945510.305767861,-27247.221146294847
472,3500.0,14,3500.0,16,4000.0,-500.0,True,False,0.00931553595262602,0.0,True,0.0,0.8948767602422117,0.9102886330774423,-0.0154118728352306,0.25697652724680403,0.25477210402852296,0.002204423218281071,667895.5477981251,662166.1355878856,5729.412210239447,1740595.6651656681,1698282.584693411,42313.08047225722
478,3500.0,14,3500.0,33,8250.0,-4750.0,True,False,0.0025117367111251454,0.0,True,0.0,0.750129024896068,0.9135248704235724,-0.1633958455275044,0.28539810732302145,0.23534196105254143,0.05005614627048002,1261523.5877474926,1040264.2044101052,221259.38333738735,2776154.254706735,2018512.3869712667,757641.8677354681
486,3500.0,14,3500.0,10,2500.0,1000.0,False,True,0.00990084988004003,0.0,True,0.0,0.6846692789236628,0.662957295798704,0.02171198312495881,0.3103669504192631,0.3051134065364535,0.005253543882809575,641416.0355640221,630558.8638019472,10857.171762074926,127054.8548535663,173528.3926050351,-46473.5377514688
497,3500.0,14,3500.0,24,6000.0,-2500.0,True,False,0.002755478796475974,0.0,True,0.0,0.6646692517158337,0.753216059210523,-0.08854680749468935,0.30553901029339725,0.2828196989537363,0.02271931133966093,1008727.9947527577,933720.8611372731,75007.13361548458,512697.84141139186,209278.707513876,303419.1338975158
505,3500.0,14,3500.0,28,7000.0,-3500.0,True,False,0.006097140206969609,0.0,True,0.0,0.6910527577527272,0.8452570465898983,-0.15420428883717108,0.2925111868167215,0.23893971538513623,0.05357147143158528,1095761.804157482,895080.3436428608,200681.46051462123,1221979.694475173,624357.8914864669,597621.8029887062
511,3500.0,14,3500.0,25,6250.0,-2750.0,True,False,0.004797036113736164,0.0,True,0.0,0.8096997494425322,0.9183974781943385,-0.10869772875180628,0.2737980894512803,0.23464220864068694,0.039155880810593374,968087.3427498197,829641.1151558866,138446.22759393312,2129070.63018749,1713442.5233116853,415628.1068758047
518,3500.0,14,3500.0,14,3500.0,0.0,False,False,0.001538784829331008,0.0,True,0.0,0.8303421437570292,0.8303421437570292,0.0,0.2817817806447166,0.2817817806447166,0.0,611770.0190334008,611770.0190334008,0.0,978131.2899696494,978131.2899696494,0.0
527,3500.0,14,3500.0,25,6250.0,-2750.0,True,False,0.0013618771458081547,0.0,True,0.0,0.8269015004997348,0.935414468621309,-0.10851296812157418,0.270699625946794,0.22986460630817615,0.040835019638617825,977083.3882272644,829690.4274602267,147392.9607670377,2602022.368351873,2196758.7085313667,405263.65982050635
534,3500.0,14,3500.0,9,2250.0,1250.0,False,True,0.0018931030971623963,0.0,True,0.0,0.5957766727400045,0.5706141395704201,0.02516253316958439,0.321620094755174,0.31960532194010804,0.002014772815065957,1141010.604925633,1133862.8017068817,7147.803218751214,261078.1655619162,357114.52341199946,-96036.35785008327
535,3500.0,14,3500.0,14,3500.0,0.0,False,False,0.002970686824487201,0.0,True,0.0,0.8664263244579504,0.8664263244579504,0.0,0.23975920919017665,0.23975920919017665,0.0,518723.9080462563,518723.9080462563,0.0,607101.8223471165,607101.8223471165,0.0
543,3500.0,14,3500.0,26,6500.0,-3000.0,True,False,0.0013675165839983627,0.0,True,0.0,0.7988416178963367,0.9092862698070171,-0.11044465191068042,0.271886488922021,0.23409948436347605,0.037787004558544945,1047018.258495969,901502.8124599061,145515.4460360629,2152298.761190513,1707592.5250334784,444706.23615703476
544,3500.0,14,3500.0,12,3000.0,500.0,False,True,0.006861620899931586,0.0,True,0.0,0.9613037467215138,0.9480047647032713,0.013298982018242422,0.24824013547855497,0.24503766203340607,0.003202473445148901,435768.2949682509,430146.57553846034,5621.719429790566,1711360.5955435066,1737851.4269749615,-26490.83143145498
553,3500.0,14,3500.0,17,4250.0,-750.0,True,False,0.0066481504759028365,0.0,True,0.0,0.6665371434917817,0.6814575095872282,-0.014920366095446447,0.3108576850270102,0.31013009803907354,0.0007275869879366792,1058733.031615797,1056254.9832528122,2478.0483629847877,724784.2800774153,669916.150125809,54868.12995160627
555,3500.0,14,3500.0,6,1500.0,2000.0,False,True,0.00739230320287676,0.0,True,0.0,0.516331854287176,0.4819771002325748,0.0343547540546012,0.35885435272776833,0.35227887512457556,0.00657547760319277,1237041.064642327,1214374.1086671376,22666.95597518934,308387.5414066807,431925.53810559236,-123537.99669891165
561,3500.0,14,3500.0,33,8250.0,-4750.0,True,False,0.005105171891060634,0.0,True,0.0,0.7564945506492959,0.9127611247670152,-0.15626657411771927,0.2933209962995435,0.2462559052776444,0.0470650910218991,1273853.8416468254,1069456.4484766556,204397.3931701698,2970890.3720376347,2233018.2946624104,737872.0773752243
567,3500.0,14,3500.0,12,3000.0,500.0,False,True,0.00466716116015875,0.0,True,0.0,0.9816377570725449,0.9710144963990079,0.010623260673536916,0.35447662472176333,0.3503303499442452,0.004146274777518111,603181.9389343525,596126.5849695571,7055.3539647953585,3757562.5914915693,3777477.620011884,-19915.02852031449
582,3500.0,14,3500.0,24,6000.0,-2500.0,True,False,0.006502310594389549,0.0,True,0.0,0.8473972287816267,0.9462781420901061,-0.09888091330847937,0.29321524965159634,0.25753057774594557,0.03568467190565078,908546.9105085032,797975.5863672382,110571.32414126501,3106027.598283067,2775090.6788705736,330936.91941249324
586,3500.0,14,3500.0,13,3250.0,250.0,False,True,0.005168352129615639,0.0,True,0.0,0.8777424158294661,0.8692421857625633,0.008500230066902814,0.23471199143860352,0.23459874588577054,0.00011324555283298565,463433.60251465713,463210.00169138226,223.6008232748718,443525.96130778926,461225.8229075629,-17699.861599773634
589,3500.0,14,3500.0,12,3000.0,500.0,False,True,0.0059909574946915845,0.0,True,0.0,0.864337573708685,0.8502479789878783,0.01408959472080673,0.2528870369114947,0.25138105567010904,0.0015059812413856788,488553.06786548183,485643.6591246758,2909.408740806044,557649.1094875175,585858.204279788,-28209.09479227045
594,3500.0,14,3500.0,10,2500.0,1000.0,False,True,0.003464039420839393,0.0,True,0.0,0.8740486929925778,0.8477295751175731,0.02631911787500474,0.28703998778605516,0.2799216925892809,0.00711829519677426,485775.460596311,473728.73095928616,12046.729637024866,898906.5566084033,946502.2527354814,-47595.69612707803
598,3500.0,14,3500.0,11,2750.0,750.0,False,True,0.006392979276888755,0.0,True,0.0,0.9727543675815282,0.9559351104521632,0.01681925712936505,0.25712518656964184,0.2501408004571727,0.006984386112469154,449815.168445548,437596.6734097918,12218.495035756205,1914899.6062239564,1946550.482739247,-31650.876515290467
599,3500.0,14,3500.0,14,3500.0,0.0,False,False,0.009897932105704221,0.0,True,0.0,0.9089748530420213,0.9089748530420213,0.0,0.27550299200925554,0.27550299200925554,0.0,553345.9220975802,553345.9220975802,0.0,1555325.3234269347,1555325.3234269347,0.0
613,3500.0,14,3500.0,20,5000.0,-1500.0,True,False,0.008822851060754422,0.0,True,0.0,0.7624971483963885,0.8164753347021261,-0.053978186305737585,0.2813550968694798,0.26642096130130183,0.014934135568177964,844420.8691898771,799599.5886181219,44821.28057175514,858999.2926264898,685117.7462622975,173881.54636419227
615,3500.0,14,3500.0,13,3250.0,250.0,False,True,0.009976336659464402,0.0,True,0.0,0.926309598812458,0.9190933142307467,0.0072162845817113075,0.2682010064929859,0.2676738200667351,0.0005271864262507697,532354.1481132025,531307.7319027886,1046.4162104139104,1597164.9373026122,1613125.8156619158,-15960.878359303577
622,3500.0,14,3500.0,20,5000.0,-1500.0,True,False,0.002886784709694945,0.0,True,0.0,0.8844350853732169,0.9406727125078832,-0.05623762713466629,0.27143771696385577,0.255956784994019,0.015480931969836742,714440.4618399594,673693.7140778718,40746.747762087616,2323365.3215008415,2160972.92432891,162392.39717193134
624,3500.0,14,3500.0,9,2250.0,1250.0,False,True,0.008036494326860044,0.0,True,0.0,0.9969538125392742,0.9849724930066832,0.011981319532590962,0.4228063188806516,0.39508068779802785,0.02772563108262377,583966.1124783108,545672.3872516121,38293.725226698676,4340635.548030335,4358570.6272032,-17935.079172864556
625,3500.0,14,3500.0,16,4000.0,-500.0,True,False,0.005958148263234375,0.0,True,0.0,0.842832939349689,0.8621003785889497,-0.019267439239260775,0.25457050265673464,0.2516118919156363,0.002958610741098322,544145.089041946,537821.0511492832,6324.037892662804,602973.2893691733,557961.984020637,45011.30534853635
626,3500.0,14,3500.0,15,3750.0,-250.0,True,False,0.008693982277122037,0.0,True,0.0,0.9476494729041821,0.9572620513551267,-0.009612578450944542,0.26533776489530364,0.26357186632485097,0.001765898570452673,528724.4756878839,525205.663368993,3518.8123188909376,2889984.5901838047,2869039.2165953363,20945.373588468414
633,3500.0,14,3500.0,17,4250.0,-750.0,True,False,0.007571119216448596,0.0,True,0.0,0.9175339646057854,0.9536614533430426,-0.03612748873725724,0.2730133888580682,0.26199612483497664,0.011017264023091555,593086.1382307995,569152.5626627476,23933.575568051892,2798643.528818964,2711114.6514374404,87528.8773815236
643,3500.0,14,3500.0,17,4250.0,-750.0,True,False,0.007287953318140028,0.0,True,0.0,0.9352425363944132,0.9626914649235218,-0.02744892852910852,0.26177691196366115,0.2545464777271047,0.007230434236556449,648350.9437491267,630443.1044907963,17907.83925833041,3180466.274545947,3108193.1809081896,72273.09363775747
650,3500.0,14,3500.0,14,3500.0,0.0,False,False,0.004745890779020767,0.0,True,0.0,0.8986076832115052,0.8986076832115052,0.0,0.2748178478900895,0.2748178478900895,0.0,525770.84353154,525770.84353154,0.0,1284734.7352628214,1284734.7352628214,0.0
655,3500.0,14,3500.0,11,2750.0,750.0,False,True,0.006611996312281154,0.0,True,0.0,0.9792934023779973,0.962571763766146,0.016721638611851386,0.25947410423564293,0.24988781177441566,0.009586292461227275,405402.4599330556,390424.8321776097,14977.627755445952,2144657.1875414937,2172445.9972085757,-27788.809667082038
657,3500.0,14,3500.0,20,5000.0,-1500.0,True,False,0.006909661364519648,0.0,True,0.0,0.8765329155763177,0.9397056883584142,-0.06317277278209643,0.26358103202173866,0.2408884753725068,0.022692556649231865,769122.5657396165,702906.2782496678,66216.28748994868,2472399.2326455684,2275451.492904107,196947.73974146135
676,3500.0,14,3500.0,23,5750.0,-2250.0,True,False,0.007851595316976212,0.0,True,0.0,0.8527155178697075,0.9339910721658419,-0.08127555429613442,0.275269677782043,0.2488958467280777,0.026373831053965263,900821.5664832331,814513.056241111,86308.51024212211,2661025.391150782,2372852.293999268,288173.0971515137
680,3500.0,14,3500.0,10,2500.0,1000.0,False,True,0.0018433072082020274,0.0,True,0.0,0.9912919423242318,0.9772384978870516,0.014053444437180151,0.33083039672722464,0.3161551151882716,0.014675281538953033,559094.3608515693,534293.5347077043,24800.826143865008,4040197.248707653,4064701.138001085,-24503.88929343177
691,3500.0,14,3500.0,20,5000.0,-1500.0,True,False,0.006863886805141828,0.0,True,0.0,0.7518806859002726,0.795211905847397,-0.04333121994712441,0.2954082102752325,0.2864195408834632,0.008988669391769288,947399.8586487476,918572.4130497634,28827.445598984137,1120550.7452426187,962654.9775248099,157895.76771780883
705,3500.0,14,3500.0,8,2000.0,1500.0,False,True,0.00994051832213838,0.0,True,0.0,0.9973098100905702,0.9803795114925397,0.016930298598030524,0.40529471980743975,0.3686604438817853,0.036634275925654436,498486.5056750556,453428.6963781774,45057.80929687823,3721266.338653258,3742881.123583364,-21614.784930105787
718,3500.0,14,3500.0,28,7000.0,-3500.0,True,False,0.006331461608598432,0.0,True,0.0,0.7413703549289086,0.9024632790433281,-0.16109292411441956,0.30121660116841864,0.2428921214225586,0.05832447974586005,986722.2940587199,795663.5534999997,191058.7405587202,1921693.4003822666,1368548.4320581243,553144.9683241423
720,3500.0,14,3500.0,25,6250.0,-2750.0,True,False,0.007073223166916387,0.0,True,0.0,0.7466164896648058,0.8735032118527981,-0.12688672218799235,0.28368555213801044,0.23909309196574713,0.044592460172263315,891870.5366123965,751677.6325925424,140192.90401985403,1144140.4723355225,723534.3445451272,420606.1277903953
724,3500.0,14,3500.0,13,3250.0,250.0,False,True,0.005579106896380748,0.0,True,0.0,0.9307772854677157,0.9247629399571504,0.006014345510565233,0.2590672727800086,0.25781871200369927,0.0012485607763093043,509972.1730651658,507514.38962742884,2457.7834377369727,1436542.1838370522,1449259.081427569,-12716.897590516834
725,3500.0,14,3500.0,9,2250.0,1250.0,False,True,0.009473090018318642,0.0,True,0.0,0.5602625864423554,0.5377786114875289,0.022483974954826458,0.33179306505292283,0.3284666965884405,0.00332636846448231,1138132.7852141904,1126722.5135603026,11410.271653887816,92503.41202972404,173554.7367357934,-81051.32470606937
733,3500.0,14,3500.0,13,3250.0,250.0,False,True,0.0022162130465671614,0.0,True,0.0,0.9681110834001527,0.9615795666887763,0.006531516711376417,0.28721384504302505,0.28708870907359096,0.000125135969434087,624727.7796001156,624455.5924556521,272.1871444635326,3273061.733882106,3287740.054535102,-14678.32065299619
734,3500.0,14,3500.0,16,4000.0,-500.0,True,False,0.006411112926041573,0.0,True,0.0,0.9283432416492174,0.9486658927503704,-0.020322651101152944,0.24576244334916864,0.2402474126215912,0.005515030727577447,584461.1104740173,571345.5142119852,13115.596262032166,2369038.2231973717,2318440.6978514623,50597.52534590941
742,3500.0,14,3500.0,9,2250.0,1250.0,False,True,0.00961071008187242,0.0,True,0.0,0.909755766415374,0.8764468921734954,0.03330887424187867,0.3385820152740431,0.32605752850694886,0.012524486767094223,510470.6797572323,491587.8596864901,18882.820070742222,1649006.4647384665,1705336.9026955469,-56330.437957080314
751,3500.0,14,3500.0,9,2250.0,1250.0,False,True,0.006889874914020044,0.0,True,0.0,0.9851152904859304,0.9668312628770453,0.018284027608885034,0.3040644627629346,0.27974209934490807,0.024322363418026516,422605.8918304324,388801.3031905791,33804.58863985329,2055759.6961810887,2084625.5782254287,-28865.88204434002
755,3500.0,14,3500.0,8,2000.0,1500.0,False,True,0.00886863516574199,0.0,True,0.0,0.9932120672544997,0.9744753219363406,0.018736745318159165,0.3424304065496688,0.3099541644436783,0.03247624210599048,462315.1626762837,418469.0004629769,43846.16221330676,3000097.6315108323,3028041.1714199265,-27943.539909094106
776,3500.0,14,3500.0,21,5250.0,-1750.0,True,False,0.005972801705420361,0.0,True,0.0,0.8706716940707682,0.9305044447795816,-0.05983275070881344,0.2878883472589382,0.2689500586621497,0.018938288596788477,866196.7182070054,809215.310007664,56981.408199341386,2747104.662079825,2555480.983580363,191623.67849946208
787,3500.0,14,3500.0,14,3500.0,0.0,False,False,0.00722617474744125,0.0,True,0.0,0.7557865056793158,0.7557865056793158,0.0,0.2765785431238225,0.2765785431238225,0.0,694188.3060202384,694188.3060202384,0.0,397581.9299880681,397581.9299880681,0.0
794,3500.0,14,3500.0,5,1250.0,2250.0,False,True,0.005086632328181184,0.0,True,0.0,0.503534691112951,0.4707564228590023,0.032778268253948695,0.3519405854109877,0.3411166744605682,0.010823910950419513,1199614.0273044235,1162719.9720443455,36894.05526007805,103806.55457179059,223798.89069507623,-119992.33612328564
798,3500.0,14,3500.0,15,3750.0,-250.0,True,False,0.006764197860028576,0.0,True,0.0,0.6174752278773947,0.6222404063319977,-0.004765178454603003,0.3113415353642794,0.3112449709878727,9.656437640670479e-05,1519115.9568751373,1518644.794282284,471.16259285318665,853639.9887875151,827943.8519181793,25696.13686933578
800,3500.0,14,3500.0,9,2250.0,1250.0,False,True,0.008600728505008592,0.0,True,0.0,0.8675614457150126,0.8374103308037797,0.0301511149112329,0.26303155311844234,0.2443232393680641,0.018708313750378236,367544.54219017277,341402.66479557526,26141.87739459751,194828.35633865005,239047.6000160992,-44219.24367744915
807,3500.0,14,3500.0,19,4750.0,-1250.0,True,False,0.001578554554735212,0.0,True,0.0,0.8549884229261793,0.9096432439475202,-0.054654821021340894,0.2568559153584944,0.24284299296961473,0.014012922388879662,574227.2721358007,542899.9725998472,31327.29953595344,995323.502437724,861646.6123991795,133676.89003854454
809,3500.0,14,3500.0,11,2750.0,750.0,False,True,0.004179979215088392,0.0,True,0.0,0.8603621833194858,0.8415975891322875,0.018764594187198225,0.3011624851089073,0.29582855745331743,0.005333927655589876,525536.4581153373,516228.6140558475,9307.844059489784,1050454.3594952621,1085663.416408881,-35209.05691361893
817,3500.0,14,3500.0,15,3750.0,-250.0,True,False,0.0025603178598901932,0.0,True,0.0,0.9067622153933708,0.9151498675843432,-0.008387652190972483,0.23081976097890106,0.23029808632801946,0.0005216746508815984,500738.18901528144,499606.47300089087,1131.7160143905785,930591.8210157977,911799.7267946091,18792.09422118857
828,3500.0,14,3500.0,24,6000.0,-2500.0,True,False,0.009410301217414152,0.0,True,0.0,0.7109812461882106,0.7839375661121859,-0.07295631992397533,0.2876251261966398,0.27099002747009576,0.016635098726544062,1147738.9110674593,1081358.2358101443,66380.67525731493,1109340.850659633,803115.3055713848,306225.5450882482
831,3500.0,14,3500.0,11,2750.0,750.0,False,True,0.009070238566640354,0.0,True,0.0,0.8569385401557332,0.8389497823327381,0.01798875782299514,0.31023001889763474,0.30651134288448334,0.0037186760131514007,641809.5626407005,634116.2973851848,7693.2652555156965,1641171.5777951293,1682337.9853135133,-41166.40751838405
833,3500.0,14,3500.0,18,4500.0,-1000.0,True,False,0.006767230407463964,0.0,True,0.0,0.9080657163635857,0.9454215941163218,-0.03735587775273608,0.24461520533755785,0.23539696668413043,0.009218238653427413,628260.8392556624,604585.0487631239,23675.79049253848,2125823.4630857906,2023169.6842655898,102653.77882020082
838,3500.0,14,3500.0,19,4750.0,-1250.0,True,False,0.002215592450916848,0.0,True,0.0,0.9209373081576824,0.9620793738874978,-0.04114206572981538,0.2794725704946471,0.2682664414928624,0.011206129001784693,805138.4211913698,772854.4478619136,32283.973329456174,3783292.6582611334,3660273.844052355,123018.81420877855
842,3500.0,14,3500.0,19,4750.0,-1250.0,True,False,0.0077832640056205715,0.0,True,0.0,0.8452930826713037,0.8977490346061416,-0.052455951934837985,0.24549460511713367,0.2296314992320708,0.015863105885062873,669447.1446006082,626189.5303072695,43257.614293338615,994846.8051730252,837531.6676012145,157315.13757181074
857,3500.0,14,3500.0,17,4250.0,-750.0,True,False,0.0017334697336207627,0.0,True,0.0,0.7707241750003094,0.7876486404158867,-0.01692446541557724,0.2776116620175658,0.27614358430130953,0.0014680777162562886,847107.5450068626,842627.8351090183,4479.709897844354,895256.5736145495,838002.6930697788,57253.880544770625
862,3500.0,14,3500.0,15,3750.0,-250.0,True,False,0.0010838886965823802,0.0,True,0.0,0.8797928708014716,0.8879010631038904,-0.00810819230241877,0.2712617982501379,0.2698019084143483,0.0014598898357895962,634538.1381336099,631123.1501616291,3414.987971980823,1494669.2003498196,1474080.6620055167,20588.538344302913
877,3500.0,14,3500.0,26,6500.0,-3000.0,True,False,0.00833804997174925,0.0,True,0.0,0.699768192945806,0.7853720287268363,-0.08560383578103037,0.2951143626045753,0.27695391633502403,0.018160446269551267,1134138.4178718908,1064346.9661166484,69791.45175524242,1010444.0129063006,663994.9969504642,346449.0159558364
879,3500.0,14,3500.0,9,2250.0,1250.0,False,True,0.0025433728515922294,0.0,True,0.0,0.5896137260557552,0.57056367894747,0.019050047108285284,0.33518025464510387,0.32592224488523985,0.009258009759864017,779621.9037660186,758087.9765908874,21533.92717513116,19884.377907107533,68538.17196792684,-48653.79406081931
881,3500.0,14,3500.0,13,3250.0,250.0,False,True,0.004007628895074777,0.0,True,0.0,0.9761377020078911,0.9706312489198218,0.005506453088069296,0.286543179843636,0.2856822550783058,0.0008609247653301733,611004.4886858782,609168.7133715797,1835.7753142985748,3743196.108845977,3756177.0495546837,-12980.940708706621
888,3500.0,14,3500.0,22,5500.0,-2000.0,True,False,0.005533279439352001,0.0,True,0.0,0.8696775666218443,0.9537015792256976,-0.08402401260385339,0.2847045067820495,0.2561026207263259,0.028601886055723613,822101.6900938074,739511.9933866832,82589.69670712424,3331399.9548554905,3080280.199043868,251119.75581162237
889,3500.0,14,3500.0,22,5500.0,-2000.0,True,False,0.0025071111381705924,0.0,True,0.0,0.8630620916660878,0.9462143968279995,-0.08315230516191163,0.28007824196184583,0.25150899002340144,0.028569251938444395,783810.6154025968,703858.3749621757,79952.24044042104,2670795.1793798287,2422519.2835430056,248275.89583682315
893,3500.0,14,3500.0,14,3500.0,0.0,False,False,0.003662115922805964,0.0,True,0.0,0.9418919126876023,0.9418919126876023,0.0,0.24402437787214049,0.24402437787214049,0.0,523975.03674529574,523975.03674529574,0.0,1744147.048357592,1744147.048357592,0.0
896,3500.0,14,3500.0,11,2750.0,750.0,False,True,0.007859974303915607,0.0,True,0.0,0.8636859467844653,0.8445366160120629,0.01914933077240244,0.32591736317821046,0.3229891801126448,0.002928183065565637,639387.6681598047,633643.1318025523,5744.536357252393,1823108.1359771069,1864565.8965988318,-41457.76062172488
903,3500.0,14,3500.0,27,6750.0,-3250.0,True,False,0.0018826104928095777,0.0,True,0.0,0.7615897194617155,0.8687224110398324,-0.10713269157811689,0.28958610744939217,0.2619712132227934,0.027614894226598796,1047361.491905768,947485.2337843557,99876.25812141236,1761609.9961812757,1327470.2450908276,434139.7510904481
911,3500.0,14,3500.0,12,3000.0,500.0,False,True,0.0040180973852359525,0.0,True,0.0,0.9826805079678195,0.972217132007235,0.010463375960584442,0.32195273466807806,0.31845448597580667,0.0034982486922713885,587167.9233478999,580787.9203262975,6380.003021602402,3841257.1678876258,3861393.6485952847,-20136.48070765892
912,3500.0,14,3500.0,14,3500.0,0.0,False,False,0.002358789822285212,0.0,True,0.0,0.9580758365386935,0.9580758365386935,0.0,0.25178208625071263,0.25178208625071263,0.0,517896.4623895744,517896.4623895744,0.0,2305205.974077873,2305205.974077873,0.0
915,3500.0,14,3500.0,13,3250.0,250.0,False,True,0.0064746854835503465,0.0,True,0.0,0.7116460597332867,0.7063020186791678,0.005344041054118898,0.3129937937358212,0.31296191390356626,3.187983225494406e-05,863195.3670623088,863107.446713548,87.92034876078833,854190.8321425903,870386.3027345845,-16195.470591994235
926,3500.0,14,3500.0,22,5500.0,-2000.0,True,False,0.009805372864809425,0.0,True,0.0,0.8108760090009389,0.906479100669569,-0.09560309166863012,0.26387924809663654,0.22577877698768056,0.03810047110895598,826512.887253673,707175.9912714014,119336.89598227164,1538777.827852966,1212961.0355858535,325816.7922671125
944,3500.0,14,3500.0,16,4000.0,-500.0,True,False,0.0076323557105756334,0.0,True,0.0,0.911123115188052,0.9313254539470327,-0.020202338758980698,0.23801034935766865,0.23473668661027586,0.003273662747392797,485663.2617054691,478983.3096281195,6679.95207734959,1384662.7690577728,1340306.0585408448,44356.710516928
952,3500.0,14,3500.0,13,3250.0,250.0,False,True,0.0022106931045764444,0.0,True,0.0,0.9719184023832061,0.9668910366110244,0.005027365772181769,0.3018064704042594,0.30092328327354656,0.0008831871307128369,637328.9586126911,635463.9199555564,1865.038657134748,3494106.968472724,3505066.05129621,-10959.082823486067
960,3500.0,14,3500.0,12,3000.0,500.0,False,True,0.0036945226507999473,0.0,True,0.0,0.9668288932765126,0.9559028863985097,0.010926006878002825,0.27828077972673376,0.27426231297558135,0.004018466751152416,512353.13505163987,504954.58585943375,7398.549192206119,2207817.7810820807,2229459.0795682734,-21641.29848619271
964,3500.0,14,3500.0,18,4500.0,-1000.0,True,False,0.0012047003538048218,0.0,True,0.0,0.8775573829560316,0.9160995878059649,-0.038542204849933315,0.23936477158727174,0.2298114275759939,0.009553344011277831,628193.4958667852,603121.5166784251,25071.97918836004,1248586.5291551412,1139548.7251514434,109037.80400369782
969,3500.0,14,3500.0,10,2500.0,1000.0,False,True,0.007834098734424422,0.0,True,0.0,0.9918185023250324,0.9760935875080171,0.015724914817015323,0.3528993283293358,0.3354885469223522,0.0174107814069836,513014.9626944325,487704.6527647717,25310.309929660812,3943733.509192677,3967702.8863174077,-23969.377124730498
977,3500.0,14,3500.0,21,5250.0,-1750.0,True,False,0.008522465023221626,0.0,True,0.0,0.6729301132254628,0.7048130283926477,-0.03188291516718489,0.3116311706532492,0.3102730060008145,0.0013581646524347124,1296195.0636533801,1290545.9294078422,5649.13424553792,1292396.3881341997,1147694.4073638818,144701.98077031784
978,3500.0,14,3500.0,23,5750.0,-2250.0,True,False,0.0066158403755528505,0.0,True,0.0,0.7104294842276271,0.7784522542851267,-0.06802277005749957,0.2952378194618055,0.2802860738839766,0.014951745577828912,990502.1829801318,940340.1249443423,50162.05803578952,720268.9320233916,470487.3702310674,249781.56179232418
990,3500.0,14,3500.0,14,3500.0,0.0,False,False,0.009825275976405035,0.0,True,0.0,0.8274319351066761,0.8274319351066761,0.0,0.2903156992067693,0.2903156992067693,0.0,781367.8524391301,781367.8524391301,0.0,1639366.704873444,1639366.704873444,0.0
996,3500.0,14,3500.0,33,8250.0,-4750.0,True,False,0.003141717780174802,0.0,True,0.0,0.7417837927334134,0.9111326100751105,-0.16934881734169704,0.2931841940570554,0.24305546125615995,0.05012873280089547,1136105.028319961,941853.4057808481,194251.6225391128,2306915.6195521574,1588913.4907996608,718002.1287524966
1001,3500.0,14,3500.0,29,7250.0,-3750.0,True,False,0.005571712780247373,0.0,True,0.0,0.6848968905895376,0.7870180667039,-0.10212117611436233,0.28916041450012225,0.2663707537227703,0.02278966077735195,1347663.748851546,1241450.0413793286,106213.7074722175,1278092.9827836638,741490.8925493367,536602.0902343271
1018,3500.0,14,3500.0,13,3250.0,250.0,False,True,0.00659924536108758,0.0,True,0.0,0.9702490615098366,0.9645781933863393,0.0056708681234972635,0.27706701019889945,0.276057656234615,0.0010093539642844762,564250.4585790915,562194.8965083589,2055.562070732587,2911871.1764825163,2923974.323861246,-12103.147378729656
1020,3500.0,14,3500.0,16,4000.0,-500.0,True,False,0.004632956547477196,0.0,True,0.0,0.9155925633152073,0.9385373415699694,-0.022944778254762044,0.24834407959929053,0.24189873808774384,0.006445341511546687,544363.8724340452,530235.848645249,14128.023788796156,2118895.3060983988,2061772.483893096,57122.82220530277
1024,3500.0,14,3500.0,14,3500.0,0.0,False,False,0.0044540372495618374,0.0,True,0.0,0.8141711707065145,0.8141711707065145,0.0,0.2797815542190691,0.2797815542190691,0.0,668904.0199200176,668904.0199200176,0.0,903433.1683764121,903433.1683764121,0.0
1025,3500.0,14,3500.0,11,2750.0,750.0,False,True,0.00823736660773755,0.0,True,0.0,0.9880114389471562,0.9761651537534152,0.01184628519374098,0.3351552445620862,0.32629664783167417,0.008858596730412005,589039.2711687961,573470.1835703667,15569.08759842941,4115126.7753951284,4138381.861280926,-23255.085885797627
1027,3500.0,14,3500.0,8,2000.0,1500.0,False,True,0.0012191778662632435,0.0,True,0.0,0.9904296478243078,0.9653788949546804,0.025050752869627324,0.3604237590273636,0.3294522503350446,0.030971508692319016,450314.04645206145,411618.19176811835,38695.85468394309,2478149.738480782,2510845.6095870114,-32695.871106229257
1029,3500.0,14,3500.0,28,7000.0,-3500.0,True,False,0.008506041907834438,0.0,True,0.0,0.7901185417383039,0.9196622734860572,-0.12954373174775335,0.28518131002941977,0.24563723224706535,0.039544077782354414,996119.8906713352,857994.98187842,138124.90879291517,2289930.1441110033,1818522.2596559399,471407.8844550634
1032,3500.0,14,3500.0,26,6500.0,-3000.0,True,False,0.004540692569538041,0.0,True,0.0,0.748381734219463,0.8762661602263884,-0.1278844260069254,0.28205376168079843,0.2364581346334428,0.04559562704735562,972209.6155148572,815046.2904214121,157163.32509344514,1214005.8813526428,750241.900620064,463763.9807325788
1034,3500.0,14,3500.0,15,3750.0,-250.0,True,False,0.004227738344269816,0.0,True,0.0,0.9469076788985127,0.955288842869325,-0.008381163970812344,0.29063550161319884,0.28941878523222286,0.0012167163809759796,623047.4870006759,620439.1611789786,2608.3258216972463,2894412.1121012755,2875868.76079771,18543.351303565316
1038,3500.0,14,3500.0,18,4500.0,-1000.0,True,False,0.0031615105523824516,0.0,True,0.0,0.7261881070509175,0.7595453565019379,-0.033357249451020365,0.27432621940850105,0.26556288040604226,0.008763339002458792,842831.1360248321,815906.9324881134,26924.203536718735,316232.7379473109,209384.2941605557,106848.4437867552
1044,3500.0,14,3500.0,18,4500.0,-1000.0,True,False,0.008316004267259647,0.0,True,0.0,0.844678966908594,0.8941778371563528,-0.049498870247758786,0.24943713398254186,0.2354162023614288,0.014020931621113064,560162.6598273574,528675.7588004642,31486.901026893174,892907.4768665496,772189.3718929791,120718.10497357044
1046,3500.0,14,3500.0,27,6750.0,-3250.0,True,False,0.00463728711290301,0.0,True,0.0,0.7949266819579998,0.9044129874813895,-0.10948630552338978,0.2829169322853186,0.25346608994659736,0.02945084233872125,1031257.4895719569,923906.5385677945,107350.95100416243,2352570.9425326623,1925464.0438711252,427106.8986615371
1047,3500.0,14,3500.0,14,3500.0,0.0,False,False,0.0027529681644210546,0.0,True,0.0,0.6417002877106839,0.6417002877106839,0.0,0.31424916687315463,0.31424916687315463,0.0,910900.0614672739,910900.0614672739,0.0,171073.8960226978,171073.8960226978,0.0
1049,3500.0,14,3500.0,28,7000.0,-3500.0,True,False,0.0020319370304807682,0.0,True,0.0,0.7371857840824836,0.860575000868553,-0.1233892167860694,0.28735395680090775,0.24449886268284024,0.04285509411806751,1172950.067855049,998019.8663943151,174930.20146073378,1389788.9466360325,823384.3768139638,566404.5698220688
1052,3500.0,14,3500.0,29,7250.0,-3750.0,True,False,0.006984857034044167,0.0,True,0.0,0.7882125074729744,0.9281157045492495,-0.13990319707627508,0.28777586285394424,0.24008362060749258,0.04769224224645166,1065379.3326502137,888817.1682170384,176562.16443317535,2580296.2790573076,2043208.4370929375,537087.8419643701
1057,3500.0,14,3500.0,14,3500.0,0.0,False,False,0.0034834809585856386,0.0,True,0.0,0.9755280146084494,0.9755280146084494,0.0,0.30876240613109335,0.30876240613109335,0.0,620463.7352284485,620463.7352284485,0.0,4029556.0400913283,4029556.0400913283,0.0
1073,3500.0,14,3500.0,17,4250.0,-750.0,True,False,0.009598944299679557,0.0,True,0.0,0.7437687308821783,0.7641048373675368,-0.02033610648535844,0.28458823518053133,0.28106478745395075,0.0035234477265805864,788860.3152555411,779093.5443888059,9766.770866735256,526539.77830296,462752.8437023275,63786.93460063246
1075,3500.0,14,3500.0,10,2500.0,1000.0,False,True,0.008204114824322373,0.0,True,0.0,0.856414155832673,0.8306150522935225,0.025799103539150492,0.33198283093767456,0.3260781617721822,0.005904669165492371,591938.830297699,581410.5660822142,10528.264215484727,1567180.4338669083,1617566.986124877,-50386.55225796858
1090,3500.0,14,3500.0,10,2500.0,1000.0,False,True,0.007551282895533418,0.0,True,0.0,0.5959871442609305,0.5756580646581579,0.020329079602772526,0.3407522944482811,0.3399534344451349,0.0007988600031461623,1201962.6349619008,1199144.7526174784,2817.8823444223963,760061.6220797038,835603.1599964036,-75541.53791669977
1095,3500.0,14,3500.0,28,7000.0,-3500.0,True,False,0.006085643715012634,0.0,True,0.0,0.7849199794282604,0.9063602974652297,-0.12144031803696931,0.2812214372673942,0.23982189333167397,0.04139954393572021,1156337.81855177,986109.478959896,170228.33959187393,2363587.4914259883,1799363.7747851182,564223.7166408701
1096,3500.0,14,3500.0,25,6250.0,-2750.0,True,False,0.007020162950833964,0.0,True,0.0,0.8136663123541197,0.9048298136360826,-0.09116350128196293,0.2882150952409472,0.2625571098066905,0.02565798543425668,944778.6236050723,860670.8979400077,84107.72566506453,2130587.6374051794,1804653.028470203,325934.6089349764
1097,3500.0,14,3500.0,3,750.0,2750.0,False,True,0.009287219640078836,0.0,True,0.0,0.39242405430652694,0.36837558760469025,0.02404846670183669,0.39374295570986323,0.38067758291162984,0.013065372798233388,1762917.9645851054,1704419.9518943601,58498.012690745294,39120.8874784222,156802.31343158602,-117681.42595316382
1101,3500.0,14,3500.0,22,5500.0,-2000.0,True,False,0.004580614589837162,0.0,True,0.0,0.8228700970085975,0.9073881388382139,-0.08451804182961642,0.2606096742109099,0.22949425620259298,0.031115418008316936,839269.6152569858,739065.2579956113,100204.35726137448,1526993.1748653378,1233266.8964743586,293726.27839097916
1102,3500.0,14,3500.0,20,5000.0,-1500.0,True,False,0.006830735041738367,0.0,True,0.0,0.7353480891452648,0.7720938778492125,-0.036745788703947624,0.2877427567038155,0.2814000539927333,0.006342702711082171,1031908.1642748592,1009161.851609651,22746.312665208243,1023980.0717592528,884469.1153273591,139510.95643189375
1103,3500.0,14,3500.0,9,2250.0,1250.0,False,True,0.0033892292329548157,0.0,True,0.0,0.9280721229316425,0.8976652311339206,0.030406891797721936,0.3027565773551686,0.2842084590954033,0.018548118259765267,410104.32105885714,384979.6366926545,25124.684366202622,1014972.1007698651,1061536.320719111,-46564.21994924592
1106,3500.0,14,3500.0,24,6000.0,-2500.0,True,False,0.0026282065138047983,0.0,True,0.0,0.6860661102825836,0.7396084128494178,-0.05354230256683423,0.2912228528705998,0.2814197365026905,0.009803116367909315,1270659.5066233487,1227886.6854500263,42772.82117332239,825438.0828070277,580588.7162074837,244849.36659954407
1108,3500.0,14,3500.0,13,3250.0,250.0,False,True,0.0027498755866095514,0.0,True,0.0,0.912838233162384,0.9064228146981056,0.0064154184642784,0.23737483700102727,0.23530991542079538,0.0020649215802318877,408155.0773974887,404604.54003621126,3550.537361277442,570172.8815613291,582257.3586333242,-12084.477071995032
1116,3500.0,14,3500.0,23,5750.0,-2250.0,True,False,0.007295681414196786,0.0,True,0.0,0.7680872897600065,0.8542718470333959,-0.08618455727338936,0.2684009527404834,0.23794997022726777,0.030450982513215652,941334.9312952929,834537.3464161223,106797.58487917064,928710.2873951643,613869.3911084558,314840.8962867084
1117,3500.0,14,3500.0,8,2000.0,1500.0,False,True,0.0034894278898983666,0.0,True,0.0,0.9917941180450196,0.969130125613503,0.022663992431516622,0.3646524702123251,0.33631219089257613,0.028340279319748973,497564.7330520513,458894.69879685796,38670.03425519331,2880499.8820843585,2912689.8935832633,-32190.011498904787
1123,3500.0,14,3500.0,23,5750.0,-2250.0,True,False,0.006886784685891989,0.0,True,0.0,0.708695791168549,0.7696297943013947,-0.06093400313284569,0.2854316444983953,0.27112511687420104,0.014306527624194265,1156961.720948168,1098971.9880649475,57989.73288322054,925519.8656574431,653644.4331285994,271875.43252884364
1126,3500.0,14,3500.0,22,5500.0,-2000.0,True,False,0.0032145523734563586,0.0,True,0.0,0.757398341151379,0.8141059996404065,-0.05670765848902748,0.2875449709510366,0.27597835965668677,0.011566611294349827,1049756.2231271046,1007529.3598069891,42226.86332011549,1536549.1337695485,1314595.3276386461,221953.80613090238
1128,3500.0,14,3500.0,28,7000.0,-3500.0,True,False,0.002078598972164447,0.0,True,0.0,0.7448873612683471,0.8857676287197516,-0.14088026745140447,0.28047330356933475,0.232990135831937,0.04748316773739775,1062245.999557657,882411.3973567128,179834.6022009441,1616650.0832865133,1051406.9831971123,565243.100089401
1135,3500.0,14,3500.0,24,6000.0,-2500.0,True,False,0.004128144120628452,0.0,True,0.0,0.7877735097455114,0.8648275311375777,-0.0770540213920663,0.2843129781239411,0.2657445554125916,0.018568422711349453,1002329.5668889477,936867.6269631371,65461.93992581067,1825603.4443855763,1533671.6756784904,291931.76870708587
1149,3500.0,14,3500.0,12,3000.0,500.0,False,True,0.007460562421247596,0.0,True,0.0,0.977087979166263,0.9668719704872712,0.01021600867899175,0.3256644821898805,0.32173056368241654,0.0039339185074639405,579312.8761038601,572314.969455912,6997.9066479480825,3212496.3601874216,3233070.1279328084,-20573.76774538681
1161,3500.0,14,3500.0,8,2000.0,1500.0,False,True,0.009627177624966565,0.0,True,0.0,0.9856130298948436,0.9575057996069478,0.028107230287895746,0.37371732648757705,0.3463141544091399,0.027403172078437177,488046.91706388595,452260.4209537116,35786.49611017434,2509470.629536231,2547929.725806146,-38459.09626991488
1162,3500.0,14,3500.0,12,3000.0,500.0,False,True,0.0032296811121311775,0.0,True,0.0,0.7630915691047645,0.7519505502478389,0.011141018856925644,0.3077772122758926,0.30694454453179504,0.0008326677440975705,787642.0374663975,785511.1320831047,2130.9053832928184,1139571.0972855971,1169014.011098235,-29442.913812637795
1170,3500.0,14,3500.0,9,2250.0,1250.0,False,True,0.0012050375704514282,0.0,True,0.0,0.9919237748188995,0.9716374576834428,0.0202863171354567,0.38433235691979967,0.36439065263959913,0.019941704280200534,558569.4515600625,529587.1745739774,28982.27698608511,3572109.431874758,3605087.0301266783,-32977.59825192019
1172,3500.0,14,3500.0,13,3250.0,250.0,False,True,0.0049226435588092254,0.0,True,0.0,0.9683656291677983,0.9607904022516399,0.007575226916158417,0.3185349175318243,0.31849105562861496,4.386190320931904e-05,621179.8757523537,621094.3399756264,85.53577672725078,3474022.5514695058,3489388.654448358,-15366.102978852112
1173,3500.0,14,3500.0,13,3250.0,250.0,False,True,0.008858508838609835,0.0,True,0.0,0.968758941873881,0.9618079859225239,0.006950955951357085,0.26311112071404846,0.2625563751515423,0.0005547455625061759,496390.88919647754,495344.2947298396,1046.5944666379364,2747258.671467946,2761560.5650927797,-14301.893624833785
1174,3500.0,14,3500.0,7,1750.0,1750.0,False,True,0.008027686630237008,0.0,True,0.0,0.5579986718286756,0.5251050403260047,0.032893631502670884,0.33931196104174605,0.3358681246278277,0.003443836413918322,1270678.9166825968,1257782.1997197326,12896.716962864157,413879.06206503604,548933.1175603035,-135054.0554952675
1181,3500.0,14,3500.0,9,2250.0,1250.0,False,True,0.004050850288600416,0.0,True,0.0,0.9958142808391816,0.9827706782286175,0.013043602610564031,0.38613129653551115,0.36024024678310196,0.02589104975240919,558758.3559223877,521292.23876855464,37466.11715383304,4220484.154070146,4241501.175404681,-21017.02133453451
1183,3500.0,14,3500.0,11,2750.0,750.0,False,True,0.00598268450510564,0.0,True,0.0,0.9870275188119626,0.9738191187677051,0.013208400044257496,0.3179613671119275,0.30822645765896733,0.009734909452960183,514556.4262610124,498802.4361974131,15753.99006359931,3479141.2100829394,3501455.826203566,-22314.616120626684
1187,3500.0,14,3500.0,22,5500.0,-2000.0,True,False,0.003912805989428003,0.0,True,0.0,0.8782675422476535,0.9470542921983777,-0.0687867499507242,0.2784514258549148,0.2549532234368997,0.02349820241801509,928687.0019557017,850316.1511405756,78370.85081512609,3341716.088486994,3095892.5362119097,245823.55227508442
1210,3500.0,14,3500.0,17,4250.0,-750.0,True,False,0.0012731818080784496,0.0,True,0.0,0.9157030194887947,0.9443818253877747,-0.028678805898979975,0.2603345110316862,0.25394368538335343,0.006390825648332765,590583.8572257371,576085.900549566,14497.956676171045,2080120.4266326774,2008324.9026668118,71795.5239658656
1220,3500.0,14,3500.0,8,2000.0,1500.0,False,True,0.004717179597601429,0.0,True,0.0,0.954377392560211,0.9162698435911943,0.03810754896901669,0.326058341184174,0.3021992731010953,0.023859068083078694,419590.76998724556,388887.53843733604,30703.231549909513,1400618.0897125765,1454372.0405670179,-53753.950854441384
1221,3500.0,14,3500.0,8,2000.0,1500.0,False,True,0.002654600169291199,0.0,True,0.0,0.9876322905165661,0.9605781902995626,0.027054100217003496,0.30612211626730157,0.27530248761655046,0.030819628650751107,379055.05188630935,340892.71301391505,38162.33887239429,1893967.228147344,1931467.8899732204,-37500.66182587645
1235,3500.0,14,3500.0,18,4500.0,-1000.0,True,False,0.0027982561887563984,0.0,True,0.0,0.8574738477282625,0.8897123040215014,-0.03223845629323885,0.29364826072184225,0.28717885954447775,0.006469401177364498,773225.2819547628,756190.2600644592,17035.021890303586,2141431.661864593,2047055.8525639484,94375.80930064479
1260,3500.0,14,3500.0,27,6750.0,-3250.0,True,False,0.005563172356750745,0.0,True,0.0,0.6521448057585881,0.71661525135827,-0.06447044559968185,0.30101640764804044,0.29399603087176746,0.007020376776272985,1446779.9085350079,1413037.7608905733,33742.14764443459,980412.8786796285,637055.8766437641,343357.0020358644
1270,3500.0,14,3500.0,13,3250.0,250.0,False,True,0.005319726762507582,0.0,True,0.0,0.9521733024072998,0.9451309072519919,0.007042395155307912,0.23425352721816123,0.2331218304661466,0.0011316967520146326,445777.9175117697,443624.3302110411,2153.587300728599,1556963.181969505,1571929.031649757,-14965.849680251908
1272,3500.0,14,3500.0,18,4500.0,-1000.0,True,False,0.0032687803816310312,0.0,True,0.0,0.5582222376062,0.5801211170987375,-0.021898879492537437,0.32676072691502284,0.325436048242286,0.0013246786727368343,1503103.5333340336,1497009.9944552297,6093.53887880384,280182.82561097015,172362.98071371226,107819.84489725789
1281,3500.0,14,3500.0,25,6250.0,-2750.0,True,False,0.009701739095766437,0.0,True,0.0,0.7326125100401168,0.8068770704939502,-0.07426456045383334,0.29414780648866745,0.28021564027849094,0.013932166210176511,1106529.402239061,1054119.1812264635,52410.22101259744,1374478.562160941,1070582.5394652314,303896.0226957097
1293,3500.0,14,3500.0,20,5000.0,-1500.0,True,False,0.0028415662001896047,0.0,True,0.0,0.8914254367410024,0.9434405786424781,-0.052015141901475714,0.26536398614965545,0.2506052485943559,0.01475873755529955,774832.6385164545,731738.8045449697,43093.8339714848,2610931.153657103,2452171.5484870393,158759.60517006367
1305,3500.0,14,3500.0,29,7250.0,-3750.0,True,False,0.008136785699749405,0.0,True,0.0,0.7699372113958727,0.9111139825712157,-0.141176771175343,0.2790303615946267,0.22886820246403958,0.05016215913058711,1149862.1105817244,943147.8095300358,206714.3010516886,2268960.451413654,1647695.5868033303,621264.8646103234
1321,3500.0,14,3500.0,15,3750.0,-250.0,True,False,0.004146961993391818,0.0,True,0.0,0.9243252162560806,0.9324740346275662,-0.008148818371485622,0.24731334034230096,0.24614763943569024,0.0011657009066107227,581050.2600045677,578311.5043275135,2738.7556770541705,1760958.947963318,1739710.9486744474,21247.99928887072
1330,3500.0,14,3500.0,17,4250.0,-750.0,True,False,0.008390477733269841,0.0,True,0.0,0.620454281012826,0.6332501698275608,-0.012795888814734813,0.3242345277568842,0.3238933040752648,0.0003412236816194292,1442920.4273369405,1441401.9011518792,1518.526185061317,1060133.3083144762,997899.9861620313,62233.32215244486
1335,3500.0,14,3500.0,8,2000.0,1500.0,False,True,0.00862976774192159,0.0,True,0.0,0.9851693465421094,0.9623892123777997,0.022780134164309684,0.3298858012326226,0.29441378497385773,0.035472016258764894,399320.1166376822,356381.9555622518,42938.1610754304,1692135.4287913092,1722401.0527625438,-30265.62397123454
1340,3500.0,14,3500.0,17,4250.0,-750.0,True,False,0.0049390703838512184,0.0,True,0.0,0.8600185419354369,0.893983947148092,-0.03396540521265512,0.2477597389277736,0.24040155890365372,0.007358180024119865,501287.60613383853,486399.9392927455,14887.666841093043,691861.8718649775,617817.6817841645,74044.19008081302
1344,3500.0,14,3500.0,9,2250.0,1250.0,False,True,0.007053494155444762,0.0,True,0.0,0.6707409741345153,0.6386937108468715,0.032047263287643735,0.31303438683611917,0.31048149102124584,0.002552895814873335,750915.5072682521,744791.5504876438,6123.956780608278,233004.49005597905,317301.0018959795,-84296.51184000046
1345,3500.0,14,3500.0,10,2500.0,1000.0,False,True,0.008325600733354643,0.0,True,0.0,0.7324278903128392,0.7115257785122309,0.020902111800608303,0.2998610453371505,0.2923238104049864,0.007537234932164127,573662.526845948,559243.0838944459,14419.442951502046,233348.5642083087,277975.94720618497,-44627.382997876266
1351,3500.0,14,3500.0,7,1750.0,1750.0,False,True,0.005940381754241164,0.0,True,0.0,0.6146458116990534,0.5746778225598044,0.03996798913924904,0.3324572794081076,0.32864664951056227,0.0038106298975453257,982438.3748749157,971177.6527440622,11260.72213085345,378971.75855104934,510625.2754370134,-131653.51688596408
1360,3500.0,14,3500.0,13,3250.0,250.0,False,True,0.007623743265030347,0.0,True,0.0,0.6601980143407506,0.6550006386871408,0.0051973756536098925,0.3310826562692527,0.3310629141757484,1.974209350430467e-05,975759.6170435797,975701.4335741873,58.18346939235926,935433.4591028908,951584.0979675315,-16150.638864640729
1361,3500.0,14,3500.0,15,3750.0,-250.0,True,False,0.0019825425756387904,0.0,True,0.0,0.9232228648444004,0.9328541625699649,-0.00963129772556448,0.23778627796903878,0.23576273351046517,0.0020235444585736118,504414.75706212624,500122.2230471537,4292.534014972567,1441393.6994128388,1419812.2505718586,21581.448840980185
1362,3500.0,14,3500.0,8,2000.0,1500.0,False,True,0.0038920621062620286,0.0,True,0.0,0.993343338881669,0.9745118873324272,0.018831451549241818,0.3780891757043536,0.3425589153133165,0.03553026039103707,472801.72664694395,428371.0220921179,44430.70455482602,2803030.7321350384,2827875.4636687194,-24844.731533681042
1370,3500.0,14,3500.0,10,2500.0,1000.0,False,True,0.00932707905314123,0.0,True,0.0,0.9809124821844108,0.9601998299518553,0.020712652232555584,0.28218319033946637,0.2699082394867706,0.012274950852695754,439946.65263813676,420809.0011981465,19137.651439990266,2126416.361006572,2162015.0655787345,-35598.70457216259
1371,3500.0,14,3500.0,13,3250.0,250.0,False,True,0.0010952980220367836,0.0,True,0.0,0.7136154549921438,0.708230583748044,0.005384871244099809,0.31759648555023845,0.3173334891738033,0.00026299637643517615,786528.6364405847,785877.3251359649,651.3113046197686,662673.7424996095,677688.9553013468,-15015.212801737362
1375,3500.0,14,3500.0,23,5750.0,-2250.0,True,False,0.005722820603435985,0.0,True,0.0,0.6901662542508882,0.7635059095624616,-0.07333965531157338,0.29231685577519795,0.27548629685193243,0.016830558923265515,1001060.2146833404,943422.7483652098,57637.46631813061,553124.3166664883,287599.46840182756,265524.84826466074
1391,3500.0,14,3500.0,24,6000.0,-2500.0,True,False,0.00420392657139379,0.0,True,0.0,0.7830306301767481,0.8695886472053318,-0.08655801702858368,0.27373832460594777,0.2470116568005973,0.026726667805350462,983540.9901261884,887512.15180445,96028.83832173841,1470091.6819169798,1129388.724296636,340702.9576203439
1392,3500.0,14,3500.0,17,4250.0,-750.0,True,False,0.0062641716177948,0.0,True,0.0,0.8620623893246865,0.8853054432689876,-0.02324305394430115,0.2735393423027537,0.26936265575112517,0.004176686551628506,734329.9414710847,723117.4191144075,11212.522356677218,1737639.8453091593,1667460.2522690427,70179.5930401166
1397,3500.0,14,3500.0,12,3000.0,500.0,False,True,0.0020382439050680157,0.0,True,0.0,0.9795549989689679,0.9693505921643158,0.010204406804652066,0.266633553485126,0.2627356996807864,0.0038978538043396016,517042.9052487668,509484.37546551833,7558.529783248494,2934891.724481564,2955514.9708984015,-20623.246416837443
1412,3500.0,14,3500.0,11,2750.0,750.0,False,True,0.008993939922243954,0.0,True,0.0,0.9897324656760826,0.9778462234827723,0.011886242193310359,0.3524416536460077,0.3424941728177639,0.009947480828243815,581153.3631734473,564750.6142967674,16402.74887667992,4392857.258616887,4413249.702134531,-20392.44351764396
1413,3500.0,14,3500.0,16,4000.0,-500.0,True,False,0.009944273002898019,0.0,True,0.0,0.9373520988108855,0.9530233770740631,-0.0156712782631776,0.2643980444405772,0.2621384991848035,0.0022595452557737095,609477.888781862,604269.2917401938,5208.5970416681375,2471661.731806482,2431768.359751339,39893.37205514312
1420,3500.0,14,3500.0,24,6000.0,-2500.0,True,False,0.005060719006276804,0.0,True,0.0,0.7025230416858561,0.7659862540511863,-0.06346321236533015,0.2939610789691491,0.2826179205737383,0.01134315839541078,1127209.767167217,1083713.808523067,43495.95864415006,1002557.4604228488,747067.6113453964,255489.84907745244
1426,3500.0,14,3500.0,11,2750.0,750.0,False,True,0.00398249156950925,0.0,True,0.0,0.6434756508790669,0.6265546533275759,0.016920997551491013,0.315952079752795,0.3150811582038696,0.0008709215489253741,1057652.220030129,1054736.8028870807,2915.417143048253,574593.5544297067,634052.838286217,-59459.2838565103
1427,3500.0,14,3500.0,13,3250.0,250.0,False,True,0.005830757411842025,0.0,True,0.0,0.971951093944813,0.9648387436150342,0.00711235032977886,0.28263183471252806,0.28239791759508814,0.00023391711743991905,525050.6598424261,524616.1074609323,434.55238149373326,3275270.618760756,3289568.265461831,-14297.646701074671
1436,3500.0,14,3500.0,18,4500.0,-1000.0,True,False,0.006560732125708402,0.0,True,0.0,0.7753831399630557,0.8133221597990044,-0.037939019835948606,0.2673254671580677,0.25533586022375926,0.01198960693430845,768580.0538738335,734109.0667229979,34470.98715083557,570387.9836115956,453439.7571406404,116948.22647095518
1438,3500.0,14,3500.0,25,6250.0,-2750.0,True,False,0.0028705180778180184,0.0,True,0.0,0.6944388077849011,0.7520929284305043,-0.05765412064560327,0.2932902259037018,0.28426802299574006,0.00902220290796174,1342883.2661737248,1301573.4500290034,41309.81614472135,1294733.9056630612,1009708.6512974602,285025.254365601
1469,3500.0,14,3500.0,10,2500.0,1000.0,False,True,0.002845563974420151,0.0,True,0.0,0.9878833032547523,0.9736759987655179,0.014207304489234351,0.32977378312960315,0.30834093895398546,0.021432844175617694,432477.9098033698,404370.0609554533,28107.848847916466,2474740.837696949,2495625.517879709,-20884.680182760116
1479,3500.0,14,3500.0,19,4750.0,-1250.0,True,False,0.00400638673214837,0.0,True,0.0,0.8683680479664049,0.9222423824564147,-0.05387433449000978,0.2543182286910674,0.23924232250738925,0.015075906183678156,616266.8487142343,579734.7399340464,36532.108780187904,1398358.9282460106,1257344.6990791182,141014.22916689236
1480,3500.0,14,3500.0,13,3250.0,250.0,False,True,0.006619094830256356,0.0,True,0.0,0.9711640656941531,0.965029602121427,0.006134463572726179,0.30201750656111875,0.3015871670871759,0.00043033947394283123,645213.4033022586,644294.049984898,919.3533173606265,3532485.4734371933,3547052.4923484055,-14567.018911212217
1483,3500.0,14,3500.0,24,6000.0,-2500.0,True,False,0.008827861390805603,0.0,True,0.0,0.7766820359517992,0.8452357540803906,-0.06855371812859146,0.2961503197435908,0.28070410322629774,0.015446216517293054,1068592.1116572917,1012857.8982361455,55734.21342114615,1841522.6983347663,1564703.3047225047,276819.3936122616
1485,3500.0,14,3500.0,18,4500.0,-1000.0,True,False,0.005501822801476375,0.0,True,0.0,0.6598751823599942,0.6886089975799099,-0.028733815219915693,0.3003660402843466,0.29728121829261533,0.003084821991731268,895675.341798649,886476.5688973708,9198.772901278222,262329.1047500856,165703.12001297608,96625.98473710954
1489,3500.0,14,3500.0,16,4000.0,-500.0,True,False,0.007964129265739417,0.0,True,0.0,0.9363663317042595,0.9525292184043536,-0.016162886700094026,0.28533395368951037,0.2818035422055784,0.003530411483931961,680175.5961093612,671759.8443050464,8415.751804314787,2914919.3658109475,2871282.099101643,43637.266709304415
1501,3500.0,14,3500.0,10,2500.0,1000.0,False,True,0.004116219577333213,0.0,True,0.0,0.990780955219274,0.9730865900491187,0.017694365170155324,0.34705063644840156,0.3328431311267881,0.014207505321613467,526116.2337249388,504578.16865487053,21538.06507006829,3918194.2428228552,3946658.661321645,-28464.41849878989
1514,3500.0,14,3500.0,8,2000.0,1500.0,False,True,0.004683547557870593,0.0,True,0.0,0.9894457872004664,0.968764839816163,0.020680947384303372,0.3297438043070659,0.29848297974195276,0.03126082456511314,443879.0483110218,401797.8177431276,42081.230567894236,2350764.8243927634,2382078.2605784107,-31313.436185647268
1519,3500.0,14,3500.0,5,1250.0,2250.0,False,True,0.006530029736713572,0.0,True,0.0,0.5458974461785175,0.5068166574623382,0.03908078871617937,0.3532310550185527,0.3387600848797402,0.014470970138812489,909137.5388071791,871892.5061600321,37245.03264714696,133159.79495284785,241087.38594625134,-107927.59099340349
1532,3500.0,14,3500.0,18,4500.0,-1000.0,True,False,0.006330392038033206,0.0,True,0.0,0.9149599913494513,0.9487249911179614,-0.03376499976851011,0.2603546439094685,0.2521203372241322,0.008234306685336312,712277.1872393917,689749.8041413691,22527.383098022663,2675534.740242091,2579527.9064197238,96006.83382236725
1533,3500.0,14,3500.0,22,5500.0,-2000.0,True,False,0.004983591783046193,0.0,True,0.0,0.7488348480547984,0.7956533220583635,-0.04681847400356509,0.29289400905869917,0.28395781919739105,0.00893618986130812,1145736.806032524,1110780.4009401156,34956.405092408415,1468823.6678663217,1268306.329811758,200517.33805456385
1534,3500.0,14,3500.0,10,2500.0,1000.0,False,True,0.007895581082772996,0.0,True,0.0,0.9921143110043517,0.974571037296302,0.017543273708049645,0.39097986173435384,0.37714393602350865,0.013835925710845187,593752.4952413965,572740.8876912086,21011.60755018785,4143036.85128883,4172044.455086289,-29007.603797459044
1536,3500.0,14,3500.0,17,4250.0,-750.0,True,False,0.006202873266589637,0.0,True,0.0,0.8951475201792993,0.9258773245478233,-0.030729804368524016,0.23200781392625697,0.22582847955171123,0.006179334374545736,526715.2386127455,512686.61809140694,14028.620521338598,1266842.4301839494,1191841.7296335334,75000.70055041602
1541,3500.0,14,3500.0,7,1750.0,1750.0,False,True,0.005863945566926043,0.0,True,0.0,0.6466040291692101,0.6031642358037694,0.04343979336544068,0.32795791300315347,0.32320660332369394,0.0047513096794595255,800956.6208577179,789352.7143970988,11603.906460619182,361539.05406371114,481141.9126025522,-119602.85853884107
1543,3500.0,14,3500.0,14,3500.0,0.0,False,False,0.007689900413211825,0.0,True,0.0,0.9698326510035874,0.9698326510035874,0.0,0.2919452636200119,0.2919452636200119,0.0,654248.6214459139,654248.6214459139,0.0,4044735.1141242795,4044735.1141242795,0.0
1553,3500.0,14,3500.0,8,2000.0,1500.0,False,True,0.008021066133547028,0.0,True,0.0,0.986167753202601,0.9646801029249527,0.021487650277648318,0.29018545638684246,0.25547628320781923,0.03470917317902322,365576.8378399093,321850.07795050344,43726.75988940586,1549111.7414838816,1577082.614170861,-27970.87268697936
1558,3500.0,14,3500.0,6,1500.0,2000.0,False,True,0.0014010432565881858,0.0,True,0.0,0.5743581640475748,0.54097807078075,0.033380093266824784,0.34231551003010063,0.32474547239518403,0.017570037634916602,767647.3502117675,728246.2934720984,39401.05673966906,28714.691829272655,112278.9333368162,-83564.24150754354
1564,3500.0,14,3500.0,8,2000.0,1500.0,False,True,0.003922638875037188,0.0,True,0.0,0.9724298887184165,0.939245667819141,0.03318422089927553,0.35584437693231696,0.33031976878804536,0.0255246081442716,463276.2683077962,430045.6035069693,33230.664800826926,2029349.5960532962,2076392.1546095365,-47042.558556240285
1578,3500.0,14,3500.0,11,2750.0,750.0,False,True,0.0026269521019671727,0.0,True,0.0,0.9733646908285891,0.9537443385609259,0.019620352267663232,0.24956882103166664,0.243692332392429,0.005876488639237648,425628.2238810138,415606.1409467906,10022.082934223232,2003083.4596460434,2039915.6307821204,-36832.17113607703
1589,3500.0,14,3500.0,25,6250.0,-2750.0,True,False,0.006018852980419598,0.0,True,0.0,0.8226214098750401,0.913514995448432,-0.09089358557339189,0.2872110637228238,0.2600254297498001,0.027185633973023704,1005235.5543378615,910086.1353611891,95149.41897667234,2561719.413827652,2231690.0784213617,330029.33540629037
1593,3500.0,14,3500.0,22,5500.0,-2000.0,True,False,0.006311154395377994,0.0,True,0.0,0.8571928569412697,0.943277798300085,-0.08608494135881528,0.2823321619158772,0.25199397052082667,0.030338191395050507,815498.5895579506,727868.6428862195,87629.94667173107,2816483.3865615358,2548293.6948672277,268189.6916943081
1600,3500.0,14,3500.0,12,3000.0,500.0,False,True,0.0017630641095476296,0.0,True,0.0,0.9488709498766799,0.935600835851933,0.01327011402474687,0.2601720615685995,0.25648217272967977,0.0036898888389197415,442297.61140128644,436024.7279488864,6272.883452400041,1346891.3450559005,1370869.854244057,-23978.509188156575
1616,3500.0,14,3500.0,10,2500.0,1000.0,False,True,0.002607870701685,0.0,True,0.0,0.914843842664052,0.8908011132573805,0.024042729406671515,0.2753006065595297,0.2657932506980559,0.009507355861473776,461500.53231458884,445562.86386624275,15937.668448346085,1036375.9794359817,1080367.6040200577,-43991.624584075995
1617,3500.0,14,3500.0,8,2000.0,1500.0,False,True,0.003647298018640832,0.0,True,0.0,0.9962739733477792,0.9810545669811438,0.015219406366635435,0.3595687990376641,0.3206326039788847,0.03893619505877938,445909.47170080774,397623.8078301745,48285.66387063323,3180800.2992537348,3201264.916901322,-20464.61764758732
1629,3500.0,14,3500.0,14,3500.0,0.0,False,False,0.007615146302875964,0.0,True,0.0,0.9666862378454513,0.9666862378454513,0.0,0.2919064658022196,0.2919064658022196,0.0,605379.533841817,605379.533841817,0.0,3297979.0682428414,3297979.0682428414,0.0
1634,3500.0,14,3500.0,30,7500.0,-4000.0,True,False,0.009274688573425616,0.0,True,0.0,0.7718896926835921,0.9125482801055906,-0.14065858742199855,0.2899539331268909,0.24485472186193308,0.045099211264957806,1126343.3306357735,951152.7571628871,175190.57347288635,2399049.4755281555,1803795.4853353407,595253.9901928147
1647,3500.0,14,3500.0,11,2750.0,750.0,False,True,0.00957717994024998,0.0,True,0.0,0.6503088208710073,0.6333030088305416,0.017005812040465695,0.31980816055898775,0.31950592886005563,0.00030223169893212054,1157681.3031420922,1156587.2472979291,1094.0558441630565,904847.423148175,971370.1666344138,-66522.74348623876
1654,3500.0,14,3500.0,19,4750.0,-1250.0,True,False,0.009049823952556046,0.0,True,0.0,0.8468682285317347,0.8968013663079388,-0.04993313777620412,0.26051463186510626,0.248093808789582,0.012420823075524251,626613.3180857634,596737.6327740051,29875.68531175831,1029355.4431555049,903609.7611716264,125745.68198387849
1662,3500.0,14,3500.0,14,3500.0,0.0,False,False,0.006523408470788028,0.0,True,0.0,0.9343465437291884,0.9343465437291884,0.0,0.28325889199561355,0.28325889199561355,0.0,573437.8107412443,573437.8107412443,0.0,2061335.0347001809,2061335.0347001809,0.0
1665,3500.0,14,3500.0,13,3250.0,250.0,False,True,0.004573151873286441,0.0,True,0.0,0.9307468862577435,0.9245293059519072,0.006217580305836301,0.2647148267354735,0.2634193905389973,0.0012954361964761518,525709.7557823439,523137.0874702602,2572.668312083697,1558202.9032899267,1571593.2018872392,-13390.298597312532
1666,3500.0,14,3500.0,9,2250.0,1250.0,False,True,0.0014834429278179906,0.0,True,0.0,0.7928038381350233,0.7578585669854244,0.03494527114959889,0.3360167129238201,0.33330780715598973,0.002708905767830394,702763.4657484733,697097.9142072375,5665.551541235764,1532729.8793878637,1615109.2057183068,-82379.32633044315
1675,3500.0,14,3500.0,10,2500.0,1000.0,False,True,0.002646111855919231,0.0,True,0.0,0.9877667358282527,0.9720359491122899,0.01573078671596284,0.3205247206269404,0.30514221825274646,0.015382502374193918,499251.45574299374,475291.56682002725,23959.888922966493,3042298.723369872,3069474.420994671,-27175.697624798864
1684,3500.0,14,3500.0,13,3250.0,250.0,False,True,0.005324650431662192,0.0,True,0.0,0.9741890093962159,0.9677367029237048,0.006452306472511049,0.28950353700604675,0.28880078201324855,0.0007027549927982046,539223.0650076934,537914.1286641689,1308.9363435244886,3389026.149490452,3402502.1906358176,-13476.041145365685
1694,3500.0,14,3500.0,16,4000.0,-500.0,True,False,0.009106164203508404,0.0,True,0.0,0.9508886324130137,0.9661509846129761,-0.015262352199962415,0.2703783175729601,0.26824895024178547,0.0021293673311746364,630697.5024000219,625730.4374758841,4967.064924137783,3302245.676133183,3263288.2044914197,38957.47164176311
1697,3500.0,14,3500.0,25,6250.0,-2750.0,True,False,0.006297770216591614,0.0,True,0.0,0.737682029710014,0.8399961972089233,-0.10231416749890931,0.27467124563358514,0.24261664695357235,0.032054598680012786,984114.2241951998,869266.4306480326,114847.79354716721,884629.0601743894,495332.5936911773,389296.4664832121
1699,3500.0,14,3500.0,13,3250.0,250.0,False,True,0.006795384322224374,0.0,True,0.0,0.9806362512310709,0.9749716103260226,0.005664640905048257,0.34246060022900937,0.3412165625395747,0.0012440376894346517,612540.0579942941,610314.9175900437,2225.1404042503564,4318277.734259681,4329444.615673358,-11166.881413676776
1717,3500.0,14,3500.0,11,2750.0,750.0,False,True,0.0045738379295248155,0.0,True,0.0,0.9799493195732535,0.962108082395457,0.01784123717779651,0.27945064543863485,0.2724905509725588,0.006960094466076039,447384.5930480763,436241.877577178,11142.715470898314,2438913.779878934,2470367.8982003015,-31454.11832136754
1721,3500.0,14,3500.0,27,6750.0,-3250.0,True,False,0.00592149640483941,0.0,True,0.0,0.6780058371691513,0.7858845701732919,-0.10787873300414064,0.2989425782557091,0.27202441146299067,0.026918166792718412,1160314.5748105524,1055834.5056313267,104480.06917922571,892050.0850067614,428633.5976868789,463416.4873198825
1723,3500.0,14,3500.0,27,6750.0,-3250.0,True,False,0.006564887677746767,0.0,True,0.0,0.6950090772285341,0.8274287941107515,-0.13241971688221743,0.29579708590709386,0.2539271614168012,0.04186992449029264,1005434.6781971903,863115.9196234148,142318.75857377553,878032.8429575495,413907.5700933668,464125.2728641827
1728,3500.0,14,3500.0,27,6750.0,-3250.0,True,False,0.0011955956956252178,0.0,True,0.0,0.7867811374148381,0.9053005634032443,-0.11851942598840615,0.2775104960689202,0.23654300370239606,0.04096749236652414,1073632.3976059547,915137.3940784072,158495.00352754747,2033391.6816604056,1522574.6567042458,510817.02495615976
1730,3500.0,14,3500.0,18,4500.0,-1000.0,True,False,0.0015589156941093751,0.0,True,0.0,0.8891111268535299,0.937307288675831,-0.04819616182230113,0.2514469940294912,0.23669259551623484,0.014754398513256384,618442.2455065355,582153.3115987937,36288.9339077418,2379822.308074969,2246711.2926220666,133111.0154529023
1732,3500.0,14,3500.0,15,3750.0,-250.0,True,False,0.0015810802656623935,0.0,True,0.0,0.8696750432847128,0.8762848226491696,-0.006609779364456836,0.2743928653695973,0.2741730526626936,0.00021981270690368815,731690.5781261125,731104.4299171305,586.148208981962,1804788.8042122491,1785743.156346628,19045.64786562114
1739,3500.0,14,3500.0,8,2000.0,1500.0,False,True,0.006724899354757619,0.0,True,0.0,0.9966095357718748,0.9759331214448435,0.02067641432703138,0.4043391490859137,0.375696670378684,0.02864247870722969,561216.8498215823,521461.5065472716,39755.3432743107,4217780.175657103,4250075.572255982,-32295.396598879248
1740,3500.0,14,3500.0,24,6000.0,-2500.0,True,False,0.003975058275804355,0.0,True,0.0,0.7769557566328783,0.8978629614860335,-0.1209072048531552,0.27281069227952653,0.2300908548019536,0.042719837477572936,839105.5272484104,707708.7280575035,131396.79919090692,1499477.0382469024,1098762.9436428135,400714.0946040889
1741,3500.0,14,3500.0,10,2500.0,1000.0,False,True,0.005260132430047637,0.0,True,0.0,0.989915616543986,0.97778468385939,0.012130932684595974,0.33191353568297466,0.3138751390031249,0.018038396679849744,519389.5417167701,491162.4476768296,28227.094039940508,3231564.757931517,3251636.955709784,-20072.197778266855
1744,3500.0,14,3500.0,10,2500.0,1000.0,False,True,0.008904283401724444,0.0,True,0.0,0.9853969432830155,0.9690190609402457,0.016377882342769823,0.3063858489344861,0.29342504192147373,0.012960807013012388,517522.23911040346,495629.8903306586,21892.348779744876,2972958.7501813816,3002406.2360580824,-29447.48587670084
1746,3500.0,14,3500.0,17,4250.0,-750.0,True,False,0.00837298235142836,0.0,True,0.0,0.9197322404780869,0.9458044515629431,-0.026072211084856245,0.24468666714277432,0.23885626087593553,0.0058304062668387835,631604.4032488104,616554.5016180195,15049.901630790904,2176622.2079044254,2105615.8200125396,71006.38789188582
1747,3500.0,14,3500.0,14,3500.0,0.0,False,False,0.0016367849471425888,0.0,True,0.0,0.8476040510502599,0.8476040510502599,0.0,0.2962424269367632,0.2962424269367632,0.0,667108.8219377758,667108.8219377758,0.0,1527770.5746193624,1527770.5746193624,0.0
1751,3500.0,14,3500.0,9,2250.0,1250.0,False,True,0.006242506175014428,0.0,True,0.0,0.9118365306384031,0.8831914146358112,0.028645116002591897,0.2850814332909484,0.2663890414617742,0.018692391829174204,399002.0731846972,372840.0639422033,26162.009242493892,724441.4830720607,765976.3648092204,-41534.88173715968
1767,3500.0,14,3500.0,8,2000.0,1500.0,False,True,0.0019962884364563838,0.0,True,0.0,0.9893403604985961,0.9647153490569029,0.024625011441693156,0.30795874919840116,0.27842611277572954,0.02953263642267162,405339.020187455,366467.8079154309,38871.21227202407,2260783.02845605,2294900.350646114,-34117.322190064006
1770,3500.0,14,3500.0,9,2250.0,1250.0,False,True,0.00552717628591759,0.0,True,0.0,0.9890588842378526,0.9712667692581765,0.017792114979676144,0.35136619799816526,0.328718082938659,0.022648115059506257,509250.48886377166,476425.57932037633,32824.90954339533,2923007.285121305,2952305.255199818,-29297.970078513026
1773,3500.0,14,3500.0,18,4500.0,-1000.0,True,False,0.004475697114143973,0.0,True,0.0,0.8717125793850482,0.9130876977924818,-0.041375118407433575,0.2350729030548285,0.2255889215581703,0.00948398149665819,568287.0815993714,545359.6233656113,22927.458233760088,1057096.9476593519,945647.9707983246,111448.9768610273
1786,3500.0,14,3500.0,13,3250.0,250.0,False,True,0.006646242470057406,0.0,True,0.0,0.9666508666929872,0.9609084885760656,0.005742378116921576,0.2807239726867855,0.2792510870713359,0.001472885615449615,529306.5384638092,526529.404828925,2777.1336348841432,2476034.2263454543,2487612.024355664,-11577.798010209575
1788,3500.0,14,3500.0,23,5750.0,-2250.0,True,False,0.005144082435296182,0.0,True,0.0,0.810715372647836,0.8920372918330999,-0.08132191918526388,0.2665115849666896,0.24010877467147446,0.02640281029521513,878517.2900704683,791484.2053597375,87033.08471073082,1387181.9739226382,1094913.760901493,292268.2130211452
1807,3500.0,14,3500.0,16,4000.0,-500.0,True,False,0.006035120104001979,0.0,True,0.0,0.9508911564452268,0.9681888954665383,-0.017297739021311487,0.3096717474261834,0.3061394203050522,0.003532327121131218,707054.7390221654,698989.5905172387,8065.148504926707,4117158.5212119734,4073872.9930764176,43285.528135555796
1808,3500.0,14,3500.0,19,4750.0,-1250.0,True,False,0.0025040881651560154,0.0,True,0.0,0.8868164086598259,0.9415071002279639,-0.054690691568137995,0.2626429196603393,0.24633659062356505,0.01630632903677426,639292.3295929048,599601.5163377473,39690.81325515744,2075055.5292290747,1937395.4805922324,137660.0486368423
1813,3500.0,14,3500.0,12,3000.0,500.0,False,True,0.005791490844554437,0.0,True,0.0,0.9748899598849118,0.9624730945253259,0.01241686535958586,0.26353027033027415,0.2613952909812375,0.0021349793490366697,511571.7811306682,507427.303963415,4144.477167253208,2854724.0783414543,2881411.5392727163,-26687.460931262
1815,3500.0,14,3500.0,28,7000.0,-3500.0,True,False,0.0010728856539742315,0.0,True,0.0,0.6761460014754604,0.7792937302889235,-0.10314772881346301,0.29492032283860753,0.2697045435325494,0.025215779306058117,1288507.8759731078,1178340.051925133,110167.82404797478,1020172.5157618378,529015.291367216,491157.2243946218
1822,3500.0,14,3500.0,15,3750.0,-250.0,True,False,0.0024637580934325776,0.0,True,0.0,0.8855174659058962,0.8935215474136049,-0.008004081507708705,0.23902286002876955,0.23837052728556996,0.0006523327431995907,538630.3712538134,537160.3602782593,1470.0109755541198,862660.7380769154,842597.1720099299,20063.566066985484
1831,3500.0,14,3500.0,9,2250.0,1250.0,False,True,0.007288822135541051,0.0,True,0.0,0.9541992146914725,0.9237026936919629,0.030496520999509613,0.32480035221679315,0.31127297421169803,0.013527378005095125,514819.7895401498,493378.42763865535,21441.36190149444,2053639.6748748235,2104111.1065102126,-50471.431635389104
1833,3500.0,14,3500.0,9,2250.0,1250.0,False,True,0.004645666873483445,0.0,True,0.0,0.8781735128892095,0.8457339462104895,0.032439566678720055,0.323424779845308,0.31275031088454547,0.010674468960762518,536893.9377744372,519174.0287534404,17719.909020996827,1412837.0575897587,1470361.3384639486,-57524.28087418992
1835,3500.0,14,3500.0,33,8250.0,-4750.0,True,False,0.007721100418433435,0.0,True,0.0,0.707119952492713,0.8865282402923313,-0.17940828779961837,0.2944623172268282,0.24028517825972956,0.05417713896709864,1173787.098939996,957825.9281662374,215961.17077375855,1894349.0330626534,1138663.5636035658,755685.4694590876
1849,3500.0,14,3500.0,14,3500.0,0.0,False,False,0.0038156174937508114,0.0,True,0.0,0.9730541395193071,0.9730541395193071,0.0,0.3027241113948864,0.3027241113948864,0.0,586008.4312560278,586008.4312560278,0.0,3736742.6342154774,3736742.6342154774,0.0
1859,3500.0,14,3500.0,18,4500.0,-1000.0,True,False,0.0020208606972603738,0.0,True,0.0,0.5578395469944839,0.5795347218369525,-0.021695174842468634,0.320307427187463,0.3201843479422806,0.00012307924518240032,1261974.8707214394,1261489.9524793262,484.9182421131991,186199.24844991055,98010.34898458516,88188.89946532539
1860,3500.0,14,3500.0,11,2750.0,750.0,False,True,0.008810048069753829,0.0,True,0.0,0.9624006457428191,0.9463075393981031,0.016093106344716057,0.31187678018768605,0.30494209126243715,0.0069346889252489,564432.4470005691,551882.0947848303,12550.352215738734,2482221.3247731915,2512933.1464724913,-30711.82169929985
1862,3500.0,14,3500.0,22,5500.0,-2000.0,True,False,0.004908710050073761,0.0,True,0.0,0.863748770286475,0.9394548158089452,-0.07570604552247018,0.2778462675649843,0.25090164092925393,0.026944626635730384,889299.3710740143,803058.0127466981,86241.35832731624,2856377.1314938385,2605721.359257547,250655.77223629132
1864,3500.0,14,3500.0,10,2500.0,1000.0,False,True,0.006083393544028426,0.0,True,0.0,0.9906588339939327,0.9789634449013194,0.011695389092613362,0.3572341880044906,0.33911798445453795,0.018116203549952636,550207.7604271065,522305.40360526805,27902.356821838475,3422340.724243965,3441258.9574712534,-18918.23322728835
1870,3500.0,14,3500.0,12,3000.0,500.0,False,True,0.005500644646792008,0.0,True,0.0,0.9379492489150976,0.9233098625204681,0.014639386394629472,0.22902154494548146,0.2246075370885434,0.004414007856938074,365993.26748203544,358939.3583896105,7053.909092424961,703291.4416304693,727986.6169992286,-24695.175368759315
1871,3500.0,14,3500.0,26,6500.0,-3000.0,True,False,0.0011062776919259498,0.0,True,0.0,0.7643396405300356,0.8518812757493167,-0.08754163521928116,0.29583560890017363,0.2752269231666925,0.020608685733481125,1153008.984886445,1072687.3498211305,80321.6350653146,2078065.5956450412,1707191.0532253657,370874.5424196755
1872,3500.0,14,3500.0,8,2000.0,1500.0,False,True,0.0013428811280323805,0.0,True,0.0,0.9902522056428894,0.969591912044242,0.020660293598647406,0.3833082434755071,0.34924709005117266,0.03406115342433447,481000.3727881408,438258.19916268415,42742.173625456635,2561623.784138261,2590748.749193265,-29124.965055004228
1874,3500.0,14,3500.0,20,5000.0,-1500.0,True,False,0.00429858344539924,0.0,True,0.0,0.8511451788593414,0.9017626892224383,-0.05061751036309692,0.29046559811218065,0.2767954047492111,0.01367019336296954,842691.9167116311,803032.2753574408,39659.6413541903,2316271.7435069773,2160214.9275207743,156056.81598620303
1886,3500.0,14,3500.0,33,8250.0,-4750.0,True,False,0.001367853700680044,0.0,True,0.0,0.6831929541990674,0.8783987915822723,-0.19520583738320485,0.3097104427517745,0.24531251061838247,0.06439793213339204,1217858.0773877394,964629.4774125789,253228.59997516056,2079364.0030962233,1236549.355017785,842814.6480784384
1894,3500.0,14,3500.0,12,3000.0,500.0,False,True,0.004616733109878757,0.0,True,0.0,0.7398263050972922,0.7283788965016613,0.01144740859563087,0.29514188369369776,0.29325379802819596,0.0018880856655018041,650773.815760908,646610.6766711769,4163.139089731034,405186.78805117216,431250.8602223242,-26064.072171152045
1897,3500.0,14,3500.0,12,3000.0,500.0,False,True,0.003640737464931987,0.0,True,0.0,0.7249146988725045,0.7139454159682861,0.010969282904218391,0.30536677361320397,0.30465132069338086,0.0007154529198231119,765649.4831128519,763855.620107481,1793.863005370833,616754.4870752414,645790.5854561446,-29036.098380903248
1905,3500.0,14,3500.0,17,4250.0,-750.0,True,False,0.0067366840018580065,0.0,True,0.0,0.9070662360099812,0.9321375411986946,-0.025071305188713477,0.2726518913878162,0.2688058613472717,0.0038460300405445125,603891.0410871501,595372.5486115807,8518.492475569365,1816219.3485558121,1757373.384559501,58845.963996311184
1907,3500.0,14,3500.0,8,2000.0,1500.0,False,True,0.002966518844904842,0.0,True,0.0,0.9953010872119272,0.978395388112615,0.016905699099312277,0.3633338823339274,0.3272178172308832,0.03611606510304416,464426.33125811897,418261.4883110731,46164.842947045865,3280734.0881869122,3305270.1300380793,-24536.0418511671
1912,3500.0,14,3500.0,24,6000.0,-2500.0,True,False,0.007708880760512016,0.0,True,0.0,0.7086477317751327,0.7923074769561789,-0.08365974518104613,0.28409275749434354,0.25940680771461183,0.02468594977973171,1118091.8430488794,1020936.3951942051,97155.4478546743,782667.6595579659,419817.2208681758,362850.43868979014
1918,3500.0,14,3500.0,27,6750.0,-3250.0,True,False,0.0031266496422481804,0.0,True,0.0,0.7155521800110604,0.8009422689997163,-0.08539008898865597,0.2935227902089827,0.2741908868098485,0.01933190339913421,1276150.2569925385,1192100.8601010905,84049.39689144795,1451597.9556128646,1064795.0799232111,386802.87568965345
1919,3500.0,14,3500.0,13,3250.0,250.0,False,True,0.0022389761522212392,0.0,True,0.0,0.9772898156525673,0.9708714985323194,0.006418317120247985,0.3278858081091128,0.3277944235624585,9.138454665424955e-05,677531.3109222822,677342.4772181041,188.8337041781051,4322605.752485795,4337089.349339456,-14483.59685366135
1926,3500.0,14,3500.0,12,3000.0,500.0,False,True,0.00664453774128837,0.0,True,0.0,0.92551066787809,0.9129343718396697,0.012576296038420254,0.265394905650637,0.2630103902273275,0.00238451542330953,524865.6220366467,520149.81874026067,4715.803296386031,1448016.4842038867,1473926.5171413522,-25910.03293746547
1934,3500.0,14,3500.0,10,2500.0,1000.0,False,True,0.006841610183215163,0.0,True,0.0,0.9931488476661438,0.9821716355452699,0.01097721212087388,0.35387862097702455,0.3363342533586352,0.017544367618389345,574856.1423327682,546356.2926924306,28499.849640337634,4205428.939465674,4224918.502547914,-19489.563082240522
1941,3500.0,14,3500.0,17,4250.0,-750.0,True,False,0.006900524508701378,0.0,True,0.0,0.8932446817344218,0.9177442443959771,-0.024499562661555285,0.2652298587669173,0.2615116082810034,0.0037182504859138987,629996.4373232177,621164.5336676809,8831.903655536822,1646525.5935919546,1580748.9795735038,65776.61401845072
1946,3500.0,14,3500.0,17,4250.0,-750.0,True,False,0.00756156792174878,0.0,True,0.0,0.909959693793355,0.9349184318177433,-0.024958738024388305,0.29860248768166153,0.2940445525175725,0.004557935164089033,700434.6040255587,689743.0135548309,10691.590470727766,2650590.866346268,2587565.104092975,63025.762253292836
1954,3500.0,14,3500.0,11,2750.0,750.0,False,True,0.0025355520416550092,0.0,True,0.0,0.987675557493107,0.9727380868353678,0.014937470657739205,0.3521681905099566,0.34556821365936735,0.006599976850589273,612876.5401839741,601390.6334880111,11485.906695963,4312771.392663105,4340477.807256419,-27706.41459331382
1957,3500.0,14,3500.0,21,5250.0,-1750.0,True,False,0.007204367974738002,0.0,True,0.0,0.8406689379736643,0.9297479529467736,-0.08907901497310933,0.2727501065541491,0.23861170416465372,0.03413840238949539,748665.2057103228,654959.5262865854,93705.67942373746,2174432.2083315034,1898866.1905352492,275566.01779625425
1962,3500.0,14,3500.0,13,3250.0,250.0,False,True,0.0034067595149379626,0.0,True,0.0,0.9500385269819,0.9433698495598852,0.006668677422014713,0.24266154819738,0.24072480181214667,0.0019367463852333344,400627.3677037319,397429.8540803761,3197.5136233558296,1243154.1845132564,1254881.363714838,-11727.179201581515
1965,3500.0,14,3500.0,22,5500.0,-2000.0,True,False,0.0016847003671995875,0.0,True,0.0,0.7615198228696813,0.8471696506439794,-0.08564982777429808,0.2725335720401114,0.2416533500455536,0.03088022199455781,868728.4871093321,770294.6378990624,98433.84921026975,779806.1444066769,491943.22757398663,287862.91683269024
1971,3500.0,14,3500.0,14,3500.0,0.0,False,False,0.005028363026610028,0.0,True,0.0,0.9553423042250284,0.9553423042250284,0.0,0.25727513128179436,0.25727513128179436,0.0,487261.0764537039,487261.0764537039,0.0,2096717.2404524093,2096717.2404524093,0.0
1972,3500.0,14,3500.0,22,5500.0,-2000.0,True,False,0.006274022532617218,0.0,True,0.0,0.8758658550236815,0.9471224296054449,-0.07125657458176338,0.2782273507655989,0.2545937855260762,0.023633565239522702,864190.2777576242,790783.0543033319,73407.22345429228,3032896.0438377205,2783010.5198262176,249885.52401150297
1973,3500.0,14,3500.0,17,4250.0,-750.0,True,False,0.006981289999702045,0.0,True,0.0,0.9303622536520398,0.9574241990432353,-0.02706194539119544,0.2904085290241686,0.28466493324208597,0.005743595782082611,670818.3465084734,657551.141724591,13267.204783882364,3165307.760429876,3095926.738388339,69381.02204153687
1978,3500.0,14,3500.0,11,2750.0,750.0,False,True,0.005470694870996606,0.0,True,0.0,0.9863392802947294,0.9727855133752958,0.013553766919433552,0.3420659999139427,0.3314334777166189,0.010632522197323802,507075.58173283783,491314.0258347022,15761.555898135644,3231467.9237116287,3253954.2975938525,-22486.373882223852
1988,3500.0,14,3500.0,12,3000.0,500.0,False,True,0.0013640303887175742,0.0,True,0.0,0.9683499391597716,0.9565025052179739,0.01184743394179777,0.27619263809512634,0.27332838497196366,0.0028642531231626855,526705.436440649,521243.2427278959,5462.193712753069,2440470.0280189225,2465834.9984668237,-25364.97044790117
2011,3500.0,14,3500.0,12,3000.0,500.0,False,True,0.006623165360067018,0.0,True,0.0,0.7886005272836858,0.7766137556125265,0.011986771671159246,0.3088075901301942,0.30790302362221733,0.0009045665079768783,715984.1905387761,713886.912687771,2097.277851005085,1268385.11957431,1297744.3191370626,-29359.19956275262
2018,3500.0,14,3500.0,18,4500.0,-1000.0,True,False,0.005084809864066453,0.0,True,0.0,0.729868270217217,0.7527042658781979,-0.022835995660980934,0.285398130895689,0.2821622704701833,0.003235860425505721,950214.9394339987,939441.3477899714,10773.59164402727,737998.5053282669,652237.7237084759,85760.78161979094
2021,3500.0,14,3500.0,11,2750.0,750.0,False,True,0.007610385974276435,0.0,True,0.0,0.8049985542819984,0.7884578397527565,0.016540714529241884,0.2827509169058796,0.2746800438602593,0.00807087304562032,477437.96864143293,463809.92713327205,13628.04150816088,256422.93828242988,285675.75296849036,-29252.814686060476
2022,3500.0,14,3500.0,30,7500.0,-4000.0,True,False,0.0038061089716672214,0.0,True,0.0,0.671963235828774,0.8379752514196817,-0.1660120155909076,0.29726987159044166,0.2438314056016114,0.05343846598883026,1172476.5111687365,961707.2669477304,210769.24422100605,1355319.4831479173,619844.5033454055,735474.9798025119
2024,3500.0,14,3500.0,10,2500.0,1000.0,False,True,0.006972126612699192,0.0,True,0.0,0.9852737664577196,0.9687683469619772,0.016505419495742357,0.31507181382369154,0.30055953221867,0.014512281605021549,500383.55873918027,477335.7747218853,23047.784017294995,2820340.452727045,2849358.357795432,-29017.905068387277
2052,3500.0,14,3500.0,12,3000.0,500.0,False,True,0.00265611250353881,0.0,True,0.0,0.883366867163026,0.8691330747075664,0.014233792455459637,0.2883749556584166,0.28677592822040116,0.0015990274380154323,546750.6025037626,543718.8925788876,3031.7099248749437,1222175.8429039954,1250919.2612284943,-28743.418324498925
2057,3500.0,14,3500.0,11,2750.0,750.0,False,True,0.00598516745726041,0.0,True,0.0,0.9868410010547591,0.9731691558945981,0.013671845160161067,0.3302006321806589,0.3211876275370479,0.009013004643611044,535640.7855879371,521020.1809696813,14620.604618255806,3660356.2973777307,3684854.172764169,-24497.875386438332
2063,3500.0,14,3500.0,25,6250.0,-2750.0,True,False,0.004730886408437995,0.0,True,0.0,0.7664313872989137,0.8964481896160923,-0.1300168023171786,0.28508631016871333,0.24018700334399323,0.0448993068247201,860389.9416279804,724883.9190652133,135506.02256276715,1523431.4465665626,1102484.8087411537,420946.63782540895
2092,3500.0,14,3500.0,8,2000.0,1500.0,False,True,0.009810526028776412,0.0,True,0.0,0.6306540900601725,0.5986703032541765,0.031983786805996006,0.3353184205774507,0.33075437848161005,0.004564042095840659,823403.7802028623,812196.3746918603,11207.405511002056,267291.5886269101,350577.5402567884,-83285.95162987825
2101,3500.0,14,3500.0,9,2250.0,1250.0,False,True,0.005258335999358765,0.0,True,0.0,0.9911690791874832,0.9734049968139856,0.01776408237349758,0.3285473154619558,0.3032771812198002,0.02527013424215563,453527.1751993216,418644.2464387011,34882.928760620474,3147054.9758360414,3174912.669972934,-27857.694136892445
2104,3500.0,14,3500.0,11,2750.0,750.0,False,True,0.0025922485622758007,0.0,True,0.0,0.7068882337430895,0.6894662305672883,0.017422003175801226,0.32452250609723776,0.3235575689906242,0.0009649371066135504,827746.8315788959,825285.6043368231,2461.2272420728114,976239.8026844235,1025215.6017067705,-48975.79902234697
2107,3500.0,14,3500.0,11,2750.0,750.0,False,True,0.008583483850553963,0.0,True,0.0,0.625907862500211,0.6115948354342388,0.014313027065972261,0.30622101898857984,0.30486052367827104,0.0013604953103087958,927009.1256618808,922890.5593654128,4118.566296468023,88756.37466133965,137400.3988556413,-48644.02419430166
2117,3500.0,14,3500.0,11,2750.0,750.0,False,True,0.005835711148482359,0.0,True,0.0,0.9774615050754087,0.9621471465014138,0.01531435857399499,0.28589804790369944,0.277484499292726,0.008413548610973431,479540.0437242727,465427.9030560667,14112.140668205975,2254109.1666349676,2280757.385901968,-26648.219267000444
2131,3500.0,14,3500.0,13,3250.0,250.0,False,True,0.007654190482904388,0.0,True,0.0,0.9792206242568215,0.974476404602066,0.004744219654755577,0.28651937795673627,0.28473980222931267,0.001779575727423599,588149.7839594107,584496.7777052172,3653.0062541934894,3774839.1116239466,3785718.0668809405,-10878.955256993882
2138,3500.0,14,3500.0,10,2500.0,1000.0,False,True,0.0017369850377807472,0.0,True,0.0,0.8756947800526081,0.8513110069153306,0.024383773137277576,0.2806744735981785,0.2725264096541257,0.008148063944052764,483627.33231193514,469587.4861575933,14039.846154341823,831509.6126037434,876263.0687765074,-44753.45617276395
2157,3500.0,14,3500.0,25,6250.0,-2750.0,True,False,0.0031007070408192172,0.0,True,0.0,0.8118442667214909,0.9042095750817225,-0.0923653083602316,0.27397493083261654,0.24310431450994935,0.030870616322667188,1099648.626661683,975743.7469697511,123904.87969193188,2429435.4771008175,2040852.825367771,388582.6517330464
2164,3500.0,14,3500.0,10,2500.0,1000.0,False,True,0.004576498611819968,0.0,True,0.0,0.9882768347169106,0.973651986716516,0.014624848000394652,0.3039737601697896,0.28794591653207463,0.016027843637714978,483883.855496076,458369.76253498043,25514.092961095565,3014662.783395444,3039722.0128693315,-25059.229473887477
2167,3500.0,14,3500.0,15,3750.0,-250.0,True,False,0.0038377926774357807,0.0,True,0.0,0.9382393557952827,0.947226492359901,-0.008987136564618248,0.24180224491212896,0.24114853773709688,0.0006537071750320755,478549.4775768317,477255.7293437931,1293.7482330385828,1977842.9699407157,1958862.2649696362,18980.70497107948
2170,3500.0,14,3500.0,14,3500.0,0.0,False,False,0.002299773692118423,0.0,True,0.0,0.8076252324722973,0.8076252324722973,0.0,0.2839595206730832,0.2839595206730832,0.0,720922.0520470601,720922.0520470601,0.0,992081.9263241726,992081.9263241726,0.0
2173,3500.0,14,3500.0,29,7250.0,-3750.0,True,False,0.009868251722075172,0.0,True,0.0,0.7090847023086009,0.8278923844830308,-0.11880768217442994,0.288742508633429,0.2560835088671038,0.03265899976632519,1236569.3040864952,1096703.7996814046,139865.50440509059,1367349.162646846,815489.8173271423,551859.3453197036
2174,3500.0,14,3500.0,9,2250.0,1250.0,False,True,0.004374829559757987,0.0,True,0.0,0.9935865294441876,0.9761100174501813,0.01747651199400624,0.3536382904622299,0.3267387009874405,0.026899589474789376,472247.27288567193,436325.6600009094,35921.61288476252,3652557.881736788,3678239.659192628,-25681.77745584026
2181,3500.0,14,3500.0,28,7000.0,-3500.0,True,False,0.003134523479510376,0.0,True,0.0,0.817065017763304,0.9417634689783236,-0.12469845121501966,0.2891328701176838,0.24982129100857584,0.03931157910910796,1042938.2582407244,901136.4982815136,141801.75995921087,3262080.615409435,2786414.581210804,475666.0341986306
2191,3500.0,14,3500.0,14,3500.0,0.0,False,False,0.003651676496821965,0.0,True,0.0,0.9746250396110435,0.9746250396110435,0.0,0.31826245278315873,0.31826245278315873,0.0,658818.9167157125,658818.9167157125,0.0,4186652.1398086804,4186652.1398086804,0.0
2201,3500.0,14,3500.0,15,3750.0,-250.0,True,False,0.004845529472954024,0.0,True,0.0,0.939339504406036,0.9478226051590969,-0.008483100753060913,0.24551055840275907,0.24382332879770907,0.0016872296050499946,569463.9656730155,565550.4213100212,3913.54436299426,2250753.1539223795,2229391.2584394957,21361.89548288379
2210,3500.0,14,3500.0,36,9000.0,-5500.0,True,False,0.001464382673087572,0.0,True,0.0,0.7354242761446612,0.9101898281258105,-0.1747655519811493,0.3008224543984161,0.24713974752162296,0.053682706876793135,1327541.7513584793,1090637.7780583496,236903.97330012964,2686887.777640625,1812049.0135406165,874838.7641000084
2213,3500.0,14,3500.0,8,2000.0,1500.0,False,True,0.004964123224536432,0.0,True,0.0,0.8562691542872906,0.8179098222078807,0.03835933207940989,0.3077840692708974,0.2900931964267281,0.017690872844169314,455422.78596783034,429245.90613132727,26176.879836503067,747916.7749411406,809096.3085163897,-61179.53357524914
2215,3500.0,14,3500.0,15,3750.0,-250.0,True,False,0.009449968839756795,0.0,True,0.0,0.739732745521708,0.7453038815136096,-0.005571135991901621,0.2980904848331339,0.2978876027542567,0.0002028820788771979,793095.0973979812,792555.3123652671,539.785032714135,815578.0866842261,799498.9704366543,16079.116247571772
2220,3500.0,14,3500.0,10,2500.0,1000.0,False,True,0.004418970333621597,0.0,True,0.0,0.9639559139151184,0.9416545775871819,0.022301336327936516,0.31168307442516774,0.2964001807152676,0.015282893709900158,431974.04656244384,410792.8725406433,21181.174021800514,1608268.6950383135,1641284.8099270766,-33016.114888763055
2238,3500.0,14,3500.0,12,3000.0,500.0,False,True,0.003277067329815031,0.0,True,0.0,0.9847325698158463,0.9763608245293635,0.008371745286482879,0.3043035514373102,0.298179373801176,0.006124177636134209,536151.3542744502,525361.1872917718,10790.166982678464,3605653.4857813246,3621838.118672763,-16184.632891438436
2244,3500.0,14,3500.0,10,2500.0,1000.0,False,True,0.005122856995977809,0.0,True,0.0,0.8129358411102287,0.7891017869801987,0.023834054130029925,0.3221422212042447,0.3161374698255584,0.006004751378686279,641004.4988581425,629056.1344560042,11948.364402138279,1337005.2433305306,1388931.9849719233,-51926.7416413927
2245,3500.0,14,3500.0,12,3000.0,500.0,False,True,0.007089274545355018,0.0,True,0.0,0.9742106775423092,0.9601373977269614,0.014073279815347783,0.266017174998114,0.26335272401598353,0.002664450982130473,451409.1258929105,446887.77313124563,4521.3527616648935,2492427.611069909,2519084.0000652187,-26656.388995309826
2251,3500.0,14,3500.0,10,2500.0,1000.0,False,True,0.007562918892336845,0.0,True,0.0,0.9867003365343174,0.97237656611214,0.014323770422177473,0.3309152642753442,0.31429464723701506,0.016620617038329122,508708.721982236,483158.21475302166,25550.50722921436,2875889.64100351,2899034.420098986,-23144.779095476028
2275,3500.0,14,3500.0,18,4500.0,-1000.0,True,False,0.006272340368146834,0.0,True,0.0,0.8935932360271261,0.9370683684337799,-0.043475132406653794,0.2405853166629556,0.22778074347082186,0.012804573192133739,603744.020863766,571611.2015724981,32132.819291267893,1851472.2707062517,1738096.2197750723,113376.05093117943
2276,3500.0,14,3500.0,12,3000.0,500.0,False,True,0.00448527455267822,0.0,True,0.0,0.9537429333591514,0.9398739168032719,0.013869016555879465,0.24252726458767257,0.2387976904550444,0.0037295741326281717,399514.33028023806,393370.61561640154,6143.714663836523,1214155.40944435,1239465.638493951,-25310.229049600894
2287,3500.0,14,3500.0,15,3750.0,-250.0,True,False,0.006877091157723947,0.0,True,0.0,0.6819593148617407,0.6873786183613881,-0.0054193034996474765,0.3022393115006912,0.3018983520170303,0.00034095948366091866,945160.3122616287,944094.0665424818,1066.2457191469148,470849.0276420302,452453.1132514929,18395.914390537306
2292,3500.0,14,3500.0,16,4000.0,-500.0,True,False,0.004383473410962346,0.0,True,0.0,0.8764473329200038,0.8911586909168783,-0.014711357996874508,0.26718228294470675,0.2661985740577014,0.00098370888700533,632434.8927047097,630106.400644723,2328.492059986689,1318567.0458545862,1279146.8702046413,39420.175649944926
2295,3500.0,14,3500.0,28,7000.0,-3500.0,True,False,0.0022341828528136265,0.0,True,0.0,0.7381732521911748,0.8326470091672009,-0.09447375697602611,0.29295343981271904,0.27272695015028353,0.02022648966243551,1218618.8013639094,1134481.2653650353,84137.53599887411,1829574.4994811604,1412639.3475271738,416935.1519539866
2297,3500.0,14,3500.0,29,7250.0,-3750.0,True,False,0.0029481185245675556,0.0,True,0.0,0.7541940176042503,0.8955258226555569,-0.1413318050513066,0.282766978633697,0.23837079813813863,0.04439618049555835,1072961.9717219041,904500.2454213098,168461.72630059428,1874848.6881324651,1269139.6522001773,605709.0359322878
2304,3500.0,14,3500.0,16,4000.0,-500.0,True,False,0.007199597473202424,0.0,True,0.0,0.7704740846854364,0.7832041112818632,-0.012730026596426747,0.29698784984692006,0.2957668085336399,0.0012210413132801579,823811.8624704808,820424.827213095,3387.035257385811,1105774.4688191651,1067878.856348403,37895.612470762106
2305,3500.0,14,3500.0,27,6750.0,-3250.0,True,False,0.00919618166635705,0.0,True,0.0,0.7022181076863749,0.8329636569398163,-0.1307455492534414,0.29048795382482656,0.24780807058506596,0.0426798832397606,1039570.1170678365,886831.4901065434,152738.62696129305,923606.1041128286,440729.60997898976,482876.49413383886
2307,3500.0,14,3500.0,20,5000.0,-1500.0,True,False,0.002247990658610366,0.0,True,0.0,0.8894215640244019,0.9406504551123968,-0.05122889108799489,0.28637449809830373,0.2737873356434121,0.01258716245489161,761198.2764703326,727740.9454930939,33457.330977238715,2668525.853979112,2518649.6274544643,149876.2265246478
2312,3500.0,14,3500.0,16,4000.0,-500.0,True,False,0.001226343109364647,0.0,True,0.0,0.878073701707393,0.8978825649778651,-0.019808863270472155,0.23888534756188415,0.23658040194115484,0.002304945620729304,474443.902115369,469866.1102766324,4577.791838736564,617976.4880247104,576750.2087627449,41226.27926196554
2313,3500.0,14,3500.0,10,2500.0,1000.0,False,True,0.0030879680815996124,0.0,True,0.0,0.9360247384054701,0.909838457666678,0.026186280738792034,0.2677628784534856,0.26004541050077584,0.007717467952709778,455581.1657046174,442450.3946788111,13130.771025806316,1197254.6298185487,1243299.5791259068,-46044.949307358125
2323,3500.0,14,3500.0,21,5250.0,-1750.0,True,False,0.007509755269059948,0.0,True,0.0,0.6310486893077012,0.6620457397742765,-0.030997050466575304,0.30419971540146434,0.3022319878854684,0.001967727515995943,1450417.4541322067,1441035.3732502107,9382.08088199608,649442.8993821759,490353.9162252896,159088.9831568863
2329,3500.0,14,3500.0,13,3250.0,250.0,False,True,0.0011559308884020458,0.0,True,0.0,0.9734294974585611,0.9675056669812745,0.005923830477286618,0.29735144648358397,0.2967672981516824,0.0005841483319015683,651596.4544599935,650316.3901238451,1280.06433614844,3758754.354027844,3772671.0903202053,-13916.736292361282
2330,3500.0,14,3500.0,25,6250.0,-2750.0,True,False,0.005030772578263232,0.0,True,0.0,0.821444610213502,0.9365792877870429,-0.1151346775735409,0.2879747399878365,0.24754088927240925,0.040433850715427266,852814.5436869191,733072.8748556926,119741.66883122653,2306450.6947428836,1933669.5688357214,372781.1259071622
2339,3500.0,14,3500.0,19,4750.0,-1250.0,True,False,0.004028794370787625,0.0,True,0.0,0.8827326648629648,0.9334407204027293,-0.05070805553976454,0.25016354204601843,0.23364938829638865,0.01651415374962978,693972.9962042134,648161.4576255846,45811.538578628795,1883753.5612292453,1734738.978108651,149014.58312059427
2347,3500.0,14,3500.0,11,2750.0,750.0,False,True,0.00686217518384602,0.0,True,0.0,0.940174274177563,0.9215114236584809,0.01866285051908212,0.24442229473963784,0.23390202075258418,0.010520273987053658,346811.077004683,331883.8480638005,14927.228940882487,601640.5206627272,629699.3826407478,-28058.861978020635
2364,3500.0,14,3500.0,22,5500.0,-2000.0,True,False,0.002929283951479955,0.0,True,0.0,0.835328688210316,0.9186881644374406,-0.08335947622712458,0.2632971526127042,0.23603734970877463,0.02725980290392957,773796.1025844594,693683.0856567424,80113.0169277169,1693420.3328691956,1436403.8664864344,257016.46638276125
2374,3500.0,14,3500.0,1,250.0,3250.0,False,True,0.003699500619472995,0.0,True,0.0,0.296509715624795,0.28682204981613957,0.009687665808655432,0.4207538049931875,0.3938100617334393,0.026943743259748187,1673470.0818882592,1566306.3493107317,107163.73257752741,0.0,41452.502973002935,-41452.502973002935
2402,3500.0,14,3500.0,11,2750.0,750.0,False,True,0.008237968618299174,0.0,True,0.0,0.9542208039820593,0.9348522706723628,0.019368533309696567,0.3117404336662286,0.3048735608238842,0.006866872842344385,500346.5881092635,489325.18688376254,11021.401225500973,1961554.031648651,1995330.0963898245,-33776.064741173526
2404,3500.0,14,3500.0,12,3000.0,500.0,False,True,0.0018488717200826343,0.0,True,0.0,0.9761681485485718,0.9654946404442556,0.01067350810431622,0.3070380803374375,0.30423940708847214,0.0027986732489653776,612640.3899877061,607056.130638475,5584.259349231143,3461859.5512504894,3484774.8534695967,-22915.30221910728
2414,3500.0,14,3500.0,22,5500.0,-2000.0,True,False,0.005905674164329966,0.0,True,0.0,0.8432946262505929,0.937912313441872,-0.09461768719127905,0.2696268491417941,0.23249769017236654,0.037129158969427534,807002.0565212313,695873.2585524714,111128.7979687599,2449548.9344802075,2138493.5806097835,311055.353870424
2417,3500.0,14,3500.0,23,5750.0,-2250.0,True,False,0.006338069742345187,0.0,True,0.0,0.8296060244123612,0.9172991763024495,-0.0876931518900883,0.2790574994934274,0.25147195713797277,0.02758554235545463,834812.0910116596,752288.7962166735,82523.29479498614,1995532.6509745088,1720210.4690062732,275322.18196823564
2418,3500.0,14,3500.0,9,2250.0,1250.0,False,True,0.0036854256114984274,0.0,True,0.0,0.9745066640468008,0.9495497666878678,0.024956897358932917,0.27715220347931685,0.2543231370601231,0.022829066419193744,366852.5191739157,336634.82499312644,30217.69418078923,1203944.2994826606,1239960.4436385685,-36016.14415590791
2422,3500.0,14,3500.0,5,1250.0,2250.0,False,True,0.004812668729472613,0.0,True,0.0,0.5910582284674576,0.5407594837164489,0.050298744751008706,0.3408555777739069,0.33063808265413563,0.01021749511977127,834872.6465204402,809846.4836887692,25026.16283167107,157658.63999191014,285666.84294944815,-128008.20295753801
2423,3500.0,14,3500.0,16,4000.0,-500.0,True,False,0.00426856235283557,0.0,True,0.0,0.6633229565673198,0.672294390955106,-0.008971434387786248,0.30492718619069975,0.3043798112504848,0.0005473749402149508,1058537.3960943888,1056637.2150999003,1900.1809944885317,519955.4679725033,486803.03717781045,33152.43079469283
2451,3500.0,14,3500.0,23,5750.0,-2250.0,True,False,0.00796345864530823,0.0,True,0.0,0.8060724407645103,0.9089220435128693,-0.10284960274835897,0.2644793315619528,0.2251630581157796,0.039316273446173194,848307.1700272686,722201.7520115366,126105.41801573196,1527898.1387505361,1178128.7497092527,349769.3890412834
2460,3500.0,14,3500.0,9,2250.0,1250.0,False,True,0.005726355785074966,0.0,True,0.0,0.9919366358408344,0.9736385343205683,0.018298101520266008,0.3484436943983744,0.3196573108937376,0.028786383504636803,431660.53849054006,395999.2652215218,35661.273269018275,2886239.848661295,2910389.2005743803,-24149.351913085207
2462,3500.0,14,3500.0,13,3250.0,250.0,False,True,0.0021296201049691987,0.0,True,0.0,0.9639709613662132,0.9575973187703813,0.006373642595831841,0.2498382484065636,0.2494282161835234,0.00041003222304020204,515763.43775509426,514916.9715702952,846.4661847990355,2391344.8818222713,2405019.9827224202,-13675.100900148973
2463,3500.0,14,3500.0,20,5000.0,-1500.0,True,False,0.005075338918429595,0.0,True,0.0,0.8917412969891507,0.9457569214436194,-0.054015624454468725,0.28143422759140374,0.26489158219138237,0.016542645400021372,812221.0914532538,764478.9045226834,47742.1869305704,3019773.9722911315,2843628.4536225116,176145.51866861992
2464,3500.0,14,3500.0,27,6750.0,-3250.0,True,False,0.004675931802623157,0.0,True,0.0,0.8226565308814181,0.9331007649190635,-0.11044423403764536,0.2896379663556931,0.2538388689077766,0.035799097447916484,1063240.9801340585,931824.9646946543,131416.01543940417,3060113.9761770354,2613085.5237214714,447028.45245556394
2470,3500.0,14,3500.0,22,5500.0,-2000.0,True,False,0.004356842121269966,0.0,True,0.0,0.7227651153004574,0.7808603919865785,-0.05809527668612113,0.29744963260991125,0.28460021076491415,0.0128494218449971,1012890.025088731,969134.5458811861,43755.47920754482,898251.2234652862,683903.6794233329,214347.54404195328
2480,3500.0,14,3500.0,15,3750.0,-250.0,True,False,0.007171673281553992,0.0,True,0.0,0.9506068881091047,0.9586804028900715,-0.00807351478096685,0.3057145628414707,0.30516330305193967,0.0005512597895310223,613469.0158494817,612362.8179719002,1106.1978775814641,3022499.3617862803,3004731.4638204454,17767.89796583494
2484,3500.0,14,3500.0,16,4000.0,-500.0,True,False,0.0014370307794323578,0.0,True,0.0,0.6590786583942221,0.6688882945053001,-0.00980963611107799,0.3002144391306411,0.2997759265089303,0.00043851262171079597,1027587.1539755531,1026086.1937344968,1500.9602410562802,306227.90182943153,271595.6963222842,34632.20550714736
2495,3500.0,14,3500.0,15,3750.0,-250.0,True,False,0.003733020952084054,0.0,True,0.0,0.9493722682831538,0.9570763958962292,-0.007704127613075373,0.2508752731941326,0.2499444782005284,0.0009307949936042115,559749.0382796403,557672.2628530628,2076.7754265774274,2492502.059745251,2474463.793479443,18038.26626580814
2498,3500.0,14,3500.0,18,4500.0,-1000.0,True,False,0.0091432647166092,0.0,True,0.0,0.8183070336333642,0.850644971008071,-0.032337937374706804,0.27159531942589565,0.2633224860784005,0.008272833347495179,798757.3855983964,774427.1182355251,24330.267362871324,1286706.365854463,1183230.278959639,103476.08689482417
2519,3500.0,14,3500.0,3,750.0,2750.0,False,True,0.002337459387715235,0.0,True,0.0,0.4330832250050912,0.40431818401035347,0.028765040994737756,0.3878040396119492,0.3615686066618739,0.0262354329500753,1080292.6143242284,1007209.4549071039,73083.15941712447,5597.482918812698,96040.28340204887,-90442.80048323616
2525,3500.0,14,3500.0,11,2750.0,750.0,False,True,0.00656692783498436,0.0,True,0.0,0.9769189682479174,0.9599554571164398,0.016963511131477538,0.25182034454770524,0.24274648605796253,0.009073858489742709,394449.22924981377,380236.0150870365,14213.214162777294,1846901.7211898793,1876063.1664809056,-29161.445291026263
2531,3500.0,14,3500.0,18,4500.0,-1000.0,True,False,0.0030037438062208155,0.0,True,0.0,0.9120813554165195,0.9513609207934806,-0.03927956537696109,0.26401631624384764,0.25234558550626374,0.011670730737583901,674758.7710607271,644931.3420521372,29827.429008589825,2684901.251752228,2580800.573903614,104100.67784861382
2547,3500.0,14,3500.0,23,5750.0,-2250.0,True,False,0.008789240960800582,0.0,True,0.0,0.8155084365610992,0.9160968724893332,-0.10058843592823408,0.26432343867537716,0.22551049969131334,0.03881293898406382,854304.0005840744,728859.0184263112,125444.98215776321,1697758.943650085,1356154.4215354056,341604.52211467945
2555,3500.0,14,3500.0,22,5500.0,-2000.0,True,False,0.0030487171117423717,0.0,True,0.0,0.838141195810605,0.9134467715688794,-0.07530557575827446,0.2756286936979062,0.2526711075769341,0.022957586120972096,851822.6966057245,780872.9248139745,70949.77179174998,2123741.684603728,1866819.5170121626,256922.1675915653
2559,3500.0,14,3500.0,20,5000.0,-1500.0,True,False,0.006209792296476002,0.0,True,0.0,0.8644576817405477,0.915959183451421,-0.05150150171087331,0.2772632917270453,0.262578605387115,0.014684686339930253,790322.5773777276,748464.7494486612,41857.82792906638,2095984.337634644,1932321.6555108866,163662.68212375743
2570,3500.0,14,3500.0,26,6500.0,-3000.0,True,False,0.004144639617329804,0.0,True,0.0,0.7491602461334502,0.8580297526555232,-0.10886950652207295,0.2855277431184199,0.2557984450497112,0.029729298068708665,941494.39788058,843465.5083621189,98028.88951846119,1188748.2643120969,782525.7005198051,406222.5637922918
2575,3500.0,14,3500.0,12,3000.0,500.0,False,True,0.006346490733585397,0.0,True,0.0,0.9863748480354612,0.9790734482652672,0.00730139977019395,0.33176285686350254,0.32620471177650706,0.005558145086995481,628260.195394286,617734.7214114576,10525.47398282832,4466607.036163656,4481700.283535142,-15093.247371486388
2577,3500.0,14,3500.0,11,2750.0,750.0,False,True,0.005064891648219216,0.0,True,0.0,0.6585693388199413,0.6411036315326044,0.017465707287336873,0.3149184117138909,0.31472280691568166,0.00019560479820923682,1163868.5218428806,1163145.6099428805,722.911900000181,975139.2862834886,1042731.9789100075,-67592.6926265189
2591,3500.0,14,3500.0,19,4750.0,-1250.0,True,False,0.0011990664640092463,0.0,True,0.0,0.8808387617116802,0.924663065859256,-0.043824304147575766,0.2698840777734867,0.2577655017820807,0.012118575991406033,755424.2948093385,721503.5581807598,33920.73662857874,2216753.0494438354,2078702.5300762104,138050.519367625
2594,3500.0,14,3500.0,3,750.0,2750.0,False,True,0.008165374424342176,0.0,True,0.0,0.41485600922338295,0.3856897792350329,0.029166229988350056,0.3860462916648691,0.36991238253833125,0.016133909126537838,1384994.1712396168,1327111.553061373,57882.61817824375,39551.53760045494,148648.43469270974,-109096.8970922548
2605,3500.0,14,3500.0,35,8750.0,-5250.0,True,False,0.004315162676070794,0.0,True,0.0,0.6947170297876171,0.8874789131964647,-0.1927618834088476,0.29837665404337727,0.24034160138431693,0.05803505265906034,1227875.3398929918,989050.3210994912,238825.0187935006,1956103.6862931098,1133076.3257064493,823027.3605866604
2614,3500.0,14,3500.0,23,5750.0,-2250.0,True,False,0.0044825781197623815,0.0,True,0.0,0.8000190868589536,0.868968683623466,-0.0689495967645124,0.2851478462808107,0.26878968553666666,0.016358160744144035,938488.266724431,884649.7330521377,53838.5336722933,1746980.1747126828,1493075.9592266043,253904.21548607852
2623,3500.0,14,3500.0,10,2500.0,1000.0,False,True,0.002317796733569577,0.0,True,0.0,0.9824622052459243,0.966289252373914,0.01617295287201026,0.31323482282183607,0.29564840596265357,0.017586416859182497,449250.22569601535,424027.29016159114,25222.935534424207,2150832.79919817,2176135.3554841066,-25302.556285936385
2642,3500.0,14,3500.0,11,2750.0,750.0,False,True,0.005109253277136183,0.0,True,0.0,0.58072887218847,0.5671773248021659,0.013551547386304152,0.32195348008188723,0.32011620763776283,0.0018372724441244048,1102281.2779673995,1095990.9560949083,6290.321872491157,123357.62960207334,171924.3022489655,-48566.67264689217
2653,3500.0,14,3500.0,10,2500.0,1000.0,False,True,0.002373603504682631,0.0,True,0.0,0.9637397173722034,0.9434097493766624,0.020329967995540987,0.29305360335478114,0.28040388831147983,0.012649715043301313,473292.73452298215,452862.96278414945,20429.7717388327,1767826.496304136,1801860.3118452858,-34033.815541149816
2654,3500.0,14,3500.0,20,5000.0,-1500.0,True,False,0.008630280267541979,0.0,True,0.0,0.8421107307053998,0.8934634536698419,-0.051352722964442155,0.2665411404968046,0.2501330335948407,0.016408106901963926,841305.3654687405,789515.130204956,51790.235263784416,1693614.5974500459,1511694.8691193303,181919.72833071556
2659,3500.0,14,3500.0,13,3250.0,250.0,False,True,0.00888475633193997,0.0,True,0.0,0.9809400641366423,0.9766700403496961,0.0042700237869461866,0.3282553350462619,0.32595222249444394,0.0023031125518179763,634195.2499987675,629745.5948534227,4449.65514534479,4100345.459137917,4109052.6413248237,-8707.182186906692
2662,3500.0,14,3500.0,13,3250.0,250.0,False,True,0.00471248993745077,0.0,True,0.0,0.8133174576325445,0.8060313234875144,0.007286134145030099,0.27218368995446945,0.2714954108239097,0.0006882791305597435,529896.791842038,528556.82579471,1339.966047328082,399131.874345699,414229.09560170554,-15097.221256006567
2663,3500.0,14,3500.0,16,4000.0,-500.0,True,False,0.006190459714088381,0.0,True,0.0,0.946460407838001,0.9633391632436726,-0.01687875540567163,0.260883607157573,0.2574701811129937,0.0034134260445793374,621831.2691371044,613695.1693931124,8136.099743991974,3206454.2743821745,3164004.0258943187,42450.24848785577
2664,3500.0,14,3500.0,11,2750.0,750.0,False,True,0.006981301970683029,0.0,True,0.0,0.9553546045345168,0.934887683115342,0.020466921419174833,0.2594504677858533,0.24980546033858053,0.009645007447272758,358993.7165756192,345648.2132915246,13345.503284094564,949882.1520192778,980480.2259968945,-30598.073977616732
2669,3500.0,14,3500.0,12,3000.0,500.0,False,True,0.003753101866582398,0.0,True,0.0,0.8283324855269601,0.8157053267815798,0.01262715874538034,0.26423270389861025,0.260763867556197,0.0034688363424132396,490698.24344379746,484256.37657833437,6441.866865463089,295701.19041198964,321957.56329450454,-26256.3728825149
2672,3500.0,14,3500.0,12,3000.0,500.0,False,True,0.0064860850286145855,0.0,True,0.0,0.8902063015370038,0.8777146814094021,0.012491620127601633,0.2717771262206965,0.26937711564554845,0.0024000105751480483,564692.969494683,559706.2764740259,4986.693020657054,1281830.963328733,1308647.6575568551,-26816.69422812201
2680,3500.0,14,3500.0,14,3500.0,0.0,False,False,0.003620897057168948,0.0,True,0.0,0.9451927255634951,0.9451927255634951,0.0,0.2345816374842357,0.2345816374842357,0.0,450850.4335381886,450850.4335381886,0.0,1638000.3386652707,1638000.3386652707,0.0
2683,3500.0,14,3500.0,13,3250.0,250.0,False,True,0.004164733302637447,0.0,True,0.0,0.9646625234241671,0.9565701359558181,0.00809238746834906,0.25496725804023324,0.25471352417113274,0.000253733869100492,471932.6445965871,471462.9948980778,469.64969850931084,2427664.5624029352,2443602.077693745,-15937.515290809795
2685,3500.0,14,3500.0,9,2250.0,1250.0,False,True,0.002406080377230002,0.0,True,0.0,0.993443292316552,0.9760974951314364,0.01734579718511564,0.3581938714864831,0.3387772766534757,0.019416594833007395,562565.680407438,532070.7145441301,30494.96586330782,3884262.2311934847,3913438.4146035817,-29176.183410096914
2686,3500.0,14,3500.0,7,1750.0,1750.0,False,True,0.006500206348839632,0.0,True,0.0,0.9198596488330124,0.871870180236406,0.047989468596606466,0.36335177275304764,0.34038481387187275,0.022966958881174893,492842.85469711537,461690.94509461964,31151.909602495725,1721486.1409743829,1791100.1097328444,-69613.96875846153
2688,3500.0,14,3500.0,30,7500.0,-4000.0,True,False,0.008652782839291828,0.0,True,0.0,0.7558143139255575,0.905336633240609,-0.14952231931505144,0.2877614393879731,0.24179152722358987,0.04596991216438323,1037135.8172234581,871453.2903299995,165682.52689345856,1891172.9372699787,1312275.3444423976,578897.5928275811
2704,3500.0,14,3500.0,13,3250.0,250.0,False,True,0.006152608257122383,0.0,True,0.0,0.9721537703269733,0.966303288223708,0.00585048210326522,0.2624491997759559,0.26118168551019527,0.0012675142657606053,513212.8735326229,510734.280954974,2478.592577648873,2854936.6569065372,2867642.6411460596,-12705.984239522368
2710,3500.0,14,3500.0,9,2250.0,1250.0,False,True,0.008726485593953393,0.0,True,0.0,0.9918487916542986,0.9768607706097989,0.0149880210444997,0.3538764829935985,0.32531905458973254,0.028557428403865937,460130.269757752,422998.2819977848,37131.98775996722,2899187.4885780485,2920237.2914748816,-21049.802896833047
2722,3500.0,14,3500.0,34,8500.0,-5000.0,True,False,0.006255645416072375,0.0,True,0.0,0.6600406040957814,0.8586323838232781,-0.19859177972749675,0.3008741590136963,0.2423719709284259,0.058502188085270385,1208437.6377491548,973468.1534814724,234969.48426768242,1716689.2634439126,869542.3008551749,847146.9625887377
2753,3500.0,14,3500.0,21,5250.0,-1750.0,True,False,0.0034073962686588244,0.0,True,0.0,0.8603679447833283,0.9371006949366288,-0.0767327501533005,0.27302677695222854,0.24790095335375797,0.02512582359847057,707038.9903437856,641972.343229803,65066.64711398259,2084593.1710977466,1858877.2361603775,225715.93493736908
2758,3500.0,14,3500.0,8,2000.0,1500.0,False,True,0.0015253320134700488,0.0,True,0.0,0.67456842612913,0.63555333960536,0.03901508652377006,0.33558223497758805,0.3331301321615631,0.002452102816024926,760632.0513979871,755074.1052352041,5557.946162782959,559500.812094525,658270.7275655648,-98769.91547103983
2767,3500.0,14,3500.0,14,3500.0,0.0,False,False,0.0026702919654275625,0.0,True,0.0,0.9670704089589212,0.9670704089589212,0.0,0.2533190200023011,0.2533190200023011,0.0,540499.8714845618,540499.8714845618,0.0,2916540.508609268,2916540.508609268,0.0
2776,3500.0,14,3500.0,12,3000.0,500.0,False,True,0.008395052209488774,0.0,True,0.0,0.9110837155002581,0.8975049840240144,0.013578731476243777,0.30407083834105963,0.3019639641849621,0.00210687415609756,565059.6494903823,561144.4119139677,3915.237576414598,1796115.5896594059,1823782.7092572267,-27667.119597820798
2778,3500.0,14,3500.0,26,6500.0,-3000.0,True,False,0.009418423223584216,0.0,True,0.0,0.769245933064053,0.890735243550252,-0.12148931048619904,0.2771063594882163,0.2327391069850672,0.04436725250314913,1002191.8776899229,841731.8284287122,160460.04926121072,1449912.8024105078,968425.9885307068,481486.81387980096
2787,3500.0,14,3500.0,16,4000.0,-500.0,True,False,0.00735542563523639,0.0,True,0.0,0.9374376030386583,0.9526646769939929,-0.015227073955334625,0.25670865410685806,0.2545051799786215,0.002203474128236571,655139.8672792632,649516.4349374564,5623.432341806823,2680164.2007015008,2639350.878012362,40813.32268913882
2792,3500.0,14,3500.0,20,5000.0,-1500.0,True,False,0.006073953991623249,0.0,True,0.0,0.8337684927550433,0.8890821004036925,-0.05531360764864923,0.2595975384582612,0.24536244886747133,0.014235089590789896,717991.0489622852,678619.8478019681,39371.201160317054,1199131.498309868,1033450.1456097963,165681.35270007164
2801,3500.0,14,3500.0,19,4750.0,-1250.0,True,False,0.009208711346009202,0.0,True,0.0,0.90904595798372,0.9551129311451227,-0.046066973161402736,0.29152544512908657,0.2799030213992692,0.011622423729817366,723779.9123314146,694924.5346318079,28855.377699606703,3189750.941479569,3063327.402658671,126423.5388208977
2807,3500.0,14,3500.0,24,6000.0,-2500.0,True,False,0.0014497315392399956,0.0,True,0.0,0.8254542520130683,0.9122050677214255,-0.08675081570835719,0.28478100206947476,0.26116172629235646,0.02361927577711831,887293.8847750182,813703.1648619703,73590.71991304785,2175413.1331931828,1889029.264784039,286383.86840914376
2819,3500.0,14,3500.0,11,2750.0,750.0,False,True,0.007363395838900222,0.0,True,0.0,0.936517323670187,0.9191629287308176,0.01735439493936941,0.25658936195677345,0.24897267057067407,0.0076166913860993835,439397.7412285598,426354.49982071493,13043.241407844878,1073385.6640528836,1105070.9657335314,-31685.301680647768
2834,3500.0,14,3500.0,23,5750.0,-2250.0,True,False,0.003908814360949031,0.0,True,0.0,0.8578478815755208,0.9410158112803766,-0.08316792970485576,0.2694123076178807,0.24118228432322997,0.02823002329465074,925732.0520357583,828730.405657225,97001.64637853322,2984383.3634046535,2687842.9448143663,296540.4185902872
2835,3500.0,14,3500.0,28,7000.0,-3500.0,True,False,0.0025456981983645877,0.0,True,0.0,0.745854352904303,0.8926207580098525,-0.1467664051055495,0.2862609087845984,0.23859175886413792,0.04766914992046051,979446.2354520578,816345.4836413139,163100.75181074394,1581953.7113594296,1059958.9419727281,521994.7693867015
2843,3500.0,14,3500.0,8,2000.0,1500.0,False,True,0.003261834837688604,0.0,True,0.0,0.5794541969821114,0.5500984145262237,0.02935578245588777,0.33404450926643214,0.33161637535185834,0.0024281339145738046,1227757.6180591707,1218833.1788644283,8924.439194742357,420003.2298975732,535067.8376546826,-115064.60775710939
2847,3500.0,14,3500.0,8,2000.0,1500.0,False,True,0.007772332797232773,0.0,True,0.0,0.9957881286914748,0.9748882939388847,0.020899834752590163,0.3984659456617992,0.3714171115743233,0.027048834087475937,576493.0140247497,537359.2710820606,39133.7429426891,3947144.3030687785,3979132.010495267,-31987.7074264884
2850,3500.0,14,3500.0,13,3250.0,250.0,False,True,0.003955236970313192,0.0,True,0.0,0.8049074632238462,0.7988880456976952,0.006019417526150983,0.2866699071507224,0.28590042584217606,0.0007694813085463159,589490.4580233914,587908.1437389104,1582.3142844809918,680475.4316798842,693427.2597255979,-12951.828045713715
2860,3500.0,14,3500.0,16,4000.0,-500.0,True,False,0.009936121842975432,0.0,True,0.0,0.9172097094618314,0.9339323041701451,-0.01672259470831361,0.2871453324638017,0.2843215921256448,0.0028237403381569104,618165.8860845627,612086.9436437013,6078.942440861487,2135144.957078925,2096445.5952277298,38699.361851195106
2865,3500.0,14,3500.0,25,6250.0,-2750.0,True,False,0.0014777166475588022,0.0,True,0.0,0.7503986500006747,0.8592204692529789,-0.10882181925230416,0.27901230756315837,0.2425968139932511,0.03641549356990728,953889.8670641263,829392.2396158807,124497.62744824565,1026729.954285725,618841.7730798298,407888.18120589526
2876,3500.0,14,3500.0,11,2750.0,750.0,False,True,0.00894466436081165,0.0,True,0.0,0.7109436291584997,0.6948034197786372,0.01614020937986249,0.3209645226237745,0.3177630839075503,0.003201438716224192,719690.0583151652,712511.5589672092,7178.499347956036,581758.5090603092,622070.2214651001,-40311.71240479092
2887,3500.0,14,3500.0,13,3250.0,250.0,False,True,0.002914986809532949,0.0,True,0.0,0.9782365419954302,0.9719951010638622,0.006241440931567976,0.31845690558476236,0.3179954832841989,0.0004614223005634521,635115.0885328767,634194.8501579692,920.2383749075234,4206032.402985206,4219265.6578743365,-13233.254889130592
2890,3500.0,14,3500.0,23,5750.0,-2250.0,True,False,0.00766364133968378,0.0,True,0.0,0.85784942216127,0.9443188065792327,-0.0864693844179627,0.27700480285566187,0.2493999600187156,0.02760484283694628,836659.4402867269,753282.3575825074,83377.0827042195,2746640.080283295,2476504.2530509,270135.82723239483
2915,3500.0,14,3500.0,14,3500.0,0.0,False,False,0.009597848666828002,0.0,True,0.0,0.7357598627483715,0.7357598627483715,0.0,0.31196973349039214,0.31196973349039214,0.0,883759.2967585265,883759.2967585265,0.0,1295822.8335998943,1295822.8335998943,0.0
2925,3500.0,14,3500.0,7,1750.0,1750.0,False,True,0.0029535161110432195,0.0,True,0.0,0.9265407492973619,0.8784006044510723,0.04814014484628959,0.3654415770852488,0.34286944751491083,0.022572129570337995,500108.1563690383,469218.1131649191,30890.043204119196,1823220.7463943264,1897895.10848755,-74674.36209322349
2932,3500.0,14,3500.0,11,2750.0,750.0,False,True,0.009777653061846192,0.0,True,0.0,0.9912539696677153,0.9804649080727438,0.010789061594971505,0.37321083543915945,0.36311812228486245,0.010092713154296995,624876.0089703155,607977.5330508846,16898.475919430843,4702073.811968435,4721904.739128515,-19830.927160080522
2934,3500.0,14,3500.0,23,5750.0,-2250.0,True,False,0.00510360974903723,0.0,True,0.0,0.826563108931343,0.933937128735974,-0.10737401980463102,0.28647904728065643,0.2454975807875804,0.04098146649307602,834062.311755193,714747.8382996647,119314.47345552838,2478287.4500088566,2132979.3288018736,345308.121206983
2937,3500.0,14,3500.0,6,1500.0,2000.0,False,True,0.009732538257462786,0.0,True,0.0,0.5005655932311597,0.47147612789751536,0.029089465333644315,0.3453518480508753,0.3376314261866792,0.007720421864196136,1330262.9146779107,1300524.57405639,29738.340621520765,51053.19934288536,171643.76195863466,-120590.5626157493
2943,3500.0,14,3500.0,20,5000.0,-1500.0,True,False,0.0031899879978134482,0.0,True,0.0,0.6380184001531548,0.6803161311373856,-0.04229773098423084,0.3143914037192276,0.3077487246229041,0.006642679096323489,1046249.1977158219,1024143.3207961755,22105.876919646398,306879.4793604045,152549.13313461927,154330.3462257852
2945,3500.0,14,3500.0,23,5750.0,-2250.0,True,False,0.009610794532526445,0.0,True,0.0,0.8656673700103886,0.9457254215075548,-0.08005805149716616,0.2792519334631596,0.2509171762144456,0.028334757248713982,961451.7248404359,863896.4424405558,97555.28239988012,3350218.1420622543,3059489.776480332,290728.36558192223
2962,3500.0,14,3500.0,11,2750.0,750.0,False,True,0.0045002510966155596,0.0,True,0.0,0.9859720287857798,0.9738053363286194,0.0121666924571604,0.3370235201915787,0.32680432630022305,0.010219193891355671,545811.430040477,529261.3897687146,16550.04027176241,3381320.1912008207,3402255.811352943,-20935.62015212234
2968,3500.0,14,3500.0,17,4250.0,-750.0,True,False,0.0060639671162969755,0.0,True,0.0,0.6809463716801722,0.6963729305772827,-0.01542655889711042,0.29648219389873615,0.29591405624655776,0.000568137652178391,933583.495459027,931794.504598403,1788.990860624006,413296.31503952655,362621.04619591485,50675.2688436117
2978,3500.0,14,3500.0,13,3250.0,250.0,False,True,0.003081979088360387,0.0,True,0.0,0.7768656319614833,0.7711947620699362,0.005670869891547081,0.30155368270672894,0.3012154131517843,0.00033826955494464794,699516.7260624066,698732.0392050698,784.6868573367829,913577.415231343,927482.5733791685,-13905.15814782551
2984,3500.0,14,3500.0,23,5750.0,-2250.0,True,False,0.007788987488406396,0.0,True,0.0,0.7462700686592632,0.8196926545753835,-0.07342258591612039,0.28455662118586617,0.26324863694516815,0.02130798424069802,972393.6802317991,899579.5277169651,72814.15251483407,888816.3863140187,612824.2849277447,275992.1013862741
2997,3500.0,14,3500.0,9,2250.0,1250.0,False,True,0.0019287937630295682,0.0,True,0.0,0.99644823090398,0.9841268277064236,0.01232140319755648,0.39169903033769476,0.3671030969680893,0.02459593336960547,591987.0981438868,554814.4883238927,37172.609819994075,4492550.716634918,4511862.837204637,-19312.120569719
3001,3500.0,14,3500.0,25,6250.0,-2750.0,True,False,0.003510530806128398,0.0,True,0.0,0.7830436383859818,0.8908562436749173,-0.10781260528893555,0.2674218340372242,0.23076803561208237,0.036653798425141826,962316.7395517287,830418.1460069736,131898.59354475513,1475567.1602185778,1067336.4327278542,408230.7274907236
3002,3500.0,14,3500.0,24,6000.0,-2500.0,True,False,0.005917800761065961,0.0,True,0.0,0.8404176376715204,0.945779080377936,-0.10536144270641556,0.2845973438481778,0.2489984761087953,0.035598867739382506,869284.343742259,760549.8841637996,108734.45957845938,3044906.905035913,2712435.143091931,332471.761943982
3017,3500.0,14,3500.0,15,3750.0,-250.0,True,False,0.003119547611089235,0.0,True,0.0,0.6050303882241194,0.6095353088314364,-0.004504920607316998,0.3129816053602967,0.31295687470531225,2.473065498442839e-05,1445061.2783701732,1444947.0949443914,114.18342578178272,511807.0884723128,488453.95264205645,23353.13583025633
3018,3500.0,14,3500.0,10,2500.0,1000.0,False,True,0.0028575673414308334,0.0,True,0.0,0.9879532792040328,0.972670221831237,0.015283057372795783,0.32595551599129885,0.31281482585052933,0.013140690140769518,560363.3251872082,537772.6327114505,22590.692475757794,3426922.5443430087,3454397.161423752,-27474.617080743425
3021,3500.0,14,3500.0,15,3750.0,-250.0,True,False,0.00461224401818805,0.0,True,0.0,0.958114820282536,0.9657520964331501,-0.007637276150614047,0.300293641339886,0.2993871698833721,0.000906471456513902,647203.9503192913,645250.2895461568,1953.6607731345575,3498044.656760904,3479612.26055717,18432.39620373398
3027,3500.0,14,3500.0,28,7000.0,-3500.0,True,False,0.00545792925528521,0.0,True,0.0,0.7890888499006614,0.9132108305038391,-0.1241219806031777,0.27619437537416675,0.23636306993322714,0.0398313054409396,1079853.9275142958,924123.0529801897,155730.87453410611,2281091.8523153397,1753336.3843124462,527755.4680028935
3039,3500.0,14,3500.0,7,1750.0,1750.0,False,True,0.00707091592695841,0.0,True,0.0,0.6066055846446046,0.5804340192509966,0.026171565393607987,0.3361336059207263,0.31912319644909243,0.017010409471633847,713305.4572303493,677207.8529083915,36097.6043219578,24502.67075819974,86991.7524734691,-62489.081715269356
3040,3500.0,14,3500.0,11,2750.0,750.0,False,True,0.004373844025858387,0.0,True,0.0,0.989202442722,0.979822724861861,0.009379717860139025,0.3429121796330695,0.33256570033140825,0.010346479301661271,614829.9504146139,596279.0626543334,18550.887760280515,4111936.338042646,4130894.141868146,-18957.803825499956
3044,3500.0,14,3500.0,23,5750.0,-2250.0,True,False,0.00862870545144323,0.0,True,0.0,0.829243703516326,0.9145402763840685,-0.0852965728677425,0.2713174165335281,0.24505135678127618,0.026266059752251908,833192.1712947362,752531.3879364675,80660.78335826867,1816994.674165618,1532279.1052596902,284715.5689059277
3053,3500.0,14,3500.0,17,4250.0,-750.0,True,False,0.0026751290230003777,0.0,True,0.0,0.9230796367154798,0.9492976174669695,-0.026217980751489733,0.25299992152358003,0.24666675621309492,0.0063331653104851116,665688.4484880167,649024.747708323,16663.700779693783,2521570.875562438,2448207.133520989,73363.7420414486
3065,3500.0,14,3500.0,8,2000.0,1500.0,False,True,0.0063311015692617545,0.0,True,0.0,0.9868982924081016,0.9607938033510341,0.026104489057067415,0.2834229461438727,0.25647752267493107,0.02694542346894163,387541.56437773944,350697.4354670428,36844.12891069666,1840541.607363814,1877605.359261101,-37063.75189728709
3095,3500.0,14,3500.0,12,3000.0,500.0,False,True,0.003520330327482779,0.0,True,0.0,0.9676420810718217,0.9553127868653176,0.012329294206504082,0.26249611898348096,0.26026716171089553,0.00222895727258543,517717.58032915194,513321.4377488778,4396.142580274143,2332971.0187503817,2358361.8984569022,-25390.879706520587
3098,3500.0,14,3500.0,16,4000.0,-500.0,True,False,0.0024337537555517708,0.0,True,0.0,0.81013839790974,0.8221994155032608,-0.01206101759352085,0.2772508322625176,0.27581654131847033,0.0014342909440472895,811605.4836905283,807406.836617418,4198.647073110333,1306245.797515351,1269403.2686989866,36842.52881636447
3103,3500.0,14,3500.0,15,3750.0,-250.0,True,False,0.0033725203508836454,0.0,True,0.0,0.954838912028202,0.9639141271379053,-0.009075215109703216,0.2851637443106309,0.28316549915733896,0.0019982451532919443,629858.3603718611,625444.7157870065,4413.644584854599,3514325.8482803553,3491720.634858433,22605.213421922177
3106,3500.0,14,3500.0,11,2750.0,750.0,False,True,0.003970139706722442,0.0,True,0.0,0.9338989975830083,0.9155093925877429,0.01838960499526543,0.2846645794196313,0.2785950633881349,0.006069516031496414,506185.4592353461,495392.75448084855,10792.704754497565,1550204.3608462352,1586285.866092829,-36081.50524659385
3109,3500.0,14,3500.0,17,4250.0,-750.0,True,False,0.003029150551604798,0.0,True,0.0,0.9109090679569408,0.9430926793019822,-0.03218361134504133,0.24267963075701166,0.23428727244947958,0.008392358307532072,567538.5817074577,547911.936009259,19626.6456981987,2113911.481996174,2033629.44306314,80282.03893303405
3113,3500.0,14,3500.0,18,4500.0,-1000.0,True,False,0.003665289381583614,0.0,True,0.0,0.8215540409347499,0.8648948043035896,-0.04334076336883963,0.24834276468578592,0.2368691844766944,0.011473580209091533,611764.5625490905,583500.6838475398,28263.878701550653,584311.2832853629,471646.7587229878,112664.5245623751
3114,3500.0,14,3500.0,20,5000.0,-1500.0,True,False,0.006477782223254347,0.0,True,0.0,0.8813202200165254,0.9449618182781314,-0.06364159826160598,0.259875023659829,0.23660294894151532,0.02327207471831369,810256.6126618399,737697.3025545451,72559.31010729482,2914404.88636414,2695819.2388305115,218585.64753362862
3116,3500.0,14,3500.0,12,3000.0,500.0,False,True,0.007976185541181846,0.0,True,0.0,0.9778644122113677,0.9673382950705453,0.01052611714082241,0.294917295447993,0.29250782138253884,0.0024094740654541646,609230.7536329904,604253.338868197,4977.414764793357,3520354.2976763346,3543440.2157139103,-23085.91803757567
3128,3500.0,14,3500.0,9,2250.0,1250.0,False,True,0.004747344578698853,0.0,True,0.0,0.992857426597956,0.9730928799505076,0.01976454664744831,0.3478511689403626,0.3243096215460806,0.023541547394281992,478986.7078793837,446570.2916312415,32416.416248142195,3635210.084594674,3665382.009717159,-30171.92512248503
3135,3500.0,14,3500.0,25,6250.0,-2750.0,True,False,0.004101522106334965,0.0,True,0.0,0.8489448348298876,0.948542352586868,-0.09959751775698045,0.2914741057222685,0.26047722355972397,0.030996882162544537,938155.4202908275,838387.0619975661,99768.35829326138,3333565.4938706285,2996834.6683538035,336730.8255168251
3137,3500.0,14,3500.0,8,2000.0,1500.0,False,True,0.007246568392050401,0.0,True,0.0,0.8810887772345327,0.8393104483388314,0.04177832889570132,0.3523866526304286,0.33932213574958553,0.013064516880843091,546894.1952913892,526618.4317427829,20275.763548606308,1672342.8372973292,1745466.5618832007,-73123.72458587145
3143,3500.0,14,3500.0,9,2250.0,1250.0,False,True,0.005020939892562026,0.0,True,0.0,0.995380280123089,0.9828870216129696,0.012493258510119398,0.39129754879818907,0.3664780261825835,0.02481952261560555,586739.2900608341,549523.1379948271,37216.152066007024,3975185.523027123,3996005.974220314,-20820.45119319111
3165,3500.0,14,3500.0,11,2750.0,750.0,False,True,0.006591570965763238,0.0,True,0.0,0.9774520657580801,0.9617211577532149,0.015730908004865207,0.2822664624806016,0.2761217011784716,0.006144761302129986,514037.96725092334,502847.6877496662,11190.279501257115,2562963.2067591394,2594613.1935051978,-31649.986746058334
3168,3500.0,14,3500.0,18,4500.0,-1000.0,True,False,0.004811751936012798,0.0,True,0.0,0.9098262140816363,0.9467282248110792,-0.03690201072944288,0.25498044680137927,0.24486559422386278,0.010114852577516487,685931.2990866214,658721.0009810177,27210.298105603666,2470333.0168135036,2365082.1858698777,105250.83094362589
3181,3500.0,14,3500.0,15,3750.0,-250.0,True,False,0.007202978954308437,0.0,True,0.0,0.9606801649834028,0.968357293800857,-0.007677128817454193,0.2969605816298289,0.29656100449752726,0.0003995771323016539,588457.1062473994,587665.3041782279,791.8020691714482,3277211.869060303,3260947.048233241,16264.820827062242
3184,3500.0,14,3500.0,22,5500.0,-2000.0,True,False,0.0048811780842356045,0.0,True,0.0,0.7799734785361505,0.8454608519931163,-0.06548737345696576,0.28494669871732164,0.2679114329194479,0.017035265797873733,937361.1393877703,881321.900365354,56039.239022416295,1430539.714923861,1201968.5944879393,228571.1204359217
3185,3500.0,14,3500.0,16,4000.0,-500.0,True,False,0.005025938306387978,0.0,True,0.0,0.9468596273869198,0.9659213214544259,-0.01906169406750613,0.2910674400507756,0.2860143415165055,0.005053098534270106,672120.4358041105,660452.0376197507,11668.398184359772,3885418.0454095807,3838332.30865269,47085.73675689055
3188,3500.0,14,3500.0,20,5000.0,-1500.0,True,False,0.00348723214982416,0.0,True,0.0,0.8899392666917415,0.9386994231010453,-0.048760156409303756,0.27384420609644067,0.25939409836603566,0.014450107730405004,842723.9187932201,798255.3810536903,44468.53773952974,2836375.8349289936,2675776.475392457,160599.3595365365
3192,3500.0,14,3500.0,23,5750.0,-2250.0,True,False,0.00884198498813804,0.0,True,0.0,0.7985314305882054,0.8662324152174146,-0.06770098462920915,0.2809113952395585,0.2638575405738088,0.017053854665749713,1020726.6636656852,958759.3513009968,61967.312364688376,2014928.392801857,1756278.068547552,258650.3242543051
3197,3500.0,14,3500.0,16,4000.0,-500.0,True,False,0.0010801103971319614,0.0,True,0.0,0.9358899318981314,0.9523740007655779,-0.016484068867446466,0.2677466438821847,0.2660288557637251,0.0017177881184596289,554998.2762846376,551437.5614575758,3560.7148270618636,2145712.0505422195,2108005.195346974,37706.855195245706
3221,3500.0,14,3500.0,10,2500.0,1000.0,False,True,0.009626499943799383,0.0,True,0.0,0.9907420567574664,0.9793237504552044,0.011418306302262038,0.340652952572094,0.32017276154761515,0.020480191024478844,493359.47441474185,463698.5065485907,29660.967866151128,3283478.7124806624,3302052.188149939,-18573.475669276435
3225,3500.0,14,3500.0,10,2500.0,1000.0,False,True,0.007982498449026432,0.0,True,0.0,0.7864954766112479,0.7642881709650747,0.022207305646173126,0.306019714495769,0.299339202438558,0.0066805120572109855,606753.3585607457,593507.7311203791,13245.627440366661,782478.0990426119,828920.4797573537,-46442.38071474177
3227,3500.0,14,3500.0,6,1500.0,2000.0,False,True,0.009253291123033414,0.0,True,0.0,0.4488562321511905,0.426363499260232,0.022492732890958544,0.3627926817715745,0.3547301162593505,0.008062565512223951,1647735.143924818,1611116.5096133016,36618.6343115163,53059.90832420558,158475.98870732842,-105416.08038312284
3231,3500.0,14,3500.0,17,4250.0,-750.0,True,False,0.007234488384413984,0.0,True,0.0,0.9210516752793818,0.9484429555217733,-0.027391280242391458,0.2520849981181374,0.24589050319729755,0.006194494920839844,608815.4760501672,593855.0285730266,14960.44747714058,2241579.497212939,2168812.182892826,72767.31432011304
3235,3500.0,14,3500.0,10,2500.0,1000.0,False,True,0.003163077438670392,0.0,True,0.0,0.660054030854264,0.6417304522849542,0.018323578569309773,0.32359031750230316,0.31675948852052066,0.0068308289817825,682920.5048460558,668504.396191251,14416.10865480476,72794.11567142887,112990.91921145796,-40196.8035400291
3245,3500.0,14,3500.0,15,3750.0,-250.0,True,False,0.0013000313959847798,0.0,True,0.0,0.8802878540489483,0.8896808881390504,-0.00939303409010217,0.2328333961221297,0.23129722235364278,0.0015361737684869148,513871.2419015636,510480.8540305087,3390.3878710548743,725405.4976915175,703916.783915244,21488.71377627342
3247,3500.0,14,3500.0,16,4000.0,-500.0,True,False,0.0034800535797480103,0.0,True,0.0,0.7338860329170972,0.7458901687364492,-0.012004135819352002,0.27752215177820727,0.2758132513699616,0.0017089004082456727,828346.6847162244,823245.9676073005,5100.717108923942,365652.94088834786,326505.33586423716,39147.6050241107
3250,3500.0,14,3500.0,10,2500.0,1000.0,False,True,0.001446410258434172,0.0,True,0.0,0.9841641883642208,0.9692844682771385,0.014879720087082271,0.30316208392521615,0.2831796022937883,0.01998248163142785,414546.1887828563,387221.9881589575,27324.200623898767,2065993.6157610482,2088192.6376238468,-22199.021862798603
3252,3500.0,14,3500.0,12,3000.0,500.0,False,True,0.002792771695118379,0.0,True,0.0,0.9810886505528736,0.9700028269839419,0.01108582356893173,0.28510917991791407,0.28201133166010095,0.0030978482578131183,542421.6671169695,536527.9950262912,5893.672090678243,3592706.1377202393,3614898.558726926,-22192.42100668652
3253,3500.0,14,3500.0,9,2250.0,1250.0,False,True,0.003117257881930402,0.0,True,0.0,0.9975067234184289,0.9855079776292812,0.011998745789147724,0.4291426923984706,0.40143342313798724,0.027709269260483338,593224.1459844706,554920.3186466838,38303.82733778679,4597227.637810364,4615080.778822838,-17853.141012473963
3254,3500.0,14,3500.0,13,3250.0,250.0,False,True,0.004697688325343785,0.0,True,0.0,0.9636241761841642,0.9569867897230282,0.006637386461135986,0.2519080904597321,0.2514292387679282,0.0004788516918038943,498310.9611837958,497363.72266369977,947.2385200960562,2357814.1391484262,2371916.4557239525,-14102.31657552626
3256,3500.0,14,3500.0,16,4000.0,-500.0,True,False,0.00911697749943119,0.0,True,0.0,0.9488488614581212,0.9663712379215118,-0.01752237646339061,0.28334423774576745,0.2790369444399286,0.004307293305838844,703100.1589140036,692411.8928249582,10688.266089045443,3921163.477066278,3874477.338594943,46686.13847133517
3259,3500.0,14,3500.0,7,1750.0,1750.0,False,True,0.008421101189076352,0.0,True,0.0,0.5749707880242718,0.5404565840069682,0.03451420401730365,0.33897169742564864,0.3281799220701483,0.010791775355500355,800133.3665722599,774659.6777301936,25473.68884206633,23900.88782572054,108520.81792240887,-84619.93009668833
3268,3500.0,14,3500.0,7,1750.0,1750.0,False,True,0.003646159505090396,0.0,True,0.0,0.566408287532314,0.5323429378932256,0.03406534963908836,0.341582348801211,0.3369645472502192,0.00461780155099184,1130063.5470157238,1114786.3840755348,15277.16294018901,326187.68692783214,442860.67571102496,-116672.98878319282
3274,3500.0,14,3500.0,18,4500.0,-1000.0,True,False,0.007760330224508394,0.0,True,0.0,0.8119182936854868,0.8406911480369436,-0.02877285435145671,0.2747601786009431,0.2683068388979893,0.006453339702953809,845736.3513290248,825872.3957803942,19863.95554863056,1417293.961573981,1321369.7513747797,95924.21019920125
3276,3500.0,14,3500.0,18,4500.0,-1000.0,True,False,0.004352607991112811,0.0,True,0.0,0.9046946057989247,0.9456663099946946,-0.0409717041957699,0.25237466303083894,0.23869521233106986,0.013679450699769086,714002.711846284,675301.6600889245,38701.05175735953,2616298.645596914,2491964.379070388,124334.26652652584
3277,3500.0,14,3500.0,11,2750.0,750.0,False,True,0.00577390886017759,0.0,True,0.0,0.9619781981035104,0.943266081573522,0.018712116529988387,0.2701157050033328,0.26145118217640345,0.008664522826929366,402228.65820517257,389326.33773246664,12902.320472705935,1317073.8149535912,1346286.2084825716,-29212.393528980436
3286,3500.0,14,3500.0,14,3500.0,0.0,False,False,0.007722620205972808,0.0,True,0.0,0.8142370399716028,0.8142370399716028,0.0,0.2566034519923455,0.2566034519923455,0.0,566726.6726116028,566726.6726116028,0.0,423418.4016912519,423418.4016912519,0.0
3288,3500.0,14,3500.0,10,2500.0,1000.0,False,True,0.00918602577543759,0.0,True,0.0,0.880321418411407,0.8552499314750975,0.02507148693630945,0.3334369269938484,0.32579027883021316,0.00764664816363525,582445.103481618,569087.9962736384,13357.107207979541,1783048.4412740197,1829078.4181031662,-46029.9768291465
3295,3500.0,14,3500.0,3,750.0,2750.0,False,True,0.001554083174368781,0.0,True,0.0,0.3911501082619042,0.36880296668199997,0.02234714157990425,0.39276385368356515,0.37617514791626666,0.016588705767298484,1587165.7777523545,1520130.5201945866,67035.25755776791,22425.87950127121,123848.20667127038,-101422.32716999917
3312,3500.0,14,3500.0,18,4500.0,-1000.0,True,False,0.005071537281177041,0.0,True,0.0,0.6838342035340832,0.7031781616281882,-0.01934395809410505,0.31524291283331524,0.31375097220345133,0.0014919406298639082,1120604.2015152853,1115300.7517938926,5303.44972139271,1025657.6455794212,952040.1476348088,73617.4979446124
3316,3500.0,14,3500.0,6,1500.0,2000.0,False,True,0.003900947310295222,0.0,True,0.0,0.552032467338949,0.5129206968515749,0.03911177048737402,0.34556599106184854,0.3423328576411111,0.003233133420737444,1292903.3875068158,1280806.9160366682,12096.471470147604,394357.93576091446,548193.8494006926,-153835.91363977815
3331,3500.0,14,3500.0,14,3500.0,0.0,False,False,0.004431875439215971,0.0,True,0.0,0.9529615091522544,0.9529615091522544,0.0,0.2681291166248703,0.2681291166248703,0.0,543064.0971005891,543064.0971005891,0.0,2484833.2055904265,2484833.2055904265,0.0
3340,3500.0,14,3500.0,11,2750.0,750.0,False,True,0.00774689179932464,0.0,True,0.0,0.9569482713105247,0.9362899267783448,0.020658344532179962,0.23261724129268185,0.22660343445847914,0.006013806834202717,380582.04475427733,370742.9335645853,9839.111189692048,1048431.1340529064,1084460.0308211725,-36028.8967682661
3357,3500.0,14,3500.0,8,2000.0,1500.0,False,True,0.0076453976675550095,0.0,True,0.0,0.9936595598460466,0.9761579628886795,0.017501596957367083,0.3607151166968002,0.32427432821297586,0.036440788483824316,450036.10727700597,404571.7786801265,45464.328596879495,2878160.4500153353,2902110.035882741,-23949.58586740587
3381,3500.0,14,3500.0,11,2750.0,750.0,False,True,0.005313830259981778,0.0,True,0.0,0.9334675606038266,0.9131954643634428,0.02027209624038384,0.28162638044764515,0.2752794737955987,0.006346906652046458,447286.47833167756,437206.1530433245,10080.32528835308,1261060.5881253541,1295215.7265020516,-34155.13837669743
3382,3500.0,14,3500.0,37,9250.0,-5750.0,True,False,0.00220976072186041,0.0,True,0.0,0.6206256676916528,0.8190797467158042,-0.19845407902415135,0.3119647978865336,0.2581831522784898,0.05378164560804377,1390656.8364884458,1150912.436962869,239744.39952557674,1528100.7497249558,573967.157721749,954133.5920032067
3393,3500.0,14,3500.0,12,3000.0,500.0,False,True,0.0019128366829975763,0.0,True,0.0,0.9663272921341319,0.9542058015992366,0.012121490534895307,0.26451613620947606,0.26092595792115897,0.003590178288317092,468766.0271651948,462403.64172759576,6362.385437599034,2005703.1907010465,2029163.9943451416,-23460.803644095082
3398,3500.0,14,3500.0,34,8500.0,-5000.0,True,False,0.003950706218344591,0.0,True,0.0,0.7095789619054771,0.8434980489153027,-0.13391908700982558,0.29362516567922814,0.26428745219687466,0.029337713482353478,1387948.4845731878,1249270.8788084327,138677.60576475505,2131655.226551703,1455786.7077949168,675868.5187567864
3403,3500.0,14,3500.0,12,3000.0,500.0,False,True,0.003779827690401638,0.0,True,0.0,0.7970469335785574,0.7850057900904512,0.012041143488106143,0.31030666871040546,0.30950186877604297,0.000804799934362499,755565.3310424746,753605.7246590324,1959.6063834421802,1443655.0634221763,1475253.302794411,-31598.23937223479
3407,3500.0,14,3500.0,20,5000.0,-1500.0,True,False,0.003805119572620197,0.0,True,0.0,0.7475709570523945,0.7810645049297191,-0.033493547877324614,0.29206885512951264,0.28725430144224007,0.004814553687272571,1091199.1033979743,1073211.4385903603,17987.66480761394,1414616.026446764,1273755.2995593867,140860.7268873772
3409,3500.0,14,3500.0,11,2750.0,750.0,False,True,0.0036313433040455756,0.0,True,0.0,0.9657686405702319,0.9472856789969026,0.018482961573329293,0.3024026340905912,0.2962187210105773,0.006183913080013925,510901.78623154934,500454.2177175353,10447.568514014012,2229553.4530126867,2262121.563936448,-32568.110923761502
3410,3500.0,14,3500.0,21,5250.0,-1750.0,True,False,0.00560171203167803,0.0,True,0.0,0.8649121342758916,0.9315019859014746,-0.06658985162558295,0.26591201143148907,0.24365312745742856,0.022258883974060506,836148.8250827603,766156.7266349646,69992.09844779572,2466196.4017083165,2242412.4224235564,223783.97928476008
3414,3500.0,14,3500.0,13,3250.0,250.0,False,True,0.003033586038139635,0.0,True,0.0,0.7011042826244904,0.6955693152753444,0.005534967349146047,0.32292162952747694,0.3228590749607194,6.255456675752225e-05,943900.173348227,943717.3263011198,182.8470471072942,1155303.3327070302,1172500.235791689,-17196.903084658785
3425,3500.0,14,3500.0,9,2250.0,1250.0,False,True,0.002599821557066173,0.0,True,0.0,0.9145380657081892,0.8832120105176015,0.03132605519058773,0.31888668767923023,0.3074317102424347,0.011454977436795521,533909.8854187011,514730.89197979856,19178.993438902544,1733868.7642490885,1790804.1854072593,-56935.42115817079
3438,3500.0,14,3500.0,11,2750.0,750.0,False,True,0.006210445359074002,0.0,True,0.0,0.988507899690698,0.976235994367462,0.012271905323235965,0.32360512578834294,0.31156843621281827,0.012036689575524673,495894.0430998808,477448.9624028305,18445.080697050318,3594995.436240227,3616226.9314707974,-21231.495230570436
3439,3500.0,14,3500.0,10,2500.0,1000.0,False,True,0.009596430464583361,0.0,True,0.0,0.9919952554106738,0.9791714737321922,0.012823781678481638,0.36092787619663846,0.3428244654875586,0.018103410709079837,543284.0174800275,516033.99233993154,27250.025140095968,3790557.361496128,3810700.793182133,-20143.43168600509
3456,3500.0,14,3500.0,14,3500.0,0.0,False,False,0.0074797905059339476,0.0,True,0.0,0.9608651052683729,0.9608651052683729,0.0,0.2835927185000609,0.2835927185000609,0.0,533551.6337698695,533551.6337698695,0.0,2632035.538538753,2632035.538538753,0.0
3459,3500.0,14,3500.0,35,8750.0,-5250.0,True,False,0.008091098361760807,0.0,True,0.0,0.7504915799842338,0.9049150667457235,-0.15442348676148976,0.29358164416821164,0.2516375045816631,0.04194413958654852,1329692.625029258,1139718.850512635,189973.774516623,2877435.078770616,2109750.686097173,767684.3926734431
3473,3500.0,14,3500.0,12,3000.0,500.0,False,True,0.002109484674957973,0.0,True,0.0,0.9797328515545491,0.9687282418136424,0.011004609740906779,0.2904809602082991,0.2877312169561976,0.002749743252101533,574416.2640681713,568978.7398845339,5437.524183637346,3525018.552695572,3549538.3102836595,-24519.75758808758
3475,3500.0,14,3500.0,9,2250.0,1250.0,False,True,0.00210621701296676,0.0,True,0.0,0.9933913768663731,0.9787918381662907,0.01459953870008246,0.3696685587307968,0.3444208025513814,0.02524775617941538,525431.8490268255,489545.71562485193,35886.13340197358,3537257.246832369,3560695.086136427,-23437.83930405788
3478,3500.0,14,3500.0,11,2750.0,750.0,False,True,0.00563848358389718,0.0,True,0.0,0.9801561340533452,0.9643034353156769,0.01585269873766837,0.312396392074907,0.30730810738775594,0.005088284687151057,587493.1397533913,577924.1036740735,9569.036079317797,3296331.2296138983,3328293.792204139,-31962.5625902405
3493,3500.0,14,3500.0,9,2250.0,1250.0,False,True,0.006157022037808435,0.0,True,0.0,0.9295738738857493,0.8954790979700823,0.03409477591566701,0.3100156178359345,0.29561545327412103,0.014400164561813478,433166.3703798123,413045.87754898396,20120.492830828356,1202060.8935083882,1251366.6215101315,-49305.72800174332
3501,3500.0,14,3500.0,11,2750.0,750.0,False,True,0.004598406114400211,0.0,True,0.0,0.7659338168932326,0.7491847492838095,0.016749067609423074,0.2842840240288351,0.2803492389547404,0.0039347850740947266,569603.2374601858,561719.3392194352,7883.898240750539,221146.06299289767,258766.53914985285,-37620.47615695518
3518,3500.0,14,3500.0,11,2750.0,750.0,False,True,0.005109359685219972,0.0,True,0.0,0.9780467964766316,0.9604011353362512,0.017645661140380464,0.2686142000163078,0.26300868808446526,0.005605511931842555,473175.38522684056,463301.03656030615,9874.34866653441,2471424.6683875252,2504809.975765583,-33385.307378057856
3526,3500.0,14,3500.0,20,5000.0,-1500.0,True,False,0.009523102104209369,0.0,True,0.0,0.738495852391253,0.7982283460664518,-0.05973249367519873,0.2815485836168908,0.26238395129193315,0.01916463232495763,837042.7000656226,780066.3325024471,56976.3675631755,478356.4924681588,285404.09904925036,192952.3934189084
3535,3500.0,14,3500.0,14,3500.0,0.0,False,False,0.008617654798768193,0.0,True,0.0,0.9538800189260799,0.9538800189260799,0.0,0.25916672367829796,0.25916672367829796,0.0,492944.9574306962,492944.9574306962,0.0,2362644.673901705,2362644.673901705,0.0
3545,3500.0,14,3500.0,19,4750.0,-1250.0,True,False,0.006407294285424747,0.0,True,0.0,0.9119033579903806,0.957158608110374,-0.04525525011999343,0.2838714030737475,0.2705323837549111,0.013339019318836354,762407.9033528017,726582.6189404281,35825.284412373556,3363213.1445545643,3225190.7358035403,138022.40875102393
3554,3500.0,14,3500.0,24,6000.0,-2500.0,True,False,0.0051975026949827585,0.0,True,0.0,0.838270333939998,0.9218436323206389,-0.08357329838064098,0.28451628672703105,0.2615134004393478,0.023002886287683266,935885.206840279,860219.7282874599,75665.47855281911,2648732.352187964,2343702.527032505,305029.82515545934
3559,3500.0,14,3500.0,9,2250.0,1250.0,False,True,0.00916550481818601,0.0,True,0.0,0.9943409492250023,0.9806816285489163,0.013659320676085995,0.36670652991702085,0.33954717023146547,0.027159359685555384,507779.8110162682,470172.1509302184,37607.660086049815,3499078.014877486,3518624.1695731934,-19546.154695707373
3563,3500.0,14,3500.0,27,6750.0,-3250.0,True,False,0.007472122718469643,0.0,True,0.0,0.8114057552502145,0.9329177068000997,-0.12151195154988514,0.27587739744144335,0.23455406577935636,0.04132333166208699,1059288.767379621,900619.2226241739,158669.5447554472,2928511.36099709,2440970.7812543493,487540.57974274084
3567,3500.0,14,3500.0,28,7000.0,-3500.0,True,False,0.006223574045994051,0.0,True,0.0,0.714669758525472,0.811372247344409,-0.09670248881893706,0.2849673583198363,0.2615812221837497,0.023386136136086588,1294779.6507630735,1188522.2416425704,106257.40912050311,1480916.7386764889,1009427.6479567897,471489.09071969916
3568,3500.0,14,3500.0,19,4750.0,-1250.0,True,False,0.0018293910380734468,0.0,True,0.0,0.8198940431268653,0.8593138802224067,-0.03941983709554142,0.27199470845239543,0.26221895073407203,0.009775757718323397,802640.3625404187,773792.6773637945,28847.685176624218,1327837.4379628757,1198977.0201541414,128860.41780873435
3580,3500.0,14,3500.0,19,4750.0,-1250.0,True,False,0.003629711594173024,0.0,True,0.0,0.8797105988830346,0.9346277051714671,-0.05491710628843249,0.25871153323625556,0.24176160264909538,0.016949930587160184,658323.3300090613,615192.1459911778,43131.1840178835,1955770.6886178628,1806340.8683901434,149429.82022771938
3585,3500.0,14,3500.0,17,4250.0,-750.0,True,False,0.009755994458142347,0.0,True,0.0,0.8124744834446788,0.8317225766122491,-0.019248093167570368,0.27957099366023863,0.2775217074722034,0.0020492861880352375,778686.3316234488,772978.475013163,5707.8566102857,1303113.948724209,1246276.7172651207,56837.23145908839
3586,3500.0,14,3500.0,17,4250.0,-750.0,True,False,0.009869087247464159,0.0,True,0.0,0.9234480607148324,0.9497202117007133,-0.02627215098588087,0.2688496675439391,0.2641326076848371,0.00471705985910198,581844.788314073,571636.1214399158,10208.666874157148,2134790.3833672106,2072952.0848373561,61838.29852985451
3599,3500.0,14,3500.0,10,2500.0,1000.0,False,True,0.006693620436996617,0.0,True,0.0,0.9019767110960099,0.8744850775545131,0.02749163354149675,0.3028437311662349,0.2952511945634298,0.007592536602805122,487664.9067506344,475438.7542060559,12226.152544578537,1263357.2340000842,1309054.5909331008,-45697.35693301656
3603,3500.0,14,3500.0,17,4250.0,-750.0,True,False,0.005804619429640612,0.0,True,0.0,0.6381815791178165,0.6517969681426823,-0.01361538902486581,0.3336676220852414,0.3330561544478188,0.0006114676374226469,1166665.3953607003,1164527.405080116,2137.990280584432,970700.4666898767,920552.8508693543,50147.61582052242
3616,3500.0,14,3500.0,17,4250.0,-750.0,True,False,0.00875265513350798,0.0,True,0.0,0.912946024995428,0.9433941397678326,-0.03044811477240461,0.23776122327353613,0.2301101869938,0.007651036279736123,583439.745561169,564664.9487340475,18774.79682712152,2119828.142373529,2036644.8574675622,83183.2849059666
3617,3500.0,14,3500.0,21,5250.0,-1750.0,True,False,0.006841094558456606,0.0,True,0.0,0.8462070733446303,0.9347133531665652,-0.08850627982193493,0.2748259593457084,0.2418892415752161,0.03293671777049231,725865.278357941,638873.4240600668,86991.85429787415,2253526.8168760045,1999371.9251097217,254154.89176628273
3620,3500.0,14,3500.0,26,6500.0,-3000.0,True,False,0.006258792798406798,0.0,True,0.0,0.805218876120903,0.9066455687124889,-0.10142669259158588,0.2767972354140471,0.24564317134670371,0.03115406406734339,1104255.3836492891,979969.3050059873,124286.07864330185,2622451.92379111,2174339.197502915,448112.72628819523
3626,3500.0,14,3500.0,14,3500.0,0.0,False,False,0.006335833406131419,0.0,True,0.0,0.9601919977516001,0.9601919977516001,0.0,0.32000593353650697,0.32000593353650697,0.0,632383.4032709446,632383.4032709446,0.0,3348944.786697592,3348944.786697592,0.0
3630,3500.0,14,3500.0,18,4500.0,-1000.0,True,False,0.008506918372565564,0.0,True,0.0,0.9138580121012863,0.9486406943491397,-0.034782682247853414,0.2825957531291475,0.273736603015652,0.008859150113495473,729515.6955161471,706645.9638051576,22869.731710989494,2962097.251330216,2868231.1087371786,93866.14259303734
3631,3500.0,14,3500.0,10,2500.0,1000.0,False,True,0.0033031300105313965,0.0,True,0.0,0.9811018298238633,0.956663068251391,0.024438761572472267,0.28305756569356294,0.26947322458973233,0.01358434110383061,383250.2733865778,364857.53963624296,18392.733750334824,1891005.2590702572,1927037.656523171,-36032.39745291392
3635,3500.0,14,3500.0,16,4000.0,-500.0,True,False,0.001493241047445637,0.0,True,0.0,0.9015616418745328,0.9210405333238636,-0.019478891449330793,0.23002296950653361,0.22706403549151985,0.0029589340150137644,497394.6644528658,490996.3556461701,6398.308806695684,1047285.6136860622,1002486.769858594,44798.84382746811
3641,3500.0,14,3500.0,10,2500.0,1000.0,False,True,0.008432430329568641,0.0,True,0.0,0.8645356658542488,0.8385887375427922,0.02594692831145662,0.26641068714831595,0.25728066144099115,0.009130025707324796,425905.6773652481,411309.67964134493,14595.997723903158,397543.2290779997,440339.0854126456,-42795.85633464588
3651,3500.0,14,3500.0,26,6500.0,-3000.0,True,False,0.0032759650034059895,0.0,True,0.0,0.649715834530208,0.7231576680085474,-0.07344183347833944,0.2994109288606823,0.2876579270649575,0.011753001795724805,1351532.2632258516,1298479.5534362746,53052.70978957694,771065.6671330114,397044.7213371204,374020.945795891
3652,3500.0,14,3500.0,16,4000.0,-500.0,True,False,0.00495976252345498,0.0,True,0.0,0.9444503719637475,0.960927730217508,-0.01647735825376051,0.2546904993085689,0.2518655191344692,0.0028249801740997116,595104.7279839928,588503.9357964877,6600.792187505052,2924324.342182408,2881150.455437883,43173.88674452528
3654,3500.0,14,3500.0,11,2750.0,750.0,False,True,0.005843955817062985,0.0,True,0.0,0.949756492496272,0.9311717911026288,0.01858470139364321,0.2427892820806483,0.23243953600220538,0.010349746078442912,347287.222914717,332482.8850022181,14804.337912498857,734628.0805133423,764813.5158932031,-30185.435379860806
3661,3500.0,14,3500.0,11,2750.0,750.0,False,True,0.0027821842454468504,0.0,True,0.0,0.9752234028118518,0.958822655804226,0.016400747007625838,0.2791598224636194,0.2685813114179873,0.010578511045632122,398202.0370581205,383112.52807993826,15089.508978182217,1753968.2234638394,1779737.1718763926,-25768.948412553174
3668,3500.0,14,3500.0,15,3750.0,-250.0,True,False,0.008640101470937966,0.0,True,0.0,0.927729181442205,0.9363615223280125,-0.008632340885807555,0.22778880561914566,0.22700580976530502,0.0007829958538406456,492183.0632927824,490491.2448698298,1691.8184229526087,1427557.1774441705,1406375.8137604701,21181.36368370033
3670,3500.0,14,3500.0,10,2500.0,1000.0,False,True,0.00492397146331458,0.0,True,0.0,0.5443569445160811,0.519580807426688,0.02477613708939308,0.33343563904145473,0.3320980789793763,0.0013375600620784134,1192962.874873687,1188177.365137654,4785.5097360331565,93129.92801858843,185933.88446029718,-92803.95644170875
3671,3500.0,14,3500.0,19,4750.0,-1250.0,True,False,0.0032393613046212133,0.0,True,0.0,0.8670988785893703,0.9252625053150203,-0.05816362672565001,0.25251947723583973,0.23235323266408683,0.020166244571752895,659466.9449695656,606801.8125812927,52665.132388272905,1650612.0198590385,1479379.840447998,171232.17941104062
3683,3500.0,14,3500.0,20,5000.0,-1500.0,True,False,0.004133463748463573,0.0,True,0.0,0.8558114027490487,0.9083387238930437,-0.052527321143995054,0.27631895906406595,0.2623527479550876,0.013966211108978333,741158.3085420047,703697.3487970348,37460.95974496985,1743986.41225129,1595236.0284157903,148750.38383549964
3684,3500.0,14,3500.0,20,5000.0,-1500.0,True,False,0.0062435864130464536,0.0,True,0.0,0.8232426924036802,0.8910519023459926,-0.06780920994231243,0.25003046015970937,0.22742685375703964,0.02260360640266973,713301.6706693055,648816.7667104963,64484.90395880921,1032433.8873370443,813719.0451698847,218714.84216715966
3688,3500.0,14,3500.0,10,2500.0,1000.0,False,True,0.00948946622015745,0.0,True,0.0,0.7854037129747036,0.7632880630849003,0.0221156498898033,0.2949431606238418,0.28232408752929555,0.01261907309454624,436254.6021875884,417589.55261941627,18665.049568172137,92647.45925843323,127663.73159576296,-35016.272337329734
3692,3500.0,14,3500.0,22,5500.0,-2000.0,True,False,0.002172662456440433,0.0,True,0.0,0.8744069779966948,0.9467408409373218,-0.07233386294062705,0.2849813991731317,0.26184597097100815,0.023135428202123554,900839.8152367915,827707.6216006603,73132.19363613124,3398678.7739758207,3141207.13951684,257471.63445898052
3698,3500.0,14,3500.0,19,4750.0,-1250.0,True,False,0.004626604800797018,0.0,True,0.0,0.8975100047969987,0.9397466333889907,-0.042236628591991954,0.2542130044839063,0.24250984317748886,0.011703161306417464,715944.0869490982,682984.2895030492,32959.797446048935,2115295.2647571317,1990526.1616370045,124769.10312012723
3720,3500.0,14,3500.0,9,2250.0,1250.0,False,True,0.006601771426466563,0.0,True,0.0,0.9496148840629373,0.9206390673189506,0.028975816743986638,0.32180738375960927,0.3050778588076803,0.016729524951928976,476580.73049652134,451805.13607322524,24775.594423296105,1720383.4263667176,1766221.6800361779,-45838.253669460304
3725,3500.0,14,3500.0,9,2250.0,1250.0,False,True,0.005477172485154447,0.0,True,0.0,0.9958662859496649,0.9814978176846798,0.014368468264985057,0.42952898732446904,0.401549777864041,0.027979209460428034,560866.9474407007,524332.4776727268,36534.469767973875,3928820.4246948315,3949596.878745238,-20776.454050406348
3734,3500.0,14,3500.0,15,3750.0,-250.0,True,False,0.007591804192754847,0.0,True,0.0,0.7959280148946574,0.8030021558895697,-0.007074140994912326,0.2677001337820531,0.2672610294325534,0.0004391043494996749,661452.4638218656,660367.4936735581,1084.9701483075041,552219.1285257548,532739.2547966149,19479.873729139916
3750,3500.0,14,3500.0,17,4250.0,-750.0,True,False,0.008378509838292802,0.0,True,0.0,0.6019924506746555,0.617066383681478,-0.015073933006822582,0.30843306071224214,0.3079347750390832,0.0004982856731589602,1366894.175701101,1364685.9046976506,2208.2710034505,300163.221239406,229855.11436994202,70308.10686946395
3752,3500.0,14,3500.0,25,6250.0,-2750.0,True,False,0.00943352734319225,0.0,True,0.0,0.7646263161888551,0.8973894018325349,-0.13276308564367978,0.28843887571907745,0.24044382071239057,0.04799505500668688,869095.5419736376,724481.5809078747,144613.9610657629,1591127.045161318,1141967.4593709663,449159.58579035173
3754,3500.0,14,3500.0,16,4000.0,-500.0,True,False,0.009209161681627775,0.0,True,0.0,0.9229259873821114,0.9400944434509806,-0.017168456068869187,0.23510665826144944,0.23243304296523118,0.0026736152962182624,544151.0195400136,537962.9749305876,6188.044609426055,1656901.1218121895,1614065.4686514572,42835.65316073224
3755,3500.0,14,3500.0,23,5750.0,-2250.0,True,False,0.001808511673434765,0.0,True,0.0,0.7739230150521451,0.8879647803671187,-0.11404176531497356,0.2817230859457045,0.24369949470855887,0.03802359123714563,745383.844777933,644780.905073977,100602.93970395601,1251070.609602557,914066.1364815541,337004.4731210029
3773,3500.0,14,3500.0,12,3000.0,500.0,False,True,0.004883488821738613,0.0,True,0.0,0.6889901600508093,0.6784878938152967,0.010502266235512536,0.30816295089047113,0.30798250083752965,0.0001804500529414832,829661.998666436,829176.1759835008,485.82268293516245,442619.3544497986,473661.9367809973,-31042.582331198733
3779,3500.0,14,3500.0,9,2250.0,1250.0,False,True,0.006314453634791217,0.0,True,0.0,0.922421648299921,0.8913785732867776,0.031043075013143406,0.3327640054017722,0.31791290330001,0.014851102101762215,497938.48482081847,475715.72286811785,22222.761952700617,1646756.6829285293,1696977.4171599322,-50220.734231402865
3786,3500.0,14,3500.0,23,5750.0,-2250.0,True,False,0.007240607669051435,0.0,True,0.0,0.7831275300938688,0.9016978724349144,-0.11857034234104558,0.27910242928376133,0.23478901612087982,0.04431341316288151,823819.4329833647,693020.6756988589,130798.75728450576,1812003.9402384053,1414587.9061886743,397416.034049731
3789,3500.0,14,3500.0,10,2500.0,1000.0,False,True,0.00515406400833196,0.0,True,0.0,0.9877101215582197,0.9688719930045964,0.018838128553623323,0.3198763575018025,0.305447585317145,0.01442877218465749,475295.38581835513,453856.074404559,21439.311413796153,3143513.340406728,3175151.3794206334,-31638.03901390545
3794,3500.0,14,3500.0,8,2000.0,1500.0,False,True,0.005017948301203168,0.0,True,0.0,0.9981715891082281,0.9840772511992352,0.014094337908992949,0.4046152011523003,0.36560183027472776,0.03901337087757256,499921.9107272105,451718.97900966473,48202.93171754578,3960064.825861648,3978065.3097039475,-18000.48384229932
3800,3500.0,14,3500.0,20,5000.0,-1500.0,True,False,0.008022043164823578,0.0,True,0.0,0.8555763211310927,0.9277335531611295,-0.07215723203003677,0.26126543083466414,0.2364119223264287,0.02485350850823545,650530.8269165565,588647.5023986963,61883.324517860194,1643495.4856199669,1450198.533383897,193296.95223606983
3809,3500.0,14,3500.0,13,3250.0,250.0,False,True,0.0016331049638231843,0.0,True,0.0,0.9395291180920997,0.9324107412860468,0.007118376806052873,0.23674772855877868,0.23489903894446965,0.0018486896143090348,397005.66850915,393905.57432593394,3100.094183216046,928131.3330181992,941114.987430554,-12983.654412354808
3811,3500.0,14,3500.0,11,2750.0,750.0,False,True,0.009211527741290748,0.0,True,0.0,0.9520571019150417,0.9346958492827844,0.017361252632257296,0.2822447409377991,0.27355920144706847,0.008685539490730643,452612.26124131685,438683.9887217353,13928.272519581544,1471448.3692434693,1503072.868717406,-31624.499473936623
3814,3500.0,14,3500.0,10,2500.0,1000.0,False,True,0.007516227382480034,0.0,True,0.0,0.9644682022132501,0.9428864116362812,0.021581790576968962,0.27611629952115085,0.2616553210255081,0.014460978495642762,408528.6771867568,387132.8942290089,21395.782957747928,1342534.78368482,1378442.802327097,-35908.01864227699
3828,3500.0,14,3500.0,20,5000.0,-1500.0,True,False,0.006985328420481163,0.0,True,0.0,0.848265231696952,0.9242967933258319,-0.07603156162887992,0.2579959013157547,0.2276455955103202,0.03035030580543452,741081.554033717,653901.6737449891,87179.88028872793,1937990.905323702,1695292.378498825,242698.5268248769
3829,3500.0,14,3500.0,17,4250.0,-750.0,True,False,0.005802284663587232,0.0,True,0.0,0.9128351685540501,0.9434821589939573,-0.03064699043990715,0.2413905764901998,0.23290209602324147,0.008488480466958326,598069.8688278294,577038.7893497642,21031.079478065134,2057011.7095947135,1973359.234963337,83652.47463137656
3833,3500.0,14,3500.0,8,2000.0,1500.0,False,True,0.00549966740672958,0.0,True,0.0,0.9962853952412439,0.9833400137677085,0.012945381473535411,0.39448897560263296,0.35797556585194584,0.03651340975068712,522959.7446279121,474555.2400164879,48404.50461142423,3470712.6383969826,3488645.5077547124,-17932.869357729796
3842,3500.0,14,3500.0,10,2500.0,1000.0,False,True,0.008295324332226017,0.0,True,0.0,0.9843399790081677,0.9641463619977579,0.02019361701040978,0.29477378606338467,0.2795293434272266,0.015244442636158095,415577.4567600113,394085.5636542376,21491.89310577372,2226748.9982776027,2257801.5241180756,-31052.525840472896
3849,3500.0,14,3500.0,18,4500.0,-1000.0,True,False,0.00854875173316838,0.0,True,0.0,0.8888924738835235,0.9297670539461318,-0.040874580062608246,0.2591371742500773,0.2490975366894813,0.010039637560596004,596021.5796078285,572930.1777089181,23091.401898910408,1625090.7547308658,1525128.3227168596,99962.43201400619
3853,3500.0,14,3500.0,20,5000.0,-1500.0,True,False,0.009094484886284171,0.0,True,0.0,0.8547055432574587,0.9359908091857044,-0.0812852659282457,0.27940452550682304,0.24746151369796016,0.03194301180886289,712168.8383101266,630749.907923156,81418.93038697052,2569096.4034136003,2334335.10582038,234761.29759322014
3857,3500.0,14,3500.0,17,4250.0,-750.0,True,False,0.008055830429820054,0.0,True,0.0,0.9413277616334973,0.9665492009548519,-0.025221439321354566,0.2977251471956759,0.29330186171069994,0.004423285484975947,670900.1354807628,660932.6105367242,9967.524944038596,3540121.853620275,3478847.883747668,61273.96987260692
3860,3500.0,14,3500.0,15,3750.0,-250.0,True,False,0.007767223640245624,0.0,True,0.0,0.9165835843871354,0.9254859213340303,-0.008902336946894907,0.23691609455537402,0.23566654597146589,0.0012495485839081333,516868.96590860374,514142.8831339014,2726.082774702343,1292697.1112717567,1271370.9233561247,21326.187915632036
3862,3500.0,14,3500.0,11,2750.0,750.0,False,True,0.008629245762762361,0.0,True,0.0,0.9882213960765225,0.9761217739944884,0.012099622082034078,0.3616898034823333,0.35251379417315765,0.00917600930917567,613071.4112557813,597517.8929572006,15553.51829858066,4107166.973230392,4130388.5185014624,-23221.54527107021
3864,3500.0,14,3500.0,11,2750.0,750.0,False,True,0.00373217356078559,0.0,True,0.0,0.9602079073850945,0.9392913362803473,0.020916571104747206,0.2682898240329275,0.26224371121157725,0.006046112821350258,415700.08826529345,406331.97435133165,9368.113913961803,1413596.3611558334,1447313.6564227752,-33717.29526694189
3866,3500.0,14,3500.0,20,5000.0,-1500.0,True,False,0.009160042404537605,0.0,True,0.0,0.8640790930719467,0.9305922295466387,-0.06651313647469193,0.24981630991524767,0.22660918277709888,0.023207127138148792,693633.0576813285,629196.7902402851,64436.2674410434,1708902.7287153576,1517187.8977399594,191714.8309753982
3872,3500.0,14,3500.0,9,2250.0,1250.0,False,True,0.006637990580601771,0.0,True,0.0,0.935677994652731,0.9052024970413224,0.030475497611408664,0.32901298245917143,0.3148620658422351,0.014150916616936349,503210.1175525957,481566.9460246479,21643.171527947765,1767017.1035605152,1817065.4478023713,-50048.34424185613
3882,3500.0,14,3500.0,9,2250.0,1250.0,False,True,0.0030887998439091957,0.0,True,0.0,0.9894936040723883,0.9691575719060858,0.02033603216630253,0.3135148348367802,0.29111976541132495,0.022395069425455272,443437.93514205905,411762.1665981015,31675.768543957558,2814489.4873880814,2846771.248017758,-32281.760629676748
3898,3500.0,14,3500.0,19,4750.0,-1250.0,True,False,0.00971512410781683,0.0,True,0.0,0.6874362358524839,0.7118347027901307,-0.0243984669376468,0.30091054759652913,0.2990563497263542,0.001854197870174934,1088175.277006647,1081469.987686885,6705.289319762029,849108.581212943,756102.7984428459,93005.78277009702
3899,3500.0,14,3500.0,15,3750.0,-250.0,True,False,0.006188976544600822,0.0,True,0.0,0.9070882006063514,0.9141360765846788,-0.007047875978327345,0.2735764919621311,0.27323342801180517,0.00034306395032590586,630554.0203375786,629763.3078331547,790.7125044239219,1884651.689632651,1867041.0418852167,17610.64774743421
3901,3500.0,14,3500.0,23,5750.0,-2250.0,True,False,0.008678464774137584,0.0,True,0.0,0.7950371989739031,0.9021922573748993,-0.10715505840099615,0.278081473588836,0.24209580776079945,0.035985665828036556,729684.1818268818,635258.0023754198,94426.179451462,1246994.5711703883,947859.205096946,299135.3660734423
3911,3500.0,14,3500.0,24,6000.0,-2500.0,True,False,0.008067308869220358,0.0,True,0.0,0.8340699847718246,0.9303868323586018,-0.09631684758677717,0.2711809873408538,0.23919887261076753,0.03198211473008625,920570.9251122056,812002.0861503719,108568.83896183362,2512991.239022843,2168352.2804385955,344638.9585842476
3915,3500.0,14,3500.0,13,3250.0,250.0,False,True,0.007872676675115042,0.0,True,0.0,0.9427416254636652,0.9357026485750181,0.007038976888647186,0.27073896719299423,0.2701619016988875,0.0005770654941067432,545816.3519130851,544652.9738221,1163.3780909851193,1916226.5703587104,1931117.5178525008,-14890.947493790416
3918,3500.0,14,3500.0,14,3500.0,0.0,False,False,0.0069947024479167785,0.0,True,0.0,0.950042441519797,0.950042441519797,0.0,0.24954410391098908,0.24954410391098908,0.0,414521.134686079,414521.134686079,0.0,1701785.3991459692,1701785.3991459692,0.0
3921,3500.0,14,3500.0,20,5000.0,-1500.0,True,False,0.002740026769938231,0.0,True,0.0,0.8391602744871208,0.892891315206944,-0.05373104071982315,0.2794239234006937,0.26501539044688033,0.014408532953813391,771598.256595384,731810.6866122766,39787.56998310739,1670196.6482437947,1502814.1294735833,167382.51877021138
3927,3500.0,14,3500.0,19,4750.0,-1250.0,True,False,0.007320868914042378,0.0,True,0.0,0.8366542968840698,0.9021362558746568,-0.06548195899058706,0.25383096132312133,0.23055513205264871,0.023275829270472614,640929.559608528,582157.5054584561,58772.05415007193,1284096.0266244113,1107286.45801798,176809.56860643136
3928,3500.0,14,3500.0,7,1750.0,1750.0,False,True,0.0049472686532962,0.0,True,0.0,0.9992057187796741,0.9790226126816537,0.02018310609802043,0.4573617292527532,0.41519134109381695,0.042170388158936256,560505.3768974795,508824.77531423,51680.60158324952,4268800.9996242495,4296189.835761376,-27388.8361371262
3945,3500.0,14,3500.0,20,5000.0,-1500.0,True,False,0.003807315368858366,0.0,True,0.0,0.8953188256039097,0.9486501047505458,-0.053331279146636046,0.2927329894928501,0.2776552464290024,0.015077743063847682,814150.6936338805,772216.3868954019,41934.3067384786,3322083.246664162,3157559.468768629,164523.777895533
3948,3500.0,14,3500.0,14,3500.0,0.0,False,False,0.009311810144633559,0.0,True,0.0,0.8453287007255315,0.8453287007255315,0.0,0.25729005161192225,0.25729005161192225,0.0,500662.87507804274,500662.87507804274,0.0,487509.7401291551,487509.7401291551,0.0
3950,3500.0,14,3500.0,19,4750.0,-1250.0,True,False,0.003242443081068358,0.0,True,0.0,0.8009057941484491,0.8507139302779172,-0.049808136129468106,0.27160539495222846,0.2568181780301107,0.014787216922117763,723092.2629345881,683724.4066790103,39367.85625557788,856826.0633820608,719612.7790473665,137213.28433469438
3955,3500.0,14,3500.0,13,3250.0,250.0,False,True,0.004860797767983649,0.0,True,0.0,0.7775835595712424,0.771768230767781,0.0058153288034613615,0.3142765139766665,0.31396128652229577,0.00031522745437073674,801334.6367220855,800530.8774005992,803.7593214863446,1557382.1000308748,1572986.3593788734,-15604.259347998537
3968,3500.0,14,3500.0,27,6750.0,-3250.0,True,False,0.0043590535205939585,0.0,True,0.0,0.6853584866733138,0.7965079236739977,-0.11114943700068391,0.2909422113750155,0.26050462840724364,0.03043758296777188,1166672.3806780877,1044618.2888525293,122054.09182555845,916111.6175861086,445489.4490101293,470622.1685759793
3970,3500.0,14,3500.0,17,4250.0,-750.0,True,False,0.005775997650371623,0.0,True,0.0,0.934964809775207,0.9600271199090176,-0.02506231013381055,0.27109183824505473,0.26539361146337015,0.005698226781684579,674007.7065537594,659840.3720098302,14167.334543929202,3114276.919524236,3048538.0796062625,65738.83991797362
3975,3500.0,14,3500.0,8,2000.0,1500.0,False,True,0.006186757821864841,0.0,True,0.0,0.9903897386962854,0.969454676496261,0.02093506220002439,0.3836941382149655,0.35303939660755695,0.030654741607408553,517652.05991400033,476294.9252623469,41357.13465165341,2856334.9811071483,2886128.250498011,-29793.269390862435
3979,3500.0,14,3500.0,16,4000.0,-500.0,True,False,0.004860957073810956,0.0,True,0.0,0.9342580988930334,0.9521635784717538,-0.017905479578720462,0.2899459504505052,0.2855429171429036,0.0044030333076016115,662256.1950893316,652199.368702851,10056.826386480592,2984500.9529449316,2940902.6601840677,43598.2927608639
3997,3500.0,14,3500.0,12,3000.0,500.0,False,True,0.004270518409942414,0.0,True,0.0,0.9848758788803041,0.9774898030945486,0.007386075785755564,0.31596456688326935,0.3105300576465509,0.005434509236718454,607848.3801597729,597393.5444511757,10454.83570859721,4065592.8810442314,4081542.255694367,-15949.374650135636
4001,3500.0,14,3500.0,11,2750.0,750.0,False,True,0.0062592109217711744,0.0,True,0.0,0.9845632590360737,0.9713789552389345,0.013184303797139196,0.3279406908087357,0.3168880928204327,0.011052597988303048,490729.4786568764,474190.403755167,16539.07490170945,2908481.1924527986,2929927.405792918,-21446.21334011946
4011,3500.0,14,3500.0,8,2000.0,1500.0,False,True,0.009295828731565758,0.0,True,0.0,0.548797426585829,0.52307040918145,0.025727017404378993,0.33893423237767734,0.33577236143115347,0.0031618709465238704,1337169.172412141,1324694.9046842176,12474.267727923347,294650.7705913306,401787.2787102577,-107136.50811892713
4023,3500.0,14,3500.0,24,6000.0,-2500.0,True,False,0.004262707477688421,0.0,True,0.0,0.8414261786866963,0.9275764401556822,-0.08615026146898586,0.2815757846399538,0.2567588250566024,0.024816959583351395,944398.1104369806,861162.651225612,83235.45921136858,2786627.3817753606,2487552.802046216,299074.57972914446
4035,3500.0,14,3500.0,11,2750.0,750.0,False,True,0.006593894831073643,0.0,True,0.0,0.7235511849673866,0.7079486469577926,0.015602538009593991,0.31770020601239835,0.31402608799218573,0.0036741180202126134,720119.8904026262,711791.8962245595,8327.994178066729,802344.9913275584,840747.0240990368,-38402.03277147841
4038,3500.0,14,3500.0,20,5000.0,-1500.0,True,False,0.0010732590049647994,0.0,True,0.0,0.8401074977528019,0.8931149994178953,-0.05300750166509338,0.27451404206121216,0.25991949890625377,0.014594543154958395,766651.003320064,725891.9912537454,40759.01206631865,1544183.3440739126,1381300.6797212926,162882.66435262002
4053,3500.0,14,3500.0,19,4750.0,-1250.0,True,False,0.00694372052227521,0.0,True,0.0,0.8989738160810345,0.946068531705355,-0.04709471562432044,0.2785430930635643,0.2661614216232399,0.012381671440324371,697190.7222698411,666199.5159920474,30991.20627779374,2587264.3468804965,2458766.225620154,128498.12126034265
4054,3500.0,14,3500.0,26,6500.0,-3000.0,True,False,0.006968567055678054,0.0,True,0.0,0.7385803010915,0.838022934593585,-0.09944263350208504,0.28640416602370783,0.25926622551015704,0.027137940513550785,1107332.2185750103,1002408.0608938008,104924.1576812095,1461072.2339863153,1049272.1712947846,411800.0626915307
4059,3500.0,14,3500.0,9,2250.0,1250.0,False,True,0.0030994438935025848,0.0,True,0.0,0.9962660343497938,0.9849841023167853,0.011281932033008424,0.4053430790756782,0.3761726316772476,0.029170447398430555,547738.6990416765,508320.77449017094,39417.92455150554,3986121.9455220774,4003069.6954354495,-16947.7499133721
4074,3500.0,14,3500.0,8,2000.0,1500.0,False,True,0.0010520568247311957,0.0,True,0.0,0.910440865656663,0.8715922415781883,0.03884862407847478,0.3445805457968696,0.32613667897048015,0.018443866826389432,502445.4617062551,475551.78678388486,26893.674922370235,1622985.8655295933,1685276.4705718346,-62290.60504224128
4092,3500.0,14,3500.0,9,2250.0,1250.0,False,True,0.004925436542710382,0.0,True,0.0,0.8530880485901509,0.8226669488453825,0.030421099744768365,0.29406427600538476,0.2822689330930709,0.011795342912313878,492526.8352386478,472770.8723788471,19755.962859800726,771260.5108572831,824056.3372353262,-52795.82637804304
4094,3500.0,14,3500.0,17,4250.0,-750.0,True,False,0.007207828334757638,0.0,True,0.0,0.9322419701376858,0.9612533791318608,-0.02901140899417498,0.28207709486288585,0.2730460616941302,0.009031033168755642,692264.2033976363,670100.54283716,22163.660560476244,3418891.519719865,3341723.5152341984,77168.00448566675
4099,3500.0,14,3500.0,21,5250.0,-1750.0,True,False,0.004318215234629164,0.0,True,0.0,0.8375591595901594,0.9191474329523546,-0.08158827336219521,0.26588977032234967,0.23638248439812148,0.029507285924228188,710145.7878227334,631336.9085500647,78808.87927266874,1496301.3957128604,1248823.2888397255,247478.10687313485
4105,3500.0,14,3500.0,15,3750.0,-250.0,True,False,0.005915130041945993,0.0,True,0.0,0.8680886241549157,0.8797536615294052,-0.011665037374489429,0.24720111094325128,0.24453893644212105,0.002662174501130238,469977.3426712441,464916.0316884809,5061.310982763185,562004.115287996,538433.2329531629,23570.88233483315
4112,3500.0,14,3500.0,32,8000.0,-4500.0,True,False,0.0032497047175847893,0.0,True,0.0,0.7310334090719921,0.8920921110207262,-0.16105870194873406,0.27982409068806935,0.2270187500869905,0.05280534060107886,1280765.8990945867,1039073.772567397,241692.12652718974,2108873.394288235,1283954.6156557465,824918.7786324883
4118,3500.0,14,3500.0,22,5500.0,-2000.0,True,False,0.0021699066878395623,0.0,True,0.0,0.6799731060647063,0.7300441289280795,-0.05007102286337317,0.2935761695586308,0.28371996119314286,0.00985620836548795,1200106.5683831102,1159815.4902054847,40291.078177625546,646662.0733320961,427058.4317838014,219603.6415482947
4120,3500.0,14,3500.0,10,2500.0,1000.0,False,True,0.003467738170979562,0.0,True,0.0,0.9786214122047778,0.9555604937921974,0.0230609184125804,0.28332668043252296,0.26962931009068275,0.01369737034184021,393460.631011802,374438.8573840044,19021.773627797607,1756100.1458607782,1792472.0540347376,-36371.90817395947
4148,3500.0,14,3500.0,19,4750.0,-1250.0,True,False,0.006172167183100763,0.0,True,0.0,0.9152713796250352,0.9595886111421539,-0.04431723151711864,0.28377897720459666,0.2705007465260244,0.013278230678572256,775682.2576488608,739387.5044159195,36294.753232941264,3568015.0867969487,3436698.194387343,131316.8924096059
4153,3500.0,14,3500.0,14,3500.0,0.0,False,False,0.004893644579959777,0.0,True,0.0,0.8223160877928427,0.8223160877928427,0.0,0.2734273243353349,0.2734273243353349,0.0,677064.6189364758,677064.6189364758,0.0,948971.1851530448,948971.1851530448,0.0
4154,3500.0,14,3500.0,10,2500.0,1000.0,False,True,0.009609582234424208,0.0,True,0.0,0.9864705165708485,0.967654373713407,0.018816142857441487,0.321834046296538,0.30775562221163444,0.014078424084903562,480154.11761516164,459150.0834811521,21004.034134009562,2872504.3652705,2902520.2070407793,-30015.84177027922
4174,3500.0,14,3500.0,12,3000.0,500.0,False,True,0.0017856213382687613,0.0,True,0.0,0.8692480928702928,0.8572369489605303,0.012011143909762545,0.2955962042297581,0.29376264250941364,0.0018335617203444343,633535.317550164,629605.5441291111,3929.7734210528433,1579488.2090117603,1608628.7946232962,-29140.585611535935
4176,3500.0,14,3500.0,22,5500.0,-2000.0,True,False,0.005376636357996567,0.0,True,0.0,0.7027183411187082,0.7854371168399015,-0.08271877572119324,0.2914705805375925,0.2663387075352285,0.025131873002364025,878400.3711787497,802660.8350204974,75739.53615825227,523789.58955329156,254498.38940825043,269291.2001450411
4181,3500.0,14,3500.0,11,2750.0,750.0,False,True,0.006182115190692783,0.0,True,0.0,0.9870286251215351,0.9723531547876169,0.01467547033391825,0.36920683594172277,0.36121137467877573,0.007995461262947035,592899.6813130828,580059.977458031,12839.703855051775,3909847.9721116363,3935353.7528482047,-25505.780736568384
4192,3500.0,14,3500.0,31,7750.0,-4250.0,True,False,0.005888942759577409,0.0,True,0.0,0.7069123506976693,0.8810982838198732,-0.17418593312220387,0.2916548192508319,0.2301799594572493,0.06147485979358261,1233282.5859357126,973331.887191863,259950.69874384953,1923973.931567619,1152183.4515708028,771790.4799968163
4209,3500.0,14,3500.0,10,2500.0,1000.0,False,True,0.006514174426298425,0.0,True,0.0,0.9880109222100816,0.969630681222159,0.01838024098792257,0.3390923623692608,0.32678685817148195,0.012305504197778872,548953.4286232848,529032.1638884784,19921.264734806377,3437750.583828943,3469391.937638088,-31641.35380914528
4212,3500.0,14,3500.0,10,2500.0,1000.0,False,True,0.0042302108076429645,0.0,True,0.0,0.9879655287320082,0.9686778126852237,0.019287716046784475,0.3250810200017708,0.31055392033710977,0.014527099664661036,467115.18344460346,446240.9139325316,20874.269512071856,3028258.0793740833,3057313.123170452,-29055.043796368875
4215,3500.0,14,3500.0,14,3500.0,0.0,False,False,0.003790865069776772,0.0,True,0.0,0.9328523544338639,0.9328523544338639,0.0,0.26110456421872413,0.26110456421872413,0.0,555572.920958828,555572.920958828,0.0,1704826.844365043,1704826.844365043,0.0
4222,3500.0,14,3500.0,29,7250.0,-3750.0,True,False,0.003783533375529169,0.0,True,0.0,0.7484533899950554,0.8991193122645897,-0.15066592226953435,0.2810195785607676,0.23084164618499597,0.05017793237577162,1069463.841117015,878503.8924446191,190959.948672396,1827317.31998367,1222933.0883633168,604384.2316203532
4230,3500.0,14,3500.0,20,5000.0,-1500.0,True,False,0.007155663699316417,0.0,True,0.0,0.6623673208570127,0.7020469644623927,-0.03967964360538001,0.2994642443242242,0.2947790407640136,0.004685203560210571,1049724.6978590847,1033301.4554023809,16423.242456703796,437720.2141331396,288997.3180596718,148722.8960734678
4231,3500.0,14,3500.0,15,3750.0,-250.0,True,False,0.007695662074439391,0.0,True,0.0,0.9110761049208167,0.920273632719641,-0.009197527798824323,0.23963188860603316,0.23802028522231852,0.0016116033837146326,546159.4725074745,542486.3701542733,3673.1023532011313,1331332.655006681,1308257.2434178083,23075.411588872783
4245,3500.0,14,3500.0,12,3000.0,500.0,False,True,0.006311281774564637,0.0,True,0.0,0.983088308301874,0.9733137521972781,0.009774556104595877,0.3198193231190343,0.31590161869150646,0.003917704427527868,594826.7778880589,587540.3028914345,7286.474996624398,4043843.958839761,4064486.3636357607,-20642.40479599964
4246,3500.0,14,3500.0,9,2250.0,1250.0,False,True,0.003115196173789636,0.0,True,0.0,0.9968297198713096,0.9834040337016573,0.01342568616965234,0.4228590525461848,0.3946219832625101,0.0282370692836747,559387.4941385991,522033.5263488529,37353.96778974624,4460154.39124842,4479475.8520781165,-19321.460829696618
4247,3500.0,14,3500.0,9,2250.0,1250.0,False,True,0.007168788104351842,0.0,True,0.0,0.9908576229511411,0.9677729122533772,0.023084710697763855,0.30914067552921903,0.28824660257613494,0.020894072953084097,447965.49177891185,417688.5841876683,30276.907591243566,3247455.4152785633,3282215.6427063094,-34760.22742774617
4253,3500.0,14,3500.0,24,6000.0,-2500.0,True,False,0.004487099027222219,0.0,True,0.0,0.7475664364856849,0.8219289829435212,-0.07436254645783635,0.28617900803039187,0.2693356139893989,0.016843394040992943,1063637.9995306416,1001036.3640495182,62601.63548112335,1404953.553194996,1102601.233256986,302352.31993801007
4254,3500.0,14,3500.0,10,2500.0,1000.0,False,True,0.005906634382394027,0.0,True,0.0,0.9899476497391612,0.9765295243369931,0.013418125402168024,0.3342292427526134,0.31634679607439947,0.017882446678213926,503308.07562073955,476379.3133410603,26928.762279679242,3285157.472780329,3307231.3341484317,-22073.861368102487
4258,3500.0,14,3500.0,23,5750.0,-2250.0,True,False,0.00432663240902742,0.0,True,0.0,0.7000283516717777,0.745386918788493,-0.045358567116715265,0.2942522692922296,0.28649869088149127,0.0077535784107383154,1317195.8429026606,1282487.5931589636,34708.249743697,1229733.3350902766,1011797.528725669,217935.80636460753
4264,3500.0,14,3500.0,8,2000.0,1500.0,False,True,0.005931292742539229,0.0,True,0.0,0.6086681096360158,0.5736388681931679,0.035029241442847914,0.3253220518903273,0.32070011184591113,0.004621940044416184,921156.6018165194,908069.4761194596,13087.12569705979,160999.58589352312,273604.19066842605,-112604.60477490292
4273,3500.0,14,3500.0,20,5000.0,-1500.0,True,False,0.008489809774924417,0.0,True,0.0,0.8646641528186582,0.9197586570983495,-0.055094504279691314,0.2658143743404547,0.24860863216501516,0.01720574217543952,747817.3596320865,699412.3299339262,48405.029698160244,1788191.3805212756,1615007.610465305,173183.77005597064
4274,3500.0,14,3500.0,22,5500.0,-2000.0,True,False,0.0014056227095413654,0.0,True,0.0,0.7916013235487597,0.8589544275547267,-0.06735310400596706,0.27393794095867585,0.2540709901625843,0.019866950796091576,934074.5342049683,866332.136981753,67742.3972232152,1393521.4759083972,1151048.448067885,242473.02784051234
4279,3500.0,14,3500.0,13,3250.0,250.0,False,True,0.0020665644548819584,0.0,True,0.0,0.9477466492373081,0.9405386714176969,0.007207977819611244,0.27264884786806415,0.2721431937628661,0.000505654105198039,508414.6456127511,507471.740646502,942.9049662490725,1828738.2066563878,1843912.6771288964,-15174.470472508576
4281,3500.0,14,3500.0,17,4250.0,-750.0,True,False,0.009599995024670793,0.0,True,0.0,0.8454232828442418,0.8715829861456406,-0.026159703301398718,0.2588992225461322,0.25410595271507463,0.004793269831057545,621181.5309026106,609680.9529464329,11500.57795617776,891051.9099355872,825705.4086163777,65346.50131920946
4310,3500.0,14,3500.0,11,2750.0,750.0,False,True,0.0050634907199680335,0.0,True,0.0,0.9780913210378558,0.9591343374763048,0.018956983561550955,0.2698451705572855,0.2616143209087569,0.008230849648528604,400926.65306589904,388697.5403689473,12229.11269695172,2044181.7508898785,2073499.2089162464,-29317.458026367938
4315,3500.0,14,3500.0,10,2500.0,1000.0,False,True,0.004005690460642808,0.0,True,0.0,0.9837626883179924,0.9674135270543464,0.01634916126364605,0.28442696472760937,0.2682207775921495,0.01620618713545985,429007.23379033135,404563.09741975047,24444.136370580876,2141095.394500276,2166572.0704398956,-25476.67593961954
4324,3500.0,14,3500.0,11,2750.0,750.0,False,True,0.0031237549152589583,0.0,True,0.0,0.9872526370888275,0.971549489744034,0.0157031473447935,0.3101642614998312,0.2983389784462901,0.01182528305354108,443693.0193884729,426776.83595142065,16916.18343705224,3169658.8616152788,3192818.938728779,-23160.07711350033
4327,3500.0,14,3500.0,14,3500.0,0.0,False,False,0.006039153513701767,0.0,True,0.0,0.7327201100369949,0.7327201100369949,0.0,0.2876402387949079,0.2876402387949079,0.0,691899.7109341451,691899.7109341451,0.0,287551.22971785214,287551.22971785214,0.0
4334,3500.0,14,3500.0,9,2250.0,1250.0,False,True,0.0011207964499315715,0.0,True,0.0,0.9801242701243196,0.9539709052588039,0.02615336486551567,0.33379887153704474,0.31734204026201623,0.016456831275028505,505615.24612153287,480687.5860692711,24927.66005226178,2489607.9562386535,2533965.325092663,-44357.368854009546
4346,3500.0,14,3500.0,8,2000.0,1500.0,False,True,0.005013014207801647,0.0,True,0.0,0.9956835302942705,0.9758775570424505,0.019805973251819986,0.36969620693554855,0.3350940766423428,0.034602130293205746,465029.46391648485,421504.51072857436,43524.95318791049,3441966.804826444,3469759.2207462704,-27792.415919826366
4353,3500.0,14,3500.0,8,2000.0,1500.0,False,True,0.005684981511617226,0.0,True,0.0,0.9953540321896927,0.9744078603156824,0.020946171874010266,0.3844785423362029,0.3555417500418307,0.028936792294372182,525162.4586610859,485637.45189545676,39525.006765629165,3597753.9863333656,3628213.3416133584,-30459.3552799928
4359,3500.0,14,3500.0,14,3500.0,0.0,False,False,0.008392215471458186,0.0,True,0.0,0.9470681161425938,0.9470681161425938,0.0,0.23162259103200927,0.23162259103200927,0.0,466925.6776347564,466925.6776347564,0.0,1601006.3243607474,1601006.3243607474,0.0
4361,3500.0,14,3500.0,11,2750.0,750.0,False,True,0.00749564080249121,0.0,True,0.0,0.9863170575639307,0.9713669518142188,0.014950105749711895,0.30693069048024363,0.29704433577001155,0.009886354710232081,479007.740764205,463578.7185744327,15429.02218977228,3374905.54737617,3399954.022618354,-25048.47524218401
4369,3500.0,14,3500.0,12,3000.0,500.0,False,True,0.006796280576033209,0.0,True,0.0,0.9731941971508855,0.9626923190274329,0.010501878123452602,0.28066944762530277,0.2766960407278916,0.003973406897411158,528018.3127617176,520543.2148355347,7475.097926182905,2602102.3002259363,2622684.0344344755,-20581.73420853913
4381,3500.0,14,3500.0,20,5000.0,-1500.0,True,False,0.008446082032549596,0.0,True,0.0,0.8323556927181821,0.9034098851109532,-0.07105419239277111,0.26542838976677663,0.24090606654157332,0.024522323225203313,663484.2663591394,602186.4690557243,61297.79730341502,1119137.3501457644,917978.6715619205,201158.67858384387
4395,3500.0,14,3500.0,21,5250.0,-1750.0,True,False,0.00870618677786017,0.0,True,0.0,0.8811724825988104,0.9525051420836009,-0.0713326594847905,0.2745516310400718,0.25137328998897707,0.02317834105109473,761417.9643173598,697137.1396414277,64280.82467593218,2939529.7400627574,2719702.2807962443,219827.45926651312
4397,3500.0,14,3500.0,11,2750.0,750.0,False,True,0.0023500270517463617,0.0,True,0.0,0.9817829658925334,0.9696728884145353,0.012110077477998193,0.32663633945111537,0.31746927961468746,0.009167059836427904,570180.4725873523,554178.3384752865,16002.134112065774,3089908.1832378637,3111812.187696729,-21904.00445886515
4414,3500.0,14,3500.0,13,3250.0,250.0,False,True,0.004956730289814026,0.0,True,0.0,0.5566882797515723,0.5503273987011845,0.00636088105038779,0.3255654665332165,0.32543504355586206,0.00013042297735443853,1347267.763653332,1346728.0421807186,539.7214726132806,214575.9586113481,241958.8338071672,-27382.8751958191
4415,3500.0,14,3500.0,14,3500.0,0.0,False,False,0.008144574390777981,0.0,True,0.0,0.7459752926934178,0.7459752926934178,0.0,0.2694688582978201,0.2694688582978201,0.0,659420.8160717858,659420.8160717858,0.0,160264.87559258332,160264.87559258332,0.0
4434,3500.0,14,3500.0,10,2500.0,1000.0,False,True,0.002160548408489227,0.0,True,0.0,0.9820267802533329,0.962719657948903,0.01930712230442988,0.32630736968744184,0.3134548583849647,0.012852511302477165,502711.44138893916,482910.77158327465,19800.66980566451,2575016.1343506924,2607924.9023970887,-32908.76804639632
4435,3500.0,14,3500.0,12,3000.0,500.0,False,True,0.006043101568995235,0.0,True,0.0,0.9816081682373141,0.9714191245459664,0.010189043691347766,0.32329950548294817,0.3203965413753964,0.002902964107551753,647396.78511015,641583.6935382598,5813.091571890167,4129754.9982549157,4151923.07611811,-22168.077863194514
4439,3500.0,14,3500.0,8,2000.0,1500.0,False,True,0.005302036167175839,0.0,True,0.0,0.978983454434621,0.9493330836778915,0.029650370756729494,0.296264541086558,0.2676816162780589,0.028582924808499055,376245.9074524127,339946.56348510407,36299.34396730864,1337005.2961222392,1378354.0170561648,-41348.72093392559
4440,3500.0,14,3500.0,14,3500.0,0.0,False,False,0.00693179201105143,0.0,True,0.0,0.8845529762212846,0.8845529762212846,0.0,0.24279621851767355,0.24279621851767355,0.0,424799.1515388014,424799.1515388014,0.0,488664.08159859816,488664.08159859816,0.0
4445,3500.0,14,3500.0,8,2000.0,1500.0,False,True,0.006797665371314432,0.0,True,0.0,0.9929225219250056,0.9768303461263587,0.016092175798646968,0.3472851496222697,0.31166918880193073,0.035615960820338965,452701.5954510307,406274.6108695543,46426.98458147643,2576552.5658032605,2598185.819346657,-21633.25354339648
4462,3500.0,14,3500.0,16,4000.0,-500.0,True,False,0.003164099383835217,0.0,True,0.0,0.8205843456153583,0.8358096051332117,-0.015225259517853362,0.27510616253342196,0.272114919877705,0.0029912426557169858,734878.8932258066,726888.5193571877,7990.373868618975,1157193.850044007,1113018.5837307626,44175.266313244356
4477,3500.0,14,3500.0,13,3250.0,250.0,False,True,0.007533313654066842,0.0,True,0.0,0.7396611918328505,0.7344445999052864,0.005216591927564074,0.31825300992508326,0.3180117247033889,0.00024128522169436506,871467.0466206567,870806.3392181009,660.7074025558541,1388538.322197522,1404147.1738104182,-15608.851612896193
4479,3500.0,14,3500.0,19,4750.0,-1250.0,True,False,0.0056301444515142185,0.0,True,0.0,0.8215557528515389,0.8550475865585239,-0.03349183370698494,0.27450418722744346,0.2673208779888836,0.007183309238559865,889191.6852516988,865923.046211862,23268.639039836824,1665759.4270312905,1549525.534026733,116233.89300455758
4483,3500.0,14,3500.0,25,6250.0,-2750.0,True,False,0.003064824096324026,0.0,True,0.0,0.8366806368319407,0.9437413029458146,-0.10706066611387388,0.28281030291187575,0.24667069046796455,0.0361396124439112,908247.9469488941,792185.2417795601,116062.70516933396,2849924.632441385,2488767.810885225,361156.8215561602
4487,3500.0,14,3500.0,15,3750.0,-250.0,True,False,0.005984996373731177,0.0,True,0.0,0.9392116867021632,0.9489425994007992,-0.009730912698636018,0.26506883855280494,0.26411084706828863,0.0009579914845163073,471838.5235477821,470133.24091217166,1705.2826356104342,2252217.2214342672,2233059.0165895447,19158.204844722524
4510,3500.0,14,3500.0,3,750.0,2750.0,False,True,0.0023234543045244083,0.0,True,0.0,0.4477977122364504,0.4133179749715441,0.034479737264906274,0.3810785924241347,0.3621412161021604,0.018937376321974342,1179458.328075971,1120846.1502761699,58612.17779980111,35257.8407263397,151668.86338582143,-116411.02265948174
4512,3500.0,14,3500.0,34,8500.0,-5000.0,True,False,0.009856973597024754,0.0,True,0.0,0.6677905021880259,0.8516079503726814,-0.1838174481846555,0.30458913922362546,0.24785425401652222,0.056734885207103236,1279744.0554707497,1041370.0534735897,238374.00199716003,1579174.6073186942,704859.1655791502,874315.441739544
4519,3500.0,14,3500.0,20,5000.0,-1500.0,True,False,0.0028154595576715957,0.0,True,0.0,0.8242011576697024,0.898198678017402,-0.07399752034769969,0.25521645759744854,0.2291280200309837,0.02608843756646484,692861.1791985941,622036.335903181,70824.84329541307,1181227.0043152305,954125.3194282628,227101.68488696776
4520,3500.0,14,3500.0,21,5250.0,-1750.0,True,False,0.006032077307757566,0.0,True,0.0,0.8801091087832243,0.939601833282473,-0.059492724499248695,0.29336848384414055,0.27651274979585777,0.016855734048282778,831036.2583872011,783288.368183369,47747.89020383207,2944681.185332492,2763672.618189927,181008.5671425648
4524,3500.0,14,3500.0,10,2500.0,1000.0,False,True,0.0040501709137643616,0.0,True,0.0,0.9900533551378086,0.9739982653277919,0.016055089810016687,0.34557403607450765,0.32867096921341227,0.016903066861095384,494704.45938228903,470506.9743848398,24197.48499744921,3302554.7757860925,3327350.475512535,-24795.69972644234
4545,3500.0,14,3500.0,20,5000.0,-1500.0,True,False,0.002425037626891613,0.0,True,0.0,0.869262869503316,0.9332958564851072,-0.06403298698179116,0.26407297974089833,0.24227033038099782,0.021802649359900506,708379.478087173,649893.5648762198,58485.91321095312,1969948.0834087715,1776542.4209684571,193405.66244031442
4557,3500.0,14,3500.0,9,2250.0,1250.0,False,True,0.0015268017859120242,0.0,True,0.0,0.9792817243989261,0.9550186205653303,0.024263103833595867,0.2929799857203548,0.27254278077840194,0.020437204941952836,414164.9549781281,385274.33282914,28890.62214898807,1683627.8656480084,1721168.4839700798,-37540.61832207139
4559,3500.0,14,3500.0,8,2000.0,1500.0,False,True,0.003055655432411153,0.0,True,0.0,0.6345807243875714,0.6021607714387026,0.03241995294886879,0.3281915646312612,0.3249812303783979,0.0032103342528633227,855431.7798108942,847064.0390165802,8367.740794313955,309073.4957496264,402335.2603661871,-93261.76461656066
4561,3500.0,14,3500.0,17,4250.0,-750.0,True,False,0.008465554242010787,0.0,True,0.0,0.8857519217180878,0.9197908376585815,-0.034038915940493686,0.24766923443805344,0.23844863267269076,0.009220601765362685,555482.431662696,534802.0984689577,20680.333193738246,1272669.453913769,1186422.5339001173,86246.92001365172
4581,3500.0,14,3500.0,19,4750.0,-1250.0,True,False,0.0015731058395775932,0.0,True,0.0,0.6184990734877924,0.6438526683493322,-0.025353594861539763,0.30448731472267254,0.3032652645804583,0.001222050142214215,1404294.2827580313,1398658.1923694445,5636.090388586745,467133.87449813215,339513.4586522824,127620.41584584973
4588,3500.0,14,3500.0,18,4500.0,-1000.0,True,False,0.004363567832806781,0.0,True,0.0,0.877937728225634,0.9268240790574821,-0.04888635083184811,0.25773391496363135,0.243597689404772,0.01413622555885935,544732.0221318683,514854.4845362583,29877.537595610018,1443327.574665589,1331995.7404788348,111331.83418675419
4593,3500.0,14,3500.0,14,3500.0,0.0,False,False,0.0012060501995635464,0.0,True,0.0,0.9571872431192321,0.9571872431192321,0.0,0.2616325735998475,0.2616325735998475,0.0,537444.462610387,537444.462610387,0.0,2444209.0470919525,2444209.0470919525,0.0
4597,3500.0,14,3500.0,7,1750.0,1750.0,False,True,0.00478806507273799,0.0,True,0.0,0.576742162181063,0.5425296535438613,0.03421250863720171,0.3388878062336496,0.33518888923931084,0.0036989169943387745,1119171.668597313,1106956.0531977348,12215.615399578353,306713.5750780329,427927.991627505,-121214.41654947208
4613,3500.0,14,3500.0,10,2500.0,1000.0,False,True,0.009465964491106815,0.0,True,0.0,0.9661039328220989,0.945418135120035,0.020685797702063913,0.3495728429111079,0.3338273648045897,0.015745478106518218,494699.97403836594,472417.6721706063,22282.301867759612,2178259.16020724,2208916.2222650796,-30657.062057839707
4624,3500.0,14,3500.0,9,2250.0,1250.0,False,True,0.007706221345695763,0.0,True,0.0,0.8867984563354586,0.854984483008696,0.03181397332676261,0.32757422207652576,0.31658204096030573,0.010992181116220023,554558.1285333746,535949.2057992567,18608.92273411795,1589090.0814548824,1645624.3389175949,-56534.25746271247
4625,3500.0,14,3500.0,9,2250.0,1250.0,False,True,0.006567855558554991,0.0,True,0.0,0.8675674468651763,0.8356813281810379,0.031886118684138376,0.32902413486135174,0.3173884243647921,0.011635710496559648,543718.0295586762,524489.818271469,19228.211287207203,1432161.8005160568,1486548.3966762968,-54386.596160240006
4644,3500.0,14,3500.0,7,1750.0,1750.0,False,True,0.008377191793554783,0.0,True,0.0,0.6710322639586324,0.6383551255422028,0.03267713841642961,0.32611089945645805,0.30762314964745635,0.018487749809001697,582740.3602578987,549703.8748107326,33036.48544716614,44982.95296075504,106899.2667267225,-61916.31376596746
4647,3500.0,14,3500.0,9,2250.0,1250.0,False,True,0.005846179694935394,0.0,True,0.0,0.9933075744512401,0.9762009178165202,0.017106656634719886,0.34000833488500937,0.3146345397264724,0.025373795158536994,475412.73600988655,439934.1193361094,35478.61667377717,3612580.4114837507,3637683.1248949757,-25102.713411225006
4651,3500.0,14,3500.0,11,2750.0,750.0,False,True,0.006180274915032036,0.0,True,0.0,0.5663732887758576,0.5528106098739832,0.013562678901874348,0.3214567509679059,0.32078014995506354,0.0006766010128423372,1576082.1418461867,1572764.8098247407,3317.3320214459673,555751.1207799211,628265.5751403573,-72514.45436043618
4660,3500.0,14,3500.0,11,2750.0,750.0,False,True,0.004490865789396392,0.0,True,0.0,0.7179905279518917,0.7020296693762818,0.015960858575609915,0.293002754169135,0.28790415308332573,0.0050986010858092845,572135.4219179472,562179.575967991,9955.845949956216,75692.08074290943,110527.9018993107,-34835.821156401274
4664,3500.0,14,3500.0,11,2750.0,750.0,False,True,0.009852482898321635,0.0,True,0.0,0.9876804245156882,0.9735299527331887,0.014150471782499507,0.36298415025113545,0.3538969995285508,0.009087150722584647,572254.2131390783,557928.0771829186,14326.135956159793,3782438.1591492947,3807077.8926066924,-24639.73345739767
4666,3500.0,14,3500.0,16,4000.0,-500.0,True,False,0.005826798919279175,0.0,True,0.0,0.9349994303321071,0.9520177776855734,-0.0170183473534663,0.28868522327799256,0.28576306674929375,0.002922156528698816,643811.8020829101,637294.9501313355,6516.8519515745575,2839409.9997809185,2797647.909112203,41762.09066871554
4667,3500.0,14,3500.0,12,3000.0,500.0,False,True,0.009444896205249576,0.0,True,0.0,0.9588832158284735,0.9466267554213885,0.012256460407084946,0.2836070589907343,0.2813963368299297,0.00221072216080459,562440.0498094164,558055.8194356642,4384.230373752187,2362986.8022355568,2390256.673221981,-27269.870986424387
4673,3500.0,14,3500.0,8,2000.0,1500.0,False,True,0.009691362500099387,0.0,True,0.0,0.9977561443681034,0.978075726145177,0.019680418222926432,0.4261535746399593,0.39655474672002705,0.029598827919932236,582142.624664617,541709.4559721726,40433.16869244445,4494771.620407876,4522672.50546751,-27900.885059634224
4674,3500.0,14,3500.0,14,3500.0,0.0,False,False,0.00801528599170942,0.0,True,0.0,0.8481571754808168,0.8481571754808168,0.0,0.24999547834880975,0.24999547834880975,0.0,472866.47709568596,472866.47709568596,0.0,367403.63862791995,367403.63862791995,0.0
4681,3500.0,14,3500.0,11,2750.0,750.0,False,True,0.006891006843524616,0.0,True,0.0,0.9547617576435028,0.9302215256218634,0.024540232021639352,0.24532510401117794,0.2388749911646661,0.006450112846511841,353644.6236425697,344346.56285400543,9298.060788564268,1002396.2936166254,1042460.8766615458,-40064.583044920466
4684,3500.0,14,3500.0,35,8750.0,-5250.0,True,False,0.0069112773773721825,0.0,True,0.0,0.7313908487772021,0.9042527939901311,-0.17286194521292908,0.2929076253543786,0.24321736760656265,0.049690257747815936,1263051.7736295145,1048781.598503299,214270.17512621544,2518085.9744680077,1679632.6594847231,838453.3149832846
4687,3500.0,14,3500.0,9,2250.0,1250.0,False,True,0.0053356581109136325,0.0,True,0.0,0.987182425734772,0.9697972678121852,0.01738515792258677,0.33077368102530685,0.3038449466074848,0.026928734417822064,435025.5080380511,399609.4908548746,35416.017183176475,2246207.7315000272,2271238.070315537,-25030.338815509807
4691,3500.0,14,3500.0,9,2250.0,1250.0,False,True,0.004659243838336047,0.0,True,0.0,0.9932940850477348,0.9738116705359733,0.01948241451176147,0.3585283247974179,0.3385169605218824,0.020011364275535515,533846.965898476,504050.1399210023,29796.825977473636,3921345.1767779724,3952279.9128062613,-30934.736028288957
4692,3500.0,14,3500.0,24,6000.0,-2500.0,True,False,0.0022320601704788334,0.0,True,0.0,0.7402871174794756,0.8247478220536009,-0.08446070457412524,0.28953268790541836,0.2614353034230054,0.028097384482412946,1061866.269988304,958818.6138752454,103047.65611305856,983727.0170167747,660375.6964830809,323351.3205336939
4696,3500.0,14,3500.0,12,3000.0,500.0,False,True,0.004275386974000761,0.0,True,0.0,0.7752795780299514,0.7627338022160315,0.012545775813919913,0.27806484266122433,0.27734207714099074,0.0007227655202335925,659115.2459731905,657402.0276853608,1713.2182878297754,505277.8116181452,537680.7109153545,-32402.89929720934
4721,3500.0,14,3500.0,18,4500.0,-1000.0,True,False,0.0013569827791888311,0.0,True,0.0,0.8999958036528847,0.9352429675268993,-0.03524716387401461,0.2626658972416439,0.2524790782843918,0.010186818957252097,752077.8444401044,722910.446146204,29167.39829390042,2512277.7310294327,2400326.6520066746,111951.07902275817
4740,3500.0,14,3500.0,36,9000.0,-5500.0,True,False,0.0033789710562546205,0.0,True,0.0,0.6701585338091736,0.8416805482950004,-0.17152201448582682,0.29620749125475515,0.2476148866017798,0.04859260465297535,1423609.6458209632,1190067.6094379458,233542.03638301743,1557388.791059569,658168.8436370273,899219.9474225417
4741,3500.0,14,3500.0,18,4500.0,-1000.0,True,False,0.008633446290673974,0.0,True,0.0,0.9268871487210524,0.9608929072108165,-0.03400575848976417,0.28556387621829565,0.2754506488972833,0.01011322732101233,804303.7731560131,775819.4039115759,28484.3692444372,3854878.680234369,3755635.272285293,99243.40794907603
4743,3500.0,14,3500.0,29,7250.0,-3750.0,True,False,0.0010234911926931822,0.0,True,0.0,0.7678156212877685,0.9042658252097341,-0.1364502039219656,0.2881870011281873,0.2439106729446411,0.04427632818354618,1066950.5605996046,903026.9519989734,163923.60860063124,1993772.5280807812,1441099.8546407805,552672.6734400007
4749,3500.0,14,3500.0,16,4000.0,-500.0,True,False,0.004855594745733605,0.0,True,0.0,0.7491871710805325,0.7603911244877319,-0.011203953407199485,0.29516367518905867,0.29448310650996173,0.0006805686790969379,882043.6500143369,880009.8927052385,2033.7573090983788,1028908.2274281512,991921.467642586,36986.7597855652
4762,3500.0,14,3500.0,4,1000.0,2500.0,False,True,0.006045049490438159,0.0,True,0.0,0.5116945501669772,0.47358697260700733,0.03810757755996985,0.3590491970896056,0.3373484231006847,0.021700773988920896,893717.0154804031,839701.1560377402,54015.85944266291,29246.557955932803,132191.79726146907,-102945.23930553626
4763,3500.0,14,3500.0,18,4500.0,-1000.0,True,False,0.004190966190069978,0.0,True,0.0,0.8771932955467764,0.9078284597370313,-0.030635164190254915,0.2774241940309392,0.2709022113954371,0.006521982635502133,776035.37955458,757791.5155409537,18243.86401362624,2211059.096208385,2114183.2377886754,96875.85841970984
4773,3500.0,14,3500.0,9,2250.0,1250.0,False,True,0.0021117247649600213,0.0,True,0.0,0.8892542102750678,0.855420395526022,0.03383381474904579,0.29374156564906645,0.28386523295629507,0.009876332692771383,474474.52855161973,458521.4975671655,15953.030984454206,971017.5161797008,1028429.6304208542,-57412.11424115335
4791,3500.0,14,3500.0,14,3500.0,0.0,False,False,0.0025684366675740034,0.0,True,0.0,0.9645880372073681,0.9645880372073681,0.0,0.27801855602455683,0.27801855602455683,0.0,591547.8833900645,591547.8833900645,0.0,3049080.511187679,3049080.511187679,0.0
4800,3500.0,14,3500.0,11,2750.0,750.0,False,True,0.008545824963210435,0.0,True,0.0,0.9858326648151796,0.9700142554199238,0.015818409395255806,0.30822558166498515,0.2999729449887665,0.008252636676218672,497586.6632904135,484263.9471002595,13322.716190154024,3411784.730123484,3438849.8759764424,-27065.145852958318
4802,3500.0,14,3500.0,11,2750.0,750.0,False,True,0.0010836007894400312,0.0,True,0.0,0.6703669701487595,0.6530531377490953,0.01731383239966411,0.31418302481849003,0.3135087532029354,0.0006742716155546113,871528.3425540605,869657.946074572,1870.3964794884669,409697.94482777553,462850.7581700985,-53152.813342322945
4811,3500.0,14,3500.0,8,2000.0,1500.0,False,True,0.007700723651777985,0.0,True,0.0,0.9785399541734471,0.9465292437534489,0.032010710419998145,0.30592044703709514,0.28213683542995044,0.023783611607144706,417960.74255536404,385466.62173327594,32494.120822088094,1659416.9807544043,1705445.7881019888,-46028.807347584516
4816,3500.0,14,3500.0,12,3000.0,500.0,False,True,0.0037395420163955917,0.0,True,0.0,0.9682242896596057,0.957097980579143,0.011126309080462748,0.23980195013568673,0.23522943842425773,0.004572511711429,435767.2781582063,427458.12561916944,8309.152539036877,1812835.884154181,1833843.5398366502,-21007.655682469252
4826,3500.0,14,3500.0,16,4000.0,-500.0,True,False,0.0056265926867548055,0.0,True,0.0,0.9435604518756784,0.9594747776272141,-0.01591432575153573,0.26005281895104665,0.25685611973246103,0.003196699218585619,640917.4729397646,633038.9950475096,7878.477892255061,2982256.2038050974,2939053.412196518,43202.79160857946
4831,3500.0,14,3500.0,13,3250.0,250.0,False,True,0.0029071988471566224,0.0,True,0.0,0.9550971124011364,0.9486292328441195,0.006467879557016887,0.2578386368981762,0.2570454651783546,0.0007931717198216282,526001.4899462811,524383.3868123656,1618.1031339154579,2034798.4222753402,2048436.0457133334,-13637.623437993228
4841,3500.0,14,3500.0,11,2750.0,750.0,False,True,0.008564610306168396,0.0,True,0.0,0.9789798491085228,0.9623609406672974,0.016618908441225377,0.28574679805398806,0.2792817748054515,0.006465023248536539,477704.5675644136,466896.4984757356,10808.069088677992,2484392.965268137,2514693.444128946,-30300.478860809002
4842,3500.0,14,3500.0,11,2750.0,750.0,False,True,0.00947305829258882,0.0,True,0.0,0.9681795727993096,0.9507093139440412,0.017470258855268317,0.31828510707965624,0.3114089129558326,0.00687619412382362,527854.5571367139,516450.8491928526,11403.707943861256,2434699.0648275,2465488.965296535,-30789.90046903491
4849,3500.0,14,3500.0,11,2750.0,750.0,False,True,0.009794910569795201,0.0,True,0.0,0.9822904377077707,0.9673320928115162,0.014958344896254472,0.3591236425853191,0.3505974340611988,0.008526208524120282,564385.7853205347,550986.3030167512,13399.48230378353,3312935.9147167606,3339487.1469119852,-26551.232195224613
4858,3500.0,14,3500.0,14,3500.0,0.0,False,False,0.00929251621430438,0.0,True,0.0,0.7055737797128565,0.7055737797128565,0.0,0.3021649627935386,0.3021649627935386,0.0,779476.7092509905,779476.7092509905,0.0,393894.8597983085,393894.8597983085,0.0
4861,3500.0,14,3500.0,14,3500.0,0.0,False,False,0.006831662690678031,0.0,True,0.0,0.7928669276270685,0.7928669276270685,0.0,0.2684226200670481,0.2684226200670481,0.0,610269.6299795603,610269.6299795603,0.0,415194.9926677179,415194.9926677179,0.0
4866,3500.0,14,3500.0,15,3750.0,-250.0,True,False,0.007160189833846586,0.0,True,0.0,0.6340873046707718,0.6387412856197008,-0.004653980948928993,0.31081398430714946,0.310667437288938,0.00014654701821148475,1115090.3095909953,1114564.5508794903,525.7587115049828,350097.04911577393,331441.28322962066,18655.76588615327
4883,3500.0,14,3500.0,14,3500.0,0.0,False,False,0.009190811995458348,0.0,True,0.0,0.9638000608017999,0.9638000608017999,0.0,0.3143537755451836,0.3143537755451836,0.0,642530.1978174306,642530.1978174306,0.0,3530321.5103393616,3530321.5103393616,0.0
4888,3500.0,14,3500.0,17,4250.0,-750.0,True,False,0.0061936691355676254,0.0,True,0.0,0.7032483014698816,0.7217399413156732,-0.018491639845791608,0.2943980672017882,0.29136753375070706,0.003030533451081119,909883.4264965157,900517.0872851514,9366.339211364393,342601.14872721257,279293.63238834863,63307.516338863934
4892,3500.0,14,3500.0,14,3500.0,0.0,False,False,0.005277100609789365,0.0,True,0.0,0.7565553736173753,0.7565553736173753,0.0,0.3059177178268804,0.3059177178268804,0.0,887433.226966664,887433.226966664,0.0,1381736.9763684282,1381736.9763684282,0.0
4893,3500.0,14,3500.0,15,3750.0,-250.0,True,False,0.007256897504211213,0.0,True,0.0,0.9476946182757329,0.9575203801300828,-0.009825761854349913,0.26955991574926097,0.2670349497927274,0.0025249659565335647,558359.6782510022,553129.5268200446,5230.151430957601,2824436.086137737,2802025.793356616,22410.292781121098
4895,3500.0,14,3500.0,14,3500.0,0.0,False,False,0.0061527241026080315,0.0,True,0.0,0.9626314435940778,0.9626314435940778,0.0,0.2783541629461502,0.2783541629461502,0.0,536237.4757740151,536237.4757740151,0.0,2885688.811014563,2885688.811014563,0.0
4900,3500.0,14,3500.0,5,1250.0,2250.0,False,True,0.004099741776250054,0.0,True,0.0,0.47678535492802077,0.4450103446363368,0.03177501029168395,0.37327936206612555,0.36353509532515826,0.009744266740967289,1352540.478160149,1317233.1010681007,35307.37709204829,208049.79932842043,329952.7007328499,-121902.90140442946
4909,3500.0,14,3500.0,11,2750.0,750.0,False,True,0.002199111899837236,0.0,True,0.0,0.9901462952358789,0.9804126734131512,0.009733621822727745,0.34247945719038453,0.33170601237433683,0.010773444816047695,597901.8859761755,579093.566706987,18808.319269188563,4300873.343696967,4319685.121723525,-18811.77802655846
4915,3500.0,14,3500.0,11,2750.0,750.0,False,True,0.005079637716868035,0.0,True,0.0,0.870555902361686,0.8515767598280463,0.018979142533639748,0.29731859922552945,0.29481819927595626,0.0025003999495731843,619319.4104985337,614111.0373028642,5208.373195669497,1557049.893446734,1601909.8796178964,-44859.986171162454
4917,3500.0,14,3500.0,13,3250.0,250.0,False,True,0.009837008711060746,0.0,True,0.0,0.9783721731772612,0.972926213396869,0.0054459597803921955,0.3045661384455623,0.3035152548949946,0.001050883550567705,606360.2968863749,604268.0943028328,2092.2025835420936,3979425.263571097,3991512.493882726,-12087.230311628897
4918,3500.0,14,3500.0,1,250.0,3250.0,False,True,0.00889024626875301,0.0,True,0.0,0.290472257508004,0.28054020966969007,0.009932047838313918,0.41438358991071506,0.39109448622483306,0.023289103685881996,1868237.7090621598,1763239.3867936595,104998.32226850023,0.0,46168.18745442576,-46168.18745442576
4920,3500.0,14,3500.0,10,2500.0,1000.0,False,True,0.005448312094223584,0.0,True,0.0,0.9880288169397778,0.9699539748835159,0.018074842056261975,0.3124380772993321,0.29591280698560596,0.016525270313726137,445078.1752207227,421537.39165222086,23540.78356850182,2851806.4974771533,2880023.3526875395,-28216.855210386217
4921,3500.0,14,3500.0,6,1500.0,2000.0,False,True,0.008790463222777434,0.0,True,0.0,0.5255527007085864,0.4900028511326673,0.03554984957591911,0.35846821675185125,0.35340340537782733,0.005064811374023925,1328392.5295762173,1309623.6198694368,18768.909706780454,406222.2807051014,548609.1253077646,-142386.84460266324
4923,3500.0,14,3500.0,11,2750.0,750.0,False,True,0.001121614457584852,0.0,True,0.0,0.9712123585581072,0.9525682350713649,0.01864412348674227,0.26469062290932377,0.25866339188646026,0.006027231022863511,436897.7206320877,426949.18725879106,9948.53337329661,1876600.5321966289,1909152.2456885644,-32551.713491935516
4925,3500.0,14,3500.0,17,4250.0,-750.0,True,False,0.006185698335464007,0.0,True,0.0,0.9300587369948063,0.9562500920006043,-0.026191355005797945,0.2858113368074898,0.27943178302378496,0.006379553783704861,729489.4077703693,713206.5795120603,16282.828258309048,3428175.5189321726,3354464.2111704554,73711.30776171712
4932,3500.0,14,3500.0,16,4000.0,-500.0,True,False,0.003950505303203955,0.0,True,0.0,0.9017503399932703,0.9162730819762708,-0.01452274198300052,0.28150508066777885,0.2805486233560724,0.0009564573117064601,647675.2037020926,645474.6264239763,2200.5772781163687,1997516.2363911038,1961265.4468189548,36250.78957214905
4942,3500.0,14,3500.0,9,2250.0,1250.0,False,True,0.005801912132834763,0.0,True,0.0,0.9915806095419818,0.9719600161332389,0.019620593408742892,0.34974820772955734,0.32110051801101047,0.028647689718546865,423259.96454169246,388590.96591211396,34668.998629578506,2849966.603856424,2875962.3191975513,-25995.715341127478
4954,3500.0,14,3500.0,26,6500.0,-3000.0,True,False,0.0010722327239448548,0.0,True,0.0,0.7374532983509985,0.8585185477432148,-0.1210652493922163,0.28036772434734347,0.23636688188828395,0.044000842459059525,1027973.8814393112,866643.9105429389,161329.97089637234,997957.9106825083,538390.255156372,459567.6555261363
4962,3500.0,14,3500.0,8,2000.0,1500.0,False,True,0.0018999089830880056,0.0,True,0.0,0.9976707689112199,0.9806754277917918,0.01699534111942802,0.41773061099294545,0.37969017988756343,0.03804043110538202,501640.7183604755,455959.0549049614,45681.66345551412,3985345.0460343678,4007212.3120385045,-21867.266004136764
4966,3500.0,14,3500.0,10,2500.0,1000.0,False,True,0.00606076758828078,0.0,True,0.0,0.9905659544016389,0.972966403485638,0.01759955091600085,0.37072183747220144,0.3578802701043324,0.012841567367869067,589633.7213161113,569209.1862893179,20424.535026793368,3898886.0125650326,3928945.5857111015,-30059.573146068957
4968,3500.0,14,3500.0,20,5000.0,-1500.0,True,False,0.0010116459857459903,0.0,True,0.0,0.8281479722937627,0.9001784686813837,-0.07203049638762105,0.25389708226305713,0.22921846771528812,0.024678614547769012,673736.9378537172,608250.1900435972,65486.747810119996,1108238.0056513357,902452.9019844255,205785.1036669102
4981,3500.0,14,3500.0,24,6000.0,-2500.0,True,False,0.0039027046335520232,0.0,True,0.0,0.8347710016305612,0.9189373620074534,-0.08416636037689218,0.2795008630265275,0.25153854341624693,0.02796231961028056,1034775.508607166,931252.667270472,103522.84133669396,2778141.0023046434,2429325.5413522227,348815.4609524207
4988,3500.0,14,3500.0,18,4500.0,-1000.0,True,False,0.0036757017522409674,0.0,True,0.0,0.8903731922872336,0.922091520936787,-0.031718328649553484,0.2647648289008879,0.25736948658840814,0.007395342312479791,754923.0001020085,733836.6872843476,21086.31281766086,2160535.3575313585,2066306.3808142706,94228.9767170879
4990,3500.0,14,3500.0,18,4500.0,-1000.0,True,False,0.0023213444342847778,0.0,True,0.0,0.7823073643832404,0.8118752996341041,-0.029567935250863653,0.27569882216422004,0.26897461982887416,0.006724202335345875,867555.5862493466,846396.1948043392,21159.391445007408,1088750.8115471476,992198.3802159067,96552.43133124092
4998,3500.0,14,3500.0,9,2250.0,1250.0,False,True,0.007224455179342004,0.0,True,0.0,0.7402823909084,0.7112426971500702,0.02903969375832982,0.3056140216456067,0.2956811586259003,0.009932863019706417,538937.7988622553,521421.60211376817,17516.196748487127,247887.01833822974,303797.2100004895,-55910.19166225975
