timestamp,ALLSKY_SFC_SW_DWN,ALLSKY_SFC_SW_DNI,ALLSKY_SFC_SW_DIFF,T2M,WS10M
2023-01-01 00:00:00+01:00,0.0,0.0,0.0,0.5,1.83
2023-01-01 01:00:00+01:00,0.0,0.0,0.0,0.0,1.18
2023-01-01 02:00:00+01:00,0.0,0.0,0.0,-0.43,0.94
2023-01-01 03:00:00+01:00,0.0,0.0,0.0,-0.7,0.88
2023-01-01 04:00:00+01:00,0.0,0.0,0.0,-0.89,0.76
2023-01-01 05:00:00+01:00,0.0,0.0,0.0,-0.98,0.67
2023-01-01 06:00:00+01:00,0.0,0.0,0.0,-1.13,0.78
2023-01-01 07:00:00+01:00,0.0,0.0,0.0,-1.27,1.0
2023-01-01 08:00:00+01:00,0.0,0.0,0.0,-1.44,1.32
2023-01-01 09:00:00+01:00,13.93,80.81,13.25,-1.73,1.6
2023-01-01 10:00:00+01:00,53.83,279.14,29.62,-1.65,1.53
2023-01-01 11:00:00+01:00,82.53,381.39,35.02,-1.51,1.29
2023-01-01 12:00:00+01:00,78.28,342.58,36.81,-1.46,1.31
2023-01-01 13:00:00+01:00,51.3,190.92,35.02,-1.75,1.25
2023-01-01 14:00:00+01:00,12.88,79.47,13.03,-2.37,1.43
2023-01-01 15:00:00+01:00,0.0,0.0,0.0,-2.69,1.67
2023-01-01 16:00:00+01:00,0.0,0.0,0.0,-2.93,1.58
2023-01-01 17:00:00+01:00,0.0,0.0,0.0,-3.46,1.39
2023-01-01 18:00:00+01:00,0.0,0.0,0.0,-4.62,1.36
2023-01-01 19:00:00+01:00,0.0,0.0,0.0,-5.14,1.33
2023-01-01 20:00:00+01:00,0.0,0.0,0.0,-5.3,1.34
2023-01-01 21:00:00+01:00,0.0,0.0,0.0,-5.22,1.14
2023-01-01 22:00:00+01:00,0.0,0.0,0.0,-4.67,1.22
2023-01-01 23:00:00+01:00,0.0,0.0,0.0,-5.06,1.25
2023-01-02 00:00:00+01:00,0.0,0.0,0.0,-5.15,1.4
2023-01-02 01:00:00+01:00,0.0,0.0,0.0,-4.52,1.78
2023-01-02 02:00:00+01:00,0.0,0.0,0.0,-4.12,2.0
2023-01-02 03:00:00+01:00,0.0,0.0,0.0,-3.55,2.02
2023-01-02 04:00:00+01:00,0.0,0.0,0.0,-2.54,2.2
2023-01-02 05:00:00+01:00,0.0,0.0,0.0,-1.32,2.32
2023-01-02 06:00:00+01:00,0.0,0.0,0.0,-0.48,2.03
2023-01-02 07:00:00+01:00,0.0,0.0,0.0,0.23,2.11
2023-01-02 08:00:00+01:00,0.0,0.0,0.0,0.69,1.89
2023-01-02 09:00:00+01:00,10.4,4.98,10.86,0.88,1.67
2023-01-02 10:00:00+01:00,30.33,9.48,28.04,1.04,1.56
2023-01-02 11:00:00+01:00,41.88,16.4,37.53,1.08,1.31
2023-01-02 12:00:00+01:00,32.72,0.0,29.53,0.98,1.13
2023-01-02 13:00:00+01:00,20.38,0.0,18.95,1.13,1.08
2023-01-02 14:00:00+01:00,5.62,0.0,5.9,1.58,0.46
2023-01-02 15:00:00+01:00,0.0,0.0,0.0,1.23,0.8
2023-01-02 16:00:00+01:00,0.0,0.0,0.0,0.49,1.21
2023-01-02 17:00:00+01:00,0.0,0.0,0.0,0.22,1.67
2023-01-02 18:00:00+01:00,0.0,0.0,0.0,-0.15,1.84
2023-01-02 19:00:00+01:00,0.0,0.0,0.0,-0.52,2.06
2023-01-02 20:00:00+01:00,0.0,0.0,0.0,-1.09,2.22
2023-01-02 21:00:00+01:00,0.0,0.0,0.0,-1.66,2.21
2023-01-02 22:00:00+01:00,0.0,0.0,0.0,-2.12,2.17
2023-01-02 23:00:00+01:00,0.0,0.0,0.0,-2.44,2.23
2023-01-03 00:00:00+01:00,0.0,0.0,0.0,-2.69,2.26
2023-01-03 01:00:00+01:00,0.0,0.0,0.0,-2.9,2.33
2023-01-03 02:00:00+01:00,0.0,0.0,0.0,-3.1,2.39
2023-01-03 03:00:00+01:00,0.0,0.0,0.0,-3.5,2.37
2023-01-03 04:00:00+01:00,0.0,0.0,0.0,-4.15,2.36
2023-01-03 05:00:00+01:00,0.0,0.0,0.0,-5.27,2.37
2023-01-03 06:00:00+01:00,0.0,0.0,0.0,-6.53,2.42
2023-01-03 07:00:00+01:00,0.0,0.0,0.0,-7.48,2.55
2023-01-03 08:00:00+01:00,0.0,0.0,0.0,-8.4,2.67
2023-01-03 09:00:00+01:00,18.33,174.24,11.8,-8.63,2.65
2023-01-03 10:00:00+01:00,67.62,396.28,22.49,-7.79,2.48
2023-01-03 11:00:00+01:00,100.75,542.12,24.18,-6.3,2.09
2023-01-03 12:00:00+01:00,104.78,561.39,24.28,-5.22,2.07
2023-01-03 13:00:00+01:00,66.25,408.17,22.4,-5.27,1.98
2023-01-03 14:00:00+01:00,15.95,159.93,10.74,-6.5,2.21
2023-01-03 15:00:00+01:00,0.0,0.0,0.0,-7.75,2.46
2023-01-03 16:00:00+01:00,0.0,0.0,0.0,-8.07,2.41
2023-01-03 17:00:00+01:00,0.0,0.0,0.0,-8.25,2.35
2023-01-03 18:00:00+01:00,0.0,0.0,0.0,-8.41,2.32
2023-01-03 19:00:00+01:00,0.0,0.0,0.0,-8.62,2.25
2023-01-03 20:00:00+01:00,0.0,0.0,0.0,-8.62,2.08
2023-01-03 21:00:00+01:00,0.0,0.0,0.0,-8.58,1.91
2023-01-03 22:00:00+01:00,0.0,0.0,0.0,-8.76,1.84
2023-01-03 23:00:00+01:00,0.0,0.0,0.0,-8.91,1.81
2023-01-04 00:00:00+01:00,0.0,0.0,0.0,-8.85,1.57
2023-01-04 01:00:00+01:00,0.0,0.0,0.0,-8.8,1.27
2023-01-04 02:00:00+01:00,0.0,0.0,0.0,-8.82,0.89
2023-01-04 03:00:00+01:00,0.0,0.0,0.0,-8.78,0.39
2023-01-04 04:00:00+01:00,0.0,0.0,0.0,-9.07,0.57
2023-01-04 05:00:00+01:00,0.0,0.0,0.0,-9.33,1.14
2023-01-04 06:00:00+01:00,0.0,0.0,0.0,-9.41,1.64
2023-01-04 07:00:00+01:00,0.0,0.0,0.0,-9.31,1.89
2023-01-04 08:00:00+01:00,0.0,0.0,0.0,-9.02,1.96
2023-01-04 09:00:00+01:00,13.07,17.75,15.36,-8.28,2.19
2023-01-04 10:00:00+01:00,30.5,6.6,28.25,-7.52,2.45
2023-01-04 11:00:00+01:00,48.58,9.81,42.12,-6.99,2.59
2023-01-04 12:00:00+01:00,50.97,24.85,45.52,-6.65,2.66
2023-01-04 13:00:00+01:00,28.98,4.02,26.88,-6.35,2.84
2023-01-04 14:00:00+01:00,9.85,9.49,11.64,-5.97,3.14
2023-01-04 15:00:00+01:00,0.0,0.0,0.0,-5.5,3.4
2023-01-04 16:00:00+01:00,0.0,0.0,0.0,-4.91,3.56
2023-01-04 17:00:00+01:00,0.0,0.0,0.0,-4.4,3.69
2023-01-04 18:00:00+01:00,0.0,0.0,0.0,-4.04,3.86
2023-01-04 19:00:00+01:00,0.0,0.0,0.0,-3.75,4.09
2023-01-04 20:00:00+01:00,0.0,0.0,0.0,-3.27,4.31
2023-01-04 21:00:00+01:00,0.0,0.0,0.0,-2.96,4.21
2023-01-04 22:00:00+01:00,0.0,0.0,0.0,-2.71,4.2
2023-01-04 23:00:00+01:00,0.0,0.0,0.0,-2.48,4.27
2023-01-05 00:00:00+01:00,0.0,0.0,0.0,-2.37,4.36
2023-01-05 01:00:00+01:00,0.0,0.0,0.0,-2.37,4.49
2023-01-05 02:00:00+01:00,0.0,0.0,0.0,-2.48,4.61
2023-01-05 03:00:00+01:00,0.0,0.0,0.0,-2.67,4.64
2023-01-05 04:00:00+01:00,0.0,0.0,0.0,-2.9,4.58
2023-01-05 05:00:00+01:00,0.0,0.0,0.0,-3.18,4.44
2023-01-05 06:00:00+01:00,0.0,0.0,0.0,-3.46,4.32
2023-01-05 07:00:00+01:00,0.0,0.0,0.0,-3.71,4.15
2023-01-05 08:00:00+01:00,0.0,0.0,0.0,-3.95,3.91
2023-01-05 09:00:00+01:00,11.95,76.92,12.85,-4.21,3.63
2023-01-05 10:00:00+01:00,37.42,116.84,29.21,-4.39,3.5
2023-01-05 11:00:00+01:00,54.2,163.43,35.15,-4.55,3.33
2023-01-05 12:00:00+01:00,61.17,221.39,37.17,-4.77,3.06
2023-01-05 13:00:00+01:00,46.4,190.52,29.08,-5.2,2.76
2023-01-05 14:00:00+01:00,13.15,98.56,12.35,-5.96,2.55
2023-01-05 15:00:00+01:00,0.0,0.0,0.0,-6.93,2.44
2023-01-05 16:00:00+01:00,0.0,0.0,0.0,-7.67,2.33
2023-01-05 17:00:00+01:00,0.0,0.0,0.0,-8.41,2.31
2023-01-05 18:00:00+01:00,0.0,0.0,0.0,-9.22,2.2
2023-01-05 19:00:00+01:00,0.0,0.0,0.0,-10.59,2.17
2023-01-05 20:00:00+01:00,0.0,0.0,0.0,-11.25,2.16
2023-01-05 21:00:00+01:00,0.0,0.0,0.0,-11.45,2.12
2023-01-05 22:00:00+01:00,0.0,0.0,0.0,-12.18,2.19
2023-01-05 23:00:00+01:00,0.0,0.0,0.0,-12.7,2.32
2023-01-06 00:00:00+01:00,0.0,0.0,0.0,-13.06,2.3
2023-01-06 01:00:00+01:00,0.0,0.0,0.0,-13.47,2.34
2023-01-06 02:00:00+01:00,0.0,0.0,0.0,-13.7,2.71
2023-01-06 03:00:00+01:00,0.0,0.0,0.0,-13.7,2.47
2023-01-06 04:00:00+01:00,0.0,0.0,0.0,-12.83,2.24
2023-01-06 05:00:00+01:00,0.0,0.0,0.0,-12.33,2.1
2023-01-06 06:00:00+01:00,0.0,0.0,0.0,-11.64,2.22
2023-01-06 07:00:00+01:00,0.0,0.0,0.0,-10.4,2.42
2023-01-06 08:00:00+01:00,0.0,0.0,0.0,-9.7,2.32
2023-01-06 09:00:00+01:00,14.52,2.33,14.92,-8.96,2.29
2023-01-06 10:00:00+01:00,35.22,8.15,31.66,-8.01,2.33
2023-01-06 11:00:00+01:00,43.7,3.18,38.08,-7.04,2.45
2023-01-06 12:00:00+01:00,43.92,1.91,38.34,-6.21,2.57
2023-01-06 13:00:00+01:00,32.83,0.0,29.65,-5.69,2.66
2023-01-06 14:00:00+01:00,11.82,0.0,12.17,-5.46,2.71
2023-01-06 15:00:00+01:00,0.0,0.0,0.0,-5.38,2.77
2023-01-06 16:00:00+01:00,0.0,0.0,0.0,-5.38,2.91
2023-01-06 17:00:00+01:00,0.0,0.0,0.0,-5.43,2.92
2023-01-06 18:00:00+01:00,0.0,0.0,0.0,-5.47,2.78
2023-01-06 19:00:00+01:00,0.0,0.0,0.0,-5.48,2.75
2023-01-06 20:00:00+01:00,0.0,0.0,0.0,-5.46,2.77
2023-01-06 21:00:00+01:00,0.0,0.0,0.0,-5.42,2.76
2023-01-06 22:00:00+01:00,0.0,0.0,0.0,-5.33,2.86
2023-01-06 23:00:00+01:00,0.0,0.0,0.0,-5.23,3.09
2023-01-07 00:00:00+01:00,0.0,0.0,0.0,-4.82,3.79
2023-01-07 01:00:00+01:00,0.0,0.0,0.0,-4.58,3.75
2023-01-07 02:00:00+01:00,0.0,0.0,0.0,-4.54,3.66
2023-01-07 03:00:00+01:00,0.0,0.0,0.0,-4.46,3.51
2023-01-07 04:00:00+01:00,0.0,0.0,0.0,-4.28,3.02
2023-01-07 05:00:00+01:00,0.0,0.0,0.0,-4.01,2.79
2023-01-07 06:00:00+01:00,0.0,0.0,0.0,-3.7,2.72
2023-01-07 07:00:00+01:00,0.0,0.0,0.0,-3.09,2.86
2023-01-07 08:00:00+01:00,0.0,0.0,0.0,-2.49,2.66
2023-01-07 09:00:00+01:00,13.35,40.5,14.21,-2.08,2.44
2023-01-07 10:00:00+01:00,36.92,81.54,30.21,-1.58,2.38
2023-01-07 11:00:00+01:00,52.33,52.45,42.14,-1.04,2.24
2023-01-07 12:00:00+01:00,47.55,99.54,38.05,-0.61,2.1
2023-01-07 13:00:00+01:00,35.05,84.7,29.74,-0.43,2.01
2023-01-07 14:00:00+01:00,14.05,24.24,14.17,-0.27,2.03
2023-01-07 15:00:00+01:00,0.0,0.0,0.0,-0.16,2.31
2023-01-07 16:00:00+01:00,0.0,0.0,0.0,-0.15,2.18
2023-01-07 17:00:00+01:00,0.0,0.0,0.0,-0.15,2.17
2023-01-07 18:00:00+01:00,0.0,0.0,0.0,-0.08,2.35
2023-01-07 19:00:00+01:00,0.0,0.0,0.0,-0.03,2.48
2023-01-07 20:00:00+01:00,0.0,0.0,0.0,0.05,2.86
2023-01-07 21:00:00+01:00,0.0,0.0,0.0,0.1,3.13
2023-01-07 22:00:00+01:00,0.0,0.0,0.0,0.1,3.33
2023-01-07 23:00:00+01:00,0.0,0.0,0.0,0.09,3.33
2023-01-08 00:00:00+01:00,0.0,0.0,0.0,0.09,3.18
2023-01-08 01:00:00+01:00,0.0,0.0,0.0,0.09,3.14
2023-01-08 02:00:00+01:00,0.0,0.0,0.0,0.08,2.97
2023-01-08 03:00:00+01:00,0.0,0.0,0.0,0.08,2.84
2023-01-08 04:00:00+01:00,0.0,0.0,0.0,0.11,2.83
2023-01-08 05:00:00+01:00,0.0,0.0,0.0,0.15,2.98
2023-01-08 06:00:00+01:00,0.0,0.0,0.0,0.2,3.08
2023-01-08 07:00:00+01:00,0.0,0.0,0.0,0.26,3.18
2023-01-08 08:00:00+01:00,0.0,0.0,0.0,0.33,3.05
2023-01-08 09:00:00+01:00,13.55,0.0,13.92,0.39,2.89
2023-01-08 10:00:00+01:00,32.0,0.0,28.9,0.51,2.86
2023-01-08 11:00:00+01:00,32.42,1.23,28.29,0.58,2.85
2023-01-08 12:00:00+01:00,28.38,2.46,24.71,0.59,2.64
2023-01-08 13:00:00+01:00,21.42,0.97,19.33,0.6,2.57
2023-01-08 14:00:00+01:00,12.45,0.0,12.81,0.67,2.78
2023-01-08 15:00:00+01:00,0.0,0.0,0.0,0.62,2.33
2023-01-08 16:00:00+01:00,0.0,0.0,0.0,0.54,2.38
2023-01-08 17:00:00+01:00,0.0,0.0,0.0,0.4,2.35
2023-01-08 18:00:00+01:00,0.0,0.0,0.0,0.35,2.28
2023-01-08 19:00:00+01:00,0.0,0.0,0.0,0.31,2.16
2023-01-08 20:00:00+01:00,0.0,0.0,0.0,0.27,2.06
2023-01-08 21:00:00+01:00,0.0,0.0,0.0,0.21,1.95
2023-01-08 22:00:00+01:00,0.0,0.0,0.0,0.16,1.77
2023-01-08 23:00:00+01:00,0.0,0.0,0.0,0.09,1.59
2023-01-09 00:00:00+01:00,0.0,0.0,0.0,0.06,1.59
2023-01-09 01:00:00+01:00,0.0,0.0,0.0,0.08,1.56
2023-01-09 02:00:00+01:00,0.0,0.0,0.0,0.03,1.29
2023-01-09 03:00:00+01:00,0.0,0.0,0.0,-0.05,1.21
2023-01-09 04:00:00+01:00,0.0,0.0,0.0,-0.29,1.23
2023-01-09 05:00:00+01:00,0.0,0.0,0.0,-0.71,1.25
2023-01-09 06:00:00+01:00,0.0,0.0,0.0,-1.0,1.3
2023-01-09 07:00:00+01:00,0.0,0.0,0.0,-1.05,1.32
2023-01-09 08:00:00+01:00,0.0,0.0,0.0,-0.83,1.36
2023-01-09 09:00:00+01:00,11.82,14.53,11.99,-0.14,1.55
2023-01-09 10:00:00+01:00,32.35,30.76,29.38,0.17,1.5
2023-01-09 11:00:00+01:00,40.42,18.82,33.01,0.35,1.58
2023-01-09 12:00:00+01:00,37.28,14.33,32.93,0.48,1.84
2023-01-09 13:00:00+01:00,32.0,10.29,30.01,0.54,1.91
2023-01-09 14:00:00+01:00,13.77,2.3,15.72,0.59,1.9
2023-01-09 15:00:00+01:00,0.0,0.0,0.0,0.57,1.73
2023-01-09 16:00:00+01:00,0.0,0.0,0.0,0.63,1.79
2023-01-09 17:00:00+01:00,0.0,0.0,0.0,0.83,2.01
2023-01-09 18:00:00+01:00,0.0,0.0,0.0,0.96,2.12
2023-01-09 19:00:00+01:00,0.0,0.0,0.0,1.08,2.22
2023-01-09 20:00:00+01:00,0.0,0.0,0.0,1.16,2.38
2023-01-09 21:00:00+01:00,0.0,0.0,0.0,1.17,2.43
2023-01-09 22:00:00+01:00,0.0,0.0,0.0,1.04,2.26
2023-01-09 23:00:00+01:00,0.0,0.0,0.0,0.8,2.02
2023-01-10 00:00:00+01:00,0.0,0.0,0.0,0.39,1.97
2023-01-10 01:00:00+01:00,0.0,0.0,0.0,0.17,1.81
2023-01-10 02:00:00+01:00,0.0,0.0,0.0,0.05,1.48
2023-01-10 03:00:00+01:00,0.0,0.0,0.0,-0.31,1.17
2023-01-10 04:00:00+01:00,0.0,0.0,0.0,-0.68,1.15
2023-01-10 05:00:00+01:00,0.0,0.0,0.0,-0.99,1.18
2023-01-10 06:00:00+01:00,0.0,0.0,0.0,-1.27,1.23
2023-01-10 07:00:00+01:00,0.0,0.0,0.0,-1.17,1.6
2023-01-10 08:00:00+01:00,0.0,0.0,0.0,-0.93,1.88
2023-01-10 09:00:00+01:00,12.0,1.99,12.32,-0.8,1.96
2023-01-10 10:00:00+01:00,26.88,14.35,23.3,-0.35,2.04
2023-01-10 11:00:00+01:00,35.9,57.33,29.26,-0.05,2.14
2023-01-10 12:00:00+01:00,42.7,85.14,29.54,0.2,2.44
2023-01-10 13:00:00+01:00,37.25,97.11,29.32,0.37,2.48
2023-01-10 14:00:00+01:00,17.7,63.32,17.28,0.37,2.39
2023-01-10 15:00:00+01:00,0.0,0.0,0.0,0.32,2.45
2023-01-10 16:00:00+01:00,0.0,0.0,0.0,0.29,2.33
2023-01-10 17:00:00+01:00,0.0,0.0,0.0,0.42,2.52
2023-01-10 18:00:00+01:00,0.0,0.0,0.0,0.44,2.45
2023-01-10 19:00:00+01:00,0.0,0.0,0.0,0.43,2.21
2023-01-10 20:00:00+01:00,0.0,0.0,0.0,0.53,2.34
2023-01-10 21:00:00+01:00,0.0,0.0,0.0,0.54,2.45
2023-01-10 22:00:00+01:00,0.0,0.0,0.0,0.38,2.34
2023-01-10 23:00:00+01:00,0.0,0.0,0.0,0.28,2.55
2023-01-11 00:00:00+01:00,0.0,0.0,0.0,0.27,2.84
2023-01-11 01:00:00+01:00,0.0,0.0,0.0,0.21,2.75
2023-01-11 02:00:00+01:00,0.0,0.0,0.0,0.24,3.05
2023-01-11 03:00:00+01:00,0.0,0.0,0.0,0.25,3.23
2023-01-11 04:00:00+01:00,0.0,0.0,0.0,0.24,3.14
2023-01-11 05:00:00+01:00,0.0,0.0,0.0,0.34,3.51
2023-01-11 06:00:00+01:00,0.0,0.0,0.0,0.53,4.08
2023-01-11 07:00:00+01:00,0.0,0.0,0.0,0.7,4.59
2023-01-11 08:00:00+01:00,0.0,0.0,0.0,0.77,4.85
2023-01-11 09:00:00+01:00,11.25,2.26,11.42,0.9,5.21
2023-01-11 10:00:00+01:00,26.12,11.55,23.46,1.09,5.3
2023-01-11 11:00:00+01:00,32.53,3.82,28.25,1.12,4.72
2023-01-11 12:00:00+01:00,39.15,11.36,33.77,1.14,4.18
2023-01-11 13:00:00+01:00,40.22,33.93,35.37,1.16,3.83
2023-01-11 14:00:00+01:00,20.2,82.27,19.6,1.37,3.81
2023-01-11 15:00:00+01:00,0.0,0.0,0.0,1.4,3.43
2023-01-11 16:00:00+01:00,0.0,0.0,0.0,1.72,3.58
2023-01-11 17:00:00+01:00,0.0,0.0,0.0,2.04,3.44
2023-01-11 18:00:00+01:00,0.0,0.0,0.0,1.95,3.08
2023-01-11 19:00:00+01:00,0.0,0.0,0.0,1.56,2.85
2023-01-11 20:00:00+01:00,0.0,0.0,0.0,1.35,2.78
2023-01-11 21:00:00+01:00,0.0,0.0,0.0,1.38,2.92
2023-01-11 22:00:00+01:00,0.0,0.0,0.0,1.37,2.88
2023-01-11 23:00:00+01:00,0.0,0.0,0.0,1.3,2.92
2023-01-12 00:00:00+01:00,0.0,0.0,0.0,1.29,2.94
2023-01-12 01:00:00+01:00,0.0,0.0,0.0,1.3,2.93
2023-01-12 02:00:00+01:00,0.0,0.0,0.0,1.32,2.88
2023-01-12 03:00:00+01:00,0.0,0.0,0.0,1.35,2.94
2023-01-12 04:00:00+01:00,0.0,0.0,0.0,1.35,2.89
2023-01-12 05:00:00+01:00,0.0,0.0,0.0,1.32,2.73
2023-01-12 06:00:00+01:00,0.0,0.0,0.0,1.23,2.62
2023-01-12 07:00:00+01:00,0.0,0.0,0.0,1.11,2.54
2023-01-12 08:00:00+01:00,0.0,0.0,0.0,0.85,2.38
2023-01-12 09:00:00+01:00,15.82,34.39,16.95,1.22,2.8
2023-01-12 10:00:00+01:00,35.83,51.21,30.41,1.32,2.38
2023-01-12 11:00:00+01:00,48.55,97.49,33.25,1.48,2.48
2023-01-12 12:00:00+01:00,49.95,108.25,34.23,1.52,2.22
2023-01-12 13:00:00+01:00,36.03,186.17,26.75,1.59,2.37
2023-01-12 14:00:00+01:00,15.4,112.61,14.08,1.57,2.52
2023-01-12 15:00:00+01:00,0.0,0.0,0.0,1.54,2.51
2023-01-12 16:00:00+01:00,0.0,0.0,0.0,1.58,2.46
2023-01-12 17:00:00+01:00,0.0,0.0,0.0,1.43,2.35
2023-01-12 18:00:00+01:00,0.0,0.0,0.0,1.26,2.1
2023-01-12 19:00:00+01:00,0.0,0.0,0.0,1.05,1.98
2023-01-12 20:00:00+01:00,0.0,0.0,0.0,0.93,1.97
2023-01-12 21:00:00+01:00,0.0,0.0,0.0,0.81,1.78
2023-01-12 22:00:00+01:00,0.0,0.0,0.0,0.7,1.82
2023-01-12 23:00:00+01:00,0.0,0.0,0.0,0.63,1.89
2023-01-13 00:00:00+01:00,0.0,0.0,0.0,0.45,1.8
2023-01-13 01:00:00+01:00,0.0,0.0,0.0,0.33,1.75
2023-01-13 02:00:00+01:00,0.0,0.0,0.0,0.26,1.68
2023-01-13 03:00:00+01:00,0.0,0.0,0.0,0.18,1.7
2023-01-13 04:00:00+01:00,0.0,0.0,0.0,0.13,1.77
2023-01-13 05:00:00+01:00,0.0,0.0,0.0,0.26,1.86
2023-01-13 06:00:00+01:00,0.0,0.0,0.0,0.36,2.15
2023-01-13 07:00:00+01:00,0.0,0.0,0.0,0.31,2.4
2023-01-13 08:00:00+01:00,0.0,0.0,0.0,0.36,2.65
2023-01-13 09:00:00+01:00,14.07,30.92,13.91,0.57,2.65
2023-01-13 10:00:00+01:00,33.78,80.66,28.06,0.79,2.41
2023-01-13 11:00:00+01:00,44.15,86.07,35.66,1.08,2.16
2023-01-13 12:00:00+01:00,63.33,179.85,37.65,1.5,2.3
2023-01-13 13:00:00+01:00,42.55,99.58,30.18,1.92,2.6
2023-01-13 14:00:00+01:00,16.7,40.73,15.82,2.2,2.68
2023-01-13 15:00:00+01:00,0.0,0.0,0.0,2.17,2.66
2023-01-13 16:00:00+01:00,0.0,0.0,0.0,2.01,2.49
2023-01-13 17:00:00+01:00,0.0,0.0,0.0,1.78,2.33
2023-01-13 18:00:00+01:00,0.0,0.0,0.0,1.53,2.01
2023-01-13 19:00:00+01:00,0.0,0.0,0.0,1.26,1.86
2023-01-13 20:00:00+01:00,0.0,0.0,0.0,1.41,2.15
2023-01-13 21:00:00+01:00,0.0,0.0,0.0,1.53,1.88
2023-01-13 22:00:00+01:00,0.0,0.0,0.0,1.6,1.86
2023-01-13 23:00:00+01:00,0.0,0.0,0.0,1.56,1.7
2023-01-14 00:00:00+01:00,0.0,0.0,0.0,1.77,1.88
2023-01-14 01:00:00+01:00,0.0,0.0,0.0,1.72,1.74
2023-01-14 02:00:00+01:00,0.0,0.0,0.0,1.31,1.56
2023-01-14 03:00:00+01:00,0.0,0.0,0.0,1.37,1.47
2023-01-14 04:00:00+01:00,0.0,0.0,0.0,1.57,1.33
2023-01-14 05:00:00+01:00,0.0,0.0,0.0,1.66,0.92
2023-01-14 06:00:00+01:00,0.0,0.0,0.0,1.58,0.8
2023-01-14 07:00:00+01:00,0.0,0.0,0.0,1.18,1.06
2023-01-14 08:00:00+01:00,0.0,0.0,0.0,1.02,1.06
2023-01-14 09:00:00+01:00,14.62,91.92,14.52,1.02,1.21
2023-01-14 10:00:00+01:00,35.47,86.93,27.12,1.32,1.69
2023-01-14 11:00:00+01:00,44.15,63.14,34.95,1.34,1.81
2023-01-14 12:00:00+01:00,53.97,78.73,40.74,1.22,1.81
2023-01-14 13:00:00+01:00,39.08,50.65,32.91,1.05,2.02
2023-01-14 14:00:00+01:00,16.27,24.13,16.95,0.66,1.72
2023-01-14 15:00:00+01:00,0.0,0.0,0.0,0.31,1.76
2023-01-14 16:00:00+01:00,0.0,0.0,0.0,0.1,1.74
2023-01-14 17:00:00+01:00,0.0,0.0,0.0,0.01,1.67
2023-01-14 18:00:00+01:00,0.0,0.0,0.0,-0.03,1.24
2023-01-14 19:00:00+01:00,0.0,0.0,0.0,0.09,1.2
2023-01-14 20:00:00+01:00,0.0,0.0,0.0,0.24,1.31
2023-01-14 21:00:00+01:00,0.0,0.0,0.0,0.55,1.83
2023-01-14 22:00:00+01:00,0.0,0.0,0.0,0.65,2.1
2023-01-14 23:00:00+01:00,0.0,0.0,0.0,0.97,2.72
2023-01-15 00:00:00+01:00,0.0,0.0,0.0,1.16,2.94
2023-01-15 01:00:00+01:00,0.0,0.0,0.0,1.19,3.66
2023-01-15 02:00:00+01:00,0.0,0.0,0.0,1.02,3.97
2023-01-15 03:00:00+01:00,0.0,0.0,0.0,0.88,3.81
2023-01-15 04:00:00+01:00,0.0,0.0,0.0,0.83,3.54
2023-01-15 05:00:00+01:00,0.0,0.0,0.0,0.56,3.33
2023-01-15 06:00:00+01:00,0.0,0.0,0.0,0.71,3.65
2023-01-15 07:00:00+01:00,0.0,0.0,0.0,0.97,3.84
2023-01-15 08:00:00+01:00,0.0,0.0,0.0,1.05,3.74
2023-01-15 09:00:00+01:00,22.05,80.75,19.92,1.34,4.0
2023-01-15 10:00:00+01:00,53.62,121.13,37.72,1.75,4.22
2023-01-15 11:00:00+01:00,81.43,255.16,47.23,1.99,4.46
2023-01-15 12:00:00+01:00,82.38,239.16,44.04,2.14,4.47
2023-01-15 13:00:00+01:00,59.5,139.09,44.38,2.15,4.43
2023-01-15 14:00:00+01:00,26.23,83.97,23.29,2.01,4.36
2023-01-15 15:00:00+01:00,0.0,0.0,0.0,1.73,4.26
2023-01-15 16:00:00+01:00,0.0,0.0,0.0,1.39,4.22
2023-01-15 17:00:00+01:00,0.0,0.0,0.0,1.01,4.16
2023-01-15 18:00:00+01:00,0.0,0.0,0.0,0.66,4.06
2023-01-15 19:00:00+01:00,0.0,0.0,0.0,0.41,3.93
2023-01-15 20:00:00+01:00,0.0,0.0,0.0,0.33,3.76
2023-01-15 21:00:00+01:00,0.0,0.0,0.0,0.46,3.51
2023-01-15 22:00:00+01:00,0.0,0.0,0.0,0.57,2.88
2023-01-15 23:00:00+01:00,0.0,0.0,0.0,0.5,2.42
2023-01-16 00:00:00+01:00,0.0,0.0,0.0,0.34,2.36
2023-01-16 01:00:00+01:00,0.0,0.0,0.0,0.31,2.42
2023-01-16 02:00:00+01:00,0.0,0.0,0.0,0.34,2.58
2023-01-16 03:00:00+01:00,0.0,0.0,0.0,0.53,3.0
2023-01-16 04:00:00+01:00,0.0,0.0,0.0,0.7,3.32
2023-01-16 05:00:00+01:00,0.0,0.0,0.0,0.55,3.49
2023-01-16 06:00:00+01:00,0.0,0.0,0.0,0.2,3.47
2023-01-16 07:00:00+01:00,0.0,0.0,0.0,-0.1,3.26
2023-01-16 08:00:00+01:00,0.0,0.0,0.0,-0.13,3.09
2023-01-16 09:00:00+01:00,31.55,118.05,24.72,0.11,3.02
2023-01-16 10:00:00+01:00,86.43,345.65,39.83,0.48,3.29
2023-01-16 11:00:00+01:00,123.6,497.26,36.74,0.8,3.41
2023-01-16 12:00:00+01:00,122.68,503.89,38.11,1.06,3.31
2023-01-16 13:00:00+01:00,92.9,397.03,32.51,1.09,2.98
2023-01-16 14:00:00+01:00,44.35,247.92,25.23,0.72,2.52
2023-01-16 15:00:00+01:00,0.0,0.0,0.0,-0.47,2.05
2023-01-16 16:00:00+01:00,0.0,0.0,0.0,-0.5,2.2
2023-01-16 17:00:00+01:00,0.0,0.0,0.0,0.08,2.07
2023-01-16 18:00:00+01:00,0.0,0.0,0.0,0.25,1.89
2023-01-16 19:00:00+01:00,0.0,0.0,0.0,0.3,1.96
2023-01-16 20:00:00+01:00,0.0,0.0,0.0,0.19,1.97
2023-01-16 21:00:00+01:00,0.0,0.0,0.0,0.08,2.23
2023-01-16 22:00:00+01:00,0.0,0.0,0.0,-0.08,2.24
2023-01-16 23:00:00+01:00,0.0,0.0,0.0,-0.11,2.27
2023-01-17 00:00:00+01:00,0.0,0.0,0.0,-0.07,2.22
2023-01-17 01:00:00+01:00,0.0,0.0,0.0,0.06,2.25
2023-01-17 02:00:00+01:00,0.0,0.0,0.0,0.33,2.57
2023-01-17 03:00:00+01:00,0.0,0.0,0.0,0.36,2.53
2023-01-17 04:00:00+01:00,0.0,0.0,0.0,0.53,2.63
2023-01-17 05:00:00+01:00,0.0,0.0,0.0,0.77,2.68
2023-01-17 06:00:00+01:00,0.0,0.0,0.0,1.13,3.09
2023-01-17 07:00:00+01:00,0.0,0.0,0.0,1.34,3.26
2023-01-17 08:00:00+01:00,0.0,0.0,0.0,1.32,3.27
2023-01-17 09:00:00+01:00,10.95,0.0,10.95,1.28,3.24
2023-01-17 10:00:00+01:00,16.6,0.0,14.98,1.32,3.22
2023-01-17 11:00:00+01:00,16.58,0.0,14.62,1.38,3.22
2023-01-17 12:00:00+01:00,19.98,0.0,17.62,1.35,3.36
2023-01-17 13:00:00+01:00,18.25,0.0,15.95,1.15,3.63
2023-01-17 14:00:00+01:00,15.52,6.87,15.01,0.64,3.9
2023-01-17 15:00:00+01:00,0.0,0.0,0.0,0.42,3.83
2023-01-17 16:00:00+01:00,0.0,0.0,0.0,0.25,3.25
2023-01-17 17:00:00+01:00,0.0,0.0,0.0,0.07,2.67
2023-01-17 18:00:00+01:00,0.0,0.0,0.0,-0.01,2.53
2023-01-17 19:00:00+01:00,0.0,0.0,0.0,0.12,2.47
2023-01-17 20:00:00+01:00,0.0,0.0,0.0,0.45,2.37
2023-01-17 21:00:00+01:00,0.0,0.0,0.0,1.0,2.58
2023-01-17 22:00:00+01:00,0.0,0.0,0.0,1.41,2.37
2023-01-17 23:00:00+01:00,0.0,0.0,0.0,1.61,2.19
2023-01-18 00:00:00+01:00,0.0,0.0,0.0,1.62,2.23
2023-01-18 01:00:00+01:00,0.0,0.0,0.0,1.59,2.06
2023-01-18 02:00:00+01:00,0.0,0.0,0.0,1.52,2.05
2023-01-18 03:00:00+01:00,0.0,0.0,0.0,1.05,2.34
2023-01-18 04:00:00+01:00,0.0,0.0,0.0,0.56,2.57
2023-01-18 05:00:00+01:00,0.0,0.0,0.0,0.35,2.62
2023-01-18 06:00:00+01:00,0.0,0.0,0.0,0.04,2.66
2023-01-18 07:00:00+01:00,0.0,0.0,0.0,-0.32,2.86
2023-01-18 08:00:00+01:00,0.0,0.0,0.0,-0.53,2.81
2023-01-18 09:00:00+01:00,28.85,81.65,25.7,-0.49,2.8
2023-01-18 10:00:00+01:00,71.07,203.52,44.67,-0.18,2.71
2023-01-18 11:00:00+01:00,108.28,387.13,47.9,0.2,2.9
2023-01-18 12:00:00+01:00,94.65,240.59,56.87,0.45,3.01
2023-01-18 13:00:00+01:00,71.18,133.5,53.71,0.56,2.93
2023-01-18 14:00:00+01:00,35.85,78.08,32.93,0.49,2.75
2023-01-18 15:00:00+01:00,0.0,0.0,0.0,0.24,2.78
2023-01-18 16:00:00+01:00,0.0,0.0,0.0,0.01,2.8
2023-01-18 17:00:00+01:00,0.0,0.0,0.0,-0.29,2.7
2023-01-18 18:00:00+01:00,0.0,0.0,0.0,-0.64,2.56
2023-01-18 19:00:00+01:00,0.0,0.0,0.0,-1.04,2.37
2023-01-18 20:00:00+01:00,0.0,0.0,0.0,-1.4,2.05
2023-01-18 21:00:00+01:00,0.0,0.0,0.0,-1.59,1.94
2023-01-18 22:00:00+01:00,0.0,0.0,0.0,-1.78,1.82
2023-01-18 23:00:00+01:00,0.0,0.0,0.0,-1.94,1.79
2023-01-19 00:00:00+01:00,0.0,0.0,0.0,-1.94,1.95
2023-01-19 01:00:00+01:00,0.0,0.0,0.0,-1.9,2.0
2023-01-19 02:00:00+01:00,0.0,0.0,0.0,-1.89,1.97
2023-01-19 03:00:00+01:00,0.0,0.0,0.0,-1.88,1.92
2023-01-19 04:00:00+01:00,0.0,0.0,0.0,-1.87,1.83
2023-01-19 05:00:00+01:00,0.0,0.0,0.0,-1.91,1.73
2023-01-19 06:00:00+01:00,0.0,0.0,0.0,-2.02,1.58
2023-01-19 07:00:00+01:00,0.0,0.0,0.0,-2.14,1.63
2023-01-19 08:00:00+01:00,0.0,0.0,0.0,-2.23,1.58
2023-01-19 09:00:00+01:00,32.7,142.09,27.07,-2.04,1.61
2023-01-19 10:00:00+01:00,58.8,176.7,32.27,-1.82,1.74
2023-01-19 11:00:00+01:00,96.55,310.57,48.07,-1.53,1.72
2023-01-19 12:00:00+01:00,107.85,364.18,49.83,-1.2,1.66
2023-01-19 13:00:00+01:00,82.75,291.5,42.46,-1.05,1.57
2023-01-19 14:00:00+01:00,38.38,171.61,26.36,-1.88,1.43
2023-01-19 15:00:00+01:00,3.38,22.14,4.52,-3.49,1.71
2023-01-19 16:00:00+01:00,0.0,0.0,0.0,-3.85,1.88
2023-01-19 17:00:00+01:00,0.0,0.0,0.0,-4.21,1.79
2023-01-19 18:00:00+01:00,0.0,0.0,0.0,-4.36,1.66
2023-01-19 19:00:00+01:00,0.0,0.0,0.0,-4.57,1.54
2023-01-19 20:00:00+01:00,0.0,0.0,0.0,-4.5,1.43
2023-01-19 21:00:00+01:00,0.0,0.0,0.0,-3.99,1.62
2023-01-19 22:00:00+01:00,0.0,0.0,0.0,-3.59,1.7
2023-01-19 23:00:00+01:00,0.0,0.0,0.0,-3.26,1.7
2023-01-20 00:00:00+01:00,0.0,0.0,0.0,-2.92,1.73
2023-01-20 01:00:00+01:00,0.0,0.0,0.0,-2.65,1.72
2023-01-20 02:00:00+01:00,0.0,0.0,0.0,-2.51,1.71
2023-01-20 03:00:00+01:00,0.0,0.0,0.0,-2.47,1.73
2023-01-20 04:00:00+01:00,0.0,0.0,0.0,-2.37,1.76
2023-01-20 05:00:00+01:00,0.0,0.0,0.0,-2.23,1.74
2023-01-20 06:00:00+01:00,0.0,0.0,0.0,-2.08,1.71
2023-01-20 07:00:00+01:00,0.0,0.0,0.0,-1.92,1.65
2023-01-20 08:00:00+01:00,0.0,0.0,0.0,-1.73,1.55
2023-01-20 09:00:00+01:00,22.62,77.66,21.34,-1.36,1.36
2023-01-20 10:00:00+01:00,51.47,156.63,34.76,-0.81,1.1
2023-01-20 11:00:00+01:00,67.32,251.41,38.76,-0.31,0.77
2023-01-20 12:00:00+01:00,67.68,238.92,38.74,0.0,0.53
2023-01-20 13:00:00+01:00,52.28,63.29,42.71,0.06,0.43
2023-01-20 14:00:00+01:00,32.47,53.79,30.53,-0.41,0.53
2023-01-20 15:00:00+01:00,4.55,15.15,6.13,-1.08,0.86
2023-01-20 16:00:00+01:00,0.0,0.0,0.0,-1.61,1.08
2023-01-20 17:00:00+01:00,0.0,0.0,0.0,-2.0,1.2
2023-01-20 18:00:00+01:00,0.0,0.0,0.0,-2.38,1.33
2023-01-20 19:00:00+01:00,0.0,0.0,0.0,-2.74,1.46
2023-01-20 20:00:00+01:00,0.0,0.0,0.0,-3.17,1.47
2023-01-20 21:00:00+01:00,0.0,0.0,0.0,-3.54,1.36
2023-01-20 22:00:00+01:00,0.0,0.0,0.0,-3.78,1.16
2023-01-20 23:00:00+01:00,0.0,0.0,0.0,-4.02,1.09
2023-01-21 00:00:00+01:00,0.0,0.0,0.0,-4.3,1.15
2023-01-21 01:00:00+01:00,0.0,0.0,0.0,-4.48,1.2
2023-01-21 02:00:00+01:00,0.0,0.0,0.0,-4.57,1.18
2023-01-21 03:00:00+01:00,0.0,0.0,0.0,-4.58,1.15
2023-01-21 04:00:00+01:00,0.0,0.0,0.0,-4.8,1.19
2023-01-21 05:00:00+01:00,0.0,0.0,0.0,-5.17,1.23
2023-01-21 06:00:00+01:00,0.0,0.0,0.0,-5.41,1.25
2023-01-21 07:00:00+01:00,0.0,0.0,0.0,-5.57,1.32
2023-01-21 08:00:00+01:00,0.0,0.0,0.0,-5.58,1.42
2023-01-21 09:00:00+01:00,35.6,141.47,27.28,-5.21,1.34
2023-01-21 10:00:00+01:00,56.08,152.06,36.88,-4.55,1.32
2023-01-21 11:00:00+01:00,72.18,175.68,49.1,-4.15,1.24
2023-01-21 12:00:00+01:00,71.3,175.05,53.77,-3.9,1.13
2023-01-21 13:00:00+01:00,59.3,209.42,46.43,-3.93,1.23
2023-01-21 14:00:00+01:00,30.62,184.09,25.51,-4.6,1.32
2023-01-21 15:00:00+01:00,4.55,31.51,5.77,-5.7,1.28
2023-01-21 16:00:00+01:00,0.0,0.0,0.0,-6.57,1.24
2023-01-21 17:00:00+01:00,0.0,0.0,0.0,-7.29,1.33
2023-01-21 18:00:00+01:00,0.0,0.0,0.0,-8.18,1.4
2023-01-21 19:00:00+01:00,0.0,0.0,0.0,-8.73,1.5
2023-01-21 20:00:00+01:00,0.0,0.0,0.0,-8.98,1.43
2023-01-21 21:00:00+01:00,0.0,0.0,0.0,-9.06,1.26
2023-01-21 22:00:00+01:00,0.0,0.0,0.0,-9.11,1.1
2023-01-21 23:00:00+01:00,0.0,0.0,0.0,-9.33,1.08
2023-01-22 00:00:00+01:00,0.0,0.0,0.0,-9.52,1.15
2023-01-22 01:00:00+01:00,0.0,0.0,0.0,-9.65,1.19
2023-01-22 02:00:00+01:00,0.0,0.0,0.0,-9.89,1.37
2023-01-22 03:00:00+01:00,0.0,0.0,0.0,-10.1,1.45
2023-01-22 04:00:00+01:00,0.0,0.0,0.0,-10.24,1.44
2023-01-22 05:00:00+01:00,0.0,0.0,0.0,-10.28,1.36
2023-01-22 06:00:00+01:00,0.0,0.0,0.0,-10.24,1.24
2023-01-22 07:00:00+01:00,0.0,0.0,0.0,-10.23,1.15
2023-01-22 08:00:00+01:00,0.0,0.0,0.0,-10.23,1.08
2023-01-22 09:00:00+01:00,36.78,106.88,30.51,-9.86,0.98
2023-01-22 10:00:00+01:00,65.88,98.98,48.28,-9.06,0.84
2023-01-22 11:00:00+01:00,94.15,86.13,77.75,-8.38,0.78
2023-01-22 12:00:00+01:00,93.95,93.55,76.49,-7.91,0.77
2023-01-22 13:00:00+01:00,70.5,105.17,55.05,-7.76,0.79
2023-01-22 14:00:00+01:00,36.5,70.08,33.37,-8.32,0.91
2023-01-22 15:00:00+01:00,5.43,15.31,7.19,-9.5,1.09
2023-01-22 16:00:00+01:00,0.0,0.0,0.0,-9.99,1.16
2023-01-22 17:00:00+01:00,0.0,0.0,0.0,-10.03,1.19
2023-01-22 18:00:00+01:00,0.0,0.0,0.0,-10.04,1.26
2023-01-22 19:00:00+01:00,0.0,0.0,0.0,-10.0,1.34
2023-01-22 20:00:00+01:00,0.0,0.0,0.0,-10.1,1.45
2023-01-22 21:00:00+01:00,0.0,0.0,0.0,-10.19,1.6
2023-01-22 22:00:00+01:00,0.0,0.0,0.0,-10.34,1.65
2023-01-22 23:00:00+01:00,0.0,0.0,0.0,-10.51,1.68
2023-01-23 00:00:00+01:00,0.0,0.0,0.0,-10.66,1.72
2023-01-23 01:00:00+01:00,0.0,0.0,0.0,-10.84,1.76
2023-01-23 02:00:00+01:00,0.0,0.0,0.0,-11.12,1.81
2023-01-23 03:00:00+01:00,0.0,0.0,0.0,-11.46,1.9
2023-01-23 04:00:00+01:00,0.0,0.0,0.0,-11.7,1.85
2023-01-23 05:00:00+01:00,0.0,0.0,0.0,-11.79,1.81
2023-01-23 06:00:00+01:00,0.0,0.0,0.0,-11.72,1.91
2023-01-23 07:00:00+01:00,0.0,0.0,0.0,-11.57,1.97
2023-01-23 08:00:00+01:00,0.0,0.0,0.0,-11.48,2.11
2023-01-23 09:00:00+01:00,28.17,12.6,26.0,-10.53,2.12
2023-01-23 10:00:00+01:00,45.47,11.16,39.27,-9.66,2.33
2023-01-23 11:00:00+01:00,59.2,50.32,48.68,-8.81,2.48
2023-01-23 12:00:00+01:00,60.72,52.97,47.68,-8.06,2.51
2023-01-23 13:00:00+01:00,54.05,95.26,41.22,-7.64,2.55
2023-01-23 14:00:00+01:00,27.05,22.42,24.76,-7.64,2.53
2023-01-23 15:00:00+01:00,5.95,16.19,7.35,-7.81,2.62
2023-01-23 16:00:00+01:00,0.0,0.0,0.0,-7.69,2.69
2023-01-23 17:00:00+01:00,0.0,0.0,0.0,-7.41,2.81
2023-01-23 18:00:00+01:00,0.0,0.0,0.0,-7.02,2.92
2023-01-23 19:00:00+01:00,0.0,0.0,0.0,-6.49,3.05
2023-01-23 20:00:00+01:00,0.0,0.0,0.0,-5.87,3.15
2023-01-23 21:00:00+01:00,0.0,0.0,0.0,-5.24,3.21
2023-01-23 22:00:00+01:00,0.0,0.0,0.0,-4.71,3.27
2023-01-23 23:00:00+01:00,0.0,0.0,0.0,-4.27,3.35
2023-01-24 00:00:00+01:00,0.0,0.0,0.0,-3.91,3.41
2023-01-24 01:00:00+01:00,0.0,0.0,0.0,-3.59,3.42
2023-01-24 02:00:00+01:00,0.0,0.0,0.0,-3.21,3.46
2023-01-24 03:00:00+01:00,0.0,0.0,0.0,-2.88,3.41
2023-01-24 04:00:00+01:00,0.0,0.0,0.0,-2.51,3.44
2023-01-24 05:00:00+01:00,0.0,0.0,0.0,-2.07,3.34
2023-01-24 06:00:00+01:00,0.0,0.0,0.0,-1.67,3.13
2023-01-24 07:00:00+01:00,0.0,0.0,0.0,-1.37,3.0
2023-01-24 08:00:00+01:00,3.0,35.06,3.51,-1.1,2.97
2023-01-24 09:00:00+01:00,26.98,220.14,18.03,-0.68,2.66
2023-01-24 10:00:00+01:00,23.52,24.98,19.87,-0.08,2.68
2023-01-24 11:00:00+01:00,50.03,89.0,33.01,0.48,2.73
2023-01-24 12:00:00+01:00,63.22,155.0,39.8,0.87,2.7
2023-01-24 13:00:00+01:00,50.67,96.16,35.36,1.08,2.78
2023-01-24 14:00:00+01:00,27.05,74.0,21.48,1.16,2.86
2023-01-24 15:00:00+01:00,4.7,13.22,5.78,1.23,2.89
2023-01-24 16:00:00+01:00,0.0,0.0,0.0,1.28,2.87
2023-01-24 17:00:00+01:00,0.0,0.0,0.0,1.35,2.81
2023-01-24 18:00:00+01:00,0.0,0.0,0.0,1.44,2.92
2023-01-24 19:00:00+01:00,0.0,0.0,0.0,1.54,3.03
2023-01-24 20:00:00+01:00,0.0,0.0,0.0,1.65,3.19
2023-01-24 21:00:00+01:00,0.0,0.0,0.0,1.73,3.33
2023-01-24 22:00:00+01:00,0.0,0.0,0.0,1.8,3.47
2023-01-24 23:00:00+01:00,0.0,0.0,0.0,1.88,3.57
2023-01-25 00:00:00+01:00,0.0,0.0,0.0,1.98,3.63
2023-01-25 01:00:00+01:00,0.0,0.0,0.0,2.08,3.7
2023-01-25 02:00:00+01:00,0.0,0.0,0.0,2.19,3.78
2023-01-25 03:00:00+01:00,0.0,0.0,0.0,2.29,3.86
2023-01-25 04:00:00+01:00,0.0,0.0,0.0,2.41,3.88
2023-01-25 05:00:00+01:00,0.0,0.0,0.0,2.56,3.91
2023-01-25 06:00:00+01:00,0.0,0.0,0.0,2.69,3.9
2023-01-25 07:00:00+01:00,0.0,0.0,0.0,2.81,3.86
2023-01-25 08:00:00+01:00,2.4,9.51,3.21,2.88,3.82
2023-01-25 09:00:00+01:00,16.33,48.4,14.32,2.99,3.94
2023-01-25 10:00:00+01:00,19.08,34.61,14.52,3.01,3.98
2023-01-25 11:00:00+01:00,29.67,29.8,24.34,2.93,4.03
2023-01-25 12:00:00+01:00,29.23,30.62,23.8,2.8,4.0
2023-01-25 13:00:00+01:00,25.65,23.86,20.92,2.68,3.87
2023-01-25 14:00:00+01:00,16.05,32.57,13.8,2.6,3.74
2023-01-25 15:00:00+01:00,4.57,7.38,5.46,2.52,3.61
2023-01-25 16:00:00+01:00,0.0,0.0,0.0,2.5,3.47
2023-01-25 17:00:00+01:00,0.0,0.0,0.0,2.48,3.18
2023-01-25 18:00:00+01:00,0.0,0.0,0.0,2.43,2.94
2023-01-25 19:00:00+01:00,0.0,0.0,0.0,2.42,2.82
2023-01-25 20:00:00+01:00,0.0,0.0,0.0,2.28,2.51
2023-01-25 21:00:00+01:00,0.0,0.0,0.0,2.19,2.4
2023-01-25 22:00:00+01:00,0.0,0.0,0.0,2.11,2.21
2023-01-25 23:00:00+01:00,0.0,0.0,0.0,2.14,2.29
2023-01-26 00:00:00+01:00,0.0,0.0,0.0,2.0,1.98
2023-01-26 01:00:00+01:00,0.0,0.0,0.0,1.79,1.94
2023-01-26 02:00:00+01:00,0.0,0.0,0.0,1.64,1.84
2023-01-26 03:00:00+01:00,0.0,0.0,0.0,1.4,1.8
2023-01-26 04:00:00+01:00,0.0,0.0,0.0,1.22,1.83
2023-01-26 05:00:00+01:00,0.0,0.0,0.0,0.91,1.81
2023-01-26 06:00:00+01:00,0.0,0.0,0.0,0.85,2.07
2023-01-26 07:00:00+01:00,0.0,0.0,0.0,0.65,2.32
2023-01-26 08:00:00+01:00,4.18,36.73,5.06,0.33,2.54
2023-01-26 09:00:00+01:00,56.03,281.14,30.87,0.37,2.89
2023-01-26 10:00:00+01:00,127.95,507.79,43.0,0.63,2.67
2023-01-26 11:00:00+01:00,174.15,655.76,45.24,0.94,2.52
2023-01-26 12:00:00+01:00,180.77,708.94,41.7,1.2,2.51
2023-01-26 13:00:00+01:00,145.45,575.89,54.08,1.18,2.46
2023-01-26 14:00:00+01:00,81.78,464.83,31.15,0.71,2.52
2023-01-26 15:00:00+01:00,15.18,115.56,11.62,-0.34,2.54
2023-01-26 16:00:00+01:00,0.0,0.0,0.0,-1.8,2.37
2023-01-26 17:00:00+01:00,0.0,0.0,0.0,-2.62,2.31
2023-01-26 18:00:00+01:00,0.0,0.0,0.0,-2.84,2.31
2023-01-26 19:00:00+01:00,0.0,0.0,0.0,-2.97,2.28
2023-01-26 20:00:00+01:00,0.0,0.0,0.0,-3.06,2.24
2023-01-26 21:00:00+01:00,0.0,0.0,0.0,-3.13,2.21
2023-01-26 22:00:00+01:00,0.0,0.0,0.0,-3.28,2.1
2023-01-26 23:00:00+01:00,0.0,0.0,0.0,-3.43,2.03
2023-01-27 00:00:00+01:00,0.0,0.0,0.0,-3.65,1.8
2023-01-27 01:00:00+01:00,0.0,0.0,0.0,-3.97,1.81
2023-01-27 02:00:00+01:00,0.0,0.0,0.0,-4.24,1.68
2023-01-27 03:00:00+01:00,0.0,0.0,0.0,-4.38,1.55
2023-01-27 04:00:00+01:00,0.0,0.0,0.0,-4.36,1.48
2023-01-27 05:00:00+01:00,0.0,0.0,0.0,-4.24,1.44
2023-01-27 06:00:00+01:00,0.0,0.0,0.0,-4.48,1.21
2023-01-27 07:00:00+01:00,0.0,0.0,0.0,-4.35,1.14
2023-01-27 08:00:00+01:00,7.07,27.86,8.9,-3.95,1.21
2023-01-27 09:00:00+01:00,57.6,115.4,50.53,-3.28,1.14
2023-01-27 10:00:00+01:00,114.4,200.16,88.2,-2.52,1.13
2023-01-27 11:00:00+01:00,147.6,206.35,114.8,-1.77,1.26
2023-01-27 12:00:00+01:00,153.48,204.34,113.78,-1.01,1.41
2023-01-27 13:00:00+01:00,125.68,171.94,93.55,-0.7,1.45
2023-01-27 14:00:00+01:00,72.35,155.18,55.64,-1.39,1.35
2023-01-27 15:00:00+01:00,14.38,52.77,16.49,-3.36,1.73
2023-01-27 16:00:00+01:00,0.0,0.0,0.0,-3.72,2.07
2023-01-27 17:00:00+01:00,0.0,0.0,0.0,-3.85,1.97
2023-01-27 18:00:00+01:00,0.0,0.0,0.0,-3.53,2.1
2023-01-27 19:00:00+01:00,0.0,0.0,0.0,-3.29,2.18
2023-01-27 20:00:00+01:00,0.0,0.0,0.0,-3.66,2.21
2023-01-27 21:00:00+01:00,0.0,0.0,0.0,-3.82,2.32
2023-01-27 22:00:00+01:00,0.0,0.0,0.0,-3.69,2.61
2023-01-27 23:00:00+01:00,0.0,0.0,0.0,-3.76,2.68
2023-01-28 00:00:00+01:00,0.0,0.0,0.0,-3.84,2.76
2023-01-28 01:00:00+01:00,0.0,0.0,0.0,-3.74,2.87
2023-01-28 02:00:00+01:00,0.0,0.0,0.0,-3.51,2.98
2023-01-28 03:00:00+01:00,0.0,0.0,0.0,-3.19,3.0
2023-01-28 04:00:00+01:00,0.0,0.0,0.0,-2.75,2.97
2023-01-28 05:00:00+01:00,0.0,0.0,0.0,-2.23,2.94
2023-01-28 06:00:00+01:00,0.0,0.0,0.0,-1.84,2.97
2023-01-28 07:00:00+01:00,0.0,0.0,0.0,-1.2,3.2
2023-01-28 08:00:00+01:00,6.53,17.05,8.58,-0.83,3.0
2023-01-28 09:00:00+01:00,57.1,175.57,42.12,-0.34,2.68
2023-01-28 10:00:00+01:00,118.15,351.63,66.67,0.56,2.59
2023-01-28 11:00:00+01:00,145.48,541.83,51.23,1.45,2.75
2023-01-28 12:00:00+01:00,149.65,215.43,101.06,1.76,2.66
2023-01-28 13:00:00+01:00,104.2,47.18,92.49,1.71,2.5
2023-01-28 14:00:00+01:00,65.35,48.0,57.43,1.41,2.51
2023-01-28 15:00:00+01:00,17.02,44.99,19.06,0.57,2.23
2023-01-28 16:00:00+01:00,0.0,0.0,0.0,-0.04,2.09
2023-01-28 17:00:00+01:00,0.0,0.0,0.0,-0.22,1.9
2023-01-28 18:00:00+01:00,0.0,0.0,0.0,-0.43,1.91
2023-01-28 19:00:00+01:00,0.0,0.0,0.0,-0.58,1.78
2023-01-28 20:00:00+01:00,0.0,0.0,0.0,-0.58,1.86
2023-01-28 21:00:00+01:00,0.0,0.0,0.0,-0.63,1.81
2023-01-28 22:00:00+01:00,0.0,0.0,0.0,-0.64,1.8
2023-01-28 23:00:00+01:00,0.0,0.0,0.0,-0.63,1.85
2023-01-29 00:00:00+01:00,0.0,0.0,0.0,-0.66,1.77
2023-01-29 01:00:00+01:00,0.0,0.0,0.0,-0.69,1.67
2023-01-29 02:00:00+01:00,0.0,0.0,0.0,-0.72,1.61
2023-01-29 03:00:00+01:00,0.0,0.0,0.0,-0.73,1.54
2023-01-29 04:00:00+01:00,0.0,0.0,0.0,-0.77,1.54
2023-01-29 05:00:00+01:00,0.0,0.0,0.0,-0.83,1.64
2023-01-29 06:00:00+01:00,0.0,0.0,0.0,-0.92,1.71
2023-01-29 07:00:00+01:00,0.0,0.0,0.0,-1.13,1.83
2023-01-29 08:00:00+01:00,8.32,0.0,8.88,-1.2,1.94
2023-01-29 09:00:00+01:00,50.75,4.87,45.72,-0.84,2.03
2023-01-29 10:00:00+01:00,92.18,12.02,80.26,-0.29,2.23
2023-01-29 11:00:00+01:00,117.35,11.29,103.3,0.38,2.5
2023-01-29 12:00:00+01:00,136.75,95.96,113.05,0.98,2.88
2023-01-29 13:00:00+01:00,103.88,78.06,84.75,1.53,3.33
2023-01-29 14:00:00+01:00,57.17,60.83,49.93,1.95,3.73
2023-01-29 15:00:00+01:00,10.3,12.46,11.83,2.31,4.06
2023-01-29 16:00:00+01:00,0.0,0.0,0.0,2.58,4.38
2023-01-29 17:00:00+01:00,0.0,0.0,0.0,2.76,4.5
2023-01-29 18:00:00+01:00,0.0,0.0,0.0,2.84,4.55
2023-01-29 19:00:00+01:00,0.0,0.0,0.0,2.93,4.79
2023-01-29 20:00:00+01:00,0.0,0.0,0.0,3.1,5.22
2023-01-29 21:00:00+01:00,0.0,0.0,0.0,3.4,5.48
2023-01-29 22:00:00+01:00,0.0,0.0,0.0,3.69,5.34
2023-01-29 23:00:00+01:00,0.0,0.0,0.0,4.09,5.51
2023-01-30 00:00:00+01:00,0.0,0.0,0.0,4.27,5.4
2023-01-30 01:00:00+01:00,0.0,0.0,0.0,4.25,5.16
2023-01-30 02:00:00+01:00,0.0,0.0,0.0,3.97,5.12
2023-01-30 03:00:00+01:00,0.0,0.0,0.0,3.34,5.14
2023-01-30 04:00:00+01:00,0.0,0.0,0.0,2.61,5.2
2023-01-30 05:00:00+01:00,0.0,0.0,0.0,2.06,5.28
2023-01-30 06:00:00+01:00,0.0,0.0,0.0,1.76,5.35
2023-01-30 07:00:00+01:00,0.0,0.0,0.0,1.84,5.48
2023-01-30 08:00:00+01:00,9.23,52.12,10.35,2.03,5.33
2023-01-30 09:00:00+01:00,69.15,233.47,43.97,2.17,4.81
2023-01-30 10:00:00+01:00,130.93,418.39,63.0,2.59,4.99
2023-01-30 11:00:00+01:00,151.88,429.3,68.08,3.08,4.96
2023-01-30 12:00:00+01:00,145.2,309.56,75.57,3.38,4.62
2023-01-30 13:00:00+01:00,118.68,275.64,74.71,3.35,4.51
2023-01-30 14:00:00+01:00,70.93,188.48,49.5,3.04,4.62
2023-01-30 15:00:00+01:00,17.88,83.23,18.07,2.55,4.74
2023-01-30 16:00:00+01:00,0.0,0.0,0.0,2.2,4.75
2023-01-30 17:00:00+01:00,0.0,0.0,0.0,2.13,4.67
2023-01-30 18:00:00+01:00,0.0,0.0,0.0,2.17,4.58
2023-01-30 19:00:00+01:00,0.0,0.0,0.0,2.04,4.49
2023-01-30 20:00:00+01:00,0.0,0.0,0.0,1.53,4.33
2023-01-30 21:00:00+01:00,0.0,0.0,0.0,1.1,4.27
2023-01-30 22:00:00+01:00,0.0,0.0,0.0,0.54,3.91
2023-01-30 23:00:00+01:00,0.0,0.0,0.0,-0.06,3.71
2023-01-31 00:00:00+01:00,0.0,0.0,0.0,-0.47,3.68
2023-01-31 01:00:00+01:00,0.0,0.0,0.0,-0.89,3.55
2023-01-31 02:00:00+01:00,0.0,0.0,0.0,-1.38,3.33
2023-01-31 03:00:00+01:00,0.0,0.0,0.0,-1.74,3.4
2023-01-31 04:00:00+01:00,0.0,0.0,0.0,-2.24,3.13
2023-01-31 05:00:00+01:00,0.0,0.0,0.0,-2.7,3.04
2023-01-31 06:00:00+01:00,0.0,0.0,0.0,-3.14,2.89
2023-01-31 07:00:00+01:00,0.0,0.0,0.0,-3.41,2.72
2023-01-31 08:00:00+01:00,13.3,80.78,14.2,-3.84,2.46
2023-01-31 09:00:00+01:00,84.88,326.61,45.57,-3.19,2.39
2023-01-31 10:00:00+01:00,151.18,517.1,62.11,-2.11,2.32
2023-01-31 11:00:00+01:00,195.57,588.56,71.52,-1.1,2.52
2023-01-31 12:00:00+01:00,201.07,659.95,68.89,-0.52,2.38
2023-01-31 13:00:00+01:00,144.18,317.58,89.17,-0.44,2.08
2023-01-31 14:00:00+01:00,87.47,240.18,56.51,-1.11,1.86
2023-01-31 15:00:00+01:00,22.88,101.95,22.7,-3.22,1.86
2023-01-31 16:00:00+01:00,0.0,0.0,0.0,-4.4,2.02
2023-01-31 17:00:00+01:00,0.0,0.0,0.0,-4.37,1.77
2023-01-31 18:00:00+01:00,0.0,0.0,0.0,-4.07,1.49
2023-01-31 19:00:00+01:00,0.0,0.0,0.0,-3.99,1.24
2023-01-31 20:00:00+01:00,0.0,0.0,0.0,-3.59,1.13
2023-01-31 21:00:00+01:00,0.0,0.0,0.0,-3.02,0.87
2023-01-31 22:00:00+01:00,0.0,0.0,0.0,-2.78,0.68
2023-01-31 23:00:00+01:00,0.0,0.0,0.0,-2.65,0.59
2023-02-01 00:00:00+01:00,0.0,0.0,0.0,-2.52,0.56
2023-02-01 01:00:00+01:00,0.0,0.0,0.0,-2.43,0.49
2023-02-01 02:00:00+01:00,0.0,0.0,0.0,-2.47,0.57
2023-02-01 03:00:00+01:00,0.0,0.0,0.0,-2.66,0.66
2023-02-01 04:00:00+01:00,0.0,0.0,0.0,-2.76,0.64
2023-02-01 05:00:00+01:00,0.0,0.0,0.0,-2.72,0.64
2023-02-01 06:00:00+01:00,0.0,0.0,0.0,-2.73,0.52
2023-02-01 07:00:00+01:00,0.0,0.0,0.0,-2.75,0.4
2023-02-01 08:00:00+01:00,7.35,48.13,8.23,-2.68,0.33
2023-02-01 09:00:00+01:00,38.95,84.75,29.12,-2.01,0.24
2023-02-01 10:00:00+01:00,76.15,192.15,48.83,-1.15,0.28
2023-02-01 11:00:00+01:00,97.85,203.2,57.42,-0.67,0.4
2023-02-01 12:00:00+01:00,91.93,153.23,62.47,-0.49,0.67
2023-02-01 13:00:00+01:00,73.68,100.32,58.07,-0.6,1.04
2023-02-01 14:00:00+01:00,48.4,59.92,40.25,-0.99,1.26
2023-02-01 15:00:00+01:00,16.55,29.69,16.48,-1.72,1.53
2023-02-01 16:00:00+01:00,0.0,0.0,0.0,-2.25,1.9
2023-02-01 17:00:00+01:00,0.0,0.0,0.0,-2.6,2.03
2023-02-01 18:00:00+01:00,0.0,0.0,0.0,-2.98,2.06
2023-02-01 19:00:00+01:00,0.0,0.0,0.0,-3.35,2.24
2023-02-01 20:00:00+01:00,0.0,0.0,0.0,-3.68,2.37
2023-02-01 21:00:00+01:00,0.0,0.0,0.0,-4.05,2.43
2023-02-01 22:00:00+01:00,0.0,0.0,0.0,-4.61,2.45
2023-02-01 23:00:00+01:00,0.0,0.0,0.0,-5.17,2.67
2023-02-02 00:00:00+01:00,0.0,0.0,0.0,-5.58,2.64
2023-02-02 01:00:00+01:00,0.0,0.0,0.0,-6.05,2.56
2023-02-02 02:00:00+01:00,0.0,0.0,0.0,-6.57,2.5
2023-02-02 03:00:00+01:00,0.0,0.0,0.0,-7.0,2.49
2023-02-02 04:00:00+01:00,0.0,0.0,0.0,-7.39,2.33
2023-02-02 05:00:00+01:00,0.0,0.0,0.0,-7.96,2.19
2023-02-02 06:00:00+01:00,0.0,0.0,0.0,-8.51,2.15
2023-02-02 07:00:00+01:00,0.0,0.0,0.0,-9.04,2.06
2023-02-02 08:00:00+01:00,16.12,114.01,13.66,-9.15,2.08
2023-02-02 09:00:00+01:00,82.47,314.34,41.64,-8.32,1.97
2023-02-02 10:00:00+01:00,146.18,448.01,62.3,-6.97,1.9
2023-02-02 11:00:00+01:00,185.18,528.51,68.42,-5.44,2.01
2023-02-02 12:00:00+01:00,197.62,570.22,67.5,-4.38,1.94
2023-02-02 13:00:00+01:00,173.27,623.2,52.51,-3.86,1.86
2023-02-02 14:00:00+01:00,113.82,471.78,36.94,-4.22,1.53
2023-02-02 15:00:00+01:00,36.92,292.2,19.1,-6.13,1.73
2023-02-02 16:00:00+01:00,0.0,0.0,0.0,-7.1,2.14
2023-02-02 17:00:00+01:00,0.0,0.0,0.0,-7.56,2.07
2023-02-02 18:00:00+01:00,0.0,0.0,0.0,-8.17,1.89
2023-02-02 19:00:00+01:00,0.0,0.0,0.0,-8.66,1.81
2023-02-02 20:00:00+01:00,0.0,0.0,0.0,-9.04,1.75
2023-02-02 21:00:00+01:00,0.0,0.0,0.0,-9.28,1.62
2023-02-02 22:00:00+01:00,0.0,0.0,0.0,-9.48,1.47
2023-02-02 23:00:00+01:00,0.0,0.0,0.0,-9.42,1.28
2023-02-03 00:00:00+01:00,0.0,0.0,0.0,-9.1,1.06
2023-02-03 01:00:00+01:00,0.0,0.0,0.0,-8.99,0.75
2023-02-03 02:00:00+01:00,0.0,0.0,0.0,-8.99,0.69
2023-02-03 03:00:00+01:00,0.0,0.0,0.0,-9.01,0.63
2023-02-03 04:00:00+01:00,0.0,0.0,0.0,-9.0,0.77
2023-02-03 05:00:00+01:00,0.0,0.0,0.0,-8.95,1.16
2023-02-03 06:00:00+01:00,0.0,0.0,0.0,-9.01,1.56
2023-02-03 07:00:00+01:00,0.0,0.0,0.0,-8.96,1.73
2023-02-03 08:00:00+01:00,15.3,61.17,16.61,-8.81,1.87
2023-02-03 09:00:00+01:00,73.53,138.9,57.14,-8.19,2.04
2023-02-03 10:00:00+01:00,130.05,265.38,88.18,-7.26,2.25
2023-02-03 11:00:00+01:00,163.35,275.54,104.65,-6.31,2.43
2023-02-03 12:00:00+01:00,143.98,41.61,121.76,-5.47,2.46
2023-02-03 13:00:00+01:00,112.15,56.88,96.51,-5.11,2.25
2023-02-03 14:00:00+01:00,73.1,70.45,58.84,-5.12,2.22
2023-02-03 15:00:00+01:00,24.9,57.19,25.56,-5.36,2.28
2023-02-03 16:00:00+01:00,0.0,0.0,0.0,-5.63,2.31
2023-02-03 17:00:00+01:00,0.0,0.0,0.0,-5.8,2.31
2023-02-03 18:00:00+01:00,0.0,0.0,0.0,-6.09,2.32
2023-02-03 19:00:00+01:00,0.0,0.0,0.0,-6.59,2.33
2023-02-03 20:00:00+01:00,0.0,0.0,0.0,-6.85,2.42
2023-02-03 21:00:00+01:00,0.0,0.0,0.0,-7.11,2.45
2023-02-03 22:00:00+01:00,0.0,0.0,0.0,-7.59,2.52
2023-02-03 23:00:00+01:00,0.0,0.0,0.0,-7.98,2.54
2023-02-04 00:00:00+01:00,0.0,0.0,0.0,-8.46,2.47
2023-02-04 01:00:00+01:00,0.0,0.0,0.0,-8.86,2.37
2023-02-04 02:00:00+01:00,0.0,0.0,0.0,-9.31,2.27
2023-02-04 03:00:00+01:00,0.0,0.0,0.0,-9.61,2.25
2023-02-04 04:00:00+01:00,0.0,0.0,0.0,-9.98,2.17
2023-02-04 05:00:00+01:00,0.0,0.0,0.0,-10.48,2.14
2023-02-04 06:00:00+01:00,0.0,0.0,0.0,-10.46,2.15
2023-02-04 07:00:00+01:00,0.0,0.0,0.0,-11.25,1.8
2023-02-04 08:00:00+01:00,22.08,166.54,17.23,-11.18,1.94
2023-02-04 09:00:00+01:00,94.32,313.52,54.12,-9.93,1.67
2023-02-04 10:00:00+01:00,172.1,447.71,89.91,-8.7,1.59
2023-02-04 11:00:00+01:00,187.52,510.4,83.5,-7.23,1.56
2023-02-04 12:00:00+01:00,192.95,442.43,81.87,-5.98,1.54
2023-02-04 13:00:00+01:00,171.93,491.67,77.68,-5.36,1.44
2023-02-04 14:00:00+01:00,115.68,369.49,63.55,-5.82,1.04
2023-02-04 15:00:00+01:00,37.95,97.91,34.81,-7.94,1.6
2023-02-04 16:00:00+01:00,0.0,0.0,0.0,-9.67,1.92
2023-02-04 17:00:00+01:00,0.0,0.0,0.0,-10.41,1.95
2023-02-04 18:00:00+01:00,0.0,0.0,0.0,-10.96,2.05
2023-02-04 19:00:00+01:00,0.0,0.0,0.0,-11.28,2.11
2023-02-04 20:00:00+01:00,0.0,0.0,0.0,-11.77,2.04
2023-02-04 21:00:00+01:00,0.0,0.0,0.0,-11.38,2.17
2023-02-04 22:00:00+01:00,0.0,0.0,0.0,-10.65,2.12
2023-02-04 23:00:00+01:00,0.0,0.0,0.0,-11.15,1.82
2023-02-05 00:00:00+01:00,0.0,0.0,0.0,-11.89,1.98
2023-02-05 01:00:00+01:00,0.0,0.0,0.0,-11.6,2.23
2023-02-05 02:00:00+01:00,0.0,0.0,0.0,-11.07,2.29
2023-02-05 03:00:00+01:00,0.0,0.0,0.0,-10.79,2.32
2023-02-05 04:00:00+01:00,0.0,0.0,0.0,-10.5,2.28
2023-02-05 05:00:00+01:00,0.0,0.0,0.0,-10.08,2.3
2023-02-05 06:00:00+01:00,0.0,0.0,0.0,-9.62,2.25
2023-02-05 07:00:00+01:00,0.0,0.0,0.0,-9.16,2.26
2023-02-05 08:00:00+01:00,11.75,6.34,11.99,-8.65,2.36
2023-02-05 09:00:00+01:00,34.22,0.0,29.91,-8.01,2.43
2023-02-05 10:00:00+01:00,56.78,0.0,50.25,-7.26,2.47
2023-02-05 11:00:00+01:00,74.25,0.0,65.01,-6.48,2.39
2023-02-05 12:00:00+01:00,83.72,0.0,73.3,-5.76,2.28
2023-02-05 13:00:00+01:00,74.07,47.89,62.49,-5.11,2.2
2023-02-05 14:00:00+01:00,58.55,110.73,40.57,-4.67,2.1
2023-02-05 15:00:00+01:00,32.33,173.88,22.76,-4.72,2.02
2023-02-05 16:00:00+01:00,0.0,0.0,0.0,-5.52,2.24
2023-02-05 17:00:00+01:00,0.0,0.0,0.0,-5.76,2.39
2023-02-05 18:00:00+01:00,0.0,0.0,0.0,-6.08,2.25
2023-02-05 19:00:00+01:00,0.0,0.0,0.0,-6.03,2.25
2023-02-05 20:00:00+01:00,0.0,0.0,0.0,-6.51,2.12
2023-02-05 21:00:00+01:00,0.0,0.0,0.0,-6.48,2.17
2023-02-05 22:00:00+01:00,0.0,0.0,0.0,-6.82,2.06
2023-02-05 23:00:00+01:00,0.0,0.0,0.0,-6.88,2.16
2023-02-06 00:00:00+01:00,0.0,0.0,0.0,-7.27,2.03
2023-02-06 01:00:00+01:00,0.0,0.0,0.0,-7.13,2.12
2023-02-06 02:00:00+01:00,0.0,0.0,0.0,-7.17,2.03
2023-02-06 03:00:00+01:00,0.0,0.0,0.0,-7.24,2.02
2023-02-06 04:00:00+01:00,0.0,0.0,0.0,-7.53,1.9
2023-02-06 05:00:00+01:00,0.0,0.0,0.0,-7.59,1.9
2023-02-06 06:00:00+01:00,0.0,0.0,0.0,-7.41,1.87
2023-02-06 07:00:00+01:00,0.0,0.0,0.0,-7.51,1.76
2023-02-06 08:00:00+01:00,24.3,151.0,23.04,-7.11,1.71
2023-02-06 09:00:00+01:00,90.18,446.38,57.62,-5.7,1.51
2023-02-06 10:00:00+01:00,137.05,545.38,74.98,-4.54,1.21
2023-02-06 11:00:00+01:00,159.23,328.14,92.82,-3.22,1.35
2023-02-06 12:00:00+01:00,165.85,335.23,96.66,-2.15,1.54
2023-02-06 13:00:00+01:00,147.18,326.83,90.45,-1.78,1.43
2023-02-06 14:00:00+01:00,102.35,383.48,62.5,-2.11,1.48
2023-02-06 15:00:00+01:00,44.78,239.59,34.9,-2.78,1.79
2023-02-06 16:00:00+01:00,0.0,0.0,0.0,-4.74,1.82
2023-02-06 17:00:00+01:00,0.0,0.0,0.0,-5.27,2.02
2023-02-06 18:00:00+01:00,0.0,0.0,0.0,-5.07,2.08
2023-02-06 19:00:00+01:00,0.0,0.0,0.0,-4.76,2.14
2023-02-06 20:00:00+01:00,0.0,0.0,0.0,-4.56,2.11
2023-02-06 21:00:00+01:00,0.0,0.0,0.0,-4.36,2.05
2023-02-06 22:00:00+01:00,0.0,0.0,0.0,-4.14,2.06
2023-02-06 23:00:00+01:00,0.0,0.0,0.0,-3.75,2.07
2023-02-07 00:00:00+01:00,0.0,0.0,0.0,-3.17,2.1
2023-02-07 01:00:00+01:00,0.0,0.0,0.0,-2.59,2.23
2023-02-07 02:00:00+01:00,0.0,0.0,0.0,-1.76,2.53
2023-02-07 03:00:00+01:00,0.0,0.0,0.0,-1.35,2.45
2023-02-07 04:00:00+01:00,0.0,0.0,0.0,-0.97,2.44
2023-02-07 05:00:00+01:00,0.0,0.0,0.0,-0.63,2.48
2023-02-07 06:00:00+01:00,0.0,0.0,0.0,-0.44,2.44
2023-02-07 07:00:00+01:00,0.0,0.0,0.0,-0.28,2.48
2023-02-07 08:00:00+01:00,18.9,126.48,16.72,-0.1,2.53
2023-02-07 09:00:00+01:00,57.55,165.41,35.06,0.23,2.55
2023-02-07 10:00:00+01:00,88.88,182.34,56.73,0.73,2.61
2023-02-07 11:00:00+01:00,58.3,38.49,46.08,1.27,2.84
2023-02-07 12:00:00+01:00,98.1,260.16,53.22,1.66,3.14
2023-02-07 13:00:00+01:00,57.1,65.59,42.41,1.83,3.28
2023-02-07 14:00:00+01:00,62.22,237.52,33.32,1.81,3.23
2023-02-07 15:00:00+01:00,24.85,271.85,19.11,1.7,3.26
2023-02-07 16:00:00+01:00,0.0,0.0,0.0,1.61,3.26
2023-02-07 17:00:00+01:00,0.0,0.0,0.0,1.58,3.21
2023-02-07 18:00:00+01:00,0.0,0.0,0.0,1.51,3.0
2023-02-07 19:00:00+01:00,0.0,0.0,0.0,1.32,2.71
2023-02-07 20:00:00+01:00,0.0,0.0,0.0,1.14,2.55
2023-02-07 21:00:00+01:00,0.0,0.0,0.0,0.99,2.44
2023-02-07 22:00:00+01:00,0.0,0.0,0.0,0.91,2.33
2023-02-07 23:00:00+01:00,0.0,0.0,0.0,0.84,2.26
2023-02-08 00:00:00+01:00,0.0,0.0,0.0,0.92,2.3
2023-02-08 01:00:00+01:00,0.0,0.0,0.0,1.03,2.19
2023-02-08 02:00:00+01:00,0.0,0.0,0.0,1.05,2.05
2023-02-08 03:00:00+01:00,0.0,0.0,0.0,0.99,1.94
2023-02-08 04:00:00+01:00,0.0,0.0,0.0,0.97,1.84
2023-02-08 05:00:00+01:00,0.0,0.0,0.0,1.04,1.87
2023-02-08 06:00:00+01:00,0.0,0.0,0.0,1.09,1.94
2023-02-08 07:00:00+01:00,0.0,0.0,0.0,1.1,2.12
2023-02-08 08:00:00+01:00,28.58,200.69,16.86,1.23,2.35
2023-02-08 09:00:00+01:00,72.45,286.13,28.85,1.5,2.44
2023-02-08 10:00:00+01:00,108.25,318.77,49.34,1.79,2.63
2023-02-08 11:00:00+01:00,84.4,29.18,72.16,2.06,2.82
2023-02-08 12:00:00+01:00,87.75,59.13,68.89,2.21,2.8
2023-02-08 13:00:00+01:00,106.28,452.05,63.07,2.24,2.8
2023-02-08 14:00:00+01:00,83.32,428.73,58.67,2.42,3.35
2023-02-08 15:00:00+01:00,42.2,179.63,36.21,2.24,3.33
2023-02-08 16:00:00+01:00,0.0,0.0,0.0,2.02,3.42
2023-02-08 17:00:00+01:00,0.0,0.0,0.0,1.74,3.35
2023-02-08 18:00:00+01:00,0.0,0.0,0.0,1.35,3.41
2023-02-08 19:00:00+01:00,0.0,0.0,0.0,0.95,3.55
2023-02-08 20:00:00+01:00,0.0,0.0,0.0,0.54,4.03
2023-02-08 21:00:00+01:00,0.0,0.0,0.0,0.15,4.4
2023-02-08 22:00:00+01:00,0.0,0.0,0.0,-0.16,4.68
2023-02-08 23:00:00+01:00,0.0,0.0,0.0,-0.4,4.89
2023-02-09 00:00:00+01:00,0.0,0.0,0.0,-0.63,4.95
2023-02-09 01:00:00+01:00,0.0,0.0,0.0,-0.78,4.98
2023-02-09 02:00:00+01:00,0.0,0.0,0.0,-0.8,5.0
2023-02-09 03:00:00+01:00,0.0,0.0,0.0,-0.72,4.97
2023-02-09 04:00:00+01:00,0.0,0.0,0.0,-0.57,4.94
2023-02-09 05:00:00+01:00,0.0,0.0,0.0,-0.36,4.9
2023-02-09 06:00:00+01:00,0.0,0.0,0.0,-0.24,4.73
2023-02-09 07:00:00+01:00,0.0,0.0,0.0,-0.22,4.62
2023-02-09 08:00:00+01:00,19.98,0.0,19.97,-0.11,4.59
2023-02-09 09:00:00+01:00,45.1,0.0,39.51,0.13,4.61
2023-02-09 10:00:00+01:00,49.45,0.0,42.61,0.48,4.71
2023-02-09 11:00:00+01:00,54.55,0.0,47.74,0.84,4.62
2023-02-09 12:00:00+01:00,67.72,15.87,57.17,1.13,4.41
2023-02-09 13:00:00+01:00,106.07,79.43,82.91,1.42,4.19
2023-02-09 14:00:00+01:00,71.35,116.28,54.51,1.72,4.25
2023-02-09 15:00:00+01:00,44.22,143.68,32.02,1.82,4.34
2023-02-09 16:00:00+01:00,0.0,0.0,0.0,1.77,4.58
2023-02-09 17:00:00+01:00,0.0,0.0,0.0,1.82,4.94
2023-02-09 18:00:00+01:00,0.0,0.0,0.0,2.0,5.39
2023-02-09 19:00:00+01:00,0.0,0.0,0.0,2.22,5.72
2023-02-09 20:00:00+01:00,0.0,0.0,0.0,2.41,6.0
2023-02-09 21:00:00+01:00,0.0,0.0,0.0,2.59,6.08
2023-02-09 22:00:00+01:00,0.0,0.0,0.0,2.79,6.08
2023-02-09 23:00:00+01:00,0.0,0.0,0.0,2.7,6.4
2023-02-10 00:00:00+01:00,0.0,0.0,0.0,2.01,5.96
2023-02-10 01:00:00+01:00,0.0,0.0,0.0,0.95,5.46
2023-02-10 02:00:00+01:00,0.0,0.0,0.0,0.19,5.72
2023-02-10 03:00:00+01:00,0.0,0.0,0.0,-0.53,5.05
2023-02-10 04:00:00+01:00,0.0,0.0,0.0,-0.77,5.18
2023-02-10 05:00:00+01:00,0.0,0.0,0.0,-1.07,4.8
2023-02-10 06:00:00+01:00,0.0,0.0,0.0,-1.47,4.38
2023-02-10 07:00:00+01:00,0.0,0.0,0.0,-1.88,4.27
2023-02-10 08:00:00+01:00,49.35,348.33,21.61,-2.19,3.65
2023-02-10 09:00:00+01:00,144.18,574.21,39.35,-1.63,3.4
2023-02-10 10:00:00+01:00,224.12,777.09,45.7,-0.73,3.33
2023-02-10 11:00:00+01:00,251.82,729.22,67.7,0.01,3.32
2023-02-10 12:00:00+01:00,238.52,539.56,97.74,0.43,3.07
2023-02-10 13:00:00+01:00,212.57,493.05,103.79,0.35,2.77
2023-02-10 14:00:00+01:00,144.18,345.31,89.21,-0.23,2.52
2023-02-10 15:00:00+01:00,56.38,179.57,42.48,-1.14,2.45
2023-02-10 16:00:00+01:00,3.08,15.79,3.98,-1.95,2.28
2023-02-10 17:00:00+01:00,0.0,0.0,0.0,-2.18,2.31
2023-02-10 18:00:00+01:00,0.0,0.0,0.0,-2.29,2.31
2023-02-10 19:00:00+01:00,0.0,0.0,0.0,-2.37,2.61
2023-02-10 20:00:00+01:00,0.0,0.0,0.0,-2.23,2.84
2023-02-10 21:00:00+01:00,0.0,0.0,0.0,-1.9,2.65
2023-02-10 22:00:00+01:00,0.0,0.0,0.0,-0.4,3.47
2023-02-10 23:00:00+01:00,0.0,0.0,0.0,0.8,3.36
2023-02-11 00:00:00+01:00,0.0,0.0,0.0,2.0,3.77
2023-02-11 01:00:00+01:00,0.0,0.0,0.0,2.6,3.64
2023-02-11 02:00:00+01:00,0.0,0.0,0.0,2.58,3.31
2023-02-11 03:00:00+01:00,0.0,0.0,0.0,2.29,2.99
2023-02-11 04:00:00+01:00,0.0,0.0,0.0,1.3,2.16
2023-02-11 05:00:00+01:00,0.0,0.0,0.0,0.49,2.29
2023-02-11 06:00:00+01:00,0.0,0.0,0.0,-0.17,2.68
2023-02-11 07:00:00+01:00,0.0,0.0,0.0,-1.17,2.58
2023-02-11 08:00:00+01:00,30.9,238.5,17.29,-1.73,2.36
2023-02-11 09:00:00+01:00,83.5,427.15,29.61,-1.48,2.17
2023-02-11 10:00:00+01:00,131.88,487.04,38.67,-0.85,2.22
2023-02-11 11:00:00+01:00,189.93,596.78,44.92,-0.11,2.21
2023-02-11 12:00:00+01:00,238.1,601.87,77.21,0.52,2.18
2023-02-11 13:00:00+01:00,197.32,593.49,56.64,0.68,2.08
2023-02-11 14:00:00+01:00,141.98,536.11,41.49,0.28,1.74
2023-02-11 15:00:00+01:00,66.75,357.62,24.52,-1.74,1.61
2023-02-11 16:00:00+01:00,5.68,72.19,5.14,-4.22,1.91
2023-02-11 17:00:00+01:00,0.0,0.0,0.0,-4.66,1.93
2023-02-11 18:00:00+01:00,0.0,0.0,0.0,-4.73,1.96
2023-02-11 19:00:00+01:00,0.0,0.0,0.0,-4.5,1.77
2023-02-11 20:00:00+01:00,0.0,0.0,0.0,-3.93,1.52
2023-02-11 21:00:00+01:00,0.0,0.0,0.0,-3.34,1.26
2023-02-11 22:00:00+01:00,0.0,0.0,0.0,-3.84,1.55
2023-02-11 23:00:00+01:00,0.0,0.0,0.0,-4.24,1.79
2023-02-12 00:00:00+01:00,0.0,0.0,0.0,-4.26,2.0
2023-02-12 01:00:00+01:00,0.0,0.0,0.0,-3.68,2.03
2023-02-12 02:00:00+01:00,0.0,0.0,0.0,-3.31,1.95
2023-02-12 03:00:00+01:00,0.0,0.0,0.0,-3.37,1.88
2023-02-12 04:00:00+01:00,0.0,0.0,0.0,-3.28,2.06
2023-02-12 05:00:00+01:00,0.0,0.0,0.0,-2.74,2.06
2023-02-12 06:00:00+01:00,0.0,0.0,0.0,-2.26,2.0
2023-02-12 07:00:00+01:00,0.0,0.0,0.0,-1.79,2.03
2023-02-12 08:00:00+01:00,36.75,54.31,34.95,-1.28,2.08
2023-02-12 09:00:00+01:00,110.05,106.8,88.67,-0.73,2.33
2023-02-12 10:00:00+01:00,177.8,149.98,134.99,0.08,2.51
2023-02-12 11:00:00+01:00,217.05,237.4,158.67,1.01,2.41
2023-02-12 12:00:00+01:00,215.23,197.31,164.28,2.03,2.37
2023-02-12 13:00:00+01:00,182.35,123.18,143.56,2.4,2.14
2023-02-12 14:00:00+01:00,130.15,96.58,109.25,2.14,2.17
2023-02-12 15:00:00+01:00,59.42,46.62,53.48,1.46,2.3
2023-02-12 16:00:00+01:00,6.0,2.94,6.84,0.86,2.47
2023-02-12 17:00:00+01:00,0.0,0.0,0.0,0.64,2.48
2023-02-12 18:00:00+01:00,0.0,0.0,0.0,0.31,2.46
2023-02-12 19:00:00+01:00,0.0,0.0,0.0,0.04,2.52
2023-02-12 20:00:00+01:00,0.0,0.0,0.0,-0.13,2.48
2023-02-12 21:00:00+01:00,0.0,0.0,0.0,-0.23,2.5
2023-02-12 22:00:00+01:00,0.0,0.0,0.0,-0.31,2.49
2023-02-12 23:00:00+01:00,0.0,0.0,0.0,-0.01,2.53
2023-02-13 00:00:00+01:00,0.0,0.0,0.0,-0.09,2.47
2023-02-13 01:00:00+01:00,0.0,0.0,0.0,-0.15,2.47
2023-02-13 02:00:00+01:00,0.0,0.0,0.0,-0.19,2.43
2023-02-13 03:00:00+01:00,0.0,0.0,0.0,0.03,2.38
2023-02-13 04:00:00+01:00,0.0,0.0,0.0,-0.03,2.38
2023-02-13 05:00:00+01:00,0.0,0.0,0.0,0.01,2.34
2023-02-13 06:00:00+01:00,0.0,0.0,0.0,-0.11,2.3
2023-02-13 07:00:00+01:00,0.0,0.0,0.0,-0.11,2.37
2023-02-13 08:00:00+01:00,46.9,56.14,42.71,0.46,2.3
2023-02-13 09:00:00+01:00,114.5,84.88,93.32,1.23,2.28
2023-02-13 10:00:00+01:00,174.0,121.69,139.58,2.18,2.26
2023-02-13 11:00:00+01:00,209.32,195.55,165.89,3.22,2.34
2023-02-13 12:00:00+01:00,217.95,163.78,175.14,4.07,2.41
2023-02-13 13:00:00+01:00,191.15,162.91,147.91,4.38,2.39
2023-02-13 14:00:00+01:00,139.25,116.84,112.46,4.01,2.39
2023-02-13 15:00:00+01:00,66.97,51.37,57.16,3.11,2.59
2023-02-13 16:00:00+01:00,7.15,6.79,9.81,2.33,2.83
2023-02-13 17:00:00+01:00,0.0,0.0,0.0,2.13,2.91
2023-02-13 18:00:00+01:00,0.0,0.0,0.0,1.58,2.8
2023-02-13 19:00:00+01:00,0.0,0.0,0.0,0.97,2.68
2023-02-13 20:00:00+01:00,0.0,0.0,0.0,0.47,2.61
2023-02-13 21:00:00+01:00,0.0,0.0,0.0,-0.09,2.6
2023-02-13 22:00:00+01:00,0.0,0.0,0.0,-0.34,2.51
2023-02-13 23:00:00+01:00,0.0,0.0,0.0,-0.52,2.43
2023-02-14 00:00:00+01:00,0.0,0.0,0.0,-0.49,2.35
2023-02-14 01:00:00+01:00,0.0,0.0,0.0,-0.38,2.28
2023-02-14 02:00:00+01:00,0.0,0.0,0.0,-0.62,2.22
2023-02-14 03:00:00+01:00,0.0,0.0,0.0,-0.8,2.12
2023-02-14 04:00:00+01:00,0.0,0.0,0.0,-1.05,2.02
2023-02-14 05:00:00+01:00,0.0,0.0,0.0,-1.15,1.96
2023-02-14 06:00:00+01:00,0.0,0.0,0.0,-1.17,1.97
2023-02-14 07:00:00+01:00,0.0,0.0,0.0,-1.26,1.93
2023-02-14 08:00:00+01:00,61.95,288.22,34.75,-0.32,1.81
2023-02-14 09:00:00+01:00,149.52,523.43,58.95,0.86,1.57
2023-02-14 10:00:00+01:00,229.45,644.53,73.92,1.94,1.58
2023-02-14 11:00:00+01:00,268.27,677.74,77.04,2.9,1.67
2023-02-14 12:00:00+01:00,268.48,621.81,83.91,3.5,1.74
2023-02-14 13:00:00+01:00,229.95,555.43,81.93,3.68,1.74
2023-02-14 14:00:00+01:00,159.5,446.96,69.79,3.14,1.62
2023-02-14 15:00:00+01:00,70.82,216.92,42.62,1.3,1.79
2023-02-14 16:00:00+01:00,7.78,28.7,9.48,-0.5,2.19
2023-02-14 17:00:00+01:00,0.0,0.0,0.0,-0.87,2.22
2023-02-14 18:00:00+01:00,0.0,0.0,0.0,-0.18,2.28
2023-02-14 19:00:00+01:00,0.0,0.0,0.0,-0.13,2.06
2023-02-14 20:00:00+01:00,0.0,0.0,0.0,-0.38,1.86
2023-02-14 21:00:00+01:00,0.0,0.0,0.0,-0.61,1.76
2023-02-14 22:00:00+01:00,0.0,0.0,0.0,-0.81,1.65
2023-02-14 23:00:00+01:00,0.0,0.0,0.0,-0.95,1.6
2023-02-15 00:00:00+01:00,0.0,0.0,0.0,-0.77,1.62
2023-02-15 01:00:00+01:00,0.0,0.0,0.0,-0.43,1.84
2023-02-15 02:00:00+01:00,0.0,0.0,0.0,-0.29,1.88
2023-02-15 03:00:00+01:00,0.0,0.0,0.0,-0.23,1.9
2023-02-15 04:00:00+01:00,0.0,0.0,0.0,-0.2,1.95
2023-02-15 05:00:00+01:00,0.0,0.0,0.0,-0.17,2.04
2023-02-15 06:00:00+01:00,0.0,0.0,0.0,-0.09,2.14
2023-02-15 07:00:00+01:00,0.0,0.0,0.0,-0.02,2.03
2023-02-15 08:00:00+01:00,22.1,6.01,19.82,0.26,2.06
2023-02-15 09:00:00+01:00,39.9,13.54,35.42,0.63,1.95
2023-02-15 10:00:00+01:00,47.35,0.0,40.93,0.95,1.96
2023-02-15 11:00:00+01:00,67.9,26.64,57.11,1.26,2.0
2023-02-15 12:00:00+01:00,66.97,74.16,47.73,1.51,2.1
2023-02-15 13:00:00+01:00,89.43,100.6,65.05,1.56,2.05
2023-02-15 14:00:00+01:00,62.55,102.66,50.34,1.4,2.02
2023-02-15 15:00:00+01:00,26.85,57.65,22.65,1.01,2.08
2023-02-15 16:00:00+01:00,4.97,7.73,5.27,0.6,2.39
2023-02-15 17:00:00+01:00,0.0,0.0,0.0,0.23,2.49
2023-02-15 18:00:00+01:00,0.0,0.0,0.0,-0.07,2.48
2023-02-15 19:00:00+01:00,0.0,0.0,0.0,-0.37,2.32
2023-02-15 20:00:00+01:00,0.0,0.0,0.0,-0.61,2.32
2023-02-15 21:00:00+01:00,0.0,0.0,0.0,-0.83,2.23
2023-02-15 22:00:00+01:00,0.0,0.0,0.0,-0.91,2.16
2023-02-15 23:00:00+01:00,0.0,0.0,0.0,-0.93,2.14
2023-02-16 00:00:00+01:00,0.0,0.0,0.0,-0.74,2.23
2023-02-16 01:00:00+01:00,0.0,0.0,0.0,-0.52,2.19
2023-02-16 02:00:00+01:00,0.0,0.0,0.0,-0.31,2.2
2023-02-16 03:00:00+01:00,0.0,0.0,0.0,0.05,2.22
2023-02-16 04:00:00+01:00,0.0,0.0,0.0,0.24,2.21
2023-02-16 05:00:00+01:00,0.0,0.0,0.0,0.4,2.39
2023-02-16 06:00:00+01:00,0.0,0.0,0.0,0.49,2.47
2023-02-16 07:00:00+01:00,0.0,0.0,0.0,0.47,2.45
2023-02-16 08:00:00+01:00,30.25,12.68,27.24,0.59,2.44
2023-02-16 09:00:00+01:00,57.17,33.11,50.13,0.8,2.4
2023-02-16 10:00:00+01:00,82.2,58.03,67.59,1.11,2.43
2023-02-16 11:00:00+01:00,88.65,63.0,69.11,1.58,2.62
2023-02-16 12:00:00+01:00,74.75,63.68,53.85,2.03,2.67
2023-02-16 13:00:00+01:00,65.38,43.16,50.18,2.3,2.72
2023-02-16 14:00:00+01:00,40.22,35.64,33.76,2.32,2.67
2023-02-16 15:00:00+01:00,20.33,17.53,17.17,2.24,2.61
2023-02-16 16:00:00+01:00,6.28,13.05,7.81,2.1,2.39
2023-02-16 17:00:00+01:00,0.0,0.0,0.0,2.01,2.26
2023-02-16 18:00:00+01:00,0.0,0.0,0.0,2.1,2.31
2023-02-16 19:00:00+01:00,0.0,0.0,0.0,2.5,2.45
2023-02-16 20:00:00+01:00,0.0,0.0,0.0,2.59,2.49
2023-02-16 21:00:00+01:00,0.0,0.0,0.0,2.41,2.33
2023-02-16 22:00:00+01:00,0.0,0.0,0.0,1.96,2.24
2023-02-16 23:00:00+01:00,0.0,0.0,0.0,2.13,2.33
2023-02-17 00:00:00+01:00,0.0,0.0,0.0,2.2,2.3
2023-02-17 01:00:00+01:00,0.0,0.0,0.0,2.2,2.25
2023-02-17 02:00:00+01:00,0.0,0.0,0.0,2.39,2.27
2023-02-17 03:00:00+01:00,0.0,0.0,0.0,2.4,1.97
2023-02-17 04:00:00+01:00,0.0,0.0,0.0,2.38,1.89
2023-02-17 05:00:00+01:00,0.0,0.0,0.0,2.61,2.18
2023-02-17 06:00:00+01:00,0.0,0.0,0.0,2.52,2.17
2023-02-17 07:00:00+01:00,3.03,3.36,4.13,2.31,2.1
2023-02-17 08:00:00+01:00,20.2,0.0,18.24,2.2,2.15
2023-02-17 09:00:00+01:00,37.95,2.34,33.48,2.22,2.08
2023-02-17 10:00:00+01:00,59.08,2.87,51.56,2.2,2.24
2023-02-17 11:00:00+01:00,69.57,0.0,60.36,2.39,2.55
2023-02-17 12:00:00+01:00,60.3,0.0,52.58,2.39,2.88
2023-02-17 13:00:00+01:00,44.83,0.0,38.82,2.19,3.33
2023-02-17 14:00:00+01:00,37.62,0.0,32.44,2.0,3.59
2023-02-17 15:00:00+01:00,24.88,0.62,21.74,1.73,3.59
2023-02-17 16:00:00+01:00,7.05,0.0,7.4,1.04,3.16
2023-02-17 17:00:00+01:00,0.0,0.0,0.0,0.72,2.94
2023-02-17 18:00:00+01:00,0.0,0.0,0.0,0.64,2.52
2023-02-17 19:00:00+01:00,0.0,0.0,0.0,0.74,1.78
2023-02-17 20:00:00+01:00,0.0,0.0,0.0,0.58,1.19
2023-02-17 21:00:00+01:00,0.0,0.0,0.0,0.78,0.64
2023-02-17 22:00:00+01:00,0.0,0.0,0.0,0.67,0.85
2023-02-17 23:00:00+01:00,0.0,0.0,0.0,0.47,1.92
2023-02-18 00:00:00+01:00,0.0,0.0,0.0,0.42,3.23
2023-02-18 01:00:00+01:00,0.0,0.0,0.0,0.29,3.72
2023-02-18 02:00:00+01:00,0.0,0.0,0.0,0.31,4.24
2023-02-18 03:00:00+01:00,0.0,0.0,0.0,0.4,4.6
2023-02-18 04:00:00+01:00,0.0,0.0,0.0,0.43,4.53
2023-02-18 05:00:00+01:00,0.0,0.0,0.0,0.31,4.38
2023-02-18 06:00:00+01:00,0.0,0.0,0.0,-0.02,4.3
2023-02-18 07:00:00+01:00,4.07,8.21,5.47,-0.31,4.45
2023-02-18 08:00:00+01:00,55.42,138.9,39.22,-0.07,4.61
2023-02-18 09:00:00+01:00,140.0,309.1,87.92,0.55,4.52
2023-02-18 10:00:00+01:00,217.52,422.02,104.85,1.3,4.32
2023-02-18 11:00:00+01:00,256.83,490.14,110.54,2.09,4.24
2023-02-18 12:00:00+01:00,258.45,463.72,113.99,2.73,4.13
2023-02-18 13:00:00+01:00,227.8,457.41,110.36,3.03,4.0
2023-02-18 14:00:00+01:00,168.82,428.07,81.8,2.85,3.87
2023-02-18 15:00:00+01:00,88.47,312.8,46.94,2.17,3.74
2023-02-18 16:00:00+01:00,16.45,122.99,14.43,1.16,3.7
2023-02-18 17:00:00+01:00,0.0,0.0,0.0,0.45,3.81
2023-02-18 18:00:00+01:00,0.0,0.0,0.0,-0.03,3.83
2023-02-18 19:00:00+01:00,0.0,0.0,0.0,-0.43,3.8
2023-02-18 20:00:00+01:00,0.0,0.0,0.0,-1.25,3.3
2023-02-18 21:00:00+01:00,0.0,0.0,0.0,-1.99,3.22
2023-02-18 22:00:00+01:00,0.0,0.0,0.0,-2.52,3.13
2023-02-18 23:00:00+01:00,0.0,0.0,0.0,-2.85,3.16
2023-02-19 00:00:00+01:00,0.0,0.0,0.0,-2.97,3.16
2023-02-19 01:00:00+01:00,0.0,0.0,0.0,-3.05,3.13
2023-02-19 02:00:00+01:00,0.0,0.0,0.0,-3.17,3.18
2023-02-19 03:00:00+01:00,0.0,0.0,0.0,-3.3,3.26
2023-02-19 04:00:00+01:00,0.0,0.0,0.0,-3.48,3.33
2023-02-19 05:00:00+01:00,0.0,0.0,0.0,-3.7,3.29
2023-02-19 06:00:00+01:00,0.0,0.0,0.0,-4.13,3.04
2023-02-19 07:00:00+01:00,8.18,83.71,8.37,-4.33,3.11
2023-02-19 08:00:00+01:00,87.25,447.02,31.94,-3.69,2.94
2023-02-19 09:00:00+01:00,189.8,643.61,58.21,-2.39,3.31
2023-02-19 10:00:00+01:00,274.75,746.16,62.31,-1.0,3.64
2023-02-19 11:00:00+01:00,324.9,893.81,44.09,0.13,3.72
2023-02-19 12:00:00+01:00,331.92,907.78,41.11,0.87,3.79
2023-02-19 13:00:00+01:00,296.3,843.94,49.57,1.13,3.79
2023-02-19 14:00:00+01:00,221.55,749.94,53.41,0.89,3.64
2023-02-19 15:00:00+01:00,119.72,473.73,46.86,0.08,3.39
2023-02-19 16:00:00+01:00,22.45,143.22,18.27,-1.17,3.31
2023-02-19 17:00:00+01:00,0.0,0.0,0.0,-2.33,3.13
2023-02-19 18:00:00+01:00,0.0,0.0,0.0,-3.19,2.84
2023-02-19 19:00:00+01:00,0.0,0.0,0.0,-4.05,2.47
2023-02-19 20:00:00+01:00,0.0,0.0,0.0,-4.74,2.51
2023-02-19 21:00:00+01:00,0.0,0.0,0.0,-4.93,2.47
2023-02-19 22:00:00+01:00,0.0,0.0,0.0,-4.91,2.35
2023-02-19 23:00:00+01:00,0.0,0.0,0.0,-4.73,2.16
2023-02-20 00:00:00+01:00,0.0,0.0,0.0,-4.62,1.98
2023-02-20 01:00:00+01:00,0.0,0.0,0.0,-4.42,1.76
2023-02-20 02:00:00+01:00,0.0,0.0,0.0,-4.12,1.78
2023-02-20 03:00:00+01:00,0.0,0.0,0.0,-3.86,1.98
2023-02-20 04:00:00+01:00,0.0,0.0,0.0,-3.61,2.44
2023-02-20 05:00:00+01:00,0.0,0.0,0.0,-3.47,2.92
2023-02-20 06:00:00+01:00,0.0,0.0,0.0,-3.21,3.32
2023-02-20 07:00:00+01:00,4.55,31.58,5.1,-2.73,3.43
2023-02-20 08:00:00+01:00,51.6,229.41,23.48,-1.79,3.61
2023-02-20 09:00:00+01:00,133.9,448.23,45.12,-0.84,3.22
2023-02-20 10:00:00+01:00,165.56,304.43,87.88,0.32,2.87
2023-02-20 11:00:00+01:00,186.26,312.45,94.32,1.84,3.96
2023-02-20 12:00:00+01:00,188.75,329.25,95.0,2.46,4.56
2023-02-20 13:00:00+01:00,260.9,667.77,66.48,2.75,4.65
2023-02-20 14:00:00+01:00,188.75,605.15,52.41,2.8,4.6
2023-02-20 15:00:00+01:00,97.38,376.72,42.78,2.5,4.47
2023-02-20 16:00:00+01:00,19.15,142.86,16.99,1.95,4.25
2023-02-20 17:00:00+01:00,0.0,0.0,0.0,1.55,3.98
2023-02-20 18:00:00+01:00,0.0,0.0,0.0,1.35,3.63
2023-02-20 19:00:00+01:00,0.0,0.0,0.0,0.93,2.85
2023-02-20 20:00:00+01:00,0.0,0.0,0.0,0.53,2.36
2023-02-20 21:00:00+01:00,0.0,0.0,0.0,0.56,1.81
2023-02-20 22:00:00+01:00,0.0,0.0,0.0,0.36,1.29
2023-02-20 23:00:00+01:00,0.0,0.0,0.0,-0.19,1.01
2023-02-21 00:00:00+01:00,0.0,0.0,0.0,-0.32,0.91
2023-02-21 01:00:00+01:00,0.0,0.0,0.0,-0.33,0.93
2023-02-21 02:00:00+01:00,0.0,0.0,0.0,-0.58,0.83
2023-02-21 03:00:00+01:00,0.0,0.0,0.0,-1.08,1.08
2023-02-21 04:00:00+01:00,0.0,0.0,0.0,-0.92,1.57
2023-02-21 05:00:00+01:00,0.0,0.0,0.0,-1.15,1.8
2023-02-21 06:00:00+01:00,0.0,0.0,0.0,-1.33,2.31
2023-02-21 07:00:00+01:00,5.62,7.75,5.99,-1.3,2.5
2023-02-21 08:00:00+01:00,35.5,22.09,30.48,-0.91,2.68
2023-02-21 09:00:00+01:00,81.25,65.95,66.71,-0.43,2.95
2023-02-21 10:00:00+01:00,110.9,30.4,94.73,-0.1,3.39
2023-02-21 11:00:00+01:00,102.95,55.92,77.8,0.11,3.55
2023-02-21 12:00:00+01:00,87.12,67.57,62.88,0.24,3.69
2023-02-21 13:00:00+01:00,54.83,34.23,44.16,0.14,3.73
2023-02-21 14:00:00+01:00,54.83,48.66,42.96,-0.33,3.53
2023-02-21 15:00:00+01:00,36.5,39.33,29.08,-1.06,3.0
2023-02-21 16:00:00+01:00,7.12,1.97,7.33,-2.34,2.42
2023-02-21 17:00:00+01:00,0.0,0.0,0.0,-3.77,2.11
2023-02-21 18:00:00+01:00,0.0,0.0,0.0,-4.32,1.84
2023-02-21 19:00:00+01:00,0.0,0.0,0.0,-4.63,1.76
2023-02-21 20:00:00+01:00,0.0,0.0,0.0,-4.87,1.64
2023-02-21 21:00:00+01:00,0.0,0.0,0.0,-5.36,1.46
2023-02-21 22:00:00+01:00,0.0,0.0,0.0,-5.73,1.46
2023-02-21 23:00:00+01:00,0.0,0.0,0.0,-6.0,1.42
2023-02-22 00:00:00+01:00,0.0,0.0,0.0,-6.16,1.33
2023-02-22 01:00:00+01:00,0.0,0.0,0.0,-6.13,1.19
2023-02-22 02:00:00+01:00,0.0,0.0,0.0,-6.17,0.98
2023-02-22 03:00:00+01:00,0.0,0.0,0.0,-6.3,0.82
2023-02-22 04:00:00+01:00,0.0,0.0,0.0,-6.41,0.72
2023-02-22 05:00:00+01:00,0.0,0.0,0.0,-6.48,0.73
2023-02-22 06:00:00+01:00,0.0,0.0,0.0,-6.74,0.79
2023-02-22 07:00:00+01:00,10.1,51.98,11.69,-6.75,0.8
2023-02-22 08:00:00+01:00,65.72,164.33,38.79,-5.8,0.78
2023-02-22 09:00:00+01:00,125.05,291.31,68.04,-4.17,0.94
2023-02-22 10:00:00+01:00,169.82,308.61,90.46,-2.94,1.21
2023-02-22 11:00:00+01:00,157.5,216.75,100.22,-2.18,1.39
2023-02-22 12:00:00+01:00,193.73,158.23,141.85,-1.78,1.52
2023-02-22 13:00:00+01:00,188.0,15.85,162.51,-1.65,1.65
2023-02-22 14:00:00+01:00,129.62,10.68,111.34,-1.8,1.77
2023-02-22 15:00:00+01:00,53.97,8.8,47.37,-2.18,1.66
2023-02-22 16:00:00+01:00,15.88,2.13,16.13,-3.26,1.67
2023-02-22 17:00:00+01:00,0.0,0.0,0.0,-4.3,1.94
2023-02-22 18:00:00+01:00,0.0,0.0,0.0,-4.83,2.01
2023-02-22 19:00:00+01:00,0.0,0.0,0.0,-4.96,2.07
2023-02-22 20:00:00+01:00,0.0,0.0,0.0,-4.76,2.04
2023-02-22 21:00:00+01:00,0.0,0.0,0.0,-4.68,1.99
2023-02-22 22:00:00+01:00,0.0,0.0,0.0,-4.49,2.05
2023-02-22 23:00:00+01:00,0.0,0.0,0.0,-4.15,2.17
2023-02-23 00:00:00+01:00,0.0,0.0,0.0,-3.85,2.23
2023-02-23 01:00:00+01:00,0.0,0.0,0.0,-3.6,2.31
2023-02-23 02:00:00+01:00,0.0,0.0,0.0,-3.37,2.34
2023-02-23 03:00:00+01:00,0.0,0.0,0.0,-3.15,2.33
2023-02-23 04:00:00+01:00,0.0,0.0,0.0,-2.97,2.27
2023-02-23 05:00:00+01:00,0.0,0.0,0.0,-2.86,2.19
2023-02-23 06:00:00+01:00,0.0,0.0,0.0,-2.76,2.1
2023-02-23 07:00:00+01:00,5.0,0.0,5.25,-2.61,2.05
2023-02-23 08:00:00+01:00,18.62,0.0,16.25,-2.34,1.98
2023-02-23 09:00:00+01:00,40.28,0.0,35.32,-1.95,1.86
2023-02-23 10:00:00+01:00,73.9,0.0,64.11,-1.26,1.82
2023-02-23 11:00:00+01:00,78.93,0.0,67.42,-0.56,1.71
2023-02-23 12:00:00+01:00,78.1,1.42,66.56,-0.07,1.39
2023-02-23 13:00:00+01:00,75.32,2.63,65.44,0.17,1.04
2023-02-23 14:00:00+01:00,82.72,80.11,59.4,0.26,0.89
2023-02-23 15:00:00+01:00,60.65,131.14,39.1,-0.01,0.77
2023-02-23 16:00:00+01:00,19.7,78.72,18.05,-1.55,1.29
2023-02-23 17:00:00+01:00,0.0,0.0,0.0,-2.92,1.63
2023-02-23 18:00:00+01:00,0.0,0.0,0.0,-3.82,1.7
2023-02-23 19:00:00+01:00,0.0,0.0,0.0,-4.33,1.59
2023-02-23 20:00:00+01:00,0.0,0.0,0.0,-4.14,1.46
2023-02-23 21:00:00+01:00,0.0,0.0,0.0,-4.0,1.02
2023-02-23 22:00:00+01:00,0.0,0.0,0.0,-4.04,0.62
2023-02-23 23:00:00+01:00,0.0,0.0,0.0,-4.1,0.39
2023-02-24 00:00:00+01:00,0.0,0.0,0.0,-4.17,0.2
2023-02-24 01:00:00+01:00,0.0,0.0,0.0,-4.26,0.11
2023-02-24 02:00:00+01:00,0.0,0.0,0.0,-4.47,0.29
2023-02-24 03:00:00+01:00,0.0,0.0,0.0,-4.75,0.51
2023-02-24 04:00:00+01:00,0.0,0.0,0.0,-4.98,0.68
2023-02-24 05:00:00+01:00,0.0,0.0,0.0,-5.15,0.94
2023-02-24 06:00:00+01:00,0.0,0.0,0.0,-5.2,1.22
2023-02-24 07:00:00+01:00,8.45,15.45,10.09,-5.0,1.33
2023-02-24 08:00:00+01:00,23.12,37.17,17.63,-4.2,1.26
2023-02-24 09:00:00+01:00,52.08,19.58,44.41,-3.45,1.26
2023-02-24 10:00:00+01:00,68.47,27.33,56.68,-2.92,1.28
2023-02-24 11:00:00+01:00,82.18,18.59,68.03,-2.49,1.4
2023-02-24 12:00:00+01:00,82.8,5.99,69.86,-2.2,1.55
2023-02-24 13:00:00+01:00,74.9,5.24,65.02,-2.05,1.71
2023-02-24 14:00:00+01:00,74.8,3.51,65.18,-2.03,1.78
2023-02-24 15:00:00+01:00,37.4,3.3,32.62,-2.16,1.71
2023-02-24 16:00:00+01:00,9.95,0.0,9.95,-2.62,1.76
2023-02-24 17:00:00+01:00,0.0,0.0,0.0,-3.18,1.9
2023-02-24 18:00:00+01:00,0.0,0.0,0.0,-3.51,1.93
2023-02-24 19:00:00+01:00,0.0,0.0,0.0,-3.74,1.94
2023-02-24 20:00:00+01:00,0.0,0.0,0.0,-3.87,2.06
2023-02-24 21:00:00+01:00,0.0,0.0,0.0,-3.81,2.27
2023-02-24 22:00:00+01:00,0.0,0.0,0.0,-3.79,2.36
2023-02-24 23:00:00+01:00,0.0,0.0,0.0,-3.77,2.63
2023-02-25 00:00:00+01:00,0.0,0.0,0.0,-3.74,3.08
2023-02-25 01:00:00+01:00,0.0,0.0,0.0,-3.99,3.16
2023-02-25 02:00:00+01:00,0.0,0.0,0.0,-4.29,3.21
2023-02-25 03:00:00+01:00,0.0,0.0,0.0,-4.59,3.27
2023-02-25 04:00:00+01:00,0.0,0.0,0.0,-4.92,3.23
2023-02-25 05:00:00+01:00,0.0,0.0,0.0,-5.22,3.24
2023-02-25 06:00:00+01:00,0.0,0.0,0.0,-5.42,3.26
2023-02-25 07:00:00+01:00,14.15,76.84,13.52,-5.5,3.31
2023-02-25 08:00:00+01:00,62.08,145.88,37.66,-5.01,3.38
2023-02-25 09:00:00+01:00,112.32,233.93,64.27,-4.09,3.45
2023-02-25 10:00:00+01:00,169.43,328.28,81.6,-3.03,3.64
2023-02-25 11:00:00+01:00,213.38,411.98,85.93,-2.09,3.88
2023-02-25 12:00:00+01:00,240.27,367.39,122.99,-1.46,4.1
2023-02-25 13:00:00+01:00,216.98,540.97,67.5,-1.21,4.17
2023-02-25 14:00:00+01:00,164.93,420.89,55.84,-1.3,4.04
2023-02-25 15:00:00+01:00,97.6,392.35,34.36,-1.72,3.74
2023-02-25 16:00:00+01:00,31.48,243.25,16.78,-2.49,3.31
2023-02-25 17:00:00+01:00,0.0,0.0,0.0,-3.65,2.76
2023-02-25 18:00:00+01:00,0.0,0.0,0.0,-5.16,2.46
2023-02-25 19:00:00+01:00,0.0,0.0,0.0,-6.56,2.5
2023-02-25 20:00:00+01:00,0.0,0.0,0.0,-7.15,2.52
2023-02-25 21:00:00+01:00,0.0,0.0,0.0,-7.12,2.43
2023-02-25 22:00:00+01:00,0.0,0.0,0.0,-7.04,2.33
2023-02-25 23:00:00+01:00,0.0,0.0,0.0,-7.18,2.37
2023-02-26 00:00:00+01:00,0.0,0.0,0.0,-7.16,2.4
2023-02-26 01:00:00+01:00,0.0,0.0,0.0,-6.99,2.5
2023-02-26 02:00:00+01:00,0.0,0.0,0.0,-6.66,2.48
2023-02-26 03:00:00+01:00,0.0,0.0,0.0,-6.35,2.76
2023-02-26 04:00:00+01:00,0.0,0.0,0.0,-6.35,2.65
2023-02-26 05:00:00+01:00,0.0,0.0,0.0,-6.97,2.67
2023-02-26 06:00:00+01:00,0.0,0.0,0.0,-7.36,2.72
2023-02-26 07:00:00+01:00,22.73,145.12,18.2,-7.25,2.69
2023-02-26 08:00:00+01:00,108.43,430.67,39.39,-5.6,2.65
2023-02-26 09:00:00+01:00,201.45,633.25,52.75,-3.83,2.48
2023-02-26 10:00:00+01:00,298.45,693.77,90.39,-2.0,2.82
2023-02-26 11:00:00+01:00,330.48,708.42,91.23,-0.44,2.85
2023-02-26 12:00:00+01:00,331.58,706.95,92.99,0.43,2.66
2023-02-26 13:00:00+01:00,280.48,640.78,69.09,0.87,2.49
2023-02-26 14:00:00+01:00,205.93,565.2,58.2,0.98,2.28
2023-02-26 15:00:00+01:00,119.55,451.11,46.56,0.62,1.97
2023-02-26 16:00:00+01:00,35.6,261.37,20.68,-1.29,1.75
2023-02-26 17:00:00+01:00,0.0,0.0,0.0,-2.66,1.96
2023-02-26 18:00:00+01:00,0.0,0.0,0.0,-2.69,1.88
2023-02-26 19:00:00+01:00,0.0,0.0,0.0,-2.97,1.92
2023-02-26 20:00:00+01:00,0.0,0.0,0.0,-3.11,1.98
2023-02-26 21:00:00+01:00,0.0,0.0,0.0,-3.14,2.01
2023-02-26 22:00:00+01:00,0.0,0.0,0.0,-2.85,2.0
2023-02-26 23:00:00+01:00,0.0,0.0,0.0,-2.92,1.95
2023-02-27 00:00:00+01:00,0.0,0.0,0.0,-3.11,1.86
2023-02-27 01:00:00+01:00,0.0,0.0,0.0,-3.44,1.84
2023-02-27 02:00:00+01:00,0.0,0.0,0.0,-3.65,1.9
2023-02-27 03:00:00+01:00,0.0,0.0,0.0,-3.39,1.91
2023-02-27 04:00:00+01:00,0.0,0.0,0.0,-2.42,2.12
2023-02-27 05:00:00+01:00,0.0,0.0,0.0,-2.0,2.03
2023-02-27 06:00:00+01:00,0.0,0.0,0.0,-1.82,2.01
2023-02-27 07:00:00+01:00,22.23,122.78,19.52,-1.38,2.02
2023-02-27 08:00:00+01:00,98.38,297.56,58.53,-0.45,1.87
2023-02-27 09:00:00+01:00,168.43,345.73,86.66,0.54,1.69
2023-02-27 10:00:00+01:00,266.95,207.29,201.81,1.89,1.84
2023-02-27 11:00:00+01:00,264.98,514.57,97.47,3.23,1.9
2023-02-27 12:00:00+01:00,307.83,571.99,115.49,4.39,1.7
2023-02-27 13:00:00+01:00,331.08,788.84,72.19,4.88,1.72
2023-02-27 14:00:00+01:00,245.0,622.05,77.89,4.56,1.89
2023-02-27 15:00:00+01:00,145.57,462.03,60.09,3.13,2.04
2023-02-27 16:00:00+01:00,46.33,200.98,31.56,1.46,2.44
2023-02-27 17:00:00+01:00,0.0,0.0,0.0,0.88,2.58
2023-02-27 18:00:00+01:00,0.0,0.0,0.0,0.66,2.45
2023-02-27 19:00:00+01:00,0.0,0.0,0.0,0.05,2.32
2023-02-27 20:00:00+01:00,0.0,0.0,0.0,-0.4,2.3
2023-02-27 21:00:00+01:00,0.0,0.0,0.0,-0.63,2.28
2023-02-27 22:00:00+01:00,0.0,0.0,0.0,-0.88,2.19
2023-02-27 23:00:00+01:00,0.0,0.0,0.0,-1.13,2.09
2023-02-28 00:00:00+01:00,0.0,0.0,0.0,-1.28,2.01
2023-02-28 01:00:00+01:00,0.0,0.0,0.0,-1.39,1.97
2023-02-28 02:00:00+01:00,0.0,0.0,0.0,-1.48,2.0
2023-02-28 03:00:00+01:00,0.0,0.0,0.0,-1.6,2.02
2023-02-28 04:00:00+01:00,0.0,0.0,0.0,-1.74,2.03
2023-02-28 05:00:00+01:00,0.0,0.0,0.0,-1.71,2.09
2023-02-28 06:00:00+01:00,0.0,0.0,0.0,-1.67,2.1
2023-02-28 07:00:00+01:00,28.33,141.46,26.01,-0.88,2.22
2023-02-28 08:00:00+01:00,121.0,318.35,75.67,0.41,2.21
2023-02-28 09:00:00+01:00,216.02,390.54,115.39,1.49,2.2
2023-02-28 10:00:00+01:00,303.95,599.18,142.31,2.69,2.08
2023-02-28 11:00:00+01:00,333.45,537.62,180.8,3.88,2.1
2023-02-28 12:00:00+01:00,331.38,469.25,195.01,4.87,2.2
2023-02-28 13:00:00+01:00,307.17,509.22,181.44,5.41,2.17
2023-02-28 14:00:00+01:00,238.88,397.86,143.8,5.15,2.12
2023-02-28 15:00:00+01:00,150.12,311.5,101.81,4.02,2.19
2023-02-28 16:00:00+01:00,49.33,66.17,47.0,2.04,2.38
2023-02-28 17:00:00+01:00,0.0,0.0,0.0,1.3,2.57
2023-02-28 18:00:00+01:00,0.0,0.0,0.0,0.83,2.43
2023-02-28 19:00:00+01:00,0.0,0.0,0.0,0.27,2.33
2023-02-28 20:00:00+01:00,0.0,0.0,0.0,-0.21,2.24
2023-02-28 21:00:00+01:00,0.0,0.0,0.0,-0.51,2.18
2023-02-28 22:00:00+01:00,0.0,0.0,0.0,-0.65,2.2
2023-02-28 23:00:00+01:00,0.0,0.0,0.0,-0.94,2.16
2023-03-01 00:00:00+01:00,0.0,0.0,0.0,-1.31,2.12
2023-03-01 01:00:00+01:00,0.0,0.0,0.0,-1.61,2.05
2023-03-01 02:00:00+01:00,0.0,0.0,0.0,-1.54,2.04
2023-03-01 03:00:00+01:00,0.0,0.0,0.0,-1.39,2.1
2023-03-01 04:00:00+01:00,0.0,0.0,0.0,-1.34,2.02
2023-03-01 05:00:00+01:00,0.0,0.0,0.0,-1.38,1.94
2023-03-01 06:00:00+01:00,0.0,0.0,0.0,-1.52,1.96
2023-03-01 07:00:00+01:00,30.9,131.16,23.86,-1.05,2.11
2023-03-01 08:00:00+01:00,135.62,498.26,55.04,0.09,2.05
2023-03-01 09:00:00+01:00,250.98,727.4,63.61,1.3,1.93
2023-03-01 10:00:00+01:00,311.12,757.15,69.59,2.65,2.07
2023-03-01 11:00:00+01:00,375.0,791.2,78.4,4.02,2.29
2023-03-01 12:00:00+01:00,368.05,790.26,69.42,5.14,2.31
2023-03-01 13:00:00+01:00,333.75,788.08,61.1,5.68,2.27
2023-03-01 14:00:00+01:00,263.17,739.78,58.75,5.45,2.22
2023-03-01 15:00:00+01:00,152.6,561.54,47.57,4.39,2.41
2023-03-01 16:00:00+01:00,49.8,209.77,29.89,2.72,2.49
2023-03-01 17:00:00+01:00,0.0,0.0,0.0,0.92,2.51
2023-03-01 18:00:00+01:00,0.0,0.0,0.0,0.61,2.43
2023-03-01 19:00:00+01:00,0.0,0.0,0.0,-0.1,2.29
2023-03-01 20:00:00+01:00,0.0,0.0,0.0,-0.33,2.32
2023-03-01 21:00:00+01:00,0.0,0.0,0.0,-0.58,2.28
2023-03-01 22:00:00+01:00,0.0,0.0,0.0,-0.85,2.22
2023-03-01 23:00:00+01:00,0.0,0.0,0.0,-0.92,2.24
2023-03-02 00:00:00+01:00,0.0,0.0,0.0,-0.83,2.27
2023-03-02 01:00:00+01:00,0.0,0.0,0.0,-0.83,2.27
2023-03-02 02:00:00+01:00,0.0,0.0,0.0,-0.87,2.27
2023-03-02 03:00:00+01:00,0.0,0.0,0.0,-1.38,2.14
2023-03-02 04:00:00+01:00,0.0,0.0,0.0,-1.24,2.16
2023-03-02 05:00:00+01:00,0.0,0.0,0.0,-1.07,2.31
2023-03-02 06:00:00+01:00,0.0,0.0,0.0,-1.12,2.31
2023-03-02 07:00:00+01:00,40.33,258.78,28.16,-1.0,2.44
2023-03-02 08:00:00+01:00,123.28,271.11,69.14,-0.27,2.48
2023-03-02 09:00:00+01:00,197.77,349.56,109.71,0.99,2.5
2023-03-02 10:00:00+01:00,238.0,272.13,151.14,2.33,2.54
2023-03-02 11:00:00+01:00,279.02,221.52,208.1,3.5,2.75
2023-03-02 12:00:00+01:00,300.88,147.96,240.37,4.18,2.89
2023-03-02 13:00:00+01:00,276.2,140.74,220.16,4.5,3.15
2023-03-02 14:00:00+01:00,220.57,138.32,178.28,4.45,3.23
2023-03-02 15:00:00+01:00,134.02,99.81,106.73,3.77,3.03
2023-03-02 16:00:00+01:00,50.42,52.35,44.34,2.83,2.87
2023-03-02 17:00:00+01:00,0.0,0.0,0.0,1.07,2.7
2023-03-02 18:00:00+01:00,0.0,0.0,0.0,0.1,2.7
2023-03-02 19:00:00+01:00,0.0,0.0,0.0,0.15,2.85
2023-03-02 20:00:00+01:00,0.0,0.0,0.0,0.65,2.99
2023-03-02 21:00:00+01:00,0.0,0.0,0.0,-0.22,2.79
2023-03-02 22:00:00+01:00,0.0,0.0,0.0,0.0,2.95
2023-03-02 23:00:00+01:00,0.0,0.0,0.0,-0.18,3.01
2023-03-03 00:00:00+01:00,0.0,0.0,0.0,-0.42,3.05
2023-03-03 01:00:00+01:00,0.0,0.0,0.0,-0.58,2.94
2023-03-03 02:00:00+01:00,0.0,0.0,0.0,-0.51,2.92
2023-03-03 03:00:00+01:00,0.0,0.0,0.0,-0.44,2.82
2023-03-03 04:00:00+01:00,0.0,0.0,0.0,-0.36,2.88
2023-03-03 05:00:00+01:00,0.0,0.0,0.0,-0.24,2.8
2023-03-03 06:00:00+01:00,0.0,0.0,0.0,-0.06,2.82
2023-03-03 07:00:00+01:00,26.83,101.32,24.94,0.15,2.88
2023-03-03 08:00:00+01:00,67.32,65.35,57.85,0.61,2.83
2023-03-03 09:00:00+01:00,120.4,37.26,101.33,1.0,2.76
2023-03-03 10:00:00+01:00,170.57,2.79,145.01,1.23,2.81
2023-03-03 11:00:00+01:00,185.27,2.06,161.21,1.36,2.87
2023-03-03 12:00:00+01:00,90.53,0.68,78.81,1.7,3.15
2023-03-03 13:00:00+01:00,84.32,15.41,70.94,2.64,3.38
2023-03-03 14:00:00+01:00,56.08,20.14,47.08,3.64,3.56
2023-03-03 15:00:00+01:00,31.92,41.47,25.8,4.01,3.9
2023-03-03 16:00:00+01:00,19.85,36.9,17.15,4.0,4.39
2023-03-03 17:00:00+01:00,0.0,0.0,0.0,3.48,4.66
2023-03-03 18:00:00+01:00,0.0,0.0,0.0,2.47,4.17
2023-03-03 19:00:00+01:00,0.0,0.0,0.0,1.87,4.6
2023-03-03 20:00:00+01:00,0.0,0.0,0.0,1.2,4.69
2023-03-03 21:00:00+01:00,0.0,0.0,0.0,0.79,4.8
2023-03-03 22:00:00+01:00,0.0,0.0,0.0,0.37,4.91
2023-03-03 23:00:00+01:00,0.0,0.0,0.0,-0.25,5.01
2023-03-04 00:00:00+01:00,0.0,0.0,0.0,-0.86,5.1
2023-03-04 01:00:00+01:00,0.0,0.0,0.0,-1.4,5.13
2023-03-04 02:00:00+01:00,0.0,0.0,0.0,-1.93,5.24
2023-03-04 03:00:00+01:00,0.0,0.0,0.0,-2.34,5.43
2023-03-04 04:00:00+01:00,0.0,0.0,0.0,-2.64,5.86
2023-03-04 05:00:00+01:00,0.0,0.0,0.0,-2.86,5.9
2023-03-04 06:00:00+01:00,0.0,0.0,0.0,-3.21,5.52
2023-03-04 07:00:00+01:00,49.15,317.92,24.0,-3.23,4.9
2023-03-04 08:00:00+01:00,152.38,541.68,48.74,-2.47,4.95
2023-03-04 09:00:00+01:00,256.98,565.31,99.5,-1.36,5.04
2023-03-04 10:00:00+01:00,323.98,609.22,119.83,-0.36,5.48
2023-03-04 11:00:00+01:00,382.23,761.09,98.63,0.31,5.3
2023-03-04 12:00:00+01:00,396.92,803.51,89.56,0.76,5.15
2023-03-04 13:00:00+01:00,245.75,287.07,155.32,0.99,5.03
2023-03-04 14:00:00+01:00,200.55,440.77,94.9,0.83,4.99
2023-03-04 15:00:00+01:00,138.15,345.41,64.92,0.24,4.73
2023-03-04 16:00:00+01:00,62.45,244.02,35.01,-0.43,4.31
2023-03-04 17:00:00+01:00,0.0,0.0,0.0,-0.93,4.03
2023-03-04 18:00:00+01:00,0.0,0.0,0.0,-1.18,3.88
2023-03-04 19:00:00+01:00,0.0,0.0,0.0,-1.39,3.72
2023-03-04 20:00:00+01:00,0.0,0.0,0.0,-1.6,3.56
2023-03-04 21:00:00+01:00,0.0,0.0,0.0,-1.88,3.36
2023-03-04 22:00:00+01:00,0.0,0.0,0.0,-2.29,3.19
2023-03-04 23:00:00+01:00,0.0,0.0,0.0,-2.98,3.05
2023-03-05 00:00:00+01:00,0.0,0.0,0.0,-3.66,3.04
2023-03-05 01:00:00+01:00,0.0,0.0,0.0,-4.23,2.81
2023-03-05 02:00:00+01:00,0.0,0.0,0.0,-4.75,2.58
2023-03-05 03:00:00+01:00,0.0,0.0,0.0,-5.0,2.47
2023-03-05 04:00:00+01:00,0.0,0.0,0.0,-5.17,2.42
2023-03-05 05:00:00+01:00,0.0,0.0,0.0,-5.31,2.38
2023-03-05 06:00:00+01:00,0.0,0.0,0.0,-5.43,2.36
2023-03-05 07:00:00+01:00,50.12,270.5,28.04,-4.97,2.47
2023-03-05 08:00:00+01:00,130.07,371.57,56.94,-3.8,2.85
2023-03-05 09:00:00+01:00,208.05,483.12,92.69,-2.47,2.99
2023-03-05 10:00:00+01:00,257.15,434.31,123.68,-1.53,3.0
2023-03-05 11:00:00+01:00,285.15,267.63,184.84,-0.82,2.99
2023-03-05 12:00:00+01:00,276.33,205.04,190.57,-0.22,3.01
2023-03-05 13:00:00+01:00,214.38,136.18,160.09,0.1,3.08
2023-03-05 14:00:00+01:00,171.48,307.11,100.46,-0.05,3.12
2023-03-05 15:00:00+01:00,112.15,213.98,71.23,-0.63,3.09
2023-03-05 16:00:00+01:00,47.0,118.19,35.23,-1.38,2.87
2023-03-05 17:00:00+01:00,2.65,22.71,3.49,-2.05,2.67
2023-03-05 18:00:00+01:00,0.0,0.0,0.0,-2.53,2.52
2023-03-05 19:00:00+01:00,0.0,0.0,0.0,-2.81,2.43
2023-03-05 20:00:00+01:00,0.0,0.0,0.0,-3.07,2.41
2023-03-05 21:00:00+01:00,0.0,0.0,0.0,-3.15,2.38
2023-03-05 22:00:00+01:00,0.0,0.0,0.0,-3.28,2.15
2023-03-05 23:00:00+01:00,0.0,0.0,0.0,-3.67,1.89
2023-03-06 00:00:00+01:00,0.0,0.0,0.0,-4.07,1.97
2023-03-06 01:00:00+01:00,0.0,0.0,0.0,-4.58,1.96
2023-03-06 02:00:00+01:00,0.0,0.0,0.0,-5.17,1.99
2023-03-06 03:00:00+01:00,0.0,0.0,0.0,-5.83,1.95
2023-03-06 04:00:00+01:00,0.0,0.0,0.0,-6.81,1.83
2023-03-06 05:00:00+01:00,0.0,0.0,0.0,-7.45,1.86
2023-03-06 06:00:00+01:00,0.0,0.0,0.0,-8.1,1.76
2023-03-06 07:00:00+01:00,49.83,216.01,27.47,-7.71,1.81
2023-03-06 08:00:00+01:00,137.9,421.53,57.3,-6.31,1.81
2023-03-06 09:00:00+01:00,234.93,581.11,83.71,-4.48,1.84
2023-03-06 10:00:00+01:00,302.45,602.42,100.86,-2.76,1.91
2023-03-06 11:00:00+01:00,330.9,612.41,105.68,-1.48,1.79
2023-03-06 12:00:00+01:00,308.9,409.47,136.45,-0.59,1.65
2023-03-06 13:00:00+01:00,255.52,269.97,163.55,-0.07,1.51
2023-03-06 14:00:00+01:00,196.52,378.78,91.67,-0.03,1.33
2023-03-06 15:00:00+01:00,127.22,314.64,62.52,-0.51,1.06
2023-03-06 16:00:00+01:00,53.78,197.45,30.36,-1.65,0.84
2023-03-06 17:00:00+01:00,3.8,33.4,4.91,-2.69,1.0
2023-03-06 18:00:00+01:00,0.0,0.0,0.0,-3.29,0.93
2023-03-06 19:00:00+01:00,0.0,0.0,0.0,-3.76,0.81
2023-03-06 20:00:00+01:00,0.0,0.0,0.0,-4.26,0.77
2023-03-06 21:00:00+01:00,0.0,0.0,0.0,-4.92,0.9
2023-03-06 22:00:00+01:00,0.0,0.0,0.0,-5.74,1.19
2023-03-06 23:00:00+01:00,0.0,0.0,0.0,-6.8,1.54
2023-03-07 00:00:00+01:00,0.0,0.0,0.0,-7.79,1.79
2023-03-07 01:00:00+01:00,0.0,0.0,0.0,-8.54,1.91
2023-03-07 02:00:00+01:00,0.0,0.0,0.0,-9.2,1.98
2023-03-07 03:00:00+01:00,0.0,0.0,0.0,-9.75,2.03
2023-03-07 04:00:00+01:00,0.0,0.0,0.0,-10.07,1.94
2023-03-07 05:00:00+01:00,0.0,0.0,0.0,-10.04,1.67
2023-03-07 06:00:00+01:00,0.0,0.0,0.0,-10.15,1.42
2023-03-07 07:00:00+01:00,53.0,83.96,43.63,-9.85,1.18
2023-03-07 08:00:00+01:00,130.07,100.41,103.49,-8.33,1.39
2023-03-07 09:00:00+01:00,200.85,91.37,165.87,-7.11,1.52
2023-03-07 10:00:00+01:00,241.7,62.19,204.13,-5.66,2.06
2023-03-07 11:00:00+01:00,247.68,1.71,213.48,-4.71,2.63
2023-03-07 12:00:00+01:00,218.45,0.15,186.01,-4.01,2.96
2023-03-07 13:00:00+01:00,181.45,0.35,158.1,-3.58,3.1
2023-03-07 14:00:00+01:00,136.48,8.18,118.61,-3.36,3.27
2023-03-07 15:00:00+01:00,87.18,10.77,75.72,-3.34,3.6
2023-03-07 16:00:00+01:00,43.5,21.68,38.74,-3.49,3.99
2023-03-07 17:00:00+01:00,3.78,0.0,5.18,-3.67,4.39
2023-03-07 18:00:00+01:00,0.0,0.0,0.0,-3.82,4.58
2023-03-07 19:00:00+01:00,0.0,0.0,0.0,-3.92,4.64
2023-03-07 20:00:00+01:00,0.0,0.0,0.0,-3.96,4.57
2023-03-07 21:00:00+01:00,0.0,0.0,0.0,-3.95,4.41
2023-03-07 22:00:00+01:00,0.0,0.0,0.0,-4.0,4.25
2023-03-07 23:00:00+01:00,0.0,0.0,0.0,-4.12,4.13
2023-03-08 00:00:00+01:00,0.0,0.0,0.0,-4.18,4.23
2023-03-08 01:00:00+01:00,0.0,0.0,0.0,-4.21,4.42
2023-03-08 02:00:00+01:00,0.0,0.0,0.0,-4.23,4.58
2023-03-08 03:00:00+01:00,0.0,0.0,0.0,-4.26,4.79
2023-03-08 04:00:00+01:00,0.0,0.0,0.0,-4.32,4.78
2023-03-08 05:00:00+01:00,0.0,0.0,0.0,-4.53,4.64
2023-03-08 06:00:00+01:00,0.0,0.0,0.0,-4.88,4.45
2023-03-08 07:00:00+01:00,35.75,13.19,32.19,-5.07,4.2
2023-03-08 08:00:00+01:00,82.25,11.58,70.31,-4.89,4.03
2023-03-08 09:00:00+01:00,120.3,15.84,103.83,-4.26,3.94
2023-03-08 10:00:00+01:00,183.38,35.93,155.53,-3.43,4.01
2023-03-08 11:00:00+01:00,178.15,35.93,146.03,-2.64,4.09
2023-03-08 12:00:00+01:00,169.18,65.01,133.2,-2.01,4.1
2023-03-08 13:00:00+01:00,153.12,70.95,121.47,-1.61,3.92
2023-03-08 14:00:00+01:00,123.47,86.15,90.3,-1.51,3.5
2023-03-08 15:00:00+01:00,81.95,92.72,62.74,-1.8,2.79
2023-03-08 16:00:00+01:00,43.75,65.5,35.83,-2.87,2.06
2023-03-08 17:00:00+01:00,5.05,11.61,6.81,-5.1,2.04
2023-03-08 18:00:00+01:00,0.0,0.0,0.0,-6.16,2.04
2023-03-08 19:00:00+01:00,0.0,0.0,0.0,-6.84,1.92
2023-03-08 20:00:00+01:00,0.0,0.0,0.0,-7.04,1.9
2023-03-08 21:00:00+01:00,0.0,0.0,0.0,-6.71,1.45
2023-03-08 22:00:00+01:00,0.0,0.0,0.0,-6.56,0.81
2023-03-08 23:00:00+01:00,0.0,0.0,0.0,-7.26,0.77
2023-03-09 00:00:00+01:00,0.0,0.0,0.0,-8.79,1.48
2023-03-09 01:00:00+01:00,0.0,0.0,0.0,-10.1,1.73
2023-03-09 02:00:00+01:00,0.0,0.0,0.0,-10.77,1.94
2023-03-09 03:00:00+01:00,0.0,0.0,0.0,-11.2,2.19
2023-03-09 04:00:00+01:00,0.0,0.0,0.0,-11.24,2.3
2023-03-09 05:00:00+01:00,0.0,0.0,0.0,-11.18,2.34
2023-03-09 06:00:00+01:00,3.42,11.08,4.8,-10.86,2.19
2023-03-09 07:00:00+01:00,45.03,95.18,34.84,-9.5,2.22
2023-03-09 08:00:00+01:00,104.55,99.54,80.38,-7.97,2.34
2023-03-09 09:00:00+01:00,162.65,79.86,123.07,-6.32,2.6
2023-03-09 10:00:00+01:00,206.43,72.96,166.79,-5.2,2.73
2023-03-09 11:00:00+01:00,185.18,95.91,139.07,-4.33,2.81
2023-03-09 12:00:00+01:00,157.62,62.96,122.14,-3.67,2.66
2023-03-09 13:00:00+01:00,87.28,16.46,73.71,-3.28,2.59
2023-03-09 14:00:00+01:00,104.03,28.3,86.25,-3.11,2.43
2023-03-09 15:00:00+01:00,59.72,25.29,50.74,-3.03,2.21
2023-03-09 16:00:00+01:00,26.35,15.7,22.48,-3.2,1.72
2023-03-09 17:00:00+01:00,3.53,2.84,4.43,-4.69,1.42
2023-03-09 18:00:00+01:00,0.0,0.0,0.0,-5.64,1.46
2023-03-09 19:00:00+01:00,0.0,0.0,0.0,-5.87,1.33
2023-03-09 20:00:00+01:00,0.0,0.0,0.0,-6.09,1.13
2023-03-09 21:00:00+01:00,0.0,0.0,0.0,-6.36,0.8
2023-03-09 22:00:00+01:00,0.0,0.0,0.0,-6.7,0.6
2023-03-09 23:00:00+01:00,0.0,0.0,0.0,-7.0,0.6
2023-03-10 00:00:00+01:00,0.0,0.0,0.0,-7.18,0.86
2023-03-10 01:00:00+01:00,0.0,0.0,0.0,-7.44,1.09
2023-03-10 02:00:00+01:00,0.0,0.0,0.0,-7.7,1.26
2023-03-10 03:00:00+01:00,0.0,0.0,0.0,-7.95,1.47
2023-03-10 04:00:00+01:00,0.0,0.0,0.0,-8.27,1.68
2023-03-10 05:00:00+01:00,0.0,0.0,0.0,-8.44,1.73
2023-03-10 06:00:00+01:00,3.45,4.83,4.67,-8.46,1.63
2023-03-10 07:00:00+01:00,40.17,64.22,32.68,-8.0,1.6
2023-03-10 08:00:00+01:00,94.72,123.33,70.68,-7.24,1.53
2023-03-10 09:00:00+01:00,151.88,185.87,96.52,-6.1,1.6
2023-03-10 10:00:00+01:00,196.02,239.78,117.28,-4.98,1.58
2023-03-10 11:00:00+01:00,211.7,183.08,134.64,-4.05,1.35
2023-03-10 12:00:00+01:00,273.6,475.43,106.34,-3.32,1.09
2023-03-10 13:00:00+01:00,260.08,417.28,104.39,-2.77,0.95
2023-03-10 14:00:00+01:00,223.2,415.51,102.64,-2.52,0.91
2023-03-10 15:00:00+01:00,143.52,316.9,82.12,-2.63,0.96
2023-03-10 16:00:00+01:00,65.38,168.84,45.97,-3.36,0.88
2023-03-10 17:00:00+01:00,8.18,40.99,9.38,-4.84,1.22
2023-03-10 18:00:00+01:00,0.0,0.0,0.0,-5.79,1.43
2023-03-10 19:00:00+01:00,0.0,0.0,0.0,-6.38,1.49
2023-03-10 20:00:00+01:00,0.0,0.0,0.0,-6.63,1.47
2023-03-10 21:00:00+01:00,0.0,0.0,0.0,-6.73,1.4
2023-03-10 22:00:00+01:00,0.0,0.0,0.0,-6.72,1.32
2023-03-10 23:00:00+01:00,0.0,0.0,0.0,-6.75,1.37
2023-03-11 00:00:00+01:00,0.0,0.0,0.0,-6.84,1.53
2023-03-11 01:00:00+01:00,0.0,0.0,0.0,-7.01,1.62
2023-03-11 02:00:00+01:00,0.0,0.0,0.0,-7.14,1.61
2023-03-11 03:00:00+01:00,0.0,0.0,0.0,-7.36,1.6
2023-03-11 04:00:00+01:00,0.0,0.0,0.0,-7.6,1.66
2023-03-11 05:00:00+01:00,0.0,0.0,0.0,-7.82,1.71
2023-03-11 06:00:00+01:00,5.05,2.77,5.75,-8.05,1.78
2023-03-11 07:00:00+01:00,52.72,32.64,46.88,-7.51,1.67
2023-03-11 08:00:00+01:00,123.53,49.0,106.81,-6.27,1.51
2023-03-11 09:00:00+01:00,180.25,35.32,151.4,-4.87,1.25
2023-03-11 10:00:00+01:00,232.12,38.13,196.33,-3.04,1.74
2023-03-11 11:00:00+01:00,262.33,47.39,213.12,-2.07,1.71
2023-03-11 12:00:00+01:00,305.45,255.19,187.36,-1.16,1.66
2023-03-11 13:00:00+01:00,315.9,410.9,156.26,-0.44,1.81
2023-03-11 14:00:00+01:00,255.82,428.22,120.58,-0.09,1.79
2023-03-11 15:00:00+01:00,169.18,359.67,92.82,-0.25,1.34
2023-03-11 16:00:00+01:00,79.8,215.29,47.52,-1.81,1.21
2023-03-11 17:00:00+01:00,11.18,58.61,11.88,-4.79,1.96
2023-03-11 18:00:00+01:00,0.0,0.0,0.0,-6.82,2.37
2023-03-11 19:00:00+01:00,0.0,0.0,0.0,-7.34,2.53
2023-03-11 20:00:00+01:00,0.0,0.0,0.0,-7.41,2.45
2023-03-11 21:00:00+01:00,0.0,0.0,0.0,-7.41,2.33
2023-03-11 22:00:00+01:00,0.0,0.0,0.0,-7.23,2.22
2023-03-11 23:00:00+01:00,0.0,0.0,0.0,-6.64,2.08
2023-03-12 00:00:00+01:00,0.0,0.0,0.0,-6.09,2.1
2023-03-12 01:00:00+01:00,0.0,0.0,0.0,-5.7,1.97
2023-03-12 02:00:00+01:00,0.0,0.0,0.0,-5.54,1.98
2023-03-12 03:00:00+01:00,0.0,0.0,0.0,-5.26,2.17
2023-03-12 04:00:00+01:00,0.0,0.0,0.0,-5.32,2.26
2023-03-12 05:00:00+01:00,0.0,0.0,0.0,-5.55,2.46
2023-03-12 06:00:00+01:00,7.0,33.2,9.24,-5.76,2.81
2023-03-12 07:00:00+01:00,77.05,218.53,48.14,-5.99,2.58
2023-03-12 08:00:00+01:00,189.57,573.55,78.52,-5.27,2.63
2023-03-12 09:00:00+01:00,308.42,669.83,93.3,-3.91,2.57
2023-03-12 10:00:00+01:00,393.5,764.25,86.31,-2.38,2.59
2023-03-12 11:00:00+01:00,473.48,878.6,86.03,-1.23,3.1
2023-03-12 12:00:00+01:00,439.45,806.24,99.05,-0.65,3.67
2023-03-12 13:00:00+01:00,388.5,822.42,72.7,-0.36,3.96
2023-03-12 14:00:00+01:00,314.38,750.75,75.04,-0.36,3.9
2023-03-12 15:00:00+01:00,199.6,591.17,57.81,-0.75,3.55
2023-03-12 16:00:00+01:00,91.82,374.02,37.62,-1.81,2.92
2023-03-12 17:00:00+01:00,12.32,126.12,9.64,-4.13,2.67
2023-03-12 18:00:00+01:00,0.0,0.0,0.0,-6.01,2.65
2023-03-12 19:00:00+01:00,0.0,0.0,0.0,-7.34,2.61
2023-03-12 20:00:00+01:00,0.0,0.0,0.0,-8.44,2.51
2023-03-12 21:00:00+01:00,0.0,0.0,0.0,-9.17,2.42
2023-03-12 22:00:00+01:00,0.0,0.0,0.0,-9.53,2.27
2023-03-12 23:00:00+01:00,0.0,0.0,0.0,-9.54,1.92
2023-03-13 00:00:00+01:00,0.0,0.0,0.0,-8.98,1.61
2023-03-13 01:00:00+01:00,0.0,0.0,0.0,-8.29,1.3
2023-03-13 02:00:00+01:00,0.0,0.0,0.0,-8.28,1.39
2023-03-13 03:00:00+01:00,0.0,0.0,0.0,-8.39,1.76
2023-03-13 04:00:00+01:00,0.0,0.0,0.0,-8.47,2.01
2023-03-13 05:00:00+01:00,0.0,0.0,0.0,-8.05,2.11
2023-03-13 06:00:00+01:00,6.3,0.0,6.74,-7.36,2.27
2023-03-13 07:00:00+01:00,27.02,1.97,23.52,-5.97,2.7
2023-03-13 08:00:00+01:00,57.55,4.82,49.42,-4.18,3.22
2023-03-13 09:00:00+01:00,80.85,6.05,68.22,-2.37,3.77
2023-03-13 10:00:00+01:00,90.18,0.0,77.81,-0.97,4.07
2023-03-13 11:00:00+01:00,99.65,0.0,84.96,-0.07,4.21
2023-03-13 12:00:00+01:00,89.28,0.0,76.11,0.23,4.1
2023-03-13 13:00:00+01:00,181.18,14.6,155.44,0.28,3.93
2023-03-13 14:00:00+01:00,144.5,29.94,121.02,0.21,3.77
2023-03-13 15:00:00+01:00,95.55,43.95,77.13,0.15,3.62
2023-03-13 16:00:00+01:00,51.28,46.4,43.22,0.14,3.45
2023-03-13 17:00:00+01:00,12.48,18.14,14.76,0.12,3.4
2023-03-13 18:00:00+01:00,0.0,0.0,0.0,0.16,3.33
2023-03-13 19:00:00+01:00,0.0,0.0,0.0,0.31,3.69
2023-03-13 20:00:00+01:00,0.0,0.0,0.0,0.54,4.09
2023-03-13 21:00:00+01:00,0.0,0.0,0.0,0.89,4.68
2023-03-13 22:00:00+01:00,0.0,0.0,0.0,1.43,4.97
2023-03-13 23:00:00+01:00,0.0,0.0,0.0,1.8,4.62
2023-03-14 00:00:00+01:00,0.0,0.0,0.0,2.14,4.66
2023-03-14 01:00:00+01:00,0.0,0.0,0.0,2.46,4.34
2023-03-14 02:00:00+01:00,0.0,0.0,0.0,2.77,4.0
2023-03-14 03:00:00+01:00,0.0,0.0,0.0,2.87,3.67
2023-03-14 04:00:00+01:00,0.0,0.0,0.0,2.77,3.35
2023-03-14 05:00:00+01:00,0.0,0.0,0.0,2.42,2.95
2023-03-14 06:00:00+01:00,8.32,12.44,10.4,2.04,2.55
2023-03-14 07:00:00+01:00,63.75,67.53,52.58,1.74,2.16
2023-03-14 08:00:00+01:00,149.5,89.76,118.9,1.74,1.95
2023-03-14 09:00:00+01:00,220.73,93.17,182.78,1.65,2.06
2023-03-14 10:00:00+01:00,263.65,144.96,196.39,1.7,1.85
2023-03-14 11:00:00+01:00,292.35,61.46,243.86,1.94,1.57
2023-03-14 12:00:00+01:00,283.62,36.04,241.13,2.37,1.55
2023-03-14 13:00:00+01:00,286.25,49.58,235.75,2.52,1.55
2023-03-14 14:00:00+01:00,240.52,86.21,195.24,2.38,1.37
2023-03-14 15:00:00+01:00,164.57,74.23,127.66,1.93,1.29
2023-03-14 16:00:00+01:00,82.93,73.77,69.47,0.97,1.47
2023-03-14 17:00:00+01:00,11.8,6.98,12.33,-0.1,1.87
2023-03-14 18:00:00+01:00,0.0,0.0,0.0,-0.23,2.29
2023-03-14 19:00:00+01:00,0.0,0.0,0.0,-0.78,2.43
2023-03-14 20:00:00+01:00,0.0,0.0,0.0,-1.81,2.39
2023-03-14 21:00:00+01:00,0.0,0.0,0.0,-2.67,2.33
2023-03-14 22:00:00+01:00,0.0,0.0,0.0,-2.74,2.75
2023-03-14 23:00:00+01:00,0.0,0.0,0.0,-3.03,2.64
2023-03-15 00:00:00+01:00,0.0,0.0,0.0,-3.5,2.37
2023-03-15 01:00:00+01:00,0.0,0.0,0.0,-3.77,2.45
2023-03-15 02:00:00+01:00,0.0,0.0,0.0,-3.65,2.69
2023-03-15 03:00:00+01:00,0.0,0.0,0.0,-3.58,2.84
2023-03-15 04:00:00+01:00,0.0,0.0,0.0,-3.32,2.8
2023-03-15 05:00:00+01:00,0.0,0.0,0.0,-3.28,2.45
2023-03-15 06:00:00+01:00,13.2,150.99,10.45,-2.92,2.57
2023-03-15 07:00:00+01:00,109.4,449.81,38.74,-2.23,2.85
2023-03-15 08:00:00+01:00,238.52,655.18,72.33,-1.37,3.02
2023-03-15 09:00:00+01:00,374.9,881.98,62.67,-0.07,3.16
2023-03-15 10:00:00+01:00,450.27,885.13,70.6,1.18,3.33
2023-03-15 11:00:00+01:00,499.62,916.26,75.16,1.94,3.38
2023-03-15 12:00:00+01:00,500.85,930.51,70.92,2.46,3.52
2023-03-15 13:00:00+01:00,458.95,898.7,73.95,2.76,3.52
2023-03-15 14:00:00+01:00,376.95,824.65,78.15,2.8,3.26
2023-03-15 15:00:00+01:00,262.23,747.19,65.06,2.43,2.83
2023-03-15 16:00:00+01:00,130.0,531.84,47.8,1.49,2.5
2023-03-15 17:00:00+01:00,19.12,141.28,15.55,-0.4,2.21
2023-03-15 18:00:00+01:00,0.0,0.0,0.0,-0.99,2.5
2023-03-15 19:00:00+01:00,0.0,0.0,0.0,-1.11,2.47
2023-03-15 20:00:00+01:00,0.0,0.0,0.0,-1.55,2.3
2023-03-15 21:00:00+01:00,0.0,0.0,0.0,-1.64,2.43
2023-03-15 22:00:00+01:00,0.0,0.0,0.0,-1.93,2.47
2023-03-15 23:00:00+01:00,0.0,0.0,0.0,-2.38,2.44
2023-03-16 00:00:00+01:00,0.0,0.0,0.0,-2.7,2.43
2023-03-16 01:00:00+01:00,0.0,0.0,0.0,-3.08,2.42
2023-03-16 02:00:00+01:00,0.0,0.0,0.0,-3.46,2.46
2023-03-16 03:00:00+01:00,0.0,0.0,0.0,-3.83,2.45
2023-03-16 04:00:00+01:00,0.0,0.0,0.0,-4.04,2.47
2023-03-16 05:00:00+01:00,0.0,0.0,0.0,-4.37,2.37
2023-03-16 06:00:00+01:00,17.05,149.68,12.67,-4.59,2.29
2023-03-16 07:00:00+01:00,119.45,462.57,42.96,-3.43,1.96
2023-03-16 08:00:00+01:00,247.65,756.99,56.79,-1.61,1.64
2023-03-16 09:00:00+01:00,378.67,828.96,72.89,0.83,1.85
2023-03-16 10:00:00+01:00,463.38,917.55,73.05,2.24,2.01
2023-03-16 11:00:00+01:00,512.1,957.41,67.66,2.98,1.97
2023-03-16 12:00:00+01:00,513.03,940.33,74.02,3.51,1.81
2023-03-16 13:00:00+01:00,474.25,936.92,69.72,3.78,1.55
2023-03-16 14:00:00+01:00,397.17,932.52,58.14,3.78,1.07
2023-03-16 15:00:00+01:00,262.12,628.58,84.58,3.68,0.48
2023-03-16 16:00:00+01:00,133.43,372.25,71.78,2.91,0.15
2023-03-16 17:00:00+01:00,23.4,97.5,23.02,1.5,1.08
2023-03-16 18:00:00+01:00,0.0,0.0,0.0,-0.31,1.9
2023-03-16 19:00:00+01:00,0.0,0.0,0.0,-1.34,1.96
2023-03-16 20:00:00+01:00,0.0,0.0,0.0,-1.27,1.98
2023-03-16 21:00:00+01:00,0.0,0.0,0.0,-0.94,2.16
2023-03-16 22:00:00+01:00,0.0,0.0,0.0,-0.82,2.28
2023-03-16 23:00:00+01:00,0.0,0.0,0.0,-1.01,2.22
2023-03-17 00:00:00+01:00,0.0,0.0,0.0,-1.09,2.34
2023-03-17 01:00:00+01:00,0.0,0.0,0.0,-1.18,2.48
2023-03-17 02:00:00+01:00,0.0,0.0,0.0,-1.25,2.59
2023-03-17 03:00:00+01:00,0.0,0.0,0.0,-1.29,2.66
2023-03-17 04:00:00+01:00,0.0,0.0,0.0,-0.94,3.08
2023-03-17 05:00:00+01:00,0.0,0.0,0.0,-0.95,3.08
2023-03-17 06:00:00+01:00,9.1,6.98,9.29,-0.83,3.35
2023-03-17 07:00:00+01:00,71.1,54.01,60.19,-0.31,3.58
2023-03-17 08:00:00+01:00,131.32,71.83,101.58,0.45,3.91
2023-03-17 09:00:00+01:00,188.88,50.64,153.99,1.4,4.34
2023-03-17 10:00:00+01:00,228.65,49.7,188.85,2.17,4.56
2023-03-17 11:00:00+01:00,260.95,40.54,215.72,2.4,4.67
2023-03-17 12:00:00+01:00,201.73,61.26,160.85,2.5,4.8
2023-03-17 13:00:00+01:00,189.93,31.01,156.2,2.2,4.8
2023-03-17 14:00:00+01:00,130.7,55.3,107.01,1.9,4.65
2023-03-17 15:00:00+01:00,89.97,42.53,74.95,1.95,4.44
2023-03-17 16:00:00+01:00,49.95,29.07,42.72,1.94,4.26
2023-03-17 17:00:00+01:00,13.1,4.35,13.28,1.53,3.84
2023-03-17 18:00:00+01:00,0.0,0.0,0.0,1.07,3.55
2023-03-17 19:00:00+01:00,0.0,0.0,0.0,0.82,3.44
2023-03-17 20:00:00+01:00,0.0,0.0,0.0,0.67,3.4
2023-03-17 21:00:00+01:00,0.0,0.0,0.0,0.47,3.3
2023-03-17 22:00:00+01:00,0.0,0.0,0.0,0.46,3.06
2023-03-17 23:00:00+01:00,0.0,0.0,0.0,0.61,2.68
2023-03-18 00:00:00+01:00,0.0,0.0,0.0,0.73,2.33
2023-03-18 01:00:00+01:00,0.0,0.0,0.0,0.78,2.15
2023-03-18 02:00:00+01:00,0.0,0.0,0.0,0.85,2.14
2023-03-18 03:00:00+01:00,0.0,0.0,0.0,0.9,2.28
2023-03-18 04:00:00+01:00,0.0,0.0,0.0,0.86,2.24
2023-03-18 05:00:00+01:00,0.0,0.0,0.0,0.83,2.33
2023-03-18 06:00:00+01:00,7.57,0.0,7.79,0.76,2.1
2023-03-18 07:00:00+01:00,21.08,0.67,18.42,0.82,1.93
2023-03-18 08:00:00+01:00,52.17,0.55,45.14,1.15,1.98
2023-03-18 09:00:00+01:00,79.4,0.62,69.45,1.69,2.0
2023-03-18 10:00:00+01:00,97.88,0.41,83.38,2.07,1.95
2023-03-18 11:00:00+01:00,90.18,0.13,77.36,2.24,1.82
2023-03-18 12:00:00+01:00,165.62,17.26,139.76,2.4,1.8
2023-03-18 13:00:00+01:00,146.38,49.49,112.44,2.69,1.83
2023-03-18 14:00:00+01:00,134.82,80.05,105.13,2.97,1.63
2023-03-18 15:00:00+01:00,75.78,73.18,53.69,2.86,1.39
2023-03-18 16:00:00+01:00,49.38,68.64,37.42,2.19,1.31
2023-03-18 17:00:00+01:00,18.83,24.35,20.75,1.19,1.47
2023-03-18 18:00:00+01:00,0.0,0.0,0.0,0.74,1.56
2023-03-18 19:00:00+01:00,0.0,0.0,0.0,0.7,1.57
2023-03-18 20:00:00+01:00,0.0,0.0,0.0,0.67,1.46
2023-03-18 21:00:00+01:00,0.0,0.0,0.0,0.7,1.43
2023-03-18 22:00:00+01:00,0.0,0.0,0.0,0.74,1.64
2023-03-18 23:00:00+01:00,0.0,0.0,0.0,0.63,1.51
2023-03-19 00:00:00+01:00,0.0,0.0,0.0,0.51,1.24
2023-03-19 01:00:00+01:00,0.0,0.0,0.0,0.44,1.2
2023-03-19 02:00:00+01:00,0.0,0.0,0.0,0.32,1.42
2023-03-19 03:00:00+01:00,0.0,0.0,0.0,-0.02,1.35
2023-03-19 04:00:00+01:00,0.0,0.0,0.0,-0.35,1.27
2023-03-19 05:00:00+01:00,0.0,0.0,0.0,-0.63,1.13
2023-03-19 06:00:00+01:00,23.33,163.19,16.79,-0.66,1.04
2023-03-19 07:00:00+01:00,101.4,345.93,44.84,0.05,0.79
2023-03-19 08:00:00+01:00,172.57,490.29,53.73,1.26,0.48
2023-03-19 09:00:00+01:00,275.62,554.45,84.85,2.68,0.29
2023-03-19 10:00:00+01:00,315.8,453.23,128.99,3.85,0.4
2023-03-19 11:00:00+01:00,303.7,466.5,103.66,5.06,0.67
2023-03-19 12:00:00+01:00,331.42,205.16,234.39,5.63,0.98
2023-03-19 13:00:00+01:00,301.5,157.45,223.13,5.52,1.2
2023-03-19 14:00:00+01:00,253.88,152.51,195.14,5.05,1.26
2023-03-19 15:00:00+01:00,185.1,132.24,143.79,4.31,1.27
2023-03-19 16:00:00+01:00,79.5,76.27,63.0,3.18,1.38
2023-03-19 17:00:00+01:00,21.12,26.79,21.79,2.53,1.76
2023-03-19 18:00:00+01:00,0.0,0.0,0.0,2.53,1.93
2023-03-19 19:00:00+01:00,0.0,0.0,0.0,2.46,1.91
2023-03-19 20:00:00+01:00,0.0,0.0,0.0,2.53,2.04
2023-03-19 21:00:00+01:00,0.0,0.0,0.0,2.7,2.08
2023-03-19 22:00:00+01:00,0.0,0.0,0.0,2.76,2.15
2023-03-19 23:00:00+01:00,0.0,0.0,0.0,2.88,2.27
2023-03-20 00:00:00+01:00,0.0,0.0,0.0,2.84,2.17
2023-03-20 01:00:00+01:00,0.0,0.0,0.0,2.94,2.26
2023-03-20 02:00:00+01:00,0.0,0.0,0.0,2.96,2.14
2023-03-20 03:00:00+01:00,0.0,0.0,0.0,2.9,2.17
2023-03-20 04:00:00+01:00,0.0,0.0,0.0,2.85,2.19
2023-03-20 05:00:00+01:00,0.0,0.0,0.0,3.09,2.45
2023-03-20 06:00:00+01:00,10.93,0.0,11.09,3.41,2.5
2023-03-20 07:00:00+01:00,43.1,0.0,38.69,3.87,2.44
2023-03-20 08:00:00+01:00,78.65,0.0,68.23,4.29,2.06
2023-03-20 09:00:00+01:00,125.28,0.0,109.18,4.87,1.94
2023-03-20 10:00:00+01:00,82.28,0.82,69.6,5.18,1.56
2023-03-20 11:00:00+01:00,133.85,45.36,103.75,5.24,1.28
2023-03-20 12:00:00+01:00,151.8,3.3,125.53,5.09,1.31
2023-03-20 13:00:00+01:00,152.77,70.55,119.84,4.55,1.71
2023-03-20 14:00:00+01:00,178.75,71.9,141.92,3.81,2.29
2023-03-20 15:00:00+01:00,153.27,99.56,117.7,3.15,2.76
2023-03-20 16:00:00+01:00,70.1,89.62,54.26,2.67,2.68
2023-03-20 17:00:00+01:00,26.2,52.74,25.83,2.01,2.42
2023-03-20 18:00:00+01:00,0.0,0.0,0.0,1.5,2.27
2023-03-20 19:00:00+01:00,0.0,0.0,0.0,1.14,2.02
2023-03-20 20:00:00+01:00,0.0,0.0,0.0,0.52,1.82
2023-03-20 21:00:00+01:00,0.0,0.0,0.0,-0.25,1.83
2023-03-20 22:00:00+01:00,0.0,0.0,0.0,-0.77,1.8
2023-03-20 23:00:00+01:00,0.0,0.0,0.0,-1.26,1.92
2023-03-21 00:00:00+01:00,0.0,0.0,0.0,-1.6,1.93
2023-03-21 01:00:00+01:00,0.0,0.0,0.0,-1.91,2.03
2023-03-21 02:00:00+01:00,0.0,0.0,0.0,-2.3,2.23
2023-03-21 03:00:00+01:00,0.0,0.0,0.0,-2.31,2.17
2023-03-21 04:00:00+01:00,0.0,0.0,0.0,-2.33,2.03
2023-03-21 05:00:00+01:00,0.0,0.0,0.0,-2.54,1.81
2023-03-21 06:00:00+01:00,29.3,97.82,27.82,-1.78,1.65
2023-03-21 07:00:00+01:00,137.15,374.52,76.3,-0.05,1.54
2023-03-21 08:00:00+01:00,290.55,831.4,91.7,1.64,1.27
2023-03-21 09:00:00+01:00,392.4,839.49,124.46,3.51,1.36
2023-03-21 10:00:00+01:00,474.38,952.92,136.84,4.64,1.56
2023-03-21 11:00:00+01:00,504.5,1020.95,160.09,4.71,1.64
2023-03-21 12:00:00+01:00,485.98,623.27,211.97,4.64,1.71
2023-03-21 13:00:00+01:00,369.95,167.89,269.69,4.41,1.61
2023-03-21 14:00:00+01:00,296.55,154.11,228.32,4.25,1.38
2023-03-21 15:00:00+01:00,201.3,108.28,155.41,4.07,1.14
2023-03-21 16:00:00+01:00,100.82,71.77,81.81,3.35,0.86
2023-03-21 17:00:00+01:00,21.0,23.36,21.04,1.61,1.51
2023-03-21 18:00:00+01:00,0.0,0.0,0.0,0.18,1.97
2023-03-21 19:00:00+01:00,0.0,0.0,0.0,-0.04,1.82
2023-03-21 20:00:00+01:00,0.0,0.0,0.0,0.05,1.72
2023-03-21 21:00:00+01:00,0.0,0.0,0.0,0.09,1.82
2023-03-21 22:00:00+01:00,0.0,0.0,0.0,-0.11,1.79
2023-03-21 23:00:00+01:00,0.0,0.0,0.0,-0.08,1.83
2023-03-22 00:00:00+01:00,0.0,0.0,0.0,0.06,1.96
2023-03-22 01:00:00+01:00,0.0,0.0,0.0,0.39,2.21
2023-03-22 02:00:00+01:00,0.0,0.0,0.0,0.38,2.26
2023-03-22 03:00:00+01:00,0.0,0.0,0.0,0.4,2.25
2023-03-22 04:00:00+01:00,0.0,0.0,0.0,0.47,2.2
2023-03-22 05:00:00+01:00,0.0,0.0,0.0,0.56,2.18
2023-03-22 06:00:00+01:00,24.17,29.24,23.53,0.75,2.18
2023-03-22 07:00:00+01:00,77.97,100.19,65.73,1.19,2.3
2023-03-22 08:00:00+01:00,134.9,159.53,103.33,2.27,2.38
2023-03-22 09:00:00+01:00,176.45,252.12,117.21,3.61,2.64
2023-03-22 10:00:00+01:00,199.6,312.15,118.13,4.96,2.42
2023-03-22 11:00:00+01:00,176.98,29.28,149.73,6.25,2.59
2023-03-22 12:00:00+01:00,200.65,87.19,155.58,7.27,2.66
2023-03-22 13:00:00+01:00,187.4,49.42,150.66,7.62,2.81
2023-03-22 14:00:00+01:00,152.98,85.19,120.35,7.39,3.02
2023-03-22 15:00:00+01:00,112.57,51.93,93.43,7.17,3.23
2023-03-22 16:00:00+01:00,66.47,28.07,57.48,6.87,3.47
2023-03-22 17:00:00+01:00,20.27,4.42,20.03,6.42,3.63
2023-03-22 18:00:00+01:00,0.0,0.0,0.0,5.96,3.66
2023-03-22 19:00:00+01:00,0.0,0.0,0.0,5.65,3.76
2023-03-22 20:00:00+01:00,0.0,0.0,0.0,5.58,4.02
2023-03-22 21:00:00+01:00,0.0,0.0,0.0,5.73,4.38
2023-03-22 22:00:00+01:00,0.0,0.0,0.0,5.84,4.61
2023-03-22 23:00:00+01:00,0.0,0.0,0.0,5.85,4.94
2023-03-23 00:00:00+01:00,0.0,0.0,0.0,5.49,4.9
2023-03-23 01:00:00+01:00,0.0,0.0,0.0,4.82,4.62
2023-03-23 02:00:00+01:00,0.0,0.0,0.0,4.35,4.49
2023-03-23 03:00:00+01:00,0.0,0.0,0.0,3.94,4.18
2023-03-23 04:00:00+01:00,0.0,0.0,0.0,3.22,3.92
2023-03-23 05:00:00+01:00,0.0,0.0,0.0,2.39,3.55
2023-03-23 06:00:00+01:00,49.9,300.52,24.61,2.04,3.29
2023-03-23 07:00:00+01:00,171.93,611.53,49.13,2.6,3.28
2023-03-23 08:00:00+01:00,312.12,749.04,74.48,3.66,3.36
2023-03-23 09:00:00+01:00,423.17,834.55,81.0,5.19,3.11
2023-03-23 10:00:00+01:00,499.5,859.12,92.12,6.83,2.9
2023-03-23 11:00:00+01:00,536.8,824.97,110.04,8.19,2.72
2023-03-23 12:00:00+01:00,529.83,794.49,127.49,9.12,2.55
2023-03-23 13:00:00+01:00,483.42,782.37,139.93,9.4,2.25
2023-03-23 14:00:00+01:00,404.98,718.13,137.91,9.08,1.89
2023-03-23 15:00:00+01:00,294.65,571.31,122.28,8.43,1.54
2023-03-23 16:00:00+01:00,144.27,202.17,106.03,7.02,1.48
2023-03-23 17:00:00+01:00,41.15,49.97,37.57,4.76,1.9
2023-03-23 18:00:00+01:00,0.0,0.0,0.0,3.83,2.09
2023-03-23 19:00:00+01:00,0.0,0.0,0.0,4.19,2.4
2023-03-23 20:00:00+01:00,0.0,0.0,0.0,4.18,2.45
2023-03-23 21:00:00+01:00,0.0,0.0,0.0,4.08,2.58
2023-03-23 22:00:00+01:00,0.0,0.0,0.0,4.23,3.15
2023-03-23 23:00:00+01:00,0.0,0.0,0.0,4.44,3.74
2023-03-24 00:00:00+01:00,0.0,0.0,0.0,4.25,3.67
2023-03-24 01:00:00+01:00,0.0,0.0,0.0,4.11,3.45
2023-03-24 02:00:00+01:00,0.0,0.0,0.0,3.96,3.11
2023-03-24 03:00:00+01:00,0.0,0.0,0.0,3.65,2.86
2023-03-24 04:00:00+01:00,0.0,0.0,0.0,3.18,2.73
2023-03-24 05:00:00+01:00,0.0,0.0,0.0,3.12,2.66
2023-03-24 06:00:00+01:00,37.33,76.29,32.47,3.02,2.5
2023-03-24 07:00:00+01:00,111.12,111.42,83.06,3.06,2.47
2023-03-24 08:00:00+01:00,231.15,147.7,180.58,3.29,2.28
2023-03-24 09:00:00+01:00,211.85,78.16,164.77,3.57,1.94
2023-03-24 10:00:00+01:00,142.7,0.0,122.49,3.86,1.67
2023-03-24 11:00:00+01:00,123.95,5.52,106.59,4.26,1.75
2023-03-24 12:00:00+01:00,86.12,0.32,74.55,4.44,2.18
2023-03-24 13:00:00+01:00,199.6,0.13,171.33,4.28,2.55
2023-03-24 14:00:00+01:00,170.6,0.0,145.24,4.09,2.43
2023-03-24 15:00:00+01:00,123.9,0.0,105.88,4.19,2.07
2023-03-24 16:00:00+01:00,55.62,67.02,45.86,4.18,1.31
2023-03-24 17:00:00+01:00,19.48,25.83,17.67,3.95,1.43
2023-03-24 18:00:00+01:00,0.0,0.0,0.0,4.36,1.7
2023-03-24 19:00:00+01:00,0.0,0.0,0.0,4.76,2.37
2023-03-24 20:00:00+01:00,0.0,0.0,0.0,4.02,2.78
2023-03-24 21:00:00+01:00,0.0,0.0,0.0,3.18,3.25
2023-03-24 22:00:00+01:00,0.0,0.0,0.0,2.3,3.44
2023-03-24 23:00:00+01:00,0.0,0.0,0.0,1.75,3.43
2023-03-25 00:00:00+01:00,0.0,0.0,0.0,1.38,2.97
2023-03-25 01:00:00+01:00,0.0,0.0,0.0,1.04,2.27
2023-03-25 02:00:00+01:00,0.0,0.0,0.0,0.62,1.65
2023-03-25 03:00:00+01:00,0.0,0.0,0.0,0.17,1.17
2023-03-25 04:00:00+01:00,0.0,0.0,0.0,-0.33,1.24
2023-03-25 05:00:00+01:00,0.0,0.0,0.0,-0.84,1.84
2023-03-25 06:00:00+01:00,10.48,6.98,9.6,-0.97,2.14
2023-03-25 07:00:00+01:00,43.2,8.67,37.68,-0.81,2.55
2023-03-25 08:00:00+01:00,68.1,10.35,57.24,-0.45,2.78
2023-03-25 09:00:00+01:00,89.3,11.07,74.44,0.15,2.78
2023-03-25 10:00:00+01:00,116.72,31.68,91.81,0.69,2.67
2023-03-25 11:00:00+01:00,173.23,52.48,136.11,0.95,2.49
2023-03-25 12:00:00+01:00,124.57,4.36,107.3,1.0,2.55
2023-03-25 13:00:00+01:00,141.55,43.14,112.61,0.91,2.84
2023-03-25 14:00:00+01:00,192.68,259.02,109.03,0.67,3.16
2023-03-25 15:00:00+01:00,139.0,287.92,70.5,0.16,3.44
2023-03-25 16:00:00+01:00,88.9,170.11,56.19,-0.52,3.61
2023-03-25 17:00:00+01:00,33.65,116.87,25.09,-1.28,3.5
2023-03-25 18:00:00+01:00,0.0,0.0,0.0,-2.02,3.5
2023-03-25 19:00:00+01:00,0.0,0.0,0.0,-2.52,3.38
2023-03-25 20:00:00+01:00,0.0,0.0,0.0,-2.74,3.18
2023-03-25 21:00:00+01:00,0.0,0.0,0.0,-2.89,3.13
2023-03-25 22:00:00+01:00,0.0,0.0,0.0,-3.05,3.07
2023-03-25 23:00:00+01:00,0.0,0.0,0.0,-3.28,3.01
2023-03-26 00:00:00+01:00,0.0,0.0,0.0,-3.67,2.95
2023-03-26 01:00:00+01:00,0.0,0.0,0.0,-3.95,2.92
2023-03-26 03:00:00+02:00,0.0,0.0,0.0,-4.21,2.93
2023-03-26 04:00:00+02:00,0.0,0.0,0.0,-4.43,2.94
2023-03-26 05:00:00+02:00,0.0,0.0,0.0,-4.69,2.91
2023-03-26 06:00:00+02:00,0.0,0.0,0.0,-4.82,3.0
2023-03-26 07:00:00+02:00,27.15,47.27,23.68,-3.99,3.03
2023-03-26 08:00:00+02:00,67.03,53.49,55.11,-2.32,3.53
2023-03-26 09:00:00+02:00,111.47,66.89,89.3,-1.17,3.86
2023-03-26 10:00:00+02:00,155.82,67.02,120.94,-0.16,3.8
2023-03-26 11:00:00+02:00,185.1,90.46,140.97,0.69,3.75
2023-03-26 12:00:00+02:00,165.73,0.0,144.29,1.18,3.7
2023-03-26 13:00:00+02:00,204.02,16.4,175.59,0.84,3.66
2023-03-26 14:00:00+02:00,180.62,44.44,145.46,0.22,3.67
2023-03-26 15:00:00+02:00,149.25,34.4,125.17,-0.37,3.72
2023-03-26 16:00:00+02:00,107.57,29.63,88.86,-1.02,3.69
2023-03-26 17:00:00+02:00,62.92,23.67,53.0,-1.63,3.57
2023-03-26 18:00:00+02:00,27.17,12.03,24.27,-2.27,3.6
2023-03-26 19:00:00+02:00,0.0,0.0,0.0,-2.69,3.52
2023-03-26 20:00:00+02:00,0.0,0.0,0.0,-2.85,3.42
2023-03-26 21:00:00+02:00,0.0,0.0,0.0,-2.93,3.35
2023-03-26 22:00:00+02:00,0.0,0.0,0.0,-3.01,3.31
2023-03-26 23:00:00+02:00,0.0,0.0,0.0,-3.12,3.36
2023-03-27 00:00:00+02:00,0.0,0.0,0.0,-3.26,3.52
2023-03-27 01:00:00+02:00,0.0,0.0,0.0,-3.48,3.6
2023-03-27 02:00:00+02:00,0.0,0.0,0.0,-3.7,3.72
2023-03-27 03:00:00+02:00,0.0,0.0,0.0,-3.97,3.83
2023-03-27 04:00:00+02:00,0.0,0.0,0.0,-4.36,3.85
2023-03-27 05:00:00+02:00,0.0,0.0,0.0,-4.91,3.74
2023-03-27 06:00:00+02:00,0.0,0.0,0.0,-5.54,3.77
2023-03-27 07:00:00+02:00,25.7,72.02,20.19,-5.1,3.86
2023-03-27 08:00:00+02:00,69.3,94.06,51.39,-4.2,4.13
2023-03-27 09:00:00+02:00,160.45,176.41,103.44,-3.35,4.32
2023-03-27 10:00:00+02:00,216.77,224.89,129.34,-2.63,4.45
2023-03-27 11:00:00+02:00,267.3,307.51,131.94,-2.19,4.62
2023-03-27 12:00:00+02:00,221.6,23.06,183.56,-2.09,4.8
2023-03-27 13:00:00+02:00,194.7,0.0,168.87,-2.31,4.97
2023-03-27 14:00:00+02:00,184.77,0.83,161.44,-2.57,5.11
2023-03-27 15:00:00+02:00,129.15,43.37,106.37,-2.62,5.09
2023-03-27 16:00:00+02:00,91.43,27.34,75.23,-2.72,5.06
2023-03-27 17:00:00+02:00,51.53,13.99,44.26,-2.94,4.97
2023-03-27 18:00:00+02:00,21.75,5.34,19.65,-3.16,4.92
2023-03-27 19:00:00+02:00,0.0,0.0,0.0,-3.35,4.95
2023-03-27 20:00:00+02:00,0.0,0.0,0.0,-3.48,4.95
2023-03-27 21:00:00+02:00,0.0,0.0,0.0,-3.59,4.92
2023-03-27 22:00:00+02:00,0.0,0.0,0.0,-3.63,4.88
2023-03-27 23:00:00+02:00,0.0,0.0,0.0,-3.67,4.96
2023-03-28 00:00:00+02:00,0.0,0.0,0.0,-3.71,5.03
2023-03-28 01:00:00+02:00,0.0,0.0,0.0,-3.79,5.03
2023-03-28 02:00:00+02:00,0.0,0.0,0.0,-3.91,4.99
2023-03-28 03:00:00+02:00,0.0,0.0,0.0,-4.08,4.94
2023-03-28 04:00:00+02:00,0.0,0.0,0.0,-4.31,4.85
2023-03-28 05:00:00+02:00,0.0,0.0,0.0,-4.59,4.76
2023-03-28 06:00:00+02:00,0.0,0.0,0.0,-4.86,4.68
2023-03-28 07:00:00+02:00,39.97,68.81,29.14,-4.95,4.57
2023-03-28 08:00:00+02:00,123.15,236.1,76.55,-4.65,4.49
2023-03-28 09:00:00+02:00,283.5,441.21,139.58,-3.96,4.49
2023-03-28 10:00:00+02:00,383.1,547.45,149.3,-2.98,4.55
2023-03-28 11:00:00+02:00,467.58,648.2,162.36,-1.86,4.51
2023-03-28 12:00:00+02:00,494.02,593.8,183.47,-0.82,4.46
2023-03-28 13:00:00+02:00,536.3,691.4,175.99,-0.09,4.34
2023-03-28 14:00:00+02:00,493.85,695.87,152.19,0.34,4.11
2023-03-28 15:00:00+02:00,424.6,628.63,153.19,0.48,3.8
2023-03-28 16:00:00+02:00,320.6,593.06,130.04,0.35,3.38
2023-03-28 17:00:00+02:00,156.77,388.78,73.54,-0.09,2.74
2023-03-28 18:00:00+02:00,74.8,282.16,43.4,-1.6,2.17
2023-03-28 19:00:00+02:00,0.0,0.0,0.0,-3.78,2.27
2023-03-28 20:00:00+02:00,0.0,0.0,0.0,-4.65,2.28
2023-03-28 21:00:00+02:00,0.0,0.0,0.0,-5.03,2.26
2023-03-28 22:00:00+02:00,0.0,0.0,0.0,-5.06,2.0
2023-03-28 23:00:00+02:00,0.0,0.0,0.0,-5.04,1.65
2023-03-29 00:00:00+02:00,0.0,0.0,0.0,-5.24,1.3
2023-03-29 01:00:00+02:00,0.0,0.0,0.0,-5.65,1.1
2023-03-29 02:00:00+02:00,0.0,0.0,0.0,-6.39,1.31
2023-03-29 03:00:00+02:00,0.0,0.0,0.0,-7.26,1.75
2023-03-29 04:00:00+02:00,0.0,0.0,0.0,-7.0,1.88
2023-03-29 05:00:00+02:00,0.0,0.0,0.0,-6.19,2.22
2023-03-29 06:00:00+02:00,0.0,0.0,0.0,-5.63,2.39
2023-03-29 07:00:00+02:00,42.15,43.48,34.57,-4.89,2.46
2023-03-29 08:00:00+02:00,92.0,104.97,67.08,-4.18,2.47
2023-03-29 09:00:00+02:00,188.38,187.11,134.0,-3.55,2.77
2023-03-29 10:00:00+02:00,290.5,297.72,176.14,-2.96,3.47
2023-03-29 11:00:00+02:00,335.23,333.49,163.29,-2.53,3.71
2023-03-29 12:00:00+02:00,219.55,2.46,191.83,-2.19,3.87
2023-03-29 13:00:00+02:00,238.45,189.02,151.02,-1.96,3.82
2023-03-29 14:00:00+02:00,300.45,298.05,146.6,-1.89,3.74
2023-03-29 15:00:00+02:00,254.68,316.66,138.44,-1.99,3.78
2023-03-29 16:00:00+02:00,190.75,237.31,114.5,-2.18,3.8
2023-03-29 17:00:00+02:00,92.18,220.78,53.62,-2.46,3.55
2023-03-29 18:00:00+02:00,40.38,140.55,25.62,-2.92,3.13
2023-03-29 19:00:00+02:00,0.0,0.0,0.0,-3.92,2.83
2023-03-29 20:00:00+02:00,0.0,0.0,0.0,-4.87,2.67
2023-03-29 21:00:00+02:00,0.0,0.0,0.0,-6.41,2.44
2023-03-29 22:00:00+02:00,0.0,0.0,0.0,-7.37,2.45
2023-03-29 23:00:00+02:00,0.0,0.0,0.0,-8.06,2.53
2023-03-30 00:00:00+02:00,0.0,0.0,0.0,-8.45,2.51
2023-03-30 01:00:00+02:00,0.0,0.0,0.0,-8.58,2.45
2023-03-30 02:00:00+02:00,0.0,0.0,0.0,-8.98,2.38
2023-03-30 03:00:00+02:00,0.0,0.0,0.0,-9.25,2.38
2023-03-30 04:00:00+02:00,0.0,0.0,0.0,-9.1,2.15
2023-03-30 05:00:00+02:00,0.0,0.0,0.0,-9.3,1.85
2023-03-30 06:00:00+02:00,5.2,47.42,5.98,-9.46,1.65
2023-03-30 07:00:00+02:00,74.72,290.34,37.37,-8.76,1.6
2023-03-30 08:00:00+02:00,166.85,462.12,68.91,-6.21,1.49
2023-03-30 09:00:00+02:00,284.58,543.04,116.06,-4.16,1.58
2023-03-30 10:00:00+02:00,347.15,552.13,128.65,-2.43,1.68
2023-03-30 11:00:00+02:00,404.88,505.78,173.43,-1.1,1.82
2023-03-30 12:00:00+02:00,457.35,428.09,233.0,-0.22,1.95
2023-03-30 13:00:00+02:00,415.65,419.75,201.32,0.44,2.0
2023-03-30 14:00:00+02:00,388.85,319.23,228.63,0.75,2.02
2023-03-30 15:00:00+02:00,306.58,381.69,165.78,0.83,2.13
2023-03-30 16:00:00+02:00,238.93,301.73,151.67,0.73,2.2
2023-03-30 17:00:00+02:00,119.32,112.29,90.08,0.46,2.08
2023-03-30 18:00:00+02:00,44.08,54.07,35.73,-0.22,2.17
2023-03-30 19:00:00+02:00,3.33,7.91,4.55,-1.15,2.28
2023-03-30 20:00:00+02:00,0.0,0.0,0.0,-1.57,2.34
2023-03-30 21:00:00+02:00,0.0,0.0,0.0,-1.9,2.25
2023-03-30 22:00:00+02:00,0.0,0.0,0.0,-2.81,2.18
2023-03-30 23:00:00+02:00,0.0,0.0,0.0,-3.59,2.37
2023-03-31 00:00:00+02:00,0.0,0.0,0.0,-4.1,2.54
2023-03-31 01:00:00+02:00,0.0,0.0,0.0,-4.31,2.59
2023-03-31 02:00:00+02:00,0.0,0.0,0.0,-4.38,2.6
2023-03-31 03:00:00+02:00,0.0,0.0,0.0,-4.22,2.7
2023-03-31 04:00:00+02:00,0.0,0.0,0.0,-3.99,2.75
2023-03-31 05:00:00+02:00,0.0,0.0,0.0,-3.86,2.76
2023-03-31 06:00:00+02:00,5.72,12.4,7.65,-3.96,2.82
2023-03-31 07:00:00+02:00,74.6,154.06,54.23,-3.69,2.91
2023-03-31 08:00:00+02:00,193.9,332.86,117.17,-3.04,2.94
2023-03-31 09:00:00+02:00,353.67,597.84,145.41,-2.18,3.32
2023-03-31 10:00:00+02:00,460.75,676.05,151.73,-1.34,3.52
2023-03-31 11:00:00+02:00,546.4,735.92,160.76,-0.52,3.54
2023-03-31 12:00:00+02:00,577.1,827.92,201.7,0.28,3.53
2023-03-31 13:00:00+02:00,544.55,628.67,196.26,0.82,3.53
2023-03-31 14:00:00+02:00,525.45,673.3,179.21,1.03,3.46
2023-03-31 15:00:00+02:00,429.35,689.1,143.31,1.01,3.43
2023-03-31 16:00:00+02:00,325.75,594.67,125.87,0.82,3.34
2023-03-31 17:00:00+02:00,199.12,530.85,85.46,0.35,3.13
2023-03-31 18:00:00+02:00,79.22,302.07,42.02,-0.69,2.79
2023-03-31 19:00:00+02:00,5.3,50.73,6.63,-3.31,2.63
2023-03-31 20:00:00+02:00,0.0,0.0,0.0,-4.76,2.83
2023-03-31 21:00:00+02:00,0.0,0.0,0.0,-5.74,2.97
2023-03-31 22:00:00+02:00,0.0,0.0,0.0,-6.41,2.93
2023-03-31 23:00:00+02:00,0.0,0.0,0.0,-6.98,2.92
2023-04-01 00:00:00+02:00,0.0,0.0,0.0,-7.47,2.91
2023-04-01 01:00:00+02:00,0.0,0.0,0.0,-7.82,2.92
2023-04-01 02:00:00+02:00,0.0,0.0,0.0,-8.03,2.9
2023-04-01 03:00:00+02:00,0.0,0.0,0.0,-8.32,2.9
2023-04-01 04:00:00+02:00,0.0,0.0,0.0,-8.41,3.05
2023-04-01 05:00:00+02:00,0.0,0.0,0.0,-8.33,3.08
2023-04-01 06:00:00+02:00,7.0,42.65,7.84,-7.88,3.11
2023-04-01 07:00:00+02:00,83.8,347.05,36.82,-5.37,2.73
2023-04-01 08:00:00+02:00,203.12,575.0,63.04,-2.68,2.6
2023-04-01 09:00:00+02:00,324.1,685.44,84.57,-0.75,3.02
2023-04-01 10:00:00+02:00,453.98,811.11,98.46,0.71,3.19
2023-04-01 11:00:00+02:00,568.83,921.68,96.36,1.6,3.0
2023-04-01 12:00:00+02:00,578.85,803.52,127.22,2.47,3.09
2023-04-01 13:00:00+02:00,600.4,847.77,125.81,3.22,3.25
2023-04-01 14:00:00+02:00,497.83,818.92,96.54,3.65,3.43
2023-04-01 15:00:00+02:00,409.67,757.77,87.22,3.7,3.46
2023-04-01 16:00:00+02:00,308.3,659.89,78.82,3.3,3.31
2023-04-01 17:00:00+02:00,201.4,603.45,60.19,2.36,2.96
2023-04-01 18:00:00+02:00,84.12,331.4,37.48,0.73,2.39
2023-04-01 19:00:00+02:00,6.62,54.97,6.97,-1.99,2.37
2023-04-01 20:00:00+02:00,0.0,0.0,0.0,-2.81,2.48
2023-04-01 21:00:00+02:00,0.0,0.0,0.0,-3.2,2.49
2023-04-01 22:00:00+02:00,0.0,0.0,0.0,-3.54,2.45
2023-04-01 23:00:00+02:00,0.0,0.0,0.0,-3.78,2.47
2023-04-02 00:00:00+02:00,0.0,0.0,0.0,-3.91,2.49
2023-04-02 01:00:00+02:00,0.0,0.0,0.0,-3.98,2.51
2023-04-02 02:00:00+02:00,0.0,0.0,0.0,-4.02,2.5
2023-04-02 03:00:00+02:00,0.0,0.0,0.0,-4.33,2.41
2023-04-02 04:00:00+02:00,0.0,0.0,0.0,-4.87,2.43
2023-04-02 05:00:00+02:00,0.0,0.0,0.0,-5.22,2.41
2023-04-02 06:00:00+02:00,8.65,81.86,7.75,-5.4,2.42
2023-04-02 07:00:00+02:00,90.8,396.1,36.74,-3.62,2.34
2023-04-02 08:00:00+02:00,214.77,567.13,61.48,-1.61,1.79
2023-04-02 09:00:00+02:00,332.88,743.4,75.75,0.79,2.18
2023-04-02 10:00:00+02:00,459.58,821.84,85.13,2.1,2.62
2023-04-02 11:00:00+02:00,573.72,898.92,96.3,2.84,2.9
2023-04-02 12:00:00+02:00,571.65,740.16,157.99,3.31,3.05
2023-04-02 13:00:00+02:00,488.17,513.71,214.08,3.46,3.15
2023-04-02 14:00:00+02:00,484.0,651.14,159.22,3.14,3.15
2023-04-02 15:00:00+02:00,409.65,592.08,142.48,2.79,3.03
2023-04-02 16:00:00+02:00,311.45,549.63,123.0,2.45,2.76
2023-04-02 17:00:00+02:00,209.75,520.1,87.26,1.84,2.47
2023-04-02 18:00:00+02:00,87.7,330.77,45.03,0.68,2.19
2023-04-02 19:00:00+02:00,7.82,51.44,9.3,-1.84,2.23
2023-04-02 20:00:00+02:00,0.0,0.0,0.0,-2.77,2.29
2023-04-02 21:00:00+02:00,0.0,0.0,0.0,-3.09,2.21
2023-04-02 22:00:00+02:00,0.0,0.0,0.0,-3.47,2.06
2023-04-02 23:00:00+02:00,0.0,0.0,0.0,-3.83,1.98
2023-04-03 00:00:00+02:00,0.0,0.0,0.0,-4.06,2.0
2023-04-03 01:00:00+02:00,0.0,0.0,0.0,-4.19,2.1
2023-04-03 02:00:00+02:00,0.0,0.0,0.0,-4.27,2.23
2023-04-03 03:00:00+02:00,0.0,0.0,0.0,-4.76,2.19
2023-04-03 04:00:00+02:00,0.0,0.0,0.0,-5.52,2.19
2023-04-03 05:00:00+02:00,0.0,0.0,0.0,-6.07,2.21
2023-04-03 06:00:00+02:00,10.55,83.1,9.32,-6.2,2.21
2023-04-03 07:00:00+02:00,101.95,466.53,37.8,-4.85,2.04
2023-04-03 08:00:00+02:00,237.32,712.18,56.98,-3.06,1.63
2023-04-03 09:00:00+02:00,344.9,741.68,70.51,-0.7,1.86
2023-04-03 10:00:00+02:00,474.85,865.1,73.88,0.99,1.8
2023-04-03 11:00:00+02:00,586.05,952.93,70.35,2.29,1.63
2023-04-03 12:00:00+02:00,550.85,715.18,153.13,3.23,1.37
2023-04-03 13:00:00+02:00,559.4,707.79,156.55,3.94,1.3
2023-04-03 14:00:00+02:00,548.65,828.18,123.05,4.29,1.37
2023-04-03 15:00:00+02:00,446.33,786.21,97.28,4.3,1.46
2023-04-03 16:00:00+02:00,336.0,663.03,96.03,4.11,1.29
2023-04-03 17:00:00+02:00,225.35,583.61,77.05,3.72,0.84
2023-04-03 18:00:00+02:00,94.85,356.48,48.05,2.97,0.74
2023-04-03 19:00:00+02:00,8.98,56.82,10.09,2.34,0.47
2023-04-03 20:00:00+02:00,0.0,0.0,0.0,2.05,0.37
2023-04-03 21:00:00+02:00,0.0,0.0,0.0,1.74,0.49
2023-04-03 22:00:00+02:00,0.0,0.0,0.0,1.34,0.63
2023-04-03 23:00:00+02:00,0.0,0.0,0.0,1.07,0.64
2023-04-04 00:00:00+02:00,0.0,0.0,0.0,0.94,0.57
2023-04-04 01:00:00+02:00,0.0,0.0,0.0,0.84,0.68
2023-04-04 02:00:00+02:00,0.0,0.0,0.0,0.5,0.96
2023-04-04 03:00:00+02:00,0.0,0.0,0.0,-0.02,1.27
2023-04-04 04:00:00+02:00,0.0,0.0,0.0,-0.52,1.47
2023-04-04 05:00:00+02:00,0.0,0.0,0.0,-1.01,1.48
2023-04-04 06:00:00+02:00,10.6,36.69,12.1,-1.43,1.39
2023-04-04 07:00:00+02:00,77.75,108.05,57.42,-0.85,1.05
2023-04-04 08:00:00+02:00,163.38,169.17,114.97,0.13,0.95
2023-04-04 09:00:00+02:00,237.05,250.34,155.89,1.8,1.07
2023-04-04 10:00:00+02:00,284.15,438.57,162.0,2.99,1.22
2023-04-04 11:00:00+02:00,381.52,34.83,328.96,3.88,1.31
2023-04-04 12:00:00+02:00,400.5,59.28,339.3,4.66,1.4
2023-04-04 13:00:00+02:00,347.12,526.78,153.16,5.22,1.48
2023-04-04 14:00:00+02:00,364.7,114.58,277.82,5.27,1.53
2023-04-04 15:00:00+02:00,268.5,454.9,108.92,5.09,1.41
2023-04-04 16:00:00+02:00,214.1,427.92,90.59,4.76,1.13
2023-04-04 17:00:00+02:00,146.98,358.34,61.06,3.87,1.05
2023-04-04 18:00:00+02:00,69.97,287.43,37.27,2.11,1.64
2023-04-04 19:00:00+02:00,8.77,69.71,8.9,0.51,2.1
2023-04-04 20:00:00+02:00,0.0,0.0,0.0,-0.25,2.16
2023-04-04 21:00:00+02:00,0.0,0.0,0.0,-0.57,2.15
2023-04-04 22:00:00+02:00,0.0,0.0,0.0,-0.65,2.12
2023-04-04 23:00:00+02:00,0.0,0.0,0.0,-0.88,1.87
2023-04-05 00:00:00+02:00,0.0,0.0,0.0,-0.2,1.68
2023-04-05 01:00:00+02:00,0.0,0.0,0.0,-0.37,1.63
2023-04-05 02:00:00+02:00,0.0,0.0,0.0,-0.74,1.49
2023-04-05 03:00:00+02:00,0.0,0.0,0.0,-0.9,1.41
2023-04-05 04:00:00+02:00,0.0,0.0,0.0,-1.08,1.37
2023-04-05 05:00:00+02:00,0.0,0.0,0.0,-1.15,1.58
2023-04-05 06:00:00+02:00,7.82,32.25,8.98,-1.26,1.71
2023-04-05 07:00:00+02:00,45.3,103.09,37.93,-0.83,2.06
2023-04-05 08:00:00+02:00,91.95,81.71,70.36,0.3,2.35
2023-04-05 09:00:00+02:00,141.48,105.91,108.23,2.06,2.62
2023-04-05 10:00:00+02:00,186.6,97.61,139.17,3.65,2.98
2023-04-05 11:00:00+02:00,236.12,117.87,189.67,4.38,3.17
2023-04-05 12:00:00+02:00,232.77,55.45,183.4,4.65,3.3
2023-04-05 13:00:00+02:00,134.23,70.41,101.61,4.72,3.44
2023-04-05 14:00:00+02:00,188.48,5.36,164.2,4.22,3.51
2023-04-05 15:00:00+02:00,215.35,86.84,170.65,2.92,3.35
2023-04-05 16:00:00+02:00,150.48,151.69,111.9,1.67,2.91
2023-04-05 17:00:00+02:00,95.15,125.73,66.81,0.94,2.49
2023-04-05 18:00:00+02:00,52.8,178.73,39.44,0.41,2.31
2023-04-05 19:00:00+02:00,8.73,31.93,10.35,-0.08,2.96
2023-04-05 20:00:00+02:00,0.0,0.0,0.0,-0.31,2.79
2023-04-05 21:00:00+02:00,0.0,0.0,0.0,-0.5,2.53
2023-04-05 22:00:00+02:00,0.0,0.0,0.0,-0.57,2.46
2023-04-05 23:00:00+02:00,0.0,0.0,0.0,-0.55,2.65
2023-04-06 00:00:00+02:00,0.0,0.0,0.0,-0.66,2.56
2023-04-06 01:00:00+02:00,0.0,0.0,0.0,-0.91,2.32
2023-04-06 02:00:00+02:00,0.0,0.0,0.0,-0.98,2.35
2023-04-06 03:00:00+02:00,0.0,0.0,0.0,-1.05,2.25
2023-04-06 04:00:00+02:00,0.0,0.0,0.0,-1.1,2.16
2023-04-06 05:00:00+02:00,0.0,0.0,0.0,-1.24,2.06
2023-04-06 06:00:00+02:00,14.18,39.19,15.75,-1.3,1.97
2023-04-06 07:00:00+02:00,88.68,92.79,70.35,-0.63,1.91
2023-04-06 08:00:00+02:00,183.43,142.29,140.8,0.67,2.34
2023-04-06 09:00:00+02:00,270.62,125.3,211.25,1.84,2.52
2023-04-06 10:00:00+02:00,344.58,143.75,256.69,2.82,2.43
2023-04-06 11:00:00+02:00,367.73,124.67,262.76,3.61,2.27
2023-04-06 12:00:00+02:00,383.9,151.59,264.5,4.22,2.16
2023-04-06 13:00:00+02:00,348.55,31.35,295.9,4.57,2.03
2023-04-06 14:00:00+02:00,299.8,215.91,198.4,4.98,1.81
2023-04-06 15:00:00+02:00,251.48,176.02,166.96,5.05,1.59
2023-04-06 16:00:00+02:00,179.85,175.09,124.43,4.82,1.4
2023-04-06 17:00:00+02:00,120.3,138.26,83.44,4.17,1.09
2023-04-06 18:00:00+02:00,57.03,107.18,37.47,2.46,1.38
2023-04-06 19:00:00+02:00,9.8,32.12,10.94,0.38,2.09
2023-04-06 20:00:00+02:00,0.0,0.0,0.0,-0.83,2.31
2023-04-06 21:00:00+02:00,0.0,0.0,0.0,-1.3,2.22
2023-04-06 22:00:00+02:00,0.0,0.0,0.0,-1.3,1.94
2023-04-06 23:00:00+02:00,0.0,0.0,0.0,-0.93,1.51
2023-04-07 00:00:00+02:00,0.0,0.0,0.0,-0.47,0.95
2023-04-07 01:00:00+02:00,0.0,0.0,0.0,-0.3,0.42
2023-04-07 02:00:00+02:00,0.0,0.0,0.0,-0.59,0.82
2023-04-07 03:00:00+02:00,0.0,0.0,0.0,-1.36,1.47
2023-04-07 04:00:00+02:00,0.0,0.0,0.0,-2.15,1.89
2023-04-07 05:00:00+02:00,0.0,0.0,0.0,-2.52,1.87
2023-04-07 06:00:00+02:00,13.12,78.72,12.32,-1.97,1.95
2023-04-07 07:00:00+02:00,81.65,238.4,39.23,-0.13,1.93
2023-04-07 08:00:00+02:00,168.38,454.65,61.45,1.37,1.76
2023-04-07 09:00:00+02:00,265.48,426.91,90.09,3.16,2.2
2023-04-07 10:00:00+02:00,329.58,459.68,121.56,4.44,2.38
2023-04-07 11:00:00+02:00,266.17,357.11,84.32,5.49,2.33
2023-04-07 12:00:00+02:00,275.05,317.24,119.57,6.44,2.32
2023-04-07 13:00:00+02:00,286.58,355.28,111.73,7.11,2.25
2023-04-07 14:00:00+02:00,279.98,304.75,131.43,7.5,2.19
2023-04-07 15:00:00+02:00,233.52,239.49,123.31,7.59,2.14
2023-04-07 16:00:00+02:00,174.43,211.41,103.08,7.31,1.98
2023-04-07 17:00:00+02:00,114.2,161.99,69.49,6.37,1.38
2023-04-07 18:00:00+02:00,52.9,100.46,39.13,3.71,1.68
2023-04-07 19:00:00+02:00,8.6,12.2,10.49,1.02,2.36
2023-04-07 20:00:00+02:00,0.0,0.0,0.0,0.24,2.28
2023-04-07 21:00:00+02:00,0.0,0.0,0.0,0.08,2.46
2023-04-07 22:00:00+02:00,0.0,0.0,0.0,0.1,2.5
2023-04-07 23:00:00+02:00,0.0,0.0,0.0,-0.24,2.51
2023-04-08 00:00:00+02:00,0.0,0.0,0.0,-0.58,2.55
2023-04-08 01:00:00+02:00,0.0,0.0,0.0,-0.87,2.54
2023-04-08 02:00:00+02:00,0.0,0.0,0.0,-0.74,2.66
2023-04-08 03:00:00+02:00,0.0,0.0,0.0,-0.54,2.67
2023-04-08 04:00:00+02:00,0.0,0.0,0.0,-0.84,2.51
2023-04-08 05:00:00+02:00,0.0,0.0,0.0,-1.05,2.52
2023-04-08 06:00:00+02:00,17.95,71.9,17.85,-0.81,2.52
2023-04-08 07:00:00+02:00,111.43,331.0,57.25,0.07,2.06
2023-04-08 08:00:00+02:00,238.93,536.05,81.57,1.33,1.7
2023-04-08 09:00:00+02:00,378.17,700.4,94.68,3.3,2.08
2023-04-08 10:00:00+02:00,511.92,825.14,89.9,5.0,2.15
2023-04-08 11:00:00+02:00,581.42,813.78,112.04,6.44,2.04
2023-04-08 12:00:00+02:00,603.75,786.55,151.75,7.63,1.87
2023-04-08 13:00:00+02:00,613.7,830.9,114.94,8.71,1.65
2023-04-08 14:00:00+02:00,560.58,767.78,128.19,9.51,1.46
2023-04-08 15:00:00+02:00,481.05,735.45,129.56,9.88,1.33
2023-04-08 16:00:00+02:00,374.25,644.02,123.43,9.78,1.18
2023-04-08 17:00:00+02:00,249.05,569.15,96.72,9.51,0.99
2023-04-08 18:00:00+02:00,117.65,324.55,67.95,8.14,1.23
2023-04-08 19:00:00+02:00,17.17,58.82,18.87,7.4,1.19
2023-04-08 20:00:00+02:00,0.0,0.0,0.0,6.85,1.1
2023-04-08 21:00:00+02:00,0.0,0.0,0.0,6.39,0.94
2023-04-08 22:00:00+02:00,0.0,0.0,0.0,5.85,0.59
2023-04-08 23:00:00+02:00,0.0,0.0,0.0,5.15,0.05
2023-04-09 00:00:00+02:00,0.0,0.0,0.0,4.32,0.59
2023-04-09 01:00:00+02:00,0.0,0.0,0.0,3.39,1.15
2023-04-09 02:00:00+02:00,0.0,0.0,0.0,2.43,1.46
2023-04-09 03:00:00+02:00,0.0,0.0,0.0,1.23,1.85
2023-04-09 04:00:00+02:00,0.0,0.0,0.0,-0.15,2.17
2023-04-09 05:00:00+02:00,0.0,0.0,0.0,-1.17,2.18
2023-04-09 06:00:00+02:00,20.77,99.13,18.64,-0.86,2.37
2023-04-09 07:00:00+02:00,116.3,322.84,64.7,1.12,2.1
2023-04-09 08:00:00+02:00,233.88,467.65,109.25,2.87,1.67
2023-04-09 09:00:00+02:00,354.42,484.53,154.67,4.98,1.75
2023-04-09 10:00:00+02:00,476.88,592.0,185.12,6.84,1.73
2023-04-09 11:00:00+02:00,533.5,810.8,102.6,8.23,1.56
2023-04-09 12:00:00+02:00,573.47,619.51,192.95,9.36,1.2
2023-04-09 13:00:00+02:00,460.7,625.81,118.98,10.15,0.84
2023-04-09 14:00:00+02:00,441.35,357.78,237.75,10.54,0.61
2023-04-09 15:00:00+02:00,364.5,211.89,244.04,10.43,0.64
2023-04-09 16:00:00+02:00,280.3,221.37,193.01,9.94,0.67
2023-04-09 17:00:00+02:00,187.05,223.98,125.19,9.49,0.72
2023-04-09 18:00:00+02:00,94.05,211.85,62.86,7.83,1.16
2023-04-09 19:00:00+02:00,17.8,57.76,18.59,5.23,1.98
2023-04-09 20:00:00+02:00,0.0,0.0,0.0,2.89,2.39
2023-04-09 21:00:00+02:00,0.0,0.0,0.0,1.66,2.35
2023-04-09 22:00:00+02:00,0.0,0.0,0.0,1.04,2.29
2023-04-09 23:00:00+02:00,0.0,0.0,0.0,0.26,2.37
2023-04-10 00:00:00+02:00,0.0,0.0,0.0,-0.12,2.48
2023-04-10 01:00:00+02:00,0.0,0.0,0.0,-0.07,2.31
2023-04-10 02:00:00+02:00,0.0,0.0,0.0,0.17,2.05
2023-04-10 03:00:00+02:00,0.0,0.0,0.0,0.45,1.82
2023-04-10 04:00:00+02:00,0.0,0.0,0.0,0.55,1.7
2023-04-10 05:00:00+02:00,0.0,0.0,0.0,0.41,1.73
2023-04-10 06:00:00+02:00,28.2,108.85,22.76,0.21,1.81
2023-04-10 07:00:00+02:00,130.68,379.86,61.24,1.88,1.53
2023-04-10 08:00:00+02:00,256.7,570.4,83.48,3.52,1.18
2023-04-10 09:00:00+02:00,388.98,682.38,99.75,5.91,1.7
2023-04-10 10:00:00+02:00,506.73,772.88,106.11,7.46,2.04
2023-04-10 11:00:00+02:00,550.2,705.95,209.18,8.26,2.23
2023-04-10 12:00:00+02:00,590.03,699.74,167.06,8.85,2.43
2023-04-10 13:00:00+02:00,577.72,667.35,183.95,9.29,2.61
2023-04-10 14:00:00+02:00,497.05,562.95,204.51,9.61,2.76
2023-04-10 15:00:00+02:00,458.95,598.68,178.14,9.63,2.86
2023-04-10 16:00:00+02:00,347.5,460.9,167.54,9.25,2.79
2023-04-10 17:00:00+02:00,226.7,343.82,134.7,8.4,2.46
2023-04-10 18:00:00+02:00,110.5,202.63,74.71,6.74,2.23
2023-04-10 19:00:00+02:00,19.35,38.08,20.36,3.6,2.39
2023-04-10 20:00:00+02:00,0.0,0.0,0.0,2.23,2.79
2023-04-10 21:00:00+02:00,0.0,0.0,0.0,0.97,2.57
2023-04-10 22:00:00+02:00,0.0,0.0,0.0,-0.11,2.46
2023-04-10 23:00:00+02:00,0.0,0.0,0.0,-0.78,2.33
2023-04-11 00:00:00+02:00,0.0,0.0,0.0,-1.09,2.24
2023-04-11 01:00:00+02:00,0.0,0.0,0.0,-1.3,2.16
2023-04-11 02:00:00+02:00,0.0,0.0,0.0,-1.27,2.11
2023-04-11 03:00:00+02:00,0.0,0.0,0.0,-0.78,2.24
2023-04-11 04:00:00+02:00,0.0,0.0,0.0,-0.55,2.25
2023-04-11 05:00:00+02:00,0.0,0.0,0.0,-0.48,2.31
2023-04-11 06:00:00+02:00,28.95,35.35,29.14,-0.14,2.56
2023-04-11 07:00:00+02:00,105.15,137.57,81.3,0.84,2.51
2023-04-11 08:00:00+02:00,194.77,230.12,126.92,2.24,2.75
2023-04-11 09:00:00+02:00,292.05,332.82,158.9,4.19,3.01
2023-04-11 10:00:00+02:00,392.05,448.44,173.57,6.41,3.23
2023-04-11 11:00:00+02:00,432.9,329.61,239.78,8.61,3.25
2023-04-11 12:00:00+02:00,344.83,460.68,159.78,10.34,3.48
2023-04-11 13:00:00+02:00,410.85,318.19,280.03,11.5,3.72
2023-04-11 14:00:00+02:00,432.4,427.8,190.69,12.21,3.85
2023-04-11 15:00:00+02:00,417.8,436.69,198.19,12.46,3.84
2023-04-11 16:00:00+02:00,295.7,397.78,139.05,12.22,3.71
2023-04-11 17:00:00+02:00,182.5,285.35,105.03,11.42,3.42
2023-04-11 18:00:00+02:00,84.53,148.15,56.99,10.05,3.1
2023-04-11 19:00:00+02:00,13.7,34.04,13.68,8.19,2.7
2023-04-11 20:00:00+02:00,0.0,0.0,0.0,6.67,2.71
2023-04-11 21:00:00+02:00,0.0,0.0,0.0,5.72,2.62
2023-04-11 22:00:00+02:00,0.0,0.0,0.0,4.27,2.37
2023-04-11 23:00:00+02:00,0.0,0.0,0.0,3.83,2.02
2023-04-12 00:00:00+02:00,0.0,0.0,0.0,3.96,1.89
2023-04-12 01:00:00+02:00,0.0,0.0,0.0,3.92,1.78
2023-04-12 02:00:00+02:00,0.0,0.0,0.0,3.44,1.51
2023-04-12 03:00:00+02:00,0.0,0.0,0.0,3.03,1.45
2023-04-12 04:00:00+02:00,0.0,0.0,0.0,2.71,1.46
2023-04-12 05:00:00+02:00,0.0,0.0,0.0,2.48,1.45
2023-04-12 06:00:00+02:00,20.98,22.4,21.27,2.37,1.43
2023-04-12 07:00:00+02:00,92.8,121.63,65.61,2.56,1.35
2023-04-12 08:00:00+02:00,218.93,261.39,147.84,3.11,1.3
2023-04-12 09:00:00+02:00,271.17,316.89,140.94,4.11,1.44
2023-04-12 10:00:00+02:00,385.95,356.78,203.68,5.46,1.74
2023-04-12 11:00:00+02:00,475.33,392.8,224.1,7.16,1.91
2023-04-12 12:00:00+02:00,456.08,449.1,202.14,9.4,2.26
2023-04-12 13:00:00+02:00,468.15,326.25,248.6,11.01,2.75
2023-04-12 14:00:00+02:00,358.45,322.26,193.29,11.75,3.2
2023-04-12 15:00:00+02:00,329.05,312.9,175.8,11.99,3.37
2023-04-12 16:00:00+02:00,236.93,245.24,132.69,11.96,3.31
2023-04-12 17:00:00+02:00,193.98,203.01,138.33,11.3,2.95
2023-04-12 18:00:00+02:00,81.88,75.62,65.81,10.01,2.43
2023-04-12 19:00:00+02:00,17.5,12.02,19.21,8.35,2.58
2023-04-12 20:00:00+02:00,0.0,0.0,0.0,7.18,2.77
2023-04-12 21:00:00+02:00,0.0,0.0,0.0,6.41,2.88
2023-04-12 22:00:00+02:00,0.0,0.0,0.0,5.69,2.73
2023-04-12 23:00:00+02:00,0.0,0.0,0.0,5.01,2.4
2023-04-13 00:00:00+02:00,0.0,0.0,0.0,4.75,2.4
2023-04-13 01:00:00+02:00,0.0,0.0,0.0,4.52,2.43
2023-04-13 02:00:00+02:00,0.0,0.0,0.0,4.3,2.58
2023-04-13 03:00:00+02:00,0.0,0.0,0.0,4.19,2.77
2023-04-13 04:00:00+02:00,0.0,0.0,0.0,4.19,2.87
2023-04-13 05:00:00+02:00,0.0,0.0,0.0,4.19,2.85
2023-04-13 06:00:00+02:00,17.9,1.41,17.45,4.17,2.7
2023-04-13 07:00:00+02:00,62.0,6.49,54.21,4.45,2.68
2023-04-13 08:00:00+02:00,114.25,6.29,99.56,5.02,2.79
2023-04-13 09:00:00+02:00,169.7,10.37,142.83,5.86,3.24
2023-04-13 10:00:00+02:00,228.98,17.05,194.75,6.88,3.46
2023-04-13 11:00:00+02:00,256.25,30.31,197.96,7.88,3.57
2023-04-13 12:00:00+02:00,325.52,98.34,260.79,8.49,3.7
2023-04-13 13:00:00+02:00,191.95,75.9,153.09,8.66,3.83
2023-04-13 14:00:00+02:00,109.55,20.63,86.74,8.39,3.78
2023-04-13 15:00:00+02:00,81.43,12.65,66.3,8.05,3.67
2023-04-13 16:00:00+02:00,79.5,8.35,66.29,7.64,3.63
2023-04-13 17:00:00+02:00,52.25,2.14,45.76,7.13,3.56
2023-04-13 18:00:00+02:00,28.62,0.0,25.86,6.49,3.48
2023-04-13 19:00:00+02:00,6.43,0.0,6.54,5.8,3.41
2023-04-13 20:00:00+02:00,0.0,0.0,0.0,5.15,3.27
2023-04-13 21:00:00+02:00,0.0,0.0,0.0,4.58,2.95
2023-04-13 22:00:00+02:00,0.0,0.0,0.0,4.14,2.84
2023-04-13 23:00:00+02:00,0.0,0.0,0.0,3.95,2.78
2023-04-14 00:00:00+02:00,0.0,0.0,0.0,3.99,2.77
2023-04-14 01:00:00+02:00,0.0,0.0,0.0,4.1,2.78
2023-04-14 02:00:00+02:00,0.0,0.0,0.0,4.2,2.86
2023-04-14 03:00:00+02:00,0.0,0.0,0.0,4.33,3.01
2023-04-14 04:00:00+02:00,0.0,0.0,0.0,4.47,3.1
2023-04-14 05:00:00+02:00,0.0,0.0,0.0,4.46,2.86
2023-04-14 06:00:00+02:00,13.43,0.0,13.1,4.34,2.8
2023-04-14 07:00:00+02:00,39.4,0.92,34.73,4.33,2.88
2023-04-14 08:00:00+02:00,66.25,1.86,56.4,4.39,2.77
2023-04-14 09:00:00+02:00,90.05,2.97,76.31,4.49,2.8
2023-04-14 10:00:00+02:00,101.88,6.5,85.16,4.57,2.84
2023-04-14 11:00:00+02:00,145.45,7.09,121.79,4.66,2.86
2023-04-14 12:00:00+02:00,161.1,3.21,135.59,4.76,2.88
2023-04-14 13:00:00+02:00,141.5,2.78,119.1,4.85,3.01
2023-04-14 14:00:00+02:00,129.15,8.95,110.04,4.9,3.16
2023-04-14 15:00:00+02:00,101.05,16.81,84.82,4.86,3.23
2023-04-14 16:00:00+02:00,87.95,4.27,75.95,4.67,3.32
2023-04-14 17:00:00+02:00,58.2,0.51,50.85,4.49,3.35
2023-04-14 18:00:00+02:00,34.12,0.98,30.79,4.29,3.38
2023-04-14 19:00:00+02:00,10.93,0.0,10.9,4.11,3.42
2023-04-14 20:00:00+02:00,0.0,0.0,0.0,3.92,3.41
2023-04-14 21:00:00+02:00,0.0,0.0,0.0,3.67,3.35
2023-04-14 22:00:00+02:00,0.0,0.0,0.0,3.33,3.23
2023-04-14 23:00:00+02:00,0.0,0.0,0.0,2.96,3.09
2023-04-15 00:00:00+02:00,0.0,0.0,0.0,2.62,2.86
2023-04-15 01:00:00+02:00,0.0,0.0,0.0,2.32,2.76
2023-04-15 02:00:00+02:00,0.0,0.0,0.0,2.15,2.7
2023-04-15 03:00:00+02:00,0.0,0.0,0.0,1.79,2.46
2023-04-15 04:00:00+02:00,0.0,0.0,0.0,1.43,2.5
2023-04-15 05:00:00+02:00,0.0,0.0,0.0,1.15,2.45
2023-04-15 06:00:00+02:00,34.33,59.52,30.95,1.09,2.5
2023-04-15 07:00:00+02:00,134.45,272.5,73.35,1.33,2.68
2023-04-15 08:00:00+02:00,246.07,409.27,108.65,2.04,2.62
2023-04-15 09:00:00+02:00,368.45,501.81,136.7,3.26,2.57
2023-04-15 10:00:00+02:00,496.52,560.86,175.75,5.37,2.72
2023-04-15 11:00:00+02:00,568.05,637.44,174.66,8.24,2.83
2023-04-15 12:00:00+02:00,644.62,859.82,107.13,10.2,2.74
2023-04-15 13:00:00+02:00,654.35,863.76,99.69,11.27,2.78
2023-04-15 14:00:00+02:00,609.38,834.59,103.9,11.77,2.85
2023-04-15 15:00:00+02:00,528.5,800.75,100.95,11.8,2.9
2023-04-15 16:00:00+02:00,411.65,705.49,99.68,11.38,2.91
2023-04-15 17:00:00+02:00,280.75,586.04,91.26,10.57,2.68
2023-04-15 18:00:00+02:00,146.52,403.21,63.91,9.16,2.35
2023-04-15 19:00:00+02:00,35.2,113.18,26.75,6.9,2.53
2023-04-15 20:00:00+02:00,0.0,0.0,0.0,5.04,2.84
2023-04-15 21:00:00+02:00,0.0,0.0,0.0,3.71,2.68
2023-04-15 22:00:00+02:00,0.0,0.0,0.0,2.79,2.56
2023-04-15 23:00:00+02:00,0.0,0.0,0.0,2.48,2.6
2023-04-16 00:00:00+02:00,0.0,0.0,0.0,0.82,2.16
2023-04-16 01:00:00+02:00,0.0,0.0,0.0,0.34,2.5
2023-04-16 02:00:00+02:00,0.0,0.0,0.0,0.51,2.53
2023-04-16 03:00:00+02:00,0.0,0.0,0.0,-0.17,2.3
2023-04-16 04:00:00+02:00,0.0,0.0,0.0,-0.35,2.6
2023-04-16 05:00:00+02:00,0.0,0.0,0.0,-0.81,2.49
2023-04-16 06:00:00+02:00,50.38,160.78,34.54,-0.43,2.44
2023-04-16 07:00:00+02:00,156.43,376.7,75.36,0.6,2.07
2023-04-16 08:00:00+02:00,279.88,518.02,105.67,2.61,2.28
2023-04-16 09:00:00+02:00,402.1,611.14,119.4,4.75,2.19
2023-04-16 10:00:00+02:00,508.58,638.9,145.8,7.04,2.49
2023-04-16 11:00:00+02:00,580.72,640.99,168.31,8.74,2.5
2023-04-16 12:00:00+02:00,671.3,875.24,103.68,10.05,2.43
2023-04-16 13:00:00+02:00,668.4,879.02,101.52,10.87,2.25
2023-04-16 14:00:00+02:00,620.9,857.05,102.8,11.34,2.18
2023-04-16 15:00:00+02:00,536.9,803.93,105.3,11.44,2.14
2023-04-16 16:00:00+02:00,425.52,743.22,94.6,11.2,2.06
2023-04-16 17:00:00+02:00,293.45,648.12,78.23,10.57,1.72
2023-04-16 18:00:00+02:00,156.07,463.52,57.98,9.15,1.27
2023-04-16 19:00:00+02:00,40.42,179.45,24.14,6.05,1.97
2023-04-16 20:00:00+02:00,0.0,0.0,0.0,3.8,2.5
2023-04-16 21:00:00+02:00,0.0,0.0,0.0,2.75,2.29
2023-04-16 22:00:00+02:00,0.0,0.0,0.0,1.72,2.18
2023-04-16 23:00:00+02:00,0.0,0.0,0.0,0.81,2.4
2023-04-17 00:00:00+02:00,0.0,0.0,0.0,-0.02,2.44
2023-04-17 01:00:00+02:00,0.0,0.0,0.0,-0.88,2.43
2023-04-17 02:00:00+02:00,0.0,0.0,0.0,-1.6,2.25
2023-04-17 03:00:00+02:00,0.0,0.0,0.0,-1.86,2.26
2023-04-17 04:00:00+02:00,0.0,0.0,0.0,-2.11,2.21
2023-04-17 05:00:00+02:00,0.0,0.0,0.0,-2.49,2.24
2023-04-17 06:00:00+02:00,59.2,202.56,35.06,-0.7,2.54
2023-04-17 07:00:00+02:00,168.25,477.16,65.7,1.17,2.01
2023-04-17 08:00:00+02:00,295.55,632.19,87.64,3.36,1.91
2023-04-17 09:00:00+02:00,424.6,734.13,99.05,5.74,2.07
2023-04-17 10:00:00+02:00,538.53,856.45,89.12,7.92,2.31
2023-04-17 11:00:00+02:00,626.38,890.51,88.29,9.53,2.42
2023-04-17 12:00:00+02:00,681.05,926.08,81.51,10.73,2.41
2023-04-17 13:00:00+02:00,674.53,908.32,87.44,11.54,2.28
2023-04-17 14:00:00+02:00,629.25,896.26,85.38,12.06,2.2
2023-04-17 15:00:00+02:00,547.12,857.84,83.53,12.23,2.17
2023-04-17 16:00:00+02:00,434.9,799.87,77.93,12.07,2.12
2023-04-17 17:00:00+02:00,302.42,720.22,64.51,11.49,1.81
2023-04-17 18:00:00+02:00,163.5,527.85,53.48,10.16,1.4
2023-04-17 19:00:00+02:00,45.97,237.53,23.2,7.21,1.77
2023-04-17 20:00:00+02:00,0.0,0.0,0.0,5.08,2.22
2023-04-17 21:00:00+02:00,0.0,0.0,0.0,4.2,2.15
2023-04-17 22:00:00+02:00,0.0,0.0,0.0,3.29,2.1
2023-04-17 23:00:00+02:00,0.0,0.0,0.0,2.36,2.24
2023-04-18 00:00:00+02:00,0.0,0.0,0.0,1.56,2.23
2023-04-18 01:00:00+02:00,0.0,0.0,0.0,1.03,2.41
2023-04-18 02:00:00+02:00,0.0,0.0,0.0,0.85,2.62
2023-04-18 03:00:00+02:00,0.0,0.0,0.0,0.86,2.78
2023-04-18 04:00:00+02:00,0.0,0.0,0.0,0.59,2.77
2023-04-18 05:00:00+02:00,0.0,0.0,0.0,0.27,2.69
2023-04-18 06:00:00+02:00,63.75,246.52,35.93,1.42,2.79
2023-04-18 07:00:00+02:00,177.18,541.42,67.33,2.8,2.26
2023-04-18 08:00:00+02:00,315.77,676.83,79.76,5.16,1.98
2023-04-18 09:00:00+02:00,446.27,844.11,76.57,8.13,2.41
2023-04-18 10:00:00+02:00,582.62,925.72,70.11,10.09,2.74
2023-04-18 11:00:00+02:00,638.75,920.77,74.85,11.3,2.68
2023-04-18 12:00:00+02:00,658.7,918.47,81.6,12.11,2.72
2023-04-18 13:00:00+02:00,678.8,883.93,106.5,12.61,2.84
2023-04-18 14:00:00+02:00,615.5,862.53,90.0,12.83,2.94
2023-04-18 15:00:00+02:00,541.08,866.12,77.87,12.74,3.04
2023-04-18 16:00:00+02:00,437.98,830.41,67.19,12.32,3.1
2023-04-18 17:00:00+02:00,313.5,765.81,56.98,11.46,3.11
2023-04-18 18:00:00+02:00,177.1,634.28,41.88,10.04,3.03
2023-04-18 19:00:00+02:00,55.83,325.22,22.11,7.84,2.78
2023-04-18 20:00:00+02:00,0.0,0.0,0.0,5.0,2.53
2023-04-18 21:00:00+02:00,0.0,0.0,0.0,4.0,2.72
2023-04-18 22:00:00+02:00,0.0,0.0,0.0,3.33,2.79
2023-04-18 23:00:00+02:00,0.0,0.0,0.0,2.9,3.0
2023-04-19 00:00:00+02:00,0.0,0.0,0.0,2.16,2.91
2023-04-19 01:00:00+02:00,0.0,0.0,0.0,1.58,2.91
2023-04-19 02:00:00+02:00,0.0,0.0,0.0,1.05,2.78
2023-04-19 03:00:00+02:00,0.0,0.0,0.0,0.55,2.71
2023-04-19 04:00:00+02:00,0.0,0.0,0.0,0.32,2.67
2023-04-19 05:00:00+02:00,3.83,23.28,4.97,0.6,2.6
2023-04-19 06:00:00+02:00,71.22,279.62,35.4,1.08,2.38
2023-04-19 07:00:00+02:00,194.55,541.59,62.45,2.42,2.36
2023-04-19 08:00:00+02:00,331.88,692.73,81.6,4.55,2.4
2023-04-19 09:00:00+02:00,460.33,778.95,93.1,6.99,2.57
2023-04-19 10:00:00+02:00,578.92,881.85,82.89,9.3,2.87
2023-04-19 11:00:00+02:00,629.35,798.86,153.08,10.83,2.93
2023-04-19 12:00:00+02:00,662.1,873.62,163.45,11.8,2.88
2023-04-19 13:00:00+02:00,661.12,863.96,160.89,12.38,2.66
2023-04-19 14:00:00+02:00,615.45,753.86,180.84,12.7,2.5
2023-04-19 15:00:00+02:00,526.15,594.27,193.15,12.73,2.38
2023-04-19 16:00:00+02:00,418.67,575.28,154.03,12.47,2.24
2023-04-19 17:00:00+02:00,292.48,559.87,105.59,11.85,1.89
2023-04-19 18:00:00+02:00,162.27,461.46,64.63,10.56,1.56
2023-04-19 19:00:00+02:00,52.85,217.82,29.91,7.71,1.95
2023-04-19 20:00:00+02:00,0.0,0.0,0.0,5.3,2.37
2023-04-19 21:00:00+02:00,0.0,0.0,0.0,4.42,2.38
2023-04-19 22:00:00+02:00,0.0,0.0,0.0,3.66,2.34
2023-04-19 23:00:00+02:00,0.0,0.0,0.0,3.15,2.53
2023-04-20 00:00:00+02:00,0.0,0.0,0.0,3.02,2.42
2023-04-20 01:00:00+02:00,0.0,0.0,0.0,3.46,1.95
2023-04-20 02:00:00+02:00,0.0,0.0,0.0,4.09,1.22
2023-04-20 03:00:00+02:00,0.0,0.0,0.0,4.13,0.66
2023-04-20 04:00:00+02:00,0.0,0.0,0.0,3.32,1.32
2023-04-20 05:00:00+02:00,4.53,23.72,5.99,2.09,1.99
2023-04-20 06:00:00+02:00,72.05,313.91,34.14,2.21,2.09
2023-04-20 07:00:00+02:00,188.2,508.47,62.99,4.95,1.46
2023-04-20 08:00:00+02:00,315.35,611.98,85.21,7.19,0.73
2023-04-20 09:00:00+02:00,437.88,715.42,101.98,10.15,0.31
2023-04-20 10:00:00+02:00,548.92,746.37,131.35,12.11,0.14
2023-04-20 11:00:00+02:00,591.72,429.09,266.61,13.32,0.14
2023-04-20 12:00:00+02:00,630.38,981.7,260.3,14.34,0.17
2023-04-20 13:00:00+02:00,573.33,751.62,214.37,15.12,0.24
2023-04-20 14:00:00+02:00,570.75,584.11,266.69,15.6,0.33
2023-04-20 15:00:00+02:00,480.48,464.41,235.92,15.73,0.4
2023-04-20 16:00:00+02:00,382.42,395.29,233.71,15.51,0.47
2023-04-20 17:00:00+02:00,261.02,296.81,172.67,16.06,0.53
2023-04-20 18:00:00+02:00,143.27,189.81,98.3,15.56,0.51
2023-04-20 19:00:00+02:00,45.08,63.11,39.77,13.83,0.96
2023-04-20 20:00:00+02:00,0.0,0.0,0.0,12.15,1.54
2023-04-20 21:00:00+02:00,0.0,0.0,0.0,10.65,1.99
2023-04-20 22:00:00+02:00,0.0,0.0,0.0,9.22,2.34
2023-04-20 23:00:00+02:00,0.0,0.0,0.0,8.14,2.56
2023-04-21 00:00:00+02:00,0.0,0.0,0.0,7.51,2.73
2023-04-21 01:00:00+02:00,0.0,0.0,0.0,7.15,2.78
2023-04-21 02:00:00+02:00,0.0,0.0,0.0,6.95,2.68
2023-04-21 03:00:00+02:00,0.0,0.0,0.0,6.9,2.52
2023-04-21 04:00:00+02:00,0.0,0.0,0.0,6.89,2.35
2023-04-21 05:00:00+02:00,5.62,12.38,7.57,6.45,2.29
2023-04-21 06:00:00+02:00,78.57,278.13,37.5,6.64,2.09
2023-04-21 07:00:00+02:00,202.25,544.69,59.57,8.71,1.53
2023-04-21 08:00:00+02:00,335.4,648.53,86.12,10.32,1.02
2023-04-21 09:00:00+02:00,464.67,761.77,90.58,12.63,1.27
2023-04-21 10:00:00+02:00,572.35,827.74,93.38,14.28,1.3
2023-04-21 11:00:00+02:00,650.38,874.12,91.13,15.54,1.25
2023-04-21 12:00:00+02:00,686.95,905.29,86.91,16.48,1.32
2023-04-21 13:00:00+02:00,677.17,892.03,86.57,17.0,1.42
2023-04-21 14:00:00+02:00,630.4,862.09,90.72,17.24,1.45
2023-04-21 15:00:00+02:00,548.72,853.45,76.46,17.2,1.43
2023-04-21 16:00:00+02:00,437.92,767.62,81.59,16.89,1.33
2023-04-21 17:00:00+02:00,309.5,665.83,74.71,16.89,1.13
2023-04-21 18:00:00+02:00,174.57,497.71,58.5,15.58,1.11
2023-04-21 19:00:00+02:00,60.85,236.32,30.79,13.64,1.55
2023-04-21 20:00:00+02:00,0.0,0.0,0.0,12.4,1.78
2023-04-21 21:00:00+02:00,0.0,0.0,0.0,11.4,1.92
2023-04-21 22:00:00+02:00,0.0,0.0,0.0,10.41,2.02
2023-04-21 23:00:00+02:00,0.0,0.0,0.0,9.54,2.13
2023-04-22 00:00:00+02:00,0.0,0.0,0.0,8.77,2.13
2023-04-22 01:00:00+02:00,0.0,0.0,0.0,8.11,2.11
2023-04-22 02:00:00+02:00,0.0,0.0,0.0,7.58,2.07
2023-04-22 03:00:00+02:00,0.0,0.0,0.0,7.22,1.97
2023-04-22 04:00:00+02:00,0.0,0.0,0.0,6.85,1.87
2023-04-22 05:00:00+02:00,7.18,21.01,9.05,6.31,1.84
2023-04-22 06:00:00+02:00,85.5,309.34,36.85,6.5,1.61
2023-04-22 07:00:00+02:00,209.95,545.91,65.72,8.24,0.93
2023-04-22 08:00:00+02:00,344.38,662.99,88.04,9.96,0.14
2023-04-22 09:00:00+02:00,471.42,753.53,96.76,13.21,0.62
2023-04-22 10:00:00+02:00,574.5,807.21,104.06,15.32,1.02
2023-04-22 11:00:00+02:00,645.53,837.84,107.82,16.57,1.36
2023-04-22 12:00:00+02:00,691.7,905.55,85.07,17.48,1.69
2023-04-22 13:00:00+02:00,687.65,913.53,80.53,18.01,1.98
2023-04-22 14:00:00+02:00,641.35,872.59,88.08,18.24,2.19
2023-04-22 15:00:00+02:00,555.8,816.48,94.4,18.21,2.28
2023-04-22 16:00:00+02:00,441.67,722.52,96.97,17.9,2.13
2023-04-22 17:00:00+02:00,313.52,644.91,81.31,17.24,1.76
2023-04-22 18:00:00+02:00,179.3,513.87,56.44,15.94,1.44
2023-04-22 19:00:00+02:00,66.65,269.74,31.06,13.3,1.63
2023-04-22 20:00:00+02:00,0.0,0.0,0.0,10.91,2.21
2023-04-22 21:00:00+02:00,0.0,0.0,0.0,10.0,2.43
2023-04-22 22:00:00+02:00,0.0,0.0,0.0,9.39,2.34
2023-04-22 23:00:00+02:00,0.0,0.0,0.0,9.44,2.13
2023-04-23 00:00:00+02:00,0.0,0.0,0.0,8.89,2.1
2023-04-23 01:00:00+02:00,0.0,0.0,0.0,8.22,2.08
2023-04-23 02:00:00+02:00,0.0,0.0,0.0,7.97,1.84
2023-04-23 03:00:00+02:00,0.0,0.0,0.0,7.72,1.42
2023-04-23 04:00:00+02:00,0.0,0.0,0.0,7.45,1.51
2023-04-23 05:00:00+02:00,7.55,20.35,9.79,7.52,1.45
2023-04-23 06:00:00+02:00,69.38,123.71,50.09,7.86,1.37
2023-04-23 07:00:00+02:00,160.05,172.23,116.08,8.94,1.61
2023-04-23 08:00:00+02:00,251.5,181.19,182.5,9.77,1.9
2023-04-23 09:00:00+02:00,335.77,197.06,235.31,11.11,2.4
2023-04-23 10:00:00+02:00,418.52,200.07,296.89,12.51,2.92
2023-04-23 11:00:00+02:00,464.7,182.14,314.42,13.67,3.29
2023-04-23 12:00:00+02:00,510.92,169.24,343.23,14.7,3.46
2023-04-23 13:00:00+02:00,420.92,123.88,283.35,15.23,3.37
2023-04-23 14:00:00+02:00,340.8,62.0,278.84,14.8,2.92
2023-04-23 15:00:00+02:00,261.8,32.62,210.1,13.56,2.3
2023-04-23 16:00:00+02:00,184.98,19.48,153.86,12.71,2.0
2023-04-23 17:00:00+02:00,125.62,9.12,109.82,12.1,1.76
2023-04-23 18:00:00+02:00,75.35,1.97,65.94,11.56,1.57
2023-04-23 19:00:00+02:00,31.7,0.0,28.8,10.75,1.84
2023-04-23 20:00:00+02:00,0.0,0.0,0.0,9.94,2.54
2023-04-23 21:00:00+02:00,0.0,0.0,0.0,9.35,2.72
2023-04-23 22:00:00+02:00,0.0,0.0,0.0,8.87,2.74
2023-04-23 23:00:00+02:00,0.0,0.0,0.0,8.39,2.69
2023-04-24 00:00:00+02:00,0.0,0.0,0.0,8.01,2.61
2023-04-24 01:00:00+02:00,0.0,0.0,0.0,7.64,2.31
2023-04-24 02:00:00+02:00,0.0,0.0,0.0,7.29,1.97
2023-04-24 03:00:00+02:00,0.0,0.0,0.0,6.79,1.41
2023-04-24 04:00:00+02:00,0.0,0.0,0.0,6.37,1.25
2023-04-24 05:00:00+02:00,3.25,4.4,4.1,5.98,1.07
2023-04-24 06:00:00+02:00,17.7,19.42,14.89,5.79,1.33
2023-04-24 07:00:00+02:00,58.65,12.16,48.85,5.53,1.38
2023-04-24 08:00:00+02:00,90.43,2.22,78.52,5.52,1.44
2023-04-24 09:00:00+02:00,127.45,0.0,111.43,5.73,1.74
2023-04-24 10:00:00+02:00,168.73,10.19,143.99,6.05,1.99
2023-04-24 11:00:00+02:00,219.57,21.1,182.22,6.49,2.13
2023-04-24 12:00:00+02:00,211.0,49.56,169.98,6.97,2.28
2023-04-24 13:00:00+02:00,165.1,1.35,138.44,7.51,2.49
2023-04-24 14:00:00+02:00,169.43,0.0,144.26,7.72,2.73
2023-04-24 15:00:00+02:00,134.1,22.86,109.91,7.74,3.05
2023-04-24 16:00:00+02:00,92.57,23.36,74.54,7.85,3.3
2023-04-24 17:00:00+02:00,54.42,10.5,45.73,7.68,3.33
2023-04-24 18:00:00+02:00,30.92,7.36,26.64,7.23,3.15
2023-04-24 19:00:00+02:00,25.58,2.55,23.01,6.52,3.23
2023-04-24 20:00:00+02:00,0.0,0.0,0.0,5.63,3.22
2023-04-24 21:00:00+02:00,0.0,0.0,0.0,4.98,3.16
2023-04-24 22:00:00+02:00,0.0,0.0,0.0,4.47,2.99
2023-04-24 23:00:00+02:00,0.0,0.0,0.0,4.05,2.97
2023-04-25 00:00:00+02:00,0.0,0.0,0.0,3.72,2.99
2023-04-25 01:00:00+02:00,0.0,0.0,0.0,3.39,3.07
2023-04-25 02:00:00+02:00,0.0,0.0,0.0,2.88,2.99
2023-04-25 03:00:00+02:00,0.0,0.0,0.0,2.11,2.86
2023-04-25 04:00:00+02:00,0.0,0.0,0.0,1.52,2.39
2023-04-25 05:00:00+02:00,3.12,0.0,3.34,1.31,2.11
2023-04-25 06:00:00+02:00,16.42,1.25,14.29,1.53,1.82
2023-04-25 07:00:00+02:00,42.4,3.29,36.87,1.82,1.42
2023-04-25 08:00:00+02:00,66.47,7.08,57.02,2.36,0.92
2023-04-25 09:00:00+02:00,88.45,15.43,75.26,3.0,0.65
2023-04-25 10:00:00+02:00,129.95,34.52,106.89,3.64,0.78
2023-04-25 11:00:00+02:00,205.32,48.91,165.95,4.68,0.97
2023-04-25 12:00:00+02:00,203.2,0.0,170.86,6.0,1.13
2023-04-25 13:00:00+02:00,196.18,4.9,164.24,7.28,1.23
2023-04-25 14:00:00+02:00,185.62,18.59,152.32,8.37,1.31
2023-04-25 15:00:00+02:00,147.02,36.66,114.95,9.13,1.18
2023-04-25 16:00:00+02:00,117.6,24.3,97.0,9.4,1.13
2023-04-25 17:00:00+02:00,83.88,14.73,70.62,9.17,1.23
2023-04-25 18:00:00+02:00,52.22,3.61,45.51,8.5,1.38
2023-04-25 19:00:00+02:00,21.85,0.0,19.83,7.42,1.52
2023-04-25 20:00:00+02:00,2.03,0.0,2.32,6.87,1.9
2023-04-25 21:00:00+02:00,0.0,0.0,0.0,6.7,1.88
2023-04-25 22:00:00+02:00,0.0,0.0,0.0,6.35,1.56
2023-04-25 23:00:00+02:00,0.0,0.0,0.0,5.96,1.45
2023-04-26 00:00:00+02:00,0.0,0.0,0.0,5.81,1.35
2023-04-26 01:00:00+02:00,0.0,0.0,0.0,5.54,1.25
2023-04-26 02:00:00+02:00,0.0,0.0,0.0,5.33,1.18
2023-04-26 03:00:00+02:00,0.0,0.0,0.0,5.3,1.09
2023-04-26 04:00:00+02:00,0.0,0.0,0.0,5.31,1.29
2023-04-26 05:00:00+02:00,7.47,14.39,7.71,5.19,1.68
2023-04-26 06:00:00+02:00,40.67,139.85,31.89,4.93,1.95
2023-04-26 07:00:00+02:00,100.5,153.95,69.8,4.61,2.37
2023-04-26 08:00:00+02:00,154.73,252.59,98.57,4.33,2.7
2023-04-26 09:00:00+02:00,201.75,25.35,167.07,4.49,2.88
2023-04-26 10:00:00+02:00,264.98,16.28,225.07,5.27,3.03
2023-04-26 11:00:00+02:00,390.5,191.4,252.18,6.26,3.13
2023-04-26 12:00:00+02:00,428.92,36.38,353.09,6.99,3.29
2023-04-26 13:00:00+02:00,408.88,517.58,137.56,7.59,3.56
2023-04-26 14:00:00+02:00,435.27,200.2,283.69,7.59,3.88
2023-04-26 15:00:00+02:00,395.88,122.42,314.21,7.23,4.15
2023-04-26 16:00:00+02:00,256.38,424.74,123.0,6.61,4.29
2023-04-26 17:00:00+02:00,189.43,313.22,101.91,5.88,4.27
2023-04-26 18:00:00+02:00,111.4,231.77,59.06,5.07,4.03
2023-04-26 19:00:00+02:00,40.47,160.51,23.22,3.98,3.63
2023-04-26 20:00:00+02:00,3.42,20.57,4.34,3.04,3.36
2023-04-26 21:00:00+02:00,0.0,0.0,0.0,2.6,3.21
2023-04-26 22:00:00+02:00,0.0,0.0,0.0,2.34,3.01
2023-04-26 23:00:00+02:00,0.0,0.0,0.0,2.14,2.9
2023-04-27 00:00:00+02:00,0.0,0.0,0.0,1.95,2.86
2023-04-27 01:00:00+02:00,0.0,0.0,0.0,1.85,2.83
2023-04-27 02:00:00+02:00,0.0,0.0,0.0,1.79,2.82
2023-04-27 03:00:00+02:00,0.0,0.0,0.0,1.72,2.8
2023-04-27 04:00:00+02:00,0.0,0.0,0.0,1.62,2.71
2023-04-27 05:00:00+02:00,14.43,110.38,11.3,1.56,2.78
2023-04-27 06:00:00+02:00,72.93,285.8,30.23,1.99,2.91
2023-04-27 07:00:00+02:00,126.85,314.24,43.09,2.71,2.88
2023-04-27 08:00:00+02:00,215.18,448.89,55.91,3.53,3.12
2023-04-27 09:00:00+02:00,282.15,487.26,62.64,4.25,3.34
2023-04-27 10:00:00+02:00,397.5,412.34,164.99,4.83,3.42
2023-04-27 11:00:00+02:00,431.08,114.07,299.8,5.46,3.44
2023-04-27 12:00:00+02:00,458.88,388.46,204.56,6.01,3.48
2023-04-27 13:00:00+02:00,478.4,210.11,304.44,6.43,3.57
2023-04-27 14:00:00+02:00,458.02,455.22,185.69,6.52,3.55
2023-04-27 15:00:00+02:00,421.55,257.68,253.95,6.55,3.43
2023-04-27 16:00:00+02:00,274.4,362.67,113.98,6.39,3.05
2023-04-27 17:00:00+02:00,192.73,305.49,92.01,6.11,2.72
2023-04-27 18:00:00+02:00,113.3,279.5,56.23,5.56,2.57
2023-04-27 19:00:00+02:00,42.83,147.44,25.95,4.95,2.49
2023-04-27 20:00:00+02:00,3.2,22.03,4.16,4.22,2.46
2023-04-27 21:00:00+02:00,0.0,0.0,0.0,3.77,2.42
2023-04-27 22:00:00+02:00,0.0,0.0,0.0,3.51,2.44
2023-04-27 23:00:00+02:00,0.0,0.0,0.0,3.34,2.53
2023-04-28 00:00:00+02:00,0.0,0.0,0.0,3.08,2.37
2023-04-28 01:00:00+02:00,0.0,0.0,0.0,3.06,2.64
2023-04-28 02:00:00+02:00,0.0,0.0,0.0,2.68,2.6
2023-04-28 03:00:00+02:00,0.0,0.0,0.0,1.88,2.37
2023-04-28 04:00:00+02:00,0.0,0.0,0.0,1.6,2.41
2023-04-28 05:00:00+02:00,16.7,120.53,12.7,1.57,2.46
2023-04-28 06:00:00+02:00,90.05,334.48,34.32,1.61,2.53
2023-04-28 07:00:00+02:00,180.85,451.51,59.76,2.48,2.62
2023-04-28 08:00:00+02:00,267.52,467.41,89.82,4.15,2.61
2023-04-28 09:00:00+02:00,335.27,571.27,99.45,5.99,2.63
2023-04-28 10:00:00+02:00,430.38,265.62,266.84,7.55,2.65
2023-04-28 11:00:00+02:00,495.58,184.77,328.2,8.62,2.61
2023-04-28 12:00:00+02:00,518.58,416.56,242.48,9.31,2.59
2023-04-28 13:00:00+02:00,485.3,164.52,321.99,9.69,2.65
2023-04-28 14:00:00+02:00,433.35,519.91,134.39,9.61,2.69
2023-04-28 15:00:00+02:00,429.15,175.12,292.29,9.41,2.64
2023-04-28 16:00:00+02:00,303.88,417.47,125.57,9.08,2.36
2023-04-28 17:00:00+02:00,239.38,434.12,96.12,8.85,1.9
2023-04-28 18:00:00+02:00,151.73,397.41,63.49,8.4,1.16
2023-04-28 19:00:00+02:00,68.7,256.15,34.04,7.18,1.3
2023-04-28 20:00:00+02:00,7.53,48.27,8.07,6.42,1.41
2023-04-28 21:00:00+02:00,0.0,0.0,0.0,6.28,1.09
2023-04-28 22:00:00+02:00,0.0,0.0,0.0,6.0,0.9
2023-04-28 23:00:00+02:00,0.0,0.0,0.0,5.46,1.07
2023-04-29 00:00:00+02:00,0.0,0.0,0.0,4.61,1.57
2023-04-29 01:00:00+02:00,0.0,0.0,0.0,3.54,2.13
2023-04-29 02:00:00+02:00,0.0,0.0,0.0,2.55,2.4
2023-04-29 03:00:00+02:00,0.0,0.0,0.0,1.97,2.31
2023-04-29 04:00:00+02:00,0.0,0.0,0.0,1.91,2.3
2023-04-29 05:00:00+02:00,20.58,143.36,15.77,1.83,2.24
2023-04-29 06:00:00+02:00,89.82,280.29,46.68,3.56,2.24
2023-04-29 07:00:00+02:00,157.43,251.99,93.5,4.71,2.0
2023-04-29 08:00:00+02:00,215.7,169.19,145.48,5.59,1.91
2023-04-29 09:00:00+02:00,256.23,92.46,192.24,6.29,2.04
2023-04-29 10:00:00+02:00,308.67,51.23,256.18,6.62,2.52
2023-04-29 11:00:00+02:00,326.6,0.81,274.2,6.96,2.88
2023-04-29 12:00:00+02:00,309.12,129.87,240.27,7.64,3.29
2023-04-29 13:00:00+02:00,245.43,5.7,204.27,8.3,3.66
2023-04-29 14:00:00+02:00,297.88,3.89,252.04,8.22,3.55
2023-04-29 15:00:00+02:00,232.98,18.77,198.13,7.9,3.21
2023-04-29 16:00:00+02:00,171.73,6.6,141.52,7.78,2.97
2023-04-29 17:00:00+02:00,123.12,7.23,107.04,7.94,3.1
2023-04-29 18:00:00+02:00,76.18,6.8,66.15,7.76,3.13
2023-04-29 19:00:00+02:00,31.67,11.79,27.54,6.88,3.15
2023-04-29 20:00:00+02:00,4.3,5.36,5.45,5.8,3.36
2023-04-29 21:00:00+02:00,0.0,0.0,0.0,4.95,3.24
2023-04-29 22:00:00+02:00,0.0,0.0,0.0,4.28,3.14
2023-04-29 23:00:00+02:00,0.0,0.0,0.0,3.71,3.16
2023-04-30 00:00:00+02:00,0.0,0.0,0.0,3.12,3.2
2023-04-30 01:00:00+02:00,0.0,0.0,0.0,2.55,3.33
2023-04-30 02:00:00+02:00,0.0,0.0,0.0,1.93,3.41
2023-04-30 03:00:00+02:00,0.0,0.0,0.0,1.49,3.46
2023-04-30 04:00:00+02:00,0.0,0.0,0.0,1.23,3.58
2023-04-30 05:00:00+02:00,18.8,78.28,18.06,1.16,3.7
2023-04-30 06:00:00+02:00,109.85,316.89,63.15,1.73,3.66
2023-04-30 07:00:00+02:00,241.32,486.29,106.33,3.01,3.59
2023-04-30 08:00:00+02:00,382.9,656.2,120.96,4.72,3.78
2023-04-30 09:00:00+02:00,509.17,755.13,119.06,6.39,3.91
2023-04-30 10:00:00+02:00,631.78,849.53,109.19,7.73,4.0
2023-04-30 11:00:00+02:00,687.28,779.4,162.22,8.7,4.05
2023-04-30 12:00:00+02:00,619.42,633.81,208.85,9.43,4.0
2023-04-30 13:00:00+02:00,598.1,697.37,135.35,10.0,3.97
2023-04-30 14:00:00+02:00,643.47,606.29,241.54,10.34,3.98
2023-04-30 15:00:00+02:00,546.72,382.09,316.72,10.35,3.95
2023-04-30 16:00:00+02:00,439.1,382.8,244.32,10.01,3.6
2023-04-30 17:00:00+02:00,298.5,404.52,149.95,9.59,3.09
2023-04-30 18:00:00+02:00,172.57,336.29,94.56,8.92,2.61
2023-04-30 19:00:00+02:00,72.38,217.96,43.87,7.5,2.32
2023-04-30 20:00:00+02:00,8.15,48.0,8.75,5.69,2.54
2023-04-30 21:00:00+02:00,0.0,0.0,0.0,5.59,2.84
2023-04-30 22:00:00+02:00,0.0,0.0,0.0,5.39,2.66
2023-04-30 23:00:00+02:00,0.0,0.0,0.0,4.98,2.51
2023-05-01 00:00:00+02:00,0.0,0.0,0.0,4.63,2.49
2023-05-01 01:00:00+02:00,0.0,0.0,0.0,4.41,2.43
2023-05-01 02:00:00+02:00,0.0,0.0,0.0,4.11,2.37
2023-05-01 03:00:00+02:00,0.0,0.0,0.0,3.91,2.29
2023-05-01 04:00:00+02:00,0.0,0.0,0.0,3.78,2.16
2023-05-01 05:00:00+02:00,19.52,22.26,21.19,3.72,2.03
2023-05-01 06:00:00+02:00,80.6,25.4,69.67,4.38,1.92
2023-05-01 07:00:00+02:00,154.82,4.43,133.93,5.7,2.12
2023-05-01 08:00:00+02:00,241.85,5.17,205.19,6.56,2.3
2023-05-01 09:00:00+02:00,319.15,11.31,276.46,6.41,2.32
2023-05-01 10:00:00+02:00,341.92,1.8,293.65,6.11,2.48
2023-05-01 11:00:00+02:00,361.55,33.49,298.98,6.42,2.72
2023-05-01 12:00:00+02:00,339.12,0.54,282.49,6.3,2.65
2023-05-01 13:00:00+02:00,277.42,1.56,232.63,5.8,2.38
2023-05-01 14:00:00+02:00,193.0,27.25,155.96,5.36,2.17
2023-05-01 15:00:00+02:00,224.57,0.0,192.81,5.09,2.1
2023-05-01 16:00:00+02:00,123.53,19.73,101.91,5.18,1.84
2023-05-01 17:00:00+02:00,104.28,14.68,89.18,5.56,1.22
2023-05-01 18:00:00+02:00,65.35,7.21,56.64,5.92,0.89
2023-05-01 19:00:00+02:00,26.8,2.59,23.3,5.85,1.2
2023-05-01 20:00:00+02:00,4.72,0.0,5.06,5.6,1.49
2023-05-01 21:00:00+02:00,0.0,0.0,0.0,5.33,1.59
2023-05-01 22:00:00+02:00,0.0,0.0,0.0,5.05,1.77
2023-05-01 23:00:00+02:00,0.0,0.0,0.0,4.53,1.86
2023-05-02 00:00:00+02:00,0.0,0.0,0.0,3.95,2.07
2023-05-02 01:00:00+02:00,0.0,0.0,0.0,3.54,2.18
2023-05-02 02:00:00+02:00,0.0,0.0,0.0,3.09,2.29
2023-05-02 03:00:00+02:00,0.0,0.0,0.0,2.75,2.4
2023-05-02 04:00:00+02:00,0.0,0.0,0.0,2.42,2.61
2023-05-02 05:00:00+02:00,15.82,59.9,17.27,2.16,2.84
2023-05-02 06:00:00+02:00,86.97,176.72,62.49,2.1,3.1
2023-05-02 07:00:00+02:00,165.27,270.16,94.92,2.52,3.35
2023-05-02 08:00:00+02:00,252.9,320.63,129.65,3.85,3.59
2023-05-02 09:00:00+02:00,393.42,380.5,220.86,5.78,3.88
2023-05-02 10:00:00+02:00,529.8,505.58,239.86,7.26,3.92
2023-05-02 11:00:00+02:00,532.15,594.23,201.29,8.37,3.75
2023-05-02 12:00:00+02:00,666.47,543.2,299.8,9.28,3.73
2023-05-02 13:00:00+02:00,632.78,726.66,134.75,9.9,3.78
2023-05-02 14:00:00+02:00,461.38,699.33,121.21,10.19,4.02
2023-05-02 15:00:00+02:00,458.95,99.29,379.19,10.02,3.96
2023-05-02 16:00:00+02:00,384.08,187.3,272.7,9.71,3.58
2023-05-02 17:00:00+02:00,269.08,218.63,197.66,9.42,3.01
2023-05-02 18:00:00+02:00,161.12,136.6,122.38,8.85,2.32
2023-05-02 19:00:00+02:00,70.35,68.95,59.65,7.54,2.01
2023-05-02 20:00:00+02:00,10.23,12.27,10.65,5.69,2.22
2023-05-02 21:00:00+02:00,0.0,0.0,0.0,4.79,2.42
2023-05-02 22:00:00+02:00,0.0,0.0,0.0,4.63,2.5
2023-05-02 23:00:00+02:00,0.0,0.0,0.0,4.42,2.52
2023-05-03 00:00:00+02:00,0.0,0.0,0.0,3.44,2.33
2023-05-03 01:00:00+02:00,0.0,0.0,0.0,2.45,2.33
2023-05-03 02:00:00+02:00,0.0,0.0,0.0,1.67,2.29
2023-05-03 03:00:00+02:00,0.0,0.0,0.0,0.81,2.09
2023-05-03 04:00:00+02:00,0.0,0.0,0.0,0.48,2.17
2023-05-03 05:00:00+02:00,34.8,211.88,22.01,0.87,2.13
2023-05-03 06:00:00+02:00,139.5,494.18,50.37,2.64,1.94
2023-05-03 07:00:00+02:00,275.85,687.06,72.75,4.41,1.85
2023-05-03 08:00:00+02:00,412.98,776.8,83.62,6.44,2.21
2023-05-03 09:00:00+02:00,540.6,867.48,85.69,7.97,2.47
2023-05-03 10:00:00+02:00,650.7,888.27,103.66,9.01,2.51
2023-05-03 11:00:00+02:00,658.28,625.33,261.16,9.94,2.48
2023-05-03 12:00:00+02:00,657.62,705.31,191.22,10.69,2.44
2023-05-03 13:00:00+02:00,590.4,118.81,436.31,10.98,2.5
2023-05-03 14:00:00+02:00,437.58,517.79,156.79,10.92,2.63
2023-05-03 15:00:00+02:00,391.85,245.24,250.58,10.59,2.75
2023-05-03 16:00:00+02:00,331.4,180.1,250.62,9.99,2.66
2023-05-03 17:00:00+02:00,242.57,161.98,172.38,9.52,2.3
2023-05-03 18:00:00+02:00,149.55,215.06,100.33,8.81,1.64
2023-05-03 19:00:00+02:00,70.47,194.33,46.34,7.45,1.33
2023-05-03 20:00:00+02:00,12.05,64.14,11.61,4.96,1.96
2023-05-03 21:00:00+02:00,0.0,0.0,0.0,3.56,2.17
2023-05-03 22:00:00+02:00,0.0,0.0,0.0,2.86,2.26
2023-05-03 23:00:00+02:00,0.0,0.0,0.0,2.31,2.44
2023-05-04 00:00:00+02:00,0.0,0.0,0.0,1.62,2.36
2023-05-04 01:00:00+02:00,0.0,0.0,0.0,0.9,2.29
2023-05-04 02:00:00+02:00,0.0,0.0,0.0,0.53,2.45
2023-05-04 03:00:00+02:00,0.0,0.0,0.0,-0.19,2.23
2023-05-04 04:00:00+02:00,0.0,0.0,0.0,-0.99,2.29
2023-05-04 05:00:00+02:00,40.78,294.26,17.19,-0.98,2.34
2023-05-04 06:00:00+02:00,151.85,655.14,36.0,0.31,2.01
2023-05-04 07:00:00+02:00,285.88,761.69,57.78,2.28,1.92
2023-05-04 08:00:00+02:00,422.42,791.1,80.12,4.36,2.42
2023-05-04 09:00:00+02:00,553.3,884.5,97.03,5.64,2.34
2023-05-04 10:00:00+02:00,666.35,950.34,107.39,6.45,2.14
2023-05-04 11:00:00+02:00,680.33,640.22,274.98,7.17,2.07
2023-05-04 12:00:00+02:00,583.7,755.54,125.71,7.64,2.0
2023-05-04 13:00:00+02:00,600.58,226.97,399.63,7.67,1.92
2023-05-04 14:00:00+02:00,487.42,691.69,138.25,7.86,1.87
2023-05-04 15:00:00+02:00,454.48,177.21,362.02,7.82,1.87
2023-05-04 16:00:00+02:00,367.12,122.78,290.69,7.75,1.92
2023-05-04 17:00:00+02:00,279.3,163.12,204.3,7.45,1.88
2023-05-04 18:00:00+02:00,175.15,205.23,115.48,6.83,1.62
2023-05-04 19:00:00+02:00,87.5,229.91,58.13,5.6,1.4
2023-05-04 20:00:00+02:00,17.52,104.26,16.41,3.28,2.0
2023-05-04 21:00:00+02:00,0.0,0.0,0.0,2.07,2.41
2023-05-04 22:00:00+02:00,0.0,0.0,0.0,1.65,2.43
2023-05-04 23:00:00+02:00,0.0,0.0,0.0,1.58,2.25
2023-05-05 00:00:00+02:00,0.0,0.0,0.0,1.81,1.96
2023-05-05 01:00:00+02:00,0.0,0.0,0.0,2.18,1.51
2023-05-05 02:00:00+02:00,0.0,0.0,0.0,2.65,0.97
2023-05-05 03:00:00+02:00,0.0,0.0,0.0,2.95,0.51
2023-05-05 04:00:00+02:00,0.0,0.0,0.0,2.69,0.84
2023-05-05 05:00:00+02:00,36.55,126.91,31.14,2.34,1.2
2023-05-05 06:00:00+02:00,124.3,213.34,85.57,2.94,1.09
2023-05-05 07:00:00+02:00,255.5,298.85,169.08,4.52,0.81
2023-05-05 08:00:00+02:00,391.65,425.01,224.32,5.8,0.91
2023-05-05 09:00:00+02:00,487.25,540.1,207.9,6.94,0.99
2023-05-05 10:00:00+02:00,524.88,614.67,189.55,7.82,1.05
2023-05-05 11:00:00+02:00,603.3,346.78,387.37,8.65,1.1
2023-05-05 12:00:00+02:00,533.7,693.56,128.43,9.14,1.11
2023-05-05 13:00:00+02:00,557.15,723.53,125.11,9.85,1.08
2023-05-05 14:00:00+02:00,629.05,392.3,359.49,10.2,1.08
2023-05-05 15:00:00+02:00,555.0,475.03,297.35,10.33,1.12
2023-05-05 16:00:00+02:00,482.1,495.99,229.41,10.22,1.18
2023-05-05 17:00:00+02:00,356.15,522.55,149.4,9.79,1.31
2023-05-05 18:00:00+02:00,225.1,497.06,92.42,8.91,1.42
2023-05-05 19:00:00+02:00,108.43,357.71,47.1,7.21,1.5
2023-05-05 20:00:00+02:00,19.8,138.36,13.58,4.45,2.13
2023-05-05 21:00:00+02:00,0.0,0.0,0.0,3.06,2.47
2023-05-05 22:00:00+02:00,0.0,0.0,0.0,2.41,2.49
2023-05-05 23:00:00+02:00,0.0,0.0,0.0,1.49,2.36
2023-05-06 00:00:00+02:00,0.0,0.0,0.0,0.53,2.25
2023-05-06 01:00:00+02:00,0.0,0.0,0.0,-0.21,2.16
2023-05-06 02:00:00+02:00,0.0,0.0,0.0,-0.7,2.06
2023-05-06 03:00:00+02:00,0.0,0.0,0.0,-1.09,1.99
2023-05-06 04:00:00+02:00,0.0,0.0,0.0,-1.01,2.17
2023-05-06 05:00:00+02:00,42.45,198.82,33.03,-0.57,2.04
2023-05-06 06:00:00+02:00,146.0,404.11,75.67,1.38,1.43
2023-05-06 07:00:00+02:00,276.2,595.9,101.62,3.3,1.41
2023-05-06 08:00:00+02:00,410.23,704.2,109.72,4.9,1.4
2023-05-06 09:00:00+02:00,539.38,820.1,104.46,6.28,1.45
2023-05-06 10:00:00+02:00,652.1,890.26,95.26,7.45,1.59
2023-05-06 11:00:00+02:00,739.83,958.85,73.59,8.46,1.74
2023-05-06 12:00:00+02:00,768.97,951.7,83.91,9.33,1.84
2023-05-06 13:00:00+02:00,763.03,950.75,84.26,9.97,1.99
2023-05-06 14:00:00+02:00,718.72,938.78,80.56,10.34,2.12
2023-05-06 15:00:00+02:00,633.25,870.24,96.54,10.43,2.23
2023-05-06 16:00:00+02:00,518.4,808.47,106.34,10.18,2.33
2023-05-06 17:00:00+02:00,376.48,675.86,108.05,9.45,2.38
2023-05-06 18:00:00+02:00,236.82,555.6,92.56,8.23,2.32
2023-05-06 19:00:00+02:00,110.82,304.8,65.03,6.74,2.33
2023-05-06 20:00:00+02:00,16.58,72.72,17.19,5.32,2.4
2023-05-06 21:00:00+02:00,0.0,0.0,0.0,4.41,2.45
2023-05-06 22:00:00+02:00,0.0,0.0,0.0,3.62,2.18
2023-05-06 23:00:00+02:00,0.0,0.0,0.0,2.82,1.93
2023-05-07 00:00:00+02:00,0.0,0.0,0.0,2.29,1.83
2023-05-07 01:00:00+02:00,0.0,0.0,0.0,1.77,1.8
2023-05-07 02:00:00+02:00,0.0,0.0,0.0,0.73,1.79
2023-05-07 03:00:00+02:00,0.0,0.0,0.0,-0.31,2.09
2023-05-07 04:00:00+02:00,0.0,0.0,0.0,-0.89,2.22
2023-05-07 05:00:00+02:00,47.05,242.53,26.85,-0.35,2.01
2023-05-07 06:00:00+02:00,156.27,542.14,55.48,2.37,1.74
2023-05-07 07:00:00+02:00,296.2,734.62,71.69,4.31,1.62
2023-05-07 08:00:00+02:00,422.42,814.16,81.64,5.98,1.69
2023-05-07 09:00:00+02:00,545.2,861.27,89.45,7.23,1.72
2023-05-07 10:00:00+02:00,648.92,939.05,90.2,8.38,1.82
2023-05-07 11:00:00+02:00,739.62,998.94,92.73,9.52,1.92
2023-05-07 12:00:00+02:00,756.2,862.73,122.16,10.6,2.0
2023-05-07 13:00:00+02:00,730.33,835.81,157.74,11.47,2.02
2023-05-07 14:00:00+02:00,661.58,768.17,267.03,12.13,1.98
2023-05-07 15:00:00+02:00,576.75,640.56,255.38,12.53,1.91
2023-05-07 16:00:00+02:00,474.62,575.4,212.09,12.6,1.81
2023-05-07 17:00:00+02:00,351.95,422.84,187.08,12.28,1.68
2023-05-07 18:00:00+02:00,217.12,315.38,126.73,11.63,1.43
2023-05-07 19:00:00+02:00,100.25,209.29,70.82,9.6,1.58
2023-05-07 20:00:00+02:00,19.35,44.27,19.98,7.47,2.26
2023-05-07 21:00:00+02:00,0.0,0.0,0.0,6.02,2.4
2023-05-07 22:00:00+02:00,0.0,0.0,0.0,5.21,2.28
2023-05-07 23:00:00+02:00,0.0,0.0,0.0,4.27,2.36
2023-05-08 00:00:00+02:00,0.0,0.0,0.0,3.38,2.32
2023-05-08 01:00:00+02:00,0.0,0.0,0.0,2.62,2.2
2023-05-08 02:00:00+02:00,0.0,0.0,0.0,2.02,2.05
2023-05-08 03:00:00+02:00,0.0,0.0,0.0,2.4,1.87
2023-05-08 04:00:00+02:00,0.0,0.0,0.0,3.25,1.53
2023-05-08 05:00:00+02:00,52.33,248.58,24.46,3.48,1.35
2023-05-08 06:00:00+02:00,163.12,538.86,47.94,4.37,0.99
2023-05-08 07:00:00+02:00,299.52,707.69,63.32,6.06,0.72
2023-05-08 08:00:00+02:00,437.83,807.52,69.75,8.28,0.7
2023-05-08 09:00:00+02:00,564.58,875.84,74.91,11.05,0.89
2023-05-08 10:00:00+02:00,668.92,933.82,75.22,13.03,1.15
2023-05-08 11:00:00+02:00,740.78,943.77,76.08,14.27,1.49
2023-05-08 12:00:00+02:00,771.6,945.51,80.84,15.27,1.77
2023-05-08 13:00:00+02:00,762.85,933.12,84.6,15.93,1.91
2023-05-08 14:00:00+02:00,718.38,926.46,81.1,16.29,2.05
2023-05-08 15:00:00+02:00,638.33,900.25,78.4,16.41,2.21
2023-05-08 16:00:00+02:00,529.17,863.46,74.31,16.24,2.25
2023-05-08 17:00:00+02:00,398.2,776.94,71.56,15.73,2.01
2023-05-08 18:00:00+02:00,257.77,666.52,64.46,14.79,1.79
2023-05-08 19:00:00+02:00,126.95,457.65,46.48,12.94,1.89
2023-05-08 20:00:00+02:00,26.08,152.74,18.71,10.46,2.2
2023-05-08 21:00:00+02:00,0.0,0.0,0.0,8.75,2.3
2023-05-08 22:00:00+02:00,0.0,0.0,0.0,7.81,2.39
2023-05-08 23:00:00+02:00,0.0,0.0,0.0,7.05,2.48
2023-05-09 00:00:00+02:00,0.0,0.0,0.0,6.48,2.46
2023-05-09 01:00:00+02:00,0.0,0.0,0.0,6.04,2.43
2023-05-09 02:00:00+02:00,0.0,0.0,0.0,5.89,2.42
2023-05-09 03:00:00+02:00,0.0,0.0,0.0,5.84,2.19
2023-05-09 04:00:00+02:00,0.0,0.0,0.0,5.7,2.0
2023-05-09 05:00:00+02:00,55.4,240.94,30.85,6.21,1.88
2023-05-09 06:00:00+02:00,161.43,483.51,59.35,8.0,1.93
2023-05-09 07:00:00+02:00,299.52,704.44,71.43,9.43,1.66
2023-05-09 08:00:00+02:00,436.77,802.77,83.06,11.4,2.18
2023-05-09 09:00:00+02:00,568.9,860.5,86.37,13.02,2.66
2023-05-09 10:00:00+02:00,665.5,878.49,109.49,14.23,2.97
2023-05-09 11:00:00+02:00,717.53,835.04,174.02,15.3,3.18
2023-05-09 12:00:00+02:00,729.17,811.95,208.16,16.23,3.29
2023-05-09 13:00:00+02:00,728.72,738.18,211.94,16.81,3.33
2023-05-09 14:00:00+02:00,698.0,806.34,148.87,17.13,3.33
2023-05-09 15:00:00+02:00,624.1,796.47,122.58,17.19,3.25
2023-05-09 16:00:00+02:00,511.98,793.96,104.66,17.03,3.01
2023-05-09 17:00:00+02:00,382.45,679.95,106.34,16.56,2.69
2023-05-09 18:00:00+02:00,248.5,547.41,92.24,15.55,2.7
2023-05-09 19:00:00+02:00,121.82,367.12,60.29,13.96,2.78
2023-05-09 20:00:00+02:00,26.65,115.18,24.81,12.5,3.04
2023-05-09 21:00:00+02:00,0.0,0.0,0.0,11.23,3.04
2023-05-09 22:00:00+02:00,0.0,0.0,0.0,10.4,3.02
2023-05-09 23:00:00+02:00,0.0,0.0,0.0,9.72,2.89
2023-05-10 00:00:00+02:00,0.0,0.0,0.0,8.39,2.48
2023-05-10 01:00:00+02:00,0.0,0.0,0.0,7.54,2.5
2023-05-10 02:00:00+02:00,0.0,0.0,0.0,6.69,2.41
2023-05-10 03:00:00+02:00,0.0,0.0,0.0,5.62,2.29
2023-05-10 04:00:00+02:00,0.0,0.0,0.0,4.81,2.25
2023-05-10 05:00:00+02:00,54.85,137.18,41.43,5.48,2.24
2023-05-10 06:00:00+02:00,161.48,450.42,77.33,6.93,2.21
2023-05-10 07:00:00+02:00,300.25,619.83,96.15,8.83,2.18
2023-05-10 08:00:00+02:00,437.35,768.18,92.81,10.95,2.18
2023-05-10 09:00:00+02:00,571.9,873.51,83.04,13.1,2.55
2023-05-10 10:00:00+02:00,675.75,921.64,77.93,14.83,2.95
2023-05-10 11:00:00+02:00,745.65,941.62,81.5,15.96,3.46
2023-05-10 12:00:00+02:00,766.0,899.09,101.42,16.59,3.87
2023-05-10 13:00:00+02:00,757.47,902.59,100.63,16.93,4.08
2023-05-10 14:00:00+02:00,714.83,894.24,91.33,16.98,4.21
2023-05-10 15:00:00+02:00,637.28,870.7,90.21,16.68,4.26
2023-05-10 16:00:00+02:00,531.55,838.93,84.36,16.06,4.2
2023-05-10 17:00:00+02:00,405.6,799.7,71.42,15.14,3.95
2023-05-10 18:00:00+02:00,270.52,696.17,58.98,13.92,3.54
2023-05-10 19:00:00+02:00,139.07,535.89,41.61,12.38,3.17
2023-05-10 20:00:00+02:00,33.38,231.99,17.93,10.32,2.8
2023-05-10 21:00:00+02:00,0.0,0.0,0.0,8.15,2.67
2023-05-10 22:00:00+02:00,0.0,0.0,0.0,7.4,2.68
2023-05-10 23:00:00+02:00,0.0,0.0,0.0,6.78,2.69
2023-05-11 00:00:00+02:00,0.0,0.0,0.0,6.12,2.53
2023-05-11 01:00:00+02:00,0.0,0.0,0.0,5.05,2.35
2023-05-11 02:00:00+02:00,0.0,0.0,0.0,4.44,2.29
2023-05-11 03:00:00+02:00,0.0,0.0,0.0,3.89,2.24
2023-05-11 04:00:00+02:00,0.0,0.0,0.0,3.58,2.23
2023-05-11 05:00:00+02:00,53.58,232.03,32.5,4.75,2.13
2023-05-11 06:00:00+02:00,153.98,511.48,59.99,6.68,1.81
2023-05-11 07:00:00+02:00,287.2,642.01,88.22,8.42,1.28
2023-05-11 08:00:00+02:00,410.23,715.71,103.93,11.14,1.77
2023-05-11 09:00:00+02:00,538.2,780.31,111.6,13.35,1.98
2023-05-11 10:00:00+02:00,651.33,896.17,111.28,15.32,2.52
2023-05-11 11:00:00+02:00,740.78,914.12,102.02,16.67,2.87
2023-05-11 12:00:00+02:00,766.72,881.65,113.05,17.59,3.11
2023-05-11 13:00:00+02:00,761.75,901.38,102.75,18.14,3.12
2023-05-11 14:00:00+02:00,715.0,877.82,100.89,18.39,3.01
2023-05-11 15:00:00+02:00,634.95,842.3,97.71,18.38,2.88
2023-05-11 16:00:00+02:00,512.45,752.27,110.63,18.12,2.71
2023-05-11 17:00:00+02:00,373.62,614.99,121.71,17.54,2.46
2023-05-11 18:00:00+02:00,236.27,437.68,105.28,16.45,2.27
2023-05-11 19:00:00+02:00,111.55,260.81,70.0,14.69,2.34
2023-05-11 20:00:00+02:00,25.55,69.62,24.75,12.24,2.42
2023-05-11 21:00:00+02:00,0.0,0.0,0.0,10.3,2.58
2023-05-11 22:00:00+02:00,0.0,0.0,0.0,9.1,2.47
2023-05-11 23:00:00+02:00,0.0,0.0,0.0,8.15,2.38
2023-05-12 00:00:00+02:00,0.0,0.0,0.0,7.48,2.37
2023-05-12 01:00:00+02:00,0.0,0.0,0.0,7.04,2.36
2023-05-12 02:00:00+02:00,0.0,0.0,0.0,6.57,2.35
2023-05-12 03:00:00+02:00,0.0,0.0,0.0,6.34,2.37
2023-05-12 04:00:00+02:00,0.0,0.0,0.0,6.08,2.33
2023-05-12 05:00:00+02:00,47.35,144.9,34.46,7.22,2.37
2023-05-12 06:00:00+02:00,136.18,338.35,62.24,8.85,1.99
2023-05-12 07:00:00+02:00,257.4,459.64,96.17,10.71,1.56
2023-05-12 08:00:00+02:00,393.65,651.42,113.15,13.01,1.44
2023-05-12 09:00:00+02:00,524.47,733.58,112.86,14.96,1.67
2023-05-12 10:00:00+02:00,647.38,822.86,112.63,16.54,1.79
2023-05-12 11:00:00+02:00,735.95,885.01,99.76,17.92,1.8
2023-05-12 12:00:00+02:00,767.42,882.64,108.52,19.05,1.67
2023-05-12 13:00:00+02:00,759.42,876.01,105.72,19.82,1.56
2023-05-12 14:00:00+02:00,679.72,747.06,149.85,20.27,1.51
2023-05-12 15:00:00+02:00,625.95,779.88,130.87,20.38,1.44
2023-05-12 16:00:00+02:00,516.38,715.58,127.11,20.13,1.41
2023-05-12 17:00:00+02:00,388.77,647.96,108.19,20.28,1.34
2023-05-12 18:00:00+02:00,255.0,545.38,89.84,20.22,1.34
2023-05-12 19:00:00+02:00,128.93,396.83,54.84,17.29,1.43
2023-05-12 20:00:00+02:00,32.67,126.53,22.4,13.91,2.15
2023-05-12 21:00:00+02:00,0.0,0.0,0.0,12.14,2.62
2023-05-12 22:00:00+02:00,0.0,0.0,0.0,11.48,2.64
2023-05-12 23:00:00+02:00,0.0,0.0,0.0,10.72,2.46
2023-05-13 00:00:00+02:00,0.0,0.0,0.0,9.98,2.27
2023-05-13 01:00:00+02:00,0.0,0.0,0.0,9.28,2.1
2023-05-13 02:00:00+02:00,0.0,0.0,0.0,8.66,1.88
2023-05-13 03:00:00+02:00,0.0,0.0,0.0,8.1,1.77
2023-05-13 04:00:00+02:00,3.42,14.24,4.59,7.82,1.72
2023-05-13 05:00:00+02:00,58.1,200.16,33.1,8.6,1.54
2023-05-13 06:00:00+02:00,166.2,463.33,61.01,10.04,1.41
2023-05-13 07:00:00+02:00,298.48,604.5,85.33,11.23,1.13
2023-05-13 08:00:00+02:00,434.77,698.6,105.82,13.44,1.22
2023-05-13 09:00:00+02:00,562.58,797.5,103.8,15.67,1.5
2023-05-13 10:00:00+02:00,667.45,848.81,101.49,17.19,1.75
2023-05-13 11:00:00+02:00,739.17,895.02,96.89,18.24,1.82
2023-05-13 12:00:00+02:00,767.53,887.05,101.01,19.11,1.83
2023-05-13 13:00:00+02:00,757.12,868.19,110.31,19.73,1.79
2023-05-13 14:00:00+02:00,709.92,855.56,107.07,20.13,1.66
2023-05-13 15:00:00+02:00,631.58,837.98,98.95,20.29,1.56
2023-05-13 16:00:00+02:00,522.83,778.19,96.12,20.16,1.5
2023-05-13 17:00:00+02:00,393.67,694.27,87.99,19.96,1.38
2023-05-13 18:00:00+02:00,258.38,589.91,71.42,20.08,1.39
2023-05-13 19:00:00+02:00,131.02,407.76,52.77,17.84,1.42
2023-05-13 20:00:00+02:00,34.78,154.49,22.21,15.12,2.28
2023-05-13 21:00:00+02:00,0.0,0.0,0.0,13.11,2.52
2023-05-13 22:00:00+02:00,0.0,0.0,0.0,12.27,2.52
2023-05-13 23:00:00+02:00,0.0,0.0,0.0,11.53,2.45
2023-05-14 00:00:00+02:00,0.0,0.0,0.0,11.07,2.46
2023-05-14 01:00:00+02:00,0.0,0.0,0.0,11.02,2.29
2023-05-14 02:00:00+02:00,0.0,0.0,0.0,11.18,2.25
2023-05-14 03:00:00+02:00,0.0,0.0,0.0,11.4,2.14
2023-05-14 04:00:00+02:00,4.12,17.88,5.33,11.54,1.99
2023-05-14 05:00:00+02:00,62.45,255.53,29.23,11.87,1.84
2023-05-14 06:00:00+02:00,162.38,456.32,56.01,13.26,1.27
2023-05-14 07:00:00+02:00,281.73,587.61,74.87,14.91,0.86
2023-05-14 08:00:00+02:00,403.08,687.91,84.56,16.97,0.56
2023-05-14 09:00:00+02:00,524.45,753.88,92.27,19.24,0.79
2023-05-14 10:00:00+02:00,613.22,789.74,97.08,20.45,0.69
2023-05-14 11:00:00+02:00,672.28,808.26,99.79,21.22,0.84
2023-05-14 12:00:00+02:00,695.05,756.65,136.48,21.68,1.21
2023-05-14 13:00:00+02:00,668.17,550.13,250.53,21.8,1.59
2023-05-14 14:00:00+02:00,572.6,659.46,142.2,21.73,1.87
2023-05-14 15:00:00+02:00,514.7,364.43,270.61,21.53,2.03
2023-05-14 16:00:00+02:00,402.12,324.25,237.04,21.15,1.98
2023-05-14 17:00:00+02:00,263.35,333.2,120.07,20.58,1.94
2023-05-14 18:00:00+02:00,182.57,331.64,85.97,19.46,1.86
2023-05-14 19:00:00+02:00,102.65,242.13,55.77,17.52,1.68
2023-05-14 20:00:00+02:00,32.17,92.19,26.28,14.98,2.17
2023-05-14 21:00:00+02:00,0.0,0.0,0.0,13.3,2.51
2023-05-14 22:00:00+02:00,0.0,0.0,0.0,12.55,2.46
2023-05-14 23:00:00+02:00,0.0,0.0,0.0,11.82,2.37
2023-05-15 00:00:00+02:00,0.0,0.0,0.0,11.43,2.34
2023-05-15 01:00:00+02:00,0.0,0.0,0.0,11.01,2.25
2023-05-15 02:00:00+02:00,0.0,0.0,0.0,10.38,2.16
2023-05-15 03:00:00+02:00,0.0,0.0,0.0,9.54,2.07
2023-05-15 04:00:00+02:00,4.43,7.68,6.5,8.85,2.04
2023-05-15 05:00:00+02:00,54.62,139.16,39.07,9.66,1.89
2023-05-15 06:00:00+02:00,144.9,266.6,82.09,11.4,1.7
2023-05-15 07:00:00+02:00,241.43,352.77,126.68,13.02,0.94
2023-05-15 08:00:00+02:00,347.52,396.41,182.67,15.46,1.08
2023-05-15 09:00:00+02:00,484.6,464.64,259.69,17.4,1.59
2023-05-15 10:00:00+02:00,543.45,331.08,349.99,18.55,2.01
2023-05-15 11:00:00+02:00,531.8,211.33,369.69,19.37,2.45
2023-05-15 12:00:00+02:00,381.42,29.7,307.1,19.81,2.83
2023-05-15 13:00:00+02:00,350.98,10.01,285.35,19.7,3.1
2023-05-15 14:00:00+02:00,305.55,108.6,225.96,19.15,3.11
2023-05-15 15:00:00+02:00,375.92,41.84,307.61,18.48,2.9
2023-05-15 16:00:00+02:00,344.73,144.39,266.26,17.98,2.69
2023-05-15 17:00:00+02:00,264.98,120.77,200.78,17.67,2.58
2023-05-15 18:00:00+02:00,170.45,83.21,134.21,16.98,2.37
2023-05-15 19:00:00+02:00,91.72,65.67,77.92,15.74,2.06
2023-05-15 20:00:00+02:00,28.12,19.53,27.98,13.79,1.89
2023-05-15 21:00:00+02:00,0.0,0.0,0.0,12.05,2.08
2023-05-15 22:00:00+02:00,0.0,0.0,0.0,11.25,1.99
2023-05-15 23:00:00+02:00,0.0,0.0,0.0,10.52,1.85
2023-05-16 00:00:00+02:00,0.0,0.0,0.0,9.95,2.0
2023-05-16 01:00:00+02:00,0.0,0.0,0.0,9.53,2.08
2023-05-16 02:00:00+02:00,0.0,0.0,0.0,9.22,2.16
2023-05-16 03:00:00+02:00,0.0,0.0,0.0,9.04,2.03
2023-05-16 04:00:00+02:00,4.07,1.09,5.72,9.48,1.92
2023-05-16 05:00:00+02:00,31.1,11.13,28.71,10.3,2.16
2023-05-16 06:00:00+02:00,83.05,23.32,69.77,10.52,1.94
2023-05-16 07:00:00+02:00,129.35,17.98,110.89,10.67,1.96
2023-05-16 08:00:00+02:00,185.62,13.54,157.79,10.92,2.01
2023-05-16 09:00:00+02:00,223.9,0.0,194.63,11.34,2.14
2023-05-16 10:00:00+02:00,251.45,5.44,210.38,11.98,2.41
2023-05-16 11:00:00+02:00,307.38,32.16,246.12,12.7,2.53
2023-05-16 12:00:00+02:00,219.52,28.2,174.95,13.65,2.44
2023-05-16 13:00:00+02:00,341.25,12.79,276.97,14.11,2.15
2023-05-16 14:00:00+02:00,293.6,34.03,222.01,13.8,1.91
2023-05-16 15:00:00+02:00,237.45,55.8,193.76,14.15,1.88
2023-05-16 16:00:00+02:00,166.98,15.56,138.18,14.54,1.75
2023-05-16 17:00:00+02:00,129.25,10.34,110.37,14.31,1.52
2023-05-16 18:00:00+02:00,82.28,6.72,72.49,14.13,1.25
2023-05-16 19:00:00+02:00,44.53,6.62,39.1,13.79,1.2
2023-05-16 20:00:00+02:00,17.6,2.3,17.29,12.24,1.43
2023-05-16 21:00:00+02:00,0.0,0.0,0.0,11.18,2.01
2023-05-16 22:00:00+02:00,0.0,0.0,0.0,11.4,2.52
2023-05-16 23:00:00+02:00,0.0,0.0,0.0,11.57,2.86
2023-05-17 00:00:00+02:00,0.0,0.0,0.0,11.35,2.95
2023-05-17 01:00:00+02:00,0.0,0.0,0.0,10.97,2.73
2023-05-17 02:00:00+02:00,0.0,0.0,0.0,10.61,2.44
2023-05-17 03:00:00+02:00,0.0,0.0,0.0,10.2,2.02
2023-05-17 04:00:00+02:00,3.4,0.0,4.65,9.71,1.58
2023-05-17 05:00:00+02:00,32.47,9.33,28.42,9.54,2.02
2023-05-17 06:00:00+02:00,61.75,24.34,51.64,8.33,2.77
2023-05-17 07:00:00+02:00,100.65,52.62,81.17,6.85,3.27
2023-05-17 08:00:00+02:00,137.38,89.75,103.26,5.82,3.68
2023-05-17 09:00:00+02:00,124.88,3.5,107.17,5.33,3.81
2023-05-17 10:00:00+02:00,151.8,29.82,118.44,5.41,3.69
2023-05-17 11:00:00+02:00,229.93,3.14,188.33,5.98,3.43
2023-05-17 12:00:00+02:00,236.32,3.55,193.74,6.87,3.11
2023-05-17 13:00:00+02:00,251.68,8.8,204.36,7.9,2.73
2023-05-17 14:00:00+02:00,171.6,50.43,129.13,8.92,2.36
2023-05-17 15:00:00+02:00,170.65,6.06,143.14,10.01,2.12
2023-05-17 16:00:00+02:00,170.0,0.0,147.63,10.85,2.11
2023-05-17 17:00:00+02:00,127.72,8.58,109.31,11.23,2.27
2023-05-17 18:00:00+02:00,88.07,25.6,75.12,11.25,2.51
2023-05-17 19:00:00+02:00,49.88,38.66,41.7,10.65,2.72
2023-05-17 20:00:00+02:00,17.48,48.61,15.63,9.7,2.86
2023-05-17 21:00:00+02:00,0.0,0.0,0.0,8.57,2.8
2023-05-17 22:00:00+02:00,0.0,0.0,0.0,7.25,2.52
2023-05-17 23:00:00+02:00,0.0,0.0,0.0,6.23,2.51
2023-05-18 00:00:00+02:00,0.0,0.0,0.0,5.49,2.4
2023-05-18 01:00:00+02:00,0.0,0.0,0.0,5.0,2.33
2023-05-18 02:00:00+02:00,0.0,0.0,0.0,4.39,2.51
2023-05-18 03:00:00+02:00,0.0,0.0,0.0,3.72,2.49
2023-05-18 04:00:00+02:00,7.53,53.85,7.79,3.0,2.37
2023-05-18 05:00:00+02:00,79.43,431.5,27.14,3.6,2.07
2023-05-18 06:00:00+02:00,197.0,645.45,43.98,5.01,1.99
2023-05-18 07:00:00+02:00,328.52,791.87,54.59,6.52,2.03
2023-05-18 08:00:00+02:00,462.55,840.04,64.01,8.11,1.98
2023-05-18 09:00:00+02:00,590.08,894.78,66.16,9.57,2.22
2023-05-18 10:00:00+02:00,698.55,961.62,63.13,10.79,2.39
2023-05-18 11:00:00+02:00,637.85,544.92,214.15,11.88,2.39
2023-05-18 12:00:00+02:00,806.9,954.43,80.0,12.95,2.26
2023-05-18 13:00:00+02:00,798.15,944.92,84.88,13.89,2.04
2023-05-18 14:00:00+02:00,752.6,938.96,79.28,14.61,1.82
2023-05-18 15:00:00+02:00,671.2,910.15,79.5,15.07,1.7
2023-05-18 16:00:00+02:00,560.38,855.8,81.09,15.17,1.66
2023-05-18 17:00:00+02:00,429.33,783.83,75.3,14.91,1.67
2023-05-18 18:00:00+02:00,290.17,682.16,66.45,14.42,1.58
2023-05-18 19:00:00+02:00,158.12,507.95,53.0,13.13,1.62
2023-05-18 20:00:00+02:00,54.9,249.78,26.86,10.58,2.12
2023-05-18 21:00:00+02:00,0.0,0.0,0.0,8.64,2.54
2023-05-18 22:00:00+02:00,0.0,0.0,0.0,7.99,2.56
2023-05-18 23:00:00+02:00,0.0,0.0,0.0,7.47,2.51
2023-05-19 00:00:00+02:00,0.0,0.0,0.0,7.01,2.31
2023-05-19 01:00:00+02:00,0.0,0.0,0.0,6.39,2.24
2023-05-19 02:00:00+02:00,0.0,0.0,0.0,5.96,2.28
2023-05-19 03:00:00+02:00,0.0,0.0,0.0,5.7,2.31
2023-05-19 04:00:00+02:00,8.73,34.66,9.08,5.61,2.29
2023-05-19 05:00:00+02:00,81.45,335.34,33.02,7.05,2.05
2023-05-19 06:00:00+02:00,196.25,564.34,55.13,9.37,1.76
2023-05-19 07:00:00+02:00,329.02,666.99,77.25,11.26,1.34
2023-05-19 08:00:00+02:00,464.33,765.13,88.12,13.33,1.54
2023-05-19 09:00:00+02:00,587.6,819.84,97.84,14.79,1.68
2023-05-19 10:00:00+02:00,687.8,872.93,98.41,15.9,1.75
2023-05-19 11:00:00+02:00,756.95,885.28,103.99,16.86,1.76
2023-05-19 12:00:00+02:00,787.58,884.0,106.81,17.7,1.78
2023-05-19 13:00:00+02:00,780.95,880.39,107.17,18.31,1.83
2023-05-19 14:00:00+02:00,735.58,881.05,101.16,18.67,1.86
2023-05-19 15:00:00+02:00,653.55,841.69,100.2,18.78,1.88
2023-05-19 16:00:00+02:00,544.42,784.04,101.53,18.58,1.88
2023-05-19 17:00:00+02:00,417.08,712.1,96.83,18.09,1.8
2023-05-19 18:00:00+02:00,282.2,610.67,84.62,17.51,1.67
2023-05-19 19:00:00+02:00,153.88,443.62,62.1,15.97,1.71
2023-05-19 20:00:00+02:00,55.5,190.66,34.54,13.35,1.99
2023-05-19 21:00:00+02:00,0.0,0.0,0.0,11.27,2.31
2023-05-19 22:00:00+02:00,0.0,0.0,0.0,10.2,2.42
2023-05-19 23:00:00+02:00,0.0,0.0,0.0,9.34,2.3
2023-05-20 00:00:00+02:00,0.0,0.0,0.0,8.51,2.18
2023-05-20 01:00:00+02:00,0.0,0.0,0.0,7.74,1.98
2023-05-20 02:00:00+02:00,0.0,0.0,0.0,7.06,1.91
2023-05-20 03:00:00+02:00,0.0,0.0,0.0,6.74,1.91
2023-05-20 04:00:00+02:00,9.05,25.62,10.76,6.67,1.8
2023-05-20 05:00:00+02:00,78.62,253.22,43.95,7.51,1.42
2023-05-20 06:00:00+02:00,190.5,471.99,73.52,9.12,0.99
2023-05-20 07:00:00+02:00,320.88,618.38,94.43,10.69,0.66
2023-05-20 08:00:00+02:00,456.3,728.97,110.62,12.94,1.02
2023-05-20 09:00:00+02:00,586.1,801.26,118.43,14.98,1.39
2023-05-20 10:00:00+02:00,678.25,763.21,156.63,16.4,1.54
2023-05-20 11:00:00+02:00,712.75,678.51,218.99,17.34,1.72
2023-05-20 12:00:00+02:00,692.03,513.95,313.05,17.92,1.94
2023-05-20 13:00:00+02:00,700.53,564.14,313.04,18.19,2.12
2023-05-20 14:00:00+02:00,608.15,406.84,318.18,18.15,2.21
2023-05-20 15:00:00+02:00,564.67,465.95,257.15,17.81,2.23
2023-05-20 16:00:00+02:00,502.85,579.76,202.63,17.33,2.16
2023-05-20 17:00:00+02:00,389.02,505.34,168.93,16.68,2.0
2023-05-20 18:00:00+02:00,267.17,437.43,126.8,15.83,1.83
2023-05-20 19:00:00+02:00,148.65,338.98,78.66,14.49,1.67
2023-05-20 20:00:00+02:00,57.08,173.28,40.47,12.39,2.02
2023-05-20 21:00:00+02:00,0.0,0.0,0.0,10.67,2.39
2023-05-20 22:00:00+02:00,0.0,0.0,0.0,9.97,2.42
2023-05-20 23:00:00+02:00,0.0,0.0,0.0,9.25,2.26
2023-05-21 00:00:00+02:00,0.0,0.0,0.0,8.4,2.15
2023-05-21 01:00:00+02:00,0.0,0.0,0.0,7.7,2.06
2023-05-21 02:00:00+02:00,0.0,0.0,0.0,7.2,1.88
2023-05-21 03:00:00+02:00,0.0,0.0,0.0,6.77,1.73
2023-05-21 04:00:00+02:00,9.02,18.25,11.53,6.6,1.84
2023-05-21 05:00:00+02:00,70.32,197.1,41.06,8.07,1.36
2023-05-21 06:00:00+02:00,167.0,389.55,72.34,9.8,1.18
2023-05-21 07:00:00+02:00,280.42,496.74,103.27,11.47,0.6
2023-05-21 08:00:00+02:00,396.7,566.31,125.28,14.24,0.79
2023-05-21 09:00:00+02:00,534.95,563.24,190.79,16.03,0.92
2023-05-21 10:00:00+02:00,625.45,625.96,201.52,17.28,1.0
2023-05-21 11:00:00+02:00,683.62,577.6,242.2,18.14,1.17
2023-05-21 12:00:00+02:00,701.8,591.77,253.46,18.68,1.45
2023-05-21 13:00:00+02:00,620.33,609.65,196.13,18.82,1.71
2023-05-21 14:00:00+02:00,657.97,543.44,281.65,18.86,1.87
2023-05-21 15:00:00+02:00,575.12,449.06,247.98,19.0,1.87
2023-05-21 16:00:00+02:00,468.4,394.07,234.96,19.07,1.72
2023-05-21 17:00:00+02:00,337.2,449.95,143.95,19.03,1.52
2023-05-21 18:00:00+02:00,236.25,372.23,115.36,19.0,1.38
2023-05-21 19:00:00+02:00,135.45,292.17,74.01,18.02,1.29
2023-05-21 20:00:00+02:00,55.03,131.03,39.63,15.86,1.68
2023-05-21 21:00:00+02:00,0.0,0.0,0.0,14.16,2.28
2023-05-21 22:00:00+02:00,0.0,0.0,0.0,13.23,2.38
2023-05-21 23:00:00+02:00,0.0,0.0,0.0,12.51,2.23
2023-05-22 00:00:00+02:00,0.0,0.0,0.0,11.93,2.05
2023-05-22 01:00:00+02:00,0.0,0.0,0.0,11.52,2.02
2023-05-22 02:00:00+02:00,0.0,0.0,0.0,11.29,1.95
2023-05-22 03:00:00+02:00,0.0,0.0,0.0,11.24,1.73
2023-05-22 04:00:00+02:00,9.02,12.43,11.65,11.3,1.43
2023-05-22 05:00:00+02:00,62.4,104.17,47.28,11.87,1.05
2023-05-22 06:00:00+02:00,163.77,255.87,104.14,13.02,0.63
2023-05-22 07:00:00+02:00,272.52,338.0,139.56,14.29,0.55
2023-05-22 08:00:00+02:00,390.98,452.03,178.66,16.02,0.85
2023-05-22 09:00:00+02:00,494.4,477.77,196.12,17.46,1.15
2023-05-22 10:00:00+02:00,566.0,560.74,223.21,18.48,1.4
2023-05-22 11:00:00+02:00,579.67,668.62,129.98,19.34,1.59
2023-05-22 12:00:00+02:00,658.33,536.86,239.58,20.09,1.66
2023-05-22 13:00:00+02:00,582.55,602.04,161.91,20.69,1.63
2023-05-22 14:00:00+02:00,545.58,292.5,303.7,21.06,1.57
2023-05-22 15:00:00+02:00,443.42,299.64,247.86,21.14,1.55
2023-05-22 16:00:00+02:00,333.42,218.97,219.08,20.88,1.54
2023-05-22 17:00:00+02:00,247.77,141.03,182.56,20.66,1.55
2023-05-22 18:00:00+02:00,165.1,104.19,126.54,20.03,1.71
2023-05-22 19:00:00+02:00,85.18,63.49,68.31,18.0,1.72
2023-05-22 20:00:00+02:00,29.45,31.86,26.67,16.12,2.24
2023-05-22 21:00:00+02:00,2.5,0.0,3.44,15.03,2.74
2023-05-22 22:00:00+02:00,0.0,0.0,0.0,14.43,2.79
2023-05-22 23:00:00+02:00,0.0,0.0,0.0,13.47,2.41
2023-05-23 00:00:00+02:00,0.0,0.0,0.0,12.63,2.19
2023-05-23 01:00:00+02:00,0.0,0.0,0.0,11.86,2.02
2023-05-23 02:00:00+02:00,0.0,0.0,0.0,11.38,2.02
2023-05-23 03:00:00+02:00,0.0,0.0,0.0,11.17,2.05
2023-05-23 04:00:00+02:00,7.95,3.44,9.55,11.3,2.17
2023-05-23 05:00:00+02:00,50.95,33.66,42.5,11.84,2.01
2023-05-23 06:00:00+02:00,126.57,87.85,98.88,12.75,1.69
2023-05-23 07:00:00+02:00,229.23,166.9,168.32,14.22,1.61
2023-05-23 08:00:00+02:00,360.65,236.01,235.11,15.74,1.74
2023-05-23 09:00:00+02:00,462.83,352.86,280.16,17.05,1.79
2023-05-23 10:00:00+02:00,558.42,482.31,290.54,18.03,1.77
2023-05-23 11:00:00+02:00,546.58,518.67,231.33,18.73,1.78
2023-05-23 12:00:00+02:00,626.42,421.55,357.47,19.25,1.71
2023-05-23 13:00:00+02:00,606.17,481.52,271.8,19.68,1.51
2023-05-23 14:00:00+02:00,568.25,339.63,308.16,20.1,1.29
2023-05-23 15:00:00+02:00,502.62,286.7,278.25,20.42,1.13
2023-05-23 16:00:00+02:00,420.2,236.39,278.3,20.48,1.07
2023-05-23 17:00:00+02:00,330.02,214.12,242.14,20.3,1.03
2023-05-23 18:00:00+02:00,222.1,147.73,166.9,20.27,1.07
2023-05-23 19:00:00+02:00,126.9,110.02,98.38,18.4,1.18
2023-05-23 20:00:00+02:00,47.4,40.38,44.01,16.47,1.48
2023-05-23 21:00:00+02:00,4.05,1.16,6.53,15.03,1.82
2023-05-23 22:00:00+02:00,0.0,0.0,0.0,13.95,1.91
2023-05-23 23:00:00+02:00,0.0,0.0,0.0,13.13,1.82
2023-05-24 00:00:00+02:00,0.0,0.0,0.0,12.54,1.68
2023-05-24 01:00:00+02:00,0.0,0.0,0.0,12.13,1.5
2023-05-24 02:00:00+02:00,0.0,0.0,0.0,11.89,1.21
2023-05-24 03:00:00+02:00,0.0,0.0,0.0,11.68,0.88
2023-05-24 04:00:00+02:00,9.6,12.69,11.52,11.52,0.68
2023-05-24 05:00:00+02:00,65.85,131.0,43.6,11.56,0.89
2023-05-24 06:00:00+02:00,162.07,311.0,81.61,12.52,0.7
2023-05-24 07:00:00+02:00,270.83,410.48,113.82,13.72,0.52
2023-05-24 08:00:00+02:00,391.83,512.5,128.75,16.07,1.13
2023-05-24 09:00:00+02:00,508.27,573.85,146.86,17.42,1.66
2023-05-24 10:00:00+02:00,607.25,637.76,154.05,18.35,2.03
2023-05-24 11:00:00+02:00,682.72,665.12,170.59,19.36,2.29
2023-05-24 12:00:00+02:00,767.3,817.79,128.97,20.34,2.47
2023-05-24 13:00:00+02:00,755.38,731.52,177.31,21.11,2.67
2023-05-24 14:00:00+02:00,680.85,682.26,185.24,21.56,2.95
2023-05-24 15:00:00+02:00,607.2,569.91,224.04,21.73,3.19
2023-05-24 16:00:00+02:00,492.23,501.0,207.72,21.6,3.2
2023-05-24 17:00:00+02:00,358.48,463.62,156.71,21.18,2.96
2023-05-24 18:00:00+02:00,233.57,336.53,132.07,20.43,2.68
2023-05-24 19:00:00+02:00,127.25,191.75,90.68,19.26,2.5
2023-05-24 20:00:00+02:00,45.65,54.39,39.58,17.66,2.37
2023-05-24 21:00:00+02:00,3.78,2.49,5.26,16.64,2.75
2023-05-24 22:00:00+02:00,0.0,0.0,0.0,16.43,2.99
2023-05-24 23:00:00+02:00,0.0,0.0,0.0,15.85,2.9
2023-05-25 00:00:00+02:00,0.0,0.0,0.0,15.16,2.83
2023-05-25 01:00:00+02:00,0.0,0.0,0.0,14.37,2.87
2023-05-25 02:00:00+02:00,0.0,0.0,0.0,13.73,2.9
2023-05-25 03:00:00+02:00,0.0,0.0,0.0,12.98,2.74
2023-05-25 04:00:00+02:00,12.18,26.53,13.91,12.49,2.76
2023-05-25 05:00:00+02:00,79.3,178.09,51.95,12.4,2.79
2023-05-25 06:00:00+02:00,183.85,406.01,81.24,12.45,3.12
2023-05-25 07:00:00+02:00,320.27,557.32,103.55,12.83,3.29
2023-05-25 08:00:00+02:00,483.73,773.51,99.57,13.57,3.07
2023-05-25 09:00:00+02:00,572.65,710.43,162.59,14.44,2.71
2023-05-25 10:00:00+02:00,690.0,770.35,188.29,15.37,2.33
2023-05-25 11:00:00+02:00,715.83,577.86,311.23,16.21,2.02
2023-05-25 12:00:00+02:00,740.35,673.27,229.23,16.84,2.0
2023-05-25 13:00:00+02:00,683.95,556.61,286.28,17.25,2.18
2023-05-25 14:00:00+02:00,643.4,634.83,227.79,17.47,2.38
2023-05-25 15:00:00+02:00,522.6,208.76,352.28,17.45,2.54
2023-05-25 16:00:00+02:00,466.98,465.53,217.71,16.96,2.51
2023-05-25 17:00:00+02:00,357.4,372.6,198.04,16.45,2.35
2023-05-25 18:00:00+02:00,237.05,241.03,151.04,15.99,2.09
2023-05-25 19:00:00+02:00,135.43,164.58,96.56,14.85,2.05
2023-05-25 20:00:00+02:00,50.95,85.66,44.62,13.02,2.29
2023-05-25 21:00:00+02:00,4.9,6.09,7.74,11.66,2.62
2023-05-25 22:00:00+02:00,0.0,0.0,0.0,11.56,2.86
2023-05-25 23:00:00+02:00,0.0,0.0,0.0,11.45,2.98
2023-05-26 00:00:00+02:00,0.0,0.0,0.0,10.7,2.72
2023-05-26 01:00:00+02:00,0.0,0.0,0.0,10.29,2.75
2023-05-26 02:00:00+02:00,0.0,0.0,0.0,9.94,2.83
2023-05-26 03:00:00+02:00,0.0,0.0,0.0,9.52,2.97
2023-05-26 04:00:00+02:00,13.5,13.69,16.17,9.06,3.12
2023-05-26 05:00:00+02:00,80.75,156.94,57.72,9.04,3.74
2023-05-26 06:00:00+02:00,191.8,366.15,98.04,9.48,4.11
2023-05-26 07:00:00+02:00,324.42,537.88,116.56,10.43,4.17
2023-05-26 08:00:00+02:00,473.2,719.52,111.81,11.33,4.38
2023-05-26 09:00:00+02:00,611.9,852.2,90.33,12.17,4.32
2023-05-26 10:00:00+02:00,706.6,854.87,117.58,13.03,4.13
2023-05-26 11:00:00+02:00,746.15,724.81,211.43,13.77,3.88
2023-05-26 12:00:00+02:00,758.83,638.75,239.58,14.34,3.58
2023-05-26 13:00:00+02:00,595.78,627.56,179.53,14.76,3.35
2023-05-26 14:00:00+02:00,617.95,391.9,442.88,15.01,3.16
2023-05-26 15:00:00+02:00,567.47,390.09,384.19,15.08,3.11
2023-05-26 16:00:00+02:00,435.58,205.07,306.93,14.88,3.11
2023-05-26 17:00:00+02:00,274.55,266.26,166.97,14.5,2.95
2023-05-26 18:00:00+02:00,179.65,230.03,109.02,13.87,2.52
2023-05-26 19:00:00+02:00,97.22,184.31,64.43,12.84,1.84
2023-05-26 20:00:00+02:00,36.7,116.58,26.53,11.14,1.72
2023-05-26 21:00:00+02:00,3.42,19.81,4.3,9.88,2.18
2023-05-26 22:00:00+02:00,0.0,0.0,0.0,9.78,2.1
2023-05-26 23:00:00+02:00,0.0,0.0,0.0,9.6,2.04
2023-05-27 00:00:00+02:00,0.0,0.0,0.0,9.23,2.1
2023-05-27 01:00:00+02:00,0.0,0.0,0.0,9.02,2.07
2023-05-27 02:00:00+02:00,0.0,0.0,0.0,8.99,1.91
2023-05-27 03:00:00+02:00,0.0,0.0,0.0,9.08,1.7
2023-05-27 04:00:00+02:00,14.52,50.25,14.9,8.94,1.7
2023-05-27 05:00:00+02:00,80.2,180.06,51.92,8.97,1.87
2023-05-27 06:00:00+02:00,168.15,246.39,103.88,10.47,1.47
2023-05-27 07:00:00+02:00,255.15,296.15,152.0,11.98,1.67
2023-05-27 08:00:00+02:00,404.35,273.0,282.45,13.42,1.99
2023-05-27 09:00:00+02:00,504.25,516.43,226.84,14.82,2.36
2023-05-27 10:00:00+02:00,660.1,660.42,191.16,15.91,2.8
2023-05-27 11:00:00+02:00,662.8,597.08,289.38,16.74,3.2
2023-05-27 12:00:00+02:00,625.03,316.92,365.66,17.42,3.43
2023-05-27 13:00:00+02:00,666.17,462.42,342.49,17.94,3.53
2023-05-27 14:00:00+02:00,690.88,618.65,223.98,18.25,3.58
2023-05-27 15:00:00+02:00,594.2,541.65,219.55,18.36,3.61
2023-05-27 16:00:00+02:00,489.77,475.04,217.62,18.27,3.6
2023-05-27 17:00:00+02:00,348.1,343.62,184.6,17.94,3.37
2023-05-27 18:00:00+02:00,230.62,249.43,147.33,17.32,3.01
2023-05-27 19:00:00+02:00,130.88,165.38,93.3,16.33,2.85
2023-05-27 20:00:00+02:00,51.6,49.49,40.93,14.99,2.75
2023-05-27 21:00:00+02:00,5.45,4.07,7.9,14.01,2.89
2023-05-27 22:00:00+02:00,0.0,0.0,0.0,13.24,3.01
2023-05-27 23:00:00+02:00,0.0,0.0,0.0,12.6,3.19
2023-05-28 00:00:00+02:00,0.0,0.0,0.0,12.17,3.32
2023-05-28 01:00:00+02:00,0.0,0.0,0.0,11.78,3.3
2023-05-28 02:00:00+02:00,0.0,0.0,0.0,11.49,3.29
2023-05-28 03:00:00+02:00,0.0,0.0,0.0,11.3,3.27
2023-05-28 04:00:00+02:00,11.5,4.58,11.78,11.34,3.54
2023-05-28 05:00:00+02:00,44.4,0.83,38.88,11.39,3.65
2023-05-28 06:00:00+02:00,92.6,51.27,76.5,11.35,3.67
2023-05-28 07:00:00+02:00,148.88,84.43,113.54,11.58,3.65
2023-05-28 08:00:00+02:00,208.52,126.81,142.91,12.46,3.74
2023-05-28 09:00:00+02:00,319.88,275.05,231.96,13.78,3.82
2023-05-28 10:00:00+02:00,497.23,161.99,365.44,14.8,4.0
2023-05-28 11:00:00+02:00,624.92,362.1,331.87,15.53,4.17
2023-05-28 12:00:00+02:00,638.2,226.34,407.44,16.13,4.23
2023-05-28 13:00:00+02:00,561.95,415.22,231.19,16.62,4.16
2023-05-28 14:00:00+02:00,466.98,701.53,133.42,16.9,3.94
2023-05-28 15:00:00+02:00,491.52,200.05,339.71,16.91,3.6
2023-05-28 16:00:00+02:00,333.17,171.27,252.86,16.89,3.29
2023-05-28 17:00:00+02:00,265.8,126.52,197.74,16.48,2.84
2023-05-28 18:00:00+02:00,177.2,104.95,141.29,16.0,2.27
2023-05-28 19:00:00+02:00,97.12,59.57,78.92,15.07,1.76
2023-05-28 20:00:00+02:00,41.58,40.35,35.25,13.47,1.73
2023-05-28 21:00:00+02:00,5.1,4.55,5.43,12.32,1.83
2023-05-28 22:00:00+02:00,0.0,0.0,0.0,12.01,1.92
2023-05-28 23:00:00+02:00,0.0,0.0,0.0,11.81,2.34
2023-05-29 00:00:00+02:00,0.0,0.0,0.0,11.48,2.77
2023-05-29 01:00:00+02:00,0.0,0.0,0.0,10.78,2.99
2023-05-29 02:00:00+02:00,0.0,0.0,0.0,10.01,2.82
2023-05-29 03:00:00+02:00,0.0,0.0,0.0,8.89,2.42
2023-05-29 04:00:00+02:00,17.67,106.35,14.53,7.99,2.41
2023-05-29 05:00:00+02:00,91.43,370.08,38.49,8.31,2.42
2023-05-29 06:00:00+02:00,206.5,560.65,65.06,8.82,2.65
2023-05-29 07:00:00+02:00,347.5,691.34,88.78,9.61,2.42
2023-05-29 08:00:00+02:00,496.42,797.48,100.0,10.47,1.71
2023-05-29 09:00:00+02:00,624.1,894.27,84.48,11.1,1.43
2023-05-29 10:00:00+02:00,718.75,901.06,97.63,11.66,1.66
2023-05-29 11:00:00+02:00,783.6,920.07,107.73,12.63,2.0
2023-05-29 12:00:00+02:00,724.22,615.64,293.16,13.67,2.25
2023-05-29 13:00:00+02:00,673.88,360.72,412.1,14.43,2.49
2023-05-29 14:00:00+02:00,661.22,556.15,306.59,14.93,2.7
2023-05-29 15:00:00+02:00,616.17,581.82,233.96,15.28,2.91
2023-05-29 16:00:00+02:00,516.38,510.55,235.21,15.34,3.05
2023-05-29 17:00:00+02:00,402.23,439.99,202.41,15.09,2.97
2023-05-29 18:00:00+02:00,279.0,392.13,146.47,14.56,2.63
2023-05-29 19:00:00+02:00,159.65,285.91,95.57,13.63,2.1
2023-05-29 20:00:00+02:00,66.8,175.82,43.14,11.92,2.0
2023-05-29 21:00:00+02:00,8.52,31.2,9.94,10.19,2.49
2023-05-29 22:00:00+02:00,0.0,0.0,0.0,9.97,2.76
2023-05-29 23:00:00+02:00,0.0,0.0,0.0,9.65,2.63
2023-05-30 00:00:00+02:00,0.0,0.0,0.0,9.08,2.55
2023-05-30 01:00:00+02:00,0.0,0.0,0.0,8.7,2.53
2023-05-30 02:00:00+02:00,0.0,0.0,0.0,8.42,2.62
2023-05-30 03:00:00+02:00,0.0,0.0,0.0,8.01,2.64
2023-05-30 04:00:00+02:00,21.38,149.36,14.47,7.55,2.51
2023-05-30 05:00:00+02:00,106.57,431.91,35.29,8.26,2.33
2023-05-30 06:00:00+02:00,225.12,644.52,53.02,9.23,2.69
2023-05-30 07:00:00+02:00,366.3,763.3,67.38,10.08,2.81
2023-05-30 08:00:00+02:00,507.27,850.68,71.86,11.03,2.41
2023-05-30 09:00:00+02:00,631.17,928.96,62.58,12.2,2.08
2023-05-30 10:00:00+02:00,726.67,942.66,70.26,13.41,2.0
2023-05-30 11:00:00+02:00,792.62,956.25,75.59,14.6,2.07
2023-05-30 12:00:00+02:00,815.92,935.65,89.38,15.74,2.12
2023-05-30 13:00:00+02:00,808.35,919.91,92.54,16.76,2.07
2023-05-30 14:00:00+02:00,760.28,890.47,106.05,17.55,2.03
2023-05-30 15:00:00+02:00,682.03,843.38,107.34,18.0,2.06
2023-05-30 16:00:00+02:00,575.65,811.3,97.57,18.09,2.21
2023-05-30 17:00:00+02:00,451.27,745.59,96.14,17.83,2.34
2023-05-30 18:00:00+02:00,317.62,658.23,82.59,17.16,2.34
2023-05-30 19:00:00+02:00,187.9,510.56,64.26,15.99,2.46
2023-05-30 20:00:00+02:00,78.03,286.08,37.54,14.44,2.68
2023-05-30 21:00:00+02:00,9.9,37.74,10.42,13.29,3.06
2023-05-30 22:00:00+02:00,0.0,0.0,0.0,12.56,3.15
2023-05-30 23:00:00+02:00,0.0,0.0,0.0,12.07,3.1
2023-05-31 00:00:00+02:00,0.0,0.0,0.0,11.74,3.08
2023-05-31 01:00:00+02:00,0.0,0.0,0.0,11.47,3.08
2023-05-31 02:00:00+02:00,0.0,0.0,0.0,11.17,3.03
2023-05-31 03:00:00+02:00,0.0,0.0,0.0,10.83,2.91
2023-05-31 04:00:00+02:00,21.27,58.02,21.71,10.65,2.7
2023-05-31 05:00:00+02:00,100.82,267.26,55.87,11.22,2.31
2023-05-31 06:00:00+02:00,205.38,492.2,80.81,12.62,2.27
2023-05-31 07:00:00+02:00,346.17,687.4,85.22,14.36,2.81
2023-05-31 08:00:00+02:00,494.45,801.64,83.88,15.46,3.0
2023-05-31 09:00:00+02:00,602.5,798.66,113.97,16.34,2.73
2023-05-31 10:00:00+02:00,695.47,779.01,165.01,17.3,2.45
2023-05-31 11:00:00+02:00,702.6,442.17,337.17,18.12,2.29
2023-05-31 12:00:00+02:00,675.65,314.43,394.32,18.81,2.25
2023-05-31 13:00:00+02:00,679.92,360.32,342.98,19.41,2.32
2023-05-31 14:00:00+02:00,679.7,495.32,300.28,19.73,2.38
2023-05-31 15:00:00+02:00,624.05,550.98,262.39,19.89,2.4
2023-05-31 16:00:00+02:00,520.88,522.71,229.69,19.77,2.38
2023-05-31 17:00:00+02:00,343.1,519.88,130.71,19.26,2.09
2023-05-31 18:00:00+02:00,231.52,402.13,101.44,18.66,1.7
2023-05-31 19:00:00+02:00,131.65,321.6,69.82,17.73,1.57
2023-05-31 20:00:00+02:00,50.05,123.14,33.47,15.51,1.6
2023-05-31 21:00:00+02:00,6.32,25.19,7.52,13.57,2.03
2023-05-31 22:00:00+02:00,0.0,0.0,0.0,12.61,2.33
2023-05-31 23:00:00+02:00,0.0,0.0,0.0,12.32,2.52
2023-06-01 00:00:00+02:00,0.0,0.0,0.0,11.66,2.64
2023-06-01 01:00:00+02:00,0.0,0.0,0.0,10.91,2.69
2023-06-01 02:00:00+02:00,0.0,0.0,0.0,10.23,2.67
2023-06-01 03:00:00+02:00,0.0,0.0,0.0,9.76,2.63
2023-06-01 04:00:00+02:00,17.25,96.9,15.19,9.26,2.33
2023-06-01 05:00:00+02:00,75.5,258.52,40.89,9.09,2.66
2023-06-01 06:00:00+02:00,160.1,380.98,65.1,8.92,3.32
2023-06-01 07:00:00+02:00,267.4,446.75,109.02,9.16,3.43
2023-06-01 08:00:00+02:00,434.33,425.98,221.07,9.77,3.47
2023-06-01 09:00:00+02:00,462.12,597.33,209.64,10.48,3.51
2023-06-01 10:00:00+02:00,600.88,397.87,313.69,11.16,3.53
2023-06-01 11:00:00+02:00,687.83,291.76,420.17,11.85,3.43
2023-06-01 12:00:00+02:00,734.58,460.37,367.79,12.51,3.25
2023-06-01 13:00:00+02:00,720.92,707.17,232.87,13.11,3.07
2023-06-01 14:00:00+02:00,734.97,671.48,332.57,13.67,2.87
2023-06-01 15:00:00+02:00,655.05,665.36,213.71,13.96,2.71
2023-06-01 16:00:00+02:00,602.8,878.25,99.32,13.92,2.63
2023-06-01 17:00:00+02:00,406.45,693.3,84.98,13.54,2.49
2023-06-01 18:00:00+02:00,269.27,560.45,73.68,13.02,2.22
2023-06-01 19:00:00+02:00,143.98,399.31,52.11,12.13,1.78
2023-06-01 20:00:00+02:00,54.25,219.02,28.46,10.57,1.88
2023-06-01 21:00:00+02:00,5.32,29.69,5.58,8.93,2.27
2023-06-01 22:00:00+02:00,0.0,0.0,0.0,8.3,2.54
2023-06-01 23:00:00+02:00,0.0,0.0,0.0,8.01,2.7
2023-06-02 00:00:00+02:00,0.0,0.0,0.0,7.21,2.6
2023-06-02 01:00:00+02:00,0.0,0.0,0.0,6.42,2.53
2023-06-02 02:00:00+02:00,0.0,0.0,0.0,5.79,2.53
2023-06-02 03:00:00+02:00,0.0,0.0,0.0,5.25,2.56
2023-06-02 04:00:00+02:00,26.25,197.78,15.38,5.05,2.6
2023-06-02 05:00:00+02:00,107.25,436.21,37.48,5.7,2.7
2023-06-02 06:00:00+02:00,227.88,615.16,58.77,6.59,3.32
2023-06-02 07:00:00+02:00,371.23,754.29,71.91,7.66,3.39
2023-06-02 08:00:00+02:00,515.83,863.21,72.85,8.81,3.24
2023-06-02 09:00:00+02:00,616.75,803.53,157.08,9.87,3.16
2023-06-02 10:00:00+02:00,691.62,640.32,253.95,10.87,3.1
2023-06-02 11:00:00+02:00,638.25,753.55,144.85,11.92,3.02
2023-06-02 12:00:00+02:00,811.8,803.28,205.14,12.96,2.89
2023-06-02 13:00:00+02:00,759.08,731.28,205.8,13.77,2.75
2023-06-02 14:00:00+02:00,730.83,652.03,302.84,14.22,2.66
2023-06-02 15:00:00+02:00,649.38,551.24,327.23,14.44,2.57
2023-06-02 16:00:00+02:00,536.03,471.49,296.64,14.37,2.5
2023-06-02 17:00:00+02:00,306.23,471.81,129.28,14.06,2.31
2023-06-02 18:00:00+02:00,216.93,388.11,89.38,13.46,1.88
2023-06-02 19:00:00+02:00,131.52,325.8,61.12,12.84,1.43
2023-06-02 20:00:00+02:00,57.5,176.65,31.64,11.22,1.51
2023-06-02 21:00:00+02:00,8.27,33.66,9.08,9.68,2.12
2023-06-02 22:00:00+02:00,0.0,0.0,0.0,8.95,2.29
2023-06-02 23:00:00+02:00,0.0,0.0,0.0,8.21,2.38
2023-06-03 00:00:00+02:00,0.0,0.0,0.0,7.5,2.37
2023-06-03 01:00:00+02:00,0.0,0.0,0.0,6.64,2.44
2023-06-03 02:00:00+02:00,0.0,0.0,0.0,5.8,2.46
2023-06-03 03:00:00+02:00,0.0,0.0,0.0,5.13,2.39
2023-06-03 04:00:00+02:00,18.38,58.04,18.61,5.28,1.96
2023-06-03 05:00:00+02:00,81.2,130.57,63.63,6.82,1.46
2023-06-03 06:00:00+02:00,177.12,185.83,128.69,8.06,0.99
2023-06-03 07:00:00+02:00,300.73,225.94,211.4,9.24,0.49
2023-06-03 08:00:00+02:00,440.83,506.89,259.14,11.46,0.7
2023-06-03 09:00:00+02:00,567.08,694.04,170.89,13.29,1.3
2023-06-03 10:00:00+02:00,700.42,791.15,139.82,14.84,1.78
2023-06-03 11:00:00+02:00,761.65,764.75,175.53,16.24,2.2
2023-06-03 12:00:00+02:00,790.85,858.93,160.93,17.42,2.5
2023-06-03 13:00:00+02:00,745.75,593.13,267.43,18.37,2.71
2023-06-03 14:00:00+02:00,648.9,677.13,188.86,18.89,2.86
2023-06-03 15:00:00+02:00,573.42,343.01,315.02,18.85,2.9
2023-06-03 16:00:00+02:00,322.73,104.09,248.75,18.29,2.63
2023-06-03 17:00:00+02:00,215.95,87.12,165.31,17.66,2.23
2023-06-03 18:00:00+02:00,225.62,189.02,164.29,17.06,2.05
2023-06-03 19:00:00+02:00,131.45,130.34,97.89,16.08,1.86
2023-06-03 20:00:00+02:00,53.53,56.06,43.19,14.87,1.95
2023-06-03 21:00:00+02:00,6.72,11.62,6.95,13.87,2.34
2023-06-03 22:00:00+02:00,0.0,0.0,0.0,13.24,2.45
2023-06-03 23:00:00+02:00,0.0,0.0,0.0,12.86,2.49
2023-06-04 00:00:00+02:00,0.0,0.0,0.0,12.6,2.42
2023-06-04 01:00:00+02:00,0.0,0.0,0.0,12.36,2.11
2023-06-04 02:00:00+02:00,0.0,0.0,0.0,11.91,2.0
2023-06-04 03:00:00+02:00,0.0,0.0,0.0,10.93,2.33
2023-06-04 04:00:00+02:00,19.02,2.04,19.33,9.43,2.75
2023-06-04 05:00:00+02:00,69.85,112.69,53.47,8.66,2.4
2023-06-04 06:00:00+02:00,167.68,280.55,96.25,8.85,2.69
2023-06-04 07:00:00+02:00,310.52,509.98,111.84,9.73,2.85
2023-06-04 08:00:00+02:00,491.38,752.74,112.0,10.94,2.67
2023-06-04 09:00:00+02:00,527.25,708.14,157.67,12.11,2.61
2023-06-04 10:00:00+02:00,560.15,668.19,152.48,13.2,2.6
2023-06-04 11:00:00+02:00,704.1,464.93,324.09,14.23,2.52
2023-06-04 12:00:00+02:00,692.22,775.33,129.04,15.25,2.4
2023-06-04 13:00:00+02:00,731.17,569.97,295.51,16.12,2.27
2023-06-04 14:00:00+02:00,638.38,723.33,118.22,16.76,2.12
2023-06-04 15:00:00+02:00,656.75,628.96,224.04,17.23,1.93
2023-06-04 16:00:00+02:00,565.7,725.95,166.8,17.43,1.75
2023-06-04 17:00:00+02:00,427.8,619.78,132.12,17.39,1.49
2023-06-04 18:00:00+02:00,303.8,565.19,105.17,17.37,1.15
2023-06-04 19:00:00+02:00,182.48,439.08,75.15,17.36,1.2
2023-06-04 20:00:00+02:00,80.03,241.7,42.63,16.01,1.12
2023-06-04 21:00:00+02:00,13.2,46.62,13.87,15.59,1.14
2023-06-04 22:00:00+02:00,0.0,0.0,0.0,14.3,1.7
2023-06-04 23:00:00+02:00,0.0,0.0,0.0,12.58,2.29
2023-06-05 00:00:00+02:00,0.0,0.0,0.0,11.45,2.51
2023-06-05 01:00:00+02:00,0.0,0.0,0.0,10.89,2.47
2023-06-05 02:00:00+02:00,0.0,0.0,0.0,10.47,2.16
2023-06-05 03:00:00+02:00,0.0,0.0,0.0,10.23,1.93
2023-06-05 04:00:00+02:00,23.2,61.98,21.87,10.4,1.69
2023-06-05 05:00:00+02:00,103.3,310.36,55.05,11.45,1.36
2023-06-05 06:00:00+02:00,211.9,493.22,78.94,12.98,1.15
2023-06-05 07:00:00+02:00,349.08,657.69,88.14,14.7,0.98
2023-06-05 08:00:00+02:00,484.52,738.45,96.61,16.68,1.37
2023-06-05 09:00:00+02:00,602.42,796.17,102.19,18.3,1.78
2023-06-05 10:00:00+02:00,697.1,828.68,105.92,19.53,2.25
2023-06-05 11:00:00+02:00,762.83,853.0,116.63,20.61,2.67
2023-06-05 12:00:00+02:00,749.3,783.84,127.58,21.5,2.99
2023-06-05 13:00:00+02:00,754.62,649.0,248.77,22.12,3.23
2023-06-05 14:00:00+02:00,629.83,703.58,130.37,22.29,3.29
2023-06-05 15:00:00+02:00,582.03,440.55,265.47,22.22,3.17
2023-06-05 16:00:00+02:00,486.15,419.33,232.31,22.12,3.03
2023-06-05 17:00:00+02:00,387.45,387.22,199.22,21.65,2.79
2023-06-05 18:00:00+02:00,265.55,344.88,140.03,21.11,2.61
2023-06-05 19:00:00+02:00,156.3,302.8,82.11,20.04,2.59
2023-06-05 20:00:00+02:00,67.57,178.77,42.98,18.57,2.64
2023-06-05 21:00:00+02:00,12.05,31.98,13.36,16.94,2.59
2023-06-05 22:00:00+02:00,0.0,0.0,0.0,16.15,2.84
2023-06-05 23:00:00+02:00,0.0,0.0,0.0,15.36,2.65
2023-06-06 00:00:00+02:00,0.0,0.0,0.0,14.39,2.42
2023-06-06 01:00:00+02:00,0.0,0.0,0.0,13.43,2.11
2023-06-06 02:00:00+02:00,0.0,0.0,0.0,12.45,1.83
2023-06-06 03:00:00+02:00,0.0,0.0,0.0,11.66,1.56
2023-06-06 04:00:00+02:00,26.42,105.8,19.98,11.48,1.34
2023-06-06 05:00:00+02:00,106.4,333.52,49.6,12.69,0.93
2023-06-06 06:00:00+02:00,217.8,506.92,71.78,13.87,0.82
2023-06-06 07:00:00+02:00,346.58,652.28,82.86,15.15,0.86
2023-06-06 08:00:00+02:00,476.92,714.73,100.18,16.64,0.5
2023-06-06 09:00:00+02:00,595.15,784.14,103.95,18.22,0.33
2023-06-06 10:00:00+02:00,691.95,808.34,115.92,19.58,0.84
2023-06-06 11:00:00+02:00,759.83,841.26,112.44,20.72,1.27
2023-06-06 12:00:00+02:00,781.1,815.56,132.12,21.64,1.47
2023-06-06 13:00:00+02:00,769.28,807.76,129.74,22.29,1.54
2023-06-06 14:00:00+02:00,737.97,779.12,139.01,22.67,1.53
2023-06-06 15:00:00+02:00,644.42,653.23,199.86,22.73,1.47
2023-06-06 16:00:00+02:00,516.4,538.18,201.44,22.88,1.37
2023-06-06 17:00:00+02:00,397.75,451.78,179.49,22.48,1.21
2023-06-06 18:00:00+02:00,271.1,304.6,149.83,21.85,0.94
2023-06-06 19:00:00+02:00,156.82,209.39,101.26,20.63,1.15
2023-06-06 20:00:00+02:00,64.43,101.8,51.24,17.87,1.97
2023-06-06 21:00:00+02:00,11.62,14.29,14.14,16.24,2.9
2023-06-06 22:00:00+02:00,0.0,0.0,0.0,15.08,3.1
2023-06-06 23:00:00+02:00,0.0,0.0,0.0,14.0,2.95
2023-06-07 00:00:00+02:00,0.0,0.0,0.0,13.15,2.76
2023-06-07 01:00:00+02:00,0.0,0.0,0.0,12.22,2.41
2023-06-07 02:00:00+02:00,0.0,0.0,0.0,11.63,2.26
2023-06-07 03:00:00+02:00,0.0,0.0,0.0,11.11,2.13
2023-06-07 04:00:00+02:00,25.48,62.19,20.54,10.94,2.2
2023-06-07 05:00:00+02:00,100.97,237.79,55.19,11.55,2.33
2023-06-07 06:00:00+02:00,211.48,434.12,81.75,12.4,2.27
2023-06-07 07:00:00+02:00,338.33,553.49,108.5,13.68,2.64
2023-06-07 08:00:00+02:00,469.27,645.09,124.96,15.07,2.65
2023-06-07 09:00:00+02:00,585.8,704.94,135.67,16.46,2.35
2023-06-07 10:00:00+02:00,685.8,765.05,133.67,17.79,2.0
2023-06-07 11:00:00+02:00,755.15,797.71,131.79,18.98,1.75
2023-06-07 12:00:00+02:00,792.83,838.07,118.37,19.97,1.61
2023-06-07 13:00:00+02:00,787.92,837.88,119.59,20.68,1.55
2023-06-07 14:00:00+02:00,746.5,818.17,124.52,21.04,1.58
2023-06-07 15:00:00+02:00,669.3,784.05,122.49,20.99,1.63
2023-06-07 16:00:00+02:00,558.25,678.39,148.15,20.77,1.68
2023-06-07 17:00:00+02:00,438.33,636.83,122.73,20.25,1.63
2023-06-07 18:00:00+02:00,309.55,530.02,105.18,19.89,1.88
2023-06-07 19:00:00+02:00,185.95,410.58,76.88,18.92,2.16
2023-06-07 20:00:00+02:00,80.88,204.51,45.46,17.63,2.72
2023-06-07 21:00:00+02:00,14.62,35.88,14.75,16.18,3.23
2023-06-07 22:00:00+02:00,0.0,0.0,0.0,14.68,3.26
2023-06-07 23:00:00+02:00,0.0,0.0,0.0,13.37,3.01
2023-06-08 00:00:00+02:00,0.0,0.0,0.0,12.3,2.6
2023-06-08 01:00:00+02:00,0.0,0.0,0.0,11.43,2.36
2023-06-08 02:00:00+02:00,0.0,0.0,0.0,10.98,2.23
2023-06-08 03:00:00+02:00,0.0,0.0,0.0,10.56,2.11
2023-06-08 04:00:00+02:00,24.0,50.78,21.54,10.65,1.88
2023-06-08 05:00:00+02:00,93.3,207.14,55.39,12.25,1.5
2023-06-08 06:00:00+02:00,196.57,353.76,95.3,13.97,0.87
2023-06-08 07:00:00+02:00,315.77,432.57,134.22,15.73,1.45
2023-06-08 08:00:00+02:00,444.12,534.65,161.17,16.78,2.54
2023-06-08 09:00:00+02:00,530.42,519.74,204.4,17.18,3.19
2023-06-08 10:00:00+02:00,610.7,478.08,263.41,17.27,3.37
2023-06-08 11:00:00+02:00,667.97,470.06,281.76,17.39,3.26
2023-06-08 12:00:00+02:00,719.8,495.25,310.09,17.2,3.1
2023-06-08 13:00:00+02:00,707.8,618.99,220.89,17.53,2.98
2023-06-08 14:00:00+02:00,582.5,612.18,155.79,17.98,2.85
2023-06-08 15:00:00+02:00,607.42,508.23,236.26,18.2,2.76
2023-06-08 16:00:00+02:00,528.6,549.95,221.04,18.03,2.74
2023-06-08 17:00:00+02:00,422.58,533.73,151.74,17.69,2.76
2023-06-08 18:00:00+02:00,272.58,438.87,109.43,17.14,2.73
2023-06-08 19:00:00+02:00,165.02,332.92,80.78,16.2,2.52
2023-06-08 20:00:00+02:00,73.05,184.3,46.27,14.68,2.28
2023-06-08 21:00:00+02:00,14.4,43.45,16.39,12.76,2.37
2023-06-08 22:00:00+02:00,0.0,0.0,0.0,11.34,2.44
2023-06-08 23:00:00+02:00,0.0,0.0,0.0,10.41,2.36
2023-06-09 00:00:00+02:00,0.0,0.0,0.0,9.45,2.23
2023-06-09 01:00:00+02:00,0.0,0.0,0.0,8.66,2.08
2023-06-09 02:00:00+02:00,0.0,0.0,0.0,8.12,1.96
2023-06-09 03:00:00+02:00,0.0,0.0,0.0,7.55,2.18
2023-06-09 04:00:00+02:00,25.48,87.05,20.8,7.53,2.05
2023-06-09 05:00:00+02:00,103.3,330.54,46.08,9.38,1.8
2023-06-09 06:00:00+02:00,224.12,526.89,73.49,11.03,1.78
2023-06-09 07:00:00+02:00,353.92,649.12,95.04,12.62,1.97
2023-06-09 08:00:00+02:00,495.12,746.2,103.72,14.05,2.08
2023-06-09 09:00:00+02:00,626.58,832.93,100.15,15.21,2.16
2023-06-09 10:00:00+02:00,733.22,918.9,80.55,16.23,2.19
2023-06-09 11:00:00+02:00,801.4,936.94,84.28,17.13,2.13
2023-06-09 12:00:00+02:00,819.3,918.2,100.8,17.87,2.04
2023-06-09 13:00:00+02:00,816.65,885.11,120.6,18.38,1.96
2023-06-09 14:00:00+02:00,778.22,889.03,102.2,18.67,1.88
2023-06-09 15:00:00+02:00,705.05,887.35,88.19,18.83,1.82
2023-06-09 16:00:00+02:00,591.08,819.45,100.63,18.71,1.79
2023-06-09 17:00:00+02:00,459.55,791.14,95.98,18.29,1.8
2023-06-09 18:00:00+02:00,330.8,670.03,95.85,17.68,1.8
2023-06-09 19:00:00+02:00,197.52,508.61,80.39,16.7,1.8
2023-06-09 20:00:00+02:00,85.5,208.7,47.97,14.7,1.89
2023-06-09 21:00:00+02:00,15.5,49.11,15.97,12.39,2.32
2023-06-09 22:00:00+02:00,0.0,0.0,0.0,11.03,2.45
2023-06-09 23:00:00+02:00,0.0,0.0,0.0,10.34,2.37
2023-06-10 00:00:00+02:00,0.0,0.0,0.0,9.57,2.12
2023-06-10 01:00:00+02:00,0.0,0.0,0.0,8.81,1.81
2023-06-10 02:00:00+02:00,0.0,0.0,0.0,8.44,2.06
2023-06-10 03:00:00+02:00,0.0,0.0,0.0,8.5,2.03
2023-06-10 04:00:00+02:00,25.15,79.86,22.16,8.83,1.86
2023-06-10 05:00:00+02:00,103.65,279.15,58.16,9.77,1.45
2023-06-10 06:00:00+02:00,221.02,489.99,85.57,11.73,1.28
2023-06-10 07:00:00+02:00,364.0,664.4,99.38,12.85,1.33
2023-06-10 08:00:00+02:00,512.95,792.34,95.25,14.07,1.4
2023-06-10 09:00:00+02:00,623.83,856.53,109.93,15.28,1.53
2023-06-10 10:00:00+02:00,720.38,849.77,134.79,16.36,1.61
2023-06-10 11:00:00+02:00,780.72,852.66,153.43,17.39,1.62
2023-06-10 12:00:00+02:00,814.25,895.61,139.36,18.34,1.6
2023-06-10 13:00:00+02:00,811.62,851.05,137.26,19.09,1.59
2023-06-10 14:00:00+02:00,771.67,891.84,122.42,19.6,1.64
2023-06-10 15:00:00+02:00,700.92,859.99,104.43,19.82,1.71
2023-06-10 16:00:00+02:00,598.92,823.8,94.83,19.74,1.82
2023-06-10 17:00:00+02:00,474.7,777.14,87.83,19.29,1.98
2023-06-10 18:00:00+02:00,340.8,668.6,80.4,18.52,2.12
2023-06-10 19:00:00+02:00,209.4,545.74,66.29,17.17,2.11
2023-06-10 20:00:00+02:00,95.97,327.01,41.47,15.04,2.26
2023-06-10 21:00:00+02:00,19.08,83.01,16.6,12.83,2.65
2023-06-10 22:00:00+02:00,0.0,0.0,0.0,11.29,2.59
2023-06-10 23:00:00+02:00,0.0,0.0,0.0,10.05,2.35
2023-06-11 00:00:00+02:00,0.0,0.0,0.0,8.91,2.16
2023-06-11 01:00:00+02:00,0.0,0.0,0.0,8.21,2.05
2023-06-11 02:00:00+02:00,0.0,0.0,0.0,7.59,2.06
2023-06-11 03:00:00+02:00,0.0,0.0,0.0,7.11,2.03
2023-06-11 04:00:00+02:00,32.03,148.18,20.71,7.42,1.91
2023-06-11 05:00:00+02:00,117.28,412.03,43.98,9.49,1.6
2023-06-11 06:00:00+02:00,230.7,601.35,58.99,11.44,1.29
2023-06-11 07:00:00+02:00,361.95,716.04,70.95,13.4,1.58
2023-06-11 08:00:00+02:00,494.38,788.35,79.76,14.97,1.78
2023-06-11 09:00:00+02:00,616.2,867.72,78.1,16.29,1.86
2023-06-11 10:00:00+02:00,716.33,896.83,82.22,17.48,2.03
2023-06-11 11:00:00+02:00,791.28,926.39,83.42,18.59,2.24
2023-06-11 12:00:00+02:00,829.2,927.15,89.29,19.55,2.41
2023-06-11 13:00:00+02:00,822.72,917.09,92.65,20.27,2.52
2023-06-11 14:00:00+02:00,778.75,898.56,95.68,20.7,2.61
2023-06-11 15:00:00+02:00,702.42,888.38,90.48,20.86,2.64
2023-06-11 16:00:00+02:00,598.35,844.17,88.86,20.73,2.6
2023-06-11 17:00:00+02:00,474.4,761.79,86.49,20.3,2.47
2023-06-11 18:00:00+02:00,341.35,680.6,80.07,19.54,2.3
2023-06-11 19:00:00+02:00,210.8,559.92,63.47,18.22,2.11
2023-06-11 20:00:00+02:00,97.95,337.43,40.25,16.16,2.1
2023-06-11 21:00:00+02:00,20.25,102.01,15.94,13.78,2.52
2023-06-11 22:00:00+02:00,0.0,0.0,0.0,12.51,2.72
2023-06-11 23:00:00+02:00,0.0,0.0,0.0,11.81,2.67
2023-06-12 00:00:00+02:00,0.0,0.0,0.0,10.9,2.53
2023-06-12 01:00:00+02:00,0.0,0.0,0.0,10.13,2.46
2023-06-12 02:00:00+02:00,0.0,0.0,0.0,9.5,2.39
2023-06-12 03:00:00+02:00,0.0,0.0,0.0,8.9,2.34
2023-06-12 04:00:00+02:00,35.42,177.05,20.35,9.16,2.25
2023-06-12 05:00:00+02:00,123.57,446.69,44.7,10.96,2.11
2023-06-12 06:00:00+02:00,244.3,637.01,57.28,12.38,1.53
2023-06-12 07:00:00+02:00,379.25,751.88,70.07,14.51,1.83
2023-06-12 08:00:00+02:00,513.95,825.82,79.36,16.34,2.11
2023-06-12 09:00:00+02:00,635.9,882.81,82.24,17.76,2.15
2023-06-12 10:00:00+02:00,735.0,915.71,82.59,18.92,2.14
2023-06-12 11:00:00+02:00,803.7,931.1,84.47,19.95,2.19
2023-06-12 12:00:00+02:00,833.45,923.07,97.09,20.87,2.3
2023-06-12 13:00:00+02:00,828.4,923.15,95.67,21.56,2.4
2023-06-12 14:00:00+02:00,786.25,908.94,94.88,21.98,2.43
2023-06-12 15:00:00+02:00,711.33,890.16,91.61,22.14,2.4
2023-06-12 16:00:00+02:00,607.62,856.54,86.4,22.18,2.33
2023-06-12 17:00:00+02:00,483.48,803.84,80.13,21.94,2.18
2023-06-12 18:00:00+02:00,348.98,712.75,70.7,21.4,2.01
2023-06-12 19:00:00+02:00,216.25,586.58,57.29,19.96,1.87
2023-06-12 20:00:00+02:00,100.9,363.87,38.56,17.4,2.09
2023-06-12 21:00:00+02:00,21.27,103.56,14.68,15.14,2.58
2023-06-12 22:00:00+02:00,0.0,0.0,0.0,14.01,2.8
2023-06-12 23:00:00+02:00,0.0,0.0,0.0,13.42,2.75
2023-06-13 00:00:00+02:00,0.0,0.0,0.0,12.45,2.56
2023-06-13 01:00:00+02:00,0.0,0.0,0.0,11.44,2.39
2023-06-13 02:00:00+02:00,0.0,0.0,0.0,10.7,2.33
2023-06-13 03:00:00+02:00,0.0,0.0,0.0,10.18,2.29
2023-06-13 04:00:00+02:00,31.6,133.03,21.35,10.53,2.15
2023-06-13 05:00:00+02:00,98.9,334.27,46.46,12.38,1.94
2023-06-13 06:00:00+02:00,206.52,487.26,65.5,14.04,1.41
2023-06-13 07:00:00+02:00,333.62,664.57,77.09,16.17,1.13
2023-06-13 08:00:00+02:00,468.23,728.82,90.92,19.01,1.41
2023-06-13 09:00:00+02:00,598.8,802.55,98.15,21.4,1.41
2023-06-13 10:00:00+02:00,718.65,852.23,107.19,23.19,1.33
2023-06-13 11:00:00+02:00,784.4,884.47,109.25,24.27,1.24
2023-06-13 12:00:00+02:00,816.12,875.33,111.12,24.79,1.16
2023-06-13 13:00:00+02:00,806.28,865.94,113.47,25.38,1.03
2023-06-13 14:00:00+02:00,735.15,702.66,188.46,25.72,0.88
2023-06-13 15:00:00+02:00,629.0,598.84,211.8,25.78,0.74
2023-06-13 16:00:00+02:00,507.15,548.13,178.62,25.99,0.59
2023-06-13 17:00:00+02:00,400.2,483.38,167.27,26.69,0.48
2023-06-13 18:00:00+02:00,262.75,447.66,105.68,26.8,0.29
2023-06-13 19:00:00+02:00,159.27,350.0,77.45,23.85,0.3
2023-06-13 20:00:00+02:00,72.9,180.08,46.04,21.69,0.43
2023-06-13 21:00:00+02:00,16.23,47.44,17.03,20.8,0.8
2023-06-13 22:00:00+02:00,0.0,0.0,0.0,19.74,1.12
2023-06-13 23:00:00+02:00,0.0,0.0,0.0,18.9,1.33
2023-06-14 00:00:00+02:00,0.0,0.0,0.0,18.3,1.36
2023-06-14 01:00:00+02:00,0.0,0.0,0.0,17.91,1.27
2023-06-14 02:00:00+02:00,0.0,0.0,0.0,17.67,1.05
2023-06-14 03:00:00+02:00,0.0,0.0,0.0,17.54,0.76
2023-06-14 04:00:00+02:00,24.17,50.17,23.73,17.18,0.84
2023-06-14 05:00:00+02:00,78.82,125.9,57.67,17.02,1.16
2023-06-14 06:00:00+02:00,153.88,137.69,109.6,17.7,1.13
2023-06-14 07:00:00+02:00,245.75,180.5,173.88,18.98,1.21
2023-06-14 08:00:00+02:00,344.17,320.74,228.99,20.59,1.21
2023-06-14 09:00:00+02:00,491.95,390.78,315.01,22.58,1.46
2023-06-14 10:00:00+02:00,577.25,419.39,281.36,23.67,1.27
2023-06-14 11:00:00+02:00,634.22,407.98,306.76,24.67,1.02
2023-06-14 12:00:00+02:00,544.08,547.55,159.59,25.53,0.85
2023-06-14 13:00:00+02:00,635.53,320.16,343.69,25.69,0.85
2023-06-14 14:00:00+02:00,497.92,541.53,155.47,25.53,0.87
2023-06-14 15:00:00+02:00,511.83,208.48,332.68,25.91,0.91
2023-06-14 16:00:00+02:00,439.0,195.17,283.59,25.74,0.98
2023-06-14 17:00:00+02:00,357.52,279.46,211.43,25.72,1.0
2023-06-14 18:00:00+02:00,234.35,328.47,112.86,25.18,1.06
2023-06-14 19:00:00+02:00,151.9,256.82,84.22,24.06,1.15
2023-06-14 20:00:00+02:00,71.43,148.56,51.49,22.17,1.26
2023-06-14 21:00:00+02:00,17.1,27.33,19.26,20.43,1.8
2023-06-14 22:00:00+02:00,0.0,0.0,0.0,18.74,2.15
2023-06-14 23:00:00+02:00,0.0,0.0,0.0,17.41,2.31
2023-06-15 00:00:00+02:00,0.0,0.0,0.0,16.45,2.27
2023-06-15 01:00:00+02:00,0.0,0.0,0.0,15.91,2.29
2023-06-15 02:00:00+02:00,0.0,0.0,0.0,15.65,2.1
2023-06-15 03:00:00+02:00,0.0,0.0,0.0,15.6,1.83
2023-06-15 04:00:00+02:00,25.55,46.29,22.95,15.79,1.45
2023-06-15 05:00:00+02:00,93.55,201.35,56.04,16.34,1.01
2023-06-15 06:00:00+02:00,201.98,354.4,98.14,17.46,0.75
2023-06-15 07:00:00+02:00,317.42,480.0,120.78,18.98,0.81
2023-06-15 08:00:00+02:00,453.48,593.4,138.72,21.7,1.35
2023-06-15 09:00:00+02:00,535.22,440.04,247.26,23.23,1.62
2023-06-15 10:00:00+02:00,586.65,441.8,316.91,24.11,1.66
2023-06-15 11:00:00+02:00,690.9,525.83,293.73,24.19,1.64
2023-06-15 12:00:00+02:00,783.97,763.55,169.09,24.52,1.58
2023-06-15 13:00:00+02:00,788.58,780.2,159.94,25.64,1.51
2023-06-15 14:00:00+02:00,754.3,817.53,123.57,26.2,1.44
2023-06-15 15:00:00+02:00,679.83,791.6,120.02,26.47,1.4
2023-06-15 16:00:00+02:00,577.15,747.71,113.82,26.85,1.37
2023-06-15 17:00:00+02:00,454.2,674.41,107.07,26.92,1.32
2023-06-15 18:00:00+02:00,321.9,565.27,96.76,26.94,1.32
2023-06-15 19:00:00+02:00,196.85,444.82,73.7,25.55,1.35
2023-06-15 20:00:00+02:00,89.0,229.68,45.98,22.83,1.45
2023-06-15 21:00:00+02:00,19.58,48.64,17.63,20.65,1.98
2023-06-15 22:00:00+02:00,0.0,0.0,0.0,18.73,2.35
2023-06-15 23:00:00+02:00,0.0,0.0,0.0,17.44,2.42
2023-06-16 00:00:00+02:00,0.0,0.0,0.0,16.58,2.37
2023-06-16 01:00:00+02:00,0.0,0.0,0.0,16.3,2.21
2023-06-16 02:00:00+02:00,0.0,0.0,0.0,16.66,1.78
2023-06-16 03:00:00+02:00,0.0,0.0,0.0,17.13,1.11
2023-06-16 04:00:00+02:00,24.88,9.45,26.93,17.36,0.4
2023-06-16 05:00:00+02:00,87.38,73.46,70.61,17.5,0.39
2023-06-16 06:00:00+02:00,177.85,229.54,132.37,18.59,0.59
2023-06-16 07:00:00+02:00,290.98,337.52,193.82,21.51,1.0
2023-06-16 08:00:00+02:00,418.23,718.06,262.39,22.3,1.38
2023-06-16 09:00:00+02:00,533.53,508.02,256.82,22.44,1.55
2023-06-16 10:00:00+02:00,643.9,564.97,249.93,22.91,1.66
2023-06-16 11:00:00+02:00,700.58,631.33,249.54,23.67,1.75
2023-06-16 12:00:00+02:00,659.8,348.82,358.16,24.39,1.79
2023-06-16 13:00:00+02:00,645.85,344.12,350.15,24.79,1.78
2023-06-16 14:00:00+02:00,604.42,337.6,364.77,25.04,1.73
2023-06-16 15:00:00+02:00,522.88,307.56,393.44,25.21,1.62
2023-06-16 16:00:00+02:00,460.75,275.0,298.99,25.48,1.56
2023-06-16 17:00:00+02:00,351.6,198.71,265.4,25.53,1.46
2023-06-16 18:00:00+02:00,232.98,136.8,181.81,24.82,1.36
2023-06-16 19:00:00+02:00,141.57,67.51,112.98,23.32,1.22
2023-06-16 20:00:00+02:00,68.78,47.15,56.21,21.72,1.57
2023-06-16 21:00:00+02:00,17.23,8.54,18.85,20.22,2.13
2023-06-16 22:00:00+02:00,0.0,0.0,0.0,19.09,2.36
2023-06-16 23:00:00+02:00,0.0,0.0,0.0,18.37,2.21
2023-06-17 00:00:00+02:00,0.0,0.0,0.0,17.8,2.12
2023-06-17 01:00:00+02:00,0.0,0.0,0.0,17.42,2.04
2023-06-17 02:00:00+02:00,0.0,0.0,0.0,17.22,1.84
2023-06-17 03:00:00+02:00,0.0,0.0,0.0,16.87,1.63
2023-06-17 04:00:00+02:00,27.62,48.73,24.73,16.41,1.61
2023-06-17 05:00:00+02:00,96.18,190.8,61.52,16.89,1.44
2023-06-17 06:00:00+02:00,198.75,357.45,93.83,18.05,1.55
2023-06-17 07:00:00+02:00,314.48,468.41,119.24,19.68,1.48
2023-06-17 08:00:00+02:00,440.33,548.79,151.51,22.02,1.82
2023-06-17 09:00:00+02:00,562.4,602.75,173.36,23.72,2.09
2023-06-17 10:00:00+02:00,662.08,684.14,163.59,24.86,2.27
2023-06-17 11:00:00+02:00,730.4,693.2,181.0,25.78,2.41
2023-06-17 12:00:00+02:00,777.0,752.49,172.03,26.52,2.48
2023-06-17 13:00:00+02:00,720.0,608.72,290.53,26.97,2.54
2023-06-17 14:00:00+02:00,640.55,403.34,317.96,27.07,2.65
2023-06-17 15:00:00+02:00,534.25,249.68,338.13,26.41,2.68
2023-06-17 16:00:00+02:00,467.98,446.72,332.57,25.5,2.5
2023-06-17 17:00:00+02:00,361.35,276.35,259.9,24.44,2.13
2023-06-17 18:00:00+02:00,244.62,96.41,199.69,23.32,1.83
2023-06-17 19:00:00+02:00,144.38,39.72,119.72,22.03,1.85
2023-06-17 20:00:00+02:00,67.2,18.32,56.32,20.64,1.93
2023-06-17 21:00:00+02:00,13.5,2.1,14.83,19.44,1.86
2023-06-17 22:00:00+02:00,0.0,0.0,0.0,18.49,1.71
2023-06-17 23:00:00+02:00,0.0,0.0,0.0,17.91,1.6
2023-06-18 00:00:00+02:00,0.0,0.0,0.0,17.38,1.71
2023-06-18 01:00:00+02:00,0.0,0.0,0.0,16.74,1.66
2023-06-18 02:00:00+02:00,0.0,0.0,0.0,16.43,1.86
2023-06-18 03:00:00+02:00,0.0,0.0,0.0,16.43,2.23
2023-06-18 04:00:00+02:00,14.02,0.0,14.02,16.1,2.19
2023-06-18 05:00:00+02:00,41.8,0.0,36.58,16.03,2.26
2023-06-18 06:00:00+02:00,71.9,0.0,62.57,16.09,2.34
2023-06-18 07:00:00+02:00,89.2,0.0,76.97,16.22,2.35
2023-06-18 08:00:00+02:00,159.23,0.0,137.9,16.45,2.47
2023-06-18 09:00:00+02:00,114.68,0.0,96.85,16.78,2.82
2023-06-18 10:00:00+02:00,102.05,0.0,85.03,17.26,2.97
2023-06-18 11:00:00+02:00,114.78,4.77,93.87,17.68,2.97
2023-06-18 12:00:00+02:00,160.57,28.77,121.97,17.98,2.78
2023-06-18 13:00:00+02:00,115.68,0.89,94.85,18.28,2.61
2023-06-18 14:00:00+02:00,133.65,9.47,108.3,18.72,2.78
2023-06-18 15:00:00+02:00,81.38,30.12,57.17,19.02,3.01
2023-06-18 16:00:00+02:00,87.15,15.92,68.93,19.2,3.17
2023-06-18 17:00:00+02:00,85.85,0.0,74.48,19.35,3.18
2023-06-18 18:00:00+02:00,110.97,0.0,96.72,19.39,3.04
2023-06-18 19:00:00+02:00,71.1,0.0,62.34,19.01,2.72
2023-06-18 20:00:00+02:00,35.25,0.0,30.88,18.37,2.5
2023-06-18 21:00:00+02:00,9.88,0.0,10.05,17.79,2.27
2023-06-18 22:00:00+02:00,0.0,0.0,0.0,17.49,2.3
2023-06-18 23:00:00+02:00,0.0,0.0,0.0,17.36,2.19
2023-06-19 00:00:00+02:00,0.0,0.0,0.0,17.25,2.15
2023-06-19 01:00:00+02:00,0.0,0.0,0.0,17.11,2.14
2023-06-19 02:00:00+02:00,0.0,0.0,0.0,16.95,2.11
2023-06-19 03:00:00+02:00,0.0,0.0,0.0,16.74,1.98
2023-06-19 04:00:00+02:00,18.05,1.72,18.02,16.57,1.81
2023-06-19 05:00:00+02:00,36.0,1.33,31.46,16.66,1.68
2023-06-19 06:00:00+02:00,68.78,3.85,59.59,16.74,1.69
2023-06-19 07:00:00+02:00,135.32,13.39,114.94,16.89,1.8
2023-06-19 08:00:00+02:00,167.18,27.84,140.35,17.49,2.13
2023-06-19 09:00:00+02:00,201.93,18.07,167.95,18.93,2.47
2023-06-19 10:00:00+02:00,274.83,17.44,220.81,20.65,2.69
2023-06-19 11:00:00+02:00,312.92,22.89,254.13,21.73,2.77
2023-06-19 12:00:00+02:00,459.12,20.13,373.78,21.55,2.61
2023-06-19 13:00:00+02:00,426.0,9.02,348.38,20.03,1.99
2023-06-19 14:00:00+02:00,349.08,23.43,283.07,18.98,1.31
2023-06-19 15:00:00+02:00,282.15,28.56,213.47,18.74,1.01
2023-06-19 16:00:00+02:00,261.58,6.92,222.58,18.82,1.12
2023-06-19 17:00:00+02:00,201.62,15.54,172.89,19.12,1.17
2023-06-19 18:00:00+02:00,147.0,10.1,126.83,19.69,1.08
2023-06-19 19:00:00+02:00,94.43,5.95,82.25,19.58,1.05
2023-06-19 20:00:00+02:00,49.1,6.41,42.84,18.63,1.03
2023-06-19 21:00:00+02:00,15.1,2.18,15.34,17.44,1.62
2023-06-19 22:00:00+02:00,0.0,0.0,0.0,16.48,1.92
2023-06-19 23:00:00+02:00,0.0,0.0,0.0,15.79,1.92
2023-06-20 00:00:00+02:00,0.0,0.0,0.0,15.3,1.8
2023-06-20 01:00:00+02:00,0.0,0.0,0.0,14.74,1.77
2023-06-20 02:00:00+02:00,0.0,0.0,0.0,14.19,1.71
2023-06-20 03:00:00+02:00,0.0,0.0,0.0,13.69,1.76
2023-06-20 04:00:00+02:00,16.02,8.58,17.39,13.97,1.65
2023-06-20 05:00:00+02:00,64.1,56.63,54.48,15.58,1.19
2023-06-20 06:00:00+02:00,138.98,84.37,109.44,16.83,0.66
2023-06-20 07:00:00+02:00,241.02,120.77,181.17,19.41,0.93
2023-06-20 08:00:00+02:00,359.27,162.83,253.72,20.68,1.23
2023-06-20 09:00:00+02:00,419.58,320.78,234.49,21.7,1.36
2023-06-20 10:00:00+02:00,448.98,425.78,231.39,22.79,1.4
2023-06-20 11:00:00+02:00,628.2,436.51,283.72,23.79,1.38
2023-06-20 12:00:00+02:00,662.72,589.1,189.9,24.58,1.37
2023-06-20 13:00:00+02:00,693.75,447.32,312.05,25.17,1.39
2023-06-20 14:00:00+02:00,581.95,575.36,164.77,25.49,1.41
2023-06-20 15:00:00+02:00,572.6,362.19,284.92,25.56,1.34
2023-06-20 16:00:00+02:00,478.55,409.01,216.95,25.38,1.13
2023-06-20 17:00:00+02:00,380.23,392.42,180.08,25.15,0.99
2023-06-20 18:00:00+02:00,248.82,331.41,125.74,25.55,0.9
2023-06-20 19:00:00+02:00,158.68,252.52,91.44,25.17,0.98
2023-06-20 20:00:00+02:00,75.53,108.87,57.29,22.9,1.19
2023-06-20 21:00:00+02:00,18.85,17.96,20.93,20.79,1.91
2023-06-20 22:00:00+02:00,0.0,0.0,0.0,19.04,2.25
2023-06-20 23:00:00+02:00,0.0,0.0,0.0,18.11,2.01
2023-06-21 00:00:00+02:00,0.0,0.0,0.0,17.46,1.86
2023-06-21 01:00:00+02:00,0.0,0.0,0.0,16.89,1.72
2023-06-21 02:00:00+02:00,0.0,0.0,0.0,16.39,1.61
2023-06-21 03:00:00+02:00,0.0,0.0,0.0,16.0,1.68
2023-06-21 04:00:00+02:00,25.3,40.32,24.06,16.06,1.47
2023-06-21 05:00:00+02:00,91.12,202.37,60.55,17.15,1.33
2023-06-21 06:00:00+02:00,194.77,353.94,88.92,18.39,1.03
2023-06-21 07:00:00+02:00,304.17,457.34,112.99,20.64,1.19
2023-06-21 08:00:00+02:00,435.38,572.15,128.51,22.58,1.61
2023-06-21 09:00:00+02:00,570.0,651.93,147.08,23.8,1.78
2023-06-21 10:00:00+02:00,661.5,699.13,148.14,24.69,1.95
2023-06-21 11:00:00+02:00,732.25,693.8,178.64,25.47,2.16
2023-06-21 12:00:00+02:00,744.65,690.67,172.64,26.16,2.35
2023-06-21 13:00:00+02:00,741.05,640.76,254.73,26.64,2.5
2023-06-21 14:00:00+02:00,670.67,663.5,225.18,26.79,2.73
2023-06-21 15:00:00+02:00,595.7,835.28,294.51,26.59,3.12
2023-06-21 16:00:00+02:00,504.1,654.13,283.4,26.05,3.39
2023-06-21 17:00:00+02:00,366.02,308.38,249.87,24.66,3.45
2023-06-21 18:00:00+02:00,259.1,161.43,194.45,21.94,2.99
2023-06-21 19:00:00+02:00,154.27,68.96,119.88,19.93,2.25
2023-06-21 20:00:00+02:00,70.82,19.91,60.28,18.92,2.09
2023-06-21 21:00:00+02:00,14.5,2.14,14.75,18.38,2.09
2023-06-21 22:00:00+02:00,0.0,0.0,0.0,18.05,2.31
2023-06-21 23:00:00+02:00,0.0,0.0,0.0,17.84,2.46
2023-06-22 00:00:00+02:00,0.0,0.0,0.0,17.73,2.24
2023-06-22 01:00:00+02:00,0.0,0.0,0.0,17.84,2.41
2023-06-22 02:00:00+02:00,0.0,0.0,0.0,17.72,2.66
2023-06-22 03:00:00+02:00,0.0,0.0,0.0,17.22,2.76
2023-06-22 04:00:00+02:00,17.33,18.75,18.12,16.87,2.79
2023-06-22 05:00:00+02:00,53.45,36.91,43.95,17.01,2.8
2023-06-22 06:00:00+02:00,110.0,62.45,87.12,17.57,3.16
2023-06-22 07:00:00+02:00,188.2,53.14,150.19,18.73,3.59
2023-06-22 08:00:00+02:00,278.67,64.01,232.47,20.11,3.83
2023-06-22 09:00:00+02:00,389.52,120.23,303.22,21.25,4.03
2023-06-22 10:00:00+02:00,554.78,331.2,333.18,22.22,4.3
2023-06-22 11:00:00+02:00,716.25,589.76,266.32,23.04,4.57
2023-06-22 12:00:00+02:00,754.8,692.11,201.83,23.71,4.75
2023-06-22 13:00:00+02:00,733.12,709.22,162.67,24.2,4.79
2023-06-22 14:00:00+02:00,711.72,579.11,278.67,24.49,4.8
2023-06-22 15:00:00+02:00,649.35,583.43,242.48,24.53,4.76
2023-06-22 16:00:00+02:00,559.42,625.5,179.6,24.34,4.55
2023-06-22 17:00:00+02:00,436.65,512.59,178.12,24.01,4.18
2023-06-22 18:00:00+02:00,295.38,494.09,105.62,23.5,3.75
2023-06-22 19:00:00+02:00,188.07,428.19,74.84,22.66,3.37
2023-06-22 20:00:00+02:00,90.22,260.97,46.65,21.41,2.91
2023-06-22 21:00:00+02:00,22.1,79.55,18.93,19.88,2.8
2023-06-22 22:00:00+02:00,0.0,0.0,0.0,18.79,2.89
2023-06-22 23:00:00+02:00,0.0,0.0,0.0,18.23,2.89
2023-06-23 00:00:00+02:00,0.0,0.0,0.0,17.2,2.41
2023-06-23 01:00:00+02:00,0.0,0.0,0.0,16.47,2.27
2023-06-23 02:00:00+02:00,0.0,0.0,0.0,15.76,2.17
2023-06-23 03:00:00+02:00,0.0,0.0,0.0,15.29,2.28
2023-06-23 04:00:00+02:00,31.73,107.28,22.31,15.63,2.25
2023-06-23 05:00:00+02:00,111.65,339.77,51.08,16.36,1.77
2023-06-23 06:00:00+02:00,224.5,517.98,68.99,17.64,1.53
2023-06-23 07:00:00+02:00,350.6,628.37,88.98,19.38,1.42
2023-06-23 08:00:00+02:00,481.1,715.78,101.18,21.12,1.56
2023-06-23 09:00:00+02:00,600.08,782.6,103.86,22.56,1.87
2023-06-23 10:00:00+02:00,666.9,632.52,204.77,23.63,2.09
2023-06-23 11:00:00+02:00,717.75,705.83,177.46,24.44,2.12
2023-06-23 12:00:00+02:00,741.12,553.44,282.87,24.91,2.14
2023-06-23 13:00:00+02:00,707.1,734.56,129.47,25.04,2.16
2023-06-23 14:00:00+02:00,683.75,524.89,276.87,25.05,2.34
2023-06-23 15:00:00+02:00,592.15,419.98,275.29,24.78,2.53
2023-06-23 16:00:00+02:00,502.15,403.46,251.63,23.9,2.63
2023-06-23 17:00:00+02:00,352.27,221.04,225.48,23.2,2.69
2023-06-23 18:00:00+02:00,248.9,229.29,169.76,22.52,2.6
2023-06-23 19:00:00+02:00,159.57,226.9,97.76,21.62,2.19
2023-06-23 20:00:00+02:00,81.55,207.64,52.68,20.37,1.67
2023-06-23 21:00:00+02:00,22.65,89.27,19.64,18.3,1.7
2023-06-23 22:00:00+02:00,0.0,0.0,0.0,16.98,2.05
2023-06-23 23:00:00+02:00,0.0,0.0,0.0,16.41,2.12
2023-06-24 00:00:00+02:00,0.0,0.0,0.0,15.81,1.97
2023-06-24 01:00:00+02:00,0.0,0.0,0.0,15.28,2.15
2023-06-24 02:00:00+02:00,0.0,0.0,0.0,14.52,2.14
2023-06-24 03:00:00+02:00,0.0,0.0,0.0,13.92,2.1
2023-06-24 04:00:00+02:00,27.35,129.38,20.53,14.13,2.15
2023-06-24 05:00:00+02:00,97.45,308.22,49.17,14.95,1.69
2023-06-24 06:00:00+02:00,197.32,417.01,84.08,16.18,1.58
2023-06-24 07:00:00+02:00,318.2,533.72,127.86,17.4,1.29
2023-06-24 08:00:00+02:00,452.35,634.52,174.14,18.77,0.74
2023-06-24 09:00:00+02:00,584.33,821.26,155.92,20.21,0.78
2023-06-24 10:00:00+02:00,676.15,693.41,216.08,21.55,1.14
2023-06-24 11:00:00+02:00,746.78,681.42,221.54,22.71,1.45
2023-06-24 12:00:00+02:00,750.92,761.32,255.94,23.72,1.69
2023-06-24 13:00:00+02:00,737.5,606.33,273.3,24.43,1.92
2023-06-24 14:00:00+02:00,662.33,590.08,306.88,24.61,2.18
2023-06-24 15:00:00+02:00,597.2,441.65,308.99,24.37,2.33
2023-06-24 16:00:00+02:00,518.4,490.83,301.3,23.87,2.35
2023-06-24 17:00:00+02:00,410.33,354.77,230.55,23.36,2.18
2023-06-24 18:00:00+02:00,296.48,346.9,163.36,22.87,1.88
2023-06-24 19:00:00+02:00,186.1,302.6,101.25,22.29,1.59
2023-06-24 20:00:00+02:00,91.05,207.61,56.34,20.94,1.29
2023-06-24 21:00:00+02:00,22.77,76.63,20.48,19.01,1.92
2023-06-24 22:00:00+02:00,0.0,0.0,0.0,17.76,2.25
2023-06-24 23:00:00+02:00,0.0,0.0,0.0,17.14,2.04
2023-06-25 00:00:00+02:00,0.0,0.0,0.0,16.79,1.99
2023-06-25 01:00:00+02:00,0.0,0.0,0.0,16.43,2.02
2023-06-25 02:00:00+02:00,0.0,0.0,0.0,15.97,2.05
2023-06-25 03:00:00+02:00,0.0,0.0,0.0,15.48,2.03
2023-06-25 04:00:00+02:00,25.55,55.2,24.22,15.63,2.04
2023-06-25 05:00:00+02:00,94.32,216.52,58.75,16.79,1.91
2023-06-25 06:00:00+02:00,203.7,425.56,89.65,17.64,1.33
2023-06-25 07:00:00+02:00,338.08,603.12,96.48,19.7,1.51
2023-06-25 08:00:00+02:00,491.15,777.65,82.07,21.39,1.73
2023-06-25 09:00:00+02:00,608.95,829.43,84.98,22.45,1.78
2023-06-25 10:00:00+02:00,705.97,869.75,85.41,23.29,1.97
2023-06-25 11:00:00+02:00,774.45,886.65,87.64,24.12,2.11
2023-06-25 12:00:00+02:00,806.83,887.76,94.4,24.88,2.13
2023-06-25 13:00:00+02:00,805.33,883.82,97.0,25.52,2.1
2023-06-25 14:00:00+02:00,717.65,816.17,104.52,25.93,2.06
2023-06-25 15:00:00+02:00,683.38,797.76,143.47,26.09,1.99
2023-06-25 16:00:00+02:00,578.67,689.63,160.34,26.07,1.94
2023-06-25 17:00:00+02:00,449.52,624.94,148.64,25.95,1.91
2023-06-25 18:00:00+02:00,326.65,533.69,126.05,25.32,1.78
2023-06-25 19:00:00+02:00,206.38,464.93,80.84,24.46,1.75
2023-06-25 20:00:00+02:00,100.25,311.05,49.15,21.75,1.64
2023-06-25 21:00:00+02:00,24.77,108.03,19.29,19.08,2.12
2023-06-25 22:00:00+02:00,0.0,0.0,0.0,17.67,2.43
2023-06-25 23:00:00+02:00,0.0,0.0,0.0,16.96,2.41
2023-06-26 00:00:00+02:00,0.0,0.0,0.0,16.09,2.21
2023-06-26 01:00:00+02:00,0.0,0.0,0.0,15.34,1.88
2023-06-26 02:00:00+02:00,0.0,0.0,0.0,14.84,2.1
2023-06-26 03:00:00+02:00,0.0,0.0,0.0,14.75,1.97
2023-06-26 04:00:00+02:00,29.12,142.0,19.97,15.0,1.71
2023-06-26 05:00:00+02:00,108.72,369.82,43.46,16.33,1.31
2023-06-26 06:00:00+02:00,220.75,562.61,59.51,17.45,1.25
2023-06-26 07:00:00+02:00,351.92,689.44,71.93,19.19,1.37
2023-06-26 08:00:00+02:00,491.25,783.35,80.1,21.36,1.69
2023-06-26 09:00:00+02:00,607.55,827.21,88.52,22.97,1.74
2023-06-26 10:00:00+02:00,701.97,857.44,92.94,24.17,1.66
2023-06-26 11:00:00+02:00,767.28,870.07,99.09,25.21,1.58
2023-06-26 12:00:00+02:00,791.62,839.69,116.87,26.06,1.6
2023-06-26 13:00:00+02:00,787.33,783.53,162.48,26.62,1.7
2023-06-26 14:00:00+02:00,729.1,720.68,173.53,26.88,1.87
2023-06-26 15:00:00+02:00,645.75,581.18,249.36,26.86,2.14
2023-06-26 16:00:00+02:00,553.67,589.1,206.88,26.58,2.47
2023-06-26 17:00:00+02:00,447.67,581.63,147.53,26.08,2.74
2023-06-26 18:00:00+02:00,325.38,528.35,119.81,25.21,2.88
2023-06-26 19:00:00+02:00,204.45,446.27,83.18,23.86,2.99
2023-06-26 20:00:00+02:00,99.43,312.24,50.52,22.11,3.02
2023-06-26 21:00:00+02:00,24.15,100.94,19.52,20.11,2.85
2023-06-26 22:00:00+02:00,0.0,0.0,0.0,18.45,2.62
2023-06-26 23:00:00+02:00,0.0,0.0,0.0,17.58,2.53
2023-06-27 00:00:00+02:00,0.0,0.0,0.0,16.9,2.34
2023-06-27 01:00:00+02:00,0.0,0.0,0.0,16.27,2.09
2023-06-27 02:00:00+02:00,0.0,0.0,0.0,15.7,1.93
2023-06-27 03:00:00+02:00,0.0,0.0,0.0,15.54,2.03
2023-06-27 04:00:00+02:00,30.0,119.68,21.33,15.99,2.05
2023-06-27 05:00:00+02:00,100.82,318.82,44.4,16.85,1.93
2023-06-27 06:00:00+02:00,196.02,421.6,71.14,17.68,1.82
2023-06-27 07:00:00+02:00,299.67,499.33,106.42,18.86,1.88
2023-06-27 08:00:00+02:00,438.83,443.05,207.88,20.49,2.14
2023-06-27 09:00:00+02:00,553.92,577.37,208.01,21.83,2.41
2023-06-27 10:00:00+02:00,587.92,370.04,307.94,22.86,2.58
2023-06-27 11:00:00+02:00,608.7,194.36,399.0,23.74,2.68
2023-06-27 12:00:00+02:00,614.47,657.37,160.46,24.42,2.64
2023-06-27 13:00:00+02:00,587.83,527.14,194.44,24.88,2.57
2023-06-27 14:00:00+02:00,583.78,285.3,339.81,25.15,2.53
2023-06-27 15:00:00+02:00,526.55,292.52,297.72,25.14,2.48
2023-06-27 16:00:00+02:00,450.05,351.68,247.45,24.82,2.46
2023-06-27 17:00:00+02:00,363.9,281.87,215.68,24.3,2.3
2023-06-27 18:00:00+02:00,251.68,317.73,136.69,23.41,2.1
2023-06-27 19:00:00+02:00,156.2,304.91,73.33,22.41,1.85
2023-06-27 20:00:00+02:00,79.97,216.29,44.11,21.22,1.65
2023-06-27 21:00:00+02:00,21.52,88.52,17.54,19.68,1.76
2023-06-27 22:00:00+02:00,0.0,0.0,0.0,18.53,1.81
2023-06-27 23:00:00+02:00,0.0,0.0,0.0,17.6,1.79
2023-06-28 00:00:00+02:00,0.0,0.0,0.0,16.77,2.0
2023-06-28 01:00:00+02:00,0.0,0.0,0.0,16.0,1.98
2023-06-28 02:00:00+02:00,0.0,0.0,0.0,15.16,2.01
2023-06-28 03:00:00+02:00,0.0,0.0,0.0,14.41,1.99
2023-06-28 04:00:00+02:00,29.1,119.31,21.32,14.68,1.69
2023-06-28 05:00:00+02:00,108.05,329.47,47.8,16.11,1.63
2023-06-28 06:00:00+02:00,220.25,514.84,71.88,17.61,1.23
2023-06-28 07:00:00+02:00,348.52,649.24,84.13,19.55,1.31
2023-06-28 08:00:00+02:00,478.88,728.99,95.43,21.22,1.4
2023-06-28 09:00:00+02:00,595.12,798.77,94.81,22.63,1.31
2023-06-28 10:00:00+02:00,692.17,826.09,103.65,23.9,1.16
2023-06-28 11:00:00+02:00,724.62,709.1,182.14,25.05,1.02
2023-06-28 12:00:00+02:00,773.5,698.37,220.08,26.02,0.92
2023-06-28 13:00:00+02:00,711.67,691.27,164.41,26.69,0.9
2023-06-28 14:00:00+02:00,693.5,511.71,286.7,27.12,0.95
2023-06-28 15:00:00+02:00,619.35,519.15,251.94,27.26,1.08
2023-06-28 16:00:00+02:00,522.92,529.36,192.65,27.23,1.22
2023-06-28 17:00:00+02:00,394.3,367.01,200.78,27.14,1.32
2023-06-28 18:00:00+02:00,272.2,260.08,175.28,26.67,1.37
2023-06-28 19:00:00+02:00,163.35,172.82,119.11,25.69,1.47
2023-06-28 20:00:00+02:00,74.47,75.99,59.92,23.41,1.35
2023-06-28 21:00:00+02:00,17.52,17.3,19.11,21.74,1.58
2023-06-28 22:00:00+02:00,0.0,0.0,0.0,20.64,1.85
2023-06-28 23:00:00+02:00,0.0,0.0,0.0,19.94,2.04
2023-06-29 00:00:00+02:00,0.0,0.0,0.0,19.33,2.21
2023-06-29 01:00:00+02:00,0.0,0.0,0.0,18.79,2.4
2023-06-29 02:00:00+02:00,0.0,0.0,0.0,18.21,2.36
2023-06-29 03:00:00+02:00,0.0,0.0,0.0,17.78,2.39
2023-06-29 04:00:00+02:00,13.77,30.73,13.37,17.68,2.39
2023-06-29 05:00:00+02:00,54.58,36.99,47.11,17.88,2.24
2023-06-29 06:00:00+02:00,121.03,102.42,96.78,18.41,2.27
2023-06-29 07:00:00+02:00,222.43,124.64,170.9,19.52,2.13
2023-06-29 08:00:00+02:00,326.45,301.43,218.42,21.07,1.89
2023-06-29 09:00:00+02:00,430.25,455.26,195.98,22.7,1.64
2023-06-29 10:00:00+02:00,612.17,527.32,238.42,24.16,1.55
2023-06-29 11:00:00+02:00,648.35,571.34,211.95,25.3,1.69
2023-06-29 12:00:00+02:00,709.42,511.8,270.97,26.2,2.0
2023-06-29 13:00:00+02:00,700.5,687.3,160.76,26.81,2.3
2023-06-29 14:00:00+02:00,672.4,610.67,237.85,27.08,2.52
2023-06-29 15:00:00+02:00,571.88,571.56,165.46,27.01,2.58
2023-06-29 16:00:00+02:00,446.5,518.39,144.48,26.7,2.52
2023-06-29 17:00:00+02:00,333.27,416.4,130.23,26.15,2.43
2023-06-29 18:00:00+02:00,243.75,359.47,105.16,25.24,2.3
2023-06-29 19:00:00+02:00,158.07,301.44,77.6,23.92,2.16
2023-06-29 20:00:00+02:00,76.1,154.27,50.51,22.08,1.95
2023-06-29 21:00:00+02:00,18.83,27.99,18.63,19.95,2.04
2023-06-29 22:00:00+02:00,0.0,0.0,0.0,18.87,2.17
2023-06-29 23:00:00+02:00,0.0,0.0,0.0,18.27,1.93
2023-06-30 00:00:00+02:00,0.0,0.0,0.0,17.51,1.74
2023-06-30 01:00:00+02:00,0.0,0.0,0.0,16.97,1.7
2023-06-30 02:00:00+02:00,0.0,0.0,0.0,16.71,1.66
2023-06-30 03:00:00+02:00,0.0,0.0,0.0,16.54,1.57
2023-06-30 04:00:00+02:00,14.38,3.44,14.92,16.92,1.48
2023-06-30 05:00:00+02:00,52.4,7.05,46.88,18.08,1.43
2023-06-30 06:00:00+02:00,102.1,7.9,84.17,18.84,1.42
2023-06-30 07:00:00+02:00,156.85,7.41,136.22,19.56,1.64
2023-06-30 08:00:00+02:00,215.0,7.11,185.23,20.49,1.95
2023-06-30 09:00:00+02:00,289.9,7.16,248.13,21.42,2.25
2023-06-30 10:00:00+02:00,306.1,21.41,245.52,21.86,2.47
2023-06-30 11:00:00+02:00,369.7,15.83,302.22,21.42,2.65
2023-06-30 12:00:00+02:00,351.7,9.91,287.24,20.6,2.72
2023-06-30 13:00:00+02:00,340.1,14.9,275.78,19.79,2.71
2023-06-30 14:00:00+02:00,226.65,2.92,185.89,19.22,2.67
2023-06-30 15:00:00+02:00,166.35,44.54,120.09,19.11,2.59
2023-06-30 16:00:00+02:00,141.45,19.58,113.02,19.6,2.56
2023-06-30 17:00:00+02:00,148.32,0.0,128.67,19.73,2.44
2023-06-30 18:00:00+02:00,111.6,0.0,97.26,19.41,2.49
2023-06-30 19:00:00+02:00,72.5,9.29,61.07,18.99,2.53
2023-06-30 20:00:00+02:00,40.8,7.63,35.97,18.1,2.32
2023-06-30 21:00:00+02:00,12.85,0.0,13.05,16.84,2.31
2023-06-30 22:00:00+02:00,0.0,0.0,0.0,16.08,2.51
2023-06-30 23:00:00+02:00,0.0,0.0,0.0,15.93,2.72
2023-07-01 00:00:00+02:00,0.0,0.0,0.0,15.64,2.78
2023-07-01 01:00:00+02:00,0.0,0.0,0.0,15.11,2.78
2023-07-01 02:00:00+02:00,0.0,0.0,0.0,14.65,2.9
2023-07-01 03:00:00+02:00,0.0,0.0,0.0,14.22,2.85
2023-07-01 04:00:00+02:00,19.67,35.07,20.56,14.1,2.82
2023-07-01 05:00:00+02:00,77.45,142.1,52.66,14.67,3.08
2023-07-01 06:00:00+02:00,165.98,276.62,89.15,15.63,3.55
2023-07-01 07:00:00+02:00,264.48,338.84,123.65,16.89,3.75
2023-07-01 08:00:00+02:00,404.2,409.33,184.5,18.18,3.88
2023-07-01 09:00:00+02:00,535.35,535.15,190.53,19.36,4.0
2023-07-01 10:00:00+02:00,626.6,591.22,199.24,20.38,4.1
2023-07-01 11:00:00+02:00,651.97,565.81,205.31,21.14,4.19
2023-07-01 12:00:00+02:00,686.28,523.91,246.43,21.67,4.2
2023-07-01 13:00:00+02:00,632.1,455.26,236.36,21.99,4.14
2023-07-01 14:00:00+02:00,560.17,492.69,194.55,22.04,4.05
2023-07-01 15:00:00+02:00,513.83,330.01,270.04,21.89,3.89
2023-07-01 16:00:00+02:00,433.58,239.33,245.65,21.56,3.65
2023-07-01 17:00:00+02:00,318.98,256.59,175.51,21.09,3.37
2023-07-01 18:00:00+02:00,214.6,263.56,119.84,20.45,2.99
2023-07-01 19:00:00+02:00,138.43,190.33,86.48,19.55,2.51
2023-07-01 20:00:00+02:00,65.68,109.92,46.77,18.3,2.02
2023-07-01 21:00:00+02:00,16.58,27.1,18.59,16.47,1.88
2023-07-01 22:00:00+02:00,0.0,0.0,0.0,15.25,1.9
2023-07-01 23:00:00+02:00,0.0,0.0,0.0,14.66,1.73
2023-07-02 00:00:00+02:00,0.0,0.0,0.0,14.11,1.78
2023-07-02 01:00:00+02:00,0.0,0.0,0.0,13.97,1.64
2023-07-02 02:00:00+02:00,0.0,0.0,0.0,14.26,1.16
2023-07-02 03:00:00+02:00,0.0,0.0,0.0,14.37,0.81
2023-07-02 04:00:00+02:00,17.15,5.58,18.79,14.15,1.07
2023-07-02 05:00:00+02:00,33.3,16.59,30.09,14.89,1.19
2023-07-02 06:00:00+02:00,63.12,9.56,53.78,15.23,1.53
2023-07-02 07:00:00+02:00,109.28,6.87,94.28,15.68,1.62
2023-07-02 08:00:00+02:00,152.32,3.78,131.64,16.31,1.5
2023-07-02 09:00:00+02:00,191.27,30.96,153.24,17.04,1.31
2023-07-02 10:00:00+02:00,173.15,32.88,132.98,17.43,1.05
2023-07-02 11:00:00+02:00,158.77,14.67,128.08,17.65,0.79
2023-07-02 12:00:00+02:00,111.05,2.98,90.39,17.86,1.02
2023-07-02 13:00:00+02:00,122.55,3.21,99.76,17.1,1.46
2023-07-02 14:00:00+02:00,93.75,61.34,56.88,16.8,1.78
2023-07-02 15:00:00+02:00,96.4,15.18,78.67,16.61,2.11
2023-07-02 16:00:00+02:00,115.82,7.49,97.89,16.56,2.44
2023-07-02 17:00:00+02:00,107.88,5.68,92.85,16.34,2.67
2023-07-02 18:00:00+02:00,74.93,17.68,62.85,16.09,2.63
2023-07-02 19:00:00+02:00,45.47,11.39,37.67,15.76,2.64
2023-07-02 20:00:00+02:00,22.48,12.93,19.34,15.29,2.61
2023-07-02 21:00:00+02:00,7.2,2.29,7.3,14.74,2.51
2023-07-02 22:00:00+02:00,0.0,0.0,0.0,13.88,2.04
2023-07-02 23:00:00+02:00,0.0,0.0,0.0,13.19,1.79
2023-07-03 00:00:00+02:00,0.0,0.0,0.0,12.75,1.77
2023-07-03 01:00:00+02:00,0.0,0.0,0.0,12.19,1.58
2023-07-03 02:00:00+02:00,0.0,0.0,0.0,11.68,1.46
2023-07-03 03:00:00+02:00,0.0,0.0,0.0,11.46,1.28
2023-07-03 04:00:00+02:00,14.65,36.5,14.85,11.63,1.12
2023-07-03 05:00:00+02:00,47.33,71.05,36.32,12.04,1.3
2023-07-03 06:00:00+02:00,80.93,72.7,57.98,12.53,1.6
2023-07-03 07:00:00+02:00,122.32,67.44,92.77,13.26,2.04
2023-07-03 08:00:00+02:00,153.43,3.3,132.66,14.2,2.49
2023-07-03 09:00:00+02:00,218.5,33.4,175.43,14.96,2.78
2023-07-03 10:00:00+02:00,184.52,95.43,121.48,15.23,2.98
2023-07-03 11:00:00+02:00,239.38,123.12,155.0,15.27,3.28
2023-07-03 12:00:00+02:00,319.3,22.37,257.42,15.06,3.31
2023-07-03 13:00:00+02:00,363.6,10.68,295.78,14.96,3.51
2023-07-03 14:00:00+02:00,297.2,32.59,226.67,15.09,3.75
2023-07-03 15:00:00+02:00,301.67,40.44,235.02,15.03,3.82
2023-07-03 16:00:00+02:00,284.75,22.34,240.06,14.86,3.72
2023-07-03 17:00:00+02:00,160.9,24.25,132.58,14.63,3.7
2023-07-03 18:00:00+02:00,116.8,24.49,98.54,14.28,3.82
2023-07-03 19:00:00+02:00,73.1,22.84,60.04,13.78,3.91
2023-07-03 20:00:00+02:00,36.25,24.79,31.19,13.32,3.93
2023-07-03 21:00:00+02:00,8.82,1.97,9.05,12.97,4.0
2023-07-03 22:00:00+02:00,0.0,0.0,0.0,12.67,4.1
2023-07-03 23:00:00+02:00,0.0,0.0,0.0,12.46,4.22
2023-07-04 00:00:00+02:00,0.0,0.0,0.0,12.26,4.36
2023-07-04 01:00:00+02:00,0.0,0.0,0.0,12.1,4.41
2023-07-04 02:00:00+02:00,0.0,0.0,0.0,11.97,4.45
2023-07-04 03:00:00+02:00,0.0,0.0,0.0,11.85,4.45
2023-07-04 04:00:00+02:00,14.68,27.03,15.7,11.73,4.42
2023-07-04 05:00:00+02:00,52.55,64.06,41.31,11.71,4.3
2023-07-04 06:00:00+02:00,113.28,74.99,83.95,11.95,4.12
2023-07-04 07:00:00+02:00,195.55,96.32,153.42,12.59,3.98
2023-07-04 08:00:00+02:00,279.25,123.5,206.21,13.51,3.99
2023-07-04 09:00:00+02:00,358.0,133.37,263.23,14.57,3.99
2023-07-04 10:00:00+02:00,379.0,105.37,284.63,15.63,3.85
2023-07-04 11:00:00+02:00,476.33,377.2,228.15,16.52,3.69
2023-07-04 12:00:00+02:00,532.4,177.21,328.58,17.25,3.66
2023-07-04 13:00:00+02:00,518.88,430.77,228.65,17.78,3.76
2023-07-04 14:00:00+02:00,518.67,226.26,327.26,18.07,3.84
2023-07-04 15:00:00+02:00,466.27,210.7,298.12,17.96,3.87
2023-07-04 16:00:00+02:00,391.55,260.65,241.71,17.57,3.84
2023-07-04 17:00:00+02:00,279.85,103.24,208.16,16.96,3.67
2023-07-04 18:00:00+02:00,193.8,74.86,156.59,16.29,3.54
2023-07-04 19:00:00+02:00,110.32,55.86,84.78,15.6,3.45
2023-07-04 20:00:00+02:00,50.95,44.85,40.64,14.94,3.32
2023-07-04 21:00:00+02:00,12.98,23.68,14.28,14.17,3.17
2023-07-04 22:00:00+02:00,0.0,0.0,0.0,13.45,3.01
2023-07-04 23:00:00+02:00,0.0,0.0,0.0,13.0,2.86
2023-07-05 00:00:00+02:00,0.0,0.0,0.0,12.78,2.75
2023-07-05 01:00:00+02:00,0.0,0.0,0.0,12.65,2.5
2023-07-05 02:00:00+02:00,0.0,0.0,0.0,12.64,2.34
2023-07-05 03:00:00+02:00,0.0,0.0,0.0,12.64,2.34
2023-07-05 04:00:00+02:00,13.52,14.86,14.82,12.71,2.34
2023-07-05 05:00:00+02:00,58.92,73.76,47.8,13.18,2.1
2023-07-05 06:00:00+02:00,124.22,115.17,93.55,13.96,2.3
2023-07-05 07:00:00+02:00,201.05,183.35,140.31,15.03,2.64
2023-07-05 08:00:00+02:00,283.38,335.03,173.19,16.55,2.65
2023-07-05 09:00:00+02:00,353.73,400.98,178.95,17.98,2.58
2023-07-05 10:00:00+02:00,554.67,502.0,216.27,19.19,2.51
2023-07-05 11:00:00+02:00,666.53,431.5,324.84,19.97,2.5
2023-07-05 12:00:00+02:00,686.9,454.44,323.63,20.6,2.4
2023-07-05 13:00:00+02:00,680.22,550.34,245.74,21.28,2.22
2023-07-05 14:00:00+02:00,591.4,677.6,145.32,22.02,2.02
2023-07-05 15:00:00+02:00,578.85,501.93,219.46,22.37,1.81
2023-07-05 16:00:00+02:00,499.05,439.59,240.54,22.37,1.7
2023-07-05 17:00:00+02:00,381.45,275.26,244.57,21.97,1.65
2023-07-05 18:00:00+02:00,261.0,168.11,200.04,20.98,1.64
2023-07-05 19:00:00+02:00,153.25,92.0,118.71,19.19,1.6
2023-07-05 20:00:00+02:00,67.78,48.89,57.29,17.55,2.1
2023-07-05 21:00:00+02:00,13.45,7.15,15.38,16.09,2.23
2023-07-05 22:00:00+02:00,0.0,0.0,0.0,15.01,2.0
2023-07-05 23:00:00+02:00,0.0,0.0,0.0,14.55,1.59
2023-07-06 00:00:00+02:00,0.0,0.0,0.0,14.28,1.6
2023-07-06 01:00:00+02:00,0.0,0.0,0.0,14.01,2.24
2023-07-06 02:00:00+02:00,0.0,0.0,0.0,13.6,2.48
2023-07-06 03:00:00+02:00,0.0,0.0,0.0,13.25,2.49
2023-07-06 04:00:00+02:00,9.23,0.0,9.36,13.08,2.42
2023-07-06 05:00:00+02:00,32.15,8.8,27.9,13.07,2.39
2023-07-06 06:00:00+02:00,75.78,22.41,62.35,13.25,2.57
2023-07-06 07:00:00+02:00,130.4,42.4,107.4,13.95,2.45
2023-07-06 08:00:00+02:00,205.6,24.37,170.52,15.15,2.47
2023-07-06 09:00:00+02:00,283.92,149.04,175.04,16.76,2.6
2023-07-06 10:00:00+02:00,404.8,196.05,238.85,18.61,2.8
2023-07-06 11:00:00+02:00,421.05,153.47,264.29,20.0,3.08
2023-07-06 12:00:00+02:00,555.7,325.48,271.45,20.8,3.37
2023-07-06 13:00:00+02:00,551.25,178.42,344.82,20.92,3.46
2023-07-06 14:00:00+02:00,485.2,222.04,291.98,20.68,3.45
2023-07-06 15:00:00+02:00,446.4,164.45,289.73,19.99,3.37
2023-07-06 16:00:00+02:00,363.85,179.95,232.12,19.04,3.18
2023-07-06 17:00:00+02:00,281.65,121.94,214.27,18.17,2.94
2023-07-06 18:00:00+02:00,196.55,88.96,157.32,17.54,2.83
2023-07-06 19:00:00+02:00,115.45,73.64,87.04,16.68,2.68
2023-07-06 20:00:00+02:00,54.6,58.0,44.68,15.69,2.74
2023-07-06 21:00:00+02:00,12.52,16.43,14.59,14.82,2.91
2023-07-06 22:00:00+02:00,0.0,0.0,0.0,14.26,3.0
2023-07-06 23:00:00+02:00,0.0,0.0,0.0,13.88,2.97
2023-07-07 00:00:00+02:00,0.0,0.0,0.0,13.54,2.88
2023-07-07 01:00:00+02:00,0.0,0.0,0.0,13.29,2.88
2023-07-07 02:00:00+02:00,0.0,0.0,0.0,13.1,2.77
2023-07-07 03:00:00+02:00,0.0,0.0,0.0,12.96,2.61
2023-07-07 04:00:00+02:00,13.62,3.97,13.97,12.97,2.39
2023-07-07 05:00:00+02:00,36.88,8.9,32.07,13.3,2.25
2023-07-07 06:00:00+02:00,76.1,4.29,66.33,13.9,2.48
2023-07-07 07:00:00+02:00,120.7,6.15,104.41,14.6,2.85
2023-07-07 08:00:00+02:00,178.35,21.71,147.81,15.5,2.94
2023-07-07 09:00:00+02:00,229.43,36.09,182.53,16.47,3.0
2023-07-07 10:00:00+02:00,277.9,98.6,218.7,17.49,3.09
2023-07-07 11:00:00+02:00,333.8,90.66,243.87,18.35,3.23
2023-07-07 12:00:00+02:00,445.45,201.07,263.53,19.05,3.38
2023-07-07 13:00:00+02:00,506.38,95.55,347.49,19.6,3.51
2023-07-07 14:00:00+02:00,419.62,166.47,258.49,19.76,3.33
2023-07-07 15:00:00+02:00,368.48,168.54,221.4,19.8,3.08
2023-07-07 16:00:00+02:00,343.65,204.56,225.83,19.9,3.07
2023-07-07 17:00:00+02:00,258.12,194.49,163.44,19.86,2.85
2023-07-07 18:00:00+02:00,194.68,212.72,116.96,19.69,2.52
2023-07-07 19:00:00+02:00,131.48,231.91,76.27,19.16,2.12
2023-07-07 20:00:00+02:00,67.9,170.75,42.89,18.1,2.01
2023-07-07 21:00:00+02:00,15.85,53.48,15.27,16.53,2.07
2023-07-07 22:00:00+02:00,0.0,0.0,0.0,15.73,2.3
2023-07-07 23:00:00+02:00,0.0,0.0,0.0,15.54,2.34
2023-07-08 00:00:00+02:00,0.0,0.0,0.0,15.05,2.21
2023-07-08 01:00:00+02:00,0.0,0.0,0.0,14.57,2.09
2023-07-08 02:00:00+02:00,0.0,0.0,0.0,14.11,2.1
2023-07-08 03:00:00+02:00,0.0,0.0,0.0,13.68,2.06
2023-07-08 04:00:00+02:00,20.15,89.55,15.55,13.76,2.02
2023-07-08 05:00:00+02:00,95.53,304.51,41.48,14.82,1.93
2023-07-08 06:00:00+02:00,205.2,500.36,64.92,15.81,1.55
2023-07-08 07:00:00+02:00,330.92,613.53,87.03,17.49,1.56
2023-07-08 08:00:00+02:00,460.45,709.1,98.4,19.47,1.81
2023-07-08 09:00:00+02:00,578.53,763.6,107.6,21.08,1.93
2023-07-08 10:00:00+02:00,677.15,790.31,117.84,22.34,1.98
2023-07-08 11:00:00+02:00,695.05,697.9,167.82,23.34,1.99
2023-07-08 12:00:00+02:00,645.67,607.55,189.06,24.03,2.02
2023-07-08 13:00:00+02:00,577.62,475.3,221.77,24.4,2.05
2023-07-08 14:00:00+02:00,547.22,315.84,293.58,24.47,2.07
2023-07-08 15:00:00+02:00,469.38,288.65,253.14,24.26,2.03
2023-07-08 16:00:00+02:00,416.5,255.39,249.59,24.04,1.92
2023-07-08 17:00:00+02:00,325.23,218.69,202.08,23.88,1.78
2023-07-08 18:00:00+02:00,225.75,193.16,153.21,23.31,1.59
2023-07-08 19:00:00+02:00,135.57,157.24,99.03,22.61,1.47
2023-07-08 20:00:00+02:00,62.6,77.43,50.01,20.91,1.29
2023-07-08 21:00:00+02:00,13.73,25.25,15.51,19.65,1.62
2023-07-08 22:00:00+02:00,0.0,0.0,0.0,18.56,1.83
2023-07-08 23:00:00+02:00,0.0,0.0,0.0,17.5,2.06
2023-07-09 00:00:00+02:00,0.0,0.0,0.0,16.61,2.2
2023-07-09 01:00:00+02:00,0.0,0.0,0.0,15.78,2.25
2023-07-09 02:00:00+02:00,0.0,0.0,0.0,15.03,2.09
2023-07-09 03:00:00+02:00,0.0,0.0,0.0,14.48,1.9
2023-07-09 04:00:00+02:00,18.52,78.46,15.19,14.46,1.87
2023-07-09 05:00:00+02:00,90.43,281.62,41.85,15.89,1.75
2023-07-09 06:00:00+02:00,193.52,449.32,74.15,17.14,1.26
2023-07-09 07:00:00+02:00,308.05,532.11,100.98,19.22,1.39
2023-07-09 08:00:00+02:00,424.08,607.82,118.69,21.01,1.6
2023-07-09 09:00:00+02:00,529.47,661.68,125.62,22.41,1.7
2023-07-09 10:00:00+02:00,615.2,702.31,141.26,23.51,1.82
2023-07-09 11:00:00+02:00,672.3,719.4,148.47,24.36,1.85
2023-07-09 12:00:00+02:00,741.22,671.45,212.55,25.0,1.83
2023-07-09 13:00:00+02:00,635.17,704.01,125.52,25.39,1.81
2023-07-09 14:00:00+02:00,575.55,546.44,189.52,25.52,1.74
2023-07-09 15:00:00+02:00,559.95,426.06,253.87,25.45,1.71
2023-07-09 16:00:00+02:00,453.62,472.97,192.92,25.16,1.68
2023-07-09 17:00:00+02:00,332.5,449.3,141.13,24.92,1.62
2023-07-09 18:00:00+02:00,239.4,365.84,116.92,24.3,1.61
2023-07-09 19:00:00+02:00,149.23,260.24,89.01,23.34,1.62
2023-07-09 20:00:00+02:00,68.3,105.42,50.33,21.11,1.56
2023-07-09 21:00:00+02:00,15.05,25.52,16.71,18.85,2.09
2023-07-09 22:00:00+02:00,0.0,0.0,0.0,17.83,2.39
2023-07-09 23:00:00+02:00,0.0,0.0,0.0,17.13,2.29
2023-07-10 00:00:00+02:00,0.0,0.0,0.0,16.01,2.07
2023-07-10 01:00:00+02:00,0.0,0.0,0.0,15.06,1.88
2023-07-10 02:00:00+02:00,0.0,0.0,0.0,14.27,1.82
2023-07-10 03:00:00+02:00,0.0,0.0,0.0,13.68,1.71
2023-07-10 04:00:00+02:00,16.27,67.92,14.65,13.67,1.66
2023-07-10 05:00:00+02:00,87.62,270.06,41.24,15.25,1.64
2023-07-10 06:00:00+02:00,193.85,482.93,65.03,16.8,1.27
2023-07-10 07:00:00+02:00,317.45,568.67,93.52,18.53,1.38
2023-07-10 08:00:00+02:00,459.05,706.66,100.14,20.39,1.81
2023-07-10 09:00:00+02:00,585.6,808.71,91.55,21.93,2.12
2023-07-10 10:00:00+02:00,685.75,877.98,79.78,23.1,2.25
2023-07-10 11:00:00+02:00,755.22,866.39,97.25,24.07,2.37
2023-07-10 12:00:00+02:00,789.5,879.59,96.9,24.81,2.48
2023-07-10 13:00:00+02:00,788.92,883.57,91.36,25.3,2.56
2023-07-10 14:00:00+02:00,721.5,847.12,97.09,25.53,2.58
2023-07-10 15:00:00+02:00,683.83,859.82,86.19,25.46,2.57
2023-07-10 16:00:00+02:00,584.15,826.74,84.62,25.17,2.51
2023-07-10 17:00:00+02:00,464.88,768.45,82.25,24.65,2.53
2023-07-10 18:00:00+02:00,335.25,663.94,76.22,23.79,2.57
2023-07-10 19:00:00+02:00,206.73,560.06,57.78,22.43,2.67
2023-07-10 20:00:00+02:00,94.62,354.27,39.23,20.62,2.88
2023-07-10 21:00:00+02:00,17.3,86.52,13.43,18.81,3.0
2023-07-10 22:00:00+02:00,0.0,0.0,0.0,17.25,2.82
2023-07-10 23:00:00+02:00,0.0,0.0,0.0,16.14,2.63
2023-07-11 00:00:00+02:00,0.0,0.0,0.0,15.21,2.42
2023-07-11 01:00:00+02:00,0.0,0.0,0.0,14.46,2.21
2023-07-11 02:00:00+02:00,0.0,0.0,0.0,13.98,2.07
2023-07-11 03:00:00+02:00,0.0,0.0,0.0,13.69,2.04
2023-07-11 04:00:00+02:00,13.32,71.75,12.4,14.2,2.17
2023-07-11 05:00:00+02:00,65.7,193.6,35.07,15.23,2.05
2023-07-11 06:00:00+02:00,140.7,320.3,60.2,16.33,2.04
2023-07-11 07:00:00+02:00,229.5,439.93,77.79,17.75,2.31
2023-07-11 08:00:00+02:00,332.92,417.03,133.98,19.25,2.49
2023-07-11 09:00:00+02:00,389.08,395.14,165.58,20.53,2.6
2023-07-11 10:00:00+02:00,476.5,331.37,251.45,21.64,2.69
2023-07-11 11:00:00+02:00,570.8,457.75,232.21,22.39,2.82
2023-07-11 12:00:00+02:00,575.4,531.88,184.24,22.86,2.99
2023-07-11 13:00:00+02:00,587.1,411.62,257.5,22.71,3.01
2023-07-11 14:00:00+02:00,528.65,482.59,195.41,22.72,3.04
2023-07-11 15:00:00+02:00,498.58,352.01,247.5,22.51,3.09
2023-07-11 16:00:00+02:00,421.0,346.59,219.28,22.38,3.08
2023-07-11 17:00:00+02:00,327.33,306.62,167.17,21.68,2.91
2023-07-11 18:00:00+02:00,222.1,355.91,104.66,21.16,2.82
2023-07-11 19:00:00+02:00,141.05,243.32,85.63,20.58,2.85
2023-07-11 20:00:00+02:00,66.5,95.58,50.79,19.58,2.84
2023-07-11 21:00:00+02:00,13.52,15.95,16.11,18.16,2.71
2023-07-11 22:00:00+02:00,0.0,0.0,0.0,17.18,2.72
2023-07-11 23:00:00+02:00,0.0,0.0,0.0,16.51,2.67
2023-07-12 00:00:00+02:00,0.0,0.0,0.0,16.1,2.67
2023-07-12 01:00:00+02:00,0.0,0.0,0.0,15.82,2.6
2023-07-12 02:00:00+02:00,0.0,0.0,0.0,15.63,2.59
2023-07-12 03:00:00+02:00,0.0,0.0,0.0,15.42,2.61
2023-07-12 04:00:00+02:00,12.27,0.0,12.88,15.26,2.55
2023-07-12 05:00:00+02:00,41.72,8.98,36.1,15.38,2.41
2023-07-12 06:00:00+02:00,93.7,19.47,80.56,15.62,2.26
2023-07-12 07:00:00+02:00,140.82,31.72,119.97,16.02,2.36
2023-07-12 08:00:00+02:00,197.7,59.32,165.05,16.65,2.41
2023-07-12 09:00:00+02:00,275.23,280.84,193.95,17.0,1.94
2023-07-12 10:00:00+02:00,401.73,34.72,322.37,17.74,2.78
2023-07-12 11:00:00+02:00,439.05,55.87,338.85,18.55,2.92
2023-07-12 12:00:00+02:00,376.3,28.81,305.56,19.33,2.73
2023-07-12 13:00:00+02:00,310.7,0.12,256.33,20.03,2.78
2023-07-12 14:00:00+02:00,224.43,1.53,183.25,20.46,2.86
2023-07-12 15:00:00+02:00,241.4,0.28,201.72,20.39,3.12
2023-07-12 16:00:00+02:00,216.57,0.0,185.94,19.51,3.17
2023-07-12 17:00:00+02:00,139.2,0.0,121.71,18.38,3.2
2023-07-12 18:00:00+02:00,97.45,0.0,85.32,17.65,3.34
2023-07-12 19:00:00+02:00,55.9,0.0,48.34,17.17,3.44
2023-07-12 20:00:00+02:00,29.12,0.0,25.41,16.61,3.42
2023-07-12 21:00:00+02:00,5.07,0.0,5.33,16.1,3.38
2023-07-12 22:00:00+02:00,0.0,0.0,0.0,15.75,2.99
2023-07-12 23:00:00+02:00,0.0,0.0,0.0,15.55,2.42
2023-07-13 00:00:00+02:00,0.0,0.0,0.0,15.47,2.13
2023-07-13 01:00:00+02:00,0.0,0.0,0.0,15.36,1.81
2023-07-13 02:00:00+02:00,0.0,0.0,0.0,15.12,1.91
2023-07-13 03:00:00+02:00,0.0,0.0,0.0,14.73,2.1
2023-07-13 04:00:00+02:00,10.88,15.71,12.97,14.47,2.41
2023-07-13 05:00:00+02:00,57.03,130.65,37.99,14.59,2.53
2023-07-13 06:00:00+02:00,122.8,226.61,65.48,14.93,2.84
2023-07-13 07:00:00+02:00,191.88,307.95,99.98,15.52,3.08
2023-07-13 08:00:00+02:00,294.55,250.32,189.93,16.97,3.27
2023-07-13 09:00:00+02:00,382.4,427.4,200.42,18.41,3.46
2023-07-13 10:00:00+02:00,515.9,287.6,312.38,19.3,3.57
2023-07-13 11:00:00+02:00,580.88,237.55,361.97,19.86,3.61
2023-07-13 12:00:00+02:00,634.17,279.9,375.42,20.32,3.57
2023-07-13 13:00:00+02:00,592.22,536.36,197.54,20.67,3.5
2023-07-13 14:00:00+02:00,610.97,370.17,301.06,20.87,3.46
2023-07-13 15:00:00+02:00,532.72,308.36,299.64,20.87,3.44
2023-07-13 16:00:00+02:00,435.2,317.24,242.89,20.71,3.38
2023-07-13 17:00:00+02:00,352.8,323.03,197.32,20.42,3.29
2023-07-13 18:00:00+02:00,245.25,272.85,140.98,20.0,3.11
2023-07-13 19:00:00+02:00,152.38,244.69,94.26,19.25,2.67
2023-07-13 20:00:00+02:00,66.53,114.44,48.46,17.96,2.18
2023-07-13 21:00:00+02:00,12.32,25.27,14.09,15.96,2.12
2023-07-13 22:00:00+02:00,0.0,0.0,0.0,15.25,2.42
2023-07-13 23:00:00+02:00,0.0,0.0,0.0,14.76,2.29
2023-07-14 00:00:00+02:00,0.0,0.0,0.0,14.31,2.3
2023-07-14 01:00:00+02:00,0.0,0.0,0.0,14.1,2.38
2023-07-14 02:00:00+02:00,0.0,0.0,0.0,13.75,2.36
2023-07-14 03:00:00+02:00,0.0,0.0,0.0,13.36,2.3
2023-07-14 04:00:00+02:00,12.7,54.27,12.71,13.38,2.27
2023-07-14 05:00:00+02:00,66.3,218.87,34.83,14.49,2.22
2023-07-14 06:00:00+02:00,135.77,294.37,63.87,15.51,2.42
2023-07-14 07:00:00+02:00,197.15,356.88,82.53,16.82,2.48
2023-07-14 08:00:00+02:00,259.2,418.6,108.41,18.19,2.55
2023-07-14 09:00:00+02:00,355.45,158.07,240.05,19.41,2.75
2023-07-14 10:00:00+02:00,525.15,435.66,224.25,20.46,3.0
2023-07-14 11:00:00+02:00,683.67,615.79,218.35,21.37,3.25
2023-07-14 12:00:00+02:00,684.03,593.9,237.15,22.04,3.46
2023-07-14 13:00:00+02:00,660.08,726.63,128.33,22.47,3.61
2023-07-14 14:00:00+02:00,649.3,639.83,196.44,22.63,3.67
2023-07-14 15:00:00+02:00,605.1,556.66,217.17,22.59,3.62
2023-07-14 16:00:00+02:00,510.1,562.97,168.69,22.24,3.49
2023-07-14 17:00:00+02:00,411.7,557.91,146.25,21.73,3.23
2023-07-14 18:00:00+02:00,289.6,487.07,114.64,21.01,2.86
2023-07-14 19:00:00+02:00,176.02,390.65,78.69,20.13,2.55
2023-07-14 20:00:00+02:00,76.25,222.29,41.36,18.7,2.23
2023-07-14 21:00:00+02:00,12.45,50.95,12.52,17.04,2.4
2023-07-14 22:00:00+02:00,0.0,0.0,0.0,16.2,2.56
2023-07-14 23:00:00+02:00,0.0,0.0,0.0,15.13,2.29
2023-07-15 00:00:00+02:00,0.0,0.0,0.0,14.44,2.3
2023-07-15 01:00:00+02:00,0.0,0.0,0.0,14.11,2.34
2023-07-15 02:00:00+02:00,0.0,0.0,0.0,13.54,2.24
2023-07-15 03:00:00+02:00,0.0,0.0,0.0,13.0,2.1
2023-07-15 04:00:00+02:00,12.95,72.77,11.02,12.75,1.85
2023-07-15 05:00:00+02:00,76.93,279.46,39.18,14.13,1.75
2023-07-15 06:00:00+02:00,164.93,367.85,74.81,15.36,1.48
2023-07-15 07:00:00+02:00,258.0,350.64,133.44,16.98,1.66
2023-07-15 08:00:00+02:00,354.25,272.46,228.97,17.35,1.6
2023-07-15 09:00:00+02:00,460.05,238.92,312.67,17.39,1.69
2023-07-15 10:00:00+02:00,442.98,31.32,367.72,17.72,1.71
2023-07-15 11:00:00+02:00,563.4,177.96,412.79,19.71,1.87
2023-07-15 12:00:00+02:00,624.62,239.16,418.95,21.48,1.75
2023-07-15 13:00:00+02:00,687.28,562.84,245.07,22.68,1.75
2023-07-15 14:00:00+02:00,532.08,353.0,278.06,23.44,1.86
2023-07-15 15:00:00+02:00,566.92,425.86,259.58,23.76,2.0
2023-07-15 16:00:00+02:00,445.15,458.41,170.57,23.74,2.24
2023-07-15 17:00:00+02:00,299.02,330.26,145.37,23.26,2.47
2023-07-15 18:00:00+02:00,201.8,217.83,128.71,22.18,2.67
2023-07-15 19:00:00+02:00,114.97,114.12,81.68,21.19,3.12
2023-07-15 20:00:00+02:00,48.55,38.12,40.49,20.51,3.36
2023-07-15 21:00:00+02:00,7.4,2.49,8.96,19.51,3.34
2023-07-15 22:00:00+02:00,0.0,0.0,0.0,18.61,3.27
2023-07-15 23:00:00+02:00,0.0,0.0,0.0,18.01,3.52
2023-07-16 00:00:00+02:00,0.0,0.0,0.0,17.65,3.68
2023-07-16 01:00:00+02:00,0.0,0.0,0.0,17.51,3.94
2023-07-16 02:00:00+02:00,0.0,0.0,0.0,17.53,4.47
2023-07-16 03:00:00+02:00,0.0,0.0,0.0,17.71,4.8
2023-07-16 04:00:00+02:00,4.38,0.0,4.68,17.29,4.69
2023-07-16 05:00:00+02:00,16.67,0.0,14.57,16.76,3.98
2023-07-16 06:00:00+02:00,38.0,0.0,32.86,16.67,3.25
2023-07-16 07:00:00+02:00,65.0,0.0,56.48,16.85,3.14
2023-07-16 08:00:00+02:00,94.0,0.0,78.07,17.24,2.95
2023-07-16 09:00:00+02:00,85.35,0.0,73.28,17.57,2.98
2023-07-16 10:00:00+02:00,72.68,13.62,59.05,18.06,3.16
2023-07-16 11:00:00+02:00,60.97,11.26,48.49,18.32,3.85
2023-07-16 12:00:00+02:00,347.4,257.42,190.58,18.34,3.96
2023-07-16 13:00:00+02:00,472.02,380.95,209.15,19.63,3.6
2023-07-16 14:00:00+02:00,618.8,380.82,314.38,21.17,3.88
2023-07-16 15:00:00+02:00,568.3,484.2,248.74,21.69,3.91
2023-07-16 16:00:00+02:00,466.33,437.53,191.3,21.8,4.19
2023-07-16 17:00:00+02:00,319.15,391.44,136.63,21.63,4.12
2023-07-16 18:00:00+02:00,224.27,315.31,116.32,20.89,3.97
2023-07-16 19:00:00+02:00,142.55,236.53,83.59,20.02,4.02
2023-07-16 20:00:00+02:00,62.22,120.17,45.4,19.07,3.98
2023-07-16 21:00:00+02:00,9.55,11.52,12.13,18.06,3.82
2023-07-16 22:00:00+02:00,0.0,0.0,0.0,17.3,3.71
2023-07-16 23:00:00+02:00,0.0,0.0,0.0,16.77,3.7
2023-07-17 00:00:00+02:00,0.0,0.0,0.0,16.32,3.73
2023-07-17 01:00:00+02:00,0.0,0.0,0.0,15.84,3.54
2023-07-17 02:00:00+02:00,0.0,0.0,0.0,15.51,3.5
2023-07-17 03:00:00+02:00,0.0,0.0,0.0,15.35,3.53
2023-07-17 04:00:00+02:00,9.4,11.69,11.67,15.25,3.58
2023-07-17 05:00:00+02:00,54.58,82.8,41.06,15.43,3.71
2023-07-17 06:00:00+02:00,122.05,146.28,83.55,15.8,3.85
2023-07-17 07:00:00+02:00,188.62,218.55,123.66,16.36,4.0
2023-07-17 08:00:00+02:00,254.9,320.68,136.86,17.21,4.25
2023-07-17 09:00:00+02:00,376.4,131.44,266.01,18.22,4.52
2023-07-17 10:00:00+02:00,432.12,263.42,234.75,18.86,4.73
2023-07-17 11:00:00+02:00,427.38,160.56,268.61,19.12,4.74
2023-07-17 12:00:00+02:00,436.05,244.11,245.76,19.05,4.72
2023-07-17 13:00:00+02:00,528.85,268.48,304.27,18.55,4.6
2023-07-17 14:00:00+02:00,541.9,344.43,268.43,18.08,4.36
2023-07-17 15:00:00+02:00,474.52,243.94,285.02,17.84,4.19
2023-07-17 16:00:00+02:00,362.85,114.18,277.35,17.71,4.11
2023-07-17 17:00:00+02:00,289.88,182.18,204.84,17.52,3.96
2023-07-17 18:00:00+02:00,218.65,224.71,142.7,17.28,3.8
2023-07-17 19:00:00+02:00,140.68,226.56,84.22,16.98,3.63
2023-07-17 20:00:00+02:00,64.45,151.91,42.47,16.48,3.49
2023-07-17 21:00:00+02:00,9.77,21.01,11.33,15.9,3.57
2023-07-17 22:00:00+02:00,0.0,0.0,0.0,15.38,3.63
2023-07-17 23:00:00+02:00,0.0,0.0,0.0,14.97,3.69
2023-07-18 00:00:00+02:00,0.0,0.0,0.0,14.59,3.73
2023-07-18 01:00:00+02:00,0.0,0.0,0.0,14.3,3.74
2023-07-18 02:00:00+02:00,0.0,0.0,0.0,14.18,3.74
2023-07-18 03:00:00+02:00,0.0,0.0,0.0,14.1,3.72
2023-07-18 04:00:00+02:00,8.38,28.16,10.06,13.96,3.66
2023-07-18 05:00:00+02:00,59.67,139.48,40.95,14.15,3.65
2023-07-18 06:00:00+02:00,144.93,326.57,78.36,14.76,3.89
2023-07-18 07:00:00+02:00,250.12,402.01,112.02,15.75,4.3
2023-07-18 08:00:00+02:00,357.2,539.6,119.8,16.97,4.59
2023-07-18 09:00:00+02:00,456.65,616.94,119.67,18.07,4.73
2023-07-18 10:00:00+02:00,513.22,532.97,210.57,18.99,4.8
2023-07-18 11:00:00+02:00,546.1,282.46,349.64,19.6,4.76
2023-07-18 12:00:00+02:00,565.38,263.85,331.17,19.91,4.68
2023-07-18 13:00:00+02:00,514.03,399.73,228.92,20.15,4.58
2023-07-18 14:00:00+02:00,464.25,224.79,274.1,19.97,4.41
2023-07-18 15:00:00+02:00,413.05,173.96,274.18,19.88,4.22
2023-07-18 16:00:00+02:00,346.23,181.14,232.19,19.34,3.86
2023-07-18 17:00:00+02:00,273.8,127.2,196.32,19.09,3.65
2023-07-18 18:00:00+02:00,183.2,98.96,144.09,18.73,3.47
2023-07-18 19:00:00+02:00,101.45,62.06,83.14,17.97,3.25
2023-07-18 20:00:00+02:00,41.62,41.61,33.09,16.85,2.98
2023-07-18 21:00:00+02:00,6.75,9.16,9.24,15.59,2.82
2023-07-18 22:00:00+02:00,0.0,0.0,0.0,14.54,2.5
2023-07-18 23:00:00+02:00,0.0,0.0,0.0,13.92,2.44
2023-07-19 00:00:00+02:00,0.0,0.0,0.0,13.48,2.43
2023-07-19 01:00:00+02:00,0.0,0.0,0.0,13.03,2.34
2023-07-19 02:00:00+02:00,0.0,0.0,0.0,12.58,2.27
2023-07-19 03:00:00+02:00,0.0,0.0,0.0,12.17,2.19
2023-07-19 04:00:00+02:00,7.72,25.92,9.11,12.0,2.15
2023-07-19 05:00:00+02:00,58.3,173.46,37.44,12.62,1.97
2023-07-19 06:00:00+02:00,136.6,268.55,75.44,13.65,2.1
2023-07-19 07:00:00+02:00,223.82,389.3,117.97,15.09,2.06
2023-07-19 08:00:00+02:00,319.48,402.63,163.03,16.48,2.0
2023-07-19 09:00:00+02:00,426.52,446.75,215.84,17.74,2.14
2023-07-19 10:00:00+02:00,540.8,424.47,304.39,18.68,2.27
2023-07-19 11:00:00+02:00,610.35,315.01,396.41,19.31,2.48
2023-07-19 12:00:00+02:00,616.22,384.27,316.46,19.0,2.77
2023-07-19 13:00:00+02:00,478.67,183.74,291.73,17.99,3.0
2023-07-19 14:00:00+02:00,408.3,35.44,319.0,17.41,3.08
2023-07-19 15:00:00+02:00,301.95,14.16,251.77,17.24,2.98
2023-07-19 16:00:00+02:00,302.2,35.4,255.35,17.23,2.75
2023-07-19 17:00:00+02:00,216.48,19.37,182.64,17.3,2.44
2023-07-19 18:00:00+02:00,141.85,21.99,119.77,17.3,2.22
2023-07-19 19:00:00+02:00,77.5,20.59,66.61,16.77,2.21
2023-07-19 20:00:00+02:00,30.92,12.41,27.57,15.55,2.14
2023-07-19 21:00:00+02:00,5.4,4.11,5.75,14.17,2.5
2023-07-19 22:00:00+02:00,0.0,0.0,0.0,13.69,2.82
2023-07-19 23:00:00+02:00,0.0,0.0,0.0,13.09,2.78
2023-07-20 00:00:00+02:00,0.0,0.0,0.0,12.47,2.63
2023-07-20 01:00:00+02:00,0.0,0.0,0.0,12.03,2.46
2023-07-20 02:00:00+02:00,0.0,0.0,0.0,11.73,2.27
2023-07-20 03:00:00+02:00,0.0,0.0,0.0,11.57,2.15
2023-07-20 04:00:00+02:00,6.62,21.68,8.14,11.49,2.08
2023-07-20 05:00:00+02:00,51.3,136.39,35.39,12.11,2.02
2023-07-20 06:00:00+02:00,149.3,281.51,76.33,12.97,2.08
2023-07-20 07:00:00+02:00,263.98,512.68,105.59,14.03,2.27
2023-07-20 08:00:00+02:00,392.8,576.03,129.68,15.23,2.26
2023-07-20 09:00:00+02:00,527.88,685.13,146.1,16.43,2.26
2023-07-20 10:00:00+02:00,601.78,586.33,203.48,17.45,2.24
2023-07-20 11:00:00+02:00,578.6,404.72,268.92,18.27,2.29
2023-07-20 12:00:00+02:00,554.8,357.18,277.02,18.98,2.37
2023-07-20 13:00:00+02:00,545.9,401.38,234.1,19.51,2.45
2023-07-20 14:00:00+02:00,557.45,398.59,252.24,19.59,2.57
2023-07-20 15:00:00+02:00,496.25,379.76,225.95,19.14,2.6
2023-07-20 16:00:00+02:00,361.67,275.45,196.49,18.76,2.62
2023-07-20 17:00:00+02:00,273.77,182.26,178.91,18.49,2.58
2023-07-20 18:00:00+02:00,184.38,132.19,132.0,18.01,2.33
2023-07-20 19:00:00+02:00,107.0,109.32,82.87,17.4,1.96
2023-07-20 20:00:00+02:00,42.42,50.73,35.0,15.97,1.76
2023-07-20 21:00:00+02:00,5.75,6.34,7.56,14.15,2.06
2023-07-20 22:00:00+02:00,0.0,0.0,0.0,13.72,2.26
2023-07-20 23:00:00+02:00,0.0,0.0,0.0,13.43,2.26
2023-07-21 00:00:00+02:00,0.0,0.0,0.0,12.92,2.2
2023-07-21 01:00:00+02:00,0.0,0.0,0.0,12.48,2.19
2023-07-21 02:00:00+02:00,0.0,0.0,0.0,12.08,2.15
2023-07-21 03:00:00+02:00,0.0,0.0,0.0,11.73,2.11
2023-07-21 04:00:00+02:00,5.88,15.51,8.66,11.6,2.07
2023-07-21 05:00:00+02:00,50.67,119.13,33.49,12.73,2.01
2023-07-21 06:00:00+02:00,128.6,219.18,79.87,13.74,1.82
2023-07-21 07:00:00+02:00,221.05,251.69,139.7,14.91,1.93
2023-07-21 08:00:00+02:00,332.0,269.62,208.46,16.24,2.07
2023-07-21 09:00:00+02:00,443.48,324.69,246.1,17.48,2.32
2023-07-21 10:00:00+02:00,554.42,485.35,215.22,18.36,2.48
2023-07-21 11:00:00+02:00,644.08,406.66,319.81,18.97,2.54
2023-07-21 12:00:00+02:00,590.85,430.78,243.1,19.39,2.59
2023-07-21 13:00:00+02:00,614.92,441.26,252.52,19.87,2.65
2023-07-21 14:00:00+02:00,530.92,326.26,272.6,20.29,2.78
2023-07-21 15:00:00+02:00,427.98,282.69,230.06,20.32,2.94
2023-07-21 16:00:00+02:00,314.83,152.93,207.43,19.96,3.08
2023-07-21 17:00:00+02:00,283.98,190.13,196.58,19.2,3.05
2023-07-21 18:00:00+02:00,188.05,170.45,134.84,18.36,2.84
2023-07-21 19:00:00+02:00,112.43,116.49,88.36,17.37,2.52
2023-07-21 20:00:00+02:00,45.3,66.52,38.35,15.86,2.08
2023-07-21 21:00:00+02:00,5.72,5.83,8.95,13.97,2.11
2023-07-21 22:00:00+02:00,0.0,0.0,0.0,13.22,2.21
2023-07-21 23:00:00+02:00,0.0,0.0,0.0,12.79,2.22
2023-07-22 00:00:00+02:00,0.0,0.0,0.0,12.44,2.29
2023-07-22 01:00:00+02:00,0.0,0.0,0.0,12.01,2.29
2023-07-22 02:00:00+02:00,0.0,0.0,0.0,11.52,2.23
2023-07-22 03:00:00+02:00,0.0,0.0,0.0,11.03,2.16
2023-07-22 04:00:00+02:00,6.32,17.25,8.28,10.7,2.12
2023-07-22 05:00:00+02:00,66.43,218.51,34.28,11.86,2.06
2023-07-22 06:00:00+02:00,168.93,437.52,63.57,13.11,1.87
2023-07-22 07:00:00+02:00,287.95,573.11,84.23,14.58,2.05
2023-07-22 08:00:00+02:00,417.25,655.46,103.12,16.02,2.08
2023-07-22 09:00:00+02:00,548.38,714.9,127.83,17.32,2.21
2023-07-22 10:00:00+02:00,645.4,742.18,134.95,18.44,2.36
2023-07-22 11:00:00+02:00,658.83,576.28,237.76,19.29,2.51
2023-07-22 12:00:00+02:00,618.75,657.04,147.59,19.8,2.69
2023-07-22 13:00:00+02:00,668.65,512.98,258.47,19.82,2.87
2023-07-22 14:00:00+02:00,528.5,547.71,158.66,19.58,2.98
2023-07-22 15:00:00+02:00,506.6,420.84,231.0,19.11,2.97
2023-07-22 16:00:00+02:00,418.73,274.29,263.73,18.22,2.79
2023-07-22 17:00:00+02:00,311.2,205.0,204.77,17.49,2.64
2023-07-22 18:00:00+02:00,206.25,149.45,153.77,17.0,2.47
2023-07-22 19:00:00+02:00,117.0,99.17,89.55,16.24,2.24
2023-07-22 20:00:00+02:00,44.75,38.66,37.68,15.07,2.0
2023-07-22 21:00:00+02:00,4.38,3.45,6.06,13.49,2.04
2023-07-22 22:00:00+02:00,0.0,0.0,0.0,12.74,2.17
2023-07-22 23:00:00+02:00,0.0,0.0,0.0,12.14,2.06
2023-07-23 00:00:00+02:00,0.0,0.0,0.0,11.41,1.96
2023-07-23 01:00:00+02:00,0.0,0.0,0.0,10.83,1.95
2023-07-23 02:00:00+02:00,0.0,0.0,0.0,10.4,1.99
2023-07-23 03:00:00+02:00,0.0,0.0,0.0,10.1,2.04
2023-07-23 04:00:00+02:00,5.88,23.64,7.79,10.05,2.06
2023-07-23 05:00:00+02:00,64.1,227.71,36.84,11.53,2.02
2023-07-23 06:00:00+02:00,159.35,392.84,71.1,12.65,1.76
2023-07-23 07:00:00+02:00,267.38,453.41,106.25,13.78,1.88
2023-07-23 08:00:00+02:00,382.02,519.25,141.34,15.07,1.97
2023-07-23 09:00:00+02:00,485.98,602.86,154.81,16.21,1.99
2023-07-23 10:00:00+02:00,585.05,611.85,174.73,17.23,2.03
2023-07-23 11:00:00+02:00,615.05,532.31,223.92,18.11,2.14
2023-07-23 12:00:00+02:00,610.53,609.51,173.92,18.82,2.15
2023-07-23 13:00:00+02:00,638.72,519.36,257.82,19.11,2.14
2023-07-23 14:00:00+02:00,543.25,563.23,164.89,19.39,2.08
2023-07-23 15:00:00+02:00,539.25,314.93,290.75,19.45,2.0
2023-07-23 16:00:00+02:00,425.25,453.81,189.0,19.42,1.91
2023-07-23 17:00:00+02:00,349.2,388.44,169.59,18.93,1.74
2023-07-23 18:00:00+02:00,243.32,353.44,125.92,18.64,1.56
2023-07-23 19:00:00+02:00,145.7,309.89,75.24,17.98,1.34
2023-07-23 20:00:00+02:00,59.97,194.9,38.06,16.09,1.55
2023-07-23 21:00:00+02:00,5.35,16.83,7.22,14.53,2.07
2023-07-23 22:00:00+02:00,0.0,0.0,0.0,13.69,2.19
2023-07-23 23:00:00+02:00,0.0,0.0,0.0,13.23,2.15
2023-07-24 00:00:00+02:00,0.0,0.0,0.0,13.09,1.96
2023-07-24 01:00:00+02:00,0.0,0.0,0.0,13.14,1.62
2023-07-24 02:00:00+02:00,0.0,0.0,0.0,13.48,1.04
2023-07-24 03:00:00+02:00,0.0,0.0,0.0,13.82,0.23
2023-07-24 04:00:00+02:00,5.07,21.39,6.43,13.4,0.87
2023-07-24 05:00:00+02:00,62.33,211.25,35.64,12.87,1.36
2023-07-24 06:00:00+02:00,164.38,426.26,66.53,14.34,1.26
2023-07-24 07:00:00+02:00,282.45,515.52,102.86,16.01,1.58
2023-07-24 08:00:00+02:00,410.27,580.85,140.38,17.76,1.91
2023-07-24 09:00:00+02:00,532.45,699.02,147.91,19.25,2.1
2023-07-24 10:00:00+02:00,629.38,749.73,168.52,20.55,2.26
2023-07-24 11:00:00+02:00,665.97,630.41,220.17,21.63,2.41
2023-07-24 12:00:00+02:00,647.4,470.71,288.93,22.43,2.58
2023-07-24 13:00:00+02:00,562.9,556.6,198.64,22.99,2.83
2023-07-24 14:00:00+02:00,584.0,383.15,298.73,23.23,3.1
2023-07-24 15:00:00+02:00,509.48,423.96,222.0,22.94,3.34
2023-07-24 16:00:00+02:00,406.6,439.66,168.64,22.5,3.54
2023-07-24 17:00:00+02:00,308.52,363.12,156.87,21.6,3.59
2023-07-24 18:00:00+02:00,206.12,281.36,125.59,20.35,3.58
2023-07-24 19:00:00+02:00,116.22,166.42,78.27,18.93,3.4
2023-07-24 20:00:00+02:00,42.47,65.2,35.17,17.46,3.14
2023-07-24 21:00:00+02:00,3.45,3.76,4.78,16.25,2.95
2023-07-24 22:00:00+02:00,0.0,0.0,0.0,15.51,2.83
2023-07-24 23:00:00+02:00,0.0,0.0,0.0,15.08,2.79
2023-07-25 00:00:00+02:00,0.0,0.0,0.0,15.06,2.73
2023-07-25 01:00:00+02:00,0.0,0.0,0.0,15.14,2.71
2023-07-25 02:00:00+02:00,0.0,0.0,0.0,15.15,2.46
2023-07-25 03:00:00+02:00,0.0,0.0,0.0,15.23,2.4
2023-07-25 04:00:00+02:00,2.88,1.18,4.35,15.27,2.14
2023-07-25 05:00:00+02:00,31.42,24.97,28.42,15.5,1.98
2023-07-25 06:00:00+02:00,91.2,62.97,74.89,15.71,1.74
2023-07-25 07:00:00+02:00,142.35,83.25,114.04,15.94,1.48
2023-07-25 08:00:00+02:00,213.2,79.09,167.62,16.07,1.5
2023-07-25 09:00:00+02:00,287.88,15.55,242.41,16.43,1.65
2023-07-25 10:00:00+02:00,334.2,41.88,259.12,17.68,1.75
2023-07-25 11:00:00+02:00,344.25,34.57,272.33,19.56,1.87
2023-07-25 12:00:00+02:00,454.2,119.36,318.34,20.65,2.08
2023-07-25 13:00:00+02:00,413.05,140.39,263.07,21.51,2.31
2023-07-25 14:00:00+02:00,413.88,119.16,281.58,21.77,2.55
2023-07-25 15:00:00+02:00,415.42,74.73,300.7,21.74,2.88
2023-07-25 16:00:00+02:00,301.6,95.92,211.88,21.52,3.17
2023-07-25 17:00:00+02:00,238.12,100.96,180.38,21.15,3.17
2023-07-25 18:00:00+02:00,153.73,81.17,123.76,20.53,2.94
2023-07-25 19:00:00+02:00,88.18,74.42,68.98,19.42,2.41
2023-07-25 20:00:00+02:00,30.83,32.86,27.82,17.35,2.02
2023-07-25 21:00:00+02:00,2.88,4.26,4.13,15.0,2.18
2023-07-25 22:00:00+02:00,0.0,0.0,0.0,14.08,2.31
2023-07-25 23:00:00+02:00,0.0,0.0,0.0,13.58,2.33
2023-07-26 00:00:00+02:00,0.0,0.0,0.0,13.12,2.32
2023-07-26 01:00:00+02:00,0.0,0.0,0.0,12.62,2.26
2023-07-26 02:00:00+02:00,0.0,0.0,0.0,12.07,2.19
2023-07-26 03:00:00+02:00,0.0,0.0,0.0,11.55,2.16
2023-07-26 04:00:00+02:00,3.3,14.62,4.69,11.31,2.16
2023-07-26 05:00:00+02:00,40.03,156.23,27.07,12.74,2.26
2023-07-26 06:00:00+02:00,97.5,236.79,52.24,13.84,2.34
2023-07-26 07:00:00+02:00,151.85,252.18,77.56,14.97,2.51
2023-07-26 08:00:00+02:00,213.1,295.67,105.96,16.23,2.63
2023-07-26 09:00:00+02:00,294.88,21.23,252.56,17.48,2.83
2023-07-26 10:00:00+02:00,339.6,31.36,283.01,18.63,3.02
2023-07-26 11:00:00+02:00,393.85,598.62,140.29,19.55,3.16
2023-07-26 12:00:00+02:00,569.53,308.44,327.33,20.16,3.2
2023-07-26 13:00:00+02:00,544.12,512.89,201.9,20.47,3.18
2023-07-26 14:00:00+02:00,624.5,441.0,288.62,20.38,3.1
2023-07-26 15:00:00+02:00,574.5,475.78,241.87,20.31,2.97
2023-07-26 16:00:00+02:00,470.7,549.72,171.55,20.04,2.86
2023-07-26 17:00:00+02:00,366.38,488.17,146.18,19.75,2.74
2023-07-26 18:00:00+02:00,254.95,441.79,112.45,19.25,2.59
2023-07-26 19:00:00+02:00,148.93,340.84,74.49,18.25,2.26
2023-07-26 20:00:00+02:00,54.83,161.04,37.19,16.42,2.11
2023-07-26 21:00:00+02:00,3.65,16.31,4.94,14.27,2.18
2023-07-26 22:00:00+02:00,0.0,0.0,0.0,13.5,2.23
2023-07-26 23:00:00+02:00,0.0,0.0,0.0,12.92,2.16
2023-07-27 00:00:00+02:00,0.0,0.0,0.0,12.25,2.09
2023-07-27 01:00:00+02:00,0.0,0.0,0.0,11.71,2.06
2023-07-27 02:00:00+02:00,0.0,0.0,0.0,11.24,1.99
2023-07-27 03:00:00+02:00,0.0,0.0,0.0,10.79,1.96
2023-07-27 04:00:00+02:00,0.0,0.0,0.0,10.43,1.9
2023-07-27 05:00:00+02:00,59.33,194.1,37.19,11.7,1.77
2023-07-27 06:00:00+02:00,143.5,347.91,68.3,13.03,1.74
2023-07-27 07:00:00+02:00,231.52,321.55,131.57,14.31,1.82
2023-07-27 08:00:00+02:00,335.35,342.75,192.11,15.48,2.11
2023-07-27 09:00:00+02:00,428.15,276.33,246.07,16.64,2.34
2023-07-27 10:00:00+02:00,532.12,398.98,266.45,17.65,2.48
2023-07-27 11:00:00+02:00,559.12,468.08,244.13,18.51,2.6
2023-07-27 12:00:00+02:00,509.45,566.9,147.89,18.79,2.66
2023-07-27 13:00:00+02:00,520.33,213.63,323.77,18.84,2.6
2023-07-27 14:00:00+02:00,471.17,291.49,241.96,18.69,2.48
2023-07-27 15:00:00+02:00,418.92,168.93,277.06,18.25,2.31
2023-07-27 16:00:00+02:00,338.8,217.63,211.25,17.47,2.04
2023-07-27 17:00:00+02:00,255.98,145.33,184.42,16.66,1.71
2023-07-27 18:00:00+02:00,177.93,105.64,137.17,15.94,1.36
2023-07-27 19:00:00+02:00,96.6,68.28,77.6,15.14,1.14
2023-07-27 20:00:00+02:00,38.62,24.94,34.72,14.06,1.11
2023-07-27 21:00:00+02:00,0.0,0.0,0.0,13.37,1.32
2023-07-27 22:00:00+02:00,0.0,0.0,0.0,13.24,1.38
2023-07-27 23:00:00+02:00,0.0,0.0,0.0,13.21,1.39
2023-07-28 00:00:00+02:00,0.0,0.0,0.0,13.17,1.33
2023-07-28 01:00:00+02:00,0.0,0.0,0.0,13.09,1.31
2023-07-28 02:00:00+02:00,0.0,0.0,0.0,13.07,1.36
2023-07-28 03:00:00+02:00,0.0,0.0,0.0,13.11,1.28
2023-07-28 04:00:00+02:00,0.0,0.0,0.0,13.02,1.33
2023-07-28 05:00:00+02:00,27.25,21.15,24.56,13.25,1.06
2023-07-28 06:00:00+02:00,75.45,35.27,62.73,13.94,0.9
2023-07-28 07:00:00+02:00,141.48,47.59,116.05,14.89,1.1
2023-07-28 08:00:00+02:00,216.73,40.23,174.75,15.78,1.31
2023-07-28 09:00:00+02:00,300.15,60.83,237.55,16.15,1.51
2023-07-28 10:00:00+02:00,358.67,114.55,248.71,16.41,1.71
2023-07-28 11:00:00+02:00,396.9,126.66,267.29,16.34,1.89
2023-07-28 12:00:00+02:00,397.02,152.57,246.0,16.78,2.03
2023-07-28 13:00:00+02:00,233.25,73.89,165.71,17.18,2.17
2023-07-28 14:00:00+02:00,342.17,82.94,247.65,17.11,2.14
2023-07-28 15:00:00+02:00,332.7,25.67,278.11,17.17,2.1
2023-07-28 16:00:00+02:00,251.57,29.28,213.87,17.04,2.03
2023-07-28 17:00:00+02:00,223.75,153.33,154.9,16.77,1.77
2023-07-28 18:00:00+02:00,170.12,197.68,108.21,16.5,1.47
2023-07-28 19:00:00+02:00,113.2,209.0,70.45,16.14,1.3
2023-07-28 20:00:00+02:00,49.7,138.66,34.88,14.65,1.62
2023-07-28 21:00:00+02:00,0.0,0.0,0.0,13.14,2.19
2023-07-28 22:00:00+02:00,0.0,0.0,0.0,12.57,2.19
2023-07-28 23:00:00+02:00,0.0,0.0,0.0,12.34,2.33
2023-07-29 00:00:00+02:00,0.0,0.0,0.0,12.2,2.36
2023-07-29 01:00:00+02:00,0.0,0.0,0.0,12.25,2.44
2023-07-29 02:00:00+02:00,0.0,0.0,0.0,12.4,2.53
2023-07-29 03:00:00+02:00,0.0,0.0,0.0,12.37,2.59
2023-07-29 04:00:00+02:00,0.0,0.0,0.0,12.52,2.69
2023-07-29 05:00:00+02:00,55.78,244.08,27.19,13.27,2.64
2023-07-29 06:00:00+02:00,154.57,468.86,52.29,14.26,2.35
2023-07-29 07:00:00+02:00,277.67,607.6,71.06,15.86,2.52
2023-07-29 08:00:00+02:00,405.58,705.25,79.91,17.84,2.61
2023-07-29 09:00:00+02:00,522.58,762.49,91.17,19.55,2.61
2023-07-29 10:00:00+02:00,618.78,791.72,97.78,20.92,2.67
2023-07-29 11:00:00+02:00,679.25,802.38,107.93,22.02,2.83
2023-07-29 12:00:00+02:00,738.33,825.95,117.92,22.83,3.01
2023-07-29 13:00:00+02:00,693.6,756.44,136.59,23.4,3.11
2023-07-29 14:00:00+02:00,656.92,596.86,242.44,23.69,3.19
2023-07-29 15:00:00+02:00,588.95,622.22,194.4,23.69,3.21
2023-07-29 16:00:00+02:00,509.08,648.3,138.64,23.38,3.1
2023-07-29 17:00:00+02:00,378.75,605.51,111.92,22.88,2.82
2023-07-29 18:00:00+02:00,256.38,445.61,110.49,22.18,2.43
2023-07-29 19:00:00+02:00,141.95,308.6,81.62,20.93,1.89
2023-07-29 20:00:00+02:00,50.38,108.0,41.64,18.37,1.76
2023-07-29 21:00:00+02:00,0.0,0.0,0.0,16.48,2.33
2023-07-29 22:00:00+02:00,0.0,0.0,0.0,16.15,2.33
2023-07-29 23:00:00+02:00,0.0,0.0,0.0,15.99,2.23
2023-07-30 00:00:00+02:00,0.0,0.0,0.0,15.72,2.14
2023-07-30 01:00:00+02:00,0.0,0.0,0.0,15.38,2.08
2023-07-30 02:00:00+02:00,0.0,0.0,0.0,14.95,2.04
2023-07-30 03:00:00+02:00,0.0,0.0,0.0,14.53,2.0
2023-07-30 04:00:00+02:00,0.0,0.0,0.0,14.1,1.97
2023-07-30 05:00:00+02:00,28.65,57.83,25.67,14.62,1.57
2023-07-30 06:00:00+02:00,82.3,140.05,64.87,16.31,1.18
2023-07-30 07:00:00+02:00,154.98,198.76,106.95,17.6,0.95
2023-07-30 08:00:00+02:00,221.4,257.39,141.16,18.96,1.36
2023-07-30 09:00:00+02:00,316.75,159.51,228.03,19.74,1.8
2023-07-30 10:00:00+02:00,414.6,155.29,275.63,20.14,2.13
2023-07-30 11:00:00+02:00,429.6,204.36,259.21,20.58,2.34
2023-07-30 12:00:00+02:00,410.95,61.9,299.07,21.15,2.45
2023-07-30 13:00:00+02:00,350.62,114.37,231.1,21.5,2.46
2023-07-30 14:00:00+02:00,368.33,200.71,224.69,21.39,2.32
2023-07-30 15:00:00+02:00,420.7,214.38,251.43,21.21,2.33
2023-07-30 16:00:00+02:00,393.2,325.53,199.67,20.95,2.42
2023-07-30 17:00:00+02:00,247.95,201.57,157.56,20.74,2.46
2023-07-30 18:00:00+02:00,161.8,160.57,110.82,20.22,2.26
2023-07-30 19:00:00+02:00,91.35,80.93,74.83,19.37,1.72
2023-07-30 20:00:00+02:00,33.15,24.39,29.7,17.29,1.55
2023-07-30 21:00:00+02:00,0.0,0.0,0.0,15.31,1.86
2023-07-30 22:00:00+02:00,0.0,0.0,0.0,14.51,1.9
2023-07-30 23:00:00+02:00,0.0,0.0,0.0,13.76,1.87
2023-07-31 00:00:00+02:00,0.0,0.0,0.0,13.25,1.87
2023-07-31 01:00:00+02:00,0.0,0.0,0.0,13.17,1.78
2023-07-31 02:00:00+02:00,0.0,0.0,0.0,13.1,1.77
2023-07-31 03:00:00+02:00,0.0,0.0,0.0,13.19,1.66
2023-07-31 04:00:00+02:00,0.0,0.0,0.0,13.32,1.46
2023-07-31 05:00:00+02:00,28.98,34.94,26.57,13.73,1.18
2023-07-31 06:00:00+02:00,73.43,27.54,59.27,14.62,0.85
2023-07-31 07:00:00+02:00,132.98,35.5,111.9,15.42,0.28
2023-07-31 08:00:00+02:00,190.0,27.92,158.87,16.17,0.64
2023-07-31 09:00:00+02:00,230.75,17.47,197.86,16.93,0.91
2023-07-31 10:00:00+02:00,277.25,10.87,232.43,16.95,0.9
2023-07-31 11:00:00+02:00,331.58,23.47,265.89,17.3,0.87
2023-07-31 12:00:00+02:00,317.1,31.75,256.52,17.27,0.88
2023-07-31 13:00:00+02:00,353.27,36.78,274.77,17.69,0.86
2023-07-31 14:00:00+02:00,347.83,44.34,282.97,17.93,0.83
2023-07-31 15:00:00+02:00,223.52,27.93,184.52,18.07,0.82
2023-07-31 16:00:00+02:00,266.27,24.01,227.78,18.14,0.79
2023-07-31 17:00:00+02:00,197.62,11.98,166.57,18.11,0.78
2023-07-31 18:00:00+02:00,120.55,6.46,102.44,17.9,0.78
2023-07-31 19:00:00+02:00,59.7,3.66,52.66,17.05,0.84
2023-07-31 20:00:00+02:00,24.23,1.28,23.62,15.87,1.43
2023-07-31 21:00:00+02:00,0.0,0.0,0.0,14.72,1.89
2023-07-31 22:00:00+02:00,0.0,0.0,0.0,13.88,2.01
2023-07-31 23:00:00+02:00,0.0,0.0,0.0,13.4,1.77
2023-08-01 00:00:00+02:00,0.0,0.0,0.0,12.86,1.68
2023-08-01 01:00:00+02:00,0.0,0.0,0.0,12.33,1.67
2023-08-01 02:00:00+02:00,0.0,0.0,0.0,11.95,1.71
2023-08-01 03:00:00+02:00,0.0,0.0,0.0,11.88,1.69
2023-08-01 04:00:00+02:00,0.0,0.0,0.0,11.75,1.66
2023-08-01 05:00:00+02:00,35.8,73.09,31.84,12.56,1.62
2023-08-01 06:00:00+02:00,99.28,136.44,69.39,14.07,1.58
2023-08-01 07:00:00+02:00,164.52,133.74,119.95,14.8,1.59
2023-08-01 08:00:00+02:00,266.65,107.76,210.7,15.83,1.74
2023-08-01 09:00:00+02:00,306.58,350.63,217.72,17.27,1.74
2023-08-01 10:00:00+02:00,455.8,82.71,366.54,18.92,1.73
2023-08-01 11:00:00+02:00,476.0,132.47,340.95,19.95,1.87
2023-08-01 12:00:00+02:00,439.6,305.46,231.22,20.5,2.1
2023-08-01 13:00:00+02:00,469.85,89.11,373.34,20.84,2.17
2023-08-01 14:00:00+02:00,430.02,193.98,292.37,21.05,2.09
2023-08-01 15:00:00+02:00,392.35,128.76,288.85,21.15,2.0
2023-08-01 16:00:00+02:00,322.5,54.71,274.37,20.43,1.83
2023-08-01 17:00:00+02:00,241.15,23.06,201.98,19.86,1.76
2023-08-01 18:00:00+02:00,155.18,23.87,135.2,19.22,1.73
2023-08-01 19:00:00+02:00,83.32,22.38,72.42,17.97,1.53
2023-08-01 20:00:00+02:00,26.58,10.38,25.96,16.5,1.58
2023-08-01 21:00:00+02:00,0.0,0.0,0.0,15.58,1.59
2023-08-01 22:00:00+02:00,0.0,0.0,0.0,15.2,1.61
2023-08-01 23:00:00+02:00,0.0,0.0,0.0,14.92,1.63
2023-08-02 00:00:00+02:00,0.0,0.0,0.0,14.69,1.67
2023-08-02 01:00:00+02:00,0.0,0.0,0.0,14.52,1.76
2023-08-02 02:00:00+02:00,0.0,0.0,0.0,14.44,1.88
2023-08-02 03:00:00+02:00,0.0,0.0,0.0,14.42,1.98
2023-08-02 04:00:00+02:00,0.0,0.0,0.0,14.3,1.92
2023-08-02 05:00:00+02:00,11.35,7.65,11.02,14.38,1.81
2023-08-02 06:00:00+02:00,44.72,54.74,34.22,14.57,1.55
2023-08-02 07:00:00+02:00,88.35,86.03,61.69,14.88,1.31
2023-08-02 08:00:00+02:00,139.23,140.52,88.85,15.33,1.19
2023-08-02 09:00:00+02:00,188.73,172.15,102.29,15.83,1.19
2023-08-02 10:00:00+02:00,349.15,393.7,122.26,16.71,1.15
2023-08-02 11:00:00+02:00,388.62,431.02,109.67,16.94,1.41
2023-08-02 12:00:00+02:00,440.08,310.95,208.47,17.16,1.68
2023-08-02 13:00:00+02:00,407.02,324.84,182.85,17.26,2.01
2023-08-02 14:00:00+02:00,419.8,239.58,225.17,17.28,2.13
2023-08-02 15:00:00+02:00,345.7,282.44,174.06,17.2,2.08
2023-08-02 16:00:00+02:00,304.3,222.28,186.59,17.06,2.03
2023-08-02 17:00:00+02:00,222.85,162.47,154.07,16.72,1.97
2023-08-02 18:00:00+02:00,143.0,109.24,106.92,16.38,1.87
2023-08-02 19:00:00+02:00,77.28,63.62,61.5,16.06,1.78
2023-08-02 20:00:00+02:00,23.12,17.97,23.05,14.98,1.65
2023-08-02 21:00:00+02:00,0.0,0.0,0.0,13.82,1.82
2023-08-02 22:00:00+02:00,0.0,0.0,0.0,13.48,2.0
2023-08-02 23:00:00+02:00,0.0,0.0,0.0,13.14,1.91
2023-08-03 00:00:00+02:00,0.0,0.0,0.0,12.82,2.0
2023-08-03 01:00:00+02:00,0.0,0.0,0.0,13.25,1.7
2023-08-03 02:00:00+02:00,0.0,0.0,0.0,13.31,1.56
2023-08-03 03:00:00+02:00,0.0,0.0,0.0,12.47,1.99
2023-08-03 04:00:00+02:00,0.0,0.0,0.0,12.09,2.0
2023-08-03 05:00:00+02:00,22.5,17.78,23.43,13.05,1.99
2023-08-03 06:00:00+02:00,84.65,45.72,70.9,14.68,2.01
2023-08-03 07:00:00+02:00,141.93,45.39,116.36,15.22,2.03
2023-08-03 08:00:00+02:00,212.57,34.03,178.08,15.69,2.21
2023-08-03 09:00:00+02:00,281.5,15.64,244.15,16.31,2.62
2023-08-03 10:00:00+02:00,219.98,16.06,184.92,16.79,3.08
2023-08-03 11:00:00+02:00,203.68,6.8,169.93,17.01,3.48
2023-08-03 12:00:00+02:00,127.05,8.98,102.85,17.03,3.79
2023-08-03 13:00:00+02:00,113.28,3.37,92.48,17.12,3.93
2023-08-03 14:00:00+02:00,119.07,3.12,99.49,17.76,4.02
2023-08-03 15:00:00+02:00,75.5,19.32,59.64,17.93,3.66
2023-08-03 16:00:00+02:00,118.32,19.92,96.41,17.82,3.06
2023-08-03 17:00:00+02:00,106.72,0.0,92.44,17.54,2.54
2023-08-03 18:00:00+02:00,73.62,0.0,64.39,17.21,2.21
2023-08-03 19:00:00+02:00,40.08,0.0,36.21,16.84,2.07
2023-08-03 20:00:00+02:00,12.98,0.0,12.87,16.38,1.87
2023-08-03 21:00:00+02:00,0.0,0.0,0.0,15.95,1.44
2023-08-03 22:00:00+02:00,0.0,0.0,0.0,15.57,1.15
2023-08-03 23:00:00+02:00,0.0,0.0,0.0,15.45,1.11
2023-08-04 00:00:00+02:00,0.0,0.0,0.0,15.35,1.08
2023-08-04 01:00:00+02:00,0.0,0.0,0.0,15.26,1.26
2023-08-04 02:00:00+02:00,0.0,0.0,0.0,15.2,1.36
2023-08-04 03:00:00+02:00,0.0,0.0,0.0,15.01,1.24
2023-08-04 04:00:00+02:00,0.0,0.0,0.0,14.92,1.27
2023-08-04 05:00:00+02:00,11.6,9.72,11.35,15.06,1.67
2023-08-04 06:00:00+02:00,50.47,41.1,41.52,15.45,1.94
2023-08-04 07:00:00+02:00,112.28,102.0,83.65,16.2,1.97
2023-08-04 08:00:00+02:00,171.65,140.96,117.63,17.27,2.19
2023-08-04 09:00:00+02:00,239.73,164.74,148.65,18.28,2.24
2023-08-04 10:00:00+02:00,358.62,387.07,151.5,19.28,2.38
2023-08-04 11:00:00+02:00,360.98,255.53,175.08,20.1,2.42
2023-08-04 12:00:00+02:00,408.08,184.36,246.87,20.73,2.45
2023-08-04 13:00:00+02:00,334.27,96.31,236.45,20.82,2.51
2023-08-04 14:00:00+02:00,204.9,69.26,151.59,20.5,2.63
2023-08-04 15:00:00+02:00,190.35,58.23,138.46,19.87,2.66
2023-08-04 16:00:00+02:00,146.62,43.07,116.0,18.89,2.47
2023-08-04 17:00:00+02:00,115.78,36.32,91.3,18.03,2.08
2023-08-04 18:00:00+02:00,89.7,51.67,71.47,17.36,1.79
2023-08-04 19:00:00+02:00,51.0,46.06,40.93,16.72,1.6
2023-08-04 20:00:00+02:00,15.8,21.93,16.15,15.8,1.46
2023-08-04 21:00:00+02:00,0.0,0.0,0.0,15.09,1.55
2023-08-04 22:00:00+02:00,0.0,0.0,0.0,14.68,1.63
2023-08-04 23:00:00+02:00,0.0,0.0,0.0,14.25,1.83
2023-08-05 00:00:00+02:00,0.0,0.0,0.0,14.0,1.79
2023-08-05 01:00:00+02:00,0.0,0.0,0.0,13.95,1.71
2023-08-05 02:00:00+02:00,0.0,0.0,0.0,13.96,1.6
2023-08-05 03:00:00+02:00,0.0,0.0,0.0,13.82,1.62
2023-08-05 04:00:00+02:00,0.0,0.0,0.0,13.73,1.61
2023-08-05 05:00:00+02:00,21.65,92.15,20.99,13.9,1.54
2023-08-05 06:00:00+02:00,80.97,155.67,56.2,15.48,0.98
2023-08-05 07:00:00+02:00,152.9,278.8,86.95,17.71,1.09
2023-08-05 08:00:00+02:00,239.62,336.5,108.98,19.88,1.45
2023-08-05 09:00:00+02:00,360.55,305.25,189.68,19.29,1.57
2023-08-05 10:00:00+02:00,379.65,335.67,178.4,19.8,1.61
2023-08-05 11:00:00+02:00,494.95,299.99,263.81,20.8,1.75
2023-08-05 12:00:00+02:00,479.15,402.46,200.93,21.17,2.12
2023-08-05 13:00:00+02:00,523.75,445.0,207.1,21.39,2.28
2023-08-05 14:00:00+02:00,474.2,468.82,168.28,21.63,2.14
2023-08-05 15:00:00+02:00,384.67,230.52,230.28,21.64,2.05
2023-08-05 16:00:00+02:00,347.83,205.86,228.86,21.67,2.02
2023-08-05 17:00:00+02:00,224.05,282.14,121.0,21.18,1.88
2023-08-05 18:00:00+02:00,148.2,228.63,93.21,20.45,1.75
2023-08-05 19:00:00+02:00,77.38,114.47,56.98,19.22,1.65
2023-08-05 20:00:00+02:00,21.3,32.31,22.26,17.18,1.97
2023-08-05 21:00:00+02:00,0.0,0.0,0.0,15.71,2.18
2023-08-05 22:00:00+02:00,0.0,0.0,0.0,14.89,2.03
2023-08-05 23:00:00+02:00,0.0,0.0,0.0,14.16,1.92
2023-08-06 00:00:00+02:00,0.0,0.0,0.0,13.52,1.83
2023-08-06 01:00:00+02:00,0.0,0.0,0.0,13.05,1.82
2023-08-06 02:00:00+02:00,0.0,0.0,0.0,12.63,1.76
2023-08-06 03:00:00+02:00,0.0,0.0,0.0,12.46,1.7
2023-08-06 04:00:00+02:00,0.0,0.0,0.0,12.25,1.58
2023-08-06 05:00:00+02:00,21.5,8.33,22.74,12.68,1.5
2023-08-06 06:00:00+02:00,84.7,30.96,75.49,13.73,1.53
2023-08-06 07:00:00+02:00,160.05,41.26,135.87,14.61,0.96
2023-08-06 08:00:00+02:00,253.4,62.88,211.94,16.71,1.15
2023-08-06 09:00:00+02:00,345.48,82.42,287.61,18.31,1.48
2023-08-06 10:00:00+02:00,346.8,18.66,290.2,19.31,1.75
2023-08-06 11:00:00+02:00,305.95,3.35,255.21,19.25,2.2
2023-08-06 12:00:00+02:00,307.12,0.13,259.77,19.14,2.37
2023-08-06 13:00:00+02:00,189.38,0.39,160.12,19.22,2.81
2023-08-06 14:00:00+02:00,142.9,0.0,119.44,18.8,3.0
2023-08-06 15:00:00+02:00,148.27,34.84,109.85,17.96,2.96
2023-08-06 16:00:00+02:00,88.1,24.98,69.94,17.06,3.21
2023-08-06 17:00:00+02:00,98.22,18.86,81.9,16.3,3.63
2023-08-06 18:00:00+02:00,57.62,0.0,49.99,15.86,4.24
2023-08-06 19:00:00+02:00,16.7,0.0,14.99,15.57,4.63
2023-08-06 20:00:00+02:00,6.28,0.0,6.68,15.34,5.15
2023-08-06 21:00:00+02:00,0.0,0.0,0.0,15.35,5.35
2023-08-06 22:00:00+02:00,0.0,0.0,0.0,15.51,5.41
2023-08-06 23:00:00+02:00,0.0,0.0,0.0,15.81,5.27
2023-08-07 00:00:00+02:00,0.0,0.0,0.0,16.17,4.93
2023-08-07 01:00:00+02:00,0.0,0.0,0.0,16.56,4.52
2023-08-07 02:00:00+02:00,0.0,0.0,0.0,16.87,3.87
2023-08-07 03:00:00+02:00,0.0,0.0,0.0,17.13,3.32
2023-08-07 04:00:00+02:00,0.0,0.0,0.0,17.25,3.07
2023-08-07 05:00:00+02:00,10.9,0.0,11.09,17.41,3.18
2023-08-07 06:00:00+02:00,43.42,0.0,38.98,17.82,3.14
2023-08-07 07:00:00+02:00,85.3,0.24,73.98,18.57,3.02
2023-08-07 08:00:00+02:00,137.43,12.33,117.92,19.68,3.02
2023-08-07 09:00:00+02:00,199.7,22.59,167.67,21.16,3.24
2023-08-07 10:00:00+02:00,233.9,88.77,154.29,22.69,3.65
2023-08-07 11:00:00+02:00,311.77,185.06,176.65,23.86,4.19
2023-08-07 12:00:00+02:00,265.65,63.39,189.05,24.69,4.48
2023-08-07 13:00:00+02:00,268.9,112.37,170.96,24.94,4.55
2023-08-07 14:00:00+02:00,344.88,134.23,256.43,24.8,4.5
2023-08-07 15:00:00+02:00,300.17,31.12,231.14,24.16,4.11
2023-08-07 16:00:00+02:00,256.35,17.22,217.51,23.58,3.59
2023-08-07 17:00:00+02:00,190.75,27.79,155.82,22.68,3.17
2023-08-07 18:00:00+02:00,115.78,24.26,99.7,21.47,2.91
2023-08-07 19:00:00+02:00,55.97,16.92,48.32,20.09,2.89
2023-08-07 20:00:00+02:00,14.75,2.98,16.47,18.66,2.53
2023-08-07 21:00:00+02:00,0.0,0.0,0.0,17.49,2.63
2023-08-07 22:00:00+02:00,0.0,0.0,0.0,16.63,1.47
2023-08-07 23:00:00+02:00,0.0,0.0,0.0,16.26,1.47
2023-08-08 00:00:00+02:00,0.0,0.0,0.0,16.42,2.1
2023-08-08 01:00:00+02:00,0.0,0.0,0.0,16.12,2.05
2023-08-08 02:00:00+02:00,0.0,0.0,0.0,15.35,1.94
2023-08-08 03:00:00+02:00,0.0,0.0,0.0,15.27,2.57
2023-08-08 04:00:00+02:00,0.0,0.0,0.0,14.81,1.65
2023-08-08 05:00:00+02:00,6.7,0.0,6.82,14.96,2.4
2023-08-08 06:00:00+02:00,36.97,0.0,32.35,15.37,2.33
2023-08-08 07:00:00+02:00,76.82,5.83,67.2,15.86,2.39
2023-08-08 08:00:00+02:00,118.6,5.92,100.13,16.36,2.23
2023-08-08 09:00:00+02:00,170.55,12.16,144.57,17.38,2.16
2023-08-08 10:00:00+02:00,187.55,23.1,151.58,18.06,2.37
2023-08-08 11:00:00+02:00,146.82,31.68,115.37,18.78,2.78
2023-08-08 12:00:00+02:00,218.25,35.47,170.0,18.25,3.24
2023-08-08 13:00:00+02:00,263.38,63.54,192.36,16.96,3.95
2023-08-08 14:00:00+02:00,229.62,58.34,184.27,15.79,4.46
2023-08-08 15:00:00+02:00,282.73,21.8,230.94,15.25,4.6
2023-08-08 16:00:00+02:00,224.95,14.66,194.01,15.11,4.52
2023-08-08 17:00:00+02:00,162.88,7.89,137.58,14.77,4.45
2023-08-08 18:00:00+02:00,96.2,1.0,83.39,14.28,4.68
2023-08-08 19:00:00+02:00,54.92,16.62,47.54,13.77,4.86
2023-08-08 20:00:00+02:00,12.18,0.0,12.36,13.21,5.09
2023-08-08 21:00:00+02:00,0.0,0.0,0.0,12.6,5.23
2023-08-08 22:00:00+02:00,0.0,0.0,0.0,12.29,5.28
2023-08-08 23:00:00+02:00,0.0,0.0,0.0,12.16,5.23
2023-08-09 00:00:00+02:00,0.0,0.0,0.0,12.05,5.12
2023-08-09 01:00:00+02:00,0.0,0.0,0.0,11.89,4.93
2023-08-09 02:00:00+02:00,0.0,0.0,0.0,11.67,4.77
2023-08-09 03:00:00+02:00,0.0,0.0,0.0,11.4,4.64
2023-08-09 04:00:00+02:00,0.0,0.0,0.0,11.2,4.46
2023-08-09 05:00:00+02:00,18.6,46.97,18.95,11.09,4.25
2023-08-09 06:00:00+02:00,79.47,152.62,53.24,11.48,4.2
2023-08-09 07:00:00+02:00,154.93,219.89,98.38,12.26,4.36
2023-08-09 08:00:00+02:00,245.77,254.72,142.86,13.33,4.5
2023-08-09 09:00:00+02:00,331.62,293.61,177.76,14.34,4.68
2023-08-09 10:00:00+02:00,351.08,147.13,241.01,15.07,4.86
2023-08-09 11:00:00+02:00,361.65,149.76,254.91,15.49,5.03
2023-08-09 12:00:00+02:00,391.48,86.05,285.03,15.16,5.04
2023-08-09 13:00:00+02:00,342.52,4.96,284.66,14.67,4.93
2023-08-09 14:00:00+02:00,304.92,57.23,226.22,14.08,4.68
2023-08-09 15:00:00+02:00,232.82,3.75,199.56,13.87,4.39
2023-08-09 16:00:00+02:00,185.3,8.09,160.33,13.62,3.96
2023-08-09 17:00:00+02:00,130.85,0.0,111.42,13.36,3.77
2023-08-09 18:00:00+02:00,81.85,0.0,71.25,13.13,3.56
2023-08-09 19:00:00+02:00,45.22,0.0,39.89,12.76,3.42
2023-08-09 20:00:00+02:00,10.15,0.0,10.44,12.33,3.16
2023-08-09 21:00:00+02:00,0.0,0.0,0.0,12.07,2.99
2023-08-09 22:00:00+02:00,0.0,0.0,0.0,11.94,2.83
2023-08-09 23:00:00+02:00,0.0,0.0,0.0,11.92,2.74
2023-08-10 00:00:00+02:00,0.0,0.0,0.0,11.79,2.37
2023-08-10 01:00:00+02:00,0.0,0.0,0.0,11.5,2.06
2023-08-10 02:00:00+02:00,0.0,0.0,0.0,11.45,1.96
2023-08-10 03:00:00+02:00,0.0,0.0,0.0,11.44,1.84
2023-08-10 04:00:00+02:00,0.0,0.0,0.0,11.42,1.76
2023-08-10 05:00:00+02:00,7.3,6.4,8.4,11.65,1.48
2023-08-10 06:00:00+02:00,32.97,6.19,28.93,12.48,1.39
2023-08-10 07:00:00+02:00,80.28,43.09,64.86,13.35,1.28
2023-08-10 08:00:00+02:00,125.57,77.88,89.2,15.42,1.19
2023-08-10 09:00:00+02:00,171.05,144.01,107.0,17.1,1.26
2023-08-10 10:00:00+02:00,218.9,118.84,143.68,17.23,1.32
2023-08-10 11:00:00+02:00,269.02,155.97,180.36,16.88,1.4
2023-08-10 12:00:00+02:00,335.17,59.5,249.28,16.87,1.24
2023-08-10 13:00:00+02:00,342.02,234.53,194.79,16.77,1.09
2023-08-10 14:00:00+02:00,330.65,164.83,207.49,17.08,1.06
2023-08-10 15:00:00+02:00,268.6,130.56,179.65,17.77,1.15
2023-08-10 16:00:00+02:00,225.05,119.8,153.44,17.56,1.19
2023-08-10 17:00:00+02:00,156.2,62.85,121.78,17.64,1.19
2023-08-10 18:00:00+02:00,88.0,38.31,74.22,17.0,1.24
2023-08-10 19:00:00+02:00,38.58,17.52,33.54,15.93,1.24
2023-08-10 20:00:00+02:00,7.88,4.5,8.05,14.67,1.63
2023-08-10 21:00:00+02:00,0.0,0.0,0.0,14.22,2.06
2023-08-10 22:00:00+02:00,0.0,0.0,0.0,14.09,2.23
2023-08-10 23:00:00+02:00,0.0,0.0,0.0,13.57,2.18
2023-08-11 00:00:00+02:00,0.0,0.0,0.0,13.0,1.93
2023-08-11 01:00:00+02:00,0.0,0.0,0.0,12.73,1.97
2023-08-11 02:00:00+02:00,0.0,0.0,0.0,12.6,1.89
2023-08-11 03:00:00+02:00,0.0,0.0,0.0,12.3,1.88
2023-08-11 04:00:00+02:00,0.0,0.0,0.0,12.16,1.91
2023-08-11 05:00:00+02:00,8.77,0.0,9.0,12.29,2.01
2023-08-11 06:00:00+02:00,36.33,15.86,31.62,12.85,1.95
2023-08-11 07:00:00+02:00,93.43,25.89,79.41,13.56,1.84
2023-08-11 08:00:00+02:00,150.45,28.49,126.0,14.45,2.0
2023-08-11 09:00:00+02:00,205.27,47.28,170.16,15.34,2.11
2023-08-11 10:00:00+02:00,277.27,31.7,222.81,16.32,2.21
2023-08-11 11:00:00+02:00,385.77,112.69,275.82,17.29,2.16
2023-08-11 12:00:00+02:00,430.4,300.36,254.59,18.07,2.08
2023-08-11 13:00:00+02:00,393.9,525.75,130.25,18.55,2.06
2023-08-11 14:00:00+02:00,363.83,472.84,129.38,18.59,2.01
2023-08-11 15:00:00+02:00,366.3,155.77,249.94,18.44,1.93
2023-08-11 16:00:00+02:00,269.98,161.39,174.55,18.49,1.93
2023-08-11 17:00:00+02:00,202.88,193.64,129.33,18.4,1.87
2023-08-11 18:00:00+02:00,141.73,220.36,87.02,17.96,1.55
2023-08-11 19:00:00+02:00,74.43,160.94,49.18,16.91,1.46
2023-08-11 20:00:00+02:00,14.98,32.4,16.01,14.95,1.93
2023-08-11 21:00:00+02:00,0.0,0.0,0.0,13.98,2.16
2023-08-11 22:00:00+02:00,0.0,0.0,0.0,13.38,2.19
2023-08-11 23:00:00+02:00,0.0,0.0,0.0,12.89,2.15
2023-08-12 00:00:00+02:00,0.0,0.0,0.0,12.62,2.12
2023-08-12 01:00:00+02:00,0.0,0.0,0.0,12.5,2.08
2023-08-12 02:00:00+02:00,0.0,0.0,0.0,12.3,2.06
2023-08-12 03:00:00+02:00,0.0,0.0,0.0,12.09,1.99
2023-08-12 04:00:00+02:00,0.0,0.0,0.0,12.22,1.96
2023-08-12 05:00:00+02:00,8.77,19.89,9.44,12.64,2.1
2023-08-12 06:00:00+02:00,39.8,54.33,30.22,13.27,2.23
2023-08-12 07:00:00+02:00,78.12,59.69,58.13,13.8,2.26
2023-08-12 08:00:00+02:00,122.35,48.69,95.91,14.22,2.18
2023-08-12 09:00:00+02:00,167.75,5.21,144.57,14.66,2.23
2023-08-12 10:00:00+02:00,158.52,25.37,131.75,15.13,2.43
2023-08-12 11:00:00+02:00,107.1,69.08,68.8,15.67,2.54
2023-08-12 12:00:00+02:00,221.88,59.92,158.38,16.36,2.88
2023-08-12 13:00:00+02:00,163.98,63.58,119.65,16.82,3.01
2023-08-12 14:00:00+02:00,177.35,65.61,131.91,17.08,3.07
2023-08-12 15:00:00+02:00,131.45,63.17,90.53,17.59,2.98
2023-08-12 16:00:00+02:00,84.78,56.28,58.05,18.27,2.76
2023-08-12 17:00:00+02:00,85.95,65.76,61.04,18.3,2.38
2023-08-12 18:00:00+02:00,52.28,39.16,39.15,18.09,2.18
2023-08-12 19:00:00+02:00,23.73,13.41,19.51,17.73,2.28
2023-08-12 20:00:00+02:00,3.92,0.0,4.12,17.25,2.13
2023-08-12 21:00:00+02:00,0.0,0.0,0.0,16.89,2.04
2023-08-12 22:00:00+02:00,0.0,0.0,0.0,16.58,1.91
2023-08-12 23:00:00+02:00,0.0,0.0,0.0,16.29,1.96
2023-08-13 00:00:00+02:00,0.0,0.0,0.0,15.94,1.99
2023-08-13 01:00:00+02:00,0.0,0.0,0.0,15.6,2.05
2023-08-13 02:00:00+02:00,0.0,0.0,0.0,15.24,2.04
2023-08-13 03:00:00+02:00,0.0,0.0,0.0,14.91,2.28
2023-08-13 04:00:00+02:00,0.0,0.0,0.0,14.61,2.44
2023-08-13 05:00:00+02:00,5.28,0.0,5.51,14.38,2.45
2023-08-13 06:00:00+02:00,21.1,13.5,18.09,14.38,2.27
2023-08-13 07:00:00+02:00,59.17,54.41,46.98,14.81,1.87
2023-08-13 08:00:00+02:00,114.72,85.85,86.17,15.61,1.61
2023-08-13 09:00:00+02:00,83.7,45.22,58.35,16.63,1.59
2023-08-13 10:00:00+02:00,152.23,117.74,86.94,17.83,1.87
2023-08-13 11:00:00+02:00,259.9,210.74,115.13,19.0,2.44
2023-08-13 12:00:00+02:00,255.75,59.73,186.7,19.88,2.94
2023-08-13 13:00:00+02:00,275.62,80.79,197.41,20.41,3.23
2023-08-13 14:00:00+02:00,423.4,363.14,194.56,20.71,3.4
2023-08-13 15:00:00+02:00,439.77,470.46,160.91,20.85,3.6
2023-08-13 16:00:00+02:00,364.17,431.85,149.94,20.57,3.54
2023-08-13 17:00:00+02:00,266.67,469.36,88.45,20.24,3.18
2023-08-13 18:00:00+02:00,182.23,424.91,68.63,19.74,2.88
2023-08-13 19:00:00+02:00,88.47,284.27,42.47,18.61,2.55
2023-08-13 20:00:00+02:00,12.23,48.02,11.21,16.74,2.15
2023-08-13 21:00:00+02:00,0.0,0.0,0.0,16.14,2.35
2023-08-13 22:00:00+02:00,0.0,0.0,0.0,15.74,2.12
2023-08-13 23:00:00+02:00,0.0,0.0,0.0,15.43,1.98
2023-08-14 00:00:00+02:00,0.0,0.0,0.0,15.15,1.88
2023-08-14 01:00:00+02:00,0.0,0.0,0.0,14.68,1.91
2023-08-14 02:00:00+02:00,0.0,0.0,0.0,14.2,1.92
2023-08-14 03:00:00+02:00,0.0,0.0,0.0,14.18,1.94
2023-08-14 04:00:00+02:00,0.0,0.0,0.0,14.24,1.94
2023-08-14 05:00:00+02:00,11.23,23.15,13.1,14.35,1.98
2023-08-14 06:00:00+02:00,68.85,125.41,50.74,15.51,1.92
2023-08-14 07:00:00+02:00,154.07,201.52,98.95,16.66,1.79
2023-08-14 08:00:00+02:00,223.23,223.92,140.53,17.95,2.01
2023-08-14 09:00:00+02:00,350.3,227.01,238.61,19.2,2.23
2023-08-14 10:00:00+02:00,433.58,365.02,208.49,20.17,2.47
2023-08-14 11:00:00+02:00,477.85,456.77,174.06,20.81,2.69
2023-08-14 12:00:00+02:00,504.45,660.83,114.96,21.19,2.83
2023-08-14 13:00:00+02:00,460.38,589.28,126.29,21.17,2.82
2023-08-14 14:00:00+02:00,461.38,341.23,241.64,21.21,2.78
2023-08-14 15:00:00+02:00,376.3,165.91,267.76,21.83,2.77
2023-08-14 16:00:00+02:00,262.12,183.88,169.35,21.94,2.71
2023-08-14 17:00:00+02:00,172.93,218.54,103.89,21.5,2.3
2023-08-14 18:00:00+02:00,109.43,103.06,75.56,20.79,1.75
2023-08-14 19:00:00+02:00,47.72,57.22,37.81,19.35,1.53
2023-08-14 20:00:00+02:00,7.12,7.83,8.94,17.76,1.86
2023-08-14 21:00:00+02:00,0.0,0.0,0.0,17.3,1.95
2023-08-14 22:00:00+02:00,0.0,0.0,0.0,17.13,1.88
2023-08-14 23:00:00+02:00,0.0,0.0,0.0,16.37,1.88
2023-08-15 00:00:00+02:00,0.0,0.0,0.0,15.69,1.81
2023-08-15 01:00:00+02:00,0.0,0.0,0.0,15.32,1.69
2023-08-15 02:00:00+02:00,0.0,0.0,0.0,15.02,1.71
2023-08-15 03:00:00+02:00,0.0,0.0,0.0,14.89,1.81
2023-08-15 04:00:00+02:00,0.0,0.0,0.0,14.95,1.79
2023-08-15 05:00:00+02:00,6.5,10.31,7.77,15.32,1.84
2023-08-15 06:00:00+02:00,55.95,60.74,44.29,16.24,2.02
2023-08-15 07:00:00+02:00,144.15,139.05,104.67,17.04,2.05
2023-08-15 08:00:00+02:00,233.23,208.72,155.91,18.4,2.12
2023-08-15 09:00:00+02:00,336.08,274.71,194.85,20.07,2.34
2023-08-15 10:00:00+02:00,398.75,374.29,186.42,21.4,2.54
2023-08-15 11:00:00+02:00,543.92,458.35,219.92,22.43,2.45
2023-08-15 12:00:00+02:00,606.15,569.44,203.42,22.87,2.35
2023-08-15 13:00:00+02:00,468.7,177.67,305.17,22.02,2.17
2023-08-15 14:00:00+02:00,407.17,34.49,339.88,20.55,2.16
2023-08-15 15:00:00+02:00,322.08,5.21,276.99,19.8,2.15
2023-08-15 16:00:00+02:00,137.95,0.0,120.61,19.4,2.08
2023-08-15 17:00:00+02:00,69.95,0.0,60.96,19.09,2.26
2023-08-15 18:00:00+02:00,45.88,0.0,40.15,18.74,2.45
2023-08-15 19:00:00+02:00,27.4,0.0,23.91,18.4,2.5
2023-08-15 20:00:00+02:00,3.53,0.0,3.77,18.05,2.12
2023-08-15 21:00:00+02:00,0.0,0.0,0.0,17.85,2.22
2023-08-15 22:00:00+02:00,0.0,0.0,0.0,17.7,2.15
2023-08-15 23:00:00+02:00,0.0,0.0,0.0,17.63,2.24
2023-08-16 00:00:00+02:00,0.0,0.0,0.0,17.23,2.09
2023-08-16 01:00:00+02:00,0.0,0.0,0.0,17.14,2.24
2023-08-16 02:00:00+02:00,0.0,0.0,0.0,17.01,2.16
2023-08-16 03:00:00+02:00,0.0,0.0,0.0,16.74,2.15
2023-08-16 04:00:00+02:00,0.0,0.0,0.0,16.66,2.2
2023-08-16 05:00:00+02:00,6.12,12.17,7.64,16.58,2.14
2023-08-16 06:00:00+02:00,58.4,126.73,37.9,17.12,2.13
2023-08-16 07:00:00+02:00,154.98,319.76,74.3,17.55,2.16
2023-08-16 08:00:00+02:00,260.67,450.34,92.2,17.65,2.6
2023-08-16 09:00:00+02:00,396.45,670.06,79.92,18.24,2.81
2023-08-16 10:00:00+02:00,415.17,449.66,167.13,19.4,2.83
2023-08-16 11:00:00+02:00,523.42,364.45,281.11,20.02,2.87
2023-08-16 12:00:00+02:00,499.8,378.67,258.12,20.32,2.95
2023-08-16 13:00:00+02:00,473.15,523.01,159.18,20.5,3.02
2023-08-16 14:00:00+02:00,414.6,135.87,290.7,20.32,2.96
2023-08-16 15:00:00+02:00,356.4,359.64,207.19,20.05,2.9
2023-08-16 16:00:00+02:00,320.77,381.87,148.72,19.82,2.8
2023-08-16 17:00:00+02:00,226.23,349.63,105.51,19.5,2.43
2023-08-16 18:00:00+02:00,140.98,268.84,73.05,19.05,1.9
2023-08-16 19:00:00+02:00,59.12,143.82,38.88,18.13,1.51
2023-08-16 20:00:00+02:00,6.15,17.53,7.75,16.34,1.79
2023-08-16 21:00:00+02:00,0.0,0.0,0.0,16.06,2.13
2023-08-16 22:00:00+02:00,0.0,0.0,0.0,15.86,2.07
2023-08-16 23:00:00+02:00,0.0,0.0,0.0,15.45,2.08
2023-08-17 00:00:00+02:00,0.0,0.0,0.0,15.22,2.08
2023-08-17 01:00:00+02:00,0.0,0.0,0.0,14.86,2.05
2023-08-17 02:00:00+02:00,0.0,0.0,0.0,14.45,1.99
2023-08-17 03:00:00+02:00,0.0,0.0,0.0,13.98,1.87
2023-08-17 04:00:00+02:00,0.0,0.0,0.0,13.55,1.82
2023-08-17 05:00:00+02:00,8.98,45.97,9.87,13.44,1.85
2023-08-17 06:00:00+02:00,79.65,273.21,40.39,14.58,2.0
2023-08-17 07:00:00+02:00,190.07,417.97,82.74,15.31,2.01
2023-08-17 08:00:00+02:00,287.73,411.25,125.09,16.08,2.26
2023-08-17 09:00:00+02:00,400.15,451.51,178.45,17.44,2.08
2023-08-17 10:00:00+02:00,511.48,623.87,174.14,18.86,1.91
2023-08-17 11:00:00+02:00,514.12,618.47,158.23,19.97,1.75
2023-08-17 12:00:00+02:00,570.12,706.59,122.19,20.87,1.62
2023-08-17 13:00:00+02:00,624.15,641.61,185.93,21.52,1.52
2023-08-17 14:00:00+02:00,534.55,709.35,118.18,21.75,1.44
2023-08-17 15:00:00+02:00,545.33,802.76,82.66,21.41,1.4
2023-08-17 16:00:00+02:00,402.05,619.06,110.06,21.19,1.32
2023-08-17 17:00:00+02:00,294.98,486.77,121.58,20.43,1.37
2023-08-17 18:00:00+02:00,182.68,417.46,88.8,19.17,1.31
2023-08-17 19:00:00+02:00,70.5,165.75,50.92,17.79,1.59
2023-08-17 20:00:00+02:00,5.95,12.79,8.34,16.83,1.96
2023-08-17 21:00:00+02:00,0.0,0.0,0.0,16.54,2.09
2023-08-17 22:00:00+02:00,0.0,0.0,0.0,16.18,2.0
2023-08-17 23:00:00+02:00,0.0,0.0,0.0,15.79,1.96
2023-08-18 00:00:00+02:00,0.0,0.0,0.0,15.39,1.79
2023-08-18 01:00:00+02:00,0.0,0.0,0.0,14.82,1.6
2023-08-18 02:00:00+02:00,0.0,0.0,0.0,14.41,1.55
2023-08-18 03:00:00+02:00,0.0,0.0,0.0,14.11,1.59
2023-08-18 04:00:00+02:00,0.0,0.0,0.0,13.94,1.79
2023-08-18 05:00:00+02:00,5.97,2.81,7.59,13.83,2.06
2023-08-18 06:00:00+02:00,56.22,19.58,49.09,13.7,2.0
2023-08-18 07:00:00+02:00,135.02,40.61,115.57,13.9,1.89
2023-08-18 08:00:00+02:00,222.82,62.06,186.03,14.71,2.08
2023-08-18 09:00:00+02:00,317.02,87.82,246.68,16.06,2.32
2023-08-18 10:00:00+02:00,401.65,146.82,288.42,17.42,2.47
2023-08-18 11:00:00+02:00,448.8,93.07,355.2,18.41,2.59
2023-08-18 12:00:00+02:00,426.62,359.2,214.42,19.33,2.73
2023-08-18 13:00:00+02:00,444.98,324.42,256.35,20.31,2.9
2023-08-18 14:00:00+02:00,383.3,351.6,183.7,21.0,3.03
2023-08-18 15:00:00+02:00,364.8,173.39,231.05,21.29,3.05
2023-08-18 16:00:00+02:00,257.05,252.07,155.17,20.86,2.74
2023-08-18 17:00:00+02:00,198.82,149.03,145.58,20.03,2.46
2023-08-18 18:00:00+02:00,120.35,97.03,92.8,19.1,2.44
2023-08-18 19:00:00+02:00,51.88,32.16,44.08,18.27,2.53
2023-08-18 20:00:00+02:00,4.3,4.03,5.94,17.59,2.48
2023-08-18 21:00:00+02:00,0.0,0.0,0.0,17.09,2.47
2023-08-18 22:00:00+02:00,0.0,0.0,0.0,16.67,2.4
2023-08-18 23:00:00+02:00,0.0,0.0,0.0,16.19,2.36
2023-08-19 00:00:00+02:00,0.0,0.0,0.0,15.63,2.33
2023-08-19 01:00:00+02:00,0.0,0.0,0.0,15.05,2.33
2023-08-19 02:00:00+02:00,0.0,0.0,0.0,14.46,2.3
2023-08-19 03:00:00+02:00,0.0,0.0,0.0,13.92,2.39
2023-08-19 04:00:00+02:00,0.0,0.0,0.0,13.43,2.46
2023-08-19 05:00:00+02:00,5.35,8.06,7.58,13.15,2.47
2023-08-19 06:00:00+02:00,52.28,96.06,36.83,13.45,2.33
2023-08-19 07:00:00+02:00,148.3,216.95,96.97,14.4,2.21
2023-08-19 08:00:00+02:00,232.75,254.11,147.09,15.75,2.45
2023-08-19 09:00:00+02:00,323.88,308.6,182.21,17.09,2.53
2023-08-19 10:00:00+02:00,393.83,323.61,224.21,18.17,2.62
2023-08-19 11:00:00+02:00,415.45,291.14,241.04,18.87,2.56
2023-08-19 12:00:00+02:00,405.98,459.08,166.84,19.28,2.44
2023-08-19 13:00:00+02:00,360.58,532.91,122.43,19.49,2.22
2023-08-19 14:00:00+02:00,397.88,215.92,249.22,19.82,2.03
2023-08-19 15:00:00+02:00,310.8,336.81,164.76,20.16,1.95
2023-08-19 16:00:00+02:00,259.35,252.71,156.16,20.27,1.97
2023-08-19 17:00:00+02:00,186.12,188.04,124.98,20.07,2.03
2023-08-19 18:00:00+02:00,115.32,160.59,83.88,19.4,1.8
2023-08-19 19:00:00+02:00,47.55,73.69,38.26,18.14,1.73
2023-08-19 20:00:00+02:00,4.03,5.9,5.53,17.16,2.12
2023-08-19 21:00:00+02:00,0.0,0.0,0.0,16.7,2.17
2023-08-19 22:00:00+02:00,0.0,0.0,0.0,16.08,1.99
2023-08-19 23:00:00+02:00,0.0,0.0,0.0,15.65,1.98
2023-08-20 00:00:00+02:00,0.0,0.0,0.0,15.33,1.96
2023-08-20 01:00:00+02:00,0.0,0.0,0.0,15.05,1.96
2023-08-20 02:00:00+02:00,0.0,0.0,0.0,14.7,1.89
2023-08-20 03:00:00+02:00,0.0,0.0,0.0,14.2,1.84
2023-08-20 04:00:00+02:00,0.0,0.0,0.0,14.2,1.93
2023-08-20 05:00:00+02:00,3.47,1.81,4.89,14.66,2.16
2023-08-20 06:00:00+02:00,27.8,14.12,24.75,15.16,2.15
2023-08-20 07:00:00+02:00,81.8,29.29,69.05,15.78,2.15
2023-08-20 08:00:00+02:00,130.98,32.71,111.26,16.55,2.49
2023-08-20 09:00:00+02:00,175.27,23.59,145.5,17.11,2.52
2023-08-20 10:00:00+02:00,218.95,23.14,181.14,17.57,2.32
2023-08-20 11:00:00+02:00,215.43,22.39,176.6,17.84,2.16
2023-08-20 12:00:00+02:00,251.65,20.57,208.18,17.8,2.04
2023-08-20 13:00:00+02:00,123.95,8.27,102.85,17.76,2.03
2023-08-20 14:00:00+02:00,154.52,31.8,123.18,17.72,1.97
2023-08-20 15:00:00+02:00,73.4,15.26,59.62,17.66,1.76
2023-08-20 16:00:00+02:00,94.28,3.31,80.41,17.73,1.63
2023-08-20 17:00:00+02:00,73.38,2.84,62.92,17.82,1.58
2023-08-20 18:00:00+02:00,47.17,5.81,40.95,17.77,1.63
2023-08-20 19:00:00+02:00,18.95,5.17,17.1,17.37,1.56
2023-08-20 20:00:00+02:00,1.62,0.0,2.31,16.4,1.6
2023-08-20 21:00:00+02:00,0.0,0.0,0.0,16.1,1.73
2023-08-20 22:00:00+02:00,0.0,0.0,0.0,15.75,1.74
2023-08-20 23:00:00+02:00,0.0,0.0,0.0,15.44,1.79
2023-08-21 00:00:00+02:00,0.0,0.0,0.0,15.13,1.93
2023-08-21 01:00:00+02:00,0.0,0.0,0.0,14.92,1.99
2023-08-21 02:00:00+02:00,0.0,0.0,0.0,14.49,2.04
2023-08-21 03:00:00+02:00,0.0,0.0,0.0,14.08,2.07
2023-08-21 04:00:00+02:00,0.0,0.0,0.0,13.68,2.06
2023-08-21 05:00:00+02:00,3.67,3.33,5.33,13.46,2.04
2023-08-21 06:00:00+02:00,43.83,42.34,38.42,14.72,2.11
2023-08-21 07:00:00+02:00,121.32,92.06,96.35,15.62,1.87
2023-08-21 08:00:00+02:00,205.7,118.61,155.58,16.78,1.94
2023-08-21 09:00:00+02:00,288.42,182.62,198.46,17.83,2.44
2023-08-21 10:00:00+02:00,366.73,221.15,227.53,19.07,2.79
2023-08-21 11:00:00+02:00,456.25,54.38,372.74,20.15,3.15
2023-08-21 12:00:00+02:00,483.73,192.65,299.0,20.69,3.35
2023-08-21 13:00:00+02:00,457.05,186.6,290.56,20.87,3.48
2023-08-21 14:00:00+02:00,497.05,323.18,270.71,20.65,3.49
2023-08-21 15:00:00+02:00,405.15,282.8,225.96,20.23,3.32
2023-08-21 16:00:00+02:00,320.12,261.1,184.3,19.8,3.21
2023-08-21 17:00:00+02:00,225.88,256.4,133.71,19.38,2.97
2023-08-21 18:00:00+02:00,132.52,200.52,82.16,18.81,2.92
2023-08-21 19:00:00+02:00,51.08,88.26,39.95,17.93,3.03
2023-08-21 20:00:00+02:00,0.0,0.0,0.0,17.03,2.96
2023-08-21 21:00:00+02:00,0.0,0.0,0.0,16.22,2.61
2023-08-21 22:00:00+02:00,0.0,0.0,0.0,15.87,2.79
2023-08-21 23:00:00+02:00,0.0,0.0,0.0,15.42,2.62
2023-08-22 00:00:00+02:00,0.0,0.0,0.0,15.02,2.54
2023-08-22 01:00:00+02:00,0.0,0.0,0.0,14.97,2.76
2023-08-22 02:00:00+02:00,0.0,0.0,0.0,14.98,2.87
2023-08-22 03:00:00+02:00,0.0,0.0,0.0,14.81,2.91
2023-08-22 04:00:00+02:00,0.0,0.0,0.0,14.68,2.89
2023-08-22 05:00:00+02:00,3.85,9.23,5.68,14.28,2.6
2023-08-22 06:00:00+02:00,50.25,113.74,35.07,14.47,2.34
2023-08-22 07:00:00+02:00,102.85,181.74,60.69,15.29,2.26
2023-08-22 08:00:00+02:00,152.05,170.88,90.33,16.24,2.53
2023-08-22 09:00:00+02:00,206.0,133.1,142.61,17.16,2.71
2023-08-22 10:00:00+02:00,253.45,41.97,213.63,18.04,2.87
2023-08-22 11:00:00+02:00,307.0,87.34,246.64,18.83,3.02
2023-08-22 12:00:00+02:00,357.02,22.36,293.97,19.46,3.14
2023-08-22 13:00:00+02:00,331.1,44.85,267.92,19.91,3.21
2023-08-22 14:00:00+02:00,371.98,42.45,302.97,20.14,3.13
2023-08-22 15:00:00+02:00,341.88,76.1,255.86,20.29,2.96
2023-08-22 16:00:00+02:00,269.58,51.04,218.93,20.21,2.74
2023-08-22 17:00:00+02:00,187.95,42.45,162.19,19.72,2.56
2023-08-22 18:00:00+02:00,107.85,27.34,91.64,18.78,2.36
2023-08-22 19:00:00+02:00,41.72,13.68,38.66,17.47,2.25
2023-08-22 20:00:00+02:00,0.0,0.0,0.0,16.24,2.39
2023-08-22 21:00:00+02:00,0.0,0.0,0.0,15.73,2.45
2023-08-22 22:00:00+02:00,0.0,0.0,0.0,15.23,2.35
2023-08-22 23:00:00+02:00,0.0,0.0,0.0,14.83,2.33
2023-08-23 00:00:00+02:00,0.0,0.0,0.0,14.49,2.32
2023-08-23 01:00:00+02:00,0.0,0.0,0.0,14.17,2.3
2023-08-23 02:00:00+02:00,0.0,0.0,0.0,13.83,2.18
2023-08-23 03:00:00+02:00,0.0,0.0,0.0,13.23,2.05
2023-08-23 04:00:00+02:00,0.0,0.0,0.0,12.87,2.06
2023-08-23 05:00:00+02:00,3.28,7.44,4.65,12.63,2.02
2023-08-23 06:00:00+02:00,52.97,128.29,36.76,13.6,1.95
2023-08-23 07:00:00+02:00,134.62,266.95,67.76,14.68,1.6
2023-08-23 08:00:00+02:00,209.62,354.77,97.35,16.04,1.43
2023-08-23 09:00:00+02:00,282.05,335.33,128.25,17.55,1.71
2023-08-23 10:00:00+02:00,347.25,313.35,170.13,19.12,1.95
2023-08-23 11:00:00+02:00,410.05,322.59,217.74,20.2,2.12
2023-08-23 12:00:00+02:00,478.5,422.43,199.17,20.58,2.24
2023-08-23 13:00:00+02:00,495.48,435.41,207.47,20.73,2.33
2023-08-23 14:00:00+02:00,453.5,219.54,284.98,20.85,2.34
2023-08-23 15:00:00+02:00,407.08,370.61,202.45,20.78,2.32
2023-08-23 16:00:00+02:00,320.45,317.04,176.62,20.41,2.15
2023-08-23 17:00:00+02:00,219.07,201.64,137.25,19.89,1.8
2023-08-23 18:00:00+02:00,125.43,130.71,96.58,19.08,1.54
2023-08-23 19:00:00+02:00,42.47,53.08,36.91,17.43,1.56
2023-08-23 20:00:00+02:00,0.0,0.0,0.0,15.71,1.99
2023-08-23 21:00:00+02:00,0.0,0.0,0.0,15.35,2.11
2023-08-23 22:00:00+02:00,0.0,0.0,0.0,14.95,2.07
2023-08-23 23:00:00+02:00,0.0,0.0,0.0,14.76,2.07
2023-08-24 00:00:00+02:00,0.0,0.0,0.0,14.61,2.04
2023-08-24 01:00:00+02:00,0.0,0.0,0.0,14.28,1.99
2023-08-24 02:00:00+02:00,0.0,0.0,0.0,13.96,2.0
2023-08-24 03:00:00+02:00,0.0,0.0,0.0,13.67,2.01
2023-08-24 04:00:00+02:00,0.0,0.0,0.0,13.42,2.03
2023-08-24 05:00:00+02:00,0.0,0.0,0.0,13.22,2.02
2023-08-24 06:00:00+02:00,25.35,2.0,22.99,14.24,2.0
2023-08-24 07:00:00+02:00,77.45,18.73,65.78,15.24,1.69
2023-08-24 08:00:00+02:00,143.07,20.58,121.31,16.29,1.81
2023-08-24 09:00:00+02:00,224.12,30.1,184.97,17.49,1.84
2023-08-24 10:00:00+02:00,292.92,40.99,234.19,18.72,1.84
2023-08-24 11:00:00+02:00,374.02,199.87,240.06,19.59,1.86
2023-08-24 12:00:00+02:00,464.12,252.98,259.89,20.09,1.94
2023-08-24 13:00:00+02:00,470.85,447.17,181.31,20.3,2.05
2023-08-24 14:00:00+02:00,423.38,350.44,200.6,20.25,2.09
2023-08-24 15:00:00+02:00,336.05,321.88,170.94,20.03,2.05
2023-08-24 16:00:00+02:00,249.07,270.38,125.58,19.49,1.92
2023-08-24 17:00:00+02:00,170.27,211.8,94.97,19.13,1.72
2023-08-24 18:00:00+02:00,102.43,143.22,73.38,18.64,1.3
2023-08-24 19:00:00+02:00,35.97,52.12,32.85,17.32,1.24
2023-08-24 20:00:00+02:00,0.0,0.0,0.0,16.08,1.7
2023-08-24 21:00:00+02:00,0.0,0.0,0.0,15.57,1.77
2023-08-24 22:00:00+02:00,0.0,0.0,0.0,15.17,1.76
2023-08-24 23:00:00+02:00,0.0,0.0,0.0,14.86,1.66
2023-08-25 00:00:00+02:00,0.0,0.0,0.0,14.61,1.52
2023-08-25 01:00:00+02:00,0.0,0.0,0.0,14.4,1.42
2023-08-25 02:00:00+02:00,0.0,0.0,0.0,14.19,1.36
2023-08-25 03:00:00+02:00,0.0,0.0,0.0,13.84,1.52
2023-08-25 04:00:00+02:00,0.0,0.0,0.0,13.48,1.69
2023-08-25 05:00:00+02:00,0.0,0.0,0.0,13.3,1.7
2023-08-25 06:00:00+02:00,22.95,0.0,20.85,13.83,1.77
2023-08-25 07:00:00+02:00,78.72,0.0,69.03,14.55,1.82
2023-08-25 08:00:00+02:00,136.65,0.0,116.37,14.96,1.65
2023-08-25 09:00:00+02:00,179.68,0.0,152.05,15.31,1.6
2023-08-25 10:00:00+02:00,220.48,0.0,191.5,15.65,1.56
2023-08-25 11:00:00+02:00,228.07,0.0,196.07,15.96,1.64
2023-08-25 12:00:00+02:00,177.55,0.0,149.89,16.14,1.74
2023-08-25 13:00:00+02:00,156.52,1.27,131.95,16.95,2.18
2023-08-25 14:00:00+02:00,141.15,35.83,109.14,17.38,2.32
2023-08-25 15:00:00+02:00,85.95,37.76,63.41,17.17,2.29
2023-08-25 16:00:00+02:00,72.8,25.84,58.37,16.98,2.3
2023-08-25 17:00:00+02:00,54.25,16.08,45.6,16.69,2.22
2023-08-25 18:00:00+02:00,35.3,8.31,30.62,16.1,1.96
2023-08-25 19:00:00+02:00,15.18,0.0,14.81,15.16,1.77
2023-08-25 20:00:00+02:00,0.0,0.0,0.0,13.75,1.8
2023-08-25 21:00:00+02:00,0.0,0.0,0.0,13.25,1.81
2023-08-25 22:00:00+02:00,0.0,0.0,0.0,12.93,1.93
2023-08-25 23:00:00+02:00,0.0,0.0,0.0,12.98,2.08
2023-08-26 00:00:00+02:00,0.0,0.0,0.0,13.26,2.27
2023-08-26 01:00:00+02:00,0.0,0.0,0.0,13.01,2.04
2023-08-26 02:00:00+02:00,0.0,0.0,0.0,13.05,2.24
2023-08-26 03:00:00+02:00,0.0,0.0,0.0,13.15,2.42
2023-08-26 04:00:00+02:00,0.0,0.0,0.0,13.17,2.39
2023-08-26 05:00:00+02:00,0.0,0.0,0.0,13.22,2.47
2023-08-26 06:00:00+02:00,23.2,0.98,20.93,13.64,2.47
2023-08-26 07:00:00+02:00,65.43,0.0,57.37,14.08,2.29
2023-08-26 08:00:00+02:00,113.18,0.0,96.4,14.6,2.36
2023-08-26 09:00:00+02:00,163.3,0.0,138.39,15.34,2.37
2023-08-26 10:00:00+02:00,160.85,24.74,131.47,16.2,2.61
2023-08-26 11:00:00+02:00,177.73,5.77,151.07,17.04,2.85
2023-08-26 12:00:00+02:00,219.93,35.4,169.1,17.79,2.96
2023-08-26 13:00:00+02:00,143.15,2.39,121.56,18.21,3.03
2023-08-26 14:00:00+02:00,114.2,15.38,91.34,18.17,3.17
2023-08-26 15:00:00+02:00,42.42,10.81,35.19,17.64,3.24
2023-08-26 16:00:00+02:00,68.45,3.25,57.85,17.01,3.21
2023-08-26 17:00:00+02:00,63.83,5.02,54.07,16.6,3.13
2023-08-26 18:00:00+02:00,32.0,4.06,27.95,16.4,3.09
2023-08-26 19:00:00+02:00,8.9,1.2,8.72,16.14,2.82
2023-08-26 20:00:00+02:00,0.0,0.0,0.0,16.02,2.77
2023-08-26 21:00:00+02:00,0.0,0.0,0.0,16.04,2.68
2023-08-26 22:00:00+02:00,0.0,0.0,0.0,16.13,2.69
2023-08-26 23:00:00+02:00,0.0,0.0,0.0,16.28,2.94
2023-08-27 00:00:00+02:00,0.0,0.0,0.0,16.25,3.03
2023-08-27 01:00:00+02:00,0.0,0.0,0.0,15.95,2.95
2023-08-27 02:00:00+02:00,0.0,0.0,0.0,15.2,2.99
2023-08-27 03:00:00+02:00,0.0,0.0,0.0,14.24,2.86
2023-08-27 04:00:00+02:00,0.0,0.0,0.0,13.43,2.81
2023-08-27 05:00:00+02:00,0.0,0.0,0.0,12.96,2.7
2023-08-27 06:00:00+02:00,42.9,64.57,36.88,12.95,2.69
2023-08-27 07:00:00+02:00,114.93,173.39,78.23,13.42,2.62
2023-08-27 08:00:00+02:00,185.45,212.95,116.69,14.21,2.67
2023-08-27 09:00:00+02:00,261.4,205.65,178.97,15.37,2.73
2023-08-27 10:00:00+02:00,323.7,173.55,224.73,16.81,2.9
2023-08-27 11:00:00+02:00,454.9,252.05,279.28,18.01,2.95
2023-08-27 12:00:00+02:00,451.6,392.29,252.1,18.78,3.04
2023-08-27 13:00:00+02:00,473.4,448.59,181.48,19.17,3.18
2023-08-27 14:00:00+02:00,467.02,260.48,287.25,19.24,3.09
2023-08-27 15:00:00+02:00,417.73,380.26,213.12,19.2,2.85
2023-08-27 16:00:00+02:00,317.05,341.11,169.14,18.94,2.51
2023-08-27 17:00:00+02:00,214.95,231.81,139.44,18.28,1.92
2023-08-27 18:00:00+02:00,113.15,110.55,89.58,17.26,1.5
2023-08-27 19:00:00+02:00,29.58,27.49,28.66,15.26,1.84
2023-08-27 20:00:00+02:00,0.0,0.0,0.0,13.73,2.3
2023-08-27 21:00:00+02:00,0.0,0.0,0.0,13.48,2.3
2023-08-27 22:00:00+02:00,0.0,0.0,0.0,13.05,2.11
2023-08-27 23:00:00+02:00,0.0,0.0,0.0,12.58,1.9
2023-08-28 00:00:00+02:00,0.0,0.0,0.0,12.46,1.69
2023-08-28 01:00:00+02:00,0.0,0.0,0.0,12.6,1.67
2023-08-28 02:00:00+02:00,0.0,0.0,0.0,12.7,1.52
2023-08-28 03:00:00+02:00,0.0,0.0,0.0,12.87,1.43
2023-08-28 04:00:00+02:00,0.0,0.0,0.0,13.02,1.34
2023-08-28 05:00:00+02:00,0.0,0.0,0.0,13.08,1.56
2023-08-28 06:00:00+02:00,16.08,0.0,14.93,13.27,1.47
2023-08-28 07:00:00+02:00,56.88,6.91,47.65,13.81,1.13
2023-08-28 08:00:00+02:00,110.97,14.71,93.89,14.58,0.75
2023-08-28 09:00:00+02:00,176.57,21.78,149.87,15.46,0.66
2023-08-28 10:00:00+02:00,242.2,32.76,197.02,16.28,0.68
2023-08-28 11:00:00+02:00,264.65,20.97,214.42,16.79,0.73
2023-08-28 12:00:00+02:00,194.8,23.48,162.38,17.17,0.91
2023-08-28 13:00:00+02:00,193.6,59.98,140.69,17.03,1.15
2023-08-28 14:00:00+02:00,199.85,43.92,165.04,16.72,1.4
2023-08-28 15:00:00+02:00,221.35,16.75,190.66,16.35,1.56
2023-08-28 16:00:00+02:00,176.73,73.11,135.44,16.45,1.58
2023-08-28 17:00:00+02:00,137.1,113.52,101.35,16.61,1.53
2023-08-28 18:00:00+02:00,86.72,99.64,61.09,16.11,1.41
2023-08-28 19:00:00+02:00,25.92,45.64,24.19,14.56,1.85
2023-08-28 20:00:00+02:00,0.0,0.0,0.0,13.79,2.47
2023-08-28 21:00:00+02:00,0.0,0.0,0.0,13.5,2.29
2023-08-28 22:00:00+02:00,0.0,0.0,0.0,12.78,2.24
2023-08-28 23:00:00+02:00,0.0,0.0,0.0,12.42,2.22
2023-08-29 00:00:00+02:00,0.0,0.0,0.0,12.15,2.25
2023-08-29 01:00:00+02:00,0.0,0.0,0.0,11.92,2.25
2023-08-29 02:00:00+02:00,0.0,0.0,0.0,11.78,2.28
2023-08-29 03:00:00+02:00,0.0,0.0,0.0,11.6,2.26
2023-08-29 04:00:00+02:00,0.0,0.0,0.0,11.32,2.2
2023-08-29 05:00:00+02:00,0.0,0.0,0.0,11.01,2.15
2023-08-29 06:00:00+02:00,37.58,123.96,29.67,11.86,2.13
2023-08-29 07:00:00+02:00,111.5,171.56,73.12,13.25,1.66
2023-08-29 08:00:00+02:00,183.45,194.11,120.48,14.63,1.68
2023-08-29 09:00:00+02:00,264.85,171.39,182.7,16.05,1.81
2023-08-29 10:00:00+02:00,348.83,168.0,244.67,17.49,1.82
2023-08-29 11:00:00+02:00,427.9,367.96,268.74,18.59,1.93
2023-08-29 12:00:00+02:00,503.33,546.66,191.99,19.32,1.99
2023-08-29 13:00:00+02:00,555.3,569.32,204.08,19.75,2.07
2023-08-29 14:00:00+02:00,527.05,708.04,140.34,19.8,2.06
2023-08-29 15:00:00+02:00,427.98,645.04,281.04,18.97,2.09
2023-08-29 16:00:00+02:00,309.45,251.81,227.84,18.16,1.82
2023-08-29 17:00:00+02:00,194.15,108.78,156.99,17.25,1.52
2023-08-29 18:00:00+02:00,95.82,58.24,82.89,16.28,1.44
2023-08-29 19:00:00+02:00,17.2,6.66,18.04,15.04,1.51
2023-08-29 20:00:00+02:00,0.0,0.0,0.0,13.99,1.52
2023-08-29 21:00:00+02:00,0.0,0.0,0.0,13.53,1.72
2023-08-29 22:00:00+02:00,0.0,0.0,0.0,13.21,1.72
2023-08-29 23:00:00+02:00,0.0,0.0,0.0,13.12,1.65
2023-08-30 00:00:00+02:00,0.0,0.0,0.0,12.96,1.65
2023-08-30 01:00:00+02:00,0.0,0.0,0.0,12.73,1.63
2023-08-30 02:00:00+02:00,0.0,0.0,0.0,12.6,1.57
2023-08-30 03:00:00+02:00,0.0,0.0,0.0,12.41,1.55
2023-08-30 04:00:00+02:00,0.0,0.0,0.0,12.14,1.57
2023-08-30 05:00:00+02:00,0.0,0.0,0.0,11.58,1.72
2023-08-30 06:00:00+02:00,17.77,3.98,17.08,11.49,1.63
2023-08-30 07:00:00+02:00,80.8,15.82,70.1,13.21,1.4
2023-08-30 08:00:00+02:00,160.75,33.24,136.4,14.68,1.11
2023-08-30 09:00:00+02:00,248.25,49.16,203.55,15.86,1.25
2023-08-30 10:00:00+02:00,318.85,97.97,232.58,16.87,1.26
2023-08-30 11:00:00+02:00,413.3,225.5,241.12,17.89,1.24
2023-08-30 12:00:00+02:00,479.6,416.02,223.22,18.7,1.25
2023-08-30 13:00:00+02:00,435.98,523.23,180.57,19.13,1.33
2023-08-30 14:00:00+02:00,424.83,433.22,193.83,18.97,1.34
2023-08-30 15:00:00+02:00,337.33,357.95,195.15,18.76,1.36
2023-08-30 16:00:00+02:00,271.52,199.27,188.7,18.74,1.14
2023-08-30 17:00:00+02:00,177.73,128.14,130.76,18.86,1.04
2023-08-30 18:00:00+02:00,87.45,53.61,72.08,17.76,1.07
2023-08-30 19:00:00+02:00,19.65,8.82,21.82,16.58,1.38
2023-08-30 20:00:00+02:00,0.0,0.0,0.0,15.74,1.68
2023-08-30 21:00:00+02:00,0.0,0.0,0.0,15.09,1.81
2023-08-30 22:00:00+02:00,0.0,0.0,0.0,14.52,1.88
2023-08-30 23:00:00+02:00,0.0,0.0,0.0,13.94,1.95
2023-08-31 00:00:00+02:00,0.0,0.0,0.0,13.4,2.02
2023-08-31 01:00:00+02:00,0.0,0.0,0.0,12.78,2.11
2023-08-31 02:00:00+02:00,0.0,0.0,0.0,12.18,2.0
2023-08-31 03:00:00+02:00,0.0,0.0,0.0,11.85,1.98
2023-08-31 04:00:00+02:00,0.0,0.0,0.0,11.41,1.95
2023-08-31 05:00:00+02:00,0.0,0.0,0.0,11.04,1.98
2023-08-31 06:00:00+02:00,30.17,37.04,29.75,11.6,1.89
2023-08-31 07:00:00+02:00,118.3,210.19,77.42,13.01,1.52
2023-08-31 08:00:00+02:00,224.38,351.42,110.03,14.65,1.14
2023-08-31 09:00:00+02:00,337.05,456.01,126.96,16.59,1.34
2023-08-31 10:00:00+02:00,454.67,552.3,151.75,17.79,1.43
2023-08-31 11:00:00+02:00,508.77,522.76,196.74,18.65,1.51
2023-08-31 12:00:00+02:00,559.55,637.25,153.46,19.33,1.52
2023-08-31 13:00:00+02:00,492.1,651.52,109.56,19.87,1.47
2023-08-31 14:00:00+02:00,437.9,455.65,176.98,20.15,1.42
2023-08-31 15:00:00+02:00,301.42,348.31,162.92,20.03,1.35
2023-08-31 16:00:00+02:00,249.7,347.66,125.34,19.98,1.15
2023-08-31 17:00:00+02:00,169.4,295.16,95.02,19.31,1.14
2023-08-31 18:00:00+02:00,87.57,161.14,56.16,18.0,1.12
2023-08-31 19:00:00+02:00,16.92,43.71,17.06,16.18,1.66
2023-08-31 20:00:00+02:00,0.0,0.0,0.0,14.56,2.13
2023-08-31 21:00:00+02:00,0.0,0.0,0.0,13.67,1.97
2023-08-31 22:00:00+02:00,0.0,0.0,0.0,13.27,2.04
2023-08-31 23:00:00+02:00,0.0,0.0,0.0,12.98,1.96
2023-09-01 00:00:00+02:00,0.0,0.0,0.0,12.51,1.93
2023-09-01 01:00:00+02:00,0.0,0.0,0.0,12.31,1.85
2023-09-01 02:00:00+02:00,0.0,0.0,0.0,12.57,1.65
2023-09-01 03:00:00+02:00,0.0,0.0,0.0,12.68,1.54
2023-09-01 04:00:00+02:00,0.0,0.0,0.0,12.69,1.52
2023-09-01 05:00:00+02:00,0.0,0.0,0.0,12.83,1.68
2023-09-01 06:00:00+02:00,9.35,0.0,9.27,12.92,1.82
2023-09-01 07:00:00+02:00,30.0,0.47,26.53,13.03,1.86
2023-09-01 08:00:00+02:00,50.17,0.25,43.86,13.35,1.96
2023-09-01 09:00:00+02:00,68.95,1.88,59.74,13.83,2.1
2023-09-01 10:00:00+02:00,84.82,13.38,71.6,14.3,2.45
2023-09-01 11:00:00+02:00,101.5,6.85,86.5,14.7,2.55
2023-09-01 12:00:00+02:00,149.02,65.16,107.61,15.06,2.59
2023-09-01 13:00:00+02:00,170.12,6.91,144.4,15.34,2.71
2023-09-01 14:00:00+02:00,60.47,10.41,51.03,15.54,2.7
2023-09-01 15:00:00+02:00,100.47,73.07,67.7,15.63,2.64
2023-09-01 16:00:00+02:00,154.73,195.49,89.18,15.56,2.56
2023-09-01 17:00:00+02:00,100.15,124.07,62.83,15.39,2.47
2023-09-01 18:00:00+02:00,47.3,90.24,33.94,15.08,2.47
2023-09-01 19:00:00+02:00,8.48,20.94,9.08,14.65,2.54
2023-09-01 20:00:00+02:00,0.0,0.0,0.0,14.27,2.5
2023-09-01 21:00:00+02:00,0.0,0.0,0.0,13.95,2.35
2023-09-01 22:00:00+02:00,0.0,0.0,0.0,13.66,2.22
2023-09-01 23:00:00+02:00,0.0,0.0,0.0,13.47,2.16
2023-09-02 00:00:00+02:00,0.0,0.0,0.0,13.38,2.13
2023-09-02 01:00:00+02:00,0.0,0.0,0.0,13.39,2.17
2023-09-02 02:00:00+02:00,0.0,0.0,0.0,13.44,2.29
2023-09-02 03:00:00+02:00,0.0,0.0,0.0,13.46,2.37
2023-09-02 04:00:00+02:00,0.0,0.0,0.0,13.41,2.56
2023-09-02 05:00:00+02:00,0.0,0.0,0.0,13.29,2.72
2023-09-02 06:00:00+02:00,6.6,0.0,6.6,13.03,2.67
2023-09-02 07:00:00+02:00,34.6,11.43,29.79,12.83,2.88
2023-09-02 08:00:00+02:00,63.75,11.8,54.72,12.66,3.09
2023-09-02 09:00:00+02:00,104.25,19.97,86.93,12.81,3.14
2023-09-02 10:00:00+02:00,134.5,16.64,114.19,12.91,3.33
2023-09-02 11:00:00+02:00,167.0,31.66,135.8,13.03,3.34
2023-09-02 12:00:00+02:00,257.0,38.33,204.86,13.17,3.32
2023-09-02 13:00:00+02:00,187.2,34.96,154.79,13.35,3.33
2023-09-02 14:00:00+02:00,201.8,87.38,155.03,13.74,3.32
2023-09-02 15:00:00+02:00,187.15,311.85,122.23,14.31,3.29
2023-09-02 16:00:00+02:00,150.7,163.06,92.49,14.75,3.1
2023-09-02 17:00:00+02:00,121.6,148.98,82.03,14.72,2.6
2023-09-02 18:00:00+02:00,65.78,141.94,44.64,13.98,1.98
2023-09-02 19:00:00+02:00,14.52,51.17,14.89,12.09,1.89
2023-09-02 20:00:00+02:00,0.0,0.0,0.0,10.79,2.11
2023-09-02 21:00:00+02:00,0.0,0.0,0.0,10.32,2.12
2023-09-02 22:00:00+02:00,0.0,0.0,0.0,9.87,2.1
2023-09-02 23:00:00+02:00,0.0,0.0,0.0,9.4,2.13
2023-09-03 00:00:00+02:00,0.0,0.0,0.0,8.99,2.18
2023-09-03 01:00:00+02:00,0.0,0.0,0.0,8.59,2.26
2023-09-03 02:00:00+02:00,0.0,0.0,0.0,8.25,2.35
2023-09-03 03:00:00+02:00,0.0,0.0,0.0,8.01,2.37
2023-09-03 04:00:00+02:00,0.0,0.0,0.0,7.69,2.43
2023-09-03 05:00:00+02:00,0.0,0.0,0.0,7.66,2.16
2023-09-03 06:00:00+02:00,29.23,76.28,29.04,8.46,2.24
2023-09-03 07:00:00+02:00,119.47,228.19,80.62,10.34,2.17
2023-09-03 08:00:00+02:00,217.27,270.51,141.4,11.77,1.59
2023-09-03 09:00:00+02:00,317.0,287.0,207.54,13.88,1.75
2023-09-03 10:00:00+02:00,394.98,288.36,245.64,15.68,2.31
2023-09-03 11:00:00+02:00,447.6,249.85,293.48,16.49,2.49
2023-09-03 12:00:00+02:00,348.62,13.39,296.04,16.88,2.42
2023-09-03 13:00:00+02:00,344.08,22.72,287.03,16.93,2.36
2023-09-03 14:00:00+02:00,283.8,8.34,244.88,16.81,2.17
2023-09-03 15:00:00+02:00,234.05,42.39,184.55,16.72,1.87
2023-09-03 16:00:00+02:00,204.85,57.69,165.87,16.61,1.61
2023-09-03 17:00:00+02:00,134.82,56.69,110.98,16.28,1.44
2023-09-03 18:00:00+02:00,63.72,34.85,54.29,15.51,1.6
2023-09-03 19:00:00+02:00,10.98,7.89,13.66,14.22,2.04
2023-09-03 20:00:00+02:00,0.0,0.0,0.0,14.09,2.56
2023-09-03 21:00:00+02:00,0.0,0.0,0.0,14.29,2.49
2023-09-03 22:00:00+02:00,0.0,0.0,0.0,14.09,2.52
2023-09-03 23:00:00+02:00,0.0,0.0,0.0,13.61,2.58
2023-09-04 00:00:00+02:00,0.0,0.0,0.0,13.08,2.53
2023-09-04 01:00:00+02:00,0.0,0.0,0.0,12.75,2.49
2023-09-04 02:00:00+02:00,0.0,0.0,0.0,12.74,2.52
2023-09-04 03:00:00+02:00,0.0,0.0,0.0,12.76,2.55
2023-09-04 04:00:00+02:00,0.0,0.0,0.0,12.8,2.51
2023-09-04 05:00:00+02:00,0.0,0.0,0.0,12.88,2.46
2023-09-04 06:00:00+02:00,30.55,158.29,20.89,13.2,2.43
2023-09-04 07:00:00+02:00,138.05,451.96,53.83,14.31,2.25
2023-09-04 08:00:00+02:00,263.83,630.18,74.1,15.72,2.07
2023-09-04 09:00:00+02:00,386.08,712.95,90.45,17.42,2.08
2023-09-04 10:00:00+02:00,497.58,821.21,76.09,19.08,1.47
2023-09-04 11:00:00+02:00,530.08,746.7,123.62,20.38,1.08
2023-09-04 12:00:00+02:00,575.9,751.01,132.26,21.27,1.29
2023-09-04 13:00:00+02:00,543.22,706.49,150.99,21.69,1.87
2023-09-04 14:00:00+02:00,514.85,583.61,201.11,21.87,2.42
2023-09-04 15:00:00+02:00,448.73,620.31,165.18,21.81,2.75
2023-09-04 16:00:00+02:00,343.17,561.97,135.85,21.51,2.78
2023-09-04 17:00:00+02:00,219.7,379.92,116.27,20.92,2.71
2023-09-04 18:00:00+02:00,100.1,270.23,58.23,20.02,2.85
2023-09-04 19:00:00+02:00,13.25,57.86,14.28,19.0,3.1
2023-09-04 20:00:00+02:00,0.0,0.0,0.0,18.22,3.35
2023-09-04 21:00:00+02:00,0.0,0.0,0.0,17.59,3.36
2023-09-04 22:00:00+02:00,0.0,0.0,0.0,17.12,3.3
2023-09-04 23:00:00+02:00,0.0,0.0,0.0,16.65,3.2
2023-09-05 00:00:00+02:00,0.0,0.0,0.0,16.16,3.17
2023-09-05 01:00:00+02:00,0.0,0.0,0.0,15.74,3.11
2023-09-05 02:00:00+02:00,0.0,0.0,0.0,15.34,3.02
2023-09-05 03:00:00+02:00,0.0,0.0,0.0,14.92,2.82
2023-09-05 04:00:00+02:00,0.0,0.0,0.0,14.74,2.8
2023-09-05 05:00:00+02:00,0.0,0.0,0.0,14.63,2.83
2023-09-05 06:00:00+02:00,24.6,119.25,20.81,14.56,2.9
2023-09-05 07:00:00+02:00,126.6,364.41,59.14,15.07,2.98
2023-09-05 08:00:00+02:00,252.3,575.62,83.7,16.13,3.36
2023-09-05 09:00:00+02:00,374.73,711.99,85.19,17.6,3.75
2023-09-05 10:00:00+02:00,479.65,790.74,81.88,18.98,3.85
2023-09-05 11:00:00+02:00,555.9,865.84,71.56,20.17,3.87
2023-09-05 12:00:00+02:00,587.28,854.83,74.1,21.1,3.84
2023-09-05 13:00:00+02:00,557.22,719.57,129.58,21.77,3.79
2023-09-05 14:00:00+02:00,511.02,746.12,96.56,22.14,3.73
2023-09-05 15:00:00+02:00,432.62,672.12,109.31,22.26,3.46
2023-09-05 16:00:00+02:00,328.1,550.5,114.08,21.96,2.97
2023-09-05 17:00:00+02:00,203.6,456.19,86.18,21.33,2.39
2023-09-05 18:00:00+02:00,85.1,237.9,48.16,20.23,1.89
2023-09-05 19:00:00+02:00,9.0,25.14,10.96,18.6,1.59
2023-09-05 20:00:00+02:00,0.0,0.0,0.0,17.58,1.36
2023-09-05 21:00:00+02:00,0.0,0.0,0.0,16.94,1.22
2023-09-05 22:00:00+02:00,0.0,0.0,0.0,16.3,1.59
2023-09-05 23:00:00+02:00,0.0,0.0,0.0,16.06,2.15
2023-09-06 00:00:00+02:00,0.0,0.0,0.0,15.83,2.55
2023-09-06 01:00:00+02:00,0.0,0.0,0.0,15.12,2.56
2023-09-06 02:00:00+02:00,0.0,0.0,0.0,14.34,2.47
2023-09-06 03:00:00+02:00,0.0,0.0,0.0,13.62,2.27
2023-09-06 04:00:00+02:00,0.0,0.0,0.0,12.86,2.0
2023-09-06 05:00:00+02:00,0.0,0.0,0.0,12.26,2.03
2023-09-06 06:00:00+02:00,24.12,138.62,16.35,11.73,2.09
2023-09-06 07:00:00+02:00,130.18,479.95,41.87,11.85,1.99
2023-09-06 08:00:00+02:00,261.4,656.77,60.4,12.48,1.91
2023-09-06 09:00:00+02:00,387.9,771.83,68.25,13.36,1.8
2023-09-06 10:00:00+02:00,492.65,848.11,67.0,14.26,1.37
2023-09-06 11:00:00+02:00,561.25,879.3,71.08,15.2,0.87
2023-09-06 12:00:00+02:00,596.58,882.64,72.74,16.15,0.58
2023-09-06 13:00:00+02:00,575.75,848.05,115.95,17.04,0.47
2023-09-06 14:00:00+02:00,511.4,709.82,174.66,17.74,0.44
2023-09-06 15:00:00+02:00,428.9,625.68,173.72,18.03,0.49
2023-09-06 16:00:00+02:00,322.75,453.81,155.49,17.78,0.56
2023-09-06 17:00:00+02:00,203.35,377.3,115.05,17.97,0.61
2023-09-06 18:00:00+02:00,85.18,204.71,52.16,16.9,0.79
2023-09-06 19:00:00+02:00,9.0,18.1,11.88,16.18,1.06
2023-09-06 20:00:00+02:00,0.0,0.0,0.0,15.34,1.47
2023-09-06 21:00:00+02:00,0.0,0.0,0.0,14.21,1.91
2023-09-06 22:00:00+02:00,0.0,0.0,0.0,13.03,2.27
2023-09-06 23:00:00+02:00,0.0,0.0,0.0,12.12,2.43
2023-09-07 00:00:00+02:00,0.0,0.0,0.0,11.52,2.33
2023-09-07 01:00:00+02:00,0.0,0.0,0.0,11.2,1.94
2023-09-07 02:00:00+02:00,0.0,0.0,0.0,10.91,1.9
2023-09-07 03:00:00+02:00,0.0,0.0,0.0,10.61,1.96
2023-09-07 04:00:00+02:00,0.0,0.0,0.0,10.56,1.98
2023-09-07 05:00:00+02:00,0.0,0.0,0.0,10.56,2.02
2023-09-07 06:00:00+02:00,16.83,38.23,19.02,11.05,2.04
2023-09-07 07:00:00+02:00,96.97,249.97,56.4,12.93,2.01
2023-09-07 08:00:00+02:00,191.98,428.42,78.38,14.46,1.7
2023-09-07 09:00:00+02:00,286.52,471.68,105.18,16.62,1.93
2023-09-07 10:00:00+02:00,367.42,549.66,106.6,18.49,2.21
2023-09-07 11:00:00+02:00,474.25,376.79,272.93,19.59,2.43
2023-09-07 12:00:00+02:00,370.98,279.5,202.44,19.9,2.53
2023-09-07 13:00:00+02:00,346.8,277.92,207.34,20.08,2.57
2023-09-07 14:00:00+02:00,387.98,156.85,313.4,20.34,2.62
2023-09-07 15:00:00+02:00,328.6,147.88,247.5,20.54,2.7
2023-09-07 16:00:00+02:00,231.98,127.88,186.04,20.15,2.53
2023-09-07 17:00:00+02:00,152.77,123.61,121.21,19.46,2.33
2023-09-07 18:00:00+02:00,68.6,51.06,60.61,18.45,2.13
2023-09-07 19:00:00+02:00,7.22,1.16,11.96,17.06,2.16
2023-09-07 20:00:00+02:00,0.0,0.0,0.0,16.44,2.49
2023-09-07 21:00:00+02:00,0.0,0.0,0.0,15.99,2.25
2023-09-07 22:00:00+02:00,0.0,0.0,0.0,15.72,2.18
2023-09-07 23:00:00+02:00,0.0,0.0,0.0,15.71,2.18
2023-09-08 00:00:00+02:00,0.0,0.0,0.0,15.22,2.07
2023-09-08 01:00:00+02:00,0.0,0.0,0.0,14.9,2.14
2023-09-08 02:00:00+02:00,0.0,0.0,0.0,14.78,2.18
2023-09-08 03:00:00+02:00,0.0,0.0,0.0,14.57,2.18
2023-09-08 04:00:00+02:00,0.0,0.0,0.0,14.28,2.13
2023-09-08 05:00:00+02:00,0.0,0.0,0.0,13.99,2.08
2023-09-08 06:00:00+02:00,12.73,4.02,14.63,13.89,2.03
2023-09-08 07:00:00+02:00,64.68,40.63,56.22,14.68,1.86
2023-09-08 08:00:00+02:00,129.25,48.51,109.86,15.47,1.47
2023-09-08 09:00:00+02:00,204.68,47.2,170.49,16.49,1.47
2023-09-08 10:00:00+02:00,273.88,48.2,227.29,17.81,1.52
2023-09-08 11:00:00+02:00,326.67,40.0,280.17,19.32,1.49
2023-09-08 12:00:00+02:00,342.35,102.57,282.25,20.64,1.45
2023-09-08 13:00:00+02:00,377.23,126.88,309.07,21.38,1.39
2023-09-08 14:00:00+02:00,347.48,107.23,285.73,21.78,1.47
2023-09-08 15:00:00+02:00,289.23,109.16,227.15,21.77,1.46
2023-09-08 16:00:00+02:00,213.25,90.99,174.8,21.29,1.19
2023-09-08 17:00:00+02:00,128.75,47.59,109.18,20.43,1.04
2023-09-08 18:00:00+02:00,57.83,9.06,50.22,18.88,1.18
2023-09-08 19:00:00+02:00,5.28,0.0,6.04,17.67,1.58
2023-09-08 20:00:00+02:00,0.0,0.0,0.0,16.99,1.7
2023-09-08 21:00:00+02:00,0.0,0.0,0.0,16.41,1.68
2023-09-08 22:00:00+02:00,0.0,0.0,0.0,15.89,1.65
2023-09-08 23:00:00+02:00,0.0,0.0,0.0,15.51,1.71
2023-09-09 00:00:00+02:00,0.0,0.0,0.0,15.3,1.84
2023-09-09 01:00:00+02:00,0.0,0.0,0.0,15.15,1.75
2023-09-09 02:00:00+02:00,0.0,0.0,0.0,14.95,1.74
2023-09-09 03:00:00+02:00,0.0,0.0,0.0,14.72,1.74
2023-09-09 04:00:00+02:00,0.0,0.0,0.0,14.47,1.75
2023-09-09 05:00:00+02:00,0.0,0.0,0.0,14.33,1.7
2023-09-09 06:00:00+02:00,11.68,10.22,14.23,14.31,1.58
2023-09-09 07:00:00+02:00,68.2,95.53,49.45,15.22,1.26
2023-09-09 08:00:00+02:00,147.62,149.86,99.83,16.5,1.01
2023-09-09 09:00:00+02:00,215.15,162.28,150.53,17.34,0.86
2023-09-09 10:00:00+02:00,285.48,146.57,210.03,18.78,1.17
2023-09-09 11:00:00+02:00,334.02,114.44,262.36,20.49,1.39
2023-09-09 12:00:00+02:00,391.27,202.8,271.89,21.68,1.54
2023-09-09 13:00:00+02:00,453.95,271.24,295.72,22.2,1.69
2023-09-09 14:00:00+02:00,468.48,582.81,189.75,22.24,1.79
2023-09-09 15:00:00+02:00,384.0,391.94,200.74,21.68,1.61
2023-09-09 16:00:00+02:00,274.4,284.27,173.4,21.07,1.59
2023-09-09 17:00:00+02:00,164.3,157.14,116.17,20.68,1.78
2023-09-09 18:00:00+02:00,59.22,47.1,50.68,19.56,1.81
2023-09-09 19:00:00+02:00,4.1,0.0,5.7,18.04,2.15
2023-09-09 20:00:00+02:00,0.0,0.0,0.0,17.61,2.38
2023-09-09 21:00:00+02:00,0.0,0.0,0.0,17.12,2.18
2023-09-09 22:00:00+02:00,0.0,0.0,0.0,16.69,2.07
2023-09-09 23:00:00+02:00,0.0,0.0,0.0,16.23,2.06
2023-09-10 00:00:00+02:00,0.0,0.0,0.0,15.96,2.08
2023-09-10 01:00:00+02:00,0.0,0.0,0.0,15.58,2.06
2023-09-10 02:00:00+02:00,0.0,0.0,0.0,15.45,2.1
2023-09-10 03:00:00+02:00,0.0,0.0,0.0,15.32,2.08
2023-09-10 04:00:00+02:00,0.0,0.0,0.0,15.1,2.03
2023-09-10 05:00:00+02:00,0.0,0.0,0.0,14.71,1.97
2023-09-10 06:00:00+02:00,10.75,7.37,13.58,14.78,2.04
2023-09-10 07:00:00+02:00,72.97,65.94,61.65,15.88,2.0
2023-09-10 08:00:00+02:00,169.32,112.83,135.89,16.77,1.68
2023-09-10 09:00:00+02:00,255.0,135.65,201.88,18.19,1.7
2023-09-10 10:00:00+02:00,331.88,129.55,253.98,19.8,1.93
2023-09-10 11:00:00+02:00,386.73,148.09,295.57,20.98,1.95
2023-09-10 12:00:00+02:00,403.38,117.24,307.26,21.72,2.1
2023-09-10 13:00:00+02:00,415.3,247.79,260.67,22.28,2.21
2023-09-10 14:00:00+02:00,408.92,264.33,263.78,22.75,2.3
2023-09-10 15:00:00+02:00,347.02,288.71,210.28,22.87,2.3
2023-09-10 16:00:00+02:00,256.88,290.71,160.28,22.59,2.07
2023-09-10 17:00:00+02:00,163.32,259.89,94.26,21.79,1.57
2023-09-10 18:00:00+02:00,62.97,148.67,45.45,20.13,1.35
2023-09-10 19:00:00+02:00,3.72,8.32,5.45,17.91,1.95
2023-09-10 20:00:00+02:00,0.0,0.0,0.0,17.31,2.2
2023-09-10 21:00:00+02:00,0.0,0.0,0.0,16.7,2.06
2023-09-10 22:00:00+02:00,0.0,0.0,0.0,15.99,1.98
2023-09-10 23:00:00+02:00,0.0,0.0,0.0,15.66,2.01
2023-09-11 00:00:00+02:00,0.0,0.0,0.0,15.4,2.01
2023-09-11 01:00:00+02:00,0.0,0.0,0.0,15.07,1.98
2023-09-11 02:00:00+02:00,0.0,0.0,0.0,14.7,1.94
2023-09-11 03:00:00+02:00,0.0,0.0,0.0,14.35,1.94
2023-09-11 04:00:00+02:00,0.0,0.0,0.0,14.01,1.94
2023-09-11 05:00:00+02:00,0.0,0.0,0.0,13.67,1.75
2023-09-11 06:00:00+02:00,9.05,32.35,9.82,13.5,1.79
2023-09-11 07:00:00+02:00,60.95,190.79,34.63,15.13,1.31
2023-09-11 08:00:00+02:00,119.0,202.57,58.19,16.34,0.92
2023-09-11 09:00:00+02:00,163.8,284.68,79.88,17.82,1.06
2023-09-11 10:00:00+02:00,201.15,260.36,102.9,19.17,1.37
2023-09-11 11:00:00+02:00,204.8,79.3,158.49,20.16,1.53
2023-09-11 12:00:00+02:00,229.07,23.23,195.24,20.6,1.59
2023-09-11 13:00:00+02:00,228.95,421.28,137.25,20.93,1.67
2023-09-11 14:00:00+02:00,262.17,302.25,185.29,21.23,1.74
2023-09-11 15:00:00+02:00,231.23,167.42,164.92,21.31,1.8
2023-09-11 16:00:00+02:00,172.65,123.76,128.71,20.96,1.83
2023-09-11 17:00:00+02:00,109.7,97.67,83.74,20.13,1.55
2023-09-11 18:00:00+02:00,51.88,44.18,46.06,18.89,1.58
2023-09-11 19:00:00+02:00,0.0,0.0,0.0,17.72,1.96
2023-09-11 20:00:00+02:00,0.0,0.0,0.0,17.25,2.17
2023-09-11 21:00:00+02:00,0.0,0.0,0.0,16.86,2.23
2023-09-11 22:00:00+02:00,0.0,0.0,0.0,16.65,2.3
2023-09-11 23:00:00+02:00,0.0,0.0,0.0,16.35,2.11
2023-09-12 00:00:00+02:00,0.0,0.0,0.0,16.47,2.21
2023-09-12 01:00:00+02:00,0.0,0.0,0.0,16.47,2.25
2023-09-12 02:00:00+02:00,0.0,0.0,0.0,16.08,2.08
2023-09-12 03:00:00+02:00,0.0,0.0,0.0,15.67,2.05
2023-09-12 04:00:00+02:00,0.0,0.0,0.0,16.15,2.2
2023-09-12 05:00:00+02:00,0.0,0.0,0.0,16.28,1.97
2023-09-12 06:00:00+02:00,7.7,3.24,10.23,16.27,1.99
2023-09-12 07:00:00+02:00,49.88,34.73,39.4,16.48,1.97
2023-09-12 08:00:00+02:00,105.32,48.19,87.57,16.82,1.8
2023-09-12 09:00:00+02:00,162.23,53.2,133.73,17.57,1.85
2023-09-12 10:00:00+02:00,204.25,34.08,166.85,18.85,2.13
2023-09-12 11:00:00+02:00,221.05,6.07,191.7,20.18,2.48
2023-09-12 12:00:00+02:00,186.85,44.44,149.79,21.16,2.86
2023-09-12 13:00:00+02:00,225.95,101.4,173.16,21.02,2.84
2023-09-12 14:00:00+02:00,256.42,15.37,219.98,20.57,2.66
2023-09-12 15:00:00+02:00,194.02,49.77,156.18,20.45,2.77
2023-09-12 16:00:00+02:00,155.5,78.67,126.68,20.38,2.93
2023-09-12 17:00:00+02:00,100.05,75.68,78.32,20.01,2.7
2023-09-12 18:00:00+02:00,42.12,43.38,36.54,19.05,2.46
2023-09-12 19:00:00+02:00,0.0,0.0,0.0,17.69,2.29
2023-09-12 20:00:00+02:00,0.0,0.0,0.0,16.65,2.23
2023-09-12 21:00:00+02:00,0.0,0.0,0.0,15.83,2.12
2023-09-12 22:00:00+02:00,0.0,0.0,0.0,15.49,2.09
2023-09-12 23:00:00+02:00,0.0,0.0,0.0,15.29,1.89
2023-09-13 00:00:00+02:00,0.0,0.0,0.0,14.7,1.51
2023-09-13 01:00:00+02:00,0.0,0.0,0.0,13.93,1.32
2023-09-13 02:00:00+02:00,0.0,0.0,0.0,13.31,1.49
2023-09-13 03:00:00+02:00,0.0,0.0,0.0,12.93,1.64
2023-09-13 04:00:00+02:00,0.0,0.0,0.0,12.37,1.79
2023-09-13 05:00:00+02:00,0.0,0.0,0.0,12.12,1.81
2023-09-13 06:00:00+02:00,5.75,8.97,7.55,12.0,2.05
2023-09-13 07:00:00+02:00,43.33,28.28,37.39,12.96,2.18
2023-09-13 08:00:00+02:00,112.3,47.24,91.16,13.71,1.97
2023-09-13 09:00:00+02:00,174.1,39.76,146.8,14.46,2.25
2023-09-13 10:00:00+02:00,232.12,28.78,193.14,15.16,2.46
2023-09-13 11:00:00+02:00,266.2,21.21,229.16,15.72,2.5
2023-09-13 12:00:00+02:00,240.07,7.64,207.39,16.2,2.56
2023-09-13 13:00:00+02:00,220.9,0.92,193.21,16.27,2.57
2023-09-13 14:00:00+02:00,222.82,9.3,192.11,16.13,2.36
2023-09-13 15:00:00+02:00,207.45,53.39,171.58,15.98,2.22
2023-09-13 16:00:00+02:00,152.2,59.92,123.75,15.7,2.12
2023-09-13 17:00:00+02:00,98.95,60.41,82.1,15.21,2.13
2023-09-13 18:00:00+02:00,39.75,39.22,35.02,14.55,2.28
2023-09-13 19:00:00+02:00,0.0,0.0,0.0,13.65,2.41
2023-09-13 20:00:00+02:00,0.0,0.0,0.0,12.93,2.49
2023-09-13 21:00:00+02:00,0.0,0.0,0.0,12.19,2.58
2023-09-13 22:00:00+02:00,0.0,0.0,0.0,11.49,2.62
2023-09-13 23:00:00+02:00,0.0,0.0,0.0,10.71,2.45
2023-09-14 00:00:00+02:00,0.0,0.0,0.0,10.11,2.48
2023-09-14 01:00:00+02:00,0.0,0.0,0.0,9.49,2.45
2023-09-14 02:00:00+02:00,0.0,0.0,0.0,8.76,2.32
2023-09-14 03:00:00+02:00,0.0,0.0,0.0,7.89,2.18
2023-09-14 04:00:00+02:00,0.0,0.0,0.0,7.29,2.1
2023-09-14 05:00:00+02:00,0.0,0.0,0.0,6.84,2.06
2023-09-14 06:00:00+02:00,8.62,34.62,10.29,6.78,2.06
2023-09-14 07:00:00+02:00,92.18,263.9,53.43,7.66,2.03
2023-09-14 08:00:00+02:00,217.45,516.98,88.11,8.63,1.87
2023-09-14 09:00:00+02:00,336.7,627.98,114.64,10.12,1.79
2023-09-14 10:00:00+02:00,437.58,752.91,109.04,11.93,1.66
2023-09-14 11:00:00+02:00,509.02,795.25,100.45,13.49,1.39
2023-09-14 12:00:00+02:00,518.78,747.54,109.98,14.53,1.08
2023-09-14 13:00:00+02:00,498.55,583.52,184.25,15.01,0.9
2023-09-14 14:00:00+02:00,343.85,284.45,211.18,14.96,0.73
2023-09-14 15:00:00+02:00,287.67,194.49,198.5,14.83,0.51
2023-09-14 16:00:00+02:00,201.32,163.5,144.92,14.75,0.39
2023-09-14 17:00:00+02:00,106.93,124.41,79.46,14.83,0.43
2023-09-14 18:00:00+02:00,30.62,70.13,26.52,13.79,0.66
2023-09-14 19:00:00+02:00,0.0,0.0,0.0,12.53,1.2
2023-09-14 20:00:00+02:00,0.0,0.0,0.0,11.48,1.78
2023-09-14 21:00:00+02:00,0.0,0.0,0.0,10.72,2.03
2023-09-14 22:00:00+02:00,0.0,0.0,0.0,10.44,2.03
2023-09-14 23:00:00+02:00,0.0,0.0,0.0,10.23,2.07
2023-09-15 00:00:00+02:00,0.0,0.0,0.0,10.26,2.05
2023-09-15 01:00:00+02:00,0.0,0.0,0.0,9.98,2.03
2023-09-15 02:00:00+02:00,0.0,0.0,0.0,9.82,2.04
2023-09-15 03:00:00+02:00,0.0,0.0,0.0,9.45,1.99
2023-09-15 04:00:00+02:00,0.0,0.0,0.0,9.13,1.99
2023-09-15 05:00:00+02:00,0.0,0.0,0.0,8.71,1.92
2023-09-15 06:00:00+02:00,5.35,12.68,7.5,9.0,1.92
2023-09-15 07:00:00+02:00,48.28,69.28,38.38,10.66,1.9
2023-09-15 08:00:00+02:00,112.25,97.54,85.42,12.17,1.83
2023-09-15 09:00:00+02:00,189.0,90.88,145.75,13.51,2.04
2023-09-15 10:00:00+02:00,255.0,82.18,197.65,14.58,2.55
2023-09-15 11:00:00+02:00,298.6,108.25,241.11,15.27,2.88
2023-09-15 12:00:00+02:00,318.65,66.31,257.4,15.93,3.07
2023-09-15 13:00:00+02:00,229.68,15.01,197.02,16.05,2.97
2023-09-15 14:00:00+02:00,192.32,45.07,162.23,15.83,2.72
2023-09-15 15:00:00+02:00,159.55,43.24,131.09,15.74,2.58
2023-09-15 16:00:00+02:00,111.72,48.46,86.14,15.94,2.56
2023-09-15 17:00:00+02:00,65.65,32.23,55.45,15.95,2.54
2023-09-15 18:00:00+02:00,22.75,11.7,21.98,15.43,2.57
2023-09-15 19:00:00+02:00,0.0,0.0,0.0,14.82,2.77
2023-09-15 20:00:00+02:00,0.0,0.0,0.0,14.48,2.83
2023-09-15 21:00:00+02:00,0.0,0.0,0.0,13.97,2.56
2023-09-15 22:00:00+02:00,0.0,0.0,0.0,13.67,2.51
2023-09-15 23:00:00+02:00,0.0,0.0,0.0,13.52,2.5
2023-09-16 00:00:00+02:00,0.0,0.0,0.0,13.32,2.44
2023-09-16 01:00:00+02:00,0.0,0.0,0.0,13.06,2.53
2023-09-16 02:00:00+02:00,0.0,0.0,0.0,12.93,2.84
2023-09-16 03:00:00+02:00,0.0,0.0,0.0,12.81,3.03
2023-09-16 04:00:00+02:00,0.0,0.0,0.0,12.49,2.83
2023-09-16 05:00:00+02:00,0.0,0.0,0.0,12.04,2.53
2023-09-16 06:00:00+02:00,6.0,12.5,9.17,11.77,2.45
2023-09-16 07:00:00+02:00,68.57,127.12,50.83,12.2,2.39
2023-09-16 08:00:00+02:00,162.8,211.17,103.27,12.96,2.24
2023-09-16 09:00:00+02:00,249.2,244.31,162.58,14.07,2.45
2023-09-16 10:00:00+02:00,326.23,295.53,209.39,15.39,2.68
2023-09-16 11:00:00+02:00,390.0,307.96,269.75,16.71,2.82
2023-09-16 12:00:00+02:00,395.6,301.49,299.06,17.79,2.92
2023-09-16 13:00:00+02:00,341.3,440.97,146.25,18.51,2.89
2023-09-16 14:00:00+02:00,293.38,335.7,143.3,18.86,2.65
2023-09-16 15:00:00+02:00,237.45,348.12,131.97,18.91,2.33
2023-09-16 16:00:00+02:00,160.4,242.84,93.78,18.63,1.75
2023-09-16 17:00:00+02:00,88.75,141.55,60.2,17.89,1.69
2023-09-16 18:00:00+02:00,22.45,44.39,20.96,16.56,2.02
2023-09-16 19:00:00+02:00,0.0,0.0,0.0,15.29,2.37
2023-09-16 20:00:00+02:00,0.0,0.0,0.0,14.77,2.43
2023-09-16 21:00:00+02:00,0.0,0.0,0.0,14.18,2.34
2023-09-16 22:00:00+02:00,0.0,0.0,0.0,13.85,2.22
2023-09-16 23:00:00+02:00,0.0,0.0,0.0,14.0,2.24
2023-09-17 00:00:00+02:00,0.0,0.0,0.0,13.96,2.14
2023-09-17 01:00:00+02:00,0.0,0.0,0.0,13.88,1.92
2023-09-17 02:00:00+02:00,0.0,0.0,0.0,13.72,1.71
2023-09-17 03:00:00+02:00,0.0,0.0,0.0,13.68,1.79
2023-09-17 04:00:00+02:00,0.0,0.0,0.0,13.48,2.71
2023-09-17 05:00:00+02:00,0.0,0.0,0.0,12.02,3.42
2023-09-17 06:00:00+02:00,3.2,12.93,4.27,10.09,3.36
2023-09-17 07:00:00+02:00,65.4,182.67,38.57,9.3,2.78
2023-09-17 08:00:00+02:00,182.57,443.38,77.85,9.82,2.62
2023-09-17 09:00:00+02:00,300.02,631.63,102.36,11.04,2.73
2023-09-17 10:00:00+02:00,407.33,770.8,112.19,12.33,2.84
2023-09-17 11:00:00+02:00,500.58,825.69,119.42,13.25,2.68
2023-09-17 12:00:00+02:00,543.95,882.93,70.9,14.0,2.33
2023-09-17 13:00:00+02:00,534.5,896.61,63.99,14.55,2.0
2023-09-17 14:00:00+02:00,454.33,765.23,173.09,14.86,1.71
2023-09-17 15:00:00+02:00,374.55,644.84,147.24,14.85,1.47
2023-09-17 16:00:00+02:00,270.42,727.03,111.91,14.47,1.25
2023-09-17 17:00:00+02:00,150.77,492.49,78.47,14.07,1.03
2023-09-17 18:00:00+02:00,39.8,140.75,34.65,12.2,1.44
2023-09-17 19:00:00+02:00,0.0,0.0,0.0,10.52,2.02
2023-09-17 20:00:00+02:00,0.0,0.0,0.0,9.37,2.35
2023-09-17 21:00:00+02:00,0.0,0.0,0.0,8.37,2.49
2023-09-17 22:00:00+02:00,0.0,0.0,0.0,7.82,2.31
2023-09-17 23:00:00+02:00,0.0,0.0,0.0,7.38,2.45
2023-09-18 00:00:00+02:00,0.0,0.0,0.0,7.35,2.43
2023-09-18 01:00:00+02:00,0.0,0.0,0.0,7.15,2.43
2023-09-18 02:00:00+02:00,0.0,0.0,0.0,6.71,2.31
2023-09-18 03:00:00+02:00,0.0,0.0,0.0,6.87,2.24
2023-09-18 04:00:00+02:00,0.0,0.0,0.0,7.16,2.27
2023-09-18 05:00:00+02:00,0.0,0.0,0.0,7.32,2.18
2023-09-18 06:00:00+02:00,3.47,10.97,4.6,7.43,2.16
2023-09-18 07:00:00+02:00,62.08,112.05,46.96,8.34,2.26
2023-09-18 08:00:00+02:00,166.07,214.66,116.37,9.3,2.1
2023-09-18 09:00:00+02:00,263.42,301.33,168.55,10.39,1.96
2023-09-18 10:00:00+02:00,350.1,372.87,203.32,11.99,2.62
2023-09-18 11:00:00+02:00,423.73,443.14,218.04,13.73,3.49
2023-09-18 12:00:00+02:00,398.05,622.75,106.35,15.09,3.88
2023-09-18 13:00:00+02:00,422.3,312.47,257.72,16.04,4.02
2023-09-18 14:00:00+02:00,320.08,397.02,167.14,16.51,4.05
2023-09-18 15:00:00+02:00,294.0,259.71,192.27,16.48,3.97
2023-09-18 16:00:00+02:00,197.55,117.43,158.22,15.94,3.76
2023-09-18 17:00:00+02:00,101.78,55.3,87.25,15.16,3.76
2023-09-18 18:00:00+02:00,22.45,10.4,23.69,14.45,3.87
2023-09-18 19:00:00+02:00,0.0,0.0,0.0,13.89,3.92
2023-09-18 20:00:00+02:00,0.0,0.0,0.0,13.59,3.9
2023-09-18 21:00:00+02:00,0.0,0.0,0.0,13.52,3.81
2023-09-18 22:00:00+02:00,0.0,0.0,0.0,13.61,3.72
2023-09-18 23:00:00+02:00,0.0,0.0,0.0,13.9,3.7
2023-09-19 00:00:00+02:00,0.0,0.0,0.0,14.31,3.54
2023-09-19 01:00:00+02:00,0.0,0.0,0.0,14.68,3.6
2023-09-19 02:00:00+02:00,0.0,0.0,0.0,15.02,3.46
2023-09-19 03:00:00+02:00,0.0,0.0,0.0,15.19,2.94
2023-09-19 04:00:00+02:00,0.0,0.0,0.0,15.36,2.61
2023-09-19 05:00:00+02:00,0.0,0.0,0.0,15.39,2.41
2023-09-19 06:00:00+02:00,0.0,0.0,0.0,15.27,2.35
2023-09-19 07:00:00+02:00,38.45,8.87,34.39,15.33,2.5
2023-09-19 08:00:00+02:00,94.4,27.28,83.39,15.54,2.43
2023-09-19 09:00:00+02:00,152.85,75.85,121.41,16.02,2.38
2023-09-19 10:00:00+02:00,215.98,126.98,161.51,16.81,2.69
2023-09-19 11:00:00+02:00,262.92,203.47,169.31,17.36,3.07
2023-09-19 12:00:00+02:00,298.15,280.0,151.93,17.77,4.17
2023-09-19 13:00:00+02:00,271.7,332.46,132.2,17.83,5.44
2023-09-19 14:00:00+02:00,294.7,282.65,180.52,17.26,5.91
2023-09-19 15:00:00+02:00,246.15,257.89,154.93,16.39,5.87
2023-09-19 16:00:00+02:00,177.02,233.89,112.71,15.32,5.77
2023-09-19 17:00:00+02:00,97.47,184.88,65.88,14.45,5.25
2023-09-19 18:00:00+02:00,25.08,62.78,23.22,13.72,4.81
2023-09-19 19:00:00+02:00,0.0,0.0,0.0,13.17,4.77
2023-09-19 20:00:00+02:00,0.0,0.0,0.0,12.92,4.72
2023-09-19 21:00:00+02:00,0.0,0.0,0.0,12.66,4.39
2023-09-19 22:00:00+02:00,0.0,0.0,0.0,12.2,3.63
2023-09-19 23:00:00+02:00,0.0,0.0,0.0,11.95,3.04
2023-09-20 00:00:00+02:00,0.0,0.0,0.0,11.94,2.31
2023-09-20 01:00:00+02:00,0.0,0.0,0.0,12.16,2.65
2023-09-20 02:00:00+02:00,0.0,0.0,0.0,12.14,3.24
2023-09-20 03:00:00+02:00,0.0,0.0,0.0,11.53,3.42
2023-09-20 04:00:00+02:00,0.0,0.0,0.0,10.86,3.49
2023-09-20 05:00:00+02:00,0.0,0.0,0.0,10.51,3.41
2023-09-20 06:00:00+02:00,0.0,0.0,0.0,10.42,3.37
2023-09-20 07:00:00+02:00,40.05,28.34,34.39,10.81,3.32
2023-09-20 08:00:00+02:00,118.35,53.97,96.61,11.45,3.18
2023-09-20 09:00:00+02:00,175.2,66.43,142.45,12.65,3.21
2023-09-20 10:00:00+02:00,239.0,80.25,189.62,14.17,3.42
2023-09-20 11:00:00+02:00,282.92,97.56,222.83,15.42,3.44
2023-09-20 12:00:00+02:00,292.38,125.01,223.1,16.34,3.26
2023-09-20 13:00:00+02:00,278.38,432.73,122.52,17.15,2.97
2023-09-20 14:00:00+02:00,260.85,384.82,116.39,17.6,2.78
2023-09-20 15:00:00+02:00,221.45,366.53,105.09,17.97,2.83
2023-09-20 16:00:00+02:00,163.15,343.18,79.78,17.98,2.97
2023-09-20 17:00:00+02:00,93.6,253.59,54.81,17.62,3.22
2023-09-20 18:00:00+02:00,22.58,98.47,19.86,17.18,3.48
2023-09-20 19:00:00+02:00,0.0,0.0,0.0,16.67,3.55
2023-09-20 20:00:00+02:00,0.0,0.0,0.0,16.09,3.39
2023-09-20 21:00:00+02:00,0.0,0.0,0.0,15.32,3.05
2023-09-20 22:00:00+02:00,0.0,0.0,0.0,14.96,3.1
2023-09-20 23:00:00+02:00,0.0,0.0,0.0,14.86,3.15
2023-09-21 00:00:00+02:00,0.0,0.0,0.0,14.87,3.14
2023-09-21 01:00:00+02:00,0.0,0.0,0.0,14.88,3.12
2023-09-21 02:00:00+02:00,0.0,0.0,0.0,15.21,3.44
2023-09-21 03:00:00+02:00,0.0,0.0,0.0,15.14,3.37
2023-09-21 04:00:00+02:00,0.0,0.0,0.0,14.98,3.21
2023-09-21 05:00:00+02:00,0.0,0.0,0.0,14.57,2.85
2023-09-21 06:00:00+02:00,0.0,0.0,0.0,14.29,2.86
2023-09-21 07:00:00+02:00,59.05,127.72,46.37,14.44,2.93
2023-09-21 08:00:00+02:00,158.62,320.33,87.26,15.32,2.82
2023-09-21 09:00:00+02:00,264.52,389.44,145.04,16.71,3.03
2023-09-21 10:00:00+02:00,356.75,513.58,172.05,18.4,3.21
2023-09-21 11:00:00+02:00,418.62,513.49,193.96,19.85,3.41
2023-09-21 12:00:00+02:00,446.92,636.35,201.96,20.62,3.56
2023-09-21 13:00:00+02:00,433.3,518.41,181.66,20.97,3.55
2023-09-21 14:00:00+02:00,392.83,514.83,169.69,21.37,3.44
2023-09-21 15:00:00+02:00,319.52,482.82,140.99,21.47,3.25
2023-09-21 16:00:00+02:00,224.88,435.82,105.94,21.05,3.0
2023-09-21 17:00:00+02:00,116.12,323.22,59.1,20.0,2.86
2023-09-21 18:00:00+02:00,21.95,87.09,19.64,18.39,2.64
2023-09-21 19:00:00+02:00,0.0,0.0,0.0,16.83,2.58
2023-09-21 20:00:00+02:00,0.0,0.0,0.0,16.0,2.79
2023-09-21 21:00:00+02:00,0.0,0.0,0.0,15.3,2.74
2023-09-21 22:00:00+02:00,0.0,0.0,0.0,14.78,2.65
2023-09-21 23:00:00+02:00,0.0,0.0,0.0,14.31,2.44
2023-09-22 00:00:00+02:00,0.0,0.0,0.0,14.17,2.47
2023-09-22 01:00:00+02:00,0.0,0.0,0.0,14.13,2.46
2023-09-22 02:00:00+02:00,0.0,0.0,0.0,14.13,2.48
2023-09-22 03:00:00+02:00,0.0,0.0,0.0,14.1,2.5
2023-09-22 04:00:00+02:00,0.0,0.0,0.0,14.11,2.56
2023-09-22 05:00:00+02:00,0.0,0.0,0.0,14.19,2.63
2023-09-22 06:00:00+02:00,0.0,0.0,0.0,14.28,2.68
2023-09-22 07:00:00+02:00,46.15,113.03,34.67,14.61,2.8
2023-09-22 08:00:00+02:00,120.5,235.16,73.64,15.32,2.87
2023-09-22 09:00:00+02:00,200.05,233.92,134.27,16.18,2.96
2023-09-22 10:00:00+02:00,267.1,229.34,176.97,17.02,2.89
2023-09-22 11:00:00+02:00,310.0,155.7,228.27,17.95,3.11
2023-09-22 12:00:00+02:00,353.8,231.21,249.1,18.5,3.29
2023-09-22 13:00:00+02:00,258.0,169.97,188.49,19.13,3.57
2023-09-22 14:00:00+02:00,224.6,74.74,173.6,19.59,3.69
2023-09-22 15:00:00+02:00,172.1,57.86,143.58,18.78,3.35
2023-09-22 16:00:00+02:00,108.35,30.75,89.65,17.72,3.01
2023-09-22 17:00:00+02:00,56.15,15.5,49.94,17.17,2.7
2023-09-22 18:00:00+02:00,9.73,0.0,10.01,16.9,2.71
2023-09-22 19:00:00+02:00,0.0,0.0,0.0,16.56,2.73
2023-09-22 20:00:00+02:00,0.0,0.0,0.0,16.6,2.93
2023-09-22 21:00:00+02:00,0.0,0.0,0.0,16.42,3.02
2023-09-22 22:00:00+02:00,0.0,0.0,0.0,15.76,2.97
2023-09-22 23:00:00+02:00,0.0,0.0,0.0,14.89,2.88
2023-09-23 00:00:00+02:00,0.0,0.0,0.0,14.05,2.8
2023-09-23 01:00:00+02:00,0.0,0.0,0.0,12.94,2.36
2023-09-23 02:00:00+02:00,0.0,0.0,0.0,12.32,2.34
2023-09-23 03:00:00+02:00,0.0,0.0,0.0,12.19,2.45
2023-09-23 04:00:00+02:00,0.0,0.0,0.0,11.78,2.3
2023-09-23 05:00:00+02:00,0.0,0.0,0.0,11.38,2.16
2023-09-23 06:00:00+02:00,0.0,0.0,0.0,11.36,2.1
2023-09-23 07:00:00+02:00,40.58,37.91,35.95,11.54,1.99
2023-09-23 08:00:00+02:00,116.38,60.23,91.34,12.53,1.87
2023-09-23 09:00:00+02:00,199.0,84.9,155.87,13.73,1.79
2023-09-23 10:00:00+02:00,268.65,99.65,211.6,15.11,2.21
2023-09-23 11:00:00+02:00,347.27,153.84,266.83,16.49,2.45
2023-09-23 12:00:00+02:00,353.55,169.15,256.33,17.45,2.69
2023-09-23 13:00:00+02:00,286.27,292.39,160.72,17.73,2.88
2023-09-23 14:00:00+02:00,321.5,237.49,219.63,17.54,2.86
2023-09-23 15:00:00+02:00,244.57,266.38,155.37,17.34,2.67
2023-09-23 16:00:00+02:00,165.75,180.4,116.11,16.97,2.43
2023-09-23 17:00:00+02:00,79.5,111.76,63.7,16.06,2.2
2023-09-23 18:00:00+02:00,12.1,18.51,14.29,14.54,2.25
2023-09-23 19:00:00+02:00,0.0,0.0,0.0,13.44,2.34
2023-09-23 20:00:00+02:00,0.0,0.0,0.0,13.26,2.47
2023-09-23 21:00:00+02:00,0.0,0.0,0.0,12.96,2.4
2023-09-23 22:00:00+02:00,0.0,0.0,0.0,12.55,2.36
2023-09-23 23:00:00+02:00,0.0,0.0,0.0,12.14,2.38
2023-09-24 00:00:00+02:00,0.0,0.0,0.0,11.81,2.45
2023-09-24 01:00:00+02:00,0.0,0.0,0.0,11.5,2.49
2023-09-24 02:00:00+02:00,0.0,0.0,0.0,11.19,2.48
2023-09-24 03:00:00+02:00,0.0,0.0,0.0,10.98,2.61
2023-09-24 04:00:00+02:00,0.0,0.0,0.0,10.77,2.71
2023-09-24 05:00:00+02:00,0.0,0.0,0.0,10.57,2.77
2023-09-24 06:00:00+02:00,0.0,0.0,0.0,10.41,2.77
2023-09-24 07:00:00+02:00,57.05,292.66,26.29,10.55,2.82
2023-09-24 08:00:00+02:00,170.93,568.73,51.36,11.16,2.96
2023-09-24 09:00:00+02:00,284.42,673.38,73.35,11.84,3.5
2023-09-24 10:00:00+02:00,380.33,726.02,86.67,12.81,3.61
2023-09-24 11:00:00+02:00,446.95,776.67,91.32,14.01,3.89
2023-09-24 12:00:00+02:00,472.52,750.27,101.56,14.88,4.08
2023-09-24 13:00:00+02:00,446.02,779.05,77.89,15.42,4.12
2023-09-24 14:00:00+02:00,405.17,751.06,75.25,15.65,4.04
2023-09-24 15:00:00+02:00,317.7,698.21,72.79,15.55,3.82
2023-09-24 16:00:00+02:00,220.25,522.64,72.57,15.11,3.46
2023-09-24 17:00:00+02:00,102.43,312.93,50.68,14.17,2.87
2023-09-24 18:00:00+02:00,13.57,63.37,14.78,12.23,2.44
2023-09-24 19:00:00+02:00,0.0,0.0,0.0,10.71,2.57
2023-09-24 20:00:00+02:00,0.0,0.0,0.0,10.3,2.49
2023-09-24 21:00:00+02:00,0.0,0.0,0.0,9.65,2.32
2023-09-24 22:00:00+02:00,0.0,0.0,0.0,9.79,2.27
2023-09-24 23:00:00+02:00,0.0,0.0,0.0,9.93,2.31
2023-09-25 00:00:00+02:00,0.0,0.0,0.0,9.91,2.4
2023-09-25 01:00:00+02:00,0.0,0.0,0.0,9.94,2.5
2023-09-25 02:00:00+02:00,0.0,0.0,0.0,10.18,2.72
2023-09-25 03:00:00+02:00,0.0,0.0,0.0,10.38,2.82
2023-09-25 04:00:00+02:00,0.0,0.0,0.0,10.52,2.83
2023-09-25 05:00:00+02:00,0.0,0.0,0.0,10.54,2.82
2023-09-25 06:00:00+02:00,0.0,0.0,0.0,10.51,2.89
2023-09-25 07:00:00+02:00,29.67,0.0,28.96,10.67,2.97
2023-09-25 08:00:00+02:00,86.07,0.0,75.92,11.33,3.02
2023-09-25 09:00:00+02:00,139.75,0.0,122.2,12.06,3.12
2023-09-25 10:00:00+02:00,196.3,0.6,171.04,12.61,3.04
2023-09-25 11:00:00+02:00,234.25,6.22,197.55,13.25,3.28
2023-09-25 12:00:00+02:00,239.6,1.54,198.74,13.92,3.4
2023-09-25 13:00:00+02:00,181.85,0.0,156.08,14.41,3.3
2023-09-25 14:00:00+02:00,131.62,0.0,114.01,14.72,3.36
2023-09-25 15:00:00+02:00,78.5,0.57,67.6,14.99,3.39
2023-09-25 16:00:00+02:00,70.07,1.15,61.24,15.08,3.38
2023-09-25 17:00:00+02:00,38.38,1.67,33.58,14.76,3.37
2023-09-25 18:00:00+02:00,6.82,0.0,7.3,14.08,3.37
2023-09-25 19:00:00+02:00,0.0,0.0,0.0,13.37,3.33
2023-09-25 20:00:00+02:00,0.0,0.0,0.0,12.77,3.25
2023-09-25 21:00:00+02:00,0.0,0.0,0.0,12.51,3.22
2023-09-25 22:00:00+02:00,0.0,0.0,0.0,12.44,3.12
2023-09-25 23:00:00+02:00,0.0,0.0,0.0,12.32,3.03
2023-09-26 00:00:00+02:00,0.0,0.0,0.0,12.12,2.95
2023-09-26 01:00:00+02:00,0.0,0.0,0.0,12.02,2.87
2023-09-26 02:00:00+02:00,0.0,0.0,0.0,11.95,2.78
2023-09-26 03:00:00+02:00,0.0,0.0,0.0,12.2,2.97
2023-09-26 04:00:00+02:00,0.0,0.0,0.0,12.41,2.81
2023-09-26 05:00:00+02:00,0.0,0.0,0.0,12.09,2.43
2023-09-26 06:00:00+02:00,0.0,0.0,0.0,11.85,2.3
2023-09-26 07:00:00+02:00,27.58,48.57,25.86,11.81,2.23
2023-09-26 08:00:00+02:00,99.07,169.69,68.04,12.13,2.05
2023-09-26 09:00:00+02:00,166.5,239.96,100.55,12.91,1.88
2023-09-26 10:00:00+02:00,220.48,291.77,125.38,14.39,2.11
2023-09-26 11:00:00+02:00,253.93,323.79,141.33,16.26,2.3
2023-09-26 12:00:00+02:00,271.83,213.02,190.76,17.34,2.3
2023-09-26 13:00:00+02:00,210.27,182.53,128.07,17.88,2.28
2023-09-26 14:00:00+02:00,200.6,225.25,131.09,18.14,2.16
2023-09-26 15:00:00+02:00,167.8,168.8,116.26,18.06,1.96
2023-09-26 16:00:00+02:00,114.9,77.13,87.01,17.47,1.47
2023-09-26 17:00:00+02:00,55.17,36.84,47.62,16.43,1.14
2023-09-26 18:00:00+02:00,7.18,0.0,7.65,14.91,1.4
2023-09-26 19:00:00+02:00,0.0,0.0,0.0,14.13,1.55
2023-09-26 20:00:00+02:00,0.0,0.0,0.0,13.56,1.72
2023-09-26 21:00:00+02:00,0.0,0.0,0.0,13.11,1.89
2023-09-26 22:00:00+02:00,0.0,0.0,0.0,12.66,1.89
2023-09-26 23:00:00+02:00,0.0,0.0,0.0,12.74,1.87
2023-09-27 00:00:00+02:00,0.0,0.0,0.0,12.69,1.89
2023-09-27 01:00:00+02:00,0.0,0.0,0.0,12.6,1.99
2023-09-27 02:00:00+02:00,0.0,0.0,0.0,12.74,2.11
2023-09-27 03:00:00+02:00,0.0,0.0,0.0,12.92,2.19
2023-09-27 04:00:00+02:00,0.0,0.0,0.0,13.0,2.27
2023-09-27 05:00:00+02:00,0.0,0.0,0.0,12.98,2.23
2023-09-27 06:00:00+02:00,0.0,0.0,0.0,12.53,1.89
2023-09-27 07:00:00+02:00,22.1,13.04,22.03,12.51,2.01
2023-09-27 08:00:00+02:00,82.93,48.97,68.97,12.97,1.98
2023-09-27 09:00:00+02:00,136.27,136.21,99.21,14.13,2.02
2023-09-27 10:00:00+02:00,184.9,177.97,124.41,15.98,2.37
2023-09-27 11:00:00+02:00,240.0,146.89,175.98,17.25,2.63
2023-09-27 12:00:00+02:00,234.25,201.78,149.12,17.96,2.93
2023-09-27 13:00:00+02:00,212.73,196.82,130.14,18.36,3.0
2023-09-27 14:00:00+02:00,194.5,157.49,135.39,18.7,2.76
2023-09-27 15:00:00+02:00,151.55,117.76,111.31,18.65,2.57
2023-09-27 16:00:00+02:00,104.88,65.14,83.36,18.11,2.28
2023-09-27 17:00:00+02:00,45.3,40.42,38.16,17.05,2.01
2023-09-27 18:00:00+02:00,5.22,2.98,6.63,15.23,1.88
2023-09-27 19:00:00+02:00,0.0,0.0,0.0,14.06,2.17
2023-09-27 20:00:00+02:00,0.0,0.0,0.0,13.88,2.36
2023-09-27 21:00:00+02:00,0.0,0.0,0.0,13.32,2.27
2023-09-27 22:00:00+02:00,0.0,0.0,0.0,12.68,2.04
2023-09-27 23:00:00+02:00,0.0,0.0,0.0,12.42,1.77
2023-09-28 00:00:00+02:00,0.0,0.0,0.0,11.95,1.87
2023-09-28 01:00:00+02:00,0.0,0.0,0.0,11.49,1.99
2023-09-28 02:00:00+02:00,0.0,0.0,0.0,11.68,1.8
2023-09-28 03:00:00+02:00,0.0,0.0,0.0,12.31,1.12
2023-09-28 04:00:00+02:00,0.0,0.0,0.0,12.54,0.2
2023-09-28 05:00:00+02:00,0.0,0.0,0.0,11.79,1.12
2023-09-28 06:00:00+02:00,0.0,0.0,0.0,10.31,2.07
2023-09-28 07:00:00+02:00,29.38,50.05,26.97,10.08,2.14
2023-09-28 08:00:00+02:00,98.07,103.71,79.74,12.44,2.2
2023-09-28 09:00:00+02:00,164.95,116.19,129.62,13.61,1.83
2023-09-28 10:00:00+02:00,222.82,114.53,174.31,14.91,2.08
2023-09-28 11:00:00+02:00,262.15,102.99,211.23,16.11,2.42
2023-09-28 12:00:00+02:00,300.92,183.39,213.79,17.33,2.62
2023-09-28 13:00:00+02:00,319.0,257.62,197.59,18.24,2.89
2023-09-28 14:00:00+02:00,196.27,26.58,163.33,18.65,2.82
2023-09-28 15:00:00+02:00,151.82,66.16,119.97,18.65,2.64
2023-09-28 16:00:00+02:00,100.32,60.81,80.69,18.56,2.58
2023-09-28 17:00:00+02:00,45.3,28.42,40.17,17.95,2.47
2023-09-28 18:00:00+02:00,4.32,2.02,6.4,16.24,1.97
2023-09-28 19:00:00+02:00,0.0,0.0,0.0,15.23,2.24
2023-09-28 20:00:00+02:00,0.0,0.0,0.0,15.06,2.3
2023-09-28 21:00:00+02:00,0.0,0.0,0.0,15.11,2.4
2023-09-28 22:00:00+02:00,0.0,0.0,0.0,15.37,2.46
2023-09-28 23:00:00+02:00,0.0,0.0,0.0,15.32,2.27
2023-09-29 00:00:00+02:00,0.0,0.0,0.0,15.06,2.16
2023-09-29 01:00:00+02:00,0.0,0.0,0.0,14.96,2.34
2023-09-29 02:00:00+02:00,0.0,0.0,0.0,14.44,2.15
2023-09-29 03:00:00+02:00,0.0,0.0,0.0,14.26,2.38
2023-09-29 04:00:00+02:00,0.0,0.0,0.0,14.24,2.52
2023-09-29 05:00:00+02:00,0.0,0.0,0.0,14.18,2.58
2023-09-29 06:00:00+02:00,0.0,0.0,0.0,14.0,2.4
2023-09-29 07:00:00+02:00,11.7,0.0,11.7,13.95,2.56
2023-09-29 08:00:00+02:00,46.35,0.62,41.58,14.08,2.54
2023-09-29 09:00:00+02:00,87.05,0.0,75.78,14.43,2.34
2023-09-29 10:00:00+02:00,122.12,1.86,106.71,14.93,2.22
2023-09-29 11:00:00+02:00,150.9,2.14,130.4,15.7,2.54
2023-09-29 12:00:00+02:00,174.35,0.0,147.76,16.38,2.87
2023-09-29 13:00:00+02:00,171.02,59.74,135.29,16.98,3.02
2023-09-29 14:00:00+02:00,175.35,94.97,129.68,17.22,2.92
2023-09-29 15:00:00+02:00,132.85,99.36,99.32,17.4,2.86
2023-09-29 16:00:00+02:00,84.95,56.67,65.67,17.25,2.66
2023-09-29 17:00:00+02:00,38.65,24.99,32.78,16.5,2.38
2023-09-29 18:00:00+02:00,3.38,2.85,4.76,15.01,2.15
2023-09-29 19:00:00+02:00,0.0,0.0,0.0,14.22,2.43
2023-09-29 20:00:00+02:00,0.0,0.0,0.0,14.05,2.27
2023-09-29 21:00:00+02:00,0.0,0.0,0.0,13.9,2.21
2023-09-29 22:00:00+02:00,0.0,0.0,0.0,13.74,2.16
2023-09-29 23:00:00+02:00,0.0,0.0,0.0,13.61,2.25
2023-09-30 00:00:00+02:00,0.0,0.0,0.0,13.56,2.58
2023-09-30 01:00:00+02:00,0.0,0.0,0.0,13.51,2.99
2023-09-30 02:00:00+02:00,0.0,0.0,0.0,13.29,3.27
2023-09-30 03:00:00+02:00,0.0,0.0,0.0,12.95,3.36
2023-09-30 04:00:00+02:00,0.0,0.0,0.0,12.58,3.56
2023-09-30 05:00:00+02:00,0.0,0.0,0.0,12.15,3.76
2023-09-30 06:00:00+02:00,0.0,0.0,0.0,11.72,3.83
2023-09-30 07:00:00+02:00,28.83,126.21,23.29,11.51,3.85
2023-09-30 08:00:00+02:00,125.03,364.67,58.98,12.04,3.89
2023-09-30 09:00:00+02:00,229.4,529.15,84.4,13.09,4.02
2023-09-30 10:00:00+02:00,318.6,589.9,109.02,14.11,4.42
2023-09-30 11:00:00+02:00,383.05,613.28,126.1,15.05,4.6
2023-09-30 12:00:00+02:00,402.7,546.12,152.29,15.84,4.63
2023-09-30 13:00:00+02:00,386.77,514.8,155.03,16.27,4.63
2023-09-30 14:00:00+02:00,344.67,475.16,147.21,16.25,4.48
2023-09-30 15:00:00+02:00,270.67,453.42,119.99,15.91,4.14
2023-09-30 16:00:00+02:00,172.6,399.82,81.79,15.52,3.9
2023-09-30 17:00:00+02:00,68.1,205.21,42.02,14.89,3.69
2023-09-30 18:00:00+02:00,4.03,14.91,5.64,13.98,3.62
2023-09-30 19:00:00+02:00,0.0,0.0,0.0,13.24,3.41
2023-09-30 20:00:00+02:00,0.0,0.0,0.0,12.75,3.13
2023-09-30 21:00:00+02:00,0.0,0.0,0.0,11.84,2.48
2023-09-30 22:00:00+02:00,0.0,0.0,0.0,11.31,2.47
2023-09-30 23:00:00+02:00,0.0,0.0,0.0,10.99,2.48
2023-10-01 00:00:00+02:00,0.0,0.0,0.0,10.74,2.47
2023-10-01 01:00:00+02:00,0.0,0.0,0.0,10.57,2.49
2023-10-01 02:00:00+02:00,0.0,0.0,0.0,10.33,2.4
2023-10-01 03:00:00+02:00,0.0,0.0,0.0,10.14,2.36
2023-10-01 04:00:00+02:00,0.0,0.0,0.0,9.58,2.22
2023-10-01 05:00:00+02:00,0.0,0.0,0.0,9.41,2.27
2023-10-01 06:00:00+02:00,0.0,0.0,0.0,9.18,2.24
2023-10-01 07:00:00+02:00,27.02,114.65,24.92,9.1,2.2
2023-10-01 08:00:00+02:00,122.07,288.14,72.77,9.89,2.11
2023-10-01 09:00:00+02:00,225.02,443.04,106.88,10.72,2.11
2023-10-01 10:00:00+02:00,325.65,534.37,138.18,11.9,2.16
2023-10-01 11:00:00+02:00,403.27,657.34,125.83,13.38,2.2
2023-10-01 12:00:00+02:00,422.2,667.26,126.01,14.57,2.29
2023-10-01 13:00:00+02:00,405.17,653.39,124.34,15.34,2.43
2023-10-01 14:00:00+02:00,358.1,614.89,114.77,15.74,2.54
2023-10-01 15:00:00+02:00,276.83,564.91,93.81,15.78,2.53
2023-10-01 16:00:00+02:00,171.9,448.84,67.94,15.31,2.19
2023-10-01 17:00:00+02:00,70.25,223.35,37.76,13.77,1.82
2023-10-01 18:00:00+02:00,0.0,0.0,0.0,11.21,2.19
2023-10-01 19:00:00+02:00,0.0,0.0,0.0,10.63,2.32
2023-10-01 20:00:00+02:00,0.0,0.0,0.0,10.69,2.3
2023-10-01 21:00:00+02:00,0.0,0.0,0.0,10.21,2.11
2023-10-01 22:00:00+02:00,0.0,0.0,0.0,9.42,2.04
2023-10-01 23:00:00+02:00,0.0,0.0,0.0,8.72,2.05
2023-10-02 00:00:00+02:00,0.0,0.0,0.0,8.62,2.06
2023-10-02 01:00:00+02:00,0.0,0.0,0.0,8.67,2.05
2023-10-02 02:00:00+02:00,0.0,0.0,0.0,8.71,1.99
2023-10-02 03:00:00+02:00,0.0,0.0,0.0,8.75,1.94
2023-10-02 04:00:00+02:00,0.0,0.0,0.0,8.85,1.91
2023-10-02 05:00:00+02:00,0.0,0.0,0.0,8.89,1.87
2023-10-02 06:00:00+02:00,0.0,0.0,0.0,9.38,1.98
2023-10-02 07:00:00+02:00,11.32,20.56,11.32,9.91,2.13
2023-10-02 08:00:00+02:00,56.58,54.96,48.16,10.59,2.25
2023-10-02 09:00:00+02:00,108.22,79.46,83.72,11.26,2.36
2023-10-02 10:00:00+02:00,150.98,110.46,113.09,12.14,2.29
2023-10-02 11:00:00+02:00,173.45,128.55,121.06,13.38,2.43
2023-10-02 12:00:00+02:00,202.12,226.3,127.2,14.88,2.69
2023-10-02 13:00:00+02:00,201.2,212.42,123.75,16.1,2.92
2023-10-02 14:00:00+02:00,190.9,185.76,133.27,16.56,3.02
2023-10-02 15:00:00+02:00,150.38,137.07,108.84,16.48,2.84
2023-10-02 16:00:00+02:00,99.65,75.63,82.3,16.12,2.8
2023-10-02 17:00:00+02:00,41.95,38.53,37.3,15.41,2.76
2023-10-02 18:00:00+02:00,0.0,0.0,0.0,14.58,2.88
2023-10-02 19:00:00+02:00,0.0,0.0,0.0,13.94,2.97
2023-10-02 20:00:00+02:00,0.0,0.0,0.0,13.38,2.88
2023-10-02 21:00:00+02:00,0.0,0.0,0.0,12.64,2.56
2023-10-02 22:00:00+02:00,0.0,0.0,0.0,12.18,2.55
2023-10-02 23:00:00+02:00,0.0,0.0,0.0,11.88,2.44
2023-10-03 00:00:00+02:00,0.0,0.0,0.0,11.44,2.39
2023-10-03 01:00:00+02:00,0.0,0.0,0.0,11.09,2.26
2023-10-03 02:00:00+02:00,0.0,0.0,0.0,10.33,2.35
2023-10-03 03:00:00+02:00,0.0,0.0,0.0,11.06,2.6
2023-10-03 04:00:00+02:00,0.0,0.0,0.0,10.83,1.93
2023-10-03 05:00:00+02:00,0.0,0.0,0.0,10.45,1.96
2023-10-03 06:00:00+02:00,0.0,0.0,0.0,10.48,2.07
2023-10-03 07:00:00+02:00,10.55,0.0,10.85,10.5,2.08
2023-10-03 08:00:00+02:00,47.38,0.0,41.79,10.78,2.0
2023-10-03 09:00:00+02:00,69.15,0.0,60.63,11.1,1.87
2023-10-03 10:00:00+02:00,133.88,0.0,115.39,11.57,1.96
2023-10-03 11:00:00+02:00,77.1,0.0,65.65,12.19,1.83
2023-10-03 12:00:00+02:00,96.2,0.0,83.32,13.24,1.73
2023-10-03 13:00:00+02:00,81.18,0.0,70.65,12.99,0.78
2023-10-03 14:00:00+02:00,117.1,0.0,102.06,12.14,0.45
2023-10-03 15:00:00+02:00,55.88,0.0,48.72,11.23,0.34
2023-10-03 16:00:00+02:00,58.08,0.0,51.22,10.65,0.76
2023-10-03 17:00:00+02:00,24.27,0.0,21.92,10.11,0.84
2023-10-03 18:00:00+02:00,0.0,0.0,0.0,9.59,1.38
2023-10-03 19:00:00+02:00,0.0,0.0,0.0,9.67,2.16
2023-10-03 20:00:00+02:00,0.0,0.0,0.0,9.32,2.23
2023-10-03 21:00:00+02:00,0.0,0.0,0.0,9.09,2.34
2023-10-03 22:00:00+02:00,0.0,0.0,0.0,8.89,2.34
2023-10-03 23:00:00+02:00,0.0,0.0,0.0,8.77,2.32
2023-10-04 00:00:00+02:00,0.0,0.0,0.0,8.75,2.36
2023-10-04 01:00:00+02:00,0.0,0.0,0.0,8.73,2.33
2023-10-04 02:00:00+02:00,0.0,0.0,0.0,8.66,2.24
2023-10-04 03:00:00+02:00,0.0,0.0,0.0,8.4,2.27
2023-10-04 04:00:00+02:00,0.0,0.0,0.0,8.46,2.59
2023-10-04 05:00:00+02:00,0.0,0.0,0.0,8.63,2.62
2023-10-04 06:00:00+02:00,0.0,0.0,0.0,8.85,2.72
2023-10-04 07:00:00+02:00,19.58,105.22,17.04,9.01,2.79
2023-10-04 08:00:00+02:00,112.0,381.83,53.25,9.64,3.26
2023-10-04 09:00:00+02:00,219.5,530.33,84.65,10.27,3.49
2023-10-04 10:00:00+02:00,310.42,598.37,107.9,10.95,3.54
2023-10-04 11:00:00+02:00,373.5,630.29,120.38,12.12,3.8
2023-10-04 12:00:00+02:00,393.17,637.75,126.94,13.56,4.08
2023-10-04 13:00:00+02:00,383.42,667.96,105.33,14.49,4.24
2023-10-04 14:00:00+02:00,329.85,687.06,79.51,14.86,4.2
2023-10-04 15:00:00+02:00,255.85,637.65,67.13,14.79,4.08
2023-10-04 16:00:00+02:00,154.65,479.6,54.69,14.36,3.82
2023-10-04 17:00:00+02:00,55.4,263.7,30.06,13.46,3.64
2023-10-04 18:00:00+02:00,0.0,0.0,0.0,12.32,3.6
2023-10-04 19:00:00+02:00,0.0,0.0,0.0,11.59,3.54
2023-10-04 20:00:00+02:00,0.0,0.0,0.0,10.82,3.02
2023-10-04 21:00:00+02:00,0.0,0.0,0.0,10.05,2.72
2023-10-04 22:00:00+02:00,0.0,0.0,0.0,9.63,2.68
2023-10-04 23:00:00+02:00,0.0,0.0,0.0,9.42,2.37
2023-10-05 00:00:00+02:00,0.0,0.0,0.0,8.46,1.76
2023-10-05 01:00:00+02:00,0.0,0.0,0.0,8.34,1.38
2023-10-05 02:00:00+02:00,0.0,0.0,0.0,8.79,0.73
2023-10-05 03:00:00+02:00,0.0,0.0,0.0,8.98,0.41
2023-10-05 04:00:00+02:00,0.0,0.0,0.0,8.17,1.4
2023-10-05 05:00:00+02:00,0.0,0.0,0.0,8.15,2.15
2023-10-05 06:00:00+02:00,0.0,0.0,0.0,7.97,2.64
2023-10-05 07:00:00+02:00,11.1,27.86,12.97,7.33,3.01
2023-10-05 08:00:00+02:00,89.82,182.71,61.63,6.83,3.32
2023-10-05 09:00:00+02:00,181.62,262.5,111.45,6.75,3.32
2023-10-05 10:00:00+02:00,262.92,377.73,140.97,7.27,3.42
2023-10-05 11:00:00+02:00,330.7,451.76,155.58,8.17,3.48
2023-10-05 12:00:00+02:00,365.12,505.99,156.53,9.21,3.61
2023-10-05 13:00:00+02:00,359.25,577.13,119.9,9.93,3.62
2023-10-05 14:00:00+02:00,309.4,671.29,76.23,10.17,3.57
2023-10-05 15:00:00+02:00,239.05,599.88,66.43,10.05,3.39
2023-10-05 16:00:00+02:00,144.98,536.24,49.78,9.52,2.98
2023-10-05 17:00:00+02:00,50.05,244.44,27.49,8.08,2.2
2023-10-05 18:00:00+02:00,0.0,0.0,0.0,5.42,2.02
2023-10-05 19:00:00+02:00,0.0,0.0,0.0,4.6,2.2
2023-10-05 20:00:00+02:00,0.0,0.0,0.0,4.58,2.1
2023-10-05 21:00:00+02:00,0.0,0.0,0.0,4.8,1.89
2023-10-05 22:00:00+02:00,0.0,0.0,0.0,4.73,1.84
2023-10-05 23:00:00+02:00,0.0,0.0,0.0,4.2,2.1
2023-10-06 00:00:00+02:00,0.0,0.0,0.0,3.55,2.4
2023-10-06 01:00:00+02:00,0.0,0.0,0.0,3.23,2.44
2023-10-06 02:00:00+02:00,0.0,0.0,0.0,3.19,2.28
2023-10-06 03:00:00+02:00,0.0,0.0,0.0,3.7,2.03
2023-10-06 04:00:00+02:00,0.0,0.0,0.0,4.29,2.03
2023-10-06 05:00:00+02:00,0.0,0.0,0.0,4.57,1.99
2023-10-06 06:00:00+02:00,0.0,0.0,0.0,4.97,1.96
2023-10-06 07:00:00+02:00,9.48,0.0,9.95,5.49,2.14
2023-10-06 08:00:00+02:00,47.65,0.0,41.75,6.49,2.45
2023-10-06 09:00:00+02:00,95.78,0.3,83.83,7.02,2.46
2023-10-06 10:00:00+02:00,134.8,1.02,115.06,7.54,2.51
2023-10-06 11:00:00+02:00,150.95,0.91,131.44,8.36,2.76
2023-10-06 12:00:00+02:00,100.95,0.44,85.89,9.07,3.24
2023-10-06 13:00:00+02:00,49.38,1.25,42.43,9.24,3.96
2023-10-06 14:00:00+02:00,70.93,0.0,61.63,9.23,4.45
2023-10-06 15:00:00+02:00,55.12,0.0,47.99,9.6,4.18
2023-10-06 16:00:00+02:00,37.25,0.0,33.66,10.5,4.01
2023-10-06 17:00:00+02:00,11.95,0.0,11.85,11.75,4.12
2023-10-06 18:00:00+02:00,0.0,0.0,0.0,12.81,4.77
2023-10-06 19:00:00+02:00,0.0,0.0,0.0,13.16,5.13
2023-10-06 20:00:00+02:00,0.0,0.0,0.0,13.04,5.44
2023-10-06 21:00:00+02:00,0.0,0.0,0.0,12.88,5.3
2023-10-06 22:00:00+02:00,0.0,0.0,0.0,12.73,4.95
2023-10-06 23:00:00+02:00,0.0,0.0,0.0,12.5,4.72
2023-10-07 00:00:00+02:00,0.0,0.0,0.0,11.75,4.59
2023-10-07 01:00:00+02:00,0.0,0.0,0.0,9.56,5.33
2023-10-07 02:00:00+02:00,0.0,0.0,0.0,6.99,5.52
2023-10-07 03:00:00+02:00,0.0,0.0,0.0,5.94,5.29
2023-10-07 04:00:00+02:00,0.0,0.0,0.0,5.6,5.36
2023-10-07 05:00:00+02:00,0.0,0.0,0.0,5.14,5.45
2023-10-07 06:00:00+02:00,0.0,0.0,0.0,4.67,5.43
2023-10-07 07:00:00+02:00,8.8,67.81,8.91,4.34,5.37
2023-10-07 08:00:00+02:00,84.6,331.87,39.03,4.63,5.28
2023-10-07 09:00:00+02:00,186.95,505.86,57.32,5.53,5.18
2023-10-07 10:00:00+02:00,278.08,666.53,62.4,6.66,5.13
2023-10-07 11:00:00+02:00,362.12,772.21,62.35,7.72,5.03
2023-10-07 12:00:00+02:00,429.98,917.29,48.24,8.6,5.04
2023-10-07 13:00:00+02:00,401.23,859.49,56.05,9.15,5.04
2023-10-07 14:00:00+02:00,340.48,772.69,62.67,9.29,5.1
2023-10-07 15:00:00+02:00,252.2,674.29,60.26,9.1,5.13
2023-10-07 16:00:00+02:00,147.48,535.18,52.04,8.59,4.9
2023-10-07 17:00:00+02:00,43.8,279.44,24.95,7.69,4.48
2023-10-07 18:00:00+02:00,0.0,0.0,0.0,6.62,4.2
2023-10-07 19:00:00+02:00,0.0,0.0,0.0,5.96,4.19
2023-10-07 20:00:00+02:00,0.0,0.0,0.0,5.51,4.27
2023-10-07 21:00:00+02:00,0.0,0.0,0.0,5.15,4.28
2023-10-07 22:00:00+02:00,0.0,0.0,0.0,4.84,4.23
2023-10-07 23:00:00+02:00,0.0,0.0,0.0,4.43,4.11
2023-10-08 00:00:00+02:00,0.0,0.0,0.0,4.0,4.12
2023-10-08 01:00:00+02:00,0.0,0.0,0.0,3.63,4.15
2023-10-08 02:00:00+02:00,0.0,0.0,0.0,3.37,4.21
2023-10-08 03:00:00+02:00,0.0,0.0,0.0,3.18,4.29
2023-10-08 04:00:00+02:00,0.0,0.0,0.0,3.07,4.29
2023-10-08 05:00:00+02:00,0.0,0.0,0.0,3.08,4.32
2023-10-08 06:00:00+02:00,0.0,0.0,0.0,3.13,4.34
2023-10-08 07:00:00+02:00,13.55,100.79,10.35,3.14,4.3
2023-10-08 08:00:00+02:00,106.4,486.97,34.09,3.64,4.23
2023-10-08 09:00:00+02:00,218.5,683.47,51.47,4.75,4.19
2023-10-08 10:00:00+02:00,316.48,820.19,54.97,6.04,4.24
2023-10-08 11:00:00+02:00,386.55,876.99,53.09,7.24,4.24
2023-10-08 12:00:00+02:00,414.67,894.71,48.82,8.25,4.1
2023-10-08 13:00:00+02:00,406.3,896.71,47.66,8.92,3.87
2023-10-08 14:00:00+02:00,343.9,806.33,53.89,9.27,3.63
2023-10-08 15:00:00+02:00,255.27,741.44,49.02,9.27,3.34
2023-10-08 16:00:00+02:00,145.38,595.39,38.78,8.77,2.9
2023-10-08 17:00:00+02:00,37.45,230.46,19.29,7.31,2.57
2023-10-08 18:00:00+02:00,0.0,0.0,0.0,5.05,2.55
2023-10-08 19:00:00+02:00,0.0,0.0,0.0,4.41,2.63
2023-10-08 20:00:00+02:00,0.0,0.0,0.0,4.21,2.64
2023-10-08 21:00:00+02:00,0.0,0.0,0.0,4.16,2.34
2023-10-08 22:00:00+02:00,0.0,0.0,0.0,4.01,2.18
2023-10-08 23:00:00+02:00,0.0,0.0,0.0,4.01,2.31
2023-10-09 00:00:00+02:00,0.0,0.0,0.0,3.88,2.3
2023-10-09 01:00:00+02:00,0.0,0.0,0.0,3.65,2.14
2023-10-09 02:00:00+02:00,0.0,0.0,0.0,3.43,1.99
2023-10-09 03:00:00+02:00,0.0,0.0,0.0,3.39,2.04
2023-10-09 04:00:00+02:00,0.0,0.0,0.0,3.39,1.96
2023-10-09 05:00:00+02:00,0.0,0.0,0.0,3.32,1.79
2023-10-09 06:00:00+02:00,0.0,0.0,0.0,3.21,1.69
2023-10-09 07:00:00+02:00,6.88,53.57,6.91,2.72,1.76
2023-10-09 08:00:00+02:00,78.85,361.4,33.39,3.27,1.91
2023-10-09 09:00:00+02:00,180.2,564.03,53.09,4.35,1.6
2023-10-09 10:00:00+02:00,286.6,753.25,57.92,6.21,1.68
2023-10-09 11:00:00+02:00,372.17,840.77,57.16,7.85,1.85
2023-10-09 12:00:00+02:00,385.1,805.29,74.17,8.81,1.98
2023-10-09 13:00:00+02:00,369.17,773.72,90.07,9.34,1.9
2023-10-09 14:00:00+02:00,312.25,631.3,116.03,9.37,1.87
2023-10-09 15:00:00+02:00,217.9,529.95,85.78,9.19,1.8
2023-10-09 16:00:00+02:00,116.97,374.43,67.58,8.52,1.37
2023-10-09 17:00:00+02:00,24.48,91.7,21.56,6.23,1.6
2023-10-09 18:00:00+02:00,0.0,0.0,0.0,4.73,2.11
2023-10-09 19:00:00+02:00,0.0,0.0,0.0,4.62,2.08
2023-10-09 20:00:00+02:00,0.0,0.0,0.0,4.1,2.1
2023-10-09 21:00:00+02:00,0.0,0.0,0.0,3.16,2.15
2023-10-09 22:00:00+02:00,0.0,0.0,0.0,2.3,2.21
2023-10-09 23:00:00+02:00,0.0,0.0,0.0,1.72,2.22
2023-10-10 00:00:00+02:00,0.0,0.0,0.0,1.28,2.13
2023-10-10 01:00:00+02:00,0.0,0.0,0.0,1.09,2.06
2023-10-10 02:00:00+02:00,0.0,0.0,0.0,1.02,2.12
2023-10-10 03:00:00+02:00,0.0,0.0,0.0,0.98,2.15
2023-10-10 04:00:00+02:00,0.0,0.0,0.0,0.85,2.11
2023-10-10 05:00:00+02:00,0.0,0.0,0.0,1.13,2.05
2023-10-10 06:00:00+02:00,0.0,0.0,0.0,1.07,2.07
2023-10-10 07:00:00+02:00,7.4,21.62,9.14,1.41,2.05
2023-10-10 08:00:00+02:00,80.38,197.41,50.24,2.98,2.23
2023-10-10 09:00:00+02:00,178.43,394.02,83.99,4.18,1.9
2023-10-10 10:00:00+02:00,268.25,527.89,110.91,6.11,2.26
2023-10-10 11:00:00+02:00,334.0,607.49,118.17,7.84,2.49
2023-10-10 12:00:00+02:00,371.85,643.48,127.83,9.12,2.56
2023-10-10 13:00:00+02:00,339.27,491.36,171.44,9.95,2.64
2023-10-10 14:00:00+02:00,278.15,223.28,203.94,10.18,2.66
2023-10-10 15:00:00+02:00,194.88,153.59,149.56,10.14,2.58
2023-10-10 16:00:00+02:00,106.3,69.28,87.88,9.66,2.66
2023-10-10 17:00:00+02:00,23.35,18.85,25.83,8.89,2.99
2023-10-10 18:00:00+02:00,0.0,0.0,0.0,8.52,3.35
2023-10-10 19:00:00+02:00,0.0,0.0,0.0,8.52,3.19
2023-10-10 20:00:00+02:00,0.0,0.0,0.0,8.01,3.09
2023-10-10 21:00:00+02:00,0.0,0.0,0.0,7.92,3.66
2023-10-10 22:00:00+02:00,0.0,0.0,0.0,8.25,3.95
2023-10-10 23:00:00+02:00,0.0,0.0,0.0,8.61,4.01
2023-10-11 00:00:00+02:00,0.0,0.0,0.0,9.23,3.92
2023-10-11 01:00:00+02:00,0.0,0.0,0.0,10.08,4.06
2023-10-11 02:00:00+02:00,0.0,0.0,0.0,11.07,4.29
2023-10-11 03:00:00+02:00,0.0,0.0,0.0,11.63,4.37
2023-10-11 04:00:00+02:00,0.0,0.0,0.0,11.93,4.36
2023-10-11 05:00:00+02:00,0.0,0.0,0.0,12.2,4.35
2023-10-11 06:00:00+02:00,0.0,0.0,0.0,12.54,4.64
2023-10-11 07:00:00+02:00,4.9,0.0,5.58,12.78,4.63
2023-10-11 08:00:00+02:00,41.35,42.74,36.14,13.0,4.53
2023-10-11 09:00:00+02:00,89.65,103.69,71.75,13.5,4.67
2023-10-11 10:00:00+02:00,132.7,163.11,94.95,14.15,4.86
2023-10-11 11:00:00+02:00,167.02,208.91,113.1,14.63,4.96
2023-10-11 12:00:00+02:00,150.98,170.58,103.09,15.01,5.08
2023-10-11 13:00:00+02:00,206.8,333.76,102.78,15.36,5.6
2023-10-11 14:00:00+02:00,224.02,457.12,88.41,14.86,6.15
2023-10-11 15:00:00+02:00,176.85,450.88,64.33,13.73,6.21
2023-10-11 16:00:00+02:00,103.55,373.69,43.88,12.65,5.83
2023-10-11 17:00:00+02:00,24.33,163.85,16.71,11.71,5.5
2023-10-11 18:00:00+02:00,0.0,0.0,0.0,11.12,5.54
2023-10-11 19:00:00+02:00,0.0,0.0,0.0,10.88,5.59
2023-10-11 20:00:00+02:00,0.0,0.0,0.0,10.45,5.61
2023-10-11 21:00:00+02:00,0.0,0.0,0.0,10.08,5.74
2023-10-11 22:00:00+02:00,0.0,0.0,0.0,9.82,5.94
2023-10-11 23:00:00+02:00,0.0,0.0,0.0,9.66,5.96
2023-10-12 00:00:00+02:00,0.0,0.0,0.0,9.62,6.06
2023-10-12 01:00:00+02:00,0.0,0.0,0.0,9.87,6.26
2023-10-12 02:00:00+02:00,0.0,0.0,0.0,9.98,5.76
2023-10-12 03:00:00+02:00,0.0,0.0,0.0,9.94,5.56
2023-10-12 04:00:00+02:00,0.0,0.0,0.0,9.47,4.96
2023-10-12 05:00:00+02:00,0.0,0.0,0.0,9.0,4.53
2023-10-12 06:00:00+02:00,0.0,0.0,0.0,8.6,4.2
2023-10-12 07:00:00+02:00,7.38,74.74,6.46,8.27,3.97
2023-10-12 08:00:00+02:00,90.18,480.22,27.71,8.58,3.96
2023-10-12 09:00:00+02:00,199.02,710.72,40.71,9.68,4.01
2023-10-12 10:00:00+02:00,291.58,785.48,47.87,10.87,4.2
2023-10-12 11:00:00+02:00,355.58,867.69,46.53,11.71,4.6
2023-10-12 12:00:00+02:00,385.02,875.31,46.07,12.15,4.97
2023-10-12 13:00:00+02:00,373.58,884.26,45.36,12.36,5.25
2023-10-12 14:00:00+02:00,309.45,791.65,57.12,12.41,5.36
2023-10-12 15:00:00+02:00,223.32,666.61,59.98,12.26,5.13
2023-10-12 16:00:00+02:00,115.35,469.89,45.84,11.8,4.69
2023-10-12 17:00:00+02:00,20.35,141.59,16.66,10.95,4.26
2023-10-12 18:00:00+02:00,0.0,0.0,0.0,9.96,3.9
2023-10-12 19:00:00+02:00,0.0,0.0,0.0,9.01,3.33
2023-10-12 20:00:00+02:00,0.0,0.0,0.0,7.69,2.72
2023-10-12 21:00:00+02:00,0.0,0.0,0.0,7.01,2.68
2023-10-12 22:00:00+02:00,0.0,0.0,0.0,6.46,2.66
2023-10-12 23:00:00+02:00,0.0,0.0,0.0,6.03,2.56
2023-10-13 00:00:00+02:00,0.0,0.0,0.0,5.69,2.48
2023-10-13 01:00:00+02:00,0.0,0.0,0.0,5.39,2.42
2023-10-13 02:00:00+02:00,0.0,0.0,0.0,4.9,2.3
2023-10-13 03:00:00+02:00,0.0,0.0,0.0,4.9,2.31
2023-10-13 04:00:00+02:00,0.0,0.0,0.0,5.16,2.39
2023-10-13 05:00:00+02:00,0.0,0.0,0.0,4.78,2.23
2023-10-13 06:00:00+02:00,0.0,0.0,0.0,4.71,2.21
2023-10-13 07:00:00+02:00,4.75,7.17,5.38,4.7,2.14
2023-10-13 08:00:00+02:00,53.6,13.3,48.38,4.98,2.37
2023-10-13 09:00:00+02:00,125.22,28.72,106.5,5.79,2.61
2023-10-13 10:00:00+02:00,188.35,33.86,160.39,7.11,2.63
2023-10-13 11:00:00+02:00,236.12,35.69,199.54,8.34,2.64
2023-10-13 12:00:00+02:00,263.83,82.74,222.26,9.26,2.61
2023-10-13 13:00:00+02:00,254.93,101.88,209.84,9.5,2.45
2023-10-13 14:00:00+02:00,196.18,92.09,162.65,9.18,2.27
2023-10-13 15:00:00+02:00,133.27,82.49,107.99,8.66,2.42
2023-10-13 16:00:00+02:00,69.68,58.32,54.66,8.09,2.87
2023-10-13 17:00:00+02:00,8.52,3.1,10.12,7.08,2.97
2023-10-13 18:00:00+02:00,0.0,0.0,0.0,6.4,3.09
2023-10-13 19:00:00+02:00,0.0,0.0,0.0,6.38,3.09
2023-10-13 20:00:00+02:00,0.0,0.0,0.0,6.76,2.58
2023-10-13 21:00:00+02:00,0.0,0.0,0.0,7.24,1.97
2023-10-13 22:00:00+02:00,0.0,0.0,0.0,7.96,2.47
2023-10-13 23:00:00+02:00,0.0,0.0,0.0,9.04,3.09
2023-10-14 00:00:00+02:00,0.0,0.0,0.0,9.91,3.55
2023-10-14 01:00:00+02:00,0.0,0.0,0.0,10.5,4.09
2023-10-14 02:00:00+02:00,0.0,0.0,0.0,10.34,4.31
2023-10-14 03:00:00+02:00,0.0,0.0,0.0,9.94,4.37
2023-10-14 04:00:00+02:00,0.0,0.0,0.0,9.41,4.12
2023-10-14 05:00:00+02:00,0.0,0.0,0.0,8.88,3.93
2023-10-14 06:00:00+02:00,0.0,0.0,0.0,8.46,3.91
2023-10-14 07:00:00+02:00,3.25,20.92,4.32,8.2,4.01
2023-10-14 08:00:00+02:00,46.8,120.74,32.02,8.41,4.22
2023-10-14 09:00:00+02:00,119.38,292.54,68.11,9.24,4.47
2023-10-14 10:00:00+02:00,185.77,350.9,88.22,9.95,4.93
2023-10-14 11:00:00+02:00,235.27,388.98,94.61,10.05,5.33
2023-10-14 12:00:00+02:00,255.75,439.7,99.68,10.17,5.52
2023-10-14 13:00:00+02:00,252.2,446.6,105.33,10.31,5.77
2023-10-14 14:00:00+02:00,185.05,268.17,108.93,10.25,5.92
2023-10-14 15:00:00+02:00,123.72,210.01,76.6,10.04,5.83
2023-10-14 16:00:00+02:00,63.72,122.23,44.91,9.77,5.61
2023-10-14 17:00:00+02:00,7.9,42.56,8.64,9.53,5.41
2023-10-14 18:00:00+02:00,0.0,0.0,0.0,9.31,5.21
2023-10-14 19:00:00+02:00,0.0,0.0,0.0,9.05,5.02
2023-10-14 20:00:00+02:00,0.0,0.0,0.0,8.91,5.09
2023-10-14 21:00:00+02:00,0.0,0.0,0.0,8.88,5.17
2023-10-14 22:00:00+02:00,0.0,0.0,0.0,8.84,5.23
2023-10-14 23:00:00+02:00,0.0,0.0,0.0,8.76,5.15
2023-10-15 00:00:00+02:00,0.0,0.0,0.0,8.39,4.86
2023-10-15 01:00:00+02:00,0.0,0.0,0.0,7.88,4.45
2023-10-15 02:00:00+02:00,0.0,0.0,0.0,7.37,4.17
2023-10-15 03:00:00+02:00,0.0,0.0,0.0,6.83,3.94
2023-10-15 04:00:00+02:00,0.0,0.0,0.0,6.4,3.62
2023-10-15 05:00:00+02:00,0.0,0.0,0.0,6.17,3.24
2023-10-15 06:00:00+02:00,0.0,0.0,0.0,5.73,2.7
2023-10-15 07:00:00+02:00,0.0,0.0,0.0,5.56,2.91
2023-10-15 08:00:00+02:00,56.47,81.94,43.0,5.77,3.14
2023-10-15 09:00:00+02:00,133.68,229.51,91.14,6.62,3.13
2023-10-15 10:00:00+02:00,217.93,366.85,125.51,7.98,3.51
2023-10-15 11:00:00+02:00,277.02,443.35,136.98,9.02,3.89
2023-10-15 12:00:00+02:00,316.02,420.32,168.15,9.5,3.89
2023-10-15 13:00:00+02:00,319.77,662.16,105.43,9.7,3.88
2023-10-15 14:00:00+02:00,289.02,683.15,77.24,9.71,3.79
2023-10-15 15:00:00+02:00,194.2,612.19,62.8,9.44,3.68
2023-10-15 16:00:00+02:00,91.35,301.9,46.94,8.8,3.44
2023-10-15 17:00:00+02:00,11.07,59.28,11.84,7.78,3.35
2023-10-15 18:00:00+02:00,0.0,0.0,0.0,6.95,3.39
2023-10-15 19:00:00+02:00,0.0,0.0,0.0,6.47,3.38
2023-10-15 20:00:00+02:00,0.0,0.0,0.0,6.03,3.38
2023-10-15 21:00:00+02:00,0.0,0.0,0.0,5.38,3.02
2023-10-15 22:00:00+02:00,0.0,0.0,0.0,4.43,2.65
2023-10-15 23:00:00+02:00,0.0,0.0,0.0,3.85,2.79
2023-10-16 00:00:00+02:00,0.0,0.0,0.0,3.3,2.86
2023-10-16 01:00:00+02:00,0.0,0.0,0.0,2.87,2.88
2023-10-16 02:00:00+02:00,0.0,0.0,0.0,2.46,2.85
2023-10-16 03:00:00+02:00,0.0,0.0,0.0,2.06,2.8
2023-10-16 04:00:00+02:00,0.0,0.0,0.0,1.67,2.8
2023-10-16 05:00:00+02:00,0.0,0.0,0.0,1.49,2.8
2023-10-16 06:00:00+02:00,0.0,0.0,0.0,1.5,2.88
2023-10-16 07:00:00+02:00,0.0,0.0,0.0,1.44,2.81
2023-10-16 08:00:00+02:00,72.03,323.38,40.93,1.75,2.79
2023-10-16 09:00:00+02:00,171.52,586.75,64.69,3.03,2.79
2023-10-16 10:00:00+02:00,266.88,727.24,66.16,4.9,2.91
2023-10-16 11:00:00+02:00,335.45,828.35,61.49,6.64,3.41
2023-10-16 12:00:00+02:00,368.5,909.1,41.23,7.68,3.47
2023-10-16 13:00:00+02:00,354.55,907.97,40.67,8.22,3.52
2023-10-16 14:00:00+02:00,302.17,864.8,38.08,8.38,3.56
2023-10-16 15:00:00+02:00,210.43,708.14,49.37,8.17,3.59
2023-10-16 16:00:00+02:00,101.22,449.15,40.63,7.51,3.51
2023-10-16 17:00:00+02:00,12.1,104.94,11.13,6.32,3.44
2023-10-16 18:00:00+02:00,0.0,0.0,0.0,5.16,3.27
2023-10-16 19:00:00+02:00,0.0,0.0,0.0,3.96,2.67
2023-10-16 20:00:00+02:00,0.0,0.0,0.0,3.61,2.61
2023-10-16 21:00:00+02:00,0.0,0.0,0.0,3.69,2.48
2023-10-16 22:00:00+02:00,0.0,0.0,0.0,3.83,2.38
2023-10-16 23:00:00+02:00,0.0,0.0,0.0,3.92,2.48
2023-10-17 00:00:00+02:00,0.0,0.0,0.0,3.86,2.39
2023-10-17 01:00:00+02:00,0.0,0.0,0.0,3.66,2.4
2023-10-17 02:00:00+02:00,0.0,0.0,0.0,3.39,2.39
2023-10-17 03:00:00+02:00,0.0,0.0,0.0,3.18,2.32
2023-10-17 04:00:00+02:00,0.0,0.0,0.0,3.13,2.24
2023-10-17 05:00:00+02:00,0.0,0.0,0.0,3.25,2.21
2023-10-17 06:00:00+02:00,0.0,0.0,0.0,3.5,2.17
2023-10-17 07:00:00+02:00,0.0,0.0,0.0,3.88,2.22
2023-10-17 08:00:00+02:00,53.05,101.56,46.48,4.28,2.31
2023-10-17 09:00:00+02:00,142.45,297.8,85.55,4.72,2.45
2023-10-17 10:00:00+02:00,226.68,442.35,117.73,5.42,2.71
2023-10-17 11:00:00+02:00,285.62,546.03,121.53,6.74,2.7
2023-10-17 12:00:00+02:00,314.17,611.92,127.32,7.96,2.39
2023-10-17 13:00:00+02:00,195.43,67.95,159.81,8.56,2.37
2023-10-17 14:00:00+02:00,155.18,68.82,121.74,8.65,2.57
2023-10-17 15:00:00+02:00,106.88,71.67,86.98,8.79,2.77
2023-10-17 16:00:00+02:00,46.67,62.05,38.62,9.09,2.76
2023-10-17 17:00:00+02:00,3.6,4.55,3.85,8.71,2.74
2023-10-17 18:00:00+02:00,0.0,0.0,0.0,8.17,2.53
2023-10-17 19:00:00+02:00,0.0,0.0,0.0,7.61,2.26
2023-10-17 20:00:00+02:00,0.0,0.0,0.0,7.41,2.26
2023-10-17 21:00:00+02:00,0.0,0.0,0.0,6.14,2.04
2023-10-17 22:00:00+02:00,0.0,0.0,0.0,5.79,2.11
2023-10-17 23:00:00+02:00,0.0,0.0,0.0,5.83,2.42
2023-10-18 00:00:00+02:00,0.0,0.0,0.0,5.94,2.63
2023-10-18 01:00:00+02:00,0.0,0.0,0.0,5.74,2.68
2023-10-18 02:00:00+02:00,0.0,0.0,0.0,5.06,2.49
2023-10-18 03:00:00+02:00,0.0,0.0,0.0,4.6,2.53
2023-10-18 04:00:00+02:00,0.0,0.0,0.0,4.23,2.53
2023-10-18 05:00:00+02:00,0.0,0.0,0.0,4.07,2.61
2023-10-18 06:00:00+02:00,0.0,0.0,0.0,4.08,2.74
2023-10-18 07:00:00+02:00,0.0,0.0,0.0,4.18,2.76
2023-10-18 08:00:00+02:00,50.92,161.08,39.12,4.19,2.64
2023-10-18 09:00:00+02:00,135.98,343.94,78.6,4.41,2.61
2023-10-18 10:00:00+02:00,217.12,404.16,103.97,4.83,2.58
2023-10-18 11:00:00+02:00,272.83,466.62,120.75,5.68,2.43
2023-10-18 12:00:00+02:00,256.92,517.54,88.87,6.7,2.32
2023-10-18 13:00:00+02:00,246.5,459.36,122.3,7.37,2.17
2023-10-18 14:00:00+02:00,206.93,390.46,99.67,7.61,1.99
2023-10-18 15:00:00+02:00,143.98,330.23,83.64,7.41,1.8
2023-10-18 16:00:00+02:00,63.4,147.21,46.21,6.59,1.35
2023-10-18 17:00:00+02:00,4.9,19.12,6.66,4.56,1.57
2023-10-18 18:00:00+02:00,0.0,0.0,0.0,3.16,1.89
2023-10-18 19:00:00+02:00,0.0,0.0,0.0,2.65,2.02
2023-10-18 20:00:00+02:00,0.0,0.0,0.0,2.15,2.03
2023-10-18 21:00:00+02:00,0.0,0.0,0.0,1.65,1.98
2023-10-18 22:00:00+02:00,0.0,0.0,0.0,1.51,1.95
2023-10-18 23:00:00+02:00,0.0,0.0,0.0,1.39,2.05
2023-10-19 00:00:00+02:00,0.0,0.0,0.0,1.54,2.11
2023-10-19 01:00:00+02:00,0.0,0.0,0.0,1.73,2.28
2023-10-19 02:00:00+02:00,0.0,0.0,0.0,1.55,2.43
2023-10-19 03:00:00+02:00,0.0,0.0,0.0,1.17,2.66
2023-10-19 04:00:00+02:00,0.0,0.0,0.0,0.69,2.66
2023-10-19 05:00:00+02:00,0.0,0.0,0.0,0.35,2.6
2023-10-19 06:00:00+02:00,0.0,0.0,0.0,0.09,2.49
2023-10-19 07:00:00+02:00,0.0,0.0,0.0,-0.11,2.46
2023-10-19 08:00:00+02:00,43.75,253.28,22.82,-0.07,2.52
2023-10-19 09:00:00+02:00,106.85,366.77,45.43,0.53,2.73
2023-10-19 10:00:00+02:00,144.25,371.3,62.11,1.68,2.95
2023-10-19 11:00:00+02:00,195.98,130.17,154.8,2.94,3.15
2023-10-19 12:00:00+02:00,201.2,182.99,141.3,3.68,3.31
2023-10-19 13:00:00+02:00,201.93,306.13,110.04,3.92,3.44
2023-10-19 14:00:00+02:00,164.07,309.83,76.65,3.84,3.55
2023-10-19 15:00:00+02:00,111.95,409.11,45.96,3.5,3.52
2023-10-19 16:00:00+02:00,47.67,253.48,24.03,2.73,3.29
2023-10-19 17:00:00+02:00,3.8,49.62,4.05,1.79,3.45
2023-10-19 18:00:00+02:00,0.0,0.0,0.0,1.15,3.53
2023-10-19 19:00:00+02:00,0.0,0.0,0.0,0.87,3.58
2023-10-19 20:00:00+02:00,0.0,0.0,0.0,0.71,3.46
2023-10-19 21:00:00+02:00,0.0,0.0,0.0,0.56,3.3
2023-10-19 22:00:00+02:00,0.0,0.0,0.0,0.46,3.21
2023-10-19 23:00:00+02:00,0.0,0.0,0.0,0.64,3.32
2023-10-20 00:00:00+02:00,0.0,0.0,0.0,0.91,3.65
2023-10-20 01:00:00+02:00,0.0,0.0,0.0,1.09,3.94
2023-10-20 02:00:00+02:00,0.0,0.0,0.0,1.17,4.11
2023-10-20 03:00:00+02:00,0.0,0.0,0.0,1.22,4.31
2023-10-20 04:00:00+02:00,0.0,0.0,0.0,1.28,4.34
2023-10-20 05:00:00+02:00,0.0,0.0,0.0,1.34,4.26
2023-10-20 06:00:00+02:00,0.0,0.0,0.0,1.42,4.27
2023-10-20 07:00:00+02:00,0.0,0.0,0.0,1.49,4.39
2023-10-20 08:00:00+02:00,24.73,84.17,21.44,1.52,4.55
2023-10-20 09:00:00+02:00,78.68,197.34,51.11,1.79,4.66
2023-10-20 10:00:00+02:00,135.25,250.71,69.52,2.32,4.65
2023-10-20 11:00:00+02:00,174.7,335.37,83.13,3.04,4.81
2023-10-20 12:00:00+02:00,199.8,363.45,84.86,3.84,4.98
2023-10-20 13:00:00+02:00,191.27,448.8,73.12,4.38,5.02
2023-10-20 14:00:00+02:00,159.65,213.94,99.94,4.45,5.01
2023-10-20 15:00:00+02:00,103.32,352.9,37.52,4.2,4.98
2023-10-20 16:00:00+02:00,43.12,185.31,21.62,3.71,4.84
2023-10-20 17:00:00+02:00,2.9,34.02,3.3,3.01,4.76
2023-10-20 18:00:00+02:00,0.0,0.0,0.0,2.41,4.8
2023-10-20 19:00:00+02:00,0.0,0.0,0.0,1.97,4.78
2023-10-20 20:00:00+02:00,0.0,0.0,0.0,1.72,4.78
2023-10-20 21:00:00+02:00,0.0,0.0,0.0,1.61,4.89
2023-10-20 22:00:00+02:00,0.0,0.0,0.0,1.58,4.89
2023-10-20 23:00:00+02:00,0.0,0.0,0.0,1.65,4.83
2023-10-21 00:00:00+02:00,0.0,0.0,0.0,1.79,4.95
2023-10-21 01:00:00+02:00,0.0,0.0,0.0,1.81,4.87
2023-10-21 02:00:00+02:00,0.0,0.0,0.0,1.82,4.94
2023-10-21 03:00:00+02:00,0.0,0.0,0.0,1.9,5.15
2023-10-21 04:00:00+02:00,0.0,0.0,0.0,2.01,5.21
2023-10-21 05:00:00+02:00,0.0,0.0,0.0,2.05,5.04
2023-10-21 06:00:00+02:00,0.0,0.0,0.0,2.24,4.96
2023-10-21 07:00:00+02:00,0.0,0.0,0.0,2.46,5.06
2023-10-21 08:00:00+02:00,13.55,0.0,13.44,2.63,5.11
2023-10-21 09:00:00+02:00,48.55,0.0,42.48,3.05,5.11
2023-10-21 10:00:00+02:00,57.03,0.0,49.91,3.66,5.12
2023-10-21 11:00:00+02:00,75.7,0.0,66.01,4.33,5.07
2023-10-21 12:00:00+02:00,72.25,0.0,61.74,4.96,4.99
2023-10-21 13:00:00+02:00,49.65,0.0,43.42,4.86,4.93
2023-10-21 14:00:00+02:00,32.53,0.0,28.52,4.35,4.81
2023-10-21 15:00:00+02:00,21.58,0.0,19.09,3.71,4.68
2023-10-21 16:00:00+02:00,18.15,0.0,16.49,3.14,4.58
2023-10-21 17:00:00+02:00,0.0,0.0,0.0,2.83,4.49
2023-10-21 18:00:00+02:00,0.0,0.0,0.0,2.68,4.38
2023-10-21 19:00:00+02:00,0.0,0.0,0.0,2.72,4.22
2023-10-21 20:00:00+02:00,0.0,0.0,0.0,2.81,4.04
2023-10-21 21:00:00+02:00,0.0,0.0,0.0,2.87,3.73
2023-10-21 22:00:00+02:00,0.0,0.0,0.0,2.88,3.32
2023-10-21 23:00:00+02:00,0.0,0.0,0.0,2.86,3.2
2023-10-22 00:00:00+02:00,0.0,0.0,0.0,2.82,2.97
2023-10-22 01:00:00+02:00,0.0,0.0,0.0,2.76,2.85
2023-10-22 02:00:00+02:00,0.0,0.0,0.0,2.75,2.83
2023-10-22 03:00:00+02:00,0.0,0.0,0.0,2.78,2.74
2023-10-22 04:00:00+02:00,0.0,0.0,0.0,2.84,2.61
2023-10-22 05:00:00+02:00,0.0,0.0,0.0,2.9,2.45
2023-10-22 06:00:00+02:00,0.0,0.0,0.0,2.93,2.31
2023-10-22 07:00:00+02:00,0.0,0.0,0.0,2.95,2.19
2023-10-22 08:00:00+02:00,24.27,67.96,23.95,3.02,2.1
2023-10-22 09:00:00+02:00,72.97,197.9,40.78,3.18,1.92
2023-10-22 10:00:00+02:00,112.68,278.7,51.72,3.44,1.92
2023-10-22 11:00:00+02:00,139.45,329.38,68.51,3.78,1.87
2023-10-22 12:00:00+02:00,127.47,57.17,103.5,4.23,1.83
2023-10-22 13:00:00+02:00,115.35,245.28,64.5,4.65,1.7
2023-10-22 14:00:00+02:00,120.65,309.59,50.7,4.91,1.54
2023-10-22 15:00:00+02:00,88.7,356.25,36.79,5.04,1.43
2023-10-22 16:00:00+02:00,44.42,173.89,25.61,4.98,1.24
2023-10-22 17:00:00+02:00,0.0,0.0,0.0,4.48,1.19
2023-10-22 18:00:00+02:00,0.0,0.0,0.0,4.27,1.5
2023-10-22 19:00:00+02:00,0.0,0.0,0.0,4.27,1.57
2023-10-22 20:00:00+02:00,0.0,0.0,0.0,4.19,1.55
2023-10-22 21:00:00+02:00,0.0,0.0,0.0,4.11,1.52
2023-10-22 22:00:00+02:00,0.0,0.0,0.0,4.02,1.55
2023-10-22 23:00:00+02:00,0.0,0.0,0.0,3.9,1.49
2023-10-23 00:00:00+02:00,0.0,0.0,0.0,3.71,1.48
2023-10-23 01:00:00+02:00,0.0,0.0,0.0,3.53,1.56
2023-10-23 02:00:00+02:00,0.0,0.0,0.0,3.36,1.56
2023-10-23 03:00:00+02:00,0.0,0.0,0.0,3.26,1.58
2023-10-23 04:00:00+02:00,0.0,0.0,0.0,3.15,1.5
2023-10-23 05:00:00+02:00,0.0,0.0,0.0,3.06,1.47
2023-10-23 06:00:00+02:00,0.0,0.0,0.0,2.98,1.5
2023-10-23 07:00:00+02:00,0.0,0.0,0.0,2.93,1.44
2023-10-23 08:00:00+02:00,15.68,91.22,14.47,2.92,1.36
2023-10-23 09:00:00+02:00,56.78,330.2,40.75,3.15,1.3
2023-10-23 10:00:00+02:00,97.03,221.21,63.62,3.65,1.25
2023-10-23 11:00:00+02:00,123.43,319.16,69.23,4.32,1.21
2023-10-23 12:00:00+02:00,135.77,288.65,75.63,4.94,1.16
2023-10-23 13:00:00+02:00,106.72,28.4,89.18,5.34,1.09
2023-10-23 14:00:00+02:00,97.93,30.08,82.1,5.6,1.04
2023-10-23 15:00:00+02:00,64.95,28.1,55.5,5.66,1.05
2023-10-23 16:00:00+02:00,23.9,6.7,22.09,5.31,0.89
2023-10-23 17:00:00+02:00,0.0,0.0,0.0,3.98,1.11
2023-10-23 18:00:00+02:00,0.0,0.0,0.0,3.46,1.41
2023-10-23 19:00:00+02:00,0.0,0.0,0.0,3.33,1.57
2023-10-23 20:00:00+02:00,0.0,0.0,0.0,3.22,1.62
2023-10-23 21:00:00+02:00,0.0,0.0,0.0,3.07,1.56
2023-10-23 22:00:00+02:00,0.0,0.0,0.0,2.95,1.56
2023-10-23 23:00:00+02:00,0.0,0.0,0.0,3.08,1.59
2023-10-24 00:00:00+02:00,0.0,0.0,0.0,2.98,1.5
2023-10-24 01:00:00+02:00,0.0,0.0,0.0,2.91,1.64
2023-10-24 02:00:00+02:00,0.0,0.0,0.0,2.8,1.61
2023-10-24 03:00:00+02:00,0.0,0.0,0.0,2.79,1.66
2023-10-24 04:00:00+02:00,0.0,0.0,0.0,2.79,1.62
2023-10-24 05:00:00+02:00,0.0,0.0,0.0,2.71,1.65
2023-10-24 06:00:00+02:00,0.0,0.0,0.0,2.53,1.51
2023-10-24 07:00:00+02:00,0.0,0.0,0.0,2.58,1.58
2023-10-24 08:00:00+02:00,20.8,126.44,18.61,2.73,1.75
2023-10-24 09:00:00+02:00,78.93,221.0,48.22,3.12,1.85
2023-10-24 10:00:00+02:00,132.95,243.59,72.71,3.88,1.98
2023-10-24 11:00:00+02:00,169.48,314.19,96.56,4.76,2.19
2023-10-24 12:00:00+02:00,188.02,351.71,93.19,5.46,2.15
2023-10-24 13:00:00+02:00,180.27,354.15,91.68,6.13,2.16
2023-10-24 14:00:00+02:00,148.82,294.38,80.11,6.37,2.18
2023-10-24 15:00:00+02:00,91.65,234.01,55.31,6.15,2.03
2023-10-24 16:00:00+02:00,32.88,130.14,24.69,5.39,1.74
2023-10-24 17:00:00+02:00,0.0,0.0,0.0,4.63,2.14
2023-10-24 18:00:00+02:00,0.0,0.0,0.0,4.11,2.48
2023-10-24 19:00:00+02:00,0.0,0.0,0.0,3.54,2.68
2023-10-24 20:00:00+02:00,0.0,0.0,0.0,2.81,2.6
2023-10-24 21:00:00+02:00,0.0,0.0,0.0,1.84,2.56
2023-10-24 22:00:00+02:00,0.0,0.0,0.0,1.26,2.65
2023-10-24 23:00:00+02:00,0.0,0.0,0.0,0.74,2.59
2023-10-25 00:00:00+02:00,0.0,0.0,0.0,0.25,2.5
2023-10-25 01:00:00+02:00,0.0,0.0,0.0,-0.06,2.43
2023-10-25 02:00:00+02:00,0.0,0.0,0.0,-0.08,2.67
2023-10-25 03:00:00+02:00,0.0,0.0,0.0,-0.27,2.5
2023-10-25 04:00:00+02:00,0.0,0.0,0.0,-0.38,2.47
2023-10-25 05:00:00+02:00,0.0,0.0,0.0,-0.43,2.63
2023-10-25 06:00:00+02:00,0.0,0.0,0.0,-0.44,2.69
2023-10-25 07:00:00+02:00,0.0,0.0,0.0,-0.41,2.71
2023-10-25 08:00:00+02:00,16.92,66.22,16.45,-0.35,2.72
2023-10-25 09:00:00+02:00,63.9,205.21,41.02,0.15,2.79
2023-10-25 10:00:00+02:00,118.6,253.61,72.94,1.02,2.89
2023-10-25 11:00:00+02:00,113.4,0.59,98.67,1.93,3.01
2023-10-25 12:00:00+02:00,167.93,60.19,141.04,2.83,3.11
2023-10-25 13:00:00+02:00,126.28,28.69,107.03,3.44,3.09
2023-10-25 14:00:00+02:00,62.05,45.5,50.39,3.7,2.98
2023-10-25 15:00:00+02:00,49.75,5.81,44.46,3.6,2.81
2023-10-25 16:00:00+02:00,15.05,5.47,14.59,3.21,2.82
2023-10-25 17:00:00+02:00,0.0,0.0,0.0,2.72,2.88
2023-10-25 18:00:00+02:00,0.0,0.0,0.0,2.28,2.91
2023-10-25 19:00:00+02:00,0.0,0.0,0.0,1.83,2.87
2023-10-25 20:00:00+02:00,0.0,0.0,0.0,1.35,2.65
2023-10-25 21:00:00+02:00,0.0,0.0,0.0,1.12,2.69
2023-10-25 22:00:00+02:00,0.0,0.0,0.0,0.86,2.71
2023-10-25 23:00:00+02:00,0.0,0.0,0.0,0.66,2.72
2023-10-26 00:00:00+02:00,0.0,0.0,0.0,0.55,2.72
2023-10-26 01:00:00+02:00,0.0,0.0,0.0,0.41,2.68
2023-10-26 02:00:00+02:00,0.0,0.0,0.0,0.25,2.6
2023-10-26 03:00:00+02:00,0.0,0.0,0.0,0.38,2.77
2023-10-26 04:00:00+02:00,0.0,0.0,0.0,0.23,2.56
2023-10-26 05:00:00+02:00,0.0,0.0,0.0,0.26,2.7
2023-10-26 06:00:00+02:00,0.0,0.0,0.0,0.36,2.73
2023-10-26 07:00:00+02:00,0.0,0.0,0.0,0.52,2.75
2023-10-26 08:00:00+02:00,9.65,0.0,9.93,0.72,2.79
2023-10-26 09:00:00+02:00,38.25,0.0,33.51,1.06,2.8
2023-10-26 10:00:00+02:00,69.03,2.31,60.35,1.55,2.78
2023-10-26 11:00:00+02:00,96.35,0.55,83.4,2.12,2.85
2023-10-26 12:00:00+02:00,87.85,38.78,72.77,2.56,2.81
2023-10-26 13:00:00+02:00,87.38,97.51,66.62,2.9,2.82
2023-10-26 14:00:00+02:00,60.33,37.07,49.95,3.06,2.76
2023-10-26 15:00:00+02:00,37.25,46.21,30.96,3.01,2.59
2023-10-26 16:00:00+02:00,14.15,9.1,13.88,2.81,2.61
2023-10-26 17:00:00+02:00,0.0,0.0,0.0,2.52,2.65
2023-10-26 18:00:00+02:00,0.0,0.0,0.0,2.31,2.68
2023-10-26 19:00:00+02:00,0.0,0.0,0.0,2.1,2.51
2023-10-26 20:00:00+02:00,0.0,0.0,0.0,1.85,2.36
2023-10-26 21:00:00+02:00,0.0,0.0,0.0,1.58,2.24
2023-10-26 22:00:00+02:00,0.0,0.0,0.0,1.29,2.2
2023-10-26 23:00:00+02:00,0.0,0.0,0.0,0.83,2.11
2023-10-27 00:00:00+02:00,0.0,0.0,0.0,0.53,2.13
2023-10-27 01:00:00+02:00,0.0,0.0,0.0,0.19,2.15
2023-10-27 02:00:00+02:00,0.0,0.0,0.0,0.02,2.22
2023-10-27 03:00:00+02:00,0.0,0.0,0.0,-0.51,2.1
2023-10-27 04:00:00+02:00,0.0,0.0,0.0,-0.58,2.18
2023-10-27 05:00:00+02:00,0.0,0.0,0.0,-0.6,2.16
2023-10-27 06:00:00+02:00,0.0,0.0,0.0,-0.54,2.38
2023-10-27 07:00:00+02:00,0.0,0.0,0.0,-0.42,2.55
2023-10-27 08:00:00+02:00,10.57,4.46,10.85,-0.3,2.52
2023-10-27 09:00:00+02:00,42.12,7.54,36.47,0.29,2.6
2023-10-27 10:00:00+02:00,83.5,17.42,71.06,1.11,2.48
2023-10-27 11:00:00+02:00,109.93,27.38,93.08,1.94,2.55
2023-10-27 12:00:00+02:00,113.75,20.62,96.88,2.65,2.68
2023-10-27 13:00:00+02:00,96.3,29.63,81.96,3.07,2.74
2023-10-27 14:00:00+02:00,66.53,15.27,58.65,3.15,2.64
2023-10-27 15:00:00+02:00,51.58,38.23,43.67,2.95,2.45
2023-10-27 16:00:00+02:00,11.3,0.0,11.21,2.45,2.44
2023-10-27 17:00:00+02:00,0.0,0.0,0.0,1.81,2.62
2023-10-27 18:00:00+02:00,0.0,0.0,0.0,1.4,2.77
2023-10-27 19:00:00+02:00,0.0,0.0,0.0,1.11,2.77
2023-10-27 20:00:00+02:00,0.0,0.0,0.0,0.86,2.63
2023-10-27 21:00:00+02:00,0.0,0.0,0.0,0.68,2.52
2023-10-27 22:00:00+02:00,0.0,0.0,0.0,0.46,2.3
2023-10-27 23:00:00+02:00,0.0,0.0,0.0,0.35,2.45
2023-10-28 00:00:00+02:00,0.0,0.0,0.0,0.33,2.53
2023-10-28 01:00:00+02:00,0.0,0.0,0.0,0.29,2.63
2023-10-28 02:00:00+02:00,0.0,0.0,0.0,0.18,2.59
2023-10-28 03:00:00+02:00,0.0,0.0,0.0,0.07,2.54
2023-10-28 04:00:00+02:00,0.0,0.0,0.0,-0.07,2.49
2023-10-28 05:00:00+02:00,0.0,0.0,0.0,-0.19,2.51
2023-10-28 06:00:00+02:00,0.0,0.0,0.0,-0.48,2.37
2023-10-28 07:00:00+02:00,0.0,0.0,0.0,-0.79,2.3
2023-10-28 08:00:00+02:00,12.25,99.08,12.07,-0.91,2.27
2023-10-28 09:00:00+02:00,65.35,219.01,34.95,-0.68,2.21
2023-10-28 10:00:00+02:00,126.72,374.75,57.98,0.05,2.17
2023-10-28 11:00:00+02:00,171.9,416.65,70.62,0.98,2.16
2023-10-28 12:00:00+02:00,188.18,461.31,67.42,1.79,2.25
2023-10-28 13:00:00+02:00,131.77,204.28,78.05,2.29,2.23
2023-10-28 14:00:00+02:00,109.35,198.25,68.85,2.31,2.12
2023-10-28 15:00:00+02:00,67.45,108.73,49.72,1.93,1.88
2023-10-28 16:00:00+02:00,21.42,33.88,21.9,1.04,1.42
2023-10-28 17:00:00+02:00,0.0,0.0,0.0,-0.28,1.64
2023-10-28 18:00:00+02:00,0.0,0.0,0.0,-0.63,1.81
2023-10-28 19:00:00+02:00,0.0,0.0,0.0,-0.93,1.79
2023-10-28 20:00:00+02:00,0.0,0.0,0.0,-1.38,1.7
2023-10-28 21:00:00+02:00,0.0,0.0,0.0,-1.72,1.66
2023-10-28 22:00:00+02:00,0.0,0.0,0.0,-1.97,1.55
2023-10-28 23:00:00+02:00,0.0,0.0,0.0,-2.03,1.46
2023-10-29 00:00:00+02:00,0.0,0.0,0.0,-1.95,1.33
2023-10-29 01:00:00+02:00,0.0,0.0,0.0,-1.93,1.14
2023-10-29 02:00:00+02:00,0.0,0.0,0.0,-2.09,0.94
2023-10-29 02:00:00+01:00,0.0,0.0,0.0,-2.21,0.85
2023-10-29 03:00:00+01:00,0.0,0.0,0.0,-2.26,0.57
2023-10-29 04:00:00+01:00,0.0,0.0,0.0,-2.42,0.39
2023-10-29 05:00:00+01:00,0.0,0.0,0.0,-2.67,0.22
2023-10-29 06:00:00+01:00,0.0,0.0,0.0,-2.88,0.26
2023-10-29 07:00:00+01:00,8.4,98.91,8.83,-2.93,0.43
2023-10-29 08:00:00+01:00,42.75,143.28,28.07,-2.42,0.6
2023-10-29 09:00:00+01:00,87.12,223.99,51.98,-1.23,0.86
2023-10-29 10:00:00+01:00,117.88,229.53,60.84,-0.14,1.04
2023-10-29 11:00:00+01:00,130.2,218.55,83.53,0.99,1.21
2023-10-29 12:00:00+01:00,120.8,147.31,86.2,1.78,1.31
2023-10-29 13:00:00+01:00,99.93,131.22,74.2,2.14,1.39
2023-10-29 14:00:00+01:00,64.1,111.96,48.92,1.84,1.59
2023-10-29 15:00:00+01:00,16.17,36.91,15.95,0.59,1.94
2023-10-29 16:00:00+01:00,0.0,0.0,0.0,-0.22,2.34
2023-10-29 17:00:00+01:00,0.0,0.0,0.0,-0.23,2.37
2023-10-29 18:00:00+01:00,0.0,0.0,0.0,-0.28,2.26
2023-10-29 19:00:00+01:00,0.0,0.0,0.0,-0.4,2.28
2023-10-29 20:00:00+01:00,0.0,0.0,0.0,-0.42,2.53
2023-10-29 21:00:00+01:00,0.0,0.0,0.0,-0.41,2.73
2023-10-29 22:00:00+01:00,0.0,0.0,0.0,-0.51,2.77
2023-10-29 23:00:00+01:00,0.0,0.0,0.0,-0.67,2.76
2023-10-30 00:00:00+01:00,0.0,0.0,0.0,-0.78,2.77
2023-10-30 01:00:00+01:00,0.0,0.0,0.0,-0.88,2.77
2023-10-30 02:00:00+01:00,0.0,0.0,0.0,-1.03,2.86
2023-10-30 03:00:00+01:00,0.0,0.0,0.0,-1.09,2.92
2023-10-30 04:00:00+01:00,0.0,0.0,0.0,-1.02,2.91
2023-10-30 05:00:00+01:00,0.0,0.0,0.0,-0.85,2.83
2023-10-30 06:00:00+01:00,0.0,0.0,0.0,-0.67,2.78
2023-10-30 07:00:00+01:00,5.2,2.95,5.43,-0.54,2.76
2023-10-30 08:00:00+01:00,26.45,23.35,22.33,-0.29,2.7
2023-10-30 09:00:00+01:00,59.22,25.89,51.02,0.27,2.82
2023-10-30 10:00:00+01:00,82.68,11.95,71.46,0.73,2.87
2023-10-30 11:00:00+01:00,85.62,31.87,70.73,0.82,2.91
2023-10-30 12:00:00+01:00,82.78,20.59,68.81,0.86,2.82
2023-10-30 13:00:00+01:00,63.03,19.88,52.73,0.81,2.88
2023-10-30 14:00:00+01:00,36.38,4.08,31.78,0.58,3.12
2023-10-30 15:00:00+01:00,9.18,0.0,9.33,0.43,3.32
2023-10-30 16:00:00+01:00,0.0,0.0,0.0,0.34,3.49
2023-10-30 17:00:00+01:00,0.0,0.0,0.0,0.35,3.57
2023-10-30 18:00:00+01:00,0.0,0.0,0.0,0.4,3.48
2023-10-30 19:00:00+01:00,0.0,0.0,0.0,0.42,3.23
2023-10-30 20:00:00+01:00,0.0,0.0,0.0,0.43,2.73
2023-10-30 21:00:00+01:00,0.0,0.0,0.0,0.63,1.93
2023-10-30 22:00:00+01:00,0.0,0.0,0.0,0.95,1.36
2023-10-30 23:00:00+01:00,0.0,0.0,0.0,1.4,1.22
2023-10-31 00:00:00+01:00,0.0,0.0,0.0,2.07,0.81
2023-10-31 01:00:00+01:00,0.0,0.0,0.0,1.79,1.16
2023-10-31 02:00:00+01:00,0.0,0.0,0.0,1.55,1.42
2023-10-31 03:00:00+01:00,0.0,0.0,0.0,1.27,1.32
2023-10-31 04:00:00+01:00,0.0,0.0,0.0,1.01,1.13
2023-10-31 05:00:00+01:00,0.0,0.0,0.0,0.87,1.47
2023-10-31 06:00:00+01:00,0.0,0.0,0.0,0.68,2.04
2023-10-31 07:00:00+01:00,5.0,2.75,6.35,0.51,2.12
2023-10-31 08:00:00+01:00,15.62,14.62,13.52,0.47,2.32
2023-10-31 09:00:00+01:00,28.25,15.76,24.19,0.46,2.58
2023-10-31 10:00:00+01:00,44.88,10.54,37.9,0.45,2.73
2023-10-31 11:00:00+01:00,40.25,0.0,34.86,0.45,3.05
2023-10-31 12:00:00+01:00,37.05,0.0,32.41,0.4,3.31
2023-10-31 13:00:00+01:00,27.92,11.76,23.77,0.36,3.51
2023-10-31 14:00:00+01:00,20.1,0.0,17.54,0.34,3.92
2023-10-31 15:00:00+01:00,4.75,0.0,4.89,0.3,4.19
2023-10-31 16:00:00+01:00,0.0,0.0,0.0,0.29,4.26
2023-10-31 17:00:00+01:00,0.0,0.0,0.0,0.29,4.27
2023-10-31 18:00:00+01:00,0.0,0.0,0.0,0.28,4.34
2023-10-31 19:00:00+01:00,0.0,0.0,0.0,0.27,4.24
2023-10-31 20:00:00+01:00,0.0,0.0,0.0,0.26,4.15
2023-10-31 21:00:00+01:00,0.0,0.0,0.0,0.25,3.99
2023-10-31 22:00:00+01:00,0.0,0.0,0.0,0.24,3.82
2023-10-31 23:00:00+01:00,0.0,0.0,0.0,0.25,3.6
2023-11-01 00:00:00+01:00,0.0,0.0,0.0,0.24,3.52
2023-11-01 01:00:00+01:00,0.0,0.0,0.0,0.24,3.33
2023-11-01 02:00:00+01:00,0.0,0.0,0.0,0.22,3.11
2023-11-01 03:00:00+01:00,0.0,0.0,0.0,0.15,3.1
2023-11-01 04:00:00+01:00,0.0,0.0,0.0,-0.08,2.84
2023-11-01 05:00:00+01:00,0.0,0.0,0.0,-0.4,2.76
2023-11-01 06:00:00+01:00,0.0,0.0,0.0,-0.85,2.8
2023-11-01 07:00:00+01:00,10.18,65.02,10.55,-1.36,2.79
2023-11-01 08:00:00+01:00,60.67,259.0,31.89,-1.4,2.77
2023-11-01 09:00:00+01:00,108.22,361.29,51.76,-0.97,2.58
2023-11-01 10:00:00+01:00,139.23,360.63,65.99,-0.36,2.5
2023-11-01 11:00:00+01:00,157.68,143.06,109.39,0.23,2.51
2023-11-01 12:00:00+01:00,143.77,123.54,103.77,0.49,2.53
2023-11-01 13:00:00+01:00,97.5,77.83,77.25,0.57,2.54
2023-11-01 14:00:00+01:00,57.15,212.93,35.33,0.47,2.48
2023-11-01 15:00:00+01:00,13.4,132.13,12.3,0.13,2.58
2023-11-01 16:00:00+01:00,0.0,0.0,0.0,-0.44,2.6
2023-11-01 17:00:00+01:00,0.0,0.0,0.0,-0.85,2.3
2023-11-01 18:00:00+01:00,0.0,0.0,0.0,-1.33,1.94
2023-11-01 19:00:00+01:00,0.0,0.0,0.0,-1.69,1.7
2023-11-01 20:00:00+01:00,0.0,0.0,0.0,-1.87,1.49
2023-11-01 21:00:00+01:00,0.0,0.0,0.0,-2.33,1.35
2023-11-01 22:00:00+01:00,0.0,0.0,0.0,-2.62,1.37
2023-11-01 23:00:00+01:00,0.0,0.0,0.0,-2.75,1.08
2023-11-02 00:00:00+01:00,0.0,0.0,0.0,-2.8,0.38
2023-11-02 01:00:00+01:00,0.0,0.0,0.0,-3.17,0.89
2023-11-02 02:00:00+01:00,0.0,0.0,0.0,-3.72,1.63
2023-11-02 03:00:00+01:00,0.0,0.0,0.0,-4.05,1.91
2023-11-02 04:00:00+01:00,0.0,0.0,0.0,-3.91,1.95
2023-11-02 05:00:00+01:00,0.0,0.0,0.0,-3.12,2.06
2023-11-02 06:00:00+01:00,0.0,0.0,0.0,-2.63,2.24
2023-11-02 07:00:00+01:00,3.4,0.0,3.64,-2.37,2.32
2023-11-02 08:00:00+01:00,20.92,7.13,18.85,-2.21,2.54
2023-11-02 09:00:00+01:00,45.83,22.87,40.34,-1.95,2.77
2023-11-02 10:00:00+01:00,64.65,56.01,53.12,-1.61,2.83
2023-11-02 11:00:00+01:00,74.35,50.72,60.54,-1.07,2.98
2023-11-02 12:00:00+01:00,76.53,5.7,65.77,-0.53,3.07
2023-11-02 13:00:00+01:00,53.22,51.9,44.52,-0.09,3.25
2023-11-02 14:00:00+01:00,27.83,21.07,23.59,0.14,3.14
2023-11-02 15:00:00+01:00,6.7,2.31,6.98,0.42,3.32
2023-11-02 16:00:00+01:00,0.0,0.0,0.0,0.56,3.31
2023-11-02 17:00:00+01:00,0.0,0.0,0.0,0.87,3.47
2023-11-02 18:00:00+01:00,0.0,0.0,0.0,1.0,3.16
2023-11-02 19:00:00+01:00,0.0,0.0,0.0,1.06,3.04
2023-11-02 20:00:00+01:00,0.0,0.0,0.0,1.17,3.09
2023-11-02 21:00:00+01:00,0.0,0.0,0.0,1.29,3.1
2023-11-02 22:00:00+01:00,0.0,0.0,0.0,1.43,3.11
2023-11-02 23:00:00+01:00,0.0,0.0,0.0,1.63,3.15
2023-11-03 00:00:00+01:00,0.0,0.0,0.0,2.16,3.21
2023-11-03 01:00:00+01:00,0.0,0.0,0.0,3.03,3.57
2023-11-03 02:00:00+01:00,0.0,0.0,0.0,3.61,3.65
2023-11-03 03:00:00+01:00,0.0,0.0,0.0,3.79,3.48
2023-11-03 04:00:00+01:00,0.0,0.0,0.0,4.11,3.71
2023-11-03 05:00:00+01:00,0.0,0.0,0.0,4.23,3.47
2023-11-03 06:00:00+01:00,0.0,0.0,0.0,4.42,3.57
2023-11-03 07:00:00+01:00,3.95,0.0,4.52,4.62,3.51
2023-11-03 08:00:00+01:00,22.0,0.0,19.99,4.84,3.42
2023-11-03 09:00:00+01:00,27.58,0.0,24.92,5.03,3.43
2023-11-03 10:00:00+01:00,16.4,0.0,14.36,5.17,3.46
2023-11-03 11:00:00+01:00,28.2,0.0,24.68,5.26,3.45
2023-11-03 12:00:00+01:00,26.23,0.0,22.68,5.3,3.33
2023-11-03 13:00:00+01:00,35.55,0.0,31.46,5.42,3.07
2023-11-03 14:00:00+01:00,19.95,0.0,17.43,5.64,2.73
2023-11-03 15:00:00+01:00,5.65,0.0,5.93,5.82,2.51
2023-11-03 16:00:00+01:00,0.0,0.0,0.0,5.87,2.15
2023-11-03 17:00:00+01:00,0.0,0.0,0.0,5.99,2.03
2023-11-03 18:00:00+01:00,0.0,0.0,0.0,6.06,2.1
2023-11-03 19:00:00+01:00,0.0,0.0,0.0,6.13,1.96
2023-11-03 20:00:00+01:00,0.0,0.0,0.0,5.85,1.72
2023-11-03 21:00:00+01:00,0.0,0.0,0.0,5.74,1.55
2023-11-03 22:00:00+01:00,0.0,0.0,0.0,5.58,1.42
2023-11-03 23:00:00+01:00,0.0,0.0,0.0,5.51,1.38
2023-11-04 00:00:00+01:00,0.0,0.0,0.0,5.41,1.46
2023-11-04 01:00:00+01:00,0.0,0.0,0.0,5.52,1.63
2023-11-04 02:00:00+01:00,0.0,0.0,0.0,5.35,1.54
2023-11-04 03:00:00+01:00,0.0,0.0,0.0,5.17,1.64
2023-11-04 04:00:00+01:00,0.0,0.0,0.0,5.12,1.9
2023-11-04 05:00:00+01:00,0.0,0.0,0.0,4.87,2.02
2023-11-04 06:00:00+01:00,0.0,0.0,0.0,4.59,1.98
2023-11-04 07:00:00+01:00,1.55,0.0,1.77,4.27,1.89
2023-11-04 08:00:00+01:00,8.23,5.91,7.29,4.03,1.91
2023-11-04 09:00:00+01:00,18.7,13.14,16.31,3.99,1.83
2023-11-04 10:00:00+01:00,30.35,11.33,25.85,4.16,1.62
2023-11-04 11:00:00+01:00,36.42,20.8,30.26,4.59,1.21
2023-11-04 12:00:00+01:00,51.65,65.2,38.32,4.81,1.0
2023-11-04 13:00:00+01:00,34.22,43.24,26.34,4.87,0.89
2023-11-04 14:00:00+01:00,31.67,24.55,28.01,4.77,1.11
2023-11-04 15:00:00+01:00,6.0,2.88,6.3,4.34,1.65
2023-11-04 16:00:00+01:00,0.0,0.0,0.0,3.64,2.01
2023-11-04 17:00:00+01:00,0.0,0.0,0.0,3.21,2.24
2023-11-04 18:00:00+01:00,0.0,0.0,0.0,2.77,2.32
2023-11-04 19:00:00+01:00,0.0,0.0,0.0,2.46,2.23
2023-11-04 20:00:00+01:00,0.0,0.0,0.0,2.37,2.04
2023-11-04 21:00:00+01:00,0.0,0.0,0.0,2.6,1.81
2023-11-04 22:00:00+01:00,0.0,0.0,0.0,3.09,1.82
2023-11-04 23:00:00+01:00,0.0,0.0,0.0,3.56,1.87
2023-11-05 00:00:00+01:00,0.0,0.0,0.0,4.05,2.02
2023-11-05 01:00:00+01:00,0.0,0.0,0.0,4.35,1.9
2023-11-05 02:00:00+01:00,0.0,0.0,0.0,4.49,1.85
2023-11-05 03:00:00+01:00,0.0,0.0,0.0,4.55,1.78
2023-11-05 04:00:00+01:00,0.0,0.0,0.0,4.5,1.81
2023-11-05 05:00:00+01:00,0.0,0.0,0.0,4.35,1.78
2023-11-05 06:00:00+01:00,0.0,0.0,0.0,4.17,1.76
2023-11-05 07:00:00+01:00,3.05,11.47,4.06,4.01,1.96
2023-11-05 08:00:00+01:00,23.83,27.89,20.89,4.06,2.01
2023-11-05 09:00:00+01:00,58.25,60.23,47.13,4.51,1.99
2023-11-05 10:00:00+01:00,86.32,73.01,68.18,5.13,2.15
2023-11-05 11:00:00+01:00,96.57,64.97,76.16,5.77,2.11
2023-11-05 12:00:00+01:00,82.85,99.3,62.56,6.23,2.07
2023-11-05 13:00:00+01:00,55.97,66.36,45.22,6.41,2.08
2023-11-05 14:00:00+01:00,26.05,31.55,22.42,6.47,2.23
2023-11-05 15:00:00+01:00,4.1,3.32,4.36,6.39,2.33
2023-11-05 16:00:00+01:00,0.0,0.0,0.0,6.3,2.42
2023-11-05 17:00:00+01:00,0.0,0.0,0.0,6.28,2.4
2023-11-05 18:00:00+01:00,0.0,0.0,0.0,6.24,2.41
2023-11-05 19:00:00+01:00,0.0,0.0,0.0,6.18,2.28
2023-11-05 20:00:00+01:00,0.0,0.0,0.0,6.12,2.13
2023-11-05 21:00:00+01:00,0.0,0.0,0.0,6.06,2.03
2023-11-05 22:00:00+01:00,0.0,0.0,0.0,6.06,1.94
2023-11-05 23:00:00+01:00,0.0,0.0,0.0,6.02,1.89
2023-11-06 00:00:00+01:00,0.0,0.0,0.0,5.98,1.91
2023-11-06 01:00:00+01:00,0.0,0.0,0.0,5.92,1.86
2023-11-06 02:00:00+01:00,0.0,0.0,0.0,5.85,1.81
2023-11-06 03:00:00+01:00,0.0,0.0,0.0,5.77,1.63
2023-11-06 04:00:00+01:00,0.0,0.0,0.0,5.62,1.51
2023-11-06 05:00:00+01:00,0.0,0.0,0.0,5.45,1.39
2023-11-06 06:00:00+01:00,0.0,0.0,0.0,5.19,1.31
2023-11-06 07:00:00+01:00,1.67,0.0,1.92,5.09,1.26
2023-11-06 08:00:00+01:00,15.27,13.64,13.98,5.25,1.3
2023-11-06 09:00:00+01:00,41.72,36.19,35.6,5.43,1.16
2023-11-06 10:00:00+01:00,57.83,50.37,45.72,5.59,0.97
2023-11-06 11:00:00+01:00,67.8,65.65,52.59,5.74,0.89
2023-11-06 12:00:00+01:00,54.67,47.47,41.82,5.86,0.96
2023-11-06 13:00:00+01:00,30.52,17.48,26.79,5.94,1.02
2023-11-06 14:00:00+01:00,17.48,24.1,15.33,5.88,1.02
2023-11-06 15:00:00+01:00,3.92,7.53,4.15,5.55,0.94
2023-11-06 16:00:00+01:00,0.0,0.0,0.0,5.15,0.97
2023-11-06 17:00:00+01:00,0.0,0.0,0.0,5.03,0.96
2023-11-06 18:00:00+01:00,0.0,0.0,0.0,4.86,0.92
2023-11-06 19:00:00+01:00,0.0,0.0,0.0,4.61,0.92
2023-11-06 20:00:00+01:00,0.0,0.0,0.0,4.44,0.92
2023-11-06 21:00:00+01:00,0.0,0.0,0.0,4.41,0.94
2023-11-06 22:00:00+01:00,0.0,0.0,0.0,4.51,1.25
2023-11-06 23:00:00+01:00,0.0,0.0,0.0,4.49,1.44
2023-11-07 00:00:00+01:00,0.0,0.0,0.0,4.46,1.55
2023-11-07 01:00:00+01:00,0.0,0.0,0.0,4.45,1.48
2023-11-07 02:00:00+01:00,0.0,0.0,0.0,4.43,1.24
2023-11-07 03:00:00+01:00,0.0,0.0,0.0,4.32,1.12
2023-11-07 04:00:00+01:00,0.0,0.0,0.0,4.31,0.99
2023-11-07 05:00:00+01:00,0.0,0.0,0.0,4.36,0.88
2023-11-07 06:00:00+01:00,0.0,0.0,0.0,4.49,0.69
2023-11-07 07:00:00+01:00,0.0,0.0,0.0,4.55,0.44
2023-11-07 08:00:00+01:00,23.9,91.78,20.6,4.56,0.19
2023-11-07 09:00:00+01:00,46.22,134.97,36.07,4.63,0.32
2023-11-07 10:00:00+01:00,60.6,137.09,45.11,4.95,0.53
2023-11-07 11:00:00+01:00,49.45,32.58,41.32,5.26,0.69
2023-11-07 12:00:00+01:00,50.35,149.63,34.33,5.53,0.86
2023-11-07 13:00:00+01:00,43.45,132.43,28.71,5.71,0.97
2023-11-07 14:00:00+01:00,23.95,91.08,17.4,5.65,1.0
2023-11-07 15:00:00+01:00,4.45,18.39,5.73,5.1,0.93
2023-11-07 16:00:00+01:00,0.0,0.0,0.0,4.77,1.0
2023-11-07 17:00:00+01:00,0.0,0.0,0.0,4.87,1.0
2023-11-07 18:00:00+01:00,0.0,0.0,0.0,4.88,1.05
2023-11-07 19:00:00+01:00,0.0,0.0,0.0,4.95,1.32
2023-11-07 20:00:00+01:00,0.0,0.0,0.0,4.89,1.36
2023-11-07 21:00:00+01:00,0.0,0.0,0.0,4.67,1.36
2023-11-07 22:00:00+01:00,0.0,0.0,0.0,4.33,1.35
2023-11-07 23:00:00+01:00,0.0,0.0,0.0,4.04,1.2
2023-11-08 00:00:00+01:00,0.0,0.0,0.0,3.85,1.02
2023-11-08 01:00:00+01:00,0.0,0.0,0.0,3.68,0.82
2023-11-08 02:00:00+01:00,0.0,0.0,0.0,3.57,0.71
2023-11-08 03:00:00+01:00,0.0,0.0,0.0,3.48,0.87
2023-11-08 04:00:00+01:00,0.0,0.0,0.0,3.46,1.08
2023-11-08 05:00:00+01:00,0.0,0.0,0.0,3.39,1.32
2023-11-08 06:00:00+01:00,0.0,0.0,0.0,3.35,1.5
2023-11-08 07:00:00+01:00,0.0,0.0,0.0,3.21,1.62
2023-11-08 08:00:00+01:00,17.38,39.31,15.51,3.02,1.66
2023-11-08 09:00:00+01:00,45.4,6.31,39.87,2.83,1.69
2023-11-08 10:00:00+01:00,66.18,8.24,57.97,2.61,1.75
2023-11-08 11:00:00+01:00,55.17,6.47,47.96,2.36,1.68
2023-11-08 12:00:00+01:00,48.8,17.19,41.82,2.31,1.42
2023-11-08 13:00:00+01:00,41.7,42.8,32.89,2.36,1.2
2023-11-08 14:00:00+01:00,25.4,56.22,20.69,2.33,1.16
2023-11-08 15:00:00+01:00,4.7,13.02,6.39,2.18,1.22
2023-11-08 16:00:00+01:00,0.0,0.0,0.0,2.03,1.36
2023-11-08 17:00:00+01:00,0.0,0.0,0.0,1.97,1.35
2023-11-08 18:00:00+01:00,0.0,0.0,0.0,1.91,1.38
2023-11-08 19:00:00+01:00,0.0,0.0,0.0,1.91,1.39
2023-11-08 20:00:00+01:00,0.0,0.0,0.0,1.96,1.19
2023-11-08 21:00:00+01:00,0.0,0.0,0.0,2.08,1.07
2023-11-08 22:00:00+01:00,0.0,0.0,0.0,2.17,0.97
2023-11-08 23:00:00+01:00,0.0,0.0,0.0,2.23,0.84
2023-11-09 00:00:00+01:00,0.0,0.0,0.0,2.22,0.7
2023-11-09 01:00:00+01:00,0.0,0.0,0.0,2.19,0.59
2023-11-09 02:00:00+01:00,0.0,0.0,0.0,2.35,0.33
2023-11-09 03:00:00+01:00,0.0,0.0,0.0,2.38,0.23
2023-11-09 04:00:00+01:00,0.0,0.0,0.0,2.27,0.53
2023-11-09 05:00:00+01:00,0.0,0.0,0.0,2.23,0.92
2023-11-09 06:00:00+01:00,0.0,0.0,0.0,2.21,1.19
2023-11-09 07:00:00+01:00,0.0,0.0,0.0,2.18,1.47
2023-11-09 08:00:00+01:00,20.23,0.0,19.72,2.22,1.83
2023-11-09 09:00:00+01:00,41.85,1.62,36.87,2.44,2.01
2023-11-09 10:00:00+01:00,53.17,1.4,46.81,2.66,2.18
2023-11-09 11:00:00+01:00,36.67,0.33,32.12,2.9,2.24
2023-11-09 12:00:00+01:00,23.5,0.0,20.26,3.82,2.58
2023-11-09 13:00:00+01:00,20.85,0.0,18.24,4.64,2.72
2023-11-09 14:00:00+01:00,11.07,0.0,10.0,5.06,2.48
2023-11-09 15:00:00+01:00,1.95,0.0,2.23,5.22,2.35
2023-11-09 16:00:00+01:00,0.0,0.0,0.0,5.49,2.45
2023-11-09 17:00:00+01:00,0.0,0.0,0.0,5.46,2.06
2023-11-09 18:00:00+01:00,0.0,0.0,0.0,5.07,2.04
2023-11-09 19:00:00+01:00,0.0,0.0,0.0,4.82,1.84
2023-11-09 20:00:00+01:00,0.0,0.0,0.0,4.7,1.55
2023-11-09 21:00:00+01:00,0.0,0.0,0.0,4.37,1.29
2023-11-09 22:00:00+01:00,0.0,0.0,0.0,4.2,1.19
2023-11-09 23:00:00+01:00,0.0,0.0,0.0,4.06,1.15
2023-11-10 00:00:00+01:00,0.0,0.0,0.0,3.85,1.21
2023-11-10 01:00:00+01:00,0.0,0.0,0.0,3.57,1.17
2023-11-10 02:00:00+01:00,0.0,0.0,0.0,3.27,1.2
2023-11-10 03:00:00+01:00,0.0,0.0,0.0,3.11,1.15
2023-11-10 04:00:00+01:00,0.0,0.0,0.0,3.09,1.0
2023-11-10 05:00:00+01:00,0.0,0.0,0.0,3.24,0.9
2023-11-10 06:00:00+01:00,0.0,0.0,0.0,3.47,0.83
2023-11-10 07:00:00+01:00,0.0,0.0,0.0,3.61,0.73
2023-11-10 08:00:00+01:00,13.32,1.42,12.98,3.8,0.66
2023-11-10 09:00:00+01:00,24.2,5.58,21.05,4.16,0.58
2023-11-10 10:00:00+01:00,32.5,7.71,28.37,4.5,0.47
2023-11-10 11:00:00+01:00,57.58,7.26,49.25,5.27,0.22
2023-11-10 12:00:00+01:00,56.25,46.54,47.39,6.44,0.4
2023-11-10 13:00:00+01:00,38.9,40.92,32.97,6.43,0.66
2023-11-10 14:00:00+01:00,20.9,19.81,19.09,6.19,0.71
2023-11-10 15:00:00+01:00,2.9,0.0,3.32,6.23,0.47
2023-11-10 16:00:00+01:00,0.0,0.0,0.0,5.96,0.65
2023-11-10 17:00:00+01:00,0.0,0.0,0.0,5.32,1.29
2023-11-10 18:00:00+01:00,0.0,0.0,0.0,4.48,1.67
2023-11-10 19:00:00+01:00,0.0,0.0,0.0,4.03,1.71
2023-11-10 20:00:00+01:00,0.0,0.0,0.0,3.82,1.67
2023-11-10 21:00:00+01:00,0.0,0.0,0.0,3.93,1.34
2023-11-10 22:00:00+01:00,0.0,0.0,0.0,4.03,1.27
2023-11-10 23:00:00+01:00,0.0,0.0,0.0,4.01,1.18
2023-11-11 00:00:00+01:00,0.0,0.0,0.0,4.02,1.16
2023-11-11 01:00:00+01:00,0.0,0.0,0.0,4.0,1.13
2023-11-11 02:00:00+01:00,0.0,0.0,0.0,3.97,1.11
2023-11-11 03:00:00+01:00,0.0,0.0,0.0,3.94,1.12
2023-11-11 04:00:00+01:00,0.0,0.0,0.0,3.86,1.21
2023-11-11 05:00:00+01:00,0.0,0.0,0.0,3.81,1.44
2023-11-11 06:00:00+01:00,0.0,0.0,0.0,3.75,1.48
2023-11-11 07:00:00+01:00,0.0,0.0,0.0,3.81,1.43
2023-11-11 08:00:00+01:00,19.02,60.44,18.12,3.96,1.23
2023-11-11 09:00:00+01:00,46.88,109.76,33.59,4.67,0.94
2023-11-11 10:00:00+01:00,77.03,141.82,52.47,5.18,0.86
2023-11-11 11:00:00+01:00,83.15,178.89,49.66,5.5,0.82
2023-11-11 12:00:00+01:00,78.75,152.55,49.87,5.73,0.88
2023-11-11 13:00:00+01:00,40.1,41.24,33.27,5.81,0.96
2023-11-11 14:00:00+01:00,17.0,16.93,15.65,5.66,1.05
2023-11-11 15:00:00+01:00,2.1,0.0,2.89,5.31,1.17
2023-11-11 16:00:00+01:00,0.0,0.0,0.0,5.12,1.26
2023-11-11 17:00:00+01:00,0.0,0.0,0.0,5.01,1.25
2023-11-11 18:00:00+01:00,0.0,0.0,0.0,4.9,1.29
2023-11-11 19:00:00+01:00,0.0,0.0,0.0,4.84,1.28
2023-11-11 20:00:00+01:00,0.0,0.0,0.0,4.76,1.33
2023-11-11 21:00:00+01:00,0.0,0.0,0.0,4.67,1.45
2023-11-11 22:00:00+01:00,0.0,0.0,0.0,4.57,1.61
2023-11-11 23:00:00+01:00,0.0,0.0,0.0,4.52,1.79
2023-11-12 00:00:00+01:00,0.0,0.0,0.0,4.46,1.98
2023-11-12 01:00:00+01:00,0.0,0.0,0.0,4.41,2.15
2023-11-12 02:00:00+01:00,0.0,0.0,0.0,4.18,2.22
2023-11-12 03:00:00+01:00,0.0,0.0,0.0,3.82,2.28
2023-11-12 04:00:00+01:00,0.0,0.0,0.0,3.42,2.27
2023-11-12 05:00:00+01:00,0.0,0.0,0.0,2.91,2.22
2023-11-12 06:00:00+01:00,0.0,0.0,0.0,2.35,2.13
2023-11-12 07:00:00+01:00,0.0,0.0,0.0,1.76,2.18
2023-11-12 08:00:00+01:00,16.12,5.17,16.05,1.25,2.22
2023-11-12 09:00:00+01:00,37.97,5.01,32.96,1.13,2.23
2023-11-12 10:00:00+01:00,63.15,20.42,55.17,1.34,2.17
2023-11-12 11:00:00+01:00,78.3,184.03,55.24,1.63,2.15
2023-11-12 12:00:00+01:00,74.0,180.37,48.6,1.83,2.13
2023-11-12 13:00:00+01:00,52.8,266.05,38.67,1.89,2.13
2023-11-12 14:00:00+01:00,24.02,128.09,19.71,1.76,2.08
2023-11-12 15:00:00+01:00,2.05,7.89,2.75,1.4,1.88
2023-11-12 16:00:00+01:00,0.0,0.0,0.0,1.13,2.05
2023-11-12 17:00:00+01:00,0.0,0.0,0.0,0.99,2.27
2023-11-12 18:00:00+01:00,0.0,0.0,0.0,0.81,2.5
2023-11-12 19:00:00+01:00,0.0,0.0,0.0,0.51,2.44
2023-11-12 20:00:00+01:00,0.0,0.0,0.0,0.12,2.28
2023-11-12 21:00:00+01:00,0.0,0.0,0.0,-0.27,2.31
2023-11-12 22:00:00+01:00,0.0,0.0,0.0,-0.6,2.32
2023-11-12 23:00:00+01:00,0.0,0.0,0.0,-0.8,2.37
2023-11-13 00:00:00+01:00,0.0,0.0,0.0,-0.83,2.38
2023-11-13 01:00:00+01:00,0.0,0.0,0.0,-0.81,2.55
2023-11-13 02:00:00+01:00,0.0,0.0,0.0,-0.91,2.45
2023-11-13 03:00:00+01:00,0.0,0.0,0.0,-1.03,2.43
2023-11-13 04:00:00+01:00,0.0,0.0,0.0,-1.2,2.37
2023-11-13 05:00:00+01:00,0.0,0.0,0.0,-1.4,2.37
2023-11-13 06:00:00+01:00,0.0,0.0,0.0,-1.58,2.36
2023-11-13 07:00:00+01:00,0.0,0.0,0.0,-1.64,2.42
2023-11-13 08:00:00+01:00,26.77,55.69,25.67,-1.74,2.26
2023-11-13 09:00:00+01:00,77.97,176.37,52.05,-1.27,2.23
2023-11-13 10:00:00+01:00,131.6,327.08,67.02,-0.52,2.31
2023-11-13 11:00:00+01:00,66.5,72.09,50.71,0.07,2.3
2023-11-13 12:00:00+01:00,136.4,363.46,62.42,0.52,2.23
2023-11-13 13:00:00+01:00,77.15,210.98,43.8,0.66,2.11
2023-11-13 14:00:00+01:00,34.6,93.31,27.19,0.3,1.71
2023-11-13 15:00:00+01:00,0.0,0.0,0.0,-1.1,1.58
2023-11-13 16:00:00+01:00,0.0,0.0,0.0,-1.9,1.76
2023-11-13 17:00:00+01:00,0.0,0.0,0.0,-2.32,1.89
2023-11-13 18:00:00+01:00,0.0,0.0,0.0,-2.34,1.85
2023-11-13 19:00:00+01:00,0.0,0.0,0.0,-2.12,1.89
2023-11-13 20:00:00+01:00,0.0,0.0,0.0,-2.15,1.96
2023-11-13 21:00:00+01:00,0.0,0.0,0.0,-2.18,1.82
2023-11-13 22:00:00+01:00,0.0,0.0,0.0,-2.13,1.77
2023-11-13 23:00:00+01:00,0.0,0.0,0.0,-1.93,1.76
2023-11-14 00:00:00+01:00,0.0,0.0,0.0,-1.74,1.83
2023-11-14 01:00:00+01:00,0.0,0.0,0.0,-1.58,1.84
2023-11-14 02:00:00+01:00,0.0,0.0,0.0,-1.32,2.03
2023-11-14 03:00:00+01:00,0.0,0.0,0.0,-1.01,2.24
2023-11-14 04:00:00+01:00,0.0,0.0,0.0,-0.82,2.51
2023-11-14 05:00:00+01:00,0.0,0.0,0.0,-0.76,2.55
2023-11-14 06:00:00+01:00,0.0,0.0,0.0,-0.79,2.65
2023-11-14 07:00:00+01:00,0.0,0.0,0.0,-0.73,2.89
2023-11-14 08:00:00+01:00,15.98,66.17,15.39,-0.7,2.88
2023-11-14 09:00:00+01:00,46.17,157.05,33.87,-0.43,2.62
2023-11-14 10:00:00+01:00,75.95,242.49,49.03,0.04,2.55
2023-11-14 11:00:00+01:00,83.05,185.28,51.71,0.49,2.78
2023-11-14 12:00:00+01:00,78.95,194.07,50.23,0.73,2.77
2023-11-14 13:00:00+01:00,61.95,211.47,36.4,0.67,2.8
2023-11-14 14:00:00+01:00,27.62,340.84,20.47,0.31,2.84
2023-11-14 15:00:00+01:00,0.0,0.0,0.0,-0.22,2.91
2023-11-14 16:00:00+01:00,0.0,0.0,0.0,-0.73,2.93
2023-11-14 17:00:00+01:00,0.0,0.0,0.0,-1.21,2.97
2023-11-14 18:00:00+01:00,0.0,0.0,0.0,-1.68,3.01
2023-11-14 19:00:00+01:00,0.0,0.0,0.0,-2.08,3.01
2023-11-14 20:00:00+01:00,0.0,0.0,0.0,-2.37,2.95
2023-11-14 21:00:00+01:00,0.0,0.0,0.0,-2.55,2.85
2023-11-14 22:00:00+01:00,0.0,0.0,0.0,-2.66,2.73
2023-11-14 23:00:00+01:00,0.0,0.0,0.0,-2.74,2.7
2023-11-15 00:00:00+01:00,0.0,0.0,0.0,-2.79,2.68
2023-11-15 01:00:00+01:00,0.0,0.0,0.0,-2.83,2.64
2023-11-15 02:00:00+01:00,0.0,0.0,0.0,-2.87,2.66
2023-11-15 03:00:00+01:00,0.0,0.0,0.0,-2.94,2.7
2023-11-15 04:00:00+01:00,0.0,0.0,0.0,-2.87,2.67
2023-11-15 05:00:00+01:00,0.0,0.0,0.0,-2.75,2.54
2023-11-15 06:00:00+01:00,0.0,0.0,0.0,-2.66,2.5
2023-11-15 07:00:00+01:00,0.0,0.0,0.0,-2.6,2.52
2023-11-15 08:00:00+01:00,14.88,4.23,15.08,-2.48,2.57
2023-11-15 09:00:00+01:00,43.88,15.91,37.79,-2.15,2.59
2023-11-15 10:00:00+01:00,62.95,111.8,52.51,-1.81,2.52
2023-11-15 11:00:00+01:00,85.3,53.47,72.47,-1.53,2.47
2023-11-15 12:00:00+01:00,82.68,88.58,68.68,-1.2,2.47
2023-11-15 13:00:00+01:00,56.3,20.72,48.78,-1.02,2.36
2023-11-15 14:00:00+01:00,24.58,95.36,22.28,-1.17,2.15
2023-11-15 15:00:00+01:00,0.0,0.0,0.0,-1.73,2.02
2023-11-15 16:00:00+01:00,0.0,0.0,0.0,-2.25,2.11
2023-11-15 17:00:00+01:00,0.0,0.0,0.0,-2.57,2.08
2023-11-15 18:00:00+01:00,0.0,0.0,0.0,-2.76,2.02
2023-11-15 19:00:00+01:00,0.0,0.0,0.0,-2.77,2.09
2023-11-15 20:00:00+01:00,0.0,0.0,0.0,-2.84,1.91
2023-11-15 21:00:00+01:00,0.0,0.0,0.0,-2.79,1.97
2023-11-15 22:00:00+01:00,0.0,0.0,0.0,-2.7,1.82
2023-11-15 23:00:00+01:00,0.0,0.0,0.0,-2.71,1.9
2023-11-16 00:00:00+01:00,0.0,0.0,0.0,-2.73,2.12
2023-11-16 01:00:00+01:00,0.0,0.0,0.0,-2.88,1.95
2023-11-16 02:00:00+01:00,0.0,0.0,0.0,-3.07,2.09
2023-11-16 03:00:00+01:00,0.0,0.0,0.0,-3.29,2.05
2023-11-16 04:00:00+01:00,0.0,0.0,0.0,-3.62,2.07
2023-11-16 05:00:00+01:00,0.0,0.0,0.0,-3.93,2.19
2023-11-16 06:00:00+01:00,0.0,0.0,0.0,-4.14,2.1
2023-11-16 07:00:00+01:00,0.0,0.0,0.0,-4.35,2.12
2023-11-16 08:00:00+01:00,14.32,61.59,14.97,-4.42,2.04
2023-11-16 09:00:00+01:00,48.15,115.17,34.7,-3.9,2.12
2023-11-16 10:00:00+01:00,75.62,207.28,48.1,-3.02,2.25
2023-11-16 11:00:00+01:00,84.32,241.18,48.7,-2.19,2.29
2023-11-16 12:00:00+01:00,75.8,229.66,48.24,-1.61,2.26
2023-11-16 13:00:00+01:00,44.88,161.19,31.66,-1.34,2.17
2023-11-16 14:00:00+01:00,19.3,110.93,17.28,-1.45,1.95
2023-11-16 15:00:00+01:00,0.0,0.0,0.0,-2.14,2.0
2023-11-16 16:00:00+01:00,0.0,0.0,0.0,-2.64,2.2
2023-11-16 17:00:00+01:00,0.0,0.0,0.0,-2.97,2.08
2023-11-16 18:00:00+01:00,0.0,0.0,0.0,-3.29,2.0
2023-11-16 19:00:00+01:00,0.0,0.0,0.0,-3.63,1.85
2023-11-16 20:00:00+01:00,0.0,0.0,0.0,-3.85,1.83
2023-11-16 21:00:00+01:00,0.0,0.0,0.0,-3.87,1.84
2023-11-16 22:00:00+01:00,0.0,0.0,0.0,-3.93,1.75
2023-11-16 23:00:00+01:00,0.0,0.0,0.0,-3.96,1.74
2023-11-17 00:00:00+01:00,0.0,0.0,0.0,-4.04,1.8
2023-11-17 01:00:00+01:00,0.0,0.0,0.0,-4.14,1.73
2023-11-17 02:00:00+01:00,0.0,0.0,0.0,-4.31,1.69
2023-11-17 03:00:00+01:00,0.0,0.0,0.0,-4.61,1.62
2023-11-17 04:00:00+01:00,0.0,0.0,0.0,-4.84,1.58
2023-11-17 05:00:00+01:00,0.0,0.0,0.0,-5.09,1.6
2023-11-17 06:00:00+01:00,0.0,0.0,0.0,-5.14,1.61
2023-11-17 07:00:00+01:00,0.0,0.0,0.0,-5.05,1.57
2023-11-17 08:00:00+01:00,20.95,146.79,15.74,-5.04,1.5
2023-11-17 09:00:00+01:00,55.58,210.67,29.08,-4.24,1.41
2023-11-17 10:00:00+01:00,76.07,228.39,39.08,-3.38,1.27
2023-11-17 11:00:00+01:00,72.22,210.55,47.56,-2.31,1.19
2023-11-17 12:00:00+01:00,73.55,180.73,46.56,-1.61,1.14
2023-11-17 13:00:00+01:00,53.15,93.48,40.53,-1.36,1.09
2023-11-17 14:00:00+01:00,27.42,105.42,23.39,-1.88,0.95
2023-11-17 15:00:00+01:00,0.0,0.0,0.0,-3.32,1.29
2023-11-17 16:00:00+01:00,0.0,0.0,0.0,-3.72,1.36
2023-11-17 17:00:00+01:00,0.0,0.0,0.0,-3.61,1.29
2023-11-17 18:00:00+01:00,0.0,0.0,0.0,-3.65,1.31
2023-11-17 19:00:00+01:00,0.0,0.0,0.0,-3.68,1.39
2023-11-17 20:00:00+01:00,0.0,0.0,0.0,-3.77,1.37
2023-11-17 21:00:00+01:00,0.0,0.0,0.0,-3.83,1.32
2023-11-17 22:00:00+01:00,0.0,0.0,0.0,-4.04,1.35
2023-11-17 23:00:00+01:00,0.0,0.0,0.0,-4.42,1.38
2023-11-18 00:00:00+01:00,0.0,0.0,0.0,-4.81,1.44
2023-11-18 01:00:00+01:00,0.0,0.0,0.0,-5.18,1.39
2023-11-18 02:00:00+01:00,0.0,0.0,0.0,-5.65,1.33
2023-11-18 03:00:00+01:00,0.0,0.0,0.0,-6.4,1.43
2023-11-18 04:00:00+01:00,0.0,0.0,0.0,-6.98,1.45
2023-11-18 05:00:00+01:00,0.0,0.0,0.0,-7.58,1.5
2023-11-18 06:00:00+01:00,0.0,0.0,0.0,-8.11,1.51
2023-11-18 07:00:00+01:00,0.0,0.0,0.0,-8.67,1.45
2023-11-18 08:00:00+01:00,17.55,113.17,15.27,-8.99,1.37
2023-11-18 09:00:00+01:00,52.5,140.34,36.36,-7.98,1.3
2023-11-18 10:00:00+01:00,81.82,161.45,54.63,-6.91,1.03
2023-11-18 11:00:00+01:00,92.72,146.0,65.16,-5.91,0.97
2023-11-18 12:00:00+01:00,101.55,238.49,60.33,-5.35,0.97
2023-11-18 13:00:00+01:00,76.53,205.48,44.38,-5.17,0.99
2023-11-18 14:00:00+01:00,35.5,174.73,26.25,-5.72,0.87
2023-11-18 15:00:00+01:00,0.0,0.0,0.0,-7.02,1.23
2023-11-18 16:00:00+01:00,0.0,0.0,0.0,-7.6,1.34
2023-11-18 17:00:00+01:00,0.0,0.0,0.0,-7.72,1.21
2023-11-18 18:00:00+01:00,0.0,0.0,0.0,-7.77,1.03
2023-11-18 19:00:00+01:00,0.0,0.0,0.0,-7.8,0.81
2023-11-18 20:00:00+01:00,0.0,0.0,0.0,-7.86,0.52
2023-11-18 21:00:00+01:00,0.0,0.0,0.0,-8.09,0.3
2023-11-18 22:00:00+01:00,0.0,0.0,0.0,-8.55,0.46
2023-11-18 23:00:00+01:00,0.0,0.0,0.0,-8.79,0.66
2023-11-19 00:00:00+01:00,0.0,0.0,0.0,-9.06,0.7
2023-11-19 01:00:00+01:00,0.0,0.0,0.0,-9.12,0.7
2023-11-19 02:00:00+01:00,0.0,0.0,0.0,-9.1,0.79
2023-11-19 03:00:00+01:00,0.0,0.0,0.0,-8.94,0.83
2023-11-19 04:00:00+01:00,0.0,0.0,0.0,-8.7,0.75
2023-11-19 05:00:00+01:00,0.0,0.0,0.0,-8.61,0.75
2023-11-19 06:00:00+01:00,0.0,0.0,0.0,-8.59,0.84
2023-11-19 07:00:00+01:00,0.0,0.0,0.0,-8.61,0.99
2023-11-19 08:00:00+01:00,13.55,109.42,13.79,-8.54,1.14
2023-11-19 09:00:00+01:00,47.42,187.16,31.36,-8.03,1.24
2023-11-19 10:00:00+01:00,64.07,232.89,39.87,-7.31,1.18
2023-11-19 11:00:00+01:00,88.9,231.85,49.68,-6.53,1.21
2023-11-19 12:00:00+01:00,94.65,255.42,53.08,-5.85,1.24
2023-11-19 13:00:00+01:00,64.15,172.41,39.66,-5.36,1.31
2023-11-19 14:00:00+01:00,22.62,112.08,19.34,-5.29,1.41
2023-11-19 15:00:00+01:00,0.0,0.0,0.0,-5.67,1.43
2023-11-19 16:00:00+01:00,0.0,0.0,0.0,-5.93,1.63
2023-11-19 17:00:00+01:00,0.0,0.0,0.0,-6.14,1.62
2023-11-19 18:00:00+01:00,0.0,0.0,0.0,-6.29,1.58
2023-11-19 19:00:00+01:00,0.0,0.0,0.0,-6.26,1.61
2023-11-19 20:00:00+01:00,0.0,0.0,0.0,-6.14,1.54
2023-11-19 21:00:00+01:00,0.0,0.0,0.0,-6.02,1.41
2023-11-19 22:00:00+01:00,0.0,0.0,0.0,-5.85,1.34
2023-11-19 23:00:00+01:00,0.0,0.0,0.0,-5.64,1.22
2023-11-20 00:00:00+01:00,0.0,0.0,0.0,-5.47,1.15
2023-11-20 01:00:00+01:00,0.0,0.0,0.0,-5.35,1.08
2023-11-20 02:00:00+01:00,0.0,0.0,0.0,-5.3,1.05
2023-11-20 03:00:00+01:00,0.0,0.0,0.0,-5.32,1.1
2023-11-20 04:00:00+01:00,0.0,0.0,0.0,-5.38,1.17
2023-11-20 05:00:00+01:00,0.0,0.0,0.0,-5.37,1.34
2023-11-20 06:00:00+01:00,0.0,0.0,0.0,-5.34,1.46
2023-11-20 07:00:00+01:00,0.0,0.0,0.0,-5.37,1.54
2023-11-20 08:00:00+01:00,9.1,5.39,9.47,-5.28,1.61
2023-11-20 09:00:00+01:00,40.38,59.07,34.78,-4.65,1.61
2023-11-20 10:00:00+01:00,67.97,92.07,53.44,-3.52,1.42
2023-11-20 11:00:00+01:00,83.7,198.62,53.93,-2.46,1.36
2023-11-20 12:00:00+01:00,81.7,198.51,56.34,-1.81,1.45
2023-11-20 13:00:00+01:00,43.42,14.95,36.8,-1.69,1.55
2023-11-20 14:00:00+01:00,19.23,18.93,20.16,-2.29,1.59
2023-11-20 15:00:00+01:00,0.0,0.0,0.0,-3.52,1.81
2023-11-20 16:00:00+01:00,0.0,0.0,0.0,-3.7,2.01
2023-11-20 17:00:00+01:00,0.0,0.0,0.0,-3.57,2.03
2023-11-20 18:00:00+01:00,0.0,0.0,0.0,-3.53,1.9
2023-11-20 19:00:00+01:00,0.0,0.0,0.0,-3.55,1.78
2023-11-20 20:00:00+01:00,0.0,0.0,0.0,-3.52,1.81
2023-11-20 21:00:00+01:00,0.0,0.0,0.0,-3.52,1.84
2023-11-20 22:00:00+01:00,0.0,0.0,0.0,-3.47,1.87
2023-11-20 23:00:00+01:00,0.0,0.0,0.0,-3.34,1.86
2023-11-21 00:00:00+01:00,0.0,0.0,0.0,-3.22,1.88
2023-11-21 01:00:00+01:00,0.0,0.0,0.0,-3.18,1.89
2023-11-21 02:00:00+01:00,0.0,0.0,0.0,-3.3,1.94
2023-11-21 03:00:00+01:00,0.0,0.0,0.0,-3.45,1.92
2023-11-21 04:00:00+01:00,0.0,0.0,0.0,-3.67,1.97
2023-11-21 05:00:00+01:00,0.0,0.0,0.0,-3.99,1.99
2023-11-21 06:00:00+01:00,0.0,0.0,0.0,-4.39,2.15
2023-11-21 07:00:00+01:00,0.0,0.0,0.0,-4.76,2.14
2023-11-21 08:00:00+01:00,7.18,29.86,8.0,-4.93,2.21
2023-11-21 09:00:00+01:00,32.4,103.83,23.54,-4.55,2.07
2023-11-21 10:00:00+01:00,59.03,148.82,39.9,-3.92,2.02
2023-11-21 11:00:00+01:00,68.97,133.19,47.75,-3.16,1.94
2023-11-21 12:00:00+01:00,66.18,139.66,47.23,-2.59,1.88
2023-11-21 13:00:00+01:00,46.65,24.22,40.88,-2.29,1.69
2023-11-21 14:00:00+01:00,18.05,22.34,19.93,-2.7,1.58
2023-11-21 15:00:00+01:00,0.0,0.0,0.0,-3.77,1.68
2023-11-21 16:00:00+01:00,0.0,0.0,0.0,-4.25,1.73
2023-11-21 17:00:00+01:00,0.0,0.0,0.0,-4.81,1.59
2023-11-21 18:00:00+01:00,0.0,0.0,0.0,-5.21,1.48
2023-11-21 19:00:00+01:00,0.0,0.0,0.0,-5.19,1.47
2023-11-21 20:00:00+01:00,0.0,0.0,0.0,-4.83,1.28
2023-11-21 21:00:00+01:00,0.0,0.0,0.0,-4.86,1.09
2023-11-21 22:00:00+01:00,0.0,0.0,0.0,-5.41,1.16
2023-11-21 23:00:00+01:00,0.0,0.0,0.0,-5.79,1.11
2023-11-22 00:00:00+01:00,0.0,0.0,0.0,-5.78,1.22
2023-11-22 01:00:00+01:00,0.0,0.0,0.0,-5.78,1.42
2023-11-22 02:00:00+01:00,0.0,0.0,0.0,-5.81,1.48
2023-11-22 03:00:00+01:00,0.0,0.0,0.0,-6.16,1.53
2023-11-22 04:00:00+01:00,0.0,0.0,0.0,-6.31,1.86
2023-11-22 05:00:00+01:00,0.0,0.0,0.0,-6.26,1.74
2023-11-22 06:00:00+01:00,0.0,0.0,0.0,-6.31,1.96
2023-11-22 07:00:00+01:00,0.0,0.0,0.0,-6.12,2.4
2023-11-22 08:00:00+01:00,8.9,27.34,10.89,-5.79,2.71
2023-11-22 09:00:00+01:00,27.33,57.26,21.77,-5.19,2.81
2023-11-22 10:00:00+01:00,47.97,35.36,39.33,-4.4,3.12
2023-11-22 11:00:00+01:00,43.35,0.0,37.93,-3.55,3.77
2023-11-22 12:00:00+01:00,30.33,0.0,26.75,-2.44,4.44
2023-11-22 13:00:00+01:00,19.12,0.0,17.26,-1.48,5.48
2023-11-22 14:00:00+01:00,7.32,0.0,7.45,-0.74,6.23
2023-11-22 15:00:00+01:00,0.0,0.0,0.0,-0.05,6.53
2023-11-22 16:00:00+01:00,0.0,0.0,0.0,0.53,6.76
2023-11-22 17:00:00+01:00,0.0,0.0,0.0,0.81,6.59
2023-11-22 18:00:00+01:00,0.0,0.0,0.0,1.13,5.99
2023-11-22 19:00:00+01:00,0.0,0.0,0.0,1.51,5.63
2023-11-22 20:00:00+01:00,0.0,0.0,0.0,1.84,4.68
2023-11-22 21:00:00+01:00,0.0,0.0,0.0,2.22,4.24
2023-11-22 22:00:00+01:00,0.0,0.0,0.0,2.58,3.85
2023-11-22 23:00:00+01:00,0.0,0.0,0.0,2.98,3.59
2023-11-23 00:00:00+01:00,0.0,0.0,0.0,3.13,3.26
2023-11-23 01:00:00+01:00,0.0,0.0,0.0,2.93,2.96
2023-11-23 02:00:00+01:00,0.0,0.0,0.0,2.87,3.09
2023-11-23 03:00:00+01:00,0.0,0.0,0.0,2.68,3.11
2023-11-23 04:00:00+01:00,0.0,0.0,0.0,2.42,2.97
2023-11-23 05:00:00+01:00,0.0,0.0,0.0,2.33,3.12
2023-11-23 06:00:00+01:00,0.0,0.0,0.0,2.31,3.21
2023-11-23 07:00:00+01:00,0.0,0.0,0.0,2.37,3.3
2023-11-23 08:00:00+01:00,9.3,52.25,10.15,2.45,3.3
2023-11-23 09:00:00+01:00,45.42,136.77,32.01,2.57,3.26
2023-11-23 10:00:00+01:00,76.68,163.32,47.59,2.8,3.39
2023-11-23 11:00:00+01:00,88.1,172.68,63.63,3.0,3.37
2023-11-23 12:00:00+01:00,58.62,80.37,44.69,3.0,3.33
2023-11-23 13:00:00+01:00,41.65,49.52,35.48,2.81,3.32
2023-11-23 14:00:00+01:00,13.9,42.41,14.75,2.41,3.21
2023-11-23 15:00:00+01:00,0.0,0.0,0.0,1.92,3.06
2023-11-23 16:00:00+01:00,0.0,0.0,0.0,1.24,2.7
2023-11-23 17:00:00+01:00,0.0,0.0,0.0,-0.29,2.24
2023-11-23 18:00:00+01:00,0.0,0.0,0.0,-0.8,2.22
2023-11-23 19:00:00+01:00,0.0,0.0,0.0,-0.88,2.24
2023-11-23 20:00:00+01:00,0.0,0.0,0.0,-0.5,2.46
2023-11-23 21:00:00+01:00,0.0,0.0,0.0,-0.92,2.43
2023-11-23 22:00:00+01:00,0.0,0.0,0.0,-1.26,2.6
2023-11-23 23:00:00+01:00,0.0,0.0,0.0,-1.44,2.76
2023-11-24 00:00:00+01:00,0.0,0.0,0.0,-1.5,3.05
2023-11-24 01:00:00+01:00,0.0,0.0,0.0,-1.62,3.09
2023-11-24 02:00:00+01:00,0.0,0.0,0.0,-1.8,3.08
2023-11-24 03:00:00+01:00,0.0,0.0,0.0,-2.11,3.04
2023-11-24 04:00:00+01:00,0.0,0.0,0.0,-2.52,2.94
2023-11-24 05:00:00+01:00,0.0,0.0,0.0,-2.94,2.85
2023-11-24 06:00:00+01:00,0.0,0.0,0.0,-3.41,2.76
2023-11-24 07:00:00+01:00,0.0,0.0,0.0,-3.91,2.66
2023-11-24 08:00:00+01:00,9.85,73.0,8.89,-4.22,2.58
2023-11-24 09:00:00+01:00,56.35,259.55,33.61,-3.95,2.46
2023-11-24 10:00:00+01:00,90.78,244.44,57.33,-3.27,2.4
2023-11-24 11:00:00+01:00,93.8,128.7,73.73,-2.71,2.65
2023-11-24 12:00:00+01:00,81.22,335.02,39.54,-2.44,3.12
2023-11-24 13:00:00+01:00,52.05,177.55,33.95,-2.41,3.48
2023-11-24 14:00:00+01:00,15.1,70.74,15.75,-2.53,3.48
2023-11-24 15:00:00+01:00,0.0,0.0,0.0,-2.8,3.54
2023-11-24 16:00:00+01:00,0.0,0.0,0.0,-2.92,3.51
2023-11-24 17:00:00+01:00,0.0,0.0,0.0,-2.88,3.35
2023-11-24 18:00:00+01:00,0.0,0.0,0.0,-2.81,2.93
2023-11-24 19:00:00+01:00,0.0,0.0,0.0,-2.89,2.37
2023-11-24 20:00:00+01:00,0.0,0.0,0.0,-2.94,2.27
2023-11-24 21:00:00+01:00,0.0,0.0,0.0,-2.89,2.38
2023-11-24 22:00:00+01:00,0.0,0.0,0.0,-2.9,2.81
2023-11-24 23:00:00+01:00,0.0,0.0,0.0,-3.1,3.16
2023-11-25 00:00:00+01:00,0.0,0.0,0.0,-3.66,3.31
2023-11-25 01:00:00+01:00,0.0,0.0,0.0,-4.16,3.48
2023-11-25 02:00:00+01:00,0.0,0.0,0.0,-4.52,3.47
2023-11-25 03:00:00+01:00,0.0,0.0,0.0,-4.86,3.43
2023-11-25 04:00:00+01:00,0.0,0.0,0.0,-5.32,3.37
2023-11-25 05:00:00+01:00,0.0,0.0,0.0,-5.92,3.3
2023-11-25 06:00:00+01:00,0.0,0.0,0.0,-6.44,3.3
2023-11-25 07:00:00+01:00,0.0,0.0,0.0,-6.76,3.23
2023-11-25 08:00:00+01:00,6.8,57.64,8.12,-7.14,3.14
2023-11-25 09:00:00+01:00,48.2,255.25,25.1,-7.42,3.11
2023-11-25 10:00:00+01:00,91.55,410.6,35.97,-7.42,3.07
2023-11-25 11:00:00+01:00,114.57,465.9,36.98,-7.3,3.1
2023-11-25 12:00:00+01:00,111.1,446.78,35.78,-7.21,3.05
2023-11-25 13:00:00+01:00,68.38,307.76,31.74,-7.3,3.0
2023-11-25 14:00:00+01:00,18.6,119.85,16.72,-7.71,2.86
2023-11-25 15:00:00+01:00,0.0,0.0,0.0,-8.37,2.72
2023-11-25 16:00:00+01:00,0.0,0.0,0.0,-8.72,2.64
2023-11-25 17:00:00+01:00,0.0,0.0,0.0,-8.63,2.51
2023-11-25 18:00:00+01:00,0.0,0.0,0.0,-8.39,2.48
2023-11-25 19:00:00+01:00,0.0,0.0,0.0,-8.11,2.27
2023-11-25 20:00:00+01:00,0.0,0.0,0.0,-7.76,2.22
2023-11-25 21:00:00+01:00,0.0,0.0,0.0,-7.28,2.36
2023-11-25 22:00:00+01:00,0.0,0.0,0.0,-6.99,2.31
2023-11-25 23:00:00+01:00,0.0,0.0,0.0,-7.0,2.26
2023-11-26 00:00:00+01:00,0.0,0.0,0.0,-7.33,2.24
2023-11-26 01:00:00+01:00,0.0,0.0,0.0,-7.73,2.3
2023-11-26 02:00:00+01:00,0.0,0.0,0.0,-7.88,2.33
2023-11-26 03:00:00+01:00,0.0,0.0,0.0,-7.7,2.35
2023-11-26 04:00:00+01:00,0.0,0.0,0.0,-7.35,2.31
2023-11-26 05:00:00+01:00,0.0,0.0,0.0,-7.21,2.25
2023-11-26 06:00:00+01:00,0.0,0.0,0.0,-7.15,2.17
2023-11-26 07:00:00+01:00,0.0,0.0,0.0,-7.11,2.0
2023-11-26 08:00:00+01:00,5.1,48.16,5.69,-7.19,2.0
2023-11-26 09:00:00+01:00,32.5,274.71,19.53,-6.96,2.0
2023-11-26 10:00:00+01:00,52.4,91.02,40.0,-6.25,1.88
2023-11-26 11:00:00+01:00,71.53,239.62,38.66,-5.59,1.84
2023-11-26 12:00:00+01:00,74.47,227.07,38.07,-5.13,1.85
2023-11-26 13:00:00+01:00,45.65,92.92,36.61,-4.91,1.76
2023-11-26 14:00:00+01:00,13.7,139.15,11.77,-5.17,1.7
2023-11-26 15:00:00+01:00,0.0,0.0,0.0,-5.84,1.81
2023-11-26 16:00:00+01:00,0.0,0.0,0.0,-6.25,2.03
2023-11-26 17:00:00+01:00,0.0,0.0,0.0,-6.56,1.9
2023-11-26 18:00:00+01:00,0.0,0.0,0.0,-6.81,2.09
2023-11-26 19:00:00+01:00,0.0,0.0,0.0,-6.95,1.93
2023-11-26 20:00:00+01:00,0.0,0.0,0.0,-7.08,2.07
2023-11-26 21:00:00+01:00,0.0,0.0,0.0,-7.15,1.98
2023-11-26 22:00:00+01:00,0.0,0.0,0.0,-7.27,2.03
2023-11-26 23:00:00+01:00,0.0,0.0,0.0,-6.92,2.12
2023-11-27 00:00:00+01:00,0.0,0.0,0.0,-6.45,2.16
2023-11-27 01:00:00+01:00,0.0,0.0,0.0,-6.11,1.95
2023-11-27 02:00:00+01:00,0.0,0.0,0.0,-5.88,2.02
2023-11-27 03:00:00+01:00,0.0,0.0,0.0,-5.71,2.22
2023-11-27 04:00:00+01:00,0.0,0.0,0.0,-5.43,2.43
2023-11-27 05:00:00+01:00,0.0,0.0,0.0,-5.22,2.55
2023-11-27 06:00:00+01:00,0.0,0.0,0.0,-5.23,2.5
2023-11-27 07:00:00+01:00,0.0,0.0,0.0,-5.68,2.24
2023-11-27 08:00:00+01:00,4.22,34.0,5.1,-6.14,2.42
2023-11-27 09:00:00+01:00,38.88,194.1,23.58,-6.29,2.46
2023-11-27 10:00:00+01:00,79.32,359.54,36.06,-5.99,2.38
2023-11-27 11:00:00+01:00,104.72,394.56,44.81,-5.66,2.32
2023-11-27 12:00:00+01:00,87.9,308.78,43.79,-5.41,2.24
2023-11-27 13:00:00+01:00,54.53,228.49,32.54,-5.42,2.09
2023-11-27 14:00:00+01:00,12.73,64.68,12.66,-5.88,2.12
2023-11-27 15:00:00+01:00,0.0,0.0,0.0,-6.35,1.99
2023-11-27 16:00:00+01:00,0.0,0.0,0.0,-6.54,2.17
2023-11-27 17:00:00+01:00,0.0,0.0,0.0,-6.64,2.27
2023-11-27 18:00:00+01:00,0.0,0.0,0.0,-6.58,2.42
2023-11-27 19:00:00+01:00,0.0,0.0,0.0,-6.84,2.42
2023-11-27 20:00:00+01:00,0.0,0.0,0.0,-7.38,2.53
2023-11-27 21:00:00+01:00,0.0,0.0,0.0,-7.94,2.63
2023-11-27 22:00:00+01:00,0.0,0.0,0.0,-8.41,2.81
2023-11-27 23:00:00+01:00,0.0,0.0,0.0,-8.76,3.03
2023-11-28 00:00:00+01:00,0.0,0.0,0.0,-8.83,3.07
2023-11-28 01:00:00+01:00,0.0,0.0,0.0,-8.87,3.15
2023-11-28 02:00:00+01:00,0.0,0.0,0.0,-8.91,3.23
2023-11-28 03:00:00+01:00,0.0,0.0,0.0,-8.75,3.29
2023-11-28 04:00:00+01:00,0.0,0.0,0.0,-8.4,3.32
2023-11-28 05:00:00+01:00,0.0,0.0,0.0,-7.82,3.36
2023-11-28 06:00:00+01:00,0.0,0.0,0.0,-7.3,3.48
2023-11-28 07:00:00+01:00,0.0,0.0,0.0,-7.17,3.7
2023-11-28 08:00:00+01:00,2.53,3.39,2.86,-7.5,4.0
2023-11-28 09:00:00+01:00,13.07,12.41,12.54,-8.08,4.17
2023-11-28 10:00:00+01:00,24.15,19.45,20.43,-8.6,4.13
2023-11-28 11:00:00+01:00,30.27,41.18,25.36,-8.95,4.03
2023-11-28 12:00:00+01:00,37.58,23.7,31.94,-9.12,3.85
2023-11-28 13:00:00+01:00,28.8,16.6,25.63,-9.21,3.53
2023-11-28 14:00:00+01:00,7.22,21.66,8.4,-9.33,3.19
2023-11-28 15:00:00+01:00,0.0,0.0,0.0,-9.39,2.78
2023-11-28 16:00:00+01:00,0.0,0.0,0.0,-9.32,2.39
2023-11-28 17:00:00+01:00,0.0,0.0,0.0,-9.13,2.07
2023-11-28 18:00:00+01:00,0.0,0.0,0.0,-8.91,1.86
2023-11-28 19:00:00+01:00,0.0,0.0,0.0,-8.55,1.75
2023-11-28 20:00:00+01:00,0.0,0.0,0.0,-8.11,1.63
2023-11-28 21:00:00+01:00,0.0,0.0,0.0,-7.8,1.35
2023-11-28 22:00:00+01:00,0.0,0.0,0.0,-7.54,1.36
2023-11-28 23:00:00+01:00,0.0,0.0,0.0,-7.19,1.52
2023-11-29 00:00:00+01:00,0.0,0.0,0.0,-6.8,1.66
2023-11-29 01:00:00+01:00,0.0,0.0,0.0,-6.26,1.75
2023-11-29 02:00:00+01:00,0.0,0.0,0.0,-5.51,1.93
2023-11-29 03:00:00+01:00,0.0,0.0,0.0,-4.72,2.2
2023-11-29 04:00:00+01:00,0.0,0.0,0.0,-4.2,2.22
2023-11-29 05:00:00+01:00,0.0,0.0,0.0,-3.78,2.19
2023-11-29 06:00:00+01:00,0.0,0.0,0.0,-3.57,2.0
2023-11-29 07:00:00+01:00,0.0,0.0,0.0,-3.7,1.69
2023-11-29 08:00:00+01:00,2.38,6.0,3.22,-3.86,1.67
2023-11-29 09:00:00+01:00,28.17,67.8,25.48,-4.0,1.77
2023-11-29 10:00:00+01:00,63.22,161.73,41.18,-3.86,1.71
2023-11-29 11:00:00+01:00,91.78,322.8,43.75,-3.95,1.6
2023-11-29 12:00:00+01:00,88.72,353.58,41.0,-4.09,1.3
2023-11-29 13:00:00+01:00,53.6,203.8,34.54,-4.55,1.2
2023-11-29 14:00:00+01:00,12.27,67.54,12.55,-6.02,1.41
2023-11-29 15:00:00+01:00,0.0,0.0,0.0,-7.56,1.85
2023-11-29 16:00:00+01:00,0.0,0.0,0.0,-8.18,2.04
2023-11-29 17:00:00+01:00,0.0,0.0,0.0,-8.25,2.04
2023-11-29 18:00:00+01:00,0.0,0.0,0.0,-7.83,1.98
2023-11-29 19:00:00+01:00,0.0,0.0,0.0,-6.76,1.79
2023-11-29 20:00:00+01:00,0.0,0.0,0.0,-5.86,1.57
2023-11-29 21:00:00+01:00,0.0,0.0,0.0,-5.62,1.55
2023-11-29 22:00:00+01:00,0.0,0.0,0.0,-5.45,1.58
2023-11-29 23:00:00+01:00,0.0,0.0,0.0,-5.24,1.64
2023-11-30 00:00:00+01:00,0.0,0.0,0.0,-5.1,1.59
2023-11-30 01:00:00+01:00,0.0,0.0,0.0,-4.9,1.6
2023-11-30 02:00:00+01:00,0.0,0.0,0.0,-4.66,1.68
2023-11-30 03:00:00+01:00,0.0,0.0,0.0,-4.47,1.85
2023-11-30 04:00:00+01:00,0.0,0.0,0.0,-4.29,1.95
2023-11-30 05:00:00+01:00,0.0,0.0,0.0,-4.1,2.04
2023-11-30 06:00:00+01:00,0.0,0.0,0.0,-3.91,2.17
2023-11-30 07:00:00+01:00,0.0,0.0,0.0,-3.72,2.4
2023-11-30 08:00:00+01:00,0.0,0.0,0.0,-3.73,2.29
2023-11-30 09:00:00+01:00,22.4,67.48,20.62,-3.62,2.25
2023-11-30 10:00:00+01:00,39.33,124.82,31.96,-3.3,2.29
2023-11-30 11:00:00+01:00,29.38,29.62,24.95,-2.95,2.33
2023-11-30 12:00:00+01:00,15.5,5.83,13.33,-2.64,2.45
2023-11-30 13:00:00+01:00,17.9,9.22,15.96,-2.52,2.5
2023-11-30 14:00:00+01:00,5.72,8.34,5.93,-2.57,2.6
2023-11-30 15:00:00+01:00,0.0,0.0,0.0,-2.69,2.68
2023-11-30 16:00:00+01:00,0.0,0.0,0.0,-2.78,2.77
2023-11-30 17:00:00+01:00,0.0,0.0,0.0,-2.88,2.84
2023-11-30 18:00:00+01:00,0.0,0.0,0.0,-3.0,2.91
2023-11-30 19:00:00+01:00,0.0,0.0,0.0,-3.15,2.94
2023-11-30 20:00:00+01:00,0.0,0.0,0.0,-3.31,2.91
2023-11-30 21:00:00+01:00,0.0,0.0,0.0,-3.48,2.87
2023-11-30 22:00:00+01:00,0.0,0.0,0.0,-3.64,2.86
2023-11-30 23:00:00+01:00,0.0,0.0,0.0,-3.82,2.85
2023-12-01 00:00:00+01:00,0.0,0.0,0.0,-3.99,2.85
2023-12-01 01:00:00+01:00,0.0,0.0,0.0,-4.15,2.85
2023-12-01 02:00:00+01:00,0.0,0.0,0.0,-4.31,2.84
2023-12-01 03:00:00+01:00,0.0,0.0,0.0,-4.49,2.82
2023-12-01 04:00:00+01:00,0.0,0.0,0.0,-4.65,2.77
2023-12-01 05:00:00+01:00,0.0,0.0,0.0,-4.8,2.74
2023-12-01 06:00:00+01:00,0.0,0.0,0.0,-4.95,2.71
2023-12-01 07:00:00+01:00,0.0,0.0,0.0,-5.1,2.66
2023-12-01 08:00:00+01:00,0.0,0.0,0.0,-5.27,2.62
2023-12-01 09:00:00+01:00,21.27,157.74,18.01,-5.32,2.58
2023-12-01 10:00:00+01:00,34.22,83.52,28.56,-5.14,2.51
2023-12-01 11:00:00+01:00,27.4,29.81,23.09,-4.86,2.41
2023-12-01 12:00:00+01:00,24.27,52.92,16.86,-4.67,2.52
2023-12-01 13:00:00+01:00,24.8,57.96,22.04,-4.75,2.38
2023-12-01 14:00:00+01:00,7.28,14.72,7.5,-5.09,2.41
2023-12-01 15:00:00+01:00,0.0,0.0,0.0,-5.54,2.44
2023-12-01 16:00:00+01:00,0.0,0.0,0.0,-5.86,2.43
2023-12-01 17:00:00+01:00,0.0,0.0,0.0,-6.17,2.36
2023-12-01 18:00:00+01:00,0.0,0.0,0.0,-6.38,2.43
2023-12-01 19:00:00+01:00,0.0,0.0,0.0,-6.55,2.36
2023-12-01 20:00:00+01:00,0.0,0.0,0.0,-6.84,2.32
2023-12-01 21:00:00+01:00,0.0,0.0,0.0,-7.16,2.27
2023-12-01 22:00:00+01:00,0.0,0.0,0.0,-7.57,2.21
2023-12-01 23:00:00+01:00,0.0,0.0,0.0,-7.98,2.24
2023-12-02 00:00:00+01:00,0.0,0.0,0.0,-8.26,2.21
2023-12-02 01:00:00+01:00,0.0,0.0,0.0,-8.51,2.2
2023-12-02 02:00:00+01:00,0.0,0.0,0.0,-8.9,2.13
2023-12-02 03:00:00+01:00,0.0,0.0,0.0,-9.39,2.17
2023-12-02 04:00:00+01:00,0.0,0.0,0.0,-10.06,2.22
2023-12-02 05:00:00+01:00,0.0,0.0,0.0,-10.63,2.15
2023-12-02 06:00:00+01:00,0.0,0.0,0.0,-11.08,2.17
2023-12-02 07:00:00+01:00,0.0,0.0,0.0,-11.37,2.16
2023-12-02 08:00:00+01:00,0.0,0.0,0.0,-11.49,2.15
2023-12-02 09:00:00+01:00,28.27,146.37,23.76,-11.21,1.99
2023-12-02 10:00:00+01:00,55.7,127.12,40.54,-10.0,1.78
2023-12-02 11:00:00+01:00,64.1,127.35,48.75,-8.9,1.83
2023-12-02 12:00:00+01:00,55.62,78.71,41.3,-8.36,1.77
2023-12-02 13:00:00+01:00,34.05,56.71,27.69,-8.21,1.75
2023-12-02 14:00:00+01:00,9.0,31.75,10.65,-8.64,1.72
2023-12-02 15:00:00+01:00,0.0,0.0,0.0,-9.48,1.92
2023-12-02 16:00:00+01:00,0.0,0.0,0.0,-9.66,1.95
2023-12-02 17:00:00+01:00,0.0,0.0,0.0,-9.78,1.92
2023-12-02 18:00:00+01:00,0.0,0.0,0.0,-9.82,1.93
2023-12-02 19:00:00+01:00,0.0,0.0,0.0,-9.95,1.95
2023-12-02 20:00:00+01:00,0.0,0.0,0.0,-9.96,1.99
2023-12-02 21:00:00+01:00,0.0,0.0,0.0,-10.08,2.07
2023-12-02 22:00:00+01:00,0.0,0.0,0.0,-9.75,2.27
2023-12-02 23:00:00+01:00,0.0,0.0,0.0,-9.74,2.2
2023-12-03 00:00:00+01:00,0.0,0.0,0.0,-9.88,2.18
2023-12-03 01:00:00+01:00,0.0,0.0,0.0,-10.07,2.12
2023-12-03 02:00:00+01:00,0.0,0.0,0.0,-10.02,2.3
2023-12-03 03:00:00+01:00,0.0,0.0,0.0,-9.99,2.19
2023-12-03 04:00:00+01:00,0.0,0.0,0.0,-9.98,2.25
2023-12-03 05:00:00+01:00,0.0,0.0,0.0,-10.24,1.97
2023-12-03 06:00:00+01:00,0.0,0.0,0.0,-10.73,2.04
2023-12-03 07:00:00+01:00,0.0,0.0,0.0,-10.78,2.1
2023-12-03 08:00:00+01:00,0.0,0.0,0.0,-10.61,2.04
2023-12-03 09:00:00+01:00,22.6,71.31,21.27,-10.19,2.04
2023-12-03 10:00:00+01:00,41.6,60.82,35.93,-9.21,2.02
2023-12-03 11:00:00+01:00,55.53,57.71,46.49,-8.56,1.99
2023-12-03 12:00:00+01:00,48.15,27.09,41.14,-8.24,1.96
2023-12-03 13:00:00+01:00,35.62,6.88,33.02,-8.1,1.95
2023-12-03 14:00:00+01:00,8.35,3.37,8.91,-8.14,1.86
2023-12-03 15:00:00+01:00,0.0,0.0,0.0,-8.3,1.81
2023-12-03 16:00:00+01:00,0.0,0.0,0.0,-8.45,1.68
2023-12-03 17:00:00+01:00,0.0,0.0,0.0,-8.75,1.62
2023-12-03 18:00:00+01:00,0.0,0.0,0.0,-9.02,1.59
2023-12-03 19:00:00+01:00,0.0,0.0,0.0,-9.34,1.66
2023-12-03 20:00:00+01:00,0.0,0.0,0.0,-9.73,1.83
2023-12-03 21:00:00+01:00,0.0,0.0,0.0,-10.3,1.97
2023-12-03 22:00:00+01:00,0.0,0.0,0.0,-11.07,2.01
2023-12-03 23:00:00+01:00,0.0,0.0,0.0,-12.15,2.11
2023-12-04 00:00:00+01:00,0.0,0.0,0.0,-12.98,2.27
2023-12-04 01:00:00+01:00,0.0,0.0,0.0,-13.37,2.34
2023-12-04 02:00:00+01:00,0.0,0.0,0.0,-13.66,2.32
2023-12-04 03:00:00+01:00,0.0,0.0,0.0,-13.84,2.31
2023-12-04 04:00:00+01:00,0.0,0.0,0.0,-13.65,2.29
2023-12-04 05:00:00+01:00,0.0,0.0,0.0,-13.83,2.22
2023-12-04 06:00:00+01:00,0.0,0.0,0.0,-14.21,2.25
2023-12-04 07:00:00+01:00,0.0,0.0,0.0,-14.31,2.21
2023-12-04 08:00:00+01:00,0.0,0.0,0.0,-14.24,2.17
2023-12-04 09:00:00+01:00,26.95,194.99,19.91,-13.89,2.14
2023-12-04 10:00:00+01:00,54.5,223.28,29.58,-12.85,1.93
2023-12-04 11:00:00+01:00,71.88,271.76,34.45,-11.22,1.47
2023-12-04 12:00:00+01:00,80.7,357.06,33.96,-10.29,1.24
2023-12-04 13:00:00+01:00,49.15,222.6,28.41,-10.44,1.23
2023-12-04 14:00:00+01:00,10.48,64.09,10.39,-11.39,1.6
2023-12-04 15:00:00+01:00,0.0,0.0,0.0,-12.59,1.81
2023-12-04 16:00:00+01:00,0.0,0.0,0.0,-13.13,1.81
2023-12-04 17:00:00+01:00,0.0,0.0,0.0,-13.54,1.76
2023-12-04 18:00:00+01:00,0.0,0.0,0.0,-13.72,1.73
2023-12-04 19:00:00+01:00,0.0,0.0,0.0,-13.43,1.6
2023-12-04 20:00:00+01:00,0.0,0.0,0.0,-13.11,1.42
2023-12-04 21:00:00+01:00,0.0,0.0,0.0,-13.17,1.33
2023-12-04 22:00:00+01:00,0.0,0.0,0.0,-13.1,1.32
2023-12-04 23:00:00+01:00,0.0,0.0,0.0,-12.9,1.33
2023-12-05 00:00:00+01:00,0.0,0.0,0.0,-12.7,1.35
2023-12-05 01:00:00+01:00,0.0,0.0,0.0,-12.59,1.32
2023-12-05 02:00:00+01:00,0.0,0.0,0.0,-12.6,1.32
2023-12-05 03:00:00+01:00,0.0,0.0,0.0,-12.74,1.36
2023-12-05 04:00:00+01:00,0.0,0.0,0.0,-12.88,1.34
2023-12-05 05:00:00+01:00,0.0,0.0,0.0,-13.07,1.34
2023-12-05 06:00:00+01:00,0.0,0.0,0.0,-13.24,1.29
2023-12-05 07:00:00+01:00,0.0,0.0,0.0,-13.3,1.15
2023-12-05 08:00:00+01:00,0.0,0.0,0.0,-13.23,0.97
2023-12-05 09:00:00+01:00,28.25,170.9,21.58,-13.08,0.77
2023-12-05 10:00:00+01:00,56.05,222.02,31.36,-12.64,0.64
2023-12-05 11:00:00+01:00,77.28,282.49,37.44,-11.83,0.66
2023-12-05 12:00:00+01:00,78.62,278.82,43.25,-11.19,0.64
2023-12-05 13:00:00+01:00,47.1,234.63,27.33,-11.11,0.57
2023-12-05 14:00:00+01:00,10.15,63.49,10.19,-11.46,0.59
2023-12-05 15:00:00+01:00,0.0,0.0,0.0,-11.87,0.66
2023-12-05 16:00:00+01:00,0.0,0.0,0.0,-12.06,0.66
2023-12-05 17:00:00+01:00,0.0,0.0,0.0,-12.16,0.62
2023-12-05 18:00:00+01:00,0.0,0.0,0.0,-12.21,0.57
2023-12-05 19:00:00+01:00,0.0,0.0,0.0,-12.31,0.59
2023-12-05 20:00:00+01:00,0.0,0.0,0.0,-12.35,0.61
2023-12-05 21:00:00+01:00,0.0,0.0,0.0,-12.4,0.66
2023-12-05 22:00:00+01:00,0.0,0.0,0.0,-12.41,0.77
2023-12-05 23:00:00+01:00,0.0,0.0,0.0,-12.37,0.87
2023-12-06 00:00:00+01:00,0.0,0.0,0.0,-12.31,0.92
2023-12-06 01:00:00+01:00,0.0,0.0,0.0,-12.32,0.95
2023-12-06 02:00:00+01:00,0.0,0.0,0.0,-12.34,0.91
2023-12-06 03:00:00+01:00,0.0,0.0,0.0,-12.41,0.88
2023-12-06 04:00:00+01:00,0.0,0.0,0.0,-12.53,0.88
2023-12-06 05:00:00+01:00,0.0,0.0,0.0,-12.65,0.88
2023-12-06 06:00:00+01:00,0.0,0.0,0.0,-12.73,0.89
2023-12-06 07:00:00+01:00,0.0,0.0,0.0,-12.85,0.92
2023-12-06 08:00:00+01:00,0.0,0.0,0.0,-12.95,0.95
2023-12-06 09:00:00+01:00,28.73,163.28,21.16,-12.81,0.97
2023-12-06 10:00:00+01:00,59.83,249.7,32.6,-12.08,0.89
2023-12-06 11:00:00+01:00,83.0,334.81,36.0,-11.07,0.74
2023-12-06 12:00:00+01:00,84.82,385.64,35.42,-10.55,0.71
2023-12-06 13:00:00+01:00,44.42,219.85,27.3,-10.4,0.73
2023-12-06 14:00:00+01:00,9.43,71.84,10.1,-10.98,1.07
2023-12-06 15:00:00+01:00,0.0,0.0,0.0,-12.0,1.39
2023-12-06 16:00:00+01:00,0.0,0.0,0.0,-12.7,1.55
2023-12-06 17:00:00+01:00,0.0,0.0,0.0,-13.43,1.65
2023-12-06 18:00:00+01:00,0.0,0.0,0.0,-14.0,1.75
2023-12-06 19:00:00+01:00,0.0,0.0,0.0,-14.14,1.72
2023-12-06 20:00:00+01:00,0.0,0.0,0.0,-13.95,1.72
2023-12-06 21:00:00+01:00,0.0,0.0,0.0,-13.6,1.66
2023-12-06 22:00:00+01:00,0.0,0.0,0.0,-13.15,1.5
2023-12-06 23:00:00+01:00,0.0,0.0,0.0,-12.8,1.49
2023-12-07 00:00:00+01:00,0.0,0.0,0.0,-12.52,1.49
2023-12-07 01:00:00+01:00,0.0,0.0,0.0,-12.1,1.55
2023-12-07 02:00:00+01:00,0.0,0.0,0.0,-11.54,1.58
2023-12-07 03:00:00+01:00,0.0,0.0,0.0,-11.14,1.61
2023-12-07 04:00:00+01:00,0.0,0.0,0.0,-10.78,1.63
2023-12-07 05:00:00+01:00,0.0,0.0,0.0,-10.45,1.59
2023-12-07 06:00:00+01:00,0.0,0.0,0.0,-10.19,1.66
2023-12-07 07:00:00+01:00,0.0,0.0,0.0,-9.94,1.77
2023-12-07 08:00:00+01:00,0.0,0.0,0.0,-9.65,1.83
2023-12-07 09:00:00+01:00,17.62,0.0,17.62,-9.3,1.85
2023-12-07 10:00:00+01:00,24.92,0.0,22.65,-8.82,1.81
2023-12-07 11:00:00+01:00,25.45,0.0,22.24,-8.32,1.74
2023-12-07 12:00:00+01:00,23.73,1.63,21.36,-7.87,1.72
2023-12-07 13:00:00+01:00,26.12,2.6,25.47,-7.52,1.71
2023-12-07 14:00:00+01:00,5.72,0.0,6.13,-7.33,1.69
2023-12-07 15:00:00+01:00,0.0,0.0,0.0,-7.21,1.66
2023-12-07 16:00:00+01:00,0.0,0.0,0.0,-7.01,1.66
2023-12-07 17:00:00+01:00,0.0,0.0,0.0,-6.77,1.68
2023-12-07 18:00:00+01:00,0.0,0.0,0.0,-6.52,1.69
2023-12-07 19:00:00+01:00,0.0,0.0,0.0,-6.23,1.71
2023-12-07 20:00:00+01:00,0.0,0.0,0.0,-5.91,1.72
2023-12-07 21:00:00+01:00,0.0,0.0,0.0,-5.6,1.69
2023-12-07 22:00:00+01:00,0.0,0.0,0.0,-5.31,1.63
2023-12-07 23:00:00+01:00,0.0,0.0,0.0,-5.03,1.59
2023-12-08 00:00:00+01:00,0.0,0.0,0.0,-4.73,1.56
2023-12-08 01:00:00+01:00,0.0,0.0,0.0,-4.44,1.47
2023-12-08 02:00:00+01:00,0.0,0.0,0.0,-4.27,1.38
2023-12-08 03:00:00+01:00,0.0,0.0,0.0,-4.19,1.39
2023-12-08 04:00:00+01:00,0.0,0.0,0.0,-4.04,1.68
2023-12-08 05:00:00+01:00,0.0,0.0,0.0,-3.75,1.65
2023-12-08 06:00:00+01:00,0.0,0.0,0.0,-3.7,1.64
2023-12-08 07:00:00+01:00,0.0,0.0,0.0,-3.88,1.69
2023-12-08 08:00:00+01:00,0.0,0.0,0.0,-4.18,1.89
2023-12-08 09:00:00+01:00,17.02,13.15,18.83,-4.13,1.85
2023-12-08 10:00:00+01:00,34.03,33.99,29.93,-3.0,1.68
2023-12-08 11:00:00+01:00,43.47,58.3,34.94,-2.02,1.84
2023-12-08 12:00:00+01:00,46.8,88.16,37.15,-1.73,1.72
2023-12-08 13:00:00+01:00,30.7,54.65,27.1,-1.61,1.77
2023-12-08 14:00:00+01:00,6.12,7.88,8.08,-1.68,1.78
2023-12-08 15:00:00+01:00,0.0,0.0,0.0,-1.68,1.97
2023-12-08 16:00:00+01:00,0.0,0.0,0.0,-1.68,1.95
2023-12-08 17:00:00+01:00,0.0,0.0,0.0,-1.63,2.01
2023-12-08 18:00:00+01:00,0.0,0.0,0.0,-1.63,1.99
2023-12-08 19:00:00+01:00,0.0,0.0,0.0,-1.59,2.01
2023-12-08 20:00:00+01:00,0.0,0.0,0.0,-1.56,2.03
2023-12-08 21:00:00+01:00,0.0,0.0,0.0,-1.49,2.1
2023-12-08 22:00:00+01:00,0.0,0.0,0.0,-1.47,1.98
2023-12-08 23:00:00+01:00,0.0,0.0,0.0,-1.4,2.0
2023-12-09 00:00:00+01:00,0.0,0.0,0.0,-1.2,2.05
2023-12-09 01:00:00+01:00,0.0,0.0,0.0,-1.19,1.84
2023-12-09 02:00:00+01:00,0.0,0.0,0.0,-1.23,1.82
2023-12-09 03:00:00+01:00,0.0,0.0,0.0,-1.18,1.89
2023-12-09 04:00:00+01:00,0.0,0.0,0.0,-0.85,2.09
2023-12-09 05:00:00+01:00,0.0,0.0,0.0,-0.93,1.97
2023-12-09 06:00:00+01:00,0.0,0.0,0.0,-1.0,2.03
2023-12-09 07:00:00+01:00,0.0,0.0,0.0,-1.14,2.0
2023-12-09 08:00:00+01:00,0.0,0.0,0.0,-1.33,2.0
2023-12-09 09:00:00+01:00,14.55,4.23,14.75,-1.51,1.98
2023-12-09 10:00:00+01:00,31.7,8.77,28.45,-1.53,1.95
2023-12-09 11:00:00+01:00,43.78,1.95,38.19,-1.44,1.95
2023-12-09 12:00:00+01:00,42.17,1.67,38.01,-1.37,1.94
2023-12-09 13:00:00+01:00,22.92,4.02,22.28,-1.43,1.92
2023-12-09 14:00:00+01:00,4.65,0.0,4.98,-1.65,1.97
2023-12-09 15:00:00+01:00,0.0,0.0,0.0,-1.91,2.03
2023-12-09 16:00:00+01:00,0.0,0.0,0.0,-2.13,2.08
2023-12-09 17:00:00+01:00,0.0,0.0,0.0,-2.38,2.15
2023-12-09 18:00:00+01:00,0.0,0.0,0.0,-2.55,2.4
2023-12-09 19:00:00+01:00,0.0,0.0,0.0,-2.7,2.36
2023-12-09 20:00:00+01:00,0.0,0.0,0.0,-2.87,2.43
2023-12-09 21:00:00+01:00,0.0,0.0,0.0,-3.08,2.35
2023-12-09 22:00:00+01:00,0.0,0.0,0.0,-3.28,2.33
2023-12-09 23:00:00+01:00,0.0,0.0,0.0,-3.43,2.34
2023-12-10 00:00:00+01:00,0.0,0.0,0.0,-3.45,2.39
2023-12-10 01:00:00+01:00,0.0,0.0,0.0,-3.49,2.37
2023-12-10 02:00:00+01:00,0.0,0.0,0.0,-3.53,2.4
2023-12-10 03:00:00+01:00,0.0,0.0,0.0,-3.62,2.4
2023-12-10 04:00:00+01:00,0.0,0.0,0.0,-3.74,2.33
2023-12-10 05:00:00+01:00,0.0,0.0,0.0,-4.12,1.99
2023-12-10 06:00:00+01:00,0.0,0.0,0.0,-4.52,1.94
2023-12-10 07:00:00+01:00,0.0,0.0,0.0,-4.72,2.03
2023-12-10 08:00:00+01:00,0.0,0.0,0.0,-4.58,2.15
2023-12-10 09:00:00+01:00,15.65,60.72,16.42,-4.59,2.19
2023-12-10 10:00:00+01:00,32.67,73.45,27.84,-4.38,2.04
2023-12-10 11:00:00+01:00,42.15,75.18,35.93,-4.09,1.92
2023-12-10 12:00:00+01:00,46.7,161.46,35.61,-3.79,1.91
2023-12-10 13:00:00+01:00,28.23,147.08,24.68,-3.6,2.05
2023-12-10 14:00:00+01:00,5.88,29.33,7.17,-3.68,1.92
2023-12-10 15:00:00+01:00,0.0,0.0,0.0,-3.68,2.15
2023-12-10 16:00:00+01:00,0.0,0.0,0.0,-3.7,2.05
2023-12-10 17:00:00+01:00,0.0,0.0,0.0,-3.7,2.03
2023-12-10 18:00:00+01:00,0.0,0.0,0.0,-3.43,2.18
2023-12-10 19:00:00+01:00,0.0,0.0,0.0,-3.24,2.16
2023-12-10 20:00:00+01:00,0.0,0.0,0.0,-3.32,2.07
2023-12-10 21:00:00+01:00,0.0,0.0,0.0,-3.38,2.11
2023-12-10 22:00:00+01:00,0.0,0.0,0.0,-3.43,2.21
2023-12-10 23:00:00+01:00,0.0,0.0,0.0,-3.47,2.26
2023-12-11 00:00:00+01:00,0.0,0.0,0.0,-3.4,2.37
2023-12-11 01:00:00+01:00,0.0,0.0,0.0,-2.78,2.58
2023-12-11 02:00:00+01:00,0.0,0.0,0.0,-2.51,2.57
2023-12-11 03:00:00+01:00,0.0,0.0,0.0,-2.22,2.56
2023-12-11 04:00:00+01:00,0.0,0.0,0.0,-1.94,2.62
2023-12-11 05:00:00+01:00,0.0,0.0,0.0,-1.72,2.61
2023-12-11 06:00:00+01:00,0.0,0.0,0.0,-1.57,2.63
2023-12-11 07:00:00+01:00,0.0,0.0,0.0,-1.47,2.64
2023-12-11 08:00:00+01:00,0.0,0.0,0.0,-1.44,2.65
2023-12-11 09:00:00+01:00,14.95,7.82,15.28,-1.43,2.63
2023-12-11 10:00:00+01:00,32.95,29.28,29.13,-1.31,2.59
2023-12-11 11:00:00+01:00,42.85,41.29,37.51,-1.11,2.55
2023-12-11 12:00:00+01:00,43.6,2.57,39.25,-0.96,2.54
2023-12-11 13:00:00+01:00,29.7,1.38,28.96,-0.94,2.55
2023-12-11 14:00:00+01:00,6.5,4.69,6.93,-1.08,2.64
2023-12-11 15:00:00+01:00,0.0,0.0,0.0,-1.31,2.63
2023-12-11 16:00:00+01:00,0.0,0.0,0.0,-1.53,2.59
2023-12-11 17:00:00+01:00,0.0,0.0,0.0,-1.73,2.55
2023-12-11 18:00:00+01:00,0.0,0.0,0.0,-1.94,2.5
2023-12-11 19:00:00+01:00,0.0,0.0,0.0,-2.19,2.46
2023-12-11 20:00:00+01:00,0.0,0.0,0.0,-2.43,2.52
2023-12-11 21:00:00+01:00,0.0,0.0,0.0,-2.73,2.43
2023-12-11 22:00:00+01:00,0.0,0.0,0.0,-3.06,2.42
2023-12-11 23:00:00+01:00,0.0,0.0,0.0,-3.35,2.42
2023-12-12 00:00:00+01:00,0.0,0.0,0.0,-3.56,2.49
2023-12-12 01:00:00+01:00,0.0,0.0,0.0,-3.88,2.22
2023-12-12 02:00:00+01:00,0.0,0.0,0.0,-4.15,2.18
2023-12-12 03:00:00+01:00,0.0,0.0,0.0,-4.37,2.14
2023-12-12 04:00:00+01:00,0.0,0.0,0.0,-4.53,2.1
2023-12-12 05:00:00+01:00,0.0,0.0,0.0,-4.61,2.16
2023-12-12 06:00:00+01:00,0.0,0.0,0.0,-4.72,2.01
2023-12-12 07:00:00+01:00,0.0,0.0,0.0,-4.98,1.95
2023-12-12 08:00:00+01:00,0.0,0.0,0.0,-5.14,1.96
2023-12-12 09:00:00+01:00,10.85,10.67,12.47,-5.22,2.0
2023-12-12 10:00:00+01:00,26.45,74.44,22.22,-5.09,1.95
2023-12-12 11:00:00+01:00,38.22,122.09,29.43,-4.88,1.86
2023-12-12 12:00:00+01:00,33.35,135.66,26.55,-4.78,1.82
2023-12-12 13:00:00+01:00,24.85,72.73,22.13,-4.83,1.93
2023-12-12 14:00:00+01:00,5.22,14.89,6.92,-4.96,2.12
2023-12-12 15:00:00+01:00,0.0,0.0,0.0,-5.3,2.03
2023-12-12 16:00:00+01:00,0.0,0.0,0.0,-5.52,1.97
2023-12-12 17:00:00+01:00,0.0,0.0,0.0,-5.66,1.94
2023-12-12 18:00:00+01:00,0.0,0.0,0.0,-5.95,1.95
2023-12-12 19:00:00+01:00,0.0,0.0,0.0,-6.01,2.02
2023-12-12 20:00:00+01:00,0.0,0.0,0.0,-6.35,1.9
2023-12-12 21:00:00+01:00,0.0,0.0,0.0,-6.51,1.97
2023-12-12 22:00:00+01:00,0.0,0.0,0.0,-6.61,2.06
2023-12-12 23:00:00+01:00,0.0,0.0,0.0,-6.68,2.04
2023-12-13 00:00:00+01:00,0.0,0.0,0.0,-6.72,2.14
2023-12-13 01:00:00+01:00,0.0,0.0,0.0,-6.94,2.08
2023-12-13 02:00:00+01:00,0.0,0.0,0.0,-7.23,2.04
2023-12-13 03:00:00+01:00,0.0,0.0,0.0,-7.47,2.13
2023-12-13 04:00:00+01:00,0.0,0.0,0.0,-7.72,2.06
2023-12-13 05:00:00+01:00,0.0,0.0,0.0,-7.77,2.27
2023-12-13 06:00:00+01:00,0.0,0.0,0.0,-8.05,2.28
2023-12-13 07:00:00+01:00,0.0,0.0,0.0,-8.11,2.26
2023-12-13 08:00:00+01:00,0.0,0.0,0.0,-8.27,2.17
2023-12-13 09:00:00+01:00,14.62,76.06,14.89,-8.14,2.43
2023-12-13 10:00:00+01:00,32.1,108.65,24.14,-7.56,2.4
2023-12-13 11:00:00+01:00,39.72,226.68,29.66,-7.13,2.26
2023-12-13 12:00:00+01:00,42.72,336.79,31.12,-6.86,2.22
2023-12-13 13:00:00+01:00,26.98,251.82,21.96,-7.0,2.0
2023-12-13 14:00:00+01:00,5.6,32.27,6.63,-7.67,1.95
2023-12-13 15:00:00+01:00,0.0,0.0,0.0,-8.49,2.13
2023-12-13 16:00:00+01:00,0.0,0.0,0.0,-8.91,2.22
2023-12-13 17:00:00+01:00,0.0,0.0,0.0,-9.55,2.12
2023-12-13 18:00:00+01:00,0.0,0.0,0.0,-10.01,2.17
2023-12-13 19:00:00+01:00,0.0,0.0,0.0,-10.06,2.31
2023-12-13 20:00:00+01:00,0.0,0.0,0.0,-10.16,2.29
2023-12-13 21:00:00+01:00,0.0,0.0,0.0,-10.31,2.27
2023-12-13 22:00:00+01:00,0.0,0.0,0.0,-10.78,2.15
2023-12-13 23:00:00+01:00,0.0,0.0,0.0,-11.69,2.0
2023-12-14 00:00:00+01:00,0.0,0.0,0.0,-13.07,1.8
2023-12-14 01:00:00+01:00,0.0,0.0,0.0,-15.03,1.67
2023-12-14 02:00:00+01:00,0.0,0.0,0.0,-16.49,1.67
2023-12-14 03:00:00+01:00,0.0,0.0,0.0,-17.3,1.62
2023-12-14 04:00:00+01:00,0.0,0.0,0.0,-17.78,1.54
2023-12-14 05:00:00+01:00,0.0,0.0,0.0,-17.9,1.67
2023-12-14 06:00:00+01:00,0.0,0.0,0.0,-18.54,1.49
2023-12-14 07:00:00+01:00,0.0,0.0,0.0,-19.33,1.41
2023-12-14 08:00:00+01:00,0.0,0.0,0.0,-20.09,1.38
2023-12-14 09:00:00+01:00,10.77,0.0,11.09,-20.65,1.38
2023-12-14 10:00:00+01:00,28.3,0.0,26.32,-20.27,1.21
2023-12-14 11:00:00+01:00,38.5,3.34,34.63,-18.96,1.1
2023-12-14 12:00:00+01:00,41.62,373.46,29.35,-17.74,1.05
2023-12-14 13:00:00+01:00,25.05,191.48,21.15,-17.34,0.97
2023-12-14 14:00:00+01:00,4.75,33.41,5.04,-18.77,1.4
2023-12-14 15:00:00+01:00,0.0,0.0,0.0,-20.64,2.16
2023-12-14 16:00:00+01:00,0.0,0.0,0.0,-21.44,2.4
2023-12-14 17:00:00+01:00,0.0,0.0,0.0,-21.67,2.6
2023-12-14 18:00:00+01:00,0.0,0.0,0.0,-21.5,2.59
2023-12-14 19:00:00+01:00,0.0,0.0,0.0,-20.88,2.46
2023-12-14 20:00:00+01:00,0.0,0.0,0.0,-19.98,2.27
2023-12-14 21:00:00+01:00,0.0,0.0,0.0,-18.91,2.06
2023-12-14 22:00:00+01:00,0.0,0.0,0.0,-18.68,2.05
2023-12-14 23:00:00+01:00,0.0,0.0,0.0,-18.81,2.04
2023-12-15 00:00:00+01:00,0.0,0.0,0.0,-18.45,2.01
2023-12-15 01:00:00+01:00,0.0,0.0,0.0,-17.9,1.93
2023-12-15 02:00:00+01:00,0.0,0.0,0.0,-17.35,1.86
2023-12-15 03:00:00+01:00,0.0,0.0,0.0,-16.99,1.91
2023-12-15 04:00:00+01:00,0.0,0.0,0.0,-16.38,1.61
2023-12-15 05:00:00+01:00,0.0,0.0,0.0,-14.87,1.59
2023-12-15 06:00:00+01:00,0.0,0.0,0.0,-13.09,1.83
2023-12-15 07:00:00+01:00,0.0,0.0,0.0,-11.61,1.88
2023-12-15 08:00:00+01:00,0.0,0.0,0.0,-10.66,1.75
2023-12-15 09:00:00+01:00,13.6,138.83,12.44,-9.38,1.84
2023-12-15 10:00:00+01:00,33.35,273.7,23.32,-7.8,1.63
2023-12-15 11:00:00+01:00,41.15,19.37,36.61,-6.37,1.41
2023-12-15 12:00:00+01:00,47.1,113.4,37.54,-5.08,1.27
2023-12-15 13:00:00+01:00,30.35,105.95,27.91,-4.3,1.3
2023-12-15 14:00:00+01:00,6.55,19.31,8.47,-4.27,1.58
2023-12-15 15:00:00+01:00,0.0,0.0,0.0,-4.7,1.95
2023-12-15 16:00:00+01:00,0.0,0.0,0.0,-5.01,2.11
2023-12-15 17:00:00+01:00,0.0,0.0,0.0,-4.88,2.05
2023-12-15 18:00:00+01:00,0.0,0.0,0.0,-3.58,2.0
2023-12-15 19:00:00+01:00,0.0,0.0,0.0,-2.59,2.01
2023-12-15 20:00:00+01:00,0.0,0.0,0.0,-2.14,1.98
2023-12-15 21:00:00+01:00,0.0,0.0,0.0,-2.13,1.94
2023-12-15 22:00:00+01:00,0.0,0.0,0.0,-2.38,2.03
2023-12-15 23:00:00+01:00,0.0,0.0,0.0,-2.65,1.98
2023-12-16 00:00:00+01:00,0.0,0.0,0.0,-2.95,1.99
2023-12-16 01:00:00+01:00,0.0,0.0,0.0,-3.24,1.95
2023-12-16 02:00:00+01:00,0.0,0.0,0.0,-3.38,1.93
2023-12-16 03:00:00+01:00,0.0,0.0,0.0,-3.32,1.94
2023-12-16 04:00:00+01:00,0.0,0.0,0.0,-2.98,1.87
2023-12-16 05:00:00+01:00,0.0,0.0,0.0,-2.43,1.97
2023-12-16 06:00:00+01:00,0.0,0.0,0.0,-1.79,2.12
2023-12-16 07:00:00+01:00,0.0,0.0,0.0,-0.97,2.27
2023-12-16 08:00:00+01:00,0.0,0.0,0.0,-0.34,2.65
2023-12-16 09:00:00+01:00,14.55,2.38,14.94,-0.12,2.63
2023-12-16 10:00:00+01:00,28.3,2.72,26.28,-0.02,2.54
2023-12-16 11:00:00+01:00,35.62,1.7,32.1,0.07,2.76
2023-12-16 12:00:00+01:00,33.83,0.0,30.73,0.09,2.99
2023-12-16 13:00:00+01:00,19.0,4.39,18.77,0.11,3.1
2023-12-16 14:00:00+01:00,3.28,2.43,3.72,0.15,3.21
2023-12-16 15:00:00+01:00,0.0,0.0,0.0,0.21,3.34
2023-12-16 16:00:00+01:00,0.0,0.0,0.0,0.29,3.57
2023-12-16 17:00:00+01:00,0.0,0.0,0.0,0.4,3.71
2023-12-16 18:00:00+01:00,0.0,0.0,0.0,0.54,3.88
2023-12-16 19:00:00+01:00,0.0,0.0,0.0,0.77,4.0
2023-12-16 20:00:00+01:00,0.0,0.0,0.0,1.07,3.83
2023-12-16 21:00:00+01:00,0.0,0.0,0.0,2.0,4.82
2023-12-16 22:00:00+01:00,0.0,0.0,0.0,2.47,4.78
2023-12-16 23:00:00+01:00,0.0,0.0,0.0,2.2,3.57
2023-12-17 00:00:00+01:00,0.0,0.0,0.0,1.75,3.01
2023-12-17 01:00:00+01:00,0.0,0.0,0.0,1.17,2.51
2023-12-17 02:00:00+01:00,0.0,0.0,0.0,0.83,2.43
2023-12-17 03:00:00+01:00,0.0,0.0,0.0,0.48,2.15
2023-12-17 04:00:00+01:00,0.0,0.0,0.0,0.12,1.88
2023-12-17 05:00:00+01:00,0.0,0.0,0.0,-0.16,1.85
2023-12-17 06:00:00+01:00,0.0,0.0,0.0,-0.39,1.89
2023-12-17 07:00:00+01:00,0.0,0.0,0.0,-0.53,1.8
2023-12-17 08:00:00+01:00,0.0,0.0,0.0,-0.56,1.83
2023-12-17 09:00:00+01:00,12.68,20.5,14.86,-0.48,1.92
2023-12-17 10:00:00+01:00,37.28,2.75,34.62,-0.14,1.91
2023-12-17 11:00:00+01:00,46.25,0.85,41.71,0.26,1.82
2023-12-17 12:00:00+01:00,45.42,0.0,41.27,0.67,1.92
2023-12-17 13:00:00+01:00,27.75,0.0,27.52,0.96,2.11
2023-12-17 14:00:00+01:00,5.18,2.44,5.9,1.28,2.3
2023-12-17 15:00:00+01:00,0.0,0.0,0.0,1.68,2.45
2023-12-17 16:00:00+01:00,0.0,0.0,0.0,2.12,2.57
2023-12-17 17:00:00+01:00,0.0,0.0,0.0,2.45,2.62
2023-12-17 18:00:00+01:00,0.0,0.0,0.0,2.67,2.6
2023-12-17 19:00:00+01:00,0.0,0.0,0.0,2.7,2.46
2023-12-17 20:00:00+01:00,0.0,0.0,0.0,2.61,2.44
2023-12-17 21:00:00+01:00,0.0,0.0,0.0,2.67,2.45
2023-12-17 22:00:00+01:00,0.0,0.0,0.0,2.72,2.47
2023-12-17 23:00:00+01:00,0.0,0.0,0.0,2.82,2.52
2023-12-18 00:00:00+01:00,0.0,0.0,0.0,2.92,2.56
2023-12-18 01:00:00+01:00,0.0,0.0,0.0,3.04,2.6
2023-12-18 02:00:00+01:00,0.0,0.0,0.0,3.16,2.63
2023-12-18 03:00:00+01:00,0.0,0.0,0.0,3.28,2.69
2023-12-18 04:00:00+01:00,0.0,0.0,0.0,3.48,2.8
2023-12-18 05:00:00+01:00,0.0,0.0,0.0,3.49,2.76
2023-12-18 06:00:00+01:00,0.0,0.0,0.0,3.41,2.66
2023-12-18 07:00:00+01:00,0.0,0.0,0.0,3.28,2.55
2023-12-18 08:00:00+01:00,0.0,0.0,0.0,3.17,2.47
2023-12-18 09:00:00+01:00,14.95,127.74,11.33,3.14,2.47
2023-12-18 10:00:00+01:00,43.25,242.02,23.23,3.21,2.46
2023-12-18 11:00:00+01:00,56.0,282.37,24.94,3.32,2.42
2023-12-18 12:00:00+01:00,55.47,274.87,29.28,3.37,2.38
2023-12-18 13:00:00+01:00,35.88,203.7,23.45,3.23,2.29
2023-12-18 14:00:00+01:00,6.7,36.78,8.73,3.0,2.22
2023-12-18 15:00:00+01:00,0.0,0.0,0.0,2.89,2.22
2023-12-18 16:00:00+01:00,0.0,0.0,0.0,2.91,2.24
2023-12-18 17:00:00+01:00,0.0,0.0,0.0,2.98,2.25
2023-12-18 18:00:00+01:00,0.0,0.0,0.0,3.12,2.33
2023-12-18 19:00:00+01:00,0.0,0.0,0.0,3.29,2.46
2023-12-18 20:00:00+01:00,0.0,0.0,0.0,3.48,2.67
2023-12-18 21:00:00+01:00,0.0,0.0,0.0,3.68,2.81
2023-12-18 22:00:00+01:00,0.0,0.0,0.0,3.78,2.85
2023-12-18 23:00:00+01:00,0.0,0.0,0.0,3.84,2.99
2023-12-19 00:00:00+01:00,0.0,0.0,0.0,4.0,3.21
2023-12-19 01:00:00+01:00,0.0,0.0,0.0,4.35,3.7
2023-12-19 02:00:00+01:00,0.0,0.0,0.0,5.15,4.88
2023-12-19 03:00:00+01:00,0.0,0.0,0.0,5.49,5.17
2023-12-19 04:00:00+01:00,0.0,0.0,0.0,5.44,5.43
2023-12-19 05:00:00+01:00,0.0,0.0,0.0,4.85,5.23
2023-12-19 06:00:00+01:00,0.0,0.0,0.0,3.89,4.99
2023-12-19 07:00:00+01:00,0.0,0.0,0.0,3.03,4.68
2023-12-19 08:00:00+01:00,0.0,0.0,0.0,2.59,4.72
2023-12-19 09:00:00+01:00,18.7,164.86,12.86,2.59,4.88
2023-12-19 10:00:00+01:00,64.85,404.41,22.7,2.88,4.69
2023-12-19 11:00:00+01:00,98.22,533.75,24.72,3.08,4.43
2023-12-19 12:00:00+01:00,84.6,445.69,28.32,3.11,4.21
2023-12-19 13:00:00+01:00,47.95,287.85,24.23,2.82,3.85
2023-12-19 14:00:00+01:00,7.68,48.85,9.51,2.23,3.6
2023-12-19 15:00:00+01:00,0.0,0.0,0.0,1.65,3.35
2023-12-19 16:00:00+01:00,0.0,0.0,0.0,1.2,3.17
2023-12-19 17:00:00+01:00,0.0,0.0,0.0,0.54,2.82
2023-12-19 18:00:00+01:00,0.0,0.0,0.0,0.22,2.88
2023-12-19 19:00:00+01:00,0.0,0.0,0.0,0.18,2.89
2023-12-19 20:00:00+01:00,0.0,0.0,0.0,0.16,2.63
2023-12-19 21:00:00+01:00,0.0,0.0,0.0,0.21,2.39
2023-12-19 22:00:00+01:00,0.0,0.0,0.0,0.36,2.28
2023-12-19 23:00:00+01:00,0.0,0.0,0.0,0.34,2.06
2023-12-20 00:00:00+01:00,0.0,0.0,0.0,0.24,1.99
2023-12-20 01:00:00+01:00,0.0,0.0,0.0,0.08,1.88
2023-12-20 02:00:00+01:00,0.0,0.0,0.0,-0.06,1.65
2023-12-20 03:00:00+01:00,0.0,0.0,0.0,-0.17,1.36
2023-12-20 04:00:00+01:00,0.0,0.0,0.0,-0.25,1.04
2023-12-20 05:00:00+01:00,0.0,0.0,0.0,-0.27,0.93
2023-12-20 06:00:00+01:00,0.0,0.0,0.0,-0.14,1.12
2023-12-20 07:00:00+01:00,0.0,0.0,0.0,0.16,1.39
2023-12-20 08:00:00+01:00,0.0,0.0,0.0,0.36,1.42
2023-12-20 09:00:00+01:00,12.07,10.12,12.57,0.46,1.68
2023-12-20 10:00:00+01:00,30.27,8.47,28.02,0.66,1.67
2023-12-20 11:00:00+01:00,36.03,0.0,32.73,0.83,1.59
2023-12-20 12:00:00+01:00,35.58,25.17,31.43,0.43,1.36
2023-12-20 13:00:00+01:00,25.12,30.72,24.97,0.18,1.06
2023-12-20 14:00:00+01:00,5.7,8.54,7.71,-0.02,0.95
2023-12-20 15:00:00+01:00,0.0,0.0,0.0,-0.06,1.04
2023-12-20 16:00:00+01:00,0.0,0.0,0.0,-0.23,1.0
2023-12-20 17:00:00+01:00,0.0,0.0,0.0,-0.51,1.12
2023-12-20 18:00:00+01:00,0.0,0.0,0.0,-0.89,1.33
2023-12-20 19:00:00+01:00,0.0,0.0,0.0,-1.07,1.44
2023-12-20 20:00:00+01:00,0.0,0.0,0.0,-1.16,1.79
2023-12-20 21:00:00+01:00,0.0,0.0,0.0,-1.28,1.89
2023-12-20 22:00:00+01:00,0.0,0.0,0.0,-1.66,1.75
2023-12-20 23:00:00+01:00,0.0,0.0,0.0,-2.14,1.5
2023-12-21 00:00:00+01:00,0.0,0.0,0.0,-2.44,1.5
2023-12-21 01:00:00+01:00,0.0,0.0,0.0,-2.85,1.42
2023-12-21 02:00:00+01:00,0.0,0.0,0.0,-3.22,1.55
2023-12-21 03:00:00+01:00,0.0,0.0,0.0,-3.5,1.7
2023-12-21 04:00:00+01:00,0.0,0.0,0.0,-3.56,1.35
2023-12-21 05:00:00+01:00,0.0,0.0,0.0,-3.57,0.68
2023-12-21 06:00:00+01:00,0.0,0.0,0.0,-3.87,1.03
2023-12-21 07:00:00+01:00,0.0,0.0,0.0,-3.99,1.15
2023-12-21 08:00:00+01:00,0.0,0.0,0.0,-4.06,1.28
2023-12-21 09:00:00+01:00,13.75,56.32,15.51,-4.13,1.78
2023-12-21 10:00:00+01:00,32.83,0.0,30.53,-3.78,2.19
2023-12-21 11:00:00+01:00,52.78,7.91,47.77,-3.22,2.39
2023-12-21 12:00:00+01:00,53.7,1.02,48.79,-2.82,2.6
2023-12-21 13:00:00+01:00,34.38,0.0,34.06,-2.48,2.94
2023-12-21 14:00:00+01:00,6.88,0.0,7.87,-2.16,3.31
2023-12-21 15:00:00+01:00,0.0,0.0,0.0,-1.8,3.53
2023-12-21 16:00:00+01:00,0.0,0.0,0.0,-1.39,3.67
2023-12-21 17:00:00+01:00,0.0,0.0,0.0,-0.99,3.72
2023-12-21 18:00:00+01:00,0.0,0.0,0.0,-0.65,3.67
2023-12-21 19:00:00+01:00,0.0,0.0,0.0,-0.38,3.67
2023-12-21 20:00:00+01:00,0.0,0.0,0.0,-0.2,3.69
2023-12-21 21:00:00+01:00,0.0,0.0,0.0,-0.07,3.75
2023-12-21 22:00:00+01:00,0.0,0.0,0.0,0.02,3.84
2023-12-21 23:00:00+01:00,0.0,0.0,0.0,0.06,3.99
2023-12-22 00:00:00+01:00,0.0,0.0,0.0,0.08,4.14
2023-12-22 01:00:00+01:00,0.0,0.0,0.0,0.09,4.33
2023-12-22 02:00:00+01:00,0.0,0.0,0.0,0.08,4.59
2023-12-22 03:00:00+01:00,0.0,0.0,0.0,0.03,4.85
2023-12-22 04:00:00+01:00,0.0,0.0,0.0,-0.06,4.99
2023-12-22 05:00:00+01:00,0.0,0.0,0.0,-0.18,4.94
2023-12-22 06:00:00+01:00,0.0,0.0,0.0,-0.29,4.87
2023-12-22 07:00:00+01:00,0.0,0.0,0.0,-0.4,4.66
2023-12-22 08:00:00+01:00,0.0,0.0,0.0,-0.5,4.41
2023-12-22 09:00:00+01:00,9.93,6.59,11.76,-0.6,4.3
2023-12-22 10:00:00+01:00,28.42,2.85,26.39,-0.63,4.24
2023-12-22 11:00:00+01:00,37.28,17.81,33.46,-0.67,4.2
2023-12-22 12:00:00+01:00,37.12,13.31,33.44,-0.75,4.2
2023-12-22 13:00:00+01:00,26.92,18.57,26.13,-0.88,4.17
2023-12-22 14:00:00+01:00,5.65,6.16,7.67,-1.09,4.16
2023-12-22 15:00:00+01:00,0.0,0.0,0.0,-1.3,4.18
2023-12-22 16:00:00+01:00,0.0,0.0,0.0,-1.46,4.22
2023-12-22 17:00:00+01:00,0.0,0.0,0.0,-1.6,4.21
2023-12-22 18:00:00+01:00,0.0,0.0,0.0,-1.74,4.25
2023-12-22 19:00:00+01:00,0.0,0.0,0.0,-1.88,4.27
2023-12-22 20:00:00+01:00,0.0,0.0,0.0,-2.0,4.29
2023-12-22 21:00:00+01:00,0.0,0.0,0.0,-2.13,4.32
2023-12-22 22:00:00+01:00,0.0,0.0,0.0,-2.25,4.36
2023-12-22 23:00:00+01:00,0.0,0.0,0.0,-2.45,4.38
2023-12-23 00:00:00+01:00,0.0,0.0,0.0,-2.8,4.38
2023-12-23 01:00:00+01:00,0.0,0.0,0.0,-3.22,4.31
2023-12-23 02:00:00+01:00,0.0,0.0,0.0,-3.65,4.15
2023-12-23 03:00:00+01:00,0.0,0.0,0.0,-4.05,3.98
2023-12-23 04:00:00+01:00,0.0,0.0,0.0,-4.46,3.8
2023-12-23 05:00:00+01:00,0.0,0.0,0.0,-4.9,3.63
2023-12-23 06:00:00+01:00,0.0,0.0,0.0,-5.29,3.45
2023-12-23 07:00:00+01:00,0.0,0.0,0.0,-5.65,3.26
2023-12-23 08:00:00+01:00,0.0,0.0,0.0,-5.98,3.07
2023-12-23 09:00:00+01:00,10.73,5.33,11.2,-6.26,2.96
2023-12-23 10:00:00+01:00,32.1,18.58,29.53,-6.34,2.97
2023-12-23 11:00:00+01:00,45.15,28.69,40.39,-6.24,3.0
2023-12-23 12:00:00+01:00,40.72,59.03,34.5,-6.12,3.02
2023-12-23 13:00:00+01:00,23.48,60.76,21.33,-6.07,2.98
2023-12-23 14:00:00+01:00,5.15,10.16,6.43,-6.15,2.87
2023-12-23 15:00:00+01:00,0.0,0.0,0.0,-6.25,2.8
2023-12-23 16:00:00+01:00,0.0,0.0,0.0,-6.35,2.72
2023-12-23 17:00:00+01:00,0.0,0.0,0.0,-6.6,2.61
2023-12-23 18:00:00+01:00,0.0,0.0,0.0,-6.93,2.61
2023-12-23 19:00:00+01:00,0.0,0.0,0.0,-7.29,2.65
2023-12-23 20:00:00+01:00,0.0,0.0,0.0,-7.79,2.48
2023-12-23 21:00:00+01:00,0.0,0.0,0.0,-8.39,2.38
2023-12-23 22:00:00+01:00,0.0,0.0,0.0,-9.01,2.22
2023-12-23 23:00:00+01:00,0.0,0.0,0.0,-10.35,2.14
2023-12-24 00:00:00+01:00,0.0,0.0,0.0,-11.57,2.34
2023-12-24 01:00:00+01:00,0.0,0.0,0.0,-12.4,2.4
2023-12-24 02:00:00+01:00,0.0,0.0,0.0,-13.16,2.43
2023-12-24 03:00:00+01:00,0.0,0.0,0.0,-13.78,2.46
2023-12-24 04:00:00+01:00,0.0,0.0,0.0,-14.28,2.46
2023-12-24 05:00:00+01:00,0.0,0.0,0.0,-14.88,2.42
2023-12-24 06:00:00+01:00,0.0,0.0,0.0,-15.24,2.19
2023-12-24 07:00:00+01:00,0.0,0.0,0.0,-15.68,2.18
2023-12-24 08:00:00+01:00,0.0,0.0,0.0,-16.22,2.35
2023-12-24 09:00:00+01:00,14.75,130.48,11.48,-16.57,2.43
2023-12-24 10:00:00+01:00,54.2,343.61,24.35,-15.42,2.24
2023-12-24 11:00:00+01:00,82.12,435.96,27.86,-13.4,1.79
2023-12-24 12:00:00+01:00,77.35,398.09,32.45,-12.25,1.46
2023-12-24 13:00:00+01:00,47.33,242.16,30.07,-11.45,1.06
2023-12-24 14:00:00+01:00,8.5,78.34,8.78,-11.72,1.27
2023-12-24 15:00:00+01:00,0.0,0.0,0.0,-12.32,1.52
2023-12-24 16:00:00+01:00,0.0,0.0,0.0,-12.1,1.58
2023-12-24 17:00:00+01:00,0.0,0.0,0.0,-11.18,1.84
2023-12-24 18:00:00+01:00,0.0,0.0,0.0,-10.58,2.08
2023-12-24 19:00:00+01:00,0.0,0.0,0.0,-10.25,2.33
2023-12-24 20:00:00+01:00,0.0,0.0,0.0,-9.95,2.41
2023-12-24 21:00:00+01:00,0.0,0.0,0.0,-9.65,2.34
2023-12-24 22:00:00+01:00,0.0,0.0,0.0,-9.39,2.28
2023-12-24 23:00:00+01:00,0.0,0.0,0.0,-9.29,2.14
2023-12-25 00:00:00+01:00,0.0,0.0,0.0,-9.28,1.97
2023-12-25 01:00:00+01:00,0.0,0.0,0.0,-9.08,1.66
2023-12-25 02:00:00+01:00,0.0,0.0,0.0,-8.97,1.46
2023-12-25 03:00:00+01:00,0.0,0.0,0.0,-9.06,1.52
2023-12-25 04:00:00+01:00,0.0,0.0,0.0,-9.15,1.59
2023-12-25 05:00:00+01:00,0.0,0.0,0.0,-9.05,1.68
2023-12-25 06:00:00+01:00,0.0,0.0,0.0,-8.73,1.74
2023-12-25 07:00:00+01:00,0.0,0.0,0.0,-8.29,1.7
2023-12-25 08:00:00+01:00,0.0,0.0,0.0,-7.68,1.55
2023-12-25 09:00:00+01:00,9.43,72.98,10.15,-6.77,1.44
2023-12-25 10:00:00+01:00,32.25,160.89,24.85,-5.46,1.33
2023-12-25 11:00:00+01:00,41.85,133.63,31.28,-4.0,1.15
2023-12-25 12:00:00+01:00,41.03,108.53,31.03,-3.18,0.99
2023-12-25 13:00:00+01:00,26.75,80.71,23.84,-3.2,1.06
2023-12-25 14:00:00+01:00,6.4,20.02,7.57,-3.85,1.16
2023-12-25 15:00:00+01:00,0.0,0.0,0.0,-4.37,1.3
2023-12-25 16:00:00+01:00,0.0,0.0,0.0,-4.29,1.34
2023-12-25 17:00:00+01:00,0.0,0.0,0.0,-4.47,1.29
2023-12-25 18:00:00+01:00,0.0,0.0,0.0,-5.09,1.33
2023-12-25 19:00:00+01:00,0.0,0.0,0.0,-5.53,1.65
2023-12-25 20:00:00+01:00,0.0,0.0,0.0,-5.9,1.99
2023-12-25 21:00:00+01:00,0.0,0.0,0.0,-6.32,2.26
2023-12-25 22:00:00+01:00,0.0,0.0,0.0,-6.83,2.39
2023-12-25 23:00:00+01:00,0.0,0.0,0.0,-7.62,2.21
2023-12-26 00:00:00+01:00,0.0,0.0,0.0,-8.75,1.85
2023-12-26 01:00:00+01:00,0.0,0.0,0.0,-9.89,1.79
2023-12-26 02:00:00+01:00,0.0,0.0,0.0,-10.79,1.79
2023-12-26 03:00:00+01:00,0.0,0.0,0.0,-11.54,1.73
2023-12-26 04:00:00+01:00,0.0,0.0,0.0,-11.98,1.61
2023-12-26 05:00:00+01:00,0.0,0.0,0.0,-12.13,1.28
2023-12-26 06:00:00+01:00,0.0,0.0,0.0,-12.43,1.07
2023-12-26 07:00:00+01:00,0.0,0.0,0.0,-12.68,1.29
2023-12-26 08:00:00+01:00,0.0,0.0,0.0,-12.87,1.34
2023-12-26 09:00:00+01:00,12.55,77.72,12.96,-12.49,1.29
2023-12-26 10:00:00+01:00,37.55,137.99,26.25,-11.09,1.59
2023-12-26 11:00:00+01:00,56.5,164.46,33.42,-9.92,1.48
2023-12-26 12:00:00+01:00,57.75,244.49,29.8,-9.34,1.4
2023-12-26 13:00:00+01:00,36.72,189.89,24.12,-9.27,1.44
2023-12-26 14:00:00+01:00,7.85,62.62,7.99,-10.1,1.6
2023-12-26 15:00:00+01:00,0.0,0.0,0.0,-10.93,1.85
2023-12-26 16:00:00+01:00,0.0,0.0,0.0,-10.87,1.91
2023-12-26 17:00:00+01:00,0.0,0.0,0.0,-11.25,1.9
2023-12-26 18:00:00+01:00,0.0,0.0,0.0,-12.16,1.83
2023-12-26 19:00:00+01:00,0.0,0.0,0.0,-13.49,1.95
2023-12-26 20:00:00+01:00,0.0,0.0,0.0,-14.42,2.04
2023-12-26 21:00:00+01:00,0.0,0.0,0.0,-14.73,2.04
2023-12-26 22:00:00+01:00,0.0,0.0,0.0,-14.14,2.26
2023-12-26 23:00:00+01:00,0.0,0.0,0.0,-13.71,2.36
2023-12-27 00:00:00+01:00,0.0,0.0,0.0,-13.8,2.47
2023-12-27 01:00:00+01:00,0.0,0.0,0.0,-13.67,2.56
2023-12-27 02:00:00+01:00,0.0,0.0,0.0,-13.23,2.68
2023-12-27 03:00:00+01:00,0.0,0.0,0.0,-12.66,2.82
2023-12-27 04:00:00+01:00,0.0,0.0,0.0,-12.14,2.97
2023-12-27 05:00:00+01:00,0.0,0.0,0.0,-11.62,2.99
2023-12-27 06:00:00+01:00,0.0,0.0,0.0,-11.13,3.03
2023-12-27 07:00:00+01:00,0.0,0.0,0.0,-10.68,3.03
2023-12-27 08:00:00+01:00,0.0,0.0,0.0,-10.25,3.04
2023-12-27 09:00:00+01:00,15.73,160.45,11.65,-9.86,3.03
2023-12-27 10:00:00+01:00,57.53,361.2,26.6,-9.2,3.02
2023-12-27 11:00:00+01:00,88.75,472.34,28.04,-8.29,3.05
2023-12-27 12:00:00+01:00,98.05,552.37,24.05,-7.3,2.95
2023-12-27 13:00:00+01:00,54.9,312.18,26.32,-6.71,2.84
2023-12-27 14:00:00+01:00,10.43,70.5,10.63,-6.77,2.75
2023-12-27 15:00:00+01:00,0.0,0.0,0.0,-7.19,2.71
2023-12-27 16:00:00+01:00,0.0,0.0,0.0,-7.69,2.59
2023-12-27 17:00:00+01:00,0.0,0.0,0.0,-8.51,2.37
2023-12-27 18:00:00+01:00,0.0,0.0,0.0,-9.61,2.24
2023-12-27 19:00:00+01:00,0.0,0.0,0.0,-10.52,2.27
2023-12-27 20:00:00+01:00,0.0,0.0,0.0,-11.06,1.89
2023-12-27 21:00:00+01:00,0.0,0.0,0.0,-11.3,1.73
2023-12-27 22:00:00+01:00,0.0,0.0,0.0,-11.48,1.38
2023-12-27 23:00:00+01:00,0.0,0.0,0.0,-11.61,1.13
2023-12-28 00:00:00+01:00,0.0,0.0,0.0,-11.58,0.98
2023-12-28 01:00:00+01:00,0.0,0.0,0.0,-11.37,0.83
2023-12-28 02:00:00+01:00,0.0,0.0,0.0,-11.24,0.98
2023-12-28 03:00:00+01:00,0.0,0.0,0.0,-11.25,1.25
2023-12-28 04:00:00+01:00,0.0,0.0,0.0,-11.24,1.51
2023-12-28 05:00:00+01:00,0.0,0.0,0.0,-11.15,1.62
2023-12-28 06:00:00+01:00,0.0,0.0,0.0,-10.78,1.85
2023-12-28 07:00:00+01:00,0.0,0.0,0.0,-10.08,2.27
2023-12-28 08:00:00+01:00,0.0,0.0,0.0,-9.32,2.48
2023-12-28 09:00:00+01:00,7.8,2.7,8.13,-8.56,2.58
2023-12-28 10:00:00+01:00,20.23,1.42,18.79,-7.76,2.31
2023-12-28 11:00:00+01:00,37.12,34.13,32.6,-6.64,2.17
2023-12-28 12:00:00+01:00,49.7,53.8,43.15,-4.59,2.31
2023-12-28 13:00:00+01:00,26.05,19.41,25.25,-2.97,2.02
2023-12-28 14:00:00+01:00,6.97,7.85,8.43,-2.07,1.97
2023-12-28 15:00:00+01:00,0.0,0.0,0.0,-1.41,1.94
2023-12-28 16:00:00+01:00,0.0,0.0,0.0,-1.16,1.74
2023-12-28 17:00:00+01:00,0.0,0.0,0.0,-0.97,1.74
2023-12-28 18:00:00+01:00,0.0,0.0,0.0,-0.76,1.9
2023-12-28 19:00:00+01:00,0.0,0.0,0.0,-0.71,1.9
2023-12-28 20:00:00+01:00,0.0,0.0,0.0,-0.81,1.89
2023-12-28 21:00:00+01:00,0.0,0.0,0.0,-0.97,1.99
2023-12-28 22:00:00+01:00,0.0,0.0,0.0,-1.31,1.9
2023-12-28 23:00:00+01:00,0.0,0.0,0.0,-2.34,1.59
2023-12-29 00:00:00+01:00,0.0,0.0,0.0,-3.08,1.23
2023-12-29 01:00:00+01:00,0.0,0.0,0.0,-3.21,1.03
2023-12-29 02:00:00+01:00,0.0,0.0,0.0,-3.05,1.05
2023-12-29 03:00:00+01:00,0.0,0.0,0.0,-2.43,1.8
2023-12-29 04:00:00+01:00,0.0,0.0,0.0,-2.06,2.09
2023-12-29 05:00:00+01:00,0.0,0.0,0.0,-2.02,1.89
2023-12-29 06:00:00+01:00,0.0,0.0,0.0,-1.86,1.63
2023-12-29 07:00:00+01:00,0.0,0.0,0.0,-1.47,1.51
2023-12-29 08:00:00+01:00,0.0,0.0,0.0,-1.32,1.48
2023-12-29 09:00:00+01:00,10.65,12.03,12.89,-1.21,1.35
2023-12-29 10:00:00+01:00,32.72,25.14,30.55,-0.96,1.36
2023-12-29 11:00:00+01:00,47.97,67.46,41.61,-0.72,1.42
2023-12-29 12:00:00+01:00,48.2,63.14,41.98,-0.53,1.32
2023-12-29 13:00:00+01:00,33.25,36.41,30.84,-0.37,1.22
2023-12-29 14:00:00+01:00,8.45,9.46,10.64,-0.29,1.09
2023-12-29 15:00:00+01:00,0.0,0.0,0.0,-0.37,1.01
2023-12-29 16:00:00+01:00,0.0,0.0,0.0,-0.49,1.06
2023-12-29 17:00:00+01:00,0.0,0.0,0.0,-0.55,1.11
2023-12-29 18:00:00+01:00,0.0,0.0,0.0,-0.59,1.08
2023-12-29 19:00:00+01:00,0.0,0.0,0.0,-0.64,0.93
2023-12-29 20:00:00+01:00,0.0,0.0,0.0,-0.7,0.71
2023-12-29 21:00:00+01:00,0.0,0.0,0.0,-0.75,0.47
2023-12-29 22:00:00+01:00,0.0,0.0,0.0,-0.7,0.26
2023-12-29 23:00:00+01:00,0.0,0.0,0.0,-0.96,0.63
2023-12-30 00:00:00+01:00,0.0,0.0,0.0,-1.34,0.74
2023-12-30 01:00:00+01:00,0.0,0.0,0.0,-2.08,0.86
2023-12-30 02:00:00+01:00,0.0,0.0,0.0,-2.45,1.12
2023-12-30 03:00:00+01:00,0.0,0.0,0.0,-2.77,1.28
2023-12-30 04:00:00+01:00,0.0,0.0,0.0,-3.0,1.39
2023-12-30 05:00:00+01:00,0.0,0.0,0.0,-3.2,1.42
2023-12-30 06:00:00+01:00,0.0,0.0,0.0,-3.28,1.52
2023-12-30 07:00:00+01:00,0.0,0.0,0.0,-3.2,1.64
2023-12-30 08:00:00+01:00,0.0,0.0,0.0,-3.04,1.69
2023-12-30 09:00:00+01:00,10.45,15.34,12.33,-2.78,1.8
2023-12-30 10:00:00+01:00,33.67,51.25,28.95,-2.35,1.85
2023-12-30 11:00:00+01:00,51.05,68.55,43.17,-1.91,1.84
2023-12-30 12:00:00+01:00,49.97,63.49,42.43,-1.63,1.77
2023-12-30 13:00:00+01:00,33.33,63.92,29.08,-1.57,1.76
2023-12-30 14:00:00+01:00,6.07,13.32,7.68,-1.8,1.77
2023-12-30 15:00:00+01:00,0.0,0.0,0.0,-2.22,1.87
2023-12-30 16:00:00+01:00,0.0,0.0,0.0,-2.59,2.06
2023-12-30 17:00:00+01:00,0.0,0.0,0.0,-3.11,2.0
2023-12-30 18:00:00+01:00,0.0,0.0,0.0,-3.8,1.93
2023-12-30 19:00:00+01:00,0.0,0.0,0.0,-4.5,1.99
2023-12-30 20:00:00+01:00,0.0,0.0,0.0,-5.2,1.91
2023-12-30 21:00:00+01:00,0.0,0.0,0.0,-5.87,1.85
2023-12-30 22:00:00+01:00,0.0,0.0,0.0,-6.26,1.95
2023-12-30 23:00:00+01:00,0.0,0.0,0.0,-6.43,1.94
2023-12-31 00:00:00+01:00,0.0,0.0,0.0,-6.45,2.0
2023-12-31 01:00:00+01:00,0.0,0.0,0.0,-6.45,2.04
2023-12-31 02:00:00+01:00,0.0,0.0,0.0,-6.58,1.99
2023-12-31 03:00:00+01:00,0.0,0.0,0.0,-6.71,1.94
2023-12-31 04:00:00+01:00,0.0,0.0,0.0,-6.67,1.97
2023-12-31 05:00:00+01:00,0.0,0.0,0.0,-7.09,1.91
2023-12-31 06:00:00+01:00,0.0,0.0,0.0,-7.69,1.94
2023-12-31 07:00:00+01:00,0.0,0.0,0.0,-8.34,1.83
2023-12-31 08:00:00+01:00,0.0,0.0,0.0,-9.35,1.83
2023-12-31 09:00:00+01:00,12.73,52.05,13.68,-9.89,1.89
2023-12-31 10:00:00+01:00,34.67,117.76,26.5,-9.3,1.77
2023-12-31 11:00:00+01:00,42.75,285.22,30.86,-8.14,1.76
2023-12-31 12:00:00+01:00,49.3,80.59,36.71,-7.57,1.63
2023-12-31 13:00:00+01:00,34.75,110.72,27.49,-7.78,1.63
2023-12-31 14:00:00+01:00,9.9,46.51,11.0,-8.34,1.8
2023-12-31 15:00:00+01:00,0.0,0.0,0.0,-8.8,1.97
2023-12-31 16:00:00+01:00,0.0,0.0,0.0,-8.88,2.0
2023-12-31 17:00:00+01:00,0.0,0.0,0.0,-8.87,2.04
2023-12-31 18:00:00+01:00,0.0,0.0,0.0,-8.79,2.15
2023-12-31 19:00:00+01:00,0.0,0.0,0.0,-8.44,2.37
2023-12-31 20:00:00+01:00,0.0,0.0,0.0,-8.31,2.39
2023-12-31 21:00:00+01:00,0.0,0.0,0.0,-8.24,2.44
2023-12-31 22:00:00+01:00,0.0,0.0,0.0,-8.28,2.57
2023-12-31 23:00:00+01:00,0.0,0.0,0.0,-8.41,2.66
