timestamp,ALLSKY_SFC_SW_DWN,ALLSKY_SFC_SW_DNI,ALLSKY_SFC_SW_DIFF,T2M,WS10M
2023-01-01 00:00:00+08:00,0.0,0.0,0.0,-3.12,2.21
2023-01-01 01:00:00+08:00,0.0,0.0,0.0,-3.67,2.35
2023-01-01 02:00:00+08:00,0.0,0.0,0.0,-4.2,2.48
2023-01-01 03:00:00+08:00,0.0,0.0,0.0,-4.85,2.68
2023-01-01 04:00:00+08:00,0.0,0.0,0.0,-5.63,2.96
2023-01-01 05:00:00+08:00,0.0,0.0,0.0,-6.23,3.25
2023-01-01 06:00:00+08:00,0.0,0.0,0.0,-6.6,3.51
2023-01-01 07:00:00+08:00,9.62,9.08,11.23,-6.65,3.68
2023-01-01 08:00:00+08:00,102.05,116.56,81.85,-4.09,3.33
2023-01-01 09:00:00+08:00,222.45,219.66,154.41,-0.48,4.24
2023-01-01 10:00:00+08:00,332.8,287.03,210.71,2.06,3.81
2023-01-01 11:00:00+08:00,402.58,310.42,252.71,4.43,4.22
2023-01-01 12:00:00+08:00,347.58,236.39,213.96,5.22,3.6
2023-01-01 13:00:00+08:00,314.27,261.43,198.45,5.22,2.85
2023-01-01 14:00:00+08:00,247.12,208.39,177.3,4.58,1.78
2023-01-01 15:00:00+08:00,133.12,88.07,109.12,3.23,1.61
2023-01-01 16:00:00+08:00,32.7,9.77,33.08,1.87,1.9
2023-01-01 17:00:00+08:00,0.0,0.0,0.0,1.13,2.01
2023-01-01 18:00:00+08:00,0.0,0.0,0.0,0.83,2.08
2023-01-01 19:00:00+08:00,0.0,0.0,0.0,0.47,2.23
2023-01-01 20:00:00+08:00,0.0,0.0,0.0,0.24,2.3
2023-01-01 21:00:00+08:00,0.0,0.0,0.0,0.22,2.23
2023-01-01 22:00:00+08:00,0.0,0.0,0.0,0.29,2.09
2023-01-01 23:00:00+08:00,0.0,0.0,0.0,0.08,2.03
2023-01-02 00:00:00+08:00,0.0,0.0,0.0,-0.31,2.01
2023-01-02 01:00:00+08:00,0.0,0.0,0.0,-0.81,1.97
2023-01-02 02:00:00+08:00,0.0,0.0,0.0,-1.53,2.0
2023-01-02 03:00:00+08:00,0.0,0.0,0.0,-1.81,1.79
2023-01-02 04:00:00+08:00,0.0,0.0,0.0,-1.77,1.38
2023-01-02 05:00:00+08:00,0.0,0.0,0.0,-1.79,1.02
2023-01-02 06:00:00+08:00,0.0,0.0,0.0,-1.88,0.77
2023-01-02 07:00:00+08:00,9.5,7.81,12.02,-2.07,0.61
2023-01-02 08:00:00+08:00,110.57,234.31,64.49,-1.51,0.45
2023-01-02 09:00:00+08:00,239.7,419.12,104.57,-0.02,0.27
2023-01-02 10:00:00+08:00,350.8,516.57,131.99,2.32,0.79
2023-01-02 11:00:00+08:00,418.85,544.71,149.62,4.48,1.47
2023-01-02 12:00:00+08:00,426.23,500.49,167.24,5.15,2.05
2023-01-02 13:00:00+08:00,404.8,547.81,137.43,5.25,2.41
2023-01-02 14:00:00+08:00,299.75,479.22,113.63,4.81,2.54
2023-01-02 15:00:00+08:00,168.27,320.69,85.75,3.11,1.91
2023-01-02 16:00:00+08:00,39.03,73.24,32.16,-0.05,2.52
2023-01-02 17:00:00+08:00,0.0,0.0,0.0,-1.76,2.8
2023-01-02 18:00:00+08:00,0.0,0.0,0.0,-2.23,2.89
2023-01-02 19:00:00+08:00,0.0,0.0,0.0,-2.54,2.87
2023-01-02 20:00:00+08:00,0.0,0.0,0.0,-2.78,2.77
2023-01-02 21:00:00+08:00,0.0,0.0,0.0,-2.97,2.59
2023-01-02 22:00:00+08:00,0.0,0.0,0.0,-3.06,2.45
2023-01-02 23:00:00+08:00,0.0,0.0,0.0,-3.4,2.42
2023-01-03 00:00:00+08:00,0.0,0.0,0.0,-3.92,2.46
2023-01-03 01:00:00+08:00,0.0,0.0,0.0,-4.39,2.55
2023-01-03 02:00:00+08:00,0.0,0.0,0.0,-4.82,2.66
2023-01-03 03:00:00+08:00,0.0,0.0,0.0,-5.19,2.74
2023-01-03 04:00:00+08:00,0.0,0.0,0.0,-5.51,2.8
2023-01-03 05:00:00+08:00,0.0,0.0,0.0,-5.67,2.77
2023-01-03 06:00:00+08:00,0.0,0.0,0.0,-5.69,2.68
2023-01-03 07:00:00+08:00,11.45,35.7,11.97,-5.61,2.59
2023-01-03 08:00:00+08:00,130.35,403.76,52.92,-3.97,2.38
2023-01-03 09:00:00+08:00,272.48,587.54,86.99,-0.82,3.17
2023-01-03 10:00:00+08:00,397.88,678.94,105.65,1.6,3.4
2023-01-03 11:00:00+08:00,466.8,703.89,121.71,3.72,4.3
2023-01-03 12:00:00+08:00,400.55,443.99,164.95,4.52,4.78
2023-01-03 13:00:00+08:00,345.08,394.72,145.08,4.83,4.82
2023-01-03 14:00:00+08:00,259.58,306.8,136.52,4.5,4.15
2023-01-03 15:00:00+08:00,134.38,172.25,81.3,2.87,2.57
2023-01-03 16:00:00+08:00,30.95,22.33,26.45,0.33,2.74
2023-01-03 17:00:00+08:00,0.0,0.0,0.0,-0.8,2.86
2023-01-03 18:00:00+08:00,0.0,0.0,0.0,-0.96,2.85
2023-01-03 19:00:00+08:00,0.0,0.0,0.0,-1.11,2.89
2023-01-03 20:00:00+08:00,0.0,0.0,0.0,-1.26,2.96
2023-01-03 21:00:00+08:00,0.0,0.0,0.0,-1.55,3.07
2023-01-03 22:00:00+08:00,0.0,0.0,0.0,-2.04,3.22
2023-01-03 23:00:00+08:00,0.0,0.0,0.0,-2.5,3.33
2023-01-04 00:00:00+08:00,0.0,0.0,0.0,-2.96,3.44
2023-01-04 01:00:00+08:00,0.0,0.0,0.0,-3.43,3.5
2023-01-04 02:00:00+08:00,0.0,0.0,0.0,-3.91,3.48
2023-01-04 03:00:00+08:00,0.0,0.0,0.0,-4.41,3.42
2023-01-04 04:00:00+08:00,0.0,0.0,0.0,-4.88,3.36
2023-01-04 05:00:00+08:00,0.0,0.0,0.0,-5.14,3.23
2023-01-04 06:00:00+08:00,0.0,0.0,0.0,-4.83,2.95
2023-01-04 07:00:00+08:00,4.65,0.0,6.52,-4.51,2.6
2023-01-04 08:00:00+08:00,46.08,17.04,41.91,-3.01,1.94
2023-01-04 09:00:00+08:00,111.9,51.86,92.49,-1.28,1.97
2023-01-04 10:00:00+08:00,181.1,82.25,140.68,0.24,0.75
2023-01-04 11:00:00+08:00,239.43,84.27,177.36,3.03,0.74
2023-01-04 12:00:00+08:00,137.8,23.33,106.39,4.93,1.54
2023-01-04 13:00:00+08:00,143.3,45.32,111.96,5.47,1.95
2023-01-04 14:00:00+08:00,116.62,48.34,90.68,5.13,1.94
2023-01-04 15:00:00+08:00,60.92,23.72,52.44,3.31,1.79
2023-01-04 16:00:00+08:00,16.58,1.68,16.54,0.9,2.48
2023-01-04 17:00:00+08:00,0.0,0.0,0.0,-0.27,2.8
2023-01-04 18:00:00+08:00,0.0,0.0,0.0,-0.39,2.82
2023-01-04 19:00:00+08:00,0.0,0.0,0.0,-0.39,2.73
2023-01-04 20:00:00+08:00,0.0,0.0,0.0,-0.38,2.55
2023-01-04 21:00:00+08:00,0.0,0.0,0.0,-0.3,2.32
2023-01-04 22:00:00+08:00,0.0,0.0,0.0,-0.09,2.13
2023-01-04 23:00:00+08:00,0.0,0.0,0.0,0.07,1.95
2023-01-05 00:00:00+08:00,0.0,0.0,0.0,0.09,1.73
2023-01-05 01:00:00+08:00,0.0,0.0,0.0,0.14,1.55
2023-01-05 02:00:00+08:00,0.0,0.0,0.0,-0.03,1.44
2023-01-05 03:00:00+08:00,0.0,0.0,0.0,-0.35,1.35
2023-01-05 04:00:00+08:00,0.0,0.0,0.0,-0.67,1.26
2023-01-05 05:00:00+08:00,0.0,0.0,0.0,-0.9,1.21
2023-01-05 06:00:00+08:00,0.0,0.0,0.0,-1.25,1.33
2023-01-05 07:00:00+08:00,4.93,0.0,6.96,-1.67,1.56
2023-01-05 08:00:00+08:00,50.62,20.67,45.66,-1.18,1.76
2023-01-05 09:00:00+08:00,123.68,63.49,95.55,1.19,2.24
2023-01-05 10:00:00+08:00,192.43,89.52,140.72,3.18,2.17
2023-01-05 11:00:00+08:00,234.27,108.65,163.53,5.47,2.18
2023-01-05 12:00:00+08:00,262.35,114.66,176.61,6.24,2.17
2023-01-05 13:00:00+08:00,255.0,128.13,175.73,6.57,2.05
2023-01-05 14:00:00+08:00,188.73,111.34,140.62,6.18,1.83
2023-01-05 15:00:00+08:00,99.5,52.99,82.01,4.39,1.54
2023-01-05 16:00:00+08:00,27.0,10.06,27.63,2.27,1.97
2023-01-05 17:00:00+08:00,0.0,0.0,0.0,0.67,2.41
2023-01-05 18:00:00+08:00,0.0,0.0,0.0,-0.26,2.77
2023-01-05 19:00:00+08:00,0.0,0.0,0.0,-0.69,3.04
2023-01-05 20:00:00+08:00,0.0,0.0,0.0,-1.0,3.22
2023-01-05 21:00:00+08:00,0.0,0.0,0.0,-1.21,3.33
2023-01-05 22:00:00+08:00,0.0,0.0,0.0,-1.22,3.47
2023-01-05 23:00:00+08:00,0.0,0.0,0.0,-1.12,3.81
2023-01-06 00:00:00+08:00,0.0,0.0,0.0,-0.94,4.54
2023-01-06 01:00:00+08:00,0.0,0.0,0.0,-0.82,5.56
2023-01-06 02:00:00+08:00,0.0,0.0,0.0,-0.95,6.19
2023-01-06 03:00:00+08:00,0.0,0.0,0.0,-1.33,6.05
2023-01-06 04:00:00+08:00,0.0,0.0,0.0,-1.69,5.69
2023-01-06 05:00:00+08:00,0.0,0.0,0.0,-2.1,5.34
2023-01-06 06:00:00+08:00,0.0,0.0,0.0,-2.42,5.03
2023-01-06 07:00:00+08:00,6.4,0.83,7.76,-2.53,4.55
2023-01-06 08:00:00+08:00,91.45,148.54,65.15,-1.29,4.66
2023-01-06 09:00:00+08:00,239.8,391.06,105.32,1.02,4.64
2023-01-06 10:00:00+08:00,333.58,424.44,141.89,3.94,4.9
2023-01-06 11:00:00+08:00,448.02,615.03,133.28,6.35,6.01
2023-01-06 12:00:00+08:00,393.55,443.55,153.75,7.82,7.07
2023-01-06 13:00:00+08:00,415.15,600.56,122.54,8.28,7.95
2023-01-06 14:00:00+08:00,360.12,697.63,88.17,7.76,7.42
2023-01-06 15:00:00+08:00,232.25,669.57,56.77,5.91,5.57
2023-01-06 16:00:00+08:00,69.65,360.6,27.87,1.91,4.38
2023-01-06 17:00:00+08:00,0.0,0.0,0.0,-0.57,4.17
2023-01-06 18:00:00+08:00,0.0,0.0,0.0,-0.72,3.75
2023-01-06 19:00:00+08:00,0.0,0.0,0.0,-0.27,3.25
2023-01-06 20:00:00+08:00,0.0,0.0,0.0,0.78,2.65
2023-01-06 21:00:00+08:00,0.0,0.0,0.0,2.2,1.9
2023-01-06 22:00:00+08:00,0.0,0.0,0.0,3.4,1.0
2023-01-06 23:00:00+08:00,0.0,0.0,0.0,3.95,0.31
2023-01-07 00:00:00+08:00,0.0,0.0,0.0,3.65,0.57
2023-01-07 01:00:00+08:00,0.0,0.0,0.0,2.58,1.45
2023-01-07 02:00:00+08:00,0.0,0.0,0.0,1.71,1.95
2023-01-07 03:00:00+08:00,0.0,0.0,0.0,1.09,2.12
2023-01-07 04:00:00+08:00,0.0,0.0,0.0,0.84,2.03
2023-01-07 05:00:00+08:00,0.0,0.0,0.0,0.81,1.95
2023-01-07 06:00:00+08:00,0.0,0.0,0.0,0.5,2.12
2023-01-07 07:00:00+08:00,14.23,96.28,10.33,-0.11,2.51
2023-01-07 08:00:00+08:00,157.27,644.11,36.32,1.03,2.66
2023-01-07 09:00:00+08:00,324.27,836.16,52.65,4.86,2.9
2023-01-07 10:00:00+08:00,454.2,901.63,63.11,7.33,3.55
2023-01-07 11:00:00+08:00,529.67,938.39,66.77,9.01,3.18
2023-01-07 12:00:00+08:00,514.7,815.79,98.09,10.75,3.81
2023-01-07 13:00:00+08:00,455.65,719.7,119.28,10.92,3.88
2023-01-07 14:00:00+08:00,347.05,605.62,112.67,9.39,2.6
2023-01-07 15:00:00+08:00,205.93,469.33,80.22,6.41,2.89
2023-01-07 16:00:00+08:00,55.62,139.75,35.78,3.04,3.54
2023-01-07 17:00:00+08:00,0.0,0.0,0.0,1.16,4.01
2023-01-07 18:00:00+08:00,0.0,0.0,0.0,0.76,4.21
2023-01-07 19:00:00+08:00,0.0,0.0,0.0,0.56,4.37
2023-01-07 20:00:00+08:00,0.0,0.0,0.0,0.49,4.58
2023-01-07 21:00:00+08:00,0.0,0.0,0.0,0.51,4.82
2023-01-07 22:00:00+08:00,0.0,0.0,0.0,0.52,4.98
2023-01-07 23:00:00+08:00,0.0,0.0,0.0,0.44,5.07
2023-01-08 00:00:00+08:00,0.0,0.0,0.0,0.21,5.08
2023-01-08 01:00:00+08:00,0.0,0.0,0.0,-0.07,4.85
2023-01-08 02:00:00+08:00,0.0,0.0,0.0,-0.36,4.43
2023-01-08 03:00:00+08:00,0.0,0.0,0.0,-0.71,3.95
2023-01-08 04:00:00+08:00,0.0,0.0,0.0,-0.95,3.51
2023-01-08 05:00:00+08:00,0.0,0.0,0.0,-0.9,3.25
2023-01-08 06:00:00+08:00,0.0,0.0,0.0,-0.58,2.89
2023-01-08 07:00:00+08:00,7.82,2.34,9.77,-0.37,2.86
2023-01-08 08:00:00+08:00,89.4,136.73,60.65,0.11,2.39
2023-01-08 09:00:00+08:00,209.88,301.16,109.51,0.88,1.56
2023-01-08 10:00:00+08:00,325.48,430.14,131.12,2.34,1.11
2023-01-08 11:00:00+08:00,410.15,528.94,140.02,4.5,1.67
2023-01-08 12:00:00+08:00,342.0,319.77,163.54,6.3,2.65
2023-01-08 13:00:00+08:00,295.6,281.81,142.67,7.17,3.53
2023-01-08 14:00:00+08:00,261.27,312.18,131.02,7.11,3.63
2023-01-08 15:00:00+08:00,151.25,223.71,83.33,4.95,2.9
2023-01-08 16:00:00+08:00,42.4,58.66,32.31,1.74,3.71
2023-01-08 17:00:00+08:00,0.0,0.0,0.0,0.04,4.1
2023-01-08 18:00:00+08:00,0.0,0.0,0.0,-0.21,4.08
2023-01-08 19:00:00+08:00,0.0,0.0,0.0,-0.41,4.01
2023-01-08 20:00:00+08:00,0.0,0.0,0.0,-0.59,3.97
2023-01-08 21:00:00+08:00,0.0,0.0,0.0,-0.65,4.08
2023-01-08 22:00:00+08:00,0.0,0.0,0.0,-0.59,4.32
2023-01-08 23:00:00+08:00,0.0,0.0,0.0,-0.64,4.56
2023-01-09 00:00:00+08:00,0.0,0.0,0.0,-0.86,4.8
2023-01-09 01:00:00+08:00,0.0,0.0,0.0,-1.11,5.02
2023-01-09 02:00:00+08:00,0.0,0.0,0.0,-1.34,5.23
2023-01-09 03:00:00+08:00,0.0,0.0,0.0,-1.58,5.4
2023-01-09 04:00:00+08:00,0.0,0.0,0.0,-1.81,5.52
2023-01-09 05:00:00+08:00,0.0,0.0,0.0,-2.01,5.49
2023-01-09 06:00:00+08:00,0.0,0.0,0.0,-2.16,5.32
2023-01-09 07:00:00+08:00,12.43,47.49,11.7,-2.05,5.3
2023-01-09 08:00:00+08:00,147.35,532.42,44.84,-0.44,5.9
2023-01-09 09:00:00+08:00,314.52,759.1,64.72,2.1,6.49
2023-01-09 10:00:00+08:00,448.95,851.42,74.9,4.62,7.54
2023-01-09 11:00:00+08:00,530.1,920.54,73.06,6.0,7.35
2023-01-09 12:00:00+08:00,534.28,862.74,88.65,6.64,7.26
2023-01-09 13:00:00+08:00,491.58,839.34,86.5,6.72,7.27
2023-01-09 14:00:00+08:00,390.15,794.37,79.54,6.06,7.03
2023-01-09 15:00:00+08:00,241.7,674.79,58.81,4.6,5.69
2023-01-09 16:00:00+08:00,75.2,323.35,32.14,0.83,3.86
2023-01-09 17:00:00+08:00,0.0,0.0,0.0,-1.73,3.94
2023-01-09 18:00:00+08:00,0.0,0.0,0.0,-2.1,3.87
2023-01-09 19:00:00+08:00,0.0,0.0,0.0,-2.26,3.72
2023-01-09 20:00:00+08:00,0.0,0.0,0.0,-2.53,3.5
2023-01-09 21:00:00+08:00,0.0,0.0,0.0,-2.42,3.32
2023-01-09 22:00:00+08:00,0.0,0.0,0.0,-2.2,3.22
2023-01-09 23:00:00+08:00,0.0,0.0,0.0,-2.41,3.15
2023-01-10 00:00:00+08:00,0.0,0.0,0.0,-2.33,3.1
2023-01-10 01:00:00+08:00,0.0,0.0,0.0,-2.15,3.08
2023-01-10 02:00:00+08:00,0.0,0.0,0.0,-2.02,3.04
2023-01-10 03:00:00+08:00,0.0,0.0,0.0,-2.02,2.92
2023-01-10 04:00:00+08:00,0.0,0.0,0.0,-2.05,2.77
2023-01-10 05:00:00+08:00,0.0,0.0,0.0,-2.55,2.6
2023-01-10 06:00:00+08:00,0.0,0.0,0.0,-3.09,2.51
2023-01-10 07:00:00+08:00,11.43,18.97,14.05,-2.86,2.31
2023-01-10 08:00:00+08:00,130.05,344.56,62.97,-0.31,2.55
2023-01-10 09:00:00+08:00,283.5,527.01,107.25,1.56,2.36
2023-01-10 10:00:00+08:00,407.45,640.57,119.62,4.56,3.5
2023-01-10 11:00:00+08:00,485.55,683.98,133.96,5.79,3.64
2023-01-10 12:00:00+08:00,478.6,626.55,145.75,6.37,3.4
2023-01-10 13:00:00+08:00,448.7,652.15,130.27,6.64,3.07
2023-01-10 14:00:00+08:00,344.98,567.02,112.74,6.46,2.62
2023-01-10 15:00:00+08:00,210.82,463.76,78.88,5.31,1.68
2023-01-10 16:00:00+08:00,62.72,175.79,36.29,3.31,1.43
2023-01-10 17:00:00+08:00,0.0,0.0,0.0,2.36,1.14
2023-01-10 18:00:00+08:00,0.0,0.0,0.0,1.93,1.41
2023-01-10 19:00:00+08:00,0.0,0.0,0.0,0.88,2.01
2023-01-10 20:00:00+08:00,0.0,0.0,0.0,-0.23,2.52
2023-01-10 21:00:00+08:00,0.0,0.0,0.0,-1.01,2.89
2023-01-10 22:00:00+08:00,0.0,0.0,0.0,-1.45,3.15
2023-01-10 23:00:00+08:00,0.0,0.0,0.0,-1.72,3.33
2023-01-11 00:00:00+08:00,0.0,0.0,0.0,-1.89,3.42
2023-01-11 01:00:00+08:00,0.0,0.0,0.0,-1.93,3.5
2023-01-11 02:00:00+08:00,0.0,0.0,0.0,-1.74,3.66
2023-01-11 03:00:00+08:00,0.0,0.0,0.0,-1.62,3.9
2023-01-11 04:00:00+08:00,0.0,0.0,0.0,-1.96,3.97
2023-01-11 05:00:00+08:00,0.0,0.0,0.0,-1.58,4.41
2023-01-11 06:00:00+08:00,0.0,0.0,0.0,-1.3,4.83
2023-01-11 07:00:00+08:00,9.38,11.9,12.26,-0.9,5.0
2023-01-11 08:00:00+08:00,92.22,194.63,58.97,0.42,5.41
2023-01-11 09:00:00+08:00,179.27,253.15,94.86,2.36,5.52
2023-01-11 10:00:00+08:00,251.3,296.52,129.84,4.37,5.42
2023-01-11 11:00:00+08:00,278.52,179.18,167.42,6.04,5.48
2023-01-11 12:00:00+08:00,320.9,226.55,195.92,7.3,5.78
2023-01-11 13:00:00+08:00,310.23,270.54,171.86,7.87,5.77
2023-01-11 14:00:00+08:00,255.55,222.24,153.85,7.73,5.24
2023-01-11 15:00:00+08:00,150.0,166.3,100.8,6.02,3.24
2023-01-11 16:00:00+08:00,46.97,56.56,37.3,2.54,3.23
2023-01-11 17:00:00+08:00,0.0,0.0,0.0,0.66,3.53
2023-01-11 18:00:00+08:00,0.0,0.0,0.0,0.34,3.68
2023-01-11 19:00:00+08:00,0.0,0.0,0.0,0.12,3.74
2023-01-11 20:00:00+08:00,0.0,0.0,0.0,-0.08,3.74
2023-01-11 21:00:00+08:00,0.0,0.0,0.0,-0.28,3.73
2023-01-11 22:00:00+08:00,0.0,0.0,0.0,-0.46,3.71
2023-01-11 23:00:00+08:00,0.0,0.0,0.0,-0.64,3.65
2023-01-12 00:00:00+08:00,0.0,0.0,0.0,-0.76,3.65
2023-01-12 01:00:00+08:00,0.0,0.0,0.0,-0.69,3.74
2023-01-12 02:00:00+08:00,0.0,0.0,0.0,-0.57,3.84
2023-01-12 03:00:00+08:00,0.0,0.0,0.0,-0.71,3.75
2023-01-12 04:00:00+08:00,0.0,0.0,0.0,-0.9,3.56
2023-01-12 05:00:00+08:00,0.0,0.0,0.0,-0.86,3.43
2023-01-12 06:00:00+08:00,0.0,0.0,0.0,-0.18,3.4
2023-01-12 07:00:00+08:00,7.95,3.1,10.78,0.87,3.87
2023-01-12 08:00:00+08:00,68.97,83.53,55.5,2.27,4.17
2023-01-12 09:00:00+08:00,122.78,129.29,81.97,3.91,3.93
2023-01-12 10:00:00+08:00,177.25,106.78,130.93,5.74,3.37
2023-01-12 11:00:00+08:00,217.48,17.19,182.41,7.48,3.14
2023-01-12 12:00:00+08:00,150.0,30.67,125.69,7.95,2.29
2023-01-12 13:00:00+08:00,96.45,46.62,75.13,7.87,1.79
2023-01-12 14:00:00+08:00,61.1,4.69,52.59,7.21,1.41
2023-01-12 15:00:00+08:00,53.65,0.93,46.95,5.77,1.32
2023-01-12 16:00:00+08:00,18.27,1.71,16.44,4.59,1.41
2023-01-12 17:00:00+08:00,0.0,0.0,0.0,4.14,1.21
2023-01-12 18:00:00+08:00,0.0,0.0,0.0,4.13,0.63
2023-01-12 19:00:00+08:00,0.0,0.0,0.0,3.79,0.37
2023-01-12 20:00:00+08:00,0.0,0.0,0.0,2.94,1.31
2023-01-12 21:00:00+08:00,0.0,0.0,0.0,2.08,1.95
2023-01-12 22:00:00+08:00,0.0,0.0,0.0,1.7,2.31
2023-01-12 23:00:00+08:00,0.0,0.0,0.0,1.6,2.56
2023-01-13 00:00:00+08:00,0.0,0.0,0.0,1.44,3.08
2023-01-13 01:00:00+08:00,0.0,0.0,0.0,1.15,3.37
2023-01-13 02:00:00+08:00,0.0,0.0,0.0,0.79,3.48
2023-01-13 03:00:00+08:00,0.0,0.0,0.0,0.45,3.39
2023-01-13 04:00:00+08:00,0.0,0.0,0.0,0.17,3.21
2023-01-13 05:00:00+08:00,0.0,0.0,0.0,0.07,2.9
2023-01-13 06:00:00+08:00,0.0,0.0,0.0,-0.06,2.71
2023-01-13 07:00:00+08:00,3.85,0.0,4.91,-0.04,2.74
2023-01-13 08:00:00+08:00,31.12,1.88,27.87,0.66,3.5
2023-01-13 09:00:00+08:00,63.22,5.97,53.45,1.68,3.43
2023-01-13 10:00:00+08:00,92.25,3.98,79.3,3.24,3.63
2023-01-13 11:00:00+08:00,113.43,0.17,98.38,4.64,3.98
2023-01-13 12:00:00+08:00,83.75,0.0,72.53,5.58,4.8
2023-01-13 13:00:00+08:00,78.35,0.0,65.07,6.11,5.58
2023-01-13 14:00:00+08:00,66.35,0.0,57.82,5.57,6.09
2023-01-13 15:00:00+08:00,44.33,0.0,38.39,4.58,6.61
2023-01-13 16:00:00+08:00,13.65,0.0,12.32,3.26,7.11
2023-01-13 17:00:00+08:00,0.0,0.0,0.0,2.01,7.86
2023-01-13 18:00:00+08:00,0.0,0.0,0.0,0.93,8.56
2023-01-13 19:00:00+08:00,0.0,0.0,0.0,-0.07,8.86
2023-01-13 20:00:00+08:00,0.0,0.0,0.0,-0.72,8.74
2023-01-13 21:00:00+08:00,0.0,0.0,0.0,-1.09,8.55
2023-01-13 22:00:00+08:00,0.0,0.0,0.0,-1.58,8.43
2023-01-13 23:00:00+08:00,0.0,0.0,0.0,-2.04,8.84
2023-01-14 00:00:00+08:00,0.0,0.0,0.0,-2.49,9.37
2023-01-14 01:00:00+08:00,0.0,0.0,0.0,-3.02,9.83
2023-01-14 02:00:00+08:00,0.0,0.0,0.0,-3.49,10.51
2023-01-14 03:00:00+08:00,0.0,0.0,0.0,-3.66,11.18
2023-01-14 04:00:00+08:00,0.0,0.0,0.0,-3.85,11.81
2023-01-14 05:00:00+08:00,0.0,0.0,0.0,-4.08,11.85
2023-01-14 06:00:00+08:00,0.0,0.0,0.0,-4.36,11.2
2023-01-14 07:00:00+08:00,6.93,1.23,9.14,-4.56,10.61
2023-01-14 08:00:00+08:00,70.7,25.47,64.98,-4.59,10.77
2023-01-14 09:00:00+08:00,161.12,66.0,135.35,-4.53,11.17
2023-01-14 10:00:00+08:00,258.85,128.14,196.03,-4.34,11.13
2023-01-14 11:00:00+08:00,291.1,233.09,173.06,-4.15,11.12
2023-01-14 12:00:00+08:00,216.57,37.67,181.53,-4.11,11.06
2023-01-14 13:00:00+08:00,175.4,40.63,139.07,-4.04,10.66
2023-01-14 14:00:00+08:00,141.62,29.87,118.13,-4.28,10.14
2023-01-14 15:00:00+08:00,97.65,13.8,83.49,-5.16,9.52
2023-01-14 16:00:00+08:00,34.42,9.65,30.79,-5.94,9.0
2023-01-14 17:00:00+08:00,0.0,0.0,0.0,-6.44,8.5
2023-01-14 18:00:00+08:00,0.0,0.0,0.0,-6.63,8.23
2023-01-14 19:00:00+08:00,0.0,0.0,0.0,-6.67,7.98
2023-01-14 20:00:00+08:00,0.0,0.0,0.0,-6.51,7.62
2023-01-14 21:00:00+08:00,0.0,0.0,0.0,-6.28,7.59
2023-01-14 22:00:00+08:00,0.0,0.0,0.0,-6.06,7.11
2023-01-14 23:00:00+08:00,0.0,0.0,0.0,-5.87,7.11
2023-01-15 00:00:00+08:00,0.0,0.0,0.0,-5.74,7.24
2023-01-15 01:00:00+08:00,0.0,0.0,0.0,-5.63,7.35
2023-01-15 02:00:00+08:00,0.0,0.0,0.0,-5.66,7.55
2023-01-15 03:00:00+08:00,0.0,0.0,0.0,-6.58,7.04
2023-01-15 04:00:00+08:00,0.0,0.0,0.0,-7.61,5.98
2023-01-15 05:00:00+08:00,0.0,0.0,0.0,-8.26,4.73
2023-01-15 06:00:00+08:00,0.0,0.0,0.0,-8.76,3.38
2023-01-15 07:00:00+08:00,10.7,19.07,13.92,-8.79,2.7
2023-01-15 08:00:00+08:00,112.3,136.92,90.26,-7.14,3.74
2023-01-15 09:00:00+08:00,245.57,235.3,177.13,-5.38,4.68
2023-01-15 10:00:00+08:00,352.9,310.8,226.15,-3.81,5.47
2023-01-15 11:00:00+08:00,422.17,417.78,237.27,-2.76,5.63
2023-01-15 12:00:00+08:00,414.15,199.79,284.72,-2.08,5.55
2023-01-15 13:00:00+08:00,412.62,253.2,290.92,-1.7,5.4
2023-01-15 14:00:00+08:00,322.58,251.78,218.8,-1.69,5.18
2023-01-15 15:00:00+08:00,209.3,286.47,135.56,-2.15,4.84
2023-01-15 16:00:00+08:00,79.45,158.79,53.54,-3.71,3.51
2023-01-15 17:00:00+08:00,0.0,0.0,0.0,-5.95,2.46
2023-01-15 18:00:00+08:00,0.0,0.0,0.0,-6.5,2.29
2023-01-15 19:00:00+08:00,0.0,0.0,0.0,-6.73,2.11
2023-01-15 20:00:00+08:00,0.0,0.0,0.0,-6.9,1.94
2023-01-15 21:00:00+08:00,0.0,0.0,0.0,-7.26,1.94
2023-01-15 22:00:00+08:00,0.0,0.0,0.0,-7.86,2.12
2023-01-15 23:00:00+08:00,0.0,0.0,0.0,-8.55,2.4
2023-01-16 00:00:00+08:00,0.0,0.0,0.0,-9.2,2.63
2023-01-16 01:00:00+08:00,0.0,0.0,0.0,-9.71,2.71
2023-01-16 02:00:00+08:00,0.0,0.0,0.0,-10.05,2.56
2023-01-16 03:00:00+08:00,0.0,0.0,0.0,-10.21,2.25
2023-01-16 04:00:00+08:00,0.0,0.0,0.0,-10.12,1.77
2023-01-16 05:00:00+08:00,0.0,0.0,0.0,-9.61,0.95
2023-01-16 06:00:00+08:00,0.0,0.0,0.0,-9.36,0.33
2023-01-16 07:00:00+08:00,16.08,121.51,12.36,-9.86,1.25
2023-01-16 08:00:00+08:00,136.6,449.47,54.24,-8.21,2.01
2023-01-16 09:00:00+08:00,258.23,421.77,125.48,-5.6,2.85
2023-01-16 10:00:00+08:00,357.6,370.06,198.81,-2.1,3.68
2023-01-16 11:00:00+08:00,419.48,251.76,289.79,-0.44,4.62
2023-01-16 12:00:00+08:00,406.02,211.02,280.26,0.27,4.93
2023-01-16 13:00:00+08:00,406.7,293.82,251.45,0.66,4.95
2023-01-16 14:00:00+08:00,316.25,195.22,227.7,0.66,4.85
2023-01-16 15:00:00+08:00,195.88,141.16,146.94,0.18,4.46
2023-01-16 16:00:00+08:00,68.7,38.37,56.43,-2.1,2.68
2023-01-16 17:00:00+08:00,0.0,0.0,0.0,-3.87,2.6
2023-01-16 18:00:00+08:00,0.0,0.0,0.0,-3.86,2.68
2023-01-16 19:00:00+08:00,0.0,0.0,0.0,-3.93,3.05
2023-01-16 20:00:00+08:00,0.0,0.0,0.0,-3.95,3.54
2023-01-16 21:00:00+08:00,0.0,0.0,0.0,-4.0,3.87
2023-01-16 22:00:00+08:00,0.0,0.0,0.0,-4.14,4.0
2023-01-16 23:00:00+08:00,0.0,0.0,0.0,-4.31,4.04
2023-01-17 00:00:00+08:00,0.0,0.0,0.0,-4.52,3.92
2023-01-17 01:00:00+08:00,0.0,0.0,0.0,-4.72,3.77
2023-01-17 02:00:00+08:00,0.0,0.0,0.0,-5.3,3.62
2023-01-17 03:00:00+08:00,0.0,0.0,0.0,-6.71,3.46
2023-01-17 04:00:00+08:00,0.0,0.0,0.0,-7.58,3.35
2023-01-17 05:00:00+08:00,0.0,0.0,0.0,-8.15,3.15
2023-01-17 06:00:00+08:00,0.0,0.0,0.0,-8.56,2.92
2023-01-17 07:00:00+08:00,12.32,30.8,13.93,-8.48,2.57
2023-01-17 08:00:00+08:00,136.32,352.89,67.51,-5.95,2.25
2023-01-17 09:00:00+08:00,294.62,581.45,103.55,-3.54,1.69
2023-01-17 10:00:00+08:00,434.5,733.87,111.42,-0.73,2.13
2023-01-17 11:00:00+08:00,531.58,844.51,92.29,1.58,2.95
2023-01-17 12:00:00+08:00,391.88,360.04,204.52,2.28,3.21
2023-01-17 13:00:00+08:00,318.88,193.44,214.0,2.51,3.53
2023-01-17 14:00:00+08:00,243.18,167.94,178.58,2.32,3.7
2023-01-17 15:00:00+08:00,161.57,141.37,121.56,1.6,3.48
2023-01-17 16:00:00+08:00,62.15,37.21,52.6,-0.57,2.49
2023-01-17 17:00:00+08:00,0.0,0.0,0.0,-1.78,2.45
2023-01-17 18:00:00+08:00,0.0,0.0,0.0,-1.75,2.28
2023-01-17 19:00:00+08:00,0.0,0.0,0.0,-2.13,2.14
2023-01-17 20:00:00+08:00,0.0,0.0,0.0,-2.33,1.88
2023-01-17 21:00:00+08:00,0.0,0.0,0.0,-2.16,1.43
2023-01-17 22:00:00+08:00,0.0,0.0,0.0,-2.1,0.98
2023-01-17 23:00:00+08:00,0.0,0.0,0.0,-2.41,0.65
2023-01-18 00:00:00+08:00,0.0,0.0,0.0,-2.75,0.57
2023-01-18 01:00:00+08:00,0.0,0.0,0.0,-3.44,1.01
2023-01-18 02:00:00+08:00,0.0,0.0,0.0,-4.41,1.64
2023-01-18 03:00:00+08:00,0.0,0.0,0.0,-5.64,2.21
2023-01-18 04:00:00+08:00,0.0,0.0,0.0,-6.78,2.68
2023-01-18 05:00:00+08:00,0.0,0.0,0.0,-7.6,3.05
2023-01-18 06:00:00+08:00,0.0,0.0,0.0,-8.13,3.33
2023-01-18 07:00:00+08:00,17.02,140.41,10.76,-8.13,3.55
2023-01-18 08:00:00+08:00,168.65,656.77,39.43,-5.03,4.25
2023-01-18 09:00:00+08:00,341.0,852.96,55.6,-2.33,5.31
2023-01-18 10:00:00+08:00,476.55,909.66,66.35,0.54,6.75
2023-01-18 11:00:00+08:00,558.95,936.78,77.37,2.24,7.59
2023-01-18 12:00:00+08:00,529.6,741.3,122.06,3.19,7.41
2023-01-18 13:00:00+08:00,485.3,729.23,115.26,3.67,6.99
2023-01-18 14:00:00+08:00,382.33,646.28,102.86,3.61,6.43
2023-01-18 15:00:00+08:00,241.32,530.86,78.93,2.94,5.02
2023-01-18 16:00:00+08:00,87.32,238.47,45.68,-0.05,3.23
2023-01-18 17:00:00+08:00,0.0,0.0,0.0,-2.35,3.65
2023-01-18 18:00:00+08:00,0.0,0.0,0.0,-2.57,4.02
2023-01-18 19:00:00+08:00,0.0,0.0,0.0,-2.83,4.62
2023-01-18 20:00:00+08:00,0.0,0.0,0.0,-2.91,5.17
2023-01-18 21:00:00+08:00,0.0,0.0,0.0,-3.05,5.42
2023-01-18 22:00:00+08:00,0.0,0.0,0.0,-3.21,5.49
2023-01-18 23:00:00+08:00,0.0,0.0,0.0,-3.44,5.37
2023-01-19 00:00:00+08:00,0.0,0.0,0.0,-3.92,4.96
2023-01-19 01:00:00+08:00,0.0,0.0,0.0,-4.53,4.48
2023-01-19 02:00:00+08:00,0.0,0.0,0.0,-5.36,4.01
2023-01-19 03:00:00+08:00,0.0,0.0,0.0,-6.11,3.68
2023-01-19 04:00:00+08:00,0.0,0.0,0.0,-6.72,3.38
2023-01-19 05:00:00+08:00,0.0,0.0,0.0,-7.11,3.12
2023-01-19 06:00:00+08:00,0.0,0.0,0.0,-7.15,2.98
2023-01-19 07:00:00+08:00,11.2,12.0,12.18,-6.76,2.9
2023-01-19 08:00:00+08:00,127.3,307.04,61.22,-3.57,2.82
2023-01-19 09:00:00+08:00,273.1,488.21,99.72,-0.57,3.83
2023-01-19 10:00:00+08:00,409.38,615.35,119.16,2.3,4.25
2023-01-19 11:00:00+08:00,499.52,698.74,129.51,5.05,6.16
2023-01-19 12:00:00+08:00,465.7,526.71,167.23,5.74,7.9
2023-01-19 13:00:00+08:00,427.75,520.73,150.11,5.59,8.0
2023-01-19 14:00:00+08:00,343.75,485.52,126.19,5.1,7.66
2023-01-19 15:00:00+08:00,213.93,378.52,92.22,3.96,6.17
2023-01-19 16:00:00+08:00,83.97,197.58,47.36,0.57,3.8
2023-01-19 17:00:00+08:00,0.0,0.0,0.0,-1.95,3.82
2023-01-19 18:00:00+08:00,0.0,0.0,0.0,-2.06,3.93
2023-01-19 19:00:00+08:00,0.0,0.0,0.0,-2.02,4.39
2023-01-19 20:00:00+08:00,0.0,0.0,0.0,-2.2,4.99
2023-01-19 21:00:00+08:00,0.0,0.0,0.0,-2.76,5.49
2023-01-19 22:00:00+08:00,0.0,0.0,0.0,-3.3,6.0
2023-01-19 23:00:00+08:00,0.0,0.0,0.0,-4.14,5.58
2023-01-20 00:00:00+08:00,0.0,0.0,0.0,-5.47,4.33
2023-01-20 01:00:00+08:00,0.0,0.0,0.0,-6.31,4.13
2023-01-20 02:00:00+08:00,0.0,0.0,0.0,-7.02,4.29
2023-01-20 03:00:00+08:00,0.0,0.0,0.0,-7.95,4.24
2023-01-20 04:00:00+08:00,0.0,0.0,0.0,-8.89,4.04
2023-01-20 05:00:00+08:00,0.0,0.0,0.0,-9.77,3.64
2023-01-20 06:00:00+08:00,0.0,0.0,0.0,-10.47,3.3
2023-01-20 07:00:00+08:00,21.12,195.48,9.95,-10.51,2.99
2023-01-20 08:00:00+08:00,187.5,781.98,32.76,-7.74,3.53
2023-01-20 09:00:00+08:00,367.9,948.61,45.22,-4.89,3.95
2023-01-20 10:00:00+08:00,508.12,1014.38,50.03,-2.58,3.2
2023-01-20 11:00:00+08:00,592.75,1041.48,55.54,-1.2,2.53
2023-01-20 12:00:00+08:00,605.3,978.77,69.58,-0.4,2.94
2023-01-20 13:00:00+08:00,549.25,883.85,105.47,-0.01,3.36
2023-01-20 14:00:00+08:00,442.83,802.02,118.43,-0.1,3.28
2023-01-20 15:00:00+08:00,287.77,734.15,90.81,-0.64,2.81
2023-01-20 16:00:00+08:00,118.88,394.64,55.46,-1.98,1.56
2023-01-20 17:00:00+08:00,0.0,0.0,0.0,-2.95,0.75
2023-01-20 18:00:00+08:00,0.0,0.0,0.0,-3.01,0.35
2023-01-20 19:00:00+08:00,0.0,0.0,0.0,-3.92,1.42
2023-01-20 20:00:00+08:00,0.0,0.0,0.0,-5.09,2.28
2023-01-20 21:00:00+08:00,0.0,0.0,0.0,-6.12,2.95
2023-01-20 22:00:00+08:00,0.0,0.0,0.0,-6.79,3.48
2023-01-20 23:00:00+08:00,0.0,0.0,0.0,-7.08,3.82
2023-01-21 00:00:00+08:00,0.0,0.0,0.0,-7.19,4.06
2023-01-21 01:00:00+08:00,0.0,0.0,0.0,-7.17,4.39
2023-01-21 02:00:00+08:00,0.0,0.0,0.0,-7.05,4.83
2023-01-21 03:00:00+08:00,0.0,0.0,0.0,-6.9,5.3
2023-01-21 04:00:00+08:00,0.0,0.0,0.0,-6.73,5.76
2023-01-21 05:00:00+08:00,0.0,0.0,0.0,-6.62,6.13
2023-01-21 06:00:00+08:00,0.0,0.0,0.0,-6.58,6.32
2023-01-21 07:00:00+08:00,12.43,10.99,12.83,-6.34,6.55
2023-01-21 08:00:00+08:00,122.62,237.3,69.54,-4.67,7.05
2023-01-21 09:00:00+08:00,262.5,408.94,114.78,-2.18,6.9
2023-01-21 10:00:00+08:00,384.1,489.04,155.28,0.81,7.88
2023-01-21 11:00:00+08:00,462.23,523.62,173.3,3.05,7.85
2023-01-21 12:00:00+08:00,459.85,475.49,187.63,4.46,7.49
2023-01-21 13:00:00+08:00,340.25,65.82,286.54,5.01,6.95
2023-01-21 14:00:00+08:00,244.35,31.31,203.2,4.74,6.04
2023-01-21 15:00:00+08:00,152.9,18.97,131.21,2.83,3.22
2023-01-21 16:00:00+08:00,66.12,11.52,55.82,1.05,2.37
2023-01-21 17:00:00+08:00,0.0,0.0,0.0,0.87,1.89
2023-01-21 18:00:00+08:00,0.0,0.0,0.0,0.95,1.67
2023-01-21 19:00:00+08:00,0.0,0.0,0.0,0.81,1.74
2023-01-21 20:00:00+08:00,0.0,0.0,0.0,0.53,1.96
2023-01-21 21:00:00+08:00,0.0,0.0,0.0,0.33,2.06
2023-01-21 22:00:00+08:00,0.0,0.0,0.0,0.26,1.98
2023-01-21 23:00:00+08:00,0.0,0.0,0.0,0.24,1.75
2023-01-22 00:00:00+08:00,0.0,0.0,0.0,0.25,1.26
2023-01-22 01:00:00+08:00,0.0,0.0,0.0,0.19,0.52
2023-01-22 02:00:00+08:00,0.0,0.0,0.0,-0.45,0.78
2023-01-22 03:00:00+08:00,0.0,0.0,0.0,-1.6,1.5
2023-01-22 04:00:00+08:00,0.0,0.0,0.0,-2.19,1.63
2023-01-22 05:00:00+08:00,0.0,0.0,0.0,-2.38,1.43
2023-01-22 06:00:00+08:00,0.0,0.0,0.0,-2.01,0.9
2023-01-22 07:00:00+08:00,10.38,0.64,13.23,-1.56,0.79
2023-01-22 08:00:00+08:00,99.57,77.07,82.9,-0.81,0.98
2023-01-22 09:00:00+08:00,236.3,225.93,152.93,0.36,1.33
2023-01-22 10:00:00+08:00,339.45,356.41,161.0,2.48,1.71
2023-01-22 11:00:00+08:00,438.05,439.15,185.05,4.33,2.4
2023-01-22 12:00:00+08:00,430.27,374.82,203.48,4.84,2.93
2023-01-22 13:00:00+08:00,371.83,285.74,204.08,4.95,3.27
2023-01-22 14:00:00+08:00,286.42,251.46,162.17,4.65,3.42
2023-01-22 15:00:00+08:00,173.23,163.28,120.63,3.67,2.91
2023-01-22 16:00:00+08:00,58.4,34.88,52.08,0.49,2.55
2023-01-22 17:00:00+08:00,2.67,0.0,4.09,-1.78,3.0
2023-01-22 18:00:00+08:00,0.0,0.0,0.0,-2.02,3.07
2023-01-22 19:00:00+08:00,0.0,0.0,0.0,-2.25,3.11
2023-01-22 20:00:00+08:00,0.0,0.0,0.0,-2.41,3.1
2023-01-22 21:00:00+08:00,0.0,0.0,0.0,-2.46,3.02
2023-01-22 22:00:00+08:00,0.0,0.0,0.0,-2.48,2.9
2023-01-22 23:00:00+08:00,0.0,0.0,0.0,-2.55,2.71
2023-01-23 00:00:00+08:00,0.0,0.0,0.0,-3.01,2.52
2023-01-23 01:00:00+08:00,0.0,0.0,0.0,-3.63,2.44
2023-01-23 02:00:00+08:00,0.0,0.0,0.0,-4.25,2.5
2023-01-23 03:00:00+08:00,0.0,0.0,0.0,-4.7,2.75
2023-01-23 04:00:00+08:00,0.0,0.0,0.0,-4.71,2.83
2023-01-23 05:00:00+08:00,0.0,0.0,0.0,-4.31,2.94
2023-01-23 06:00:00+08:00,0.0,0.0,0.0,-4.09,3.72
2023-01-23 07:00:00+08:00,7.07,0.0,8.43,-3.96,4.37
2023-01-23 08:00:00+08:00,54.72,11.72,47.88,-3.2,5.16
2023-01-23 09:00:00+08:00,118.62,26.01,98.27,-2.32,6.32
2023-01-23 10:00:00+08:00,169.95,22.71,140.45,-1.87,7.25
2023-01-23 11:00:00+08:00,201.52,0.35,175.42,-1.88,8.14
2023-01-23 12:00:00+08:00,283.58,6.86,247.22,-2.12,8.74
2023-01-23 13:00:00+08:00,246.95,141.95,194.32,-2.42,9.01
2023-01-23 14:00:00+08:00,233.02,210.51,159.97,-2.81,9.08
2023-01-23 15:00:00+08:00,153.95,168.25,102.63,-3.48,9.0
2023-01-23 16:00:00+08:00,64.28,133.61,47.01,-4.49,8.81
2023-01-23 17:00:00+08:00,3.67,12.37,5.01,-5.56,8.05
2023-01-23 18:00:00+08:00,0.0,0.0,0.0,-6.43,7.25
2023-01-23 19:00:00+08:00,0.0,0.0,0.0,-7.4,5.95
2023-01-23 20:00:00+08:00,0.0,0.0,0.0,-8.71,4.28
2023-01-23 21:00:00+08:00,0.0,0.0,0.0,-9.78,3.19
2023-01-23 22:00:00+08:00,0.0,0.0,0.0,-10.24,3.35
2023-01-23 23:00:00+08:00,0.0,0.0,0.0,-9.99,5.43
2023-01-24 00:00:00+08:00,0.0,0.0,0.0,-10.1,7.09
2023-01-24 01:00:00+08:00,0.0,0.0,0.0,-11.32,6.96
2023-01-24 02:00:00+08:00,0.0,0.0,0.0,-12.64,6.09
2023-01-24 03:00:00+08:00,0.0,0.0,0.0,-13.61,5.34
2023-01-24 04:00:00+08:00,0.0,0.0,0.0,-14.26,5.46
2023-01-24 05:00:00+08:00,0.0,0.0,0.0,-14.82,5.75
2023-01-24 06:00:00+08:00,0.0,0.0,0.0,-15.53,5.3
2023-01-24 07:00:00+08:00,24.83,218.2,11.57,-15.81,4.75
2023-01-24 08:00:00+08:00,199.82,794.34,35.8,-14.32,6.0
2023-01-24 09:00:00+08:00,386.33,972.47,46.11,-12.5,6.51
2023-01-24 10:00:00+08:00,532.2,1035.72,53.43,-10.53,6.35
2023-01-24 11:00:00+08:00,622.55,1035.18,62.77,-9.01,6.24
2023-01-24 12:00:00+08:00,641.83,1057.94,61.96,-8.0,6.24
2023-01-24 13:00:00+08:00,599.97,1045.08,56.04,-7.35,5.99
2023-01-24 14:00:00+08:00,494.12,1004.6,53.54,-7.09,5.61
2023-01-24 15:00:00+08:00,335.38,937.33,44.84,-7.29,5.01
2023-01-24 16:00:00+08:00,143.55,685.93,32.14,-8.29,3.6
2023-01-24 17:00:00+08:00,6.85,85.49,5.91,-10.5,1.85
2023-01-24 18:00:00+08:00,0.0,0.0,0.0,-10.76,1.46
2023-01-24 19:00:00+08:00,0.0,0.0,0.0,-11.26,1.52
2023-01-24 20:00:00+08:00,0.0,0.0,0.0,-12.38,2.12
2023-01-24 21:00:00+08:00,0.0,0.0,0.0,-13.48,2.78
2023-01-24 22:00:00+08:00,0.0,0.0,0.0,-14.08,3.23
2023-01-24 23:00:00+08:00,0.0,0.0,0.0,-14.39,3.44
2023-01-25 00:00:00+08:00,0.0,0.0,0.0,-14.64,3.55
2023-01-25 01:00:00+08:00,0.0,0.0,0.0,-14.82,3.69
2023-01-25 02:00:00+08:00,0.0,0.0,0.0,-14.98,3.82
2023-01-25 03:00:00+08:00,0.0,0.0,0.0,-15.07,4.02
2023-01-25 04:00:00+08:00,0.0,0.0,0.0,-15.09,4.3
2023-01-25 05:00:00+08:00,0.0,0.0,0.0,-15.06,4.66
2023-01-25 06:00:00+08:00,0.0,0.0,0.0,-15.06,4.98
2023-01-25 07:00:00+08:00,23.8,192.98,13.19,-14.56,5.53
2023-01-25 08:00:00+08:00,192.3,717.62,43.2,-12.11,6.54
2023-01-25 09:00:00+08:00,369.6,880.3,58.27,-8.84,7.61
2023-01-25 10:00:00+08:00,506.3,924.61,74.73,-5.92,8.79
2023-01-25 11:00:00+08:00,584.78,927.94,84.59,-3.99,8.98
2023-01-25 12:00:00+08:00,574.8,822.69,112.23,-2.69,8.94
2023-01-25 13:00:00+08:00,524.67,764.42,115.57,-1.8,8.78
2023-01-25 14:00:00+08:00,412.58,654.51,115.45,-1.41,8.42
2023-01-25 15:00:00+08:00,257.4,486.74,94.12,-1.5,7.74
2023-01-25 16:00:00+08:00,97.93,227.63,54.19,-2.83,5.61
2023-01-25 17:00:00+08:00,4.68,2.7,6.76,-5.58,4.27
2023-01-25 18:00:00+08:00,0.0,0.0,0.0,-6.31,4.71
2023-01-25 19:00:00+08:00,0.0,0.0,0.0,-6.56,5.36
2023-01-25 20:00:00+08:00,0.0,0.0,0.0,-6.8,5.8
2023-01-25 21:00:00+08:00,0.0,0.0,0.0,-7.15,5.77
2023-01-25 22:00:00+08:00,0.0,0.0,0.0,-7.57,5.46
2023-01-25 23:00:00+08:00,0.0,0.0,0.0,-7.95,5.08
2023-01-26 00:00:00+08:00,0.0,0.0,0.0,-8.35,4.67
2023-01-26 01:00:00+08:00,0.0,0.0,0.0,-8.91,4.02
2023-01-26 02:00:00+08:00,0.0,0.0,0.0,-9.55,3.42
2023-01-26 03:00:00+08:00,0.0,0.0,0.0,-10.13,2.97
2023-01-26 04:00:00+08:00,0.0,0.0,0.0,-10.28,2.36
2023-01-26 05:00:00+08:00,0.0,0.0,0.0,-9.6,1.47
2023-01-26 06:00:00+08:00,0.0,0.0,0.0,-8.67,0.77
2023-01-26 07:00:00+08:00,6.68,0.0,6.87,-8.63,1.6
2023-01-26 08:00:00+08:00,45.03,0.0,39.85,-7.35,2.43
2023-01-26 09:00:00+08:00,83.38,0.0,71.84,-6.43,3.08
2023-01-26 10:00:00+08:00,123.03,0.0,104.12,-5.66,3.71
2023-01-26 11:00:00+08:00,143.75,0.0,124.68,-4.86,4.64
2023-01-26 12:00:00+08:00,131.02,0.0,113.8,-4.3,5.41
2023-01-26 13:00:00+08:00,126.12,0.0,109.81,-3.33,5.83
2023-01-26 14:00:00+08:00,118.3,84.25,79.3,-2.57,5.95
2023-01-26 15:00:00+08:00,108.15,150.98,65.09,-2.4,5.82
2023-01-26 16:00:00+08:00,64.3,131.52,42.11,-3.39,4.27
2023-01-26 17:00:00+08:00,4.78,4.21,7.23,-6.56,3.23
2023-01-26 18:00:00+08:00,0.0,0.0,0.0,-7.73,3.28
2023-01-26 19:00:00+08:00,0.0,0.0,0.0,-8.44,3.21
2023-01-26 20:00:00+08:00,0.0,0.0,0.0,-8.92,3.02
2023-01-26 21:00:00+08:00,0.0,0.0,0.0,-9.07,2.76
2023-01-26 22:00:00+08:00,0.0,0.0,0.0,-8.96,2.47
2023-01-26 23:00:00+08:00,0.0,0.0,0.0,-8.99,2.39
2023-01-27 00:00:00+08:00,0.0,0.0,0.0,-9.17,2.35
2023-01-27 01:00:00+08:00,0.0,0.0,0.0,-9.7,2.51
2023-01-27 02:00:00+08:00,0.0,0.0,0.0,-10.82,3.04
2023-01-27 03:00:00+08:00,0.0,0.0,0.0,-11.74,3.52
2023-01-27 04:00:00+08:00,0.0,0.0,0.0,-12.28,3.63
2023-01-27 05:00:00+08:00,0.0,0.0,0.0,-12.7,3.54
2023-01-27 06:00:00+08:00,0.0,0.0,0.0,-13.01,3.44
2023-01-27 07:00:00+08:00,24.15,198.36,12.67,-12.51,3.22
2023-01-27 08:00:00+08:00,194.18,727.19,40.52,-8.91,3.9
2023-01-27 09:00:00+08:00,378.15,889.94,52.64,-6.09,3.67
2023-01-27 10:00:00+08:00,524.2,983.93,57.29,-2.3,5.8
2023-01-27 11:00:00+08:00,615.53,1023.59,58.75,-0.8,6.28
2023-01-27 12:00:00+08:00,627.15,999.13,64.86,-0.15,6.4
2023-01-27 13:00:00+08:00,590.4,996.5,63.66,0.18,6.29
2023-01-27 14:00:00+08:00,490.3,969.29,54.57,0.13,5.99
2023-01-27 15:00:00+08:00,337.65,891.21,46.95,-0.36,5.43
2023-01-27 16:00:00+08:00,150.38,666.24,34.91,-2.08,3.57
2023-01-27 17:00:00+08:00,8.85,93.54,7.81,-5.23,2.66
2023-01-27 18:00:00+08:00,0.0,0.0,0.0,-5.42,2.14
2023-01-27 19:00:00+08:00,0.0,0.0,0.0,-5.24,1.68
2023-01-27 20:00:00+08:00,0.0,0.0,0.0,-5.92,1.9
2023-01-27 21:00:00+08:00,0.0,0.0,0.0,-7.23,2.53
2023-01-27 22:00:00+08:00,0.0,0.0,0.0,-8.51,3.17
2023-01-27 23:00:00+08:00,0.0,0.0,0.0,-9.35,3.62
2023-01-28 00:00:00+08:00,0.0,0.0,0.0,-9.83,3.88
2023-01-28 01:00:00+08:00,0.0,0.0,0.0,-10.18,3.98
2023-01-28 02:00:00+08:00,0.0,0.0,0.0,-10.61,3.85
2023-01-28 03:00:00+08:00,0.0,0.0,0.0,-11.13,3.59
2023-01-28 04:00:00+08:00,0.0,0.0,0.0,-11.65,3.3
2023-01-28 05:00:00+08:00,0.0,0.0,0.0,-11.98,3.02
2023-01-28 06:00:00+08:00,0.0,0.0,0.0,-11.9,2.74
2023-01-28 07:00:00+08:00,25.17,214.97,13.69,-11.21,2.48
2023-01-28 08:00:00+08:00,195.57,723.7,40.8,-7.8,2.4
2023-01-28 09:00:00+08:00,377.33,876.21,54.12,-4.99,2.21
2023-01-28 10:00:00+08:00,520.4,963.02,59.95,-1.26,2.79
2023-01-28 11:00:00+08:00,608.4,995.22,62.97,1.75,4.04
2023-01-28 12:00:00+08:00,607.12,923.41,80.7,2.66,4.11
2023-01-28 13:00:00+08:00,568.15,899.8,81.19,3.01,3.98
2023-01-28 14:00:00+08:00,467.08,868.48,71.01,2.93,3.67
2023-01-28 15:00:00+08:00,315.7,765.92,60.59,2.39,3.11
2023-01-28 16:00:00+08:00,135.12,514.25,43.59,0.49,1.71
2023-01-28 17:00:00+08:00,7.55,38.3,8.91,-0.77,1.36
2023-01-28 18:00:00+08:00,0.0,0.0,0.0,-1.95,2.09
2023-01-28 19:00:00+08:00,0.0,0.0,0.0,-3.57,3.07
2023-01-28 20:00:00+08:00,0.0,0.0,0.0,-4.62,3.75
2023-01-28 21:00:00+08:00,0.0,0.0,0.0,-5.12,4.22
2023-01-28 22:00:00+08:00,0.0,0.0,0.0,-5.32,4.6
2023-01-28 23:00:00+08:00,0.0,0.0,0.0,-5.51,4.86
2023-01-29 00:00:00+08:00,0.0,0.0,0.0,-5.84,4.89
2023-01-29 01:00:00+08:00,0.0,0.0,0.0,-6.29,4.7
2023-01-29 02:00:00+08:00,0.0,0.0,0.0,-6.82,4.44
2023-01-29 03:00:00+08:00,0.0,0.0,0.0,-7.4,4.05
2023-01-29 04:00:00+08:00,0.0,0.0,0.0,-7.98,3.61
2023-01-29 05:00:00+08:00,0.0,0.0,0.0,-8.27,3.39
2023-01-29 06:00:00+08:00,0.0,0.0,0.0,-8.24,3.26
2023-01-29 07:00:00+08:00,22.23,121.3,15.98,-7.46,3.11
2023-01-29 08:00:00+08:00,182.2,592.89,53.75,-3.47,2.93
2023-01-29 09:00:00+08:00,359.73,789.17,70.85,-0.37,3.34
2023-01-29 10:00:00+08:00,502.7,869.16,78.81,2.68,3.46
2023-01-29 11:00:00+08:00,592.6,915.86,81.95,5.69,4.09
2023-01-29 12:00:00+08:00,589.25,826.54,108.64,7.46,4.21
2023-01-29 13:00:00+08:00,551.53,822.92,101.83,8.01,3.9
2023-01-29 14:00:00+08:00,453.88,781.18,89.81,7.8,3.53
2023-01-29 15:00:00+08:00,305.8,679.91,74.34,6.56,2.34
2023-01-29 16:00:00+08:00,133.25,452.29,50.67,3.31,2.42
2023-01-29 17:00:00+08:00,7.97,27.01,8.28,1.5,2.54
2023-01-29 18:00:00+08:00,0.0,0.0,0.0,1.2,2.41
2023-01-29 19:00:00+08:00,0.0,0.0,0.0,0.98,2.33
2023-01-29 20:00:00+08:00,0.0,0.0,0.0,0.55,2.44
2023-01-29 21:00:00+08:00,0.0,0.0,0.0,-0.1,2.73
2023-01-29 22:00:00+08:00,0.0,0.0,0.0,-0.72,3.1
2023-01-29 23:00:00+08:00,0.0,0.0,0.0,-1.08,3.42
2023-01-30 00:00:00+08:00,0.0,0.0,0.0,-1.37,3.68
2023-01-30 01:00:00+08:00,0.0,0.0,0.0,-1.82,3.93
2023-01-30 02:00:00+08:00,0.0,0.0,0.0,-2.15,4.17
2023-01-30 03:00:00+08:00,0.0,0.0,0.0,-2.38,4.43
2023-01-30 04:00:00+08:00,0.0,0.0,0.0,-2.59,4.72
2023-01-30 05:00:00+08:00,0.0,0.0,0.0,-2.91,4.87
2023-01-30 06:00:00+08:00,0.0,0.0,0.0,-3.24,4.96
2023-01-30 07:00:00+08:00,20.3,58.12,17.41,-2.82,5.37
2023-01-30 08:00:00+08:00,166.25,443.24,66.1,-0.38,6.55
2023-01-30 09:00:00+08:00,332.33,618.74,95.65,2.1,6.21
2023-01-30 10:00:00+08:00,470.12,728.78,108.57,5.18,6.7
2023-01-30 11:00:00+08:00,558.75,781.68,115.67,7.36,7.6
2023-01-30 12:00:00+08:00,553.67,702.67,131.82,8.64,7.92
2023-01-30 13:00:00+08:00,511.75,662.32,139.04,9.01,7.66
2023-01-30 14:00:00+08:00,409.0,592.39,123.11,8.45,6.25
2023-01-30 15:00:00+08:00,261.52,460.94,101.01,6.27,3.61
2023-01-30 16:00:00+08:00,110.4,262.41,64.15,2.52,3.63
2023-01-30 17:00:00+08:00,7.05,3.93,8.9,0.24,3.95
2023-01-30 18:00:00+08:00,0.0,0.0,0.0,-0.27,4.06
2023-01-30 19:00:00+08:00,0.0,0.0,0.0,-0.51,4.14
2023-01-30 20:00:00+08:00,0.0,0.0,0.0,-0.58,4.31
2023-01-30 21:00:00+08:00,0.0,0.0,0.0,-0.6,4.55
2023-01-30 22:00:00+08:00,0.0,0.0,0.0,-0.79,4.52
2023-01-30 23:00:00+08:00,0.0,0.0,0.0,-0.98,4.43
2023-01-31 00:00:00+08:00,0.0,0.0,0.0,-1.04,4.41
2023-01-31 01:00:00+08:00,0.0,0.0,0.0,-1.14,4.24
2023-01-31 02:00:00+08:00,0.0,0.0,0.0,-1.28,4.11
2023-01-31 03:00:00+08:00,0.0,0.0,0.0,-1.27,4.03
2023-01-31 04:00:00+08:00,0.0,0.0,0.0,-1.39,3.72
2023-01-31 05:00:00+08:00,0.0,0.0,0.0,-1.77,3.41
2023-01-31 06:00:00+08:00,0.0,0.0,0.0,-1.93,3.2
2023-01-31 07:00:00+08:00,20.27,38.43,19.57,-1.41,2.81
2023-01-31 08:00:00+08:00,160.93,380.75,74.1,1.6,2.25
2023-01-31 09:00:00+08:00,326.3,594.9,107.37,3.93,2.41
2023-01-31 10:00:00+08:00,463.5,676.46,127.88,6.01,2.17
2023-01-31 11:00:00+08:00,556.2,717.77,145.63,7.42,1.57
2023-01-31 12:00:00+08:00,506.7,508.37,205.73,8.87,1.39
2023-01-31 13:00:00+08:00,491.9,522.91,191.51,9.77,1.12
2023-01-31 14:00:00+08:00,377.75,454.76,160.82,9.9,1.02
2023-01-31 15:00:00+08:00,249.32,364.01,123.55,8.67,1.09
2023-01-31 16:00:00+08:00,111.05,189.46,75.49,6.38,1.54
2023-01-31 17:00:00+08:00,7.88,3.02,10.79,4.56,1.99
2023-01-31 18:00:00+08:00,0.0,0.0,0.0,2.94,2.53
2023-01-31 19:00:00+08:00,0.0,0.0,0.0,1.99,2.81
2023-01-31 20:00:00+08:00,0.0,0.0,0.0,2.01,2.84
2023-01-31 21:00:00+08:00,0.0,0.0,0.0,1.92,2.93
2023-01-31 22:00:00+08:00,0.0,0.0,0.0,1.44,3.27
2023-01-31 23:00:00+08:00,0.0,0.0,0.0,1.25,4.12
2023-02-01 00:00:00+08:00,0.0,0.0,0.0,1.5,5.81
2023-02-01 01:00:00+08:00,0.0,0.0,0.0,0.57,6.88
2023-02-01 02:00:00+08:00,0.0,0.0,0.0,-0.86,7.04
2023-02-01 03:00:00+08:00,0.0,0.0,0.0,-1.44,7.48
2023-02-01 04:00:00+08:00,0.0,0.0,0.0,-1.29,8.0
2023-02-01 05:00:00+08:00,0.0,0.0,0.0,-1.74,7.85
2023-02-01 06:00:00+08:00,0.0,0.0,0.0,-2.55,7.73
2023-02-01 07:00:00+08:00,21.67,38.05,22.23,-2.66,7.83
2023-02-01 08:00:00+08:00,185.45,397.74,102.38,-0.99,8.99
2023-02-01 09:00:00+08:00,358.8,534.35,164.36,0.8,11.32
2023-02-01 10:00:00+08:00,497.02,669.71,198.19,1.8,10.66
2023-02-01 11:00:00+08:00,567.25,613.63,235.5,2.44,10.01
2023-02-01 12:00:00+08:00,506.73,386.79,281.07,2.85,9.61
2023-02-01 13:00:00+08:00,542.7,595.67,268.07,3.02,9.09
2023-02-01 14:00:00+08:00,446.67,533.02,222.01,2.81,8.49
2023-02-01 15:00:00+08:00,299.1,381.43,178.64,2.16,7.7
2023-02-01 16:00:00+08:00,134.3,214.56,95.09,0.44,5.62
2023-02-01 17:00:00+08:00,9.55,16.7,11.71,-3.12,3.81
2023-02-01 18:00:00+08:00,0.0,0.0,0.0,-3.85,3.71
2023-02-01 19:00:00+08:00,0.0,0.0,0.0,-4.17,3.47
2023-02-01 20:00:00+08:00,0.0,0.0,0.0,-3.15,3.56
2023-02-01 21:00:00+08:00,0.0,0.0,0.0,-2.72,3.55
2023-02-01 22:00:00+08:00,0.0,0.0,0.0,-2.67,2.63
2023-02-01 23:00:00+08:00,0.0,0.0,0.0,-2.6,1.95
2023-02-02 00:00:00+08:00,0.0,0.0,0.0,-2.51,1.74
2023-02-02 01:00:00+08:00,0.0,0.0,0.0,-2.46,1.68
2023-02-02 02:00:00+08:00,0.0,0.0,0.0,-2.56,1.68
2023-02-02 03:00:00+08:00,0.0,0.0,0.0,-2.72,1.6
2023-02-02 04:00:00+08:00,0.0,0.0,0.0,-2.89,1.41
2023-02-02 05:00:00+08:00,0.0,0.0,0.0,-2.81,1.07
2023-02-02 06:00:00+08:00,0.0,0.0,0.0,-2.43,0.96
2023-02-02 07:00:00+08:00,17.75,2.2,18.03,-2.05,1.25
2023-02-02 08:00:00+08:00,122.78,17.55,102.55,-1.01,0.99
2023-02-02 09:00:00+08:00,248.32,35.61,212.78,0.15,1.25
2023-02-02 10:00:00+08:00,351.88,60.34,289.63,1.11,0.93
2023-02-02 11:00:00+08:00,377.38,25.07,323.57,1.91,0.87
2023-02-02 12:00:00+08:00,344.2,13.95,294.76,2.47,0.74
2023-02-02 13:00:00+08:00,331.88,11.79,286.54,2.82,0.64
2023-02-02 14:00:00+08:00,267.27,10.75,227.69,2.82,0.57
2023-02-02 15:00:00+08:00,167.3,6.6,141.79,2.42,0.48
2023-02-02 16:00:00+08:00,66.82,2.98,60.25,1.62,0.45
2023-02-02 17:00:00+08:00,6.22,0.0,6.66,0.89,0.56
2023-02-02 18:00:00+08:00,0.0,0.0,0.0,0.78,0.5
2023-02-02 19:00:00+08:00,0.0,0.0,0.0,0.63,0.6
2023-02-02 20:00:00+08:00,0.0,0.0,0.0,0.2,0.99
2023-02-02 21:00:00+08:00,0.0,0.0,0.0,-0.4,1.42
2023-02-02 22:00:00+08:00,0.0,0.0,0.0,-1.29,1.89
2023-02-02 23:00:00+08:00,0.0,0.0,0.0,-2.39,2.33
2023-02-03 00:00:00+08:00,0.0,0.0,0.0,-2.85,2.57
2023-02-03 01:00:00+08:00,0.0,0.0,0.0,-3.03,2.64
2023-02-03 02:00:00+08:00,0.0,0.0,0.0,-3.15,2.6
2023-02-03 03:00:00+08:00,0.0,0.0,0.0,-3.57,2.61
2023-02-03 04:00:00+08:00,0.0,0.0,0.0,-4.07,2.67
2023-02-03 05:00:00+08:00,0.0,0.0,0.0,-4.47,2.78
2023-02-03 06:00:00+08:00,0.0,0.0,0.0,-4.83,2.91
2023-02-03 07:00:00+08:00,19.27,23.81,20.4,-4.32,3.11
2023-02-03 08:00:00+08:00,148.62,209.47,91.95,-1.84,4.3
2023-02-03 09:00:00+08:00,303.6,400.21,148.61,0.78,5.65
2023-02-03 10:00:00+08:00,440.5,500.99,176.57,2.71,6.48
2023-02-03 11:00:00+08:00,529.92,562.6,188.29,3.9,6.68
2023-02-03 12:00:00+08:00,520.78,459.86,222.19,4.8,6.55
2023-02-03 13:00:00+08:00,488.67,466.68,204.87,5.41,6.15
2023-02-03 14:00:00+08:00,380.25,407.1,171.25,5.51,5.55
2023-02-03 15:00:00+08:00,265.38,332.92,136.36,5.03,4.17
2023-02-03 16:00:00+08:00,110.03,162.67,70.17,2.53,2.45
2023-02-03 17:00:00+08:00,9.35,4.34,11.65,1.21,2.02
2023-02-03 18:00:00+08:00,0.0,0.0,0.0,1.65,1.35
2023-02-03 19:00:00+08:00,0.0,0.0,0.0,1.28,1.42
2023-02-03 20:00:00+08:00,0.0,0.0,0.0,0.55,1.73
2023-02-03 21:00:00+08:00,0.0,0.0,0.0,0.06,1.84
2023-02-03 22:00:00+08:00,0.0,0.0,0.0,-0.14,1.78
2023-02-03 23:00:00+08:00,0.0,0.0,0.0,-0.05,1.51
2023-02-04 00:00:00+08:00,0.0,0.0,0.0,0.09,1.23
2023-02-04 01:00:00+08:00,0.0,0.0,0.0,-0.26,1.18
2023-02-04 02:00:00+08:00,0.0,0.0,0.0,-0.64,1.22
2023-02-04 03:00:00+08:00,0.0,0.0,0.0,-0.88,1.14
2023-02-04 04:00:00+08:00,0.0,0.0,0.0,-1.09,1.11
2023-02-04 05:00:00+08:00,0.0,0.0,0.0,-1.28,0.99
2023-02-04 06:00:00+08:00,0.0,0.0,0.0,-1.33,0.71
2023-02-04 07:00:00+08:00,25.58,67.29,23.6,-0.98,0.33
2023-02-04 08:00:00+08:00,179.68,421.43,80.79,0.42,0.31
2023-02-04 09:00:00+08:00,356.85,626.36,107.3,2.66,0.79
2023-02-04 10:00:00+08:00,507.83,778.94,110.59,6.2,0.79
2023-02-04 11:00:00+08:00,600.7,835.62,109.26,7.56,0.18
2023-02-04 12:00:00+08:00,569.85,650.76,164.48,8.31,0.56
2023-02-04 13:00:00+08:00,532.15,631.24,161.15,8.62,1.07
2023-02-04 14:00:00+08:00,434.23,575.1,143.82,8.36,1.6
2023-02-04 15:00:00+08:00,287.0,460.71,115.09,7.2,1.58
2023-02-04 16:00:00+08:00,130.15,288.84,70.82,4.62,1.69
2023-02-04 17:00:00+08:00,10.88,11.93,11.84,3.31,1.65
2023-02-04 18:00:00+08:00,0.0,0.0,0.0,2.92,1.59
2023-02-04 19:00:00+08:00,0.0,0.0,0.0,1.76,2.11
2023-02-04 20:00:00+08:00,0.0,0.0,0.0,0.04,2.89
2023-02-04 21:00:00+08:00,0.0,0.0,0.0,-1.02,3.51
2023-02-04 22:00:00+08:00,0.0,0.0,0.0,-1.32,3.83
2023-02-04 23:00:00+08:00,0.0,0.0,0.0,-1.51,3.94
2023-02-05 00:00:00+08:00,0.0,0.0,0.0,-1.7,4.15
2023-02-05 01:00:00+08:00,0.0,0.0,0.0,-1.86,4.41
2023-02-05 02:00:00+08:00,0.0,0.0,0.0,-2.02,4.6
2023-02-05 03:00:00+08:00,0.0,0.0,0.0,-2.18,4.74
2023-02-05 04:00:00+08:00,0.0,0.0,0.0,-2.34,4.86
2023-02-05 05:00:00+08:00,0.0,0.0,0.0,-2.47,4.93
2023-02-05 06:00:00+08:00,0.0,0.0,0.0,-2.53,5.02
2023-02-05 07:00:00+08:00,22.67,22.1,22.33,-2.02,5.49
2023-02-05 08:00:00+08:00,150.95,246.64,86.44,-0.28,5.75
2023-02-05 09:00:00+08:00,304.38,401.94,138.57,2.46,5.66
2023-02-05 10:00:00+08:00,436.73,507.63,162.99,5.52,7.29
2023-02-05 11:00:00+08:00,515.8,544.56,179.21,7.11,7.56
2023-02-05 12:00:00+08:00,552.88,580.71,183.76,8.07,7.62
2023-02-05 13:00:00+08:00,511.05,553.53,174.27,8.58,7.4
2023-02-05 14:00:00+08:00,408.27,474.1,159.03,8.59,6.77
2023-02-05 15:00:00+08:00,284.7,408.81,127.05,7.71,5.05
2023-02-05 16:00:00+08:00,114.68,172.25,75.59,3.88,3.31
2023-02-05 17:00:00+08:00,10.7,5.26,11.81,0.65,3.78
2023-02-05 18:00:00+08:00,0.0,0.0,0.0,0.59,3.87
2023-02-05 19:00:00+08:00,0.0,0.0,0.0,0.84,3.92
2023-02-05 20:00:00+08:00,0.0,0.0,0.0,0.91,4.03
2023-02-05 21:00:00+08:00,0.0,0.0,0.0,0.89,4.12
2023-02-05 22:00:00+08:00,0.0,0.0,0.0,0.77,4.14
2023-02-05 23:00:00+08:00,0.0,0.0,0.0,0.31,4.04
2023-02-06 00:00:00+08:00,0.0,0.0,0.0,-0.15,3.93
2023-02-06 01:00:00+08:00,0.0,0.0,0.0,-0.49,3.83
2023-02-06 02:00:00+08:00,0.0,0.0,0.0,-0.81,3.72
2023-02-06 03:00:00+08:00,0.0,0.0,0.0,-0.94,3.6
2023-02-06 04:00:00+08:00,0.0,0.0,0.0,-1.04,3.47
2023-02-06 05:00:00+08:00,0.0,0.0,0.0,-1.1,3.34
2023-02-06 06:00:00+08:00,0.0,0.0,0.0,-1.07,3.19
2023-02-06 07:00:00+08:00,19.0,7.99,18.92,-0.09,2.8
2023-02-06 08:00:00+08:00,119.95,113.17,84.54,3.19,2.54
2023-02-06 09:00:00+08:00,257.52,217.34,161.43,5.16,1.42
2023-02-06 10:00:00+08:00,383.3,304.63,194.77,8.22,0.85
2023-02-06 11:00:00+08:00,447.35,331.38,226.67,9.94,2.11
2023-02-06 12:00:00+08:00,384.45,210.64,223.63,10.54,2.8
2023-02-06 13:00:00+08:00,366.6,186.04,229.71,10.68,3.35
2023-02-06 14:00:00+08:00,292.45,152.66,196.72,10.36,3.56
2023-02-06 15:00:00+08:00,185.3,98.9,137.33,9.13,3.05
2023-02-06 16:00:00+08:00,77.5,31.99,69.54,5.55,2.9
2023-02-06 17:00:00+08:00,8.68,0.58,10.86,2.99,3.62
2023-02-06 18:00:00+08:00,0.0,0.0,0.0,2.43,4.19
2023-02-06 19:00:00+08:00,0.0,0.0,0.0,1.84,4.44
2023-02-06 20:00:00+08:00,0.0,0.0,0.0,0.87,4.1
2023-02-06 21:00:00+08:00,0.0,0.0,0.0,-0.45,3.61
2023-02-06 22:00:00+08:00,0.0,0.0,0.0,-1.25,3.36
2023-02-06 23:00:00+08:00,0.0,0.0,0.0,-1.52,3.26
2023-02-07 00:00:00+08:00,0.0,0.0,0.0,-1.71,3.19
2023-02-07 01:00:00+08:00,0.0,0.0,0.0,-1.48,3.02
2023-02-07 02:00:00+08:00,0.0,0.0,0.0,-1.65,2.81
2023-02-07 03:00:00+08:00,0.0,0.0,0.0,-1.41,2.48
2023-02-07 04:00:00+08:00,0.0,0.0,0.0,-1.33,2.08
2023-02-07 05:00:00+08:00,0.0,0.0,0.0,-0.75,1.6
2023-02-07 06:00:00+08:00,0.0,0.0,0.0,-0.26,1.09
2023-02-07 07:00:00+08:00,13.88,1.21,14.98,0.0,0.64
2023-02-07 08:00:00+08:00,86.38,32.04,73.03,1.5,0.85
2023-02-07 09:00:00+08:00,197.35,92.68,148.75,4.02,1.1
2023-02-07 10:00:00+08:00,311.3,147.7,196.62,6.82,1.84
2023-02-07 11:00:00+08:00,387.1,194.16,239.78,8.6,2.65
2023-02-07 12:00:00+08:00,308.52,106.01,200.07,9.54,3.18
2023-02-07 13:00:00+08:00,289.02,90.48,187.59,9.75,3.21
2023-02-07 14:00:00+08:00,227.62,70.87,168.13,9.53,3.23
2023-02-07 15:00:00+08:00,145.88,54.67,119.33,8.78,3.25
2023-02-07 16:00:00+08:00,64.3,21.24,59.26,6.21,2.12
2023-02-07 17:00:00+08:00,8.0,0.51,10.15,3.27,2.4
2023-02-07 18:00:00+08:00,0.0,0.0,0.0,2.1,2.46
2023-02-07 19:00:00+08:00,0.0,0.0,0.0,1.35,2.37
2023-02-07 20:00:00+08:00,0.0,0.0,0.0,0.68,2.33
2023-02-07 21:00:00+08:00,0.0,0.0,0.0,0.3,2.25
2023-02-07 22:00:00+08:00,0.0,0.0,0.0,0.24,2.09
2023-02-07 23:00:00+08:00,0.0,0.0,0.0,0.1,2.05
2023-02-08 00:00:00+08:00,0.0,0.0,0.0,-0.19,2.16
2023-02-08 01:00:00+08:00,0.0,0.0,0.0,-0.47,2.35
2023-02-08 02:00:00+08:00,0.0,0.0,0.0,-0.86,2.63
2023-02-08 03:00:00+08:00,0.0,0.0,0.0,-1.01,2.89
2023-02-08 04:00:00+08:00,0.0,0.0,0.0,-0.96,3.1
2023-02-08 05:00:00+08:00,0.0,0.0,0.0,-0.98,3.37
2023-02-08 06:00:00+08:00,0.0,0.0,0.0,-1.18,3.85
2023-02-08 07:00:00+08:00,15.52,2.98,16.91,-0.72,4.97
2023-02-08 08:00:00+08:00,99.0,46.31,82.01,0.58,5.14
2023-02-08 09:00:00+08:00,251.55,178.87,163.95,2.84,5.69
2023-02-08 10:00:00+08:00,406.42,326.43,200.69,4.6,5.83
2023-02-08 11:00:00+08:00,454.35,289.37,260.76,5.86,5.5
2023-02-08 12:00:00+08:00,517.83,423.69,245.4,6.76,5.34
2023-02-08 13:00:00+08:00,458.38,420.47,243.98,7.38,5.13
2023-02-08 14:00:00+08:00,374.58,186.25,279.07,7.57,4.93
2023-02-08 15:00:00+08:00,237.02,151.55,181.17,6.79,4.9
2023-02-08 16:00:00+08:00,112.53,40.2,95.17,4.3,3.39
2023-02-08 17:00:00+08:00,14.23,2.27,16.43,2.29,3.2
2023-02-08 18:00:00+08:00,0.0,0.0,0.0,1.54,3.14
2023-02-08 19:00:00+08:00,0.0,0.0,0.0,1.02,3.12
2023-02-08 20:00:00+08:00,0.0,0.0,0.0,0.6,3.0
2023-02-08 21:00:00+08:00,0.0,0.0,0.0,0.24,2.89
2023-02-08 22:00:00+08:00,0.0,0.0,0.0,-0.05,2.82
2023-02-08 23:00:00+08:00,0.0,0.0,0.0,-0.24,2.75
2023-02-09 00:00:00+08:00,0.0,0.0,0.0,-0.34,2.66
2023-02-09 01:00:00+08:00,0.0,0.0,0.0,-0.42,2.61
2023-02-09 02:00:00+08:00,0.0,0.0,0.0,-0.52,2.48
2023-02-09 03:00:00+08:00,0.0,0.0,0.0,-0.65,2.23
2023-02-09 04:00:00+08:00,0.0,0.0,0.0,-0.63,2.15
2023-02-09 05:00:00+08:00,0.0,0.0,0.0,-0.67,2.25
2023-02-09 06:00:00+08:00,0.0,0.0,0.0,-0.64,2.5
2023-02-09 07:00:00+08:00,8.75,0.0,8.75,-0.1,2.79
2023-02-09 08:00:00+08:00,46.58,2.14,40.13,1.11,3.15
2023-02-09 09:00:00+08:00,113.75,14.73,96.18,2.09,3.45
2023-02-09 10:00:00+08:00,138.15,21.62,116.2,2.98,3.06
2023-02-09 11:00:00+08:00,127.2,30.92,95.27,3.5,2.58
2023-02-09 12:00:00+08:00,131.9,37.22,107.63,3.79,2.13
2023-02-09 13:00:00+08:00,147.0,28.75,117.04,4.02,1.79
2023-02-09 14:00:00+08:00,89.5,34.7,69.65,4.0,1.6
2023-02-09 15:00:00+08:00,103.75,6.46,90.16,3.75,1.68
2023-02-09 16:00:00+08:00,53.65,10.53,46.64,3.03,1.39
2023-02-09 17:00:00+08:00,4.38,0.0,4.5,1.58,1.19
2023-02-09 18:00:00+08:00,0.0,0.0,0.0,0.83,1.29
2023-02-09 19:00:00+08:00,0.0,0.0,0.0,0.17,1.46
2023-02-09 20:00:00+08:00,0.0,0.0,0.0,-0.43,1.59
2023-02-09 21:00:00+08:00,0.0,0.0,0.0,-0.97,1.69
2023-02-09 22:00:00+08:00,0.0,0.0,0.0,-1.43,1.81
2023-02-09 23:00:00+08:00,0.0,0.0,0.0,-1.92,1.94
2023-02-10 00:00:00+08:00,0.0,0.0,0.0,-2.29,1.98
2023-02-10 01:00:00+08:00,0.0,0.0,0.0,-2.17,1.82
2023-02-10 02:00:00+08:00,0.0,0.0,0.0,-1.82,1.49
2023-02-10 03:00:00+08:00,0.0,0.0,0.0,-1.72,1.36
2023-02-10 04:00:00+08:00,0.0,0.0,0.0,-1.7,1.47
2023-02-10 05:00:00+08:00,0.0,0.0,0.0,-1.69,1.57
2023-02-10 06:00:00+08:00,0.0,0.0,0.0,-1.82,1.55
2023-02-10 07:00:00+08:00,10.7,11.65,10.55,-1.13,1.71
2023-02-10 08:00:00+08:00,106.62,110.65,77.47,0.72,1.66
2023-02-10 09:00:00+08:00,221.07,174.59,156.03,2.93,1.45
2023-02-10 10:00:00+08:00,344.25,280.15,188.94,4.88,1.78
2023-02-10 11:00:00+08:00,461.88,277.66,289.46,6.56,2.3
2023-02-10 12:00:00+08:00,490.73,344.08,246.4,7.73,2.68
2023-02-10 13:00:00+08:00,475.02,394.77,209.85,8.43,2.93
2023-02-10 14:00:00+08:00,397.33,405.26,173.62,8.57,2.83
2023-02-10 15:00:00+08:00,269.55,256.49,165.76,8.17,3.12
2023-02-10 16:00:00+08:00,119.43,91.47,100.94,6.18,2.43
2023-02-10 17:00:00+08:00,14.55,2.38,17.0,3.31,2.35
2023-02-10 18:00:00+08:00,0.0,0.0,0.0,2.65,2.3
2023-02-10 19:00:00+08:00,0.0,0.0,0.0,2.28,2.24
2023-02-10 20:00:00+08:00,0.0,0.0,0.0,1.82,2.25
2023-02-10 21:00:00+08:00,0.0,0.0,0.0,1.06,2.46
2023-02-10 22:00:00+08:00,0.0,0.0,0.0,0.41,2.7
2023-02-10 23:00:00+08:00,0.0,0.0,0.0,0.28,2.8
2023-02-11 00:00:00+08:00,0.0,0.0,0.0,0.15,2.8
2023-02-11 01:00:00+08:00,0.0,0.0,0.0,0.01,2.83
2023-02-11 02:00:00+08:00,0.0,0.0,0.0,-0.1,2.93
2023-02-11 03:00:00+08:00,0.0,0.0,0.0,-0.19,3.02
2023-02-11 04:00:00+08:00,0.0,0.0,0.0,-0.3,3.01
2023-02-11 05:00:00+08:00,0.0,0.0,0.0,-0.31,3.13
2023-02-11 06:00:00+08:00,0.0,0.0,0.0,-0.54,3.38
2023-02-11 07:00:00+08:00,22.08,5.33,22.08,-0.33,3.71
2023-02-11 08:00:00+08:00,112.28,65.81,88.11,2.1,4.49
2023-02-11 09:00:00+08:00,210.23,168.38,133.48,4.76,5.09
2023-02-11 10:00:00+08:00,294.45,295.02,141.64,6.2,4.96
2023-02-11 11:00:00+08:00,342.52,298.8,169.43,7.05,3.91
2023-02-11 12:00:00+08:00,243.45,120.17,145.37,7.77,2.9
2023-02-11 13:00:00+08:00,212.57,61.05,152.97,8.16,2.23
2023-02-11 14:00:00+08:00,149.6,42.62,112.22,8.19,1.88
2023-02-11 15:00:00+08:00,123.85,64.63,96.89,8.03,1.74
2023-02-11 16:00:00+08:00,60.75,25.28,50.08,7.26,1.12
2023-02-11 17:00:00+08:00,8.23,1.15,9.54,5.57,1.31
2023-02-11 18:00:00+08:00,0.0,0.0,0.0,3.82,2.03
2023-02-11 19:00:00+08:00,0.0,0.0,0.0,2.4,2.45
2023-02-11 20:00:00+08:00,0.0,0.0,0.0,1.36,2.6
2023-02-11 21:00:00+08:00,0.0,0.0,0.0,0.51,2.88
2023-02-11 22:00:00+08:00,0.0,0.0,0.0,0.36,2.66
2023-02-11 23:00:00+08:00,0.0,0.0,0.0,0.35,1.97
2023-02-12 00:00:00+08:00,0.0,0.0,0.0,0.45,1.67
2023-02-12 01:00:00+08:00,0.0,0.0,0.0,0.21,1.84
2023-02-12 02:00:00+08:00,0.0,0.0,0.0,0.12,2.01
2023-02-12 03:00:00+08:00,0.0,0.0,0.0,0.07,2.7
2023-02-12 04:00:00+08:00,0.0,0.0,0.0,-0.12,2.72
2023-02-12 05:00:00+08:00,0.0,0.0,0.0,0.04,2.0
2023-02-12 06:00:00+08:00,0.0,0.0,0.0,0.12,1.24
2023-02-12 07:00:00+08:00,9.7,0.0,9.62,0.59,0.85
2023-02-12 08:00:00+08:00,42.53,0.0,37.22,1.3,1.7
2023-02-12 09:00:00+08:00,83.85,3.59,70.89,1.92,2.62
2023-02-12 10:00:00+08:00,105.68,5.06,90.92,3.48,3.38
2023-02-12 11:00:00+08:00,127.43,5.81,108.04,5.67,4.2
2023-02-12 12:00:00+08:00,130.32,0.0,110.04,7.08,4.97
2023-02-12 13:00:00+08:00,103.0,0.0,88.43,7.53,5.96
2023-02-12 14:00:00+08:00,56.6,9.83,47.46,7.56,6.0
2023-02-12 15:00:00+08:00,40.2,2.72,34.9,6.5,6.68
2023-02-12 16:00:00+08:00,20.52,0.34,17.98,5.16,6.9
2023-02-12 17:00:00+08:00,3.25,0.0,3.34,3.88,7.04
2023-02-12 18:00:00+08:00,0.0,0.0,0.0,2.7,8.11
2023-02-12 19:00:00+08:00,0.0,0.0,0.0,1.29,8.35
2023-02-12 20:00:00+08:00,0.0,0.0,0.0,0.02,8.17
2023-02-12 21:00:00+08:00,0.0,0.0,0.0,-0.73,7.57
2023-02-12 22:00:00+08:00,0.0,0.0,0.0,-1.08,7.05
2023-02-12 23:00:00+08:00,0.0,0.0,0.0,-1.24,6.94
2023-02-13 00:00:00+08:00,0.0,0.0,0.0,-1.34,6.93
2023-02-13 01:00:00+08:00,0.0,0.0,0.0,-1.4,7.15
2023-02-13 02:00:00+08:00,0.0,0.0,0.0,-1.47,7.15
2023-02-13 03:00:00+08:00,0.0,0.0,0.0,-1.59,6.9
2023-02-13 04:00:00+08:00,0.0,0.0,0.0,-2.01,6.35
2023-02-13 05:00:00+08:00,0.0,0.0,0.0,-2.41,6.06
2023-02-13 06:00:00+08:00,0.0,0.0,0.0,-3.05,5.5
2023-02-13 07:00:00+08:00,38.6,58.19,35.8,-2.85,5.79
2023-02-13 08:00:00+08:00,214.75,464.96,95.27,-0.85,7.23
2023-02-13 09:00:00+08:00,400.98,683.48,120.62,0.7,8.33
2023-02-13 10:00:00+08:00,570.45,880.21,93.44,1.69,8.48
2023-02-13 11:00:00+08:00,657.9,872.88,120.5,2.43,8.67
2023-02-13 12:00:00+08:00,659.33,764.76,167.09,2.98,8.66
2023-02-13 13:00:00+08:00,613.35,808.43,123.79,3.26,8.65
2023-02-13 14:00:00+08:00,536.38,777.93,123.21,3.22,8.53
2023-02-13 15:00:00+08:00,366.12,665.46,112.61,2.65,8.17
2023-02-13 16:00:00+08:00,185.8,446.46,87.15,1.34,6.99
2023-02-13 17:00:00+08:00,24.42,50.56,24.94,-2.06,4.42
2023-02-13 18:00:00+08:00,0.0,0.0,0.0,-3.55,3.85
2023-02-13 19:00:00+08:00,0.0,0.0,0.0,-3.35,3.46
2023-02-13 20:00:00+08:00,0.0,0.0,0.0,-3.11,2.92
2023-02-13 21:00:00+08:00,0.0,0.0,0.0,-2.94,2.36
2023-02-13 22:00:00+08:00,0.0,0.0,0.0,-2.81,1.8
2023-02-13 23:00:00+08:00,0.0,0.0,0.0,-2.56,1.47
2023-02-14 00:00:00+08:00,0.0,0.0,0.0,-2.43,1.42
2023-02-14 01:00:00+08:00,0.0,0.0,0.0,-2.46,1.59
2023-02-14 02:00:00+08:00,0.0,0.0,0.0,-2.63,1.87
2023-02-14 03:00:00+08:00,0.0,0.0,0.0,-2.86,2.13
2023-02-14 04:00:00+08:00,0.0,0.0,0.0,-2.98,2.29
2023-02-14 05:00:00+08:00,0.0,0.0,0.0,-3.02,2.19
2023-02-14 06:00:00+08:00,0.0,0.0,0.0,-3.89,2.08
2023-02-14 07:00:00+08:00,45.58,128.09,40.03,-2.77,1.85
2023-02-14 08:00:00+08:00,217.68,410.4,114.15,-0.26,1.91
2023-02-14 09:00:00+08:00,414.65,686.61,132.38,2.55,1.73
2023-02-14 10:00:00+08:00,565.9,861.17,115.89,4.57,1.77
2023-02-14 11:00:00+08:00,679.92,979.06,73.73,5.6,1.75
2023-02-14 12:00:00+08:00,628.28,644.29,292.74,5.91,1.86
2023-02-14 13:00:00+08:00,491.52,192.35,343.65,5.21,2.02
2023-02-14 14:00:00+08:00,299.67,4.74,260.33,4.84,2.19
2023-02-14 15:00:00+08:00,204.57,18.37,174.5,4.27,1.87
2023-02-14 16:00:00+08:00,101.57,29.0,85.91,2.31,2.19
2023-02-14 17:00:00+08:00,17.4,24.69,20.06,0.47,3.01
2023-02-14 18:00:00+08:00,0.0,0.0,0.0,-0.2,3.69
2023-02-14 19:00:00+08:00,0.0,0.0,0.0,-0.71,4.42
2023-02-14 20:00:00+08:00,0.0,0.0,0.0,-1.52,4.83
2023-02-14 21:00:00+08:00,0.0,0.0,0.0,-2.22,4.5
2023-02-14 22:00:00+08:00,0.0,0.0,0.0,-2.49,4.22
2023-02-14 23:00:00+08:00,0.0,0.0,0.0,-2.63,4.07
2023-02-15 00:00:00+08:00,0.0,0.0,0.0,-3.21,3.54
2023-02-15 01:00:00+08:00,0.0,0.0,0.0,-4.17,3.05
2023-02-15 02:00:00+08:00,0.0,0.0,0.0,-4.7,3.06
2023-02-15 03:00:00+08:00,0.0,0.0,0.0,-5.18,3.09
2023-02-15 04:00:00+08:00,0.0,0.0,0.0,-5.38,3.08
2023-02-15 05:00:00+08:00,0.0,0.0,0.0,-5.48,3.03
2023-02-15 06:00:00+08:00,0.0,0.0,0.0,-5.54,2.9
2023-02-15 07:00:00+08:00,59.03,303.92,25.95,-4.13,3.36
2023-02-15 08:00:00+08:00,252.88,735.46,52.74,-1.35,3.59
2023-02-15 09:00:00+08:00,440.15,856.94,68.95,1.02,2.52
2023-02-15 10:00:00+08:00,588.8,932.7,75.2,3.3,0.94
2023-02-15 11:00:00+08:00,681.1,968.84,76.42,4.84,0.63
2023-02-15 12:00:00+08:00,690.85,903.59,102.73,5.62,1.31
2023-02-15 13:00:00+08:00,647.53,876.55,105.96,5.94,1.71
2023-02-15 14:00:00+08:00,539.3,802.04,110.58,5.77,1.98
2023-02-15 15:00:00+08:00,365.45,607.91,113.99,5.17,2.06
2023-02-15 16:00:00+08:00,181.43,435.41,76.1,3.5,1.58
2023-02-15 17:00:00+08:00,23.55,52.77,22.25,0.1,2.09
2023-02-15 18:00:00+08:00,0.0,0.0,0.0,-1.87,2.71
2023-02-15 19:00:00+08:00,0.0,0.0,0.0,-2.85,3.13
2023-02-15 20:00:00+08:00,0.0,0.0,0.0,-3.23,3.25
2023-02-15 21:00:00+08:00,0.0,0.0,0.0,-3.4,3.23
2023-02-15 22:00:00+08:00,0.0,0.0,0.0,-3.48,3.18
2023-02-15 23:00:00+08:00,0.0,0.0,0.0,-3.46,3.18
2023-02-16 00:00:00+08:00,0.0,0.0,0.0,-3.37,3.27
2023-02-16 01:00:00+08:00,0.0,0.0,0.0,-3.23,3.49
2023-02-16 02:00:00+08:00,0.0,0.0,0.0,-3.15,3.84
2023-02-16 03:00:00+08:00,0.0,0.0,0.0,-3.11,4.36
2023-02-16 04:00:00+08:00,0.0,0.0,0.0,-3.14,4.83
2023-02-16 05:00:00+08:00,0.0,0.0,0.0,-3.25,5.14
2023-02-16 06:00:00+08:00,0.0,0.0,0.0,-3.33,5.37
2023-02-16 07:00:00+08:00,33.97,31.75,27.96,-2.63,5.89
2023-02-16 08:00:00+08:00,189.8,303.84,96.35,-0.67,5.77
2023-02-16 09:00:00+08:00,353.2,433.99,152.99,2.25,6.56
2023-02-16 10:00:00+08:00,440.9,406.45,194.31,4.83,7.28
2023-02-16 11:00:00+08:00,532.78,462.65,216.14,6.7,7.19
2023-02-16 12:00:00+08:00,500.25,398.9,207.75,7.93,7.06
2023-02-16 13:00:00+08:00,452.48,389.57,177.26,8.57,7.0
2023-02-16 14:00:00+08:00,399.5,337.24,191.25,8.67,6.63
2023-02-16 15:00:00+08:00,254.02,215.61,152.43,8.22,5.75
2023-02-16 16:00:00+08:00,111.15,88.92,87.97,5.56,3.42
2023-02-16 17:00:00+08:00,17.0,4.45,19.13,2.3,3.56
2023-02-16 18:00:00+08:00,0.0,0.0,0.0,1.5,3.67
2023-02-16 19:00:00+08:00,0.0,0.0,0.0,1.01,3.82
2023-02-16 20:00:00+08:00,0.0,0.0,0.0,0.09,4.08
2023-02-16 21:00:00+08:00,0.0,0.0,0.0,-0.23,4.2
2023-02-16 22:00:00+08:00,0.0,0.0,0.0,-0.56,4.2
2023-02-16 23:00:00+08:00,0.0,0.0,0.0,-0.96,4.12
2023-02-17 00:00:00+08:00,0.0,0.0,0.0,-1.41,3.92
2023-02-17 01:00:00+08:00,0.0,0.0,0.0,-1.7,3.82
2023-02-17 02:00:00+08:00,0.0,0.0,0.0,-1.94,3.73
2023-02-17 03:00:00+08:00,0.0,0.0,0.0,-2.16,3.66
2023-02-17 04:00:00+08:00,0.0,0.0,0.0,-2.26,3.67
2023-02-17 05:00:00+08:00,0.0,0.0,0.0,-1.76,3.79
2023-02-17 06:00:00+08:00,0.0,0.0,0.0,-0.87,4.14
2023-02-17 07:00:00+08:00,32.72,1.78,31.15,-0.08,4.52
2023-02-17 08:00:00+08:00,126.57,14.24,103.73,1.21,4.66
2023-02-17 09:00:00+08:00,236.6,27.76,195.17,3.13,4.23
2023-02-17 10:00:00+08:00,321.2,41.17,257.61,6.53,4.61
2023-02-17 11:00:00+08:00,465.98,267.28,271.15,8.13,4.98
2023-02-17 12:00:00+08:00,492.3,344.27,224.57,9.5,5.17
2023-02-17 13:00:00+08:00,459.3,323.59,225.81,10.37,5.03
2023-02-17 14:00:00+08:00,379.48,279.05,204.84,10.52,4.65
2023-02-17 15:00:00+08:00,250.1,153.29,181.75,9.98,3.92
2023-02-17 16:00:00+08:00,117.53,49.96,97.58,8.05,2.32
2023-02-17 17:00:00+08:00,18.77,1.83,20.72,5.93,2.4
2023-02-17 18:00:00+08:00,0.0,0.0,0.0,6.14,1.8
2023-02-17 19:00:00+08:00,0.0,0.0,0.0,5.7,1.84
2023-02-17 20:00:00+08:00,0.0,0.0,0.0,4.36,2.46
2023-02-17 21:00:00+08:00,0.0,0.0,0.0,3.47,2.87
2023-02-17 22:00:00+08:00,0.0,0.0,0.0,2.96,3.01
2023-02-17 23:00:00+08:00,0.0,0.0,0.0,2.51,2.95
2023-02-18 00:00:00+08:00,0.0,0.0,0.0,1.88,2.97
2023-02-18 01:00:00+08:00,0.0,0.0,0.0,1.45,2.88
2023-02-18 02:00:00+08:00,0.0,0.0,0.0,1.56,2.46
2023-02-18 03:00:00+08:00,0.0,0.0,0.0,1.29,2.27
2023-02-18 04:00:00+08:00,0.0,0.0,0.0,1.01,2.22
2023-02-18 05:00:00+08:00,0.0,0.0,0.0,0.55,2.29
2023-02-18 06:00:00+08:00,0.0,0.0,0.0,-0.01,2.44
2023-02-18 07:00:00+08:00,10.65,0.0,9.6,1.47,2.22
2023-02-18 08:00:00+08:00,53.12,0.27,46.01,4.03,3.08
2023-02-18 09:00:00+08:00,96.15,0.0,83.28,6.12,3.03
2023-02-18 10:00:00+08:00,93.75,2.51,81.06,9.34,3.48
2023-02-18 11:00:00+08:00,114.32,13.68,88.86,10.66,3.85
2023-02-18 12:00:00+08:00,155.88,13.94,127.52,11.11,4.12
2023-02-18 13:00:00+08:00,222.45,4.27,187.23,11.6,4.28
2023-02-18 14:00:00+08:00,218.27,3.09,188.87,11.89,4.48
2023-02-18 15:00:00+08:00,139.73,22.22,118.05,11.74,4.97
2023-02-18 16:00:00+08:00,66.22,15.0,56.75,10.08,3.64
2023-02-18 17:00:00+08:00,12.65,1.27,13.37,7.02,3.84
2023-02-18 18:00:00+08:00,0.0,0.0,0.0,6.39,5.4
2023-02-18 19:00:00+08:00,0.0,0.0,0.0,5.56,7.9
2023-02-18 20:00:00+08:00,0.0,0.0,0.0,3.18,8.44
2023-02-18 21:00:00+08:00,0.0,0.0,0.0,1.74,8.19
2023-02-18 22:00:00+08:00,0.0,0.0,0.0,0.62,7.94
2023-02-18 23:00:00+08:00,0.0,0.0,0.0,0.3,7.1
2023-02-19 00:00:00+08:00,0.0,0.0,0.0,-0.1,5.76
2023-02-19 01:00:00+08:00,0.0,0.0,0.0,-0.94,5.27
2023-02-19 02:00:00+08:00,0.0,0.0,0.0,-2.29,4.42
2023-02-19 03:00:00+08:00,0.0,0.0,0.0,-4.34,2.98
2023-02-19 04:00:00+08:00,0.0,0.0,0.0,-5.12,2.7
2023-02-19 05:00:00+08:00,0.0,0.0,0.0,-5.07,2.32
2023-02-19 06:00:00+08:00,0.0,0.0,0.0,-4.45,1.75
2023-02-19 07:00:00+08:00,80.72,459.92,25.19,-2.37,1.73
2023-02-19 08:00:00+08:00,289.12,829.25,47.16,0.26,2.45
2023-02-19 09:00:00+08:00,483.38,957.84,56.54,3.99,3.32
2023-02-19 10:00:00+08:00,633.83,1016.6,63.23,6.15,4.05
2023-02-19 11:00:00+08:00,726.35,1036.0,67.34,7.34,4.66
2023-02-19 12:00:00+08:00,735.28,984.28,83.83,8.2,5.16
2023-02-19 13:00:00+08:00,693.2,958.55,85.79,8.78,5.49
2023-02-19 14:00:00+08:00,588.2,921.75,79.3,8.9,5.56
2023-02-19 15:00:00+08:00,427.15,845.69,71.0,8.51,5.28
2023-02-19 16:00:00+08:00,230.73,697.08,52.2,6.89,3.39
2023-02-19 17:00:00+08:00,40.17,206.88,22.94,3.54,2.2
2023-02-19 18:00:00+08:00,0.0,0.0,0.0,3.72,1.33
2023-02-19 19:00:00+08:00,0.0,0.0,0.0,3.15,1.31
2023-02-19 20:00:00+08:00,0.0,0.0,0.0,2.1,1.97
2023-02-19 21:00:00+08:00,0.0,0.0,0.0,0.66,2.57
2023-02-19 22:00:00+08:00,0.0,0.0,0.0,-0.38,2.97
2023-02-19 23:00:00+08:00,0.0,0.0,0.0,-1.05,3.18
2023-02-20 00:00:00+08:00,0.0,0.0,0.0,-1.54,3.22
2023-02-20 01:00:00+08:00,0.0,0.0,0.0,-1.66,2.84
2023-02-20 02:00:00+08:00,0.0,0.0,0.0,-1.47,2.23
2023-02-20 03:00:00+08:00,0.0,0.0,0.0,-1.99,2.12
2023-02-20 04:00:00+08:00,0.0,0.0,0.0,-2.88,2.39
2023-02-20 05:00:00+08:00,0.0,0.0,0.0,-3.54,2.88
2023-02-20 06:00:00+08:00,0.0,0.0,0.0,-3.65,3.2
2023-02-20 07:00:00+08:00,76.03,363.17,29.34,-1.6,4.7
2023-02-20 08:00:00+08:00,276.75,737.85,56.37,1.16,5.32
2023-02-20 09:00:00+08:00,468.3,882.02,68.82,4.67,6.52
2023-02-20 10:00:00+08:00,621.9,947.19,78.2,7.02,6.11
2023-02-20 11:00:00+08:00,717.2,1011.79,72.5,8.42,5.62
2023-02-20 12:00:00+08:00,735.38,997.28,73.77,9.08,5.67
2023-02-20 13:00:00+08:00,700.25,986.79,73.1,9.18,6.1
2023-02-20 14:00:00+08:00,599.83,957.89,68.46,8.81,6.53
2023-02-20 15:00:00+08:00,419.27,756.58,100.0,7.99,6.55
2023-02-20 16:00:00+08:00,220.4,468.94,95.72,6.33,5.47
2023-02-20 17:00:00+08:00,36.05,142.34,29.0,1.69,4.08
2023-02-20 18:00:00+08:00,0.0,0.0,0.0,-0.2,5.16
2023-02-20 19:00:00+08:00,0.0,0.0,0.0,-1.07,6.27
2023-02-20 20:00:00+08:00,0.0,0.0,0.0,-2.29,6.23
2023-02-20 21:00:00+08:00,0.0,0.0,0.0,-2.68,5.84
2023-02-20 22:00:00+08:00,0.0,0.0,0.0,-2.67,5.4
2023-02-20 23:00:00+08:00,0.0,0.0,0.0,-2.61,5.3
2023-02-21 00:00:00+08:00,0.0,0.0,0.0,-2.58,5.24
2023-02-21 01:00:00+08:00,0.0,0.0,0.0,-2.57,5.1
2023-02-21 02:00:00+08:00,0.0,0.0,0.0,-2.64,4.77
2023-02-21 03:00:00+08:00,0.0,0.0,0.0,-2.79,4.3
2023-02-21 04:00:00+08:00,0.0,0.0,0.0,-2.88,3.97
2023-02-21 05:00:00+08:00,0.0,0.0,0.0,-2.85,3.56
2023-02-21 06:00:00+08:00,0.0,0.0,0.0,-2.86,3.06
2023-02-21 07:00:00+08:00,74.32,209.2,54.67,-1.73,3.44
2023-02-21 08:00:00+08:00,269.65,528.24,115.42,0.19,4.79
2023-02-21 09:00:00+08:00,464.08,772.97,114.57,2.1,4.43
2023-02-21 10:00:00+08:00,628.72,968.76,71.61,3.91,3.32
2023-02-21 11:00:00+08:00,715.72,949.07,94.6,5.32,2.35
2023-02-21 12:00:00+08:00,729.4,941.82,95.7,6.37,1.83
2023-02-21 13:00:00+08:00,691.7,950.55,88.09,6.98,1.46
2023-02-21 14:00:00+08:00,589.0,910.33,81.38,7.17,1.69
2023-02-21 15:00:00+08:00,410.08,727.76,106.18,6.91,1.62
2023-02-21 16:00:00+08:00,206.98,477.35,86.35,5.76,1.48
2023-02-21 17:00:00+08:00,33.67,98.46,31.03,3.35,1.52
2023-02-21 18:00:00+08:00,0.0,0.0,0.0,2.32,1.69
2023-02-21 19:00:00+08:00,0.0,0.0,0.0,1.19,2.1
2023-02-21 20:00:00+08:00,0.0,0.0,0.0,-0.02,2.61
2023-02-21 21:00:00+08:00,0.0,0.0,0.0,-0.62,2.92
2023-02-21 22:00:00+08:00,0.0,0.0,0.0,-0.89,3.05
2023-02-21 23:00:00+08:00,0.0,0.0,0.0,-1.01,3.14
2023-02-22 00:00:00+08:00,0.0,0.0,0.0,-1.56,3.48
2023-02-22 01:00:00+08:00,0.0,0.0,0.0,-2.61,3.75
2023-02-22 02:00:00+08:00,0.0,0.0,0.0,-2.89,4.16
2023-02-22 03:00:00+08:00,0.0,0.0,0.0,-3.29,4.22
2023-02-22 04:00:00+08:00,0.0,0.0,0.0,-3.2,4.68
2023-02-22 05:00:00+08:00,0.0,0.0,0.0,-3.21,4.91
2023-02-22 06:00:00+08:00,0.0,0.0,0.0,-3.21,5.09
2023-02-22 07:00:00+08:00,46.88,11.47,42.06,-2.28,5.75
2023-02-22 08:00:00+08:00,158.98,22.31,137.78,-0.25,6.0
2023-02-22 09:00:00+08:00,287.48,46.29,238.13,2.11,6.95
2023-02-22 10:00:00+08:00,394.88,72.61,307.79,3.6,7.0
2023-02-22 11:00:00+08:00,502.6,397.68,363.48,4.52,7.0
2023-02-22 12:00:00+08:00,447.7,139.05,355.59,4.91,6.71
2023-02-22 13:00:00+08:00,398.1,13.9,336.91,4.95,6.36
2023-02-22 14:00:00+08:00,310.45,13.36,267.67,4.67,5.98
2023-02-22 15:00:00+08:00,220.18,90.47,167.59,4.12,5.39
2023-02-22 16:00:00+08:00,132.5,105.94,103.5,2.98,3.96
2023-02-22 17:00:00+08:00,28.62,21.28,29.43,0.89,3.23
2023-02-22 18:00:00+08:00,0.0,0.0,0.0,-0.38,3.39
2023-02-22 19:00:00+08:00,0.0,0.0,0.0,-1.39,3.72
2023-02-22 20:00:00+08:00,0.0,0.0,0.0,-1.62,4.02
2023-02-22 21:00:00+08:00,0.0,0.0,0.0,-1.72,4.35
2023-02-22 22:00:00+08:00,0.0,0.0,0.0,-1.88,4.64
2023-02-22 23:00:00+08:00,0.0,0.0,0.0,-2.05,4.74
2023-02-23 00:00:00+08:00,0.0,0.0,0.0,-2.24,4.53
2023-02-23 01:00:00+08:00,0.0,0.0,0.0,-2.43,4.34
2023-02-23 02:00:00+08:00,0.0,0.0,0.0,-2.6,4.11
2023-02-23 03:00:00+08:00,0.0,0.0,0.0,-2.78,3.69
2023-02-23 04:00:00+08:00,0.0,0.0,0.0,-2.91,3.31
2023-02-23 05:00:00+08:00,0.0,0.0,0.0,-2.97,3.13
2023-02-23 06:00:00+08:00,0.0,0.0,0.0,-2.77,3.15
2023-02-23 07:00:00+08:00,59.33,54.13,51.25,-0.9,4.43
2023-02-23 08:00:00+08:00,215.48,265.92,136.4,1.17,4.41
2023-02-23 09:00:00+08:00,391.48,466.01,173.24,4.33,4.37
2023-02-23 10:00:00+08:00,546.25,601.03,177.29,6.55,4.35
2023-02-23 11:00:00+08:00,624.7,599.6,208.82,8.24,4.31
2023-02-23 12:00:00+08:00,639.25,611.62,212.77,9.44,4.21
2023-02-23 13:00:00+08:00,600.62,626.25,169.69,9.91,3.94
2023-02-23 14:00:00+08:00,482.2,496.72,184.13,9.85,3.5
2023-02-23 15:00:00+08:00,306.85,353.4,138.45,9.48,2.98
2023-02-23 16:00:00+08:00,156.2,190.81,100.38,8.32,2.07
2023-02-23 17:00:00+08:00,27.98,16.34,28.22,4.98,2.19
2023-02-23 18:00:00+08:00,0.0,0.0,0.0,3.7,2.38
2023-02-23 19:00:00+08:00,0.0,0.0,0.0,3.19,2.51
2023-02-23 20:00:00+08:00,0.0,0.0,0.0,2.52,2.77
2023-02-23 21:00:00+08:00,0.0,0.0,0.0,1.74,3.02
2023-02-23 22:00:00+08:00,0.0,0.0,0.0,1.35,3.16
2023-02-23 23:00:00+08:00,0.0,0.0,0.0,0.83,3.31
2023-02-24 00:00:00+08:00,0.0,0.0,0.0,0.51,3.23
2023-02-24 01:00:00+08:00,0.0,0.0,0.0,0.18,2.97
2023-02-24 02:00:00+08:00,0.0,0.0,0.0,-0.33,2.7
2023-02-24 03:00:00+08:00,0.0,0.0,0.0,-0.78,2.43
2023-02-24 04:00:00+08:00,0.0,0.0,0.0,-0.82,2.08
2023-02-24 05:00:00+08:00,0.0,0.0,0.0,-0.81,1.85
2023-02-24 06:00:00+08:00,0.0,0.0,0.0,-1.3,2.09
2023-02-24 07:00:00+08:00,32.45,8.15,30.53,0.23,3.13
2023-02-24 08:00:00+08:00,132.73,51.59,112.75,2.51,5.4
2023-02-24 09:00:00+08:00,263.38,97.63,204.12,4.58,6.47
2023-02-24 10:00:00+08:00,349.9,139.41,224.61,6.34,6.48
2023-02-24 11:00:00+08:00,493.1,255.3,279.43,7.58,6.46
2023-02-24 12:00:00+08:00,503.77,305.95,259.16,7.95,6.7
2023-02-24 13:00:00+08:00,468.83,312.61,239.46,7.5,7.12
2023-02-24 14:00:00+08:00,349.02,193.68,219.11,6.2,7.63
2023-02-24 15:00:00+08:00,221.5,163.82,145.71,4.52,7.82
2023-02-24 16:00:00+08:00,126.03,87.98,98.59,3.01,7.4
2023-02-24 17:00:00+08:00,23.7,16.33,23.59,1.43,5.9
2023-02-24 18:00:00+08:00,0.0,0.0,0.0,0.0,5.09
2023-02-24 19:00:00+08:00,0.0,0.0,0.0,-0.69,5.14
2023-02-24 20:00:00+08:00,0.0,0.0,0.0,-1.65,4.81
2023-02-24 21:00:00+08:00,0.0,0.0,0.0,-2.55,4.3
2023-02-24 22:00:00+08:00,0.0,0.0,0.0,-3.53,3.63
2023-02-24 23:00:00+08:00,0.0,0.0,0.0,-4.11,3.38
2023-02-25 00:00:00+08:00,0.0,0.0,0.0,-4.4,3.36
2023-02-25 01:00:00+08:00,0.0,0.0,0.0,-4.56,3.32
2023-02-25 02:00:00+08:00,0.0,0.0,0.0,-4.72,3.17
2023-02-25 03:00:00+08:00,0.0,0.0,0.0,-4.83,2.92
2023-02-25 04:00:00+08:00,0.0,0.0,0.0,-4.77,2.53
2023-02-25 05:00:00+08:00,0.0,0.0,0.0,-4.36,2.0
2023-02-25 06:00:00+08:00,0.0,0.0,0.0,-3.64,1.33
2023-02-25 07:00:00+08:00,109.57,521.36,30.76,-1.81,0.91
2023-02-25 08:00:00+08:00,316.35,817.7,58.52,0.9,1.35
2023-02-25 09:00:00+08:00,510.55,972.53,61.54,4.08,2.52
2023-02-25 10:00:00+08:00,661.83,1020.89,61.83,5.51,3.47
2023-02-25 11:00:00+08:00,756.3,1053.78,59.65,6.37,4.11
2023-02-25 12:00:00+08:00,772.97,1029.04,66.77,6.89,4.5
2023-02-25 13:00:00+08:00,730.58,1015.63,66.23,7.12,4.66
2023-02-25 14:00:00+08:00,623.6,965.66,68.32,7.02,4.59
2023-02-25 15:00:00+08:00,462.2,906.07,61.5,6.51,4.32
2023-02-25 16:00:00+08:00,262.77,767.8,47.86,5.2,3.27
2023-02-25 17:00:00+08:00,58.78,350.5,23.0,1.38,2.3
2023-02-25 18:00:00+08:00,0.0,0.0,0.0,0.45,2.09
2023-02-25 19:00:00+08:00,0.0,0.0,0.0,0.54,1.72
2023-02-25 20:00:00+08:00,0.0,0.0,0.0,0.38,1.57
2023-02-25 21:00:00+08:00,0.0,0.0,0.0,-0.07,1.67
2023-02-25 22:00:00+08:00,0.0,0.0,0.0,-0.54,1.84
2023-02-25 23:00:00+08:00,0.0,0.0,0.0,-1.14,2.07
2023-02-26 00:00:00+08:00,0.0,0.0,0.0,-1.78,2.3
2023-02-26 01:00:00+08:00,0.0,0.0,0.0,-2.31,2.46
2023-02-26 02:00:00+08:00,0.0,0.0,0.0,-2.71,2.58
2023-02-26 03:00:00+08:00,0.0,0.0,0.0,-3.0,2.65
2023-02-26 04:00:00+08:00,0.0,0.0,0.0,-3.23,2.73
2023-02-26 05:00:00+08:00,0.0,0.0,0.0,-3.3,2.8
2023-02-26 06:00:00+08:00,0.0,0.0,0.0,-3.22,2.85
2023-02-26 07:00:00+08:00,101.03,375.44,42.31,-0.48,2.92
2023-02-26 08:00:00+08:00,301.0,721.73,73.83,2.43,3.76
2023-02-26 09:00:00+08:00,495.83,884.67,78.81,6.05,3.82
2023-02-26 10:00:00+08:00,653.03,963.65,72.07,8.06,4.05
2023-02-26 11:00:00+08:00,743.65,1009.26,68.95,9.08,4.13
2023-02-26 12:00:00+08:00,725.38,876.07,106.73,9.8,4.15
2023-02-26 13:00:00+08:00,681.72,863.19,103.59,10.24,4.12
2023-02-26 14:00:00+08:00,572.58,802.77,100.19,10.27,3.99
2023-02-26 15:00:00+08:00,408.58,689.76,93.35,9.81,3.75
2023-02-26 16:00:00+08:00,219.77,501.67,72.72,8.05,2.52
2023-02-26 17:00:00+08:00,43.67,129.13,28.3,3.84,2.77
2023-02-26 18:00:00+08:00,0.0,0.0,0.0,1.83,3.19
2023-02-26 19:00:00+08:00,0.0,0.0,0.0,0.82,3.49
2023-02-26 20:00:00+08:00,0.0,0.0,0.0,0.15,3.73
2023-02-26 21:00:00+08:00,0.0,0.0,0.0,-0.21,3.89
2023-02-26 22:00:00+08:00,0.0,0.0,0.0,-0.47,3.98
2023-02-26 23:00:00+08:00,0.0,0.0,0.0,-0.7,4.06
2023-02-27 00:00:00+08:00,0.0,0.0,0.0,-0.9,4.14
2023-02-27 01:00:00+08:00,0.0,0.0,0.0,-1.07,4.31
2023-02-27 02:00:00+08:00,0.0,0.0,0.0,-1.26,4.55
2023-02-27 03:00:00+08:00,0.0,0.0,0.0,-1.46,4.82
2023-02-27 04:00:00+08:00,0.0,0.0,0.0,-1.72,5.0
2023-02-27 05:00:00+08:00,0.0,0.0,0.0,-1.96,5.12
2023-02-27 06:00:00+08:00,0.0,0.0,0.0,-2.08,5.19
2023-02-27 07:00:00+08:00,69.55,125.41,44.93,-0.63,6.11
2023-02-27 08:00:00+08:00,205.2,286.69,102.75,1.87,5.81
2023-02-27 09:00:00+08:00,385.75,465.75,144.09,5.67,6.68
2023-02-27 10:00:00+08:00,530.55,563.73,169.72,8.4,7.82
2023-02-27 11:00:00+08:00,621.25,617.72,180.18,9.86,7.92
2023-02-27 12:00:00+08:00,612.08,543.72,198.66,10.87,8.09
2023-02-27 13:00:00+08:00,572.8,534.29,182.33,11.57,8.15
2023-02-27 14:00:00+08:00,471.83,471.53,170.29,11.79,8.06
2023-02-27 15:00:00+08:00,328.27,380.9,138.86,11.4,7.76
2023-02-27 16:00:00+08:00,186.0,294.51,92.78,10.09,6.45
2023-02-27 17:00:00+08:00,38.1,56.62,29.64,5.74,4.23
2023-02-27 18:00:00+08:00,0.0,0.0,0.0,3.26,4.52
2023-02-27 19:00:00+08:00,0.0,0.0,0.0,2.79,4.95
2023-02-27 20:00:00+08:00,0.0,0.0,0.0,2.33,5.33
2023-02-27 21:00:00+08:00,0.0,0.0,0.0,1.88,5.61
2023-02-27 22:00:00+08:00,0.0,0.0,0.0,1.55,6.01
2023-02-27 23:00:00+08:00,0.0,0.0,0.0,1.19,6.34
2023-02-28 00:00:00+08:00,0.0,0.0,0.0,0.76,6.49
2023-02-28 01:00:00+08:00,0.0,0.0,0.0,0.42,6.64
2023-02-28 02:00:00+08:00,0.0,0.0,0.0,0.13,6.72
2023-02-28 03:00:00+08:00,0.0,0.0,0.0,-0.18,6.71
2023-02-28 04:00:00+08:00,0.0,0.0,0.0,-0.49,6.61
2023-02-28 05:00:00+08:00,0.0,0.0,0.0,-0.69,6.45
2023-02-28 06:00:00+08:00,0.0,0.0,0.0,-0.8,6.07
2023-02-28 07:00:00+08:00,67.05,88.31,50.57,0.22,6.06
2023-02-28 08:00:00+08:00,214.35,259.12,124.06,2.38,5.13
2023-02-28 09:00:00+08:00,357.3,308.7,196.35,5.62,4.87
2023-02-28 10:00:00+08:00,474.25,340.82,240.65,8.41,4.6
2023-02-28 11:00:00+08:00,583.7,473.79,227.84,10.42,3.68
2023-02-28 12:00:00+08:00,497.08,275.98,258.46,11.87,3.14
2023-02-28 13:00:00+08:00,457.02,234.81,247.68,12.78,3.36
2023-02-28 14:00:00+08:00,313.33,115.1,205.01,12.99,4.05
2023-02-28 15:00:00+08:00,223.4,85.04,176.21,12.44,4.7
2023-02-28 16:00:00+08:00,111.45,31.64,97.02,10.99,4.24
2023-02-28 17:00:00+08:00,25.8,1.92,24.73,7.54,3.87
2023-02-28 18:00:00+08:00,0.0,0.0,0.0,5.39,4.62
2023-02-28 19:00:00+08:00,0.0,0.0,0.0,4.06,5.04
2023-02-28 20:00:00+08:00,0.0,0.0,0.0,2.37,4.56
2023-02-28 21:00:00+08:00,0.0,0.0,0.0,0.92,3.81
2023-02-28 22:00:00+08:00,0.0,0.0,0.0,-0.07,3.34
2023-02-28 23:00:00+08:00,0.0,0.0,0.0,-0.55,3.14
2023-03-01 00:00:00+08:00,0.0,0.0,0.0,-0.63,3.04
2023-03-01 01:00:00+08:00,0.0,0.0,0.0,-0.64,2.99
2023-03-01 02:00:00+08:00,0.0,0.0,0.0,-0.8,3.05
2023-03-01 03:00:00+08:00,0.0,0.0,0.0,-1.03,3.18
2023-03-01 04:00:00+08:00,0.0,0.0,0.0,-1.36,3.31
2023-03-01 05:00:00+08:00,0.0,0.0,0.0,-1.84,3.24
2023-03-01 06:00:00+08:00,0.0,0.0,0.0,-1.7,3.01
2023-03-01 07:00:00+08:00,89.9,103.48,70.12,0.82,3.19
2023-03-01 08:00:00+08:00,319.65,746.7,67.02,3.35,3.06
2023-03-01 09:00:00+08:00,514.33,881.96,77.06,7.28,3.47
2023-03-01 10:00:00+08:00,666.0,946.14,83.25,10.93,5.96
2023-03-01 11:00:00+08:00,744.47,898.67,134.99,12.02,6.75
2023-03-01 12:00:00+08:00,742.3,848.34,140.93,12.59,7.24
2023-03-01 13:00:00+08:00,705.88,848.27,128.4,12.76,7.6
2023-03-01 14:00:00+08:00,606.75,841.5,104.7,12.5,7.81
2023-03-01 15:00:00+08:00,449.73,772.44,90.34,11.72,7.88
2023-03-01 16:00:00+08:00,257.77,638.04,66.64,10.15,6.98
2023-03-01 17:00:00+08:00,62.03,277.93,29.3,5.67,4.23
2023-03-01 18:00:00+08:00,0.0,0.0,0.0,2.44,4.19
2023-03-01 19:00:00+08:00,0.0,0.0,0.0,1.2,4.29
2023-03-01 20:00:00+08:00,0.0,0.0,0.0,0.11,4.22
2023-03-01 21:00:00+08:00,0.0,0.0,0.0,-0.77,4.14
2023-03-01 22:00:00+08:00,0.0,0.0,0.0,-1.48,4.07
2023-03-01 23:00:00+08:00,0.0,0.0,0.0,-1.97,3.91
2023-03-02 00:00:00+08:00,0.0,0.0,0.0,-2.27,3.74
2023-03-02 01:00:00+08:00,0.0,0.0,0.0,-2.43,3.66
2023-03-02 02:00:00+08:00,0.0,0.0,0.0,-2.57,3.7
2023-03-02 03:00:00+08:00,0.0,0.0,0.0,-2.66,3.81
2023-03-02 04:00:00+08:00,0.0,0.0,0.0,-2.61,3.95
2023-03-02 05:00:00+08:00,0.0,0.0,0.0,-2.61,4.05
2023-03-02 06:00:00+08:00,0.0,0.0,0.0,-2.73,4.01
2023-03-02 07:00:00+08:00,127.15,487.96,42.94,-0.08,4.92
2023-03-02 08:00:00+08:00,329.2,785.69,63.36,2.46,4.66
2023-03-02 09:00:00+08:00,527.38,916.13,69.3,6.04,4.8
2023-03-02 10:00:00+08:00,676.08,965.88,75.95,8.88,5.27
2023-03-02 11:00:00+08:00,765.3,996.37,76.29,10.7,5.68
2023-03-02 12:00:00+08:00,758.5,897.93,109.8,11.67,6.2
2023-03-02 13:00:00+08:00,712.2,878.4,108.53,12.29,6.52
2023-03-02 14:00:00+08:00,600.95,821.7,106.62,12.58,6.47
2023-03-02 15:00:00+08:00,436.62,715.84,98.78,12.3,5.99
2023-03-02 16:00:00+08:00,245.73,561.11,73.81,10.66,3.79
2023-03-02 17:00:00+08:00,56.38,191.9,31.88,6.14,3.32
2023-03-02 18:00:00+08:00,0.0,0.0,0.0,3.9,3.86
2023-03-02 19:00:00+08:00,0.0,0.0,0.0,3.34,4.21
2023-03-02 20:00:00+08:00,0.0,0.0,0.0,3.08,4.53
2023-03-02 21:00:00+08:00,0.0,0.0,0.0,2.89,4.85
2023-03-02 22:00:00+08:00,0.0,0.0,0.0,2.7,5.15
2023-03-02 23:00:00+08:00,0.0,0.0,0.0,2.45,5.4
2023-03-03 00:00:00+08:00,0.0,0.0,0.0,2.24,5.67
2023-03-03 01:00:00+08:00,0.0,0.0,0.0,1.96,5.7
2023-03-03 02:00:00+08:00,0.0,0.0,0.0,1.72,5.83
2023-03-03 03:00:00+08:00,0.0,0.0,0.0,1.28,5.77
2023-03-03 04:00:00+08:00,0.0,0.0,0.0,0.83,5.7
2023-03-03 05:00:00+08:00,0.0,0.0,0.0,0.29,5.45
2023-03-03 06:00:00+08:00,0.0,0.0,0.0,0.39,5.62
2023-03-03 07:00:00+08:00,68.8,21.98,58.62,1.68,6.2
2023-03-03 08:00:00+08:00,179.68,39.67,151.19,3.15,5.79
2023-03-03 09:00:00+08:00,304.35,47.47,249.87,5.14,5.42
2023-03-03 10:00:00+08:00,389.05,48.03,316.22,8.34,6.0
2023-03-03 11:00:00+08:00,484.98,234.6,282.09,11.62,5.97
2023-03-03 12:00:00+08:00,473.9,196.15,291.74,14.19,5.57
2023-03-03 13:00:00+08:00,507.95,342.52,251.76,16.03,4.91
2023-03-03 14:00:00+08:00,401.45,321.78,180.67,16.55,4.07
2023-03-03 15:00:00+08:00,325.75,341.76,147.84,16.21,3.44
2023-03-03 16:00:00+08:00,167.62,204.9,97.23,14.22,1.93
2023-03-03 17:00:00+08:00,38.78,41.72,30.85,12.54,1.38
2023-03-03 18:00:00+08:00,0.0,0.0,0.0,12.53,0.12
2023-03-03 19:00:00+08:00,0.0,0.0,0.0,10.76,1.23
2023-03-03 20:00:00+08:00,0.0,0.0,0.0,8.41,2.26
2023-03-03 21:00:00+08:00,0.0,0.0,0.0,6.0,3.01
2023-03-03 22:00:00+08:00,0.0,0.0,0.0,4.12,3.53
2023-03-03 23:00:00+08:00,0.0,0.0,0.0,2.99,3.73
2023-03-04 00:00:00+08:00,0.0,0.0,0.0,2.23,3.75
2023-03-04 01:00:00+08:00,0.0,0.0,0.0,1.68,3.66
2023-03-04 02:00:00+08:00,0.0,0.0,0.0,1.39,3.49
2023-03-04 03:00:00+08:00,0.0,0.0,0.0,1.28,3.27
2023-03-04 04:00:00+08:00,0.0,0.0,0.0,1.24,3.04
2023-03-04 05:00:00+08:00,0.0,0.0,0.0,1.26,2.85
2023-03-04 06:00:00+08:00,0.0,0.0,0.0,1.39,2.71
2023-03-04 07:00:00+08:00,90.15,164.95,59.1,3.69,2.37
2023-03-04 08:00:00+08:00,245.75,364.72,113.87,8.03,2.83
2023-03-04 09:00:00+08:00,422.05,491.75,156.57,10.97,2.45
2023-03-04 10:00:00+08:00,515.88,410.01,242.47,15.12,1.89
2023-03-04 11:00:00+08:00,583.15,382.92,283.66,18.2,1.89
2023-03-04 12:00:00+08:00,516.47,209.14,319.95,18.77,2.2
2023-03-04 13:00:00+08:00,502.5,281.8,273.03,18.8,2.38
2023-03-04 14:00:00+08:00,373.42,174.54,243.91,18.33,2.23
2023-03-04 15:00:00+08:00,273.2,197.07,173.41,17.79,1.65
2023-03-04 16:00:00+08:00,145.62,119.89,108.91,16.96,0.9
2023-03-04 17:00:00+08:00,34.95,20.44,31.44,15.39,0.57
2023-03-04 18:00:00+08:00,0.0,0.0,0.0,13.6,0.98
2023-03-04 19:00:00+08:00,0.0,0.0,0.0,12.32,1.56
2023-03-04 20:00:00+08:00,0.0,0.0,0.0,10.88,2.05
2023-03-04 21:00:00+08:00,0.0,0.0,0.0,9.56,2.38
2023-03-04 22:00:00+08:00,0.0,0.0,0.0,8.56,2.58
2023-03-04 23:00:00+08:00,0.0,0.0,0.0,7.64,2.71
2023-03-05 00:00:00+08:00,0.0,0.0,0.0,6.55,2.9
2023-03-05 01:00:00+08:00,0.0,0.0,0.0,5.41,3.1
2023-03-05 02:00:00+08:00,0.0,0.0,0.0,4.32,3.23
2023-03-05 03:00:00+08:00,0.0,0.0,0.0,3.35,3.33
2023-03-05 04:00:00+08:00,0.0,0.0,0.0,2.6,3.38
2023-03-05 05:00:00+08:00,0.0,0.0,0.0,2.0,3.45
2023-03-05 06:00:00+08:00,3.0,0.0,4.55,1.65,3.56
2023-03-05 07:00:00+08:00,83.05,124.2,59.87,4.59,3.23
2023-03-05 08:00:00+08:00,257.27,368.8,117.69,9.02,4.39
2023-03-05 09:00:00+08:00,394.4,409.52,166.69,12.0,3.87
2023-03-05 10:00:00+08:00,544.28,516.65,191.98,16.31,4.13
2023-03-05 11:00:00+08:00,641.3,581.23,198.77,18.42,4.18
2023-03-05 12:00:00+08:00,601.08,459.52,225.2,19.32,4.12
2023-03-05 13:00:00+08:00,565.88,449.24,214.9,19.71,4.12
2023-03-05 14:00:00+08:00,465.52,390.1,199.44,19.51,4.17
2023-03-05 15:00:00+08:00,320.77,288.34,167.66,18.75,4.07
2023-03-05 16:00:00+08:00,190.57,228.33,108.48,16.39,2.6
2023-03-05 17:00:00+08:00,47.9,48.67,38.12,11.98,3.24
2023-03-05 18:00:00+08:00,0.0,0.0,0.0,9.41,3.94
2023-03-05 19:00:00+08:00,0.0,0.0,0.0,8.62,4.4
2023-03-05 20:00:00+08:00,0.0,0.0,0.0,8.22,4.81
2023-03-05 21:00:00+08:00,0.0,0.0,0.0,7.99,5.3
2023-03-05 22:00:00+08:00,0.0,0.0,0.0,7.75,5.74
2023-03-05 23:00:00+08:00,0.0,0.0,0.0,7.29,5.88
2023-03-06 00:00:00+08:00,0.0,0.0,0.0,6.74,5.88
2023-03-06 01:00:00+08:00,0.0,0.0,0.0,6.23,5.85
2023-03-06 02:00:00+08:00,0.0,0.0,0.0,5.87,5.92
2023-03-06 03:00:00+08:00,0.0,0.0,0.0,5.61,6.01
2023-03-06 04:00:00+08:00,0.0,0.0,0.0,5.34,6.03
2023-03-06 05:00:00+08:00,0.0,0.0,0.0,4.97,5.93
2023-03-06 06:00:00+08:00,3.38,0.0,5.12,4.58,5.65
2023-03-06 07:00:00+08:00,87.25,133.31,62.22,6.17,6.13
2023-03-06 08:00:00+08:00,258.92,352.52,123.96,8.69,5.36
2023-03-06 09:00:00+08:00,392.55,387.98,173.85,12.24,4.86
2023-03-06 10:00:00+08:00,537.0,494.71,193.39,15.31,4.94
2023-03-06 11:00:00+08:00,626.15,529.56,222.4,17.63,4.56
2023-03-06 12:00:00+08:00,591.97,431.23,232.65,19.32,3.8
2023-03-06 13:00:00+08:00,562.3,432.22,221.81,20.46,3.05
2023-03-06 14:00:00+08:00,462.7,378.99,201.38,20.66,2.7
2023-03-06 15:00:00+08:00,321.55,287.68,168.57,20.1,2.56
2023-03-06 16:00:00+08:00,198.6,261.07,106.17,17.85,1.95
2023-03-06 17:00:00+08:00,48.1,47.35,37.26,13.79,2.65
2023-03-06 18:00:00+08:00,0.0,0.0,0.0,11.22,3.11
2023-03-06 19:00:00+08:00,0.0,0.0,0.0,9.92,3.34
2023-03-06 20:00:00+08:00,0.0,0.0,0.0,8.94,3.48
2023-03-06 21:00:00+08:00,0.0,0.0,0.0,8.14,3.59
2023-03-06 22:00:00+08:00,0.0,0.0,0.0,7.48,3.69
2023-03-06 23:00:00+08:00,0.0,0.0,0.0,7.0,3.73
2023-03-07 00:00:00+08:00,0.0,0.0,0.0,6.62,3.73
2023-03-07 01:00:00+08:00,0.0,0.0,0.0,6.27,3.74
2023-03-07 02:00:00+08:00,0.0,0.0,0.0,5.93,3.77
2023-03-07 03:00:00+08:00,0.0,0.0,0.0,5.61,3.84
2023-03-07 04:00:00+08:00,0.0,0.0,0.0,5.37,3.89
2023-03-07 05:00:00+08:00,0.0,0.0,0.0,5.21,3.95
2023-03-07 06:00:00+08:00,4.3,0.74,6.48,5.26,4.01
2023-03-07 07:00:00+08:00,100.43,188.3,65.0,8.23,3.7
2023-03-07 08:00:00+08:00,254.12,330.8,125.16,12.57,4.89
2023-03-07 09:00:00+08:00,425.5,463.21,165.52,15.4,4.33
2023-03-07 10:00:00+08:00,564.58,543.93,190.38,19.21,4.48
2023-03-07 11:00:00+08:00,649.95,586.56,197.68,21.73,5.51
2023-03-07 12:00:00+08:00,631.67,504.53,222.52,22.73,6.02
2023-03-07 13:00:00+08:00,588.53,484.39,212.3,23.24,6.12
2023-03-07 14:00:00+08:00,459.4,365.5,204.21,23.4,5.88
2023-03-07 15:00:00+08:00,314.17,269.96,165.36,22.9,5.05
2023-03-07 16:00:00+08:00,193.73,241.01,107.51,20.78,2.69
2023-03-07 17:00:00+08:00,46.03,37.08,36.18,17.08,2.81
2023-03-07 18:00:00+08:00,0.0,0.0,0.0,14.99,3.0
2023-03-07 19:00:00+08:00,0.0,0.0,0.0,13.54,3.28
2023-03-07 20:00:00+08:00,0.0,0.0,0.0,12.24,3.7
2023-03-07 21:00:00+08:00,0.0,0.0,0.0,11.43,4.03
2023-03-07 22:00:00+08:00,0.0,0.0,0.0,10.89,4.27
2023-03-07 23:00:00+08:00,0.0,0.0,0.0,10.35,4.49
2023-03-08 00:00:00+08:00,0.0,0.0,0.0,9.91,4.79
2023-03-08 01:00:00+08:00,0.0,0.0,0.0,9.35,5.06
2023-03-08 02:00:00+08:00,0.0,0.0,0.0,8.24,4.84
2023-03-08 03:00:00+08:00,0.0,0.0,0.0,6.71,4.2
2023-03-08 04:00:00+08:00,0.0,0.0,0.0,5.41,3.66
2023-03-08 05:00:00+08:00,0.0,0.0,0.0,4.47,3.53
2023-03-08 06:00:00+08:00,5.25,0.6,8.19,3.93,3.6
2023-03-08 07:00:00+08:00,102.4,158.13,69.09,5.96,4.84
2023-03-08 08:00:00+08:00,283.25,410.79,128.46,7.84,5.75
2023-03-08 09:00:00+08:00,467.62,552.11,161.86,10.21,6.1
2023-03-08 10:00:00+08:00,616.92,654.8,167.52,12.54,6.67
2023-03-08 11:00:00+08:00,711.05,712.78,174.76,14.27,7.4
2023-03-08 12:00:00+08:00,598.3,401.91,261.89,15.41,7.95
2023-03-08 13:00:00+08:00,590.78,446.37,247.68,16.09,8.04
2023-03-08 14:00:00+08:00,503.48,413.26,231.74,16.17,7.43
2023-03-08 15:00:00+08:00,361.48,346.4,177.67,15.8,6.45
2023-03-08 16:00:00+08:00,197.15,217.84,121.41,14.54,5.11
2023-03-08 17:00:00+08:00,54.33,39.95,47.51,10.86,3.05
2023-03-08 18:00:00+08:00,0.0,0.0,0.0,7.73,3.13
2023-03-08 19:00:00+08:00,0.0,0.0,0.0,6.63,2.94
2023-03-08 20:00:00+08:00,0.0,0.0,0.0,6.18,2.58
2023-03-08 21:00:00+08:00,0.0,0.0,0.0,6.63,2.08
2023-03-08 22:00:00+08:00,0.0,0.0,0.0,6.44,2.44
2023-03-08 23:00:00+08:00,0.0,0.0,0.0,5.7,3.13
2023-03-09 00:00:00+08:00,0.0,0.0,0.0,5.36,3.36
2023-03-09 01:00:00+08:00,0.0,0.0,0.0,5.12,3.46
2023-03-09 02:00:00+08:00,0.0,0.0,0.0,4.77,3.6
2023-03-09 03:00:00+08:00,0.0,0.0,0.0,4.31,3.81
2023-03-09 04:00:00+08:00,0.0,0.0,0.0,3.75,3.9
2023-03-09 05:00:00+08:00,0.0,0.0,0.0,3.32,4.04
2023-03-09 06:00:00+08:00,6.5,4.17,9.3,3.3,4.14
2023-03-09 07:00:00+08:00,130.32,336.93,61.37,6.63,5.34
2023-03-09 08:00:00+08:00,325.3,557.1,108.89,9.74,5.42
2023-03-09 09:00:00+08:00,515.08,704.86,130.81,13.73,5.1
2023-03-09 10:00:00+08:00,663.22,798.06,130.7,17.79,5.56
2023-03-09 11:00:00+08:00,757.35,830.34,144.41,20.74,5.79
2023-03-09 12:00:00+08:00,704.3,605.83,224.17,22.84,6.3
2023-03-09 13:00:00+08:00,644.67,529.08,232.02,23.58,6.39
2023-03-09 14:00:00+08:00,555.4,536.12,205.5,23.63,6.12
2023-03-09 15:00:00+08:00,406.27,454.35,174.48,23.1,5.16
2023-03-09 16:00:00+08:00,225.43,289.43,129.66,20.78,2.96
2023-03-09 17:00:00+08:00,62.88,64.49,50.0,16.03,3.66
2023-03-09 18:00:00+08:00,0.0,0.0,0.0,13.0,4.39
2023-03-09 19:00:00+08:00,0.0,0.0,0.0,12.24,4.71
2023-03-09 20:00:00+08:00,0.0,0.0,0.0,11.74,5.06
2023-03-09 21:00:00+08:00,0.0,0.0,0.0,11.21,5.45
2023-03-09 22:00:00+08:00,0.0,0.0,0.0,10.41,5.67
2023-03-09 23:00:00+08:00,0.0,0.0,0.0,9.27,5.4
2023-03-10 00:00:00+08:00,0.0,0.0,0.0,8.17,5.02
2023-03-10 01:00:00+08:00,0.0,0.0,0.0,7.31,4.86
2023-03-10 02:00:00+08:00,0.0,0.0,0.0,6.59,4.77
2023-03-10 03:00:00+08:00,0.0,0.0,0.0,6.05,4.71
2023-03-10 04:00:00+08:00,0.0,0.0,0.0,5.7,4.71
2023-03-10 05:00:00+08:00,0.0,0.0,0.0,5.52,4.84
2023-03-10 06:00:00+08:00,7.75,3.21,9.43,5.76,5.16
2023-03-10 07:00:00+08:00,138.07,342.39,69.19,8.85,6.64
2023-03-10 08:00:00+08:00,332.17,536.01,121.76,11.83,6.84
2023-03-10 09:00:00+08:00,516.75,677.09,140.95,15.47,6.72
2023-03-10 10:00:00+08:00,658.78,719.15,165.53,19.21,7.59
2023-03-10 11:00:00+08:00,742.1,753.02,174.23,22.17,8.18
2023-03-10 12:00:00+08:00,748.2,716.66,188.46,24.49,8.71
2023-03-10 13:00:00+08:00,695.42,705.09,178.05,25.83,8.63
2023-03-10 14:00:00+08:00,525.6,456.84,221.53,26.34,8.04
2023-03-10 15:00:00+08:00,356.85,347.65,182.56,25.97,6.52
2023-03-10 16:00:00+08:00,186.9,179.7,128.98,23.76,4.4
2023-03-10 17:00:00+08:00,53.85,27.03,48.1,19.8,4.25
2023-03-10 18:00:00+08:00,0.0,0.0,0.0,17.19,4.65
2023-03-10 19:00:00+08:00,0.0,0.0,0.0,15.91,4.57
2023-03-10 20:00:00+08:00,0.0,0.0,0.0,14.72,4.21
2023-03-10 21:00:00+08:00,0.0,0.0,0.0,13.88,3.73
2023-03-10 22:00:00+08:00,0.0,0.0,0.0,12.94,3.11
2023-03-10 23:00:00+08:00,0.0,0.0,0.0,12.52,2.1
2023-03-11 00:00:00+08:00,0.0,0.0,0.0,11.7,0.9
2023-03-11 01:00:00+08:00,0.0,0.0,0.0,12.02,0.94
2023-03-11 02:00:00+08:00,0.0,0.0,0.0,10.61,4.02
2023-03-11 03:00:00+08:00,0.0,0.0,0.0,9.49,6.09
2023-03-11 04:00:00+08:00,0.0,0.0,0.0,8.74,9.15
2023-03-11 05:00:00+08:00,0.0,0.0,0.0,7.64,10.25
2023-03-11 06:00:00+08:00,5.5,0.0,7.13,6.82,10.57
2023-03-11 07:00:00+08:00,84.47,32.18,75.25,6.78,10.94
2023-03-11 08:00:00+08:00,227.57,108.95,178.97,7.61,11.94
2023-03-11 09:00:00+08:00,349.15,155.07,227.97,9.22,11.89
2023-03-11 10:00:00+08:00,456.52,232.6,266.6,11.15,11.49
2023-03-11 11:00:00+08:00,532.28,262.81,288.76,12.63,11.03
2023-03-11 12:00:00+08:00,449.8,183.92,265.57,13.66,10.83
2023-03-11 13:00:00+08:00,374.2,100.32,254.92,14.5,10.76
2023-03-11 14:00:00+08:00,308.8,41.82,232.11,14.39,10.72
2023-03-11 15:00:00+08:00,211.32,36.08,161.49,13.56,10.47
2023-03-11 16:00:00+08:00,110.35,34.12,88.57,12.1,9.76
2023-03-11 17:00:00+08:00,32.55,4.11,28.01,9.9,8.41
2023-03-11 18:00:00+08:00,0.0,0.0,0.0,7.66,7.56
2023-03-11 19:00:00+08:00,0.0,0.0,0.0,5.9,7.17
2023-03-11 20:00:00+08:00,0.0,0.0,0.0,4.65,6.69
2023-03-11 21:00:00+08:00,0.0,0.0,0.0,4.01,5.68
2023-03-11 22:00:00+08:00,0.0,0.0,0.0,3.31,3.6
2023-03-11 23:00:00+08:00,0.0,0.0,0.0,2.67,2.13
2023-03-12 00:00:00+08:00,0.0,0.0,0.0,2.81,1.21
2023-03-12 01:00:00+08:00,0.0,0.0,0.0,2.61,5.14
2023-03-12 02:00:00+08:00,0.0,0.0,0.0,2.08,5.99
2023-03-12 03:00:00+08:00,0.0,0.0,0.0,1.24,6.42
2023-03-12 04:00:00+08:00,0.0,0.0,0.0,0.32,7.48
2023-03-12 05:00:00+08:00,0.0,0.0,0.0,-0.02,8.62
2023-03-12 06:00:00+08:00,10.07,37.67,11.08,-0.34,8.28
2023-03-12 07:00:00+08:00,157.6,510.86,55.49,0.88,8.63
2023-03-12 08:00:00+08:00,383.05,792.8,72.07,3.09,10.41
2023-03-12 09:00:00+08:00,589.88,938.8,71.49,4.7,9.86
2023-03-12 10:00:00+08:00,743.95,1029.12,63.37,6.07,8.88
2023-03-12 11:00:00+08:00,839.38,1050.99,64.3,7.06,8.26
2023-03-12 12:00:00+08:00,848.83,1003.32,84.25,7.87,7.89
2023-03-12 13:00:00+08:00,808.3,1019.04,73.72,8.53,7.39
2023-03-12 14:00:00+08:00,699.78,991.34,69.81,8.86,6.62
2023-03-12 15:00:00+08:00,533.62,945.5,61.68,8.83,5.7
2023-03-12 16:00:00+08:00,327.48,855.58,49.19,8.31,4.47
2023-03-12 17:00:00+08:00,111.12,515.2,30.13,6.09,2.03
2023-03-12 18:00:00+08:00,0.0,0.0,0.0,5.32,0.61
2023-03-12 19:00:00+08:00,0.0,0.0,0.0,4.31,1.44
2023-03-12 20:00:00+08:00,0.0,0.0,0.0,2.1,2.57
2023-03-12 21:00:00+08:00,0.0,0.0,0.0,0.53,3.31
2023-03-12 22:00:00+08:00,0.0,0.0,0.0,-0.17,3.91
2023-03-12 23:00:00+08:00,0.0,0.0,0.0,-0.21,4.52
2023-03-13 00:00:00+08:00,0.0,0.0,0.0,0.0,5.56
2023-03-13 01:00:00+08:00,0.0,0.0,0.0,0.05,6.7
2023-03-13 02:00:00+08:00,0.0,0.0,0.0,-0.4,6.98
2023-03-13 03:00:00+08:00,0.0,0.0,0.0,-1.19,6.72
2023-03-13 04:00:00+08:00,0.0,0.0,0.0,-1.75,6.66
2023-03-13 05:00:00+08:00,0.0,0.0,0.0,-2.07,6.58
2023-03-13 06:00:00+08:00,13.07,68.0,10.83,-1.95,6.8
2023-03-13 07:00:00+08:00,176.75,610.16,49.47,0.13,7.53
2023-03-13 08:00:00+08:00,387.05,784.54,78.23,3.57,8.16
2023-03-13 09:00:00+08:00,576.4,853.29,101.45,6.97,8.36
2023-03-13 10:00:00+08:00,693.6,788.92,177.18,10.43,8.42
2023-03-13 11:00:00+08:00,758.1,718.19,226.71,13.64,9.56
2023-03-13 12:00:00+08:00,748.85,683.0,234.04,15.49,10.57
2023-03-13 13:00:00+08:00,681.42,670.62,204.27,16.49,11.08
2023-03-13 14:00:00+08:00,587.1,693.75,149.26,16.89,11.28
2023-03-13 15:00:00+08:00,465.08,674.82,121.92,16.66,11.1
2023-03-13 16:00:00+08:00,265.52,514.22,93.86,15.57,9.82
2023-03-13 17:00:00+08:00,81.07,206.74,50.32,12.91,8.19
2023-03-13 18:00:00+08:00,0.0,0.0,0.0,10.14,7.61
2023-03-13 19:00:00+08:00,0.0,0.0,0.0,8.87,7.88
2023-03-13 20:00:00+08:00,0.0,0.0,0.0,8.19,8.62
2023-03-13 21:00:00+08:00,0.0,0.0,0.0,7.47,8.84
2023-03-13 22:00:00+08:00,0.0,0.0,0.0,6.77,8.8
2023-03-13 23:00:00+08:00,0.0,0.0,0.0,6.25,8.53
2023-03-14 00:00:00+08:00,0.0,0.0,0.0,5.86,8.29
2023-03-14 01:00:00+08:00,0.0,0.0,0.0,5.43,8.16
2023-03-14 02:00:00+08:00,0.0,0.0,0.0,4.77,7.64
2023-03-14 03:00:00+08:00,0.0,0.0,0.0,4.36,7.71
2023-03-14 04:00:00+08:00,0.0,0.0,0.0,4.23,8.11
2023-03-14 05:00:00+08:00,0.0,0.0,0.0,3.95,8.43
2023-03-14 06:00:00+08:00,11.05,11.11,12.1,3.75,8.64
2023-03-14 07:00:00+08:00,149.43,351.62,72.71,5.3,8.95
2023-03-14 08:00:00+08:00,337.85,526.44,122.43,8.51,9.01
2023-03-14 09:00:00+08:00,524.0,661.05,141.31,11.98,9.4
2023-03-14 10:00:00+08:00,667.17,730.98,152.5,14.85,8.92
2023-03-14 11:00:00+08:00,752.75,755.31,166.71,17.4,8.74
2023-03-14 12:00:00+08:00,755.65,709.01,184.53,19.48,8.56
2023-03-14 13:00:00+08:00,701.47,667.55,184.93,20.91,7.88
2023-03-14 14:00:00+08:00,590.45,623.84,178.31,21.71,6.75
2023-03-14 15:00:00+08:00,421.45,501.88,152.63,21.74,5.38
2023-03-14 16:00:00+08:00,230.48,326.66,112.95,20.18,2.8
2023-03-14 17:00:00+08:00,68.38,84.48,53.1,16.13,2.69
2023-03-14 18:00:00+08:00,0.0,0.0,0.0,12.92,3.42
2023-03-14 19:00:00+08:00,0.0,0.0,0.0,11.3,4.09
2023-03-14 20:00:00+08:00,0.0,0.0,0.0,10.69,5.32
2023-03-14 21:00:00+08:00,0.0,0.0,0.0,10.02,7.18
2023-03-14 22:00:00+08:00,0.0,0.0,0.0,8.27,6.99
2023-03-14 23:00:00+08:00,0.0,0.0,0.0,6.85,7.25
2023-03-15 00:00:00+08:00,0.0,0.0,0.0,5.89,8.05
2023-03-15 01:00:00+08:00,0.0,0.0,0.0,5.02,8.74
2023-03-15 02:00:00+08:00,0.0,0.0,0.0,4.14,9.03
2023-03-15 03:00:00+08:00,0.0,0.0,0.0,3.51,9.08
2023-03-15 04:00:00+08:00,0.0,0.0,0.0,3.03,8.89
2023-03-15 05:00:00+08:00,0.0,0.0,0.0,2.42,8.13
2023-03-15 06:00:00+08:00,11.02,4.64,13.51,1.81,7.42
2023-03-15 07:00:00+08:00,102.22,28.18,88.22,2.96,7.4
2023-03-15 08:00:00+08:00,249.7,42.72,209.27,5.71,9.56
2023-03-15 09:00:00+08:00,360.83,38.63,297.78,7.31,9.83
2023-03-15 10:00:00+08:00,496.85,55.64,400.63,8.53,8.94
2023-03-15 11:00:00+08:00,594.65,133.1,464.77,9.63,8.28
2023-03-15 12:00:00+08:00,622.3,155.49,421.76,10.44,7.61
2023-03-15 13:00:00+08:00,760.25,780.98,194.1,11.13,6.92
2023-03-15 14:00:00+08:00,672.97,838.75,130.72,11.42,6.28
2023-03-15 15:00:00+08:00,507.92,772.37,117.8,11.21,5.7
2023-03-15 16:00:00+08:00,301.7,562.2,111.57,10.4,5.02
2023-03-15 17:00:00+08:00,103.43,274.82,60.09,7.55,3.03
2023-03-15 18:00:00+08:00,0.0,0.0,0.0,3.77,3.13
2023-03-15 19:00:00+08:00,0.0,0.0,0.0,2.71,3.39
2023-03-15 20:00:00+08:00,0.0,0.0,0.0,2.44,3.6
2023-03-15 21:00:00+08:00,0.0,0.0,0.0,2.48,3.75
2023-03-15 22:00:00+08:00,0.0,0.0,0.0,2.3,3.68
2023-03-15 23:00:00+08:00,0.0,0.0,0.0,2.1,3.43
2023-03-16 00:00:00+08:00,0.0,0.0,0.0,1.92,3.27
2023-03-16 01:00:00+08:00,0.0,0.0,0.0,1.59,3.07
2023-03-16 02:00:00+08:00,0.0,0.0,0.0,1.26,2.81
2023-03-16 03:00:00+08:00,0.0,0.0,0.0,1.03,2.64
2023-03-16 04:00:00+08:00,0.0,0.0,0.0,0.93,2.63
2023-03-16 05:00:00+08:00,0.0,0.0,0.0,0.83,2.6
2023-03-16 06:00:00+08:00,8.38,7.33,9.98,0.92,2.55
2023-03-16 07:00:00+08:00,67.97,17.65,58.75,2.36,2.1
2023-03-16 08:00:00+08:00,151.52,20.76,128.33,4.03,2.75
2023-03-16 09:00:00+08:00,205.55,0.0,178.21,5.51,2.31
2023-03-16 10:00:00+08:00,324.27,0.14,271.03,7.64,2.88
2023-03-16 11:00:00+08:00,371.9,0.12,305.81,8.73,3.26
2023-03-16 12:00:00+08:00,356.92,0.25,294.42,8.93,3.39
2023-03-16 13:00:00+08:00,282.38,8.16,231.72,8.88,3.17
2023-03-16 14:00:00+08:00,277.38,0.0,234.14,8.41,2.8
2023-03-16 15:00:00+08:00,206.0,0.0,178.71,7.53,2.24
2023-03-16 16:00:00+08:00,129.85,0.0,110.92,6.12,1.81
2023-03-16 17:00:00+08:00,50.58,0.0,44.31,4.67,1.84
2023-03-16 18:00:00+08:00,0.0,0.0,0.0,3.83,1.87
2023-03-16 19:00:00+08:00,0.0,0.0,0.0,3.46,1.64
2023-03-16 20:00:00+08:00,0.0,0.0,0.0,2.95,1.74
2023-03-16 21:00:00+08:00,0.0,0.0,0.0,2.5,1.83
2023-03-16 22:00:00+08:00,0.0,0.0,0.0,2.12,1.86
2023-03-16 23:00:00+08:00,0.0,0.0,0.0,1.83,1.69
2023-03-17 00:00:00+08:00,0.0,0.0,0.0,1.46,1.55
2023-03-17 01:00:00+08:00,0.0,0.0,0.0,1.06,1.3
2023-03-17 02:00:00+08:00,0.0,0.0,0.0,0.98,0.92
2023-03-17 03:00:00+08:00,0.0,0.0,0.0,0.94,0.69
2023-03-17 04:00:00+08:00,0.0,0.0,0.0,0.89,0.66
2023-03-17 05:00:00+08:00,0.0,0.0,0.0,0.83,0.87
2023-03-17 06:00:00+08:00,7.7,0.0,8.08,1.02,0.83
2023-03-17 07:00:00+08:00,81.68,13.64,71.16,2.43,0.97
2023-03-17 08:00:00+08:00,185.57,17.53,157.7,4.14,1.49
2023-03-17 09:00:00+08:00,315.15,31.16,268.66,5.88,2.17
2023-03-17 10:00:00+08:00,440.38,100.94,319.39,7.93,2.13
2023-03-17 11:00:00+08:00,497.73,154.27,325.47,9.56,1.73
2023-03-17 12:00:00+08:00,485.8,177.8,305.3,10.18,1.63
2023-03-17 13:00:00+08:00,454.12,283.04,247.36,10.5,1.63
2023-03-17 14:00:00+08:00,406.7,281.63,204.97,10.53,1.72
2023-03-17 15:00:00+08:00,282.98,190.05,176.67,10.22,1.94
2023-03-17 16:00:00+08:00,164.82,133.78,108.92,9.55,2.12
2023-03-17 17:00:00+08:00,58.03,52.57,47.82,8.21,1.53
2023-03-17 18:00:00+08:00,0.0,0.0,0.0,5.82,1.72
2023-03-17 19:00:00+08:00,0.0,0.0,0.0,4.87,1.79
2023-03-17 20:00:00+08:00,0.0,0.0,0.0,4.16,1.79
2023-03-17 21:00:00+08:00,0.0,0.0,0.0,3.54,1.78
2023-03-17 22:00:00+08:00,0.0,0.0,0.0,2.77,1.9
2023-03-17 23:00:00+08:00,0.0,0.0,0.0,1.92,2.13
2023-03-18 00:00:00+08:00,0.0,0.0,0.0,1.29,2.16
2023-03-18 01:00:00+08:00,0.0,0.0,0.0,0.79,2.07
2023-03-18 02:00:00+08:00,0.0,0.0,0.0,0.38,1.96
2023-03-18 03:00:00+08:00,0.0,0.0,0.0,0.14,1.82
2023-03-18 04:00:00+08:00,0.0,0.0,0.0,0.08,1.61
2023-03-18 05:00:00+08:00,0.0,0.0,0.0,0.12,1.4
2023-03-18 06:00:00+08:00,11.02,5.85,12.83,0.4,1.2
2023-03-18 07:00:00+08:00,120.0,98.5,96.98,2.43,0.98
2023-03-18 08:00:00+08:00,252.73,132.93,189.06,5.45,1.69
2023-03-18 09:00:00+08:00,450.65,255.92,294.37,8.47,2.84
2023-03-18 10:00:00+08:00,629.15,477.16,296.22,10.28,2.95
2023-03-18 11:00:00+08:00,702.97,503.35,291.81,11.82,3.13
2023-03-18 12:00:00+08:00,616.7,467.9,233.16,12.96,3.33
2023-03-18 13:00:00+08:00,627.17,410.5,301.55,13.61,3.63
2023-03-18 14:00:00+08:00,511.17,351.42,268.15,13.71,3.69
2023-03-18 15:00:00+08:00,346.67,267.42,204.53,13.38,3.38
2023-03-18 16:00:00+08:00,191.15,190.87,129.55,12.5,2.85
2023-03-18 17:00:00+08:00,73.65,67.38,62.8,10.47,1.6
2023-03-18 18:00:00+08:00,0.0,0.0,0.0,9.44,1.16
2023-03-18 19:00:00+08:00,0.0,0.0,0.0,9.54,0.34
2023-03-18 20:00:00+08:00,0.0,0.0,0.0,8.9,0.7
2023-03-18 21:00:00+08:00,0.0,0.0,0.0,7.61,1.53
2023-03-18 22:00:00+08:00,0.0,0.0,0.0,6.43,2.06
2023-03-18 23:00:00+08:00,0.0,0.0,0.0,5.34,2.45
2023-03-19 00:00:00+08:00,0.0,0.0,0.0,4.01,2.8
2023-03-19 01:00:00+08:00,0.0,0.0,0.0,3.04,3.0
2023-03-19 02:00:00+08:00,0.0,0.0,0.0,2.38,3.09
2023-03-19 03:00:00+08:00,0.0,0.0,0.0,1.84,3.07
2023-03-19 04:00:00+08:00,0.0,0.0,0.0,1.39,3.02
2023-03-19 05:00:00+08:00,0.0,0.0,0.0,1.05,2.95
2023-03-19 06:00:00+08:00,15.45,8.74,16.62,1.4,2.81
2023-03-19 07:00:00+08:00,138.45,182.95,87.61,5.13,3.5
2023-03-19 08:00:00+08:00,309.17,354.26,148.71,8.31,3.79
2023-03-19 09:00:00+08:00,475.2,449.49,189.76,11.44,4.81
2023-03-19 10:00:00+08:00,604.97,494.06,226.53,13.22,5.24
2023-03-19 11:00:00+08:00,678.92,499.04,259.53,14.58,5.35
2023-03-19 12:00:00+08:00,607.53,327.19,301.21,15.67,5.38
2023-03-19 13:00:00+08:00,549.0,275.91,282.23,16.38,5.39
2023-03-19 14:00:00+08:00,397.2,134.0,273.09,16.63,5.22
2023-03-19 15:00:00+08:00,295.08,114.17,196.95,16.38,4.89
2023-03-19 16:00:00+08:00,172.32,82.07,136.26,15.59,4.4
2023-03-19 17:00:00+08:00,60.45,23.15,57.23,12.83,2.78
2023-03-19 18:00:00+08:00,0.0,0.0,0.0,9.31,3.31
2023-03-19 19:00:00+08:00,0.0,0.0,0.0,8.21,3.64
2023-03-19 20:00:00+08:00,0.0,0.0,0.0,7.47,3.95
2023-03-19 21:00:00+08:00,0.0,0.0,0.0,6.93,4.45
2023-03-19 22:00:00+08:00,0.0,0.0,0.0,6.43,5.13
2023-03-19 23:00:00+08:00,0.0,0.0,0.0,5.81,5.47
2023-03-20 00:00:00+08:00,0.0,0.0,0.0,4.95,5.11
2023-03-20 01:00:00+08:00,0.0,0.0,0.0,4.29,4.98
2023-03-20 02:00:00+08:00,0.0,0.0,0.0,3.74,4.8
2023-03-20 03:00:00+08:00,0.0,0.0,0.0,3.75,4.89
2023-03-20 04:00:00+08:00,0.0,0.0,0.0,3.4,4.54
2023-03-20 05:00:00+08:00,0.0,0.0,0.0,2.92,4.21
2023-03-20 06:00:00+08:00,13.88,1.09,15.93,2.83,4.21
2023-03-20 07:00:00+08:00,108.85,45.07,98.38,5.21,5.32
2023-03-20 08:00:00+08:00,259.5,125.16,196.64,8.81,5.7
2023-03-20 09:00:00+08:00,373.0,178.29,217.51,12.18,6.64
2023-03-20 10:00:00+08:00,487.73,226.72,272.03,14.27,6.83
2023-03-20 11:00:00+08:00,513.78,87.16,388.29,15.62,6.65
2023-03-20 12:00:00+08:00,482.33,44.23,387.01,16.7,6.13
2023-03-20 13:00:00+08:00,452.62,38.69,363.84,17.01,5.65
2023-03-20 14:00:00+08:00,359.35,22.42,301.16,16.78,5.38
2023-03-20 15:00:00+08:00,271.73,30.96,232.73,16.14,5.28
2023-03-20 16:00:00+08:00,152.95,10.12,131.66,15.1,4.72
2023-03-20 17:00:00+08:00,58.47,3.62,52.46,12.84,3.01
2023-03-20 18:00:00+08:00,0.0,0.0,0.0,9.94,3.0
2023-03-20 19:00:00+08:00,0.0,0.0,0.0,9.01,2.95
2023-03-20 20:00:00+08:00,0.0,0.0,0.0,8.24,2.92
2023-03-20 21:00:00+08:00,0.0,0.0,0.0,7.68,2.82
2023-03-20 22:00:00+08:00,0.0,0.0,0.0,7.29,2.73
2023-03-20 23:00:00+08:00,0.0,0.0,0.0,6.83,2.86
2023-03-21 00:00:00+08:00,0.0,0.0,0.0,6.31,3.04
2023-03-21 01:00:00+08:00,0.0,0.0,0.0,5.5,3.23
2023-03-21 02:00:00+08:00,0.0,0.0,0.0,4.94,3.25
2023-03-21 03:00:00+08:00,0.0,0.0,0.0,4.34,3.12
2023-03-21 04:00:00+08:00,0.0,0.0,0.0,3.8,3.03
2023-03-21 05:00:00+08:00,0.0,0.0,0.0,3.4,2.97
2023-03-21 06:00:00+08:00,18.12,8.89,19.29,3.87,2.87
2023-03-21 07:00:00+08:00,148.5,193.96,92.68,7.41,4.0
2023-03-21 08:00:00+08:00,332.77,385.45,148.2,10.63,3.77
2023-03-21 09:00:00+08:00,514.22,509.72,185.99,13.99,4.18
2023-03-21 10:00:00+08:00,663.22,598.26,205.57,15.93,3.95
2023-03-21 11:00:00+08:00,752.65,643.26,215.46,17.45,4.01
2023-03-21 12:00:00+08:00,741.28,571.73,245.94,18.6,4.62
2023-03-21 13:00:00+08:00,704.17,573.39,236.24,19.32,5.06
2023-03-21 14:00:00+08:00,598.4,544.53,204.55,19.58,5.26
2023-03-21 15:00:00+08:00,441.27,463.01,178.24,19.33,5.41
2023-03-21 16:00:00+08:00,257.0,342.9,123.12,18.5,5.09
2023-03-21 17:00:00+08:00,92.12,128.77,64.67,15.78,3.06
2023-03-21 18:00:00+08:00,0.0,0.0,0.0,12.72,3.35
2023-03-21 19:00:00+08:00,0.0,0.0,0.0,12.28,3.82
2023-03-21 20:00:00+08:00,0.0,0.0,0.0,11.5,4.03
2023-03-21 21:00:00+08:00,0.0,0.0,0.0,10.86,3.9
2023-03-21 22:00:00+08:00,0.0,0.0,0.0,10.21,3.3
2023-03-21 23:00:00+08:00,0.0,0.0,0.0,9.29,2.86
2023-03-22 00:00:00+08:00,0.0,0.0,0.0,8.49,2.67
2023-03-22 01:00:00+08:00,0.0,0.0,0.0,8.6,2.42
2023-03-22 02:00:00+08:00,0.0,0.0,0.0,8.44,2.39
2023-03-22 03:00:00+08:00,0.0,0.0,0.0,7.64,2.45
2023-03-22 04:00:00+08:00,0.0,0.0,0.0,7.49,2.34
2023-03-22 05:00:00+08:00,0.0,0.0,0.0,7.77,2.12
2023-03-22 06:00:00+08:00,15.38,2.41,17.35,8.34,1.69
2023-03-22 07:00:00+08:00,104.78,20.76,89.45,10.51,1.67
2023-03-22 08:00:00+08:00,231.65,57.01,190.4,12.72,2.81
2023-03-22 09:00:00+08:00,365.77,106.39,290.52,14.38,4.06
2023-03-22 10:00:00+08:00,389.62,30.36,324.65,15.1,5.18
2023-03-22 11:00:00+08:00,366.38,23.03,298.34,15.75,6.35
2023-03-22 12:00:00+08:00,312.1,17.69,253.43,15.67,7.39
2023-03-22 13:00:00+08:00,278.2,40.48,221.93,14.77,8.17
2023-03-22 14:00:00+08:00,260.17,47.93,211.1,13.89,8.37
2023-03-22 15:00:00+08:00,189.27,49.93,158.51,13.46,7.73
2023-03-22 16:00:00+08:00,121.03,23.04,101.71,13.04,6.58
2023-03-22 17:00:00+08:00,41.88,4.03,36.58,11.83,4.63
2023-03-22 18:00:00+08:00,2.08,0.0,2.87,8.83,3.73
2023-03-22 19:00:00+08:00,0.0,0.0,0.0,7.63,3.87
2023-03-22 20:00:00+08:00,0.0,0.0,0.0,6.88,3.75
2023-03-22 21:00:00+08:00,0.0,0.0,0.0,6.49,3.4
2023-03-22 22:00:00+08:00,0.0,0.0,0.0,5.3,3.25
2023-03-22 23:00:00+08:00,0.0,0.0,0.0,4.24,3.34
2023-03-23 00:00:00+08:00,0.0,0.0,0.0,3.75,3.6
2023-03-23 01:00:00+08:00,0.0,0.0,0.0,3.5,3.8
2023-03-23 02:00:00+08:00,0.0,0.0,0.0,3.23,4.31
2023-03-23 03:00:00+08:00,0.0,0.0,0.0,2.62,5.37
2023-03-23 04:00:00+08:00,0.0,0.0,0.0,1.82,5.94
2023-03-23 05:00:00+08:00,0.0,0.0,0.0,1.56,5.48
2023-03-23 06:00:00+08:00,24.55,33.54,23.46,1.8,5.48
2023-03-23 07:00:00+08:00,182.7,312.61,99.83,3.93,6.04
2023-03-23 08:00:00+08:00,368.4,426.09,172.95,7.52,7.91
2023-03-23 09:00:00+08:00,547.53,478.71,239.17,11.02,9.31
2023-03-23 10:00:00+08:00,708.33,583.53,273.83,13.22,9.37
2023-03-23 11:00:00+08:00,763.0,472.01,370.17,14.44,8.98
2023-03-23 12:00:00+08:00,710.28,395.16,352.03,14.91,8.74
2023-03-23 13:00:00+08:00,680.67,442.56,305.07,14.91,8.12
2023-03-23 14:00:00+08:00,456.45,144.87,317.86,14.23,7.62
2023-03-23 15:00:00+08:00,302.85,66.72,252.94,13.07,7.67
2023-03-23 16:00:00+08:00,169.35,16.24,144.12,11.64,7.25
2023-03-23 17:00:00+08:00,53.45,0.0,46.77,9.78,5.57
2023-03-23 18:00:00+08:00,2.33,0.0,2.66,7.79,4.19
2023-03-23 19:00:00+08:00,0.0,0.0,0.0,6.88,3.78
2023-03-23 20:00:00+08:00,0.0,0.0,0.0,6.13,3.16
2023-03-23 21:00:00+08:00,0.0,0.0,0.0,5.58,2.6
2023-03-23 22:00:00+08:00,0.0,0.0,0.0,5.13,2.38
2023-03-23 23:00:00+08:00,0.0,0.0,0.0,4.94,2.03
2023-03-24 00:00:00+08:00,0.0,0.0,0.0,5.59,1.5
2023-03-24 01:00:00+08:00,0.0,0.0,0.0,5.94,1.26
2023-03-24 02:00:00+08:00,0.0,0.0,0.0,5.21,1.95
2023-03-24 03:00:00+08:00,0.0,0.0,0.0,4.15,2.59
2023-03-24 04:00:00+08:00,0.0,0.0,0.0,3.99,2.97
2023-03-24 05:00:00+08:00,0.0,0.0,0.0,3.9,3.31
2023-03-24 06:00:00+08:00,17.77,0.0,17.77,3.53,2.95
2023-03-24 07:00:00+08:00,117.82,49.29,97.09,5.71,3.57
2023-03-24 08:00:00+08:00,254.4,86.35,203.57,8.0,4.07
2023-03-24 09:00:00+08:00,394.85,131.9,301.51,10.38,3.84
2023-03-24 10:00:00+08:00,497.35,94.55,384.45,12.07,2.84
2023-03-24 11:00:00+08:00,562.1,86.77,444.72,13.2,2.05
2023-03-24 12:00:00+08:00,567.6,123.19,445.72,13.87,1.66
2023-03-24 13:00:00+08:00,515.9,62.43,414.75,14.53,1.69
2023-03-24 14:00:00+08:00,458.62,86.22,372.68,14.85,1.83
2023-03-24 15:00:00+08:00,364.38,104.44,300.71,14.69,1.78
2023-03-24 16:00:00+08:00,217.9,33.82,182.95,13.98,1.95
2023-03-24 17:00:00+08:00,77.15,19.94,66.75,11.62,1.95
2023-03-24 18:00:00+08:00,3.88,0.0,5.49,7.88,3.06
2023-03-24 19:00:00+08:00,0.0,0.0,0.0,6.35,3.68
2023-03-24 20:00:00+08:00,0.0,0.0,0.0,5.23,3.8
2023-03-24 21:00:00+08:00,0.0,0.0,0.0,4.1,3.83
2023-03-24 22:00:00+08:00,0.0,0.0,0.0,3.03,3.86
2023-03-24 23:00:00+08:00,0.0,0.0,0.0,2.15,3.78
2023-03-25 00:00:00+08:00,0.0,0.0,0.0,1.59,3.78
2023-03-25 01:00:00+08:00,0.0,0.0,0.0,1.24,3.83
2023-03-25 02:00:00+08:00,0.0,0.0,0.0,1.52,3.81
2023-03-25 03:00:00+08:00,0.0,0.0,0.0,1.95,3.67
2023-03-25 04:00:00+08:00,0.0,0.0,0.0,1.97,3.58
2023-03-25 05:00:00+08:00,0.0,0.0,0.0,1.96,3.56
2023-03-25 06:00:00+08:00,24.23,5.2,26.33,2.47,3.61
2023-03-25 07:00:00+08:00,140.95,36.9,113.94,4.53,4.3
2023-03-25 08:00:00+08:00,285.33,60.8,227.62,7.02,3.83
2023-03-25 09:00:00+08:00,417.35,106.32,340.75,9.8,3.8
2023-03-25 10:00:00+08:00,432.5,25.44,351.06,11.67,3.26
2023-03-25 11:00:00+08:00,321.12,11.75,253.73,13.44,3.34
2023-03-25 12:00:00+08:00,276.7,6.28,226.4,14.86,3.67
2023-03-25 13:00:00+08:00,383.95,25.19,312.33,15.65,3.76
2023-03-25 14:00:00+08:00,388.58,44.71,320.0,15.71,3.59
2023-03-25 15:00:00+08:00,319.45,27.32,273.04,15.31,3.29
2023-03-25 16:00:00+08:00,197.07,55.46,170.12,14.45,2.89
2023-03-25 17:00:00+08:00,72.12,32.19,67.25,12.05,1.82
2023-03-25 18:00:00+08:00,3.55,0.87,5.7,9.15,2.49
2023-03-25 19:00:00+08:00,0.0,0.0,0.0,7.78,3.32
2023-03-25 20:00:00+08:00,0.0,0.0,0.0,6.84,3.62
2023-03-25 21:00:00+08:00,0.0,0.0,0.0,6.08,3.82
2023-03-25 22:00:00+08:00,0.0,0.0,0.0,5.36,4.43
2023-03-25 23:00:00+08:00,0.0,0.0,0.0,4.39,4.31
2023-03-26 00:00:00+08:00,0.0,0.0,0.0,3.21,3.44
2023-03-26 01:00:00+08:00,0.0,0.0,0.0,2.07,2.69
2023-03-26 02:00:00+08:00,0.0,0.0,0.0,1.21,2.55
2023-03-26 03:00:00+08:00,0.0,0.0,0.0,0.58,2.58
2023-03-26 04:00:00+08:00,0.0,0.0,0.0,0.03,2.58
2023-03-26 05:00:00+08:00,0.0,0.0,0.0,-0.41,2.58
2023-03-26 06:00:00+08:00,31.58,71.32,26.23,0.22,2.45
2023-03-26 07:00:00+08:00,200.73,383.49,93.25,4.16,2.91
2023-03-26 08:00:00+08:00,392.23,505.26,155.4,8.06,3.55
2023-03-26 09:00:00+08:00,574.3,585.49,194.18,11.17,3.01
2023-03-26 10:00:00+08:00,744.42,687.79,211.2,13.49,1.89
2023-03-26 11:00:00+08:00,832.22,767.74,197.07,14.97,1.82
2023-03-26 12:00:00+08:00,799.97,621.26,273.0,15.8,2.38
2023-03-26 13:00:00+08:00,754.0,644.07,245.77,16.16,2.71
2023-03-26 14:00:00+08:00,633.5,592.38,214.27,16.12,2.66
2023-03-26 15:00:00+08:00,485.65,533.98,178.22,15.72,2.27
2023-03-26 16:00:00+08:00,285.3,428.96,118.75,14.91,1.51
2023-03-26 17:00:00+08:00,102.47,200.86,62.28,13.35,0.35
2023-03-26 18:00:00+08:00,4.35,2.47,6.4,11.28,0.93
2023-03-26 19:00:00+08:00,0.0,0.0,0.0,9.14,2.0
2023-03-26 20:00:00+08:00,0.0,0.0,0.0,7.34,2.79
2023-03-26 21:00:00+08:00,0.0,0.0,0.0,6.05,3.35
2023-03-26 22:00:00+08:00,0.0,0.0,0.0,5.45,3.7
2023-03-26 23:00:00+08:00,0.0,0.0,0.0,5.17,3.92
2023-03-27 00:00:00+08:00,0.0,0.0,0.0,5.0,4.12
2023-03-27 01:00:00+08:00,0.0,0.0,0.0,4.85,4.39
2023-03-27 02:00:00+08:00,0.0,0.0,0.0,4.62,4.55
2023-03-27 03:00:00+08:00,0.0,0.0,0.0,4.27,4.58
2023-03-27 04:00:00+08:00,0.0,0.0,0.0,3.97,4.72
2023-03-27 05:00:00+08:00,0.0,0.0,0.0,3.79,5.17
2023-03-27 06:00:00+08:00,25.42,17.71,22.31,4.21,5.96
2023-03-27 07:00:00+08:00,177.7,257.71,96.25,6.31,6.32
2023-03-27 08:00:00+08:00,319.1,301.58,160.25,9.62,5.62
2023-03-27 09:00:00+08:00,500.8,425.94,207.99,13.36,6.61
2023-03-27 10:00:00+08:00,659.85,540.92,223.58,15.97,5.44
2023-03-27 11:00:00+08:00,759.8,616.81,225.83,17.81,4.48
2023-03-27 12:00:00+08:00,752.03,558.72,263.11,18.85,3.94
2023-03-27 13:00:00+08:00,711.9,577.21,228.94,19.35,3.66
2023-03-27 14:00:00+08:00,597.45,522.78,209.92,19.34,3.45
2023-03-27 15:00:00+08:00,429.62,418.15,184.12,18.97,3.14
2023-03-27 16:00:00+08:00,256.67,321.19,132.15,17.97,2.73
2023-03-27 17:00:00+08:00,92.8,145.02,61.7,14.73,2.03
2023-03-27 18:00:00+08:00,4.28,1.21,6.44,11.07,2.68
2023-03-27 19:00:00+08:00,0.0,0.0,0.0,9.27,3.1
2023-03-27 20:00:00+08:00,0.0,0.0,0.0,8.03,3.43
2023-03-27 21:00:00+08:00,0.0,0.0,0.0,7.06,3.62
2023-03-27 22:00:00+08:00,0.0,0.0,0.0,6.27,3.72
2023-03-27 23:00:00+08:00,0.0,0.0,0.0,5.64,3.78
2023-03-28 00:00:00+08:00,0.0,0.0,0.0,5.13,3.8
2023-03-28 01:00:00+08:00,0.0,0.0,0.0,4.69,3.79
2023-03-28 02:00:00+08:00,0.0,0.0,0.0,4.31,3.74
2023-03-28 03:00:00+08:00,0.0,0.0,0.0,3.96,3.7
2023-03-28 04:00:00+08:00,0.0,0.0,0.0,3.66,3.66
2023-03-28 05:00:00+08:00,0.0,0.0,0.0,3.44,3.69
2023-03-28 06:00:00+08:00,30.8,35.69,27.83,4.53,3.7
2023-03-28 07:00:00+08:00,183.25,287.41,92.83,8.46,5.12
2023-03-28 08:00:00+08:00,368.25,443.02,144.3,11.6,4.76
2023-03-28 09:00:00+08:00,545.85,543.44,182.29,15.74,5.12
2023-03-28 10:00:00+08:00,687.6,617.45,198.55,18.76,5.9
2023-03-28 11:00:00+08:00,768.35,647.6,210.99,20.26,6.29
2023-03-28 12:00:00+08:00,783.72,650.61,213.59,21.22,6.43
2023-03-28 13:00:00+08:00,736.45,641.6,201.84,21.8,6.45
2023-03-28 14:00:00+08:00,623.92,589.84,185.66,21.99,6.48
2023-03-28 15:00:00+08:00,450.48,468.9,178.99,21.62,6.48
2023-03-28 16:00:00+08:00,256.1,279.84,147.33,20.56,5.93
2023-03-28 17:00:00+08:00,93.57,101.4,76.02,17.29,3.95
2023-03-28 18:00:00+08:00,5.05,0.86,8.14,13.51,4.16
2023-03-28 19:00:00+08:00,0.0,0.0,0.0,12.71,4.67
2023-03-28 20:00:00+08:00,0.0,0.0,0.0,12.29,5.15
2023-03-28 21:00:00+08:00,0.0,0.0,0.0,11.47,5.3
2023-03-28 22:00:00+08:00,0.0,0.0,0.0,10.6,5.27
2023-03-28 23:00:00+08:00,0.0,0.0,0.0,9.95,5.24
2023-03-29 00:00:00+08:00,0.0,0.0,0.0,9.57,5.31
2023-03-29 01:00:00+08:00,0.0,0.0,0.0,9.21,5.37
2023-03-29 02:00:00+08:00,0.0,0.0,0.0,8.54,5.29
2023-03-29 03:00:00+08:00,0.0,0.0,0.0,7.88,5.28
2023-03-29 04:00:00+08:00,0.0,0.0,0.0,7.47,5.36
2023-03-29 05:00:00+08:00,0.0,0.0,0.0,7.17,5.58
2023-03-29 06:00:00+08:00,31.6,30.07,26.84,7.55,6.16
2023-03-29 07:00:00+08:00,191.93,305.59,93.9,9.63,6.67
2023-03-29 08:00:00+08:00,344.58,353.8,162.05,12.85,6.4
2023-03-29 09:00:00+08:00,526.28,476.56,199.13,16.59,7.92
2023-03-29 10:00:00+08:00,672.38,563.3,219.3,18.76,7.36
2023-03-29 11:00:00+08:00,760.2,613.51,224.39,20.16,6.46
2023-03-29 12:00:00+08:00,761.45,586.83,232.58,21.17,5.77
2023-03-29 13:00:00+08:00,714.9,576.39,226.92,21.78,5.34
2023-03-29 14:00:00+08:00,610.92,562.52,192.78,21.88,4.98
2023-03-29 15:00:00+08:00,452.75,471.05,170.01,21.48,4.58
2023-03-29 16:00:00+08:00,266.58,325.62,132.29,20.41,3.89
2023-03-29 17:00:00+08:00,96.4,136.55,71.58,17.12,2.43
2023-03-29 18:00:00+08:00,5.22,1.1,8.11,13.49,2.91
2023-03-29 19:00:00+08:00,0.0,0.0,0.0,11.96,3.18
2023-03-29 20:00:00+08:00,0.0,0.0,0.0,10.77,3.49
2023-03-29 21:00:00+08:00,0.0,0.0,0.0,9.83,3.74
2023-03-29 22:00:00+08:00,0.0,0.0,0.0,9.12,3.89
2023-03-29 23:00:00+08:00,0.0,0.0,0.0,8.59,4.15
2023-03-30 00:00:00+08:00,0.0,0.0,0.0,8.13,4.52
2023-03-30 01:00:00+08:00,0.0,0.0,0.0,7.65,4.74
2023-03-30 02:00:00+08:00,0.0,0.0,0.0,7.11,4.67
2023-03-30 03:00:00+08:00,0.0,0.0,0.0,6.55,4.45
2023-03-30 04:00:00+08:00,0.0,0.0,0.0,6.06,4.25
2023-03-30 05:00:00+08:00,0.0,0.0,0.0,5.65,4.13
2023-03-30 06:00:00+08:00,39.17,71.3,29.52,6.45,4.51
2023-03-30 07:00:00+08:00,212.15,382.05,91.38,9.32,5.59
2023-03-30 08:00:00+08:00,408.35,538.65,139.29,12.78,5.35
2023-03-30 09:00:00+08:00,601.35,672.71,156.4,16.26,5.89
2023-03-30 10:00:00+08:00,749.9,755.35,163.7,18.35,5.57
2023-03-30 11:00:00+08:00,837.92,801.54,162.24,19.85,5.29
2023-03-30 12:00:00+08:00,801.95,672.69,207.49,20.83,5.01
2023-03-30 13:00:00+08:00,759.92,675.4,196.22,21.4,4.74
2023-03-30 14:00:00+08:00,650.22,638.58,177.58,21.48,4.42
2023-03-30 15:00:00+08:00,488.77,564.44,156.09,21.16,4.06
2023-03-30 16:00:00+08:00,295.58,423.25,123.71,20.15,3.71
2023-03-30 17:00:00+08:00,113.62,231.5,62.16,17.22,2.35
2023-03-30 18:00:00+08:00,6.03,2.91,8.85,13.41,2.81
2023-03-30 19:00:00+08:00,0.0,0.0,0.0,12.0,3.01
2023-03-30 20:00:00+08:00,0.0,0.0,0.0,10.89,3.24
2023-03-30 21:00:00+08:00,0.0,0.0,0.0,9.92,3.48
2023-03-30 22:00:00+08:00,0.0,0.0,0.0,9.27,3.62
2023-03-30 23:00:00+08:00,0.0,0.0,0.0,8.79,3.63
2023-03-31 00:00:00+08:00,0.0,0.0,0.0,8.22,3.59
2023-03-31 01:00:00+08:00,0.0,0.0,0.0,7.61,3.57
2023-03-31 02:00:00+08:00,0.0,0.0,0.0,6.99,3.51
2023-03-31 03:00:00+08:00,0.0,0.0,0.0,6.46,3.41
2023-03-31 04:00:00+08:00,0.0,0.0,0.0,6.12,3.27
2023-03-31 05:00:00+08:00,0.0,0.0,0.0,5.85,3.24
2023-03-31 06:00:00+08:00,39.15,24.45,37.53,6.8,3.4
2023-03-31 07:00:00+08:00,186.02,191.13,134.61,9.31,4.73
2023-03-31 08:00:00+08:00,370.7,310.83,220.16,11.57,4.54
2023-03-31 09:00:00+08:00,554.7,481.66,253.13,14.51,5.36
2023-03-31 10:00:00+08:00,671.95,471.51,306.67,16.54,5.41
2023-03-31 11:00:00+08:00,801.28,673.76,237.66,18.43,5.45
2023-03-31 12:00:00+08:00,758.7,515.68,321.72,19.97,5.52
2023-03-31 13:00:00+08:00,720.85,520.1,268.6,20.75,5.55
2023-03-31 14:00:00+08:00,595.9,439.44,252.26,20.8,5.44
2023-03-31 15:00:00+08:00,421.1,303.08,232.47,20.1,5.4
2023-03-31 16:00:00+08:00,249.1,225.21,160.19,19.21,5.0
2023-03-31 17:00:00+08:00,102.35,122.45,80.11,17.12,2.92
2023-03-31 18:00:00+08:00,6.4,1.74,8.84,13.5,3.06
2023-03-31 19:00:00+08:00,0.0,0.0,0.0,11.94,3.37
2023-03-31 20:00:00+08:00,0.0,0.0,0.0,11.06,3.61
2023-03-31 21:00:00+08:00,0.0,0.0,0.0,10.29,3.79
2023-03-31 22:00:00+08:00,0.0,0.0,0.0,9.61,3.96
2023-03-31 23:00:00+08:00,0.0,0.0,0.0,9.15,4.26
2023-04-01 00:00:00+08:00,0.0,0.0,0.0,8.76,4.58
2023-04-01 01:00:00+08:00,0.0,0.0,0.0,8.21,4.68
2023-04-01 02:00:00+08:00,0.0,0.0,0.0,7.58,4.64
2023-04-01 03:00:00+08:00,0.0,0.0,0.0,6.98,4.48
2023-04-01 04:00:00+08:00,0.0,0.0,0.0,6.5,4.29
2023-04-01 05:00:00+08:00,0.0,0.0,0.0,6.18,4.13
2023-04-01 06:00:00+08:00,45.1,74.53,34.3,7.06,4.59
2023-04-01 07:00:00+08:00,213.5,345.46,103.41,9.58,5.1
2023-04-01 08:00:00+08:00,413.52,517.02,149.2,13.16,4.88
2023-04-01 09:00:00+08:00,602.53,656.25,166.55,16.36,5.9
2023-04-01 10:00:00+08:00,748.55,730.2,174.6,17.94,5.35
2023-04-01 11:00:00+08:00,816.53,717.68,214.97,19.12,4.77
2023-04-01 12:00:00+08:00,790.25,601.67,258.32,19.92,4.38
2023-04-01 13:00:00+08:00,754.92,628.71,227.24,20.46,4.11
2023-04-01 14:00:00+08:00,655.33,622.49,194.07,20.71,3.97
2023-04-01 15:00:00+08:00,495.52,563.85,157.98,20.55,3.87
2023-04-01 16:00:00+08:00,302.27,426.22,125.01,19.85,3.67
2023-04-01 17:00:00+08:00,119.8,242.38,65.86,17.91,2.33
2023-04-01 18:00:00+08:00,7.07,5.66,8.32,14.62,2.53
2023-04-01 19:00:00+08:00,0.0,0.0,0.0,13.26,2.89
2023-04-01 20:00:00+08:00,0.0,0.0,0.0,12.29,3.27
2023-04-01 21:00:00+08:00,0.0,0.0,0.0,11.46,3.53
2023-04-01 22:00:00+08:00,0.0,0.0,0.0,10.62,3.85
2023-04-01 23:00:00+08:00,0.0,0.0,0.0,9.79,4.34
2023-04-02 00:00:00+08:00,0.0,0.0,0.0,9.07,4.59
2023-04-02 01:00:00+08:00,0.0,0.0,0.0,8.49,4.68
2023-04-02 02:00:00+08:00,0.0,0.0,0.0,8.18,5.02
2023-04-02 03:00:00+08:00,0.0,0.0,0.0,7.89,5.19
2023-04-02 04:00:00+08:00,0.0,0.0,0.0,7.38,4.97
2023-04-02 05:00:00+08:00,0.0,0.0,0.0,6.98,4.96
2023-04-02 06:00:00+08:00,54.25,140.06,34.18,7.7,5.39
2023-04-02 07:00:00+08:00,233.65,434.35,93.14,10.24,5.37
2023-04-02 08:00:00+08:00,441.67,608.29,130.61,13.77,4.68
2023-04-02 09:00:00+08:00,629.6,715.34,150.9,18.1,6.55
2023-04-02 10:00:00+08:00,769.58,766.32,165.22,20.25,6.41
2023-04-02 11:00:00+08:00,810.85,671.66,251.7,21.89,6.26
2023-04-02 12:00:00+08:00,763.67,523.7,291.16,23.07,6.35
2023-04-02 13:00:00+08:00,760.25,589.75,277.4,23.78,6.69
2023-04-02 14:00:00+08:00,636.1,509.07,268.72,23.88,7.23
2023-04-02 15:00:00+08:00,486.4,452.82,202.44,23.35,7.93
2023-04-02 16:00:00+08:00,288.73,316.57,158.0,22.11,8.19
2023-04-02 17:00:00+08:00,115.03,129.79,88.09,19.75,6.63
2023-04-02 18:00:00+08:00,7.2,2.53,9.71,15.45,4.49
2023-04-02 19:00:00+08:00,0.0,0.0,0.0,14.1,4.54
2023-04-02 20:00:00+08:00,0.0,0.0,0.0,13.25,5.35
2023-04-02 21:00:00+08:00,0.0,0.0,0.0,12.21,5.03
2023-04-02 22:00:00+08:00,0.0,0.0,0.0,11.35,4.48
2023-04-02 23:00:00+08:00,0.0,0.0,0.0,10.94,4.37
2023-04-03 00:00:00+08:00,0.0,0.0,0.0,10.74,4.7
2023-04-03 01:00:00+08:00,0.0,0.0,0.0,10.68,5.67
2023-04-03 02:00:00+08:00,0.0,0.0,0.0,10.59,6.45
2023-04-03 03:00:00+08:00,0.0,0.0,0.0,10.21,6.25
2023-04-03 04:00:00+08:00,0.0,0.0,0.0,9.88,6.16
2023-04-03 05:00:00+08:00,0.0,0.0,0.0,9.74,6.3
2023-04-03 06:00:00+08:00,41.72,0.0,37.91,10.02,6.64
2023-04-03 07:00:00+08:00,174.02,15.09,150.37,11.17,6.6
2023-04-03 08:00:00+08:00,175.7,0.0,153.62,12.31,4.53
2023-04-03 09:00:00+08:00,304.98,17.21,254.87,13.14,4.31
2023-04-03 10:00:00+08:00,341.4,31.69,264.83,13.95,5.18
2023-04-03 11:00:00+08:00,279.92,47.96,206.82,15.02,5.6
2023-04-03 12:00:00+08:00,172.98,3.26,139.09,15.92,6.88
2023-04-03 13:00:00+08:00,108.68,26.76,80.95,16.36,7.71
2023-04-03 14:00:00+08:00,69.6,20.64,52.36,16.2,7.95
2023-04-03 15:00:00+08:00,49.2,9.59,41.25,15.04,7.76
2023-04-03 16:00:00+08:00,100.93,0.0,87.98,13.5,6.86
2023-04-03 17:00:00+08:00,45.62,0.0,40.38,12.16,6.13
2023-04-03 18:00:00+08:00,4.55,0.0,4.87,11.34,6.82
2023-04-03 19:00:00+08:00,0.0,0.0,0.0,11.13,7.6
2023-04-03 20:00:00+08:00,0.0,0.0,0.0,10.98,8.27
2023-04-03 21:00:00+08:00,0.0,0.0,0.0,10.77,8.18
2023-04-03 22:00:00+08:00,0.0,0.0,0.0,10.67,7.72
2023-04-03 23:00:00+08:00,0.0,0.0,0.0,10.54,7.36
2023-04-04 00:00:00+08:00,0.0,0.0,0.0,10.42,7.24
2023-04-04 01:00:00+08:00,0.0,0.0,0.0,10.35,7.62
2023-04-04 02:00:00+08:00,0.0,0.0,0.0,10.15,7.99
2023-04-04 03:00:00+08:00,0.0,0.0,0.0,10.25,6.8
2023-04-04 04:00:00+08:00,0.0,0.0,0.0,10.24,6.4
2023-04-04 05:00:00+08:00,0.0,0.0,0.0,10.14,6.47
2023-04-04 06:00:00+08:00,13.57,0.0,12.33,10.09,6.25
2023-04-04 07:00:00+08:00,33.35,0.0,29.08,10.22,6.55
2023-04-04 08:00:00+08:00,47.2,0.0,41.27,10.48,7.19
2023-04-04 09:00:00+08:00,65.05,36.61,44.4,11.11,7.26
2023-04-04 10:00:00+08:00,118.18,27.88,88.34,11.98,7.14
2023-04-04 11:00:00+08:00,106.57,44.66,70.8,12.81,7.32
2023-04-04 12:00:00+08:00,76.78,2.16,61.6,13.38,7.49
2023-04-04 13:00:00+08:00,113.5,25.22,84.4,12.57,8.1
2023-04-04 14:00:00+08:00,55.83,0.0,46.52,11.08,9.46
2023-04-04 15:00:00+08:00,37.45,0.0,32.47,8.94,10.66
2023-04-04 16:00:00+08:00,110.8,109.59,80.81,6.79,10.93
2023-04-04 17:00:00+08:00,48.2,78.46,38.85,5.62,10.33
2023-04-04 18:00:00+08:00,3.97,3.62,4.23,5.14,9.71
2023-04-04 19:00:00+08:00,0.0,0.0,0.0,4.91,9.45
2023-04-04 20:00:00+08:00,0.0,0.0,0.0,4.79,9.17
2023-04-04 21:00:00+08:00,0.0,0.0,0.0,4.66,8.81
2023-04-04 22:00:00+08:00,0.0,0.0,0.0,4.47,8.49
2023-04-04 23:00:00+08:00,0.0,0.0,0.0,4.22,8.45
2023-04-05 00:00:00+08:00,0.0,0.0,0.0,3.98,8.61
2023-04-05 01:00:00+08:00,0.0,0.0,0.0,3.74,8.71
2023-04-05 02:00:00+08:00,0.0,0.0,0.0,3.49,8.44
2023-04-05 03:00:00+08:00,0.0,0.0,0.0,3.27,8.26
2023-04-05 04:00:00+08:00,0.0,0.0,0.0,3.04,8.49
2023-04-05 05:00:00+08:00,0.0,0.0,0.0,3.01,7.76
2023-04-05 06:00:00+08:00,12.4,0.0,11.19,3.3,6.82
2023-04-05 07:00:00+08:00,41.53,8.53,35.57,4.44,7.21
2023-04-05 08:00:00+08:00,61.55,21.05,48.73,6.26,7.48
2023-04-05 09:00:00+08:00,134.48,73.96,97.9,8.08,7.18
2023-04-05 10:00:00+08:00,178.15,54.16,121.67,10.5,6.55
2023-04-05 11:00:00+08:00,270.33,58.9,205.04,12.05,6.12
2023-04-05 12:00:00+08:00,201.88,47.83,154.07,12.23,6.17
2023-04-05 13:00:00+08:00,199.82,43.88,156.83,12.12,5.86
2023-04-05 14:00:00+08:00,162.38,16.17,134.74,12.11,5.3
2023-04-05 15:00:00+08:00,139.4,39.02,106.09,12.16,4.84
2023-04-05 16:00:00+08:00,94.22,42.96,73.35,11.79,4.38
2023-04-05 17:00:00+08:00,45.03,42.42,36.42,11.03,3.08
2023-04-05 18:00:00+08:00,5.35,1.36,7.35,9.1,1.43
2023-04-05 19:00:00+08:00,0.0,0.0,0.0,8.65,0.54
2023-04-05 20:00:00+08:00,0.0,0.0,0.0,7.95,0.67
2023-04-05 21:00:00+08:00,0.0,0.0,0.0,6.72,1.52
2023-04-05 22:00:00+08:00,0.0,0.0,0.0,5.73,2.06
2023-04-05 23:00:00+08:00,0.0,0.0,0.0,4.92,2.6
2023-04-06 00:00:00+08:00,0.0,0.0,0.0,4.99,2.97
2023-04-06 01:00:00+08:00,0.0,0.0,0.0,5.27,3.14
2023-04-06 02:00:00+08:00,0.0,0.0,0.0,5.43,3.41
2023-04-06 03:00:00+08:00,0.0,0.0,0.0,5.47,3.68
2023-04-06 04:00:00+08:00,0.0,0.0,0.0,4.5,3.81
2023-04-06 05:00:00+08:00,0.0,0.0,0.0,4.79,4.4
2023-04-06 06:00:00+08:00,33.25,3.01,30.1,5.54,5.13
2023-04-06 07:00:00+08:00,114.0,4.45,99.3,7.02,4.99
2023-04-06 08:00:00+08:00,71.57,19.17,55.03,9.32,4.32
2023-04-06 09:00:00+08:00,98.03,32.96,68.5,11.8,3.04
2023-04-06 10:00:00+08:00,184.23,47.15,123.95,13.67,2.91
2023-04-06 11:00:00+08:00,158.15,11.42,125.27,14.99,3.48
2023-04-06 12:00:00+08:00,188.82,17.01,150.22,15.59,4.27
2023-04-06 13:00:00+08:00,168.88,3.86,138.17,15.61,5.31
2023-04-06 14:00:00+08:00,100.4,9.29,83.42,14.68,6.39
2023-04-06 15:00:00+08:00,56.75,8.01,46.61,13.43,7.03
2023-04-06 16:00:00+08:00,79.5,44.04,61.11,12.22,6.91
2023-04-06 17:00:00+08:00,51.47,39.24,42.52,11.07,5.67
2023-04-06 18:00:00+08:00,6.53,1.9,9.06,8.86,2.89
2023-04-06 19:00:00+08:00,0.0,0.0,0.0,7.62,1.77
2023-04-06 20:00:00+08:00,0.0,0.0,0.0,7.69,0.56
2023-04-06 21:00:00+08:00,0.0,0.0,0.0,7.2,0.77
2023-04-06 22:00:00+08:00,0.0,0.0,0.0,5.7,1.88
2023-04-06 23:00:00+08:00,0.0,0.0,0.0,4.31,2.78
2023-04-07 00:00:00+08:00,0.0,0.0,0.0,3.82,3.37
2023-04-07 01:00:00+08:00,0.0,0.0,0.0,3.35,3.42
2023-04-07 02:00:00+08:00,0.0,0.0,0.0,2.64,3.53
2023-04-07 03:00:00+08:00,0.0,0.0,0.0,2.19,4.03
2023-04-07 04:00:00+08:00,0.0,0.0,0.0,1.55,4.53
2023-04-07 05:00:00+08:00,0.0,0.0,0.0,0.58,4.62
2023-04-07 06:00:00+08:00,85.88,296.49,39.16,1.27,4.98
2023-04-07 07:00:00+08:00,297.6,668.67,73.51,3.84,4.73
2023-04-07 08:00:00+08:00,521.83,842.25,85.43,8.12,6.03
2023-04-07 09:00:00+08:00,705.28,905.0,106.13,10.79,5.89
2023-04-07 10:00:00+08:00,843.62,911.22,139.54,12.61,5.97
2023-04-07 11:00:00+08:00,937.95,1015.5,82.92,13.78,6.07
2023-04-07 12:00:00+08:00,933.3,966.39,103.44,14.57,5.96
2023-04-07 13:00:00+08:00,883.65,967.26,92.63,15.05,5.97
2023-04-07 14:00:00+08:00,768.85,947.98,88.23,15.11,5.99
2023-04-07 15:00:00+08:00,604.0,907.43,73.42,14.8,5.87
2023-04-07 16:00:00+08:00,398.73,813.25,66.31,14.08,5.51
2023-04-07 17:00:00+08:00,178.1,603.96,47.75,12.28,3.67
2023-04-07 18:00:00+08:00,13.88,93.85,11.07,8.19,2.79
2023-04-07 19:00:00+08:00,0.0,0.0,0.0,7.28,2.65
2023-04-07 20:00:00+08:00,0.0,0.0,0.0,6.73,2.76
2023-04-07 21:00:00+08:00,0.0,0.0,0.0,5.66,3.13
2023-04-07 22:00:00+08:00,0.0,0.0,0.0,4.57,3.37
2023-04-07 23:00:00+08:00,0.0,0.0,0.0,3.45,3.51
2023-04-08 00:00:00+08:00,0.0,0.0,0.0,2.35,3.48
2023-04-08 01:00:00+08:00,0.0,0.0,0.0,1.38,3.39
2023-04-08 02:00:00+08:00,0.0,0.0,0.0,0.73,3.1
2023-04-08 03:00:00+08:00,0.0,0.0,0.0,0.61,2.81
2023-04-08 04:00:00+08:00,0.0,0.0,0.0,0.76,2.6
2023-04-08 05:00:00+08:00,0.0,0.0,0.0,1.4,2.2
2023-04-08 06:00:00+08:00,99.25,398.75,34.27,2.53,2.28
2023-04-08 07:00:00+08:00,313.42,732.71,68.03,6.46,3.65
2023-04-08 08:00:00+08:00,532.58,851.59,88.74,9.76,3.73
2023-04-08 09:00:00+08:00,719.88,934.35,95.26,14.28,4.38
2023-04-08 10:00:00+08:00,854.85,938.68,120.04,16.27,4.45
2023-04-08 11:00:00+08:00,903.8,818.57,210.61,17.3,5.23
2023-04-08 12:00:00+08:00,871.8,691.55,259.82,18.02,5.7
2023-04-08 13:00:00+08:00,851.9,866.77,176.65,18.43,5.85
2023-04-08 14:00:00+08:00,713.58,690.33,224.61,18.43,6.02
2023-04-08 15:00:00+08:00,536.92,717.39,141.56,18.12,6.02
2023-04-08 16:00:00+08:00,345.9,546.46,122.18,17.3,5.68
2023-04-08 17:00:00+08:00,150.0,328.7,80.34,14.77,3.12
2023-04-08 18:00:00+08:00,11.98,14.76,14.6,10.4,3.21
2023-04-08 19:00:00+08:00,0.0,0.0,0.0,8.72,3.72
2023-04-08 20:00:00+08:00,0.0,0.0,0.0,8.3,4.12
2023-04-08 21:00:00+08:00,0.0,0.0,0.0,8.31,4.56
2023-04-08 22:00:00+08:00,0.0,0.0,0.0,8.35,5.18
2023-04-08 23:00:00+08:00,0.0,0.0,0.0,8.14,5.62
2023-04-09 00:00:00+08:00,0.0,0.0,0.0,7.81,5.93
2023-04-09 01:00:00+08:00,0.0,0.0,0.0,7.41,6.08
2023-04-09 02:00:00+08:00,0.0,0.0,0.0,7.02,6.3
2023-04-09 03:00:00+08:00,0.0,0.0,0.0,6.67,6.48
2023-04-09 04:00:00+08:00,0.0,0.0,0.0,6.39,6.67
2023-04-09 05:00:00+08:00,0.0,0.0,0.0,6.21,6.98
2023-04-09 06:00:00+08:00,54.75,33.19,47.37,6.85,7.64
2023-04-09 07:00:00+08:00,195.73,154.13,137.51,9.07,8.01
2023-04-09 08:00:00+08:00,324.85,255.03,172.9,12.7,8.75
2023-04-09 09:00:00+08:00,485.33,320.67,243.08,16.34,9.72
2023-04-09 10:00:00+08:00,684.83,485.07,259.77,19.27,10.03
2023-04-09 11:00:00+08:00,776.47,532.34,282.13,21.26,9.69
2023-04-09 12:00:00+08:00,764.42,490.98,283.36,22.75,9.27
2023-04-09 13:00:00+08:00,704.58,449.99,282.11,23.77,8.89
2023-04-09 14:00:00+08:00,594.4,376.21,291.72,24.4,8.4
2023-04-09 15:00:00+08:00,439.42,327.52,216.0,24.47,7.71
2023-04-09 16:00:00+08:00,272.9,222.56,165.04,23.63,6.72
2023-04-09 17:00:00+08:00,105.3,78.24,78.91,20.95,5.76
2023-04-09 18:00:00+08:00,9.85,0.47,11.15,17.46,5.79
2023-04-09 19:00:00+08:00,0.0,0.0,0.0,16.12,6.96
2023-04-09 20:00:00+08:00,0.0,0.0,0.0,15.07,7.33
2023-04-09 21:00:00+08:00,0.0,0.0,0.0,14.07,7.03
2023-04-09 22:00:00+08:00,0.0,0.0,0.0,13.12,6.24
2023-04-09 23:00:00+08:00,0.0,0.0,0.0,12.39,5.88
2023-04-10 00:00:00+08:00,0.0,0.0,0.0,12.26,6.34
2023-04-10 01:00:00+08:00,0.0,0.0,0.0,11.58,5.96
2023-04-10 02:00:00+08:00,0.0,0.0,0.0,11.07,5.49
2023-04-10 03:00:00+08:00,0.0,0.0,0.0,11.02,5.14
2023-04-10 04:00:00+08:00,0.0,0.0,0.0,10.39,4.97
2023-04-10 05:00:00+08:00,0.0,0.0,0.0,9.66,4.96
2023-04-10 06:00:00+08:00,68.35,58.36,52.45,10.41,5.95
2023-04-10 07:00:00+08:00,233.2,273.39,128.5,12.68,6.22
2023-04-10 08:00:00+08:00,429.62,423.75,185.53,16.22,6.26
2023-04-10 09:00:00+08:00,614.8,554.55,207.34,19.87,7.02
2023-04-10 10:00:00+08:00,754.95,623.29,223.61,22.91,7.73
2023-04-10 11:00:00+08:00,819.65,611.26,257.54,25.02,8.6
2023-04-10 12:00:00+08:00,806.72,537.33,301.31,26.12,9.17
2023-04-10 13:00:00+08:00,775.33,591.31,258.47,26.65,9.6
2023-04-10 14:00:00+08:00,663.5,560.54,227.53,26.6,9.95
2023-04-10 15:00:00+08:00,457.38,335.24,245.59,26.05,9.92
2023-04-10 16:00:00+08:00,283.92,260.57,176.29,25.0,9.2
2023-04-10 17:00:00+08:00,120.85,123.27,96.17,22.93,7.89
2023-04-10 18:00:00+08:00,11.5,1.65,14.67,19.97,6.91
2023-04-10 19:00:00+08:00,0.0,0.0,0.0,18.17,6.26
2023-04-10 20:00:00+08:00,0.0,0.0,0.0,17.06,5.67
2023-04-10 21:00:00+08:00,0.0,0.0,0.0,16.38,5.25
2023-04-10 22:00:00+08:00,0.0,0.0,0.0,15.43,4.05
2023-04-10 23:00:00+08:00,0.0,0.0,0.0,13.62,3.47
2023-04-11 00:00:00+08:00,0.0,0.0,0.0,12.26,3.87
2023-04-11 01:00:00+08:00,0.0,0.0,0.0,11.21,4.65
2023-04-11 02:00:00+08:00,0.0,0.0,0.0,10.62,5.81
2023-04-11 03:00:00+08:00,0.0,0.0,0.0,10.05,6.86
2023-04-11 04:00:00+08:00,0.0,0.0,0.0,8.7,6.53
2023-04-11 05:00:00+08:00,0.0,0.0,0.0,7.46,5.59
2023-04-11 06:00:00+08:00,65.18,72.65,50.72,8.52,5.5
2023-04-11 07:00:00+08:00,198.35,256.45,133.41,11.39,5.72
2023-04-11 08:00:00+08:00,396.48,50.28,338.91,14.55,7.73
2023-04-11 09:00:00+08:00,556.72,75.7,456.64,16.48,8.66
2023-04-11 10:00:00+08:00,616.38,120.48,486.69,16.99,7.67
2023-04-11 11:00:00+08:00,474.65,34.36,368.33,16.9,6.73
2023-04-11 12:00:00+08:00,664.5,261.45,468.9,16.99,5.4
2023-04-11 13:00:00+08:00,783.8,504.63,358.42,17.5,4.29
2023-04-11 14:00:00+08:00,639.53,196.59,492.9,18.83,4.3
2023-04-11 15:00:00+08:00,488.0,109.71,404.43,18.96,3.75
2023-04-11 16:00:00+08:00,310.52,234.26,212.73,18.34,3.28
2023-04-11 17:00:00+08:00,152.45,322.01,84.44,16.42,1.96
2023-04-11 18:00:00+08:00,16.6,67.73,15.98,13.39,1.85
2023-04-11 19:00:00+08:00,0.0,0.0,0.0,11.71,2.25
2023-04-11 20:00:00+08:00,0.0,0.0,0.0,10.16,2.72
2023-04-11 21:00:00+08:00,0.0,0.0,0.0,8.85,3.08
2023-04-11 22:00:00+08:00,0.0,0.0,0.0,7.7,3.4
2023-04-11 23:00:00+08:00,0.0,0.0,0.0,6.84,3.6
2023-04-12 00:00:00+08:00,0.0,0.0,0.0,6.09,3.68
2023-04-12 01:00:00+08:00,0.0,0.0,0.0,5.34,3.7
2023-04-12 02:00:00+08:00,0.0,0.0,0.0,4.55,3.63
2023-04-12 03:00:00+08:00,0.0,0.0,0.0,3.75,3.45
2023-04-12 04:00:00+08:00,0.0,0.0,0.0,3.04,3.3
2023-04-12 05:00:00+08:00,0.0,0.0,0.0,2.62,3.29
2023-04-12 06:00:00+08:00,93.25,171.85,67.87,4.67,3.63
2023-04-12 07:00:00+08:00,254.7,257.29,171.59,8.18,4.94
2023-04-12 08:00:00+08:00,456.5,266.83,320.79,11.96,4.76
2023-04-12 09:00:00+08:00,688.35,718.36,179.36,16.7,7.22
2023-04-12 10:00:00+08:00,821.03,734.55,211.49,19.44,7.18
2023-04-12 11:00:00+08:00,895.7,776.27,206.87,21.16,6.92
2023-04-12 12:00:00+08:00,699.28,366.68,319.52,22.29,7.04
2023-04-12 13:00:00+08:00,607.38,252.63,329.57,22.95,7.4
2023-04-12 14:00:00+08:00,486.12,60.18,356.76,22.85,7.85
2023-04-12 15:00:00+08:00,330.45,19.32,280.84,22.35,7.64
2023-04-12 16:00:00+08:00,185.93,6.82,155.52,21.37,6.45
2023-04-12 17:00:00+08:00,74.82,1.15,64.65,18.84,4.11
2023-04-12 18:00:00+08:00,7.07,0.0,8.41,15.39,3.6
2023-04-12 19:00:00+08:00,0.0,0.0,0.0,13.92,3.67
2023-04-12 20:00:00+08:00,0.0,0.0,0.0,13.59,4.0
2023-04-12 21:00:00+08:00,0.0,0.0,0.0,13.35,4.68
2023-04-12 22:00:00+08:00,0.0,0.0,0.0,13.04,5.65
2023-04-12 23:00:00+08:00,0.0,0.0,0.0,12.22,6.17
2023-04-13 00:00:00+08:00,0.0,0.0,0.0,11.69,6.53
2023-04-13 01:00:00+08:00,0.0,0.0,0.0,11.35,6.66
2023-04-13 02:00:00+08:00,0.0,0.0,0.0,11.09,6.48
2023-04-13 03:00:00+08:00,0.0,0.0,0.0,11.01,6.17
2023-04-13 04:00:00+08:00,0.0,0.0,0.0,11.03,6.07
2023-04-13 05:00:00+08:00,0.0,0.0,0.0,10.82,6.19
2023-04-13 06:00:00+08:00,58.17,5.84,52.51,10.86,6.27
2023-04-13 07:00:00+08:00,168.52,38.35,144.86,12.4,6.2
2023-04-13 08:00:00+08:00,290.23,95.71,210.28,15.29,6.58
2023-04-13 09:00:00+08:00,434.08,111.43,296.31,17.72,6.56
2023-04-13 10:00:00+08:00,395.15,7.68,323.25,20.41,6.23
2023-04-13 11:00:00+08:00,535.6,58.6,413.26,22.72,5.9
2023-04-13 12:00:00+08:00,579.12,182.81,360.13,22.96,5.56
2023-04-13 13:00:00+08:00,495.3,82.68,348.05,22.15,4.98
2023-04-13 14:00:00+08:00,476.77,71.13,347.27,22.74,4.75
2023-04-13 15:00:00+08:00,252.52,1.87,216.55,23.09,4.47
2023-04-13 16:00:00+08:00,150.82,0.0,128.4,21.67,3.14
2023-04-13 17:00:00+08:00,67.5,1.0,59.1,19.62,2.26
2023-04-13 18:00:00+08:00,6.62,0.0,6.82,18.92,2.1
2023-04-13 19:00:00+08:00,0.0,0.0,0.0,18.88,1.93
2023-04-13 20:00:00+08:00,0.0,0.0,0.0,18.85,1.76
2023-04-13 21:00:00+08:00,0.0,0.0,0.0,18.28,1.88
2023-04-13 22:00:00+08:00,0.0,0.0,0.0,17.56,2.13
2023-04-13 23:00:00+08:00,0.0,0.0,0.0,17.16,2.05
2023-04-14 00:00:00+08:00,0.0,0.0,0.0,17.08,1.63
2023-04-14 01:00:00+08:00,0.0,0.0,0.0,16.79,1.51
2023-04-14 02:00:00+08:00,0.0,0.0,0.0,16.02,1.43
2023-04-14 03:00:00+08:00,0.0,0.0,0.0,14.79,1.76
2023-04-14 04:00:00+08:00,0.0,0.0,0.0,13.08,2.31
2023-04-14 05:00:00+08:00,0.0,0.0,0.0,11.58,2.39
2023-04-14 06:00:00+08:00,65.07,9.59,62.31,12.06,2.39
2023-04-14 07:00:00+08:00,179.48,61.09,149.16,13.44,4.0
2023-04-14 08:00:00+08:00,285.3,76.18,219.28,15.29,5.82
2023-04-14 09:00:00+08:00,334.55,150.24,189.14,17.41,7.14
2023-04-14 10:00:00+08:00,386.35,19.03,302.08,19.22,8.03
2023-04-14 11:00:00+08:00,428.6,34.02,336.47,19.28,8.11
2023-04-14 12:00:00+08:00,352.02,3.33,286.82,18.72,7.49
2023-04-14 13:00:00+08:00,273.98,0.34,225.09,18.31,6.87
2023-04-14 14:00:00+08:00,284.15,1.4,234.28,18.16,6.8
2023-04-14 15:00:00+08:00,268.38,4.72,229.71,18.05,6.7
2023-04-14 16:00:00+08:00,164.45,5.71,139.63,18.01,6.35
2023-04-14 17:00:00+08:00,66.22,2.5,57.19,16.8,4.77
2023-04-14 18:00:00+08:00,9.07,0.0,10.56,13.32,3.06
2023-04-14 19:00:00+08:00,0.0,0.0,0.0,11.54,2.98
2023-04-14 20:00:00+08:00,0.0,0.0,0.0,11.05,2.54
2023-04-14 21:00:00+08:00,0.0,0.0,0.0,11.47,1.8
2023-04-14 22:00:00+08:00,0.0,0.0,0.0,11.8,1.16
2023-04-14 23:00:00+08:00,0.0,0.0,0.0,11.85,1.15
2023-04-15 00:00:00+08:00,0.0,0.0,0.0,10.8,1.63
2023-04-15 01:00:00+08:00,0.0,0.0,0.0,8.97,2.58
2023-04-15 02:00:00+08:00,0.0,0.0,0.0,7.16,3.23
2023-04-15 03:00:00+08:00,0.0,0.0,0.0,6.12,3.29
2023-04-15 04:00:00+08:00,0.0,0.0,0.0,5.46,2.92
2023-04-15 05:00:00+08:00,0.0,0.0,0.0,5.68,2.31
2023-04-15 06:00:00+08:00,117.28,339.82,54.88,7.58,1.84
2023-04-15 07:00:00+08:00,295.95,510.44,111.77,11.34,3.39
2023-04-15 08:00:00+08:00,498.27,562.56,189.1,14.9,4.48
2023-04-15 09:00:00+08:00,672.42,641.6,211.52,17.27,6.02
2023-04-15 10:00:00+08:00,613.65,216.23,376.48,17.54,6.2
2023-04-15 11:00:00+08:00,482.4,2.18,384.98,18.17,5.98
2023-04-15 12:00:00+08:00,382.02,21.4,307.87,19.74,7.53
2023-04-15 13:00:00+08:00,387.02,26.15,307.02,21.41,7.85
2023-04-15 14:00:00+08:00,323.42,38.84,235.35,21.48,8.48
2023-04-15 15:00:00+08:00,284.25,33.77,220.13,20.51,10.13
2023-04-15 16:00:00+08:00,204.85,37.43,172.89,18.91,9.38
2023-04-15 17:00:00+08:00,89.97,28.29,79.03,16.98,5.99
2023-04-15 18:00:00+08:00,10.43,0.65,13.45,12.68,3.42
2023-04-15 19:00:00+08:00,0.0,0.0,0.0,10.75,3.4
2023-04-15 20:00:00+08:00,0.0,0.0,0.0,10.42,3.19
2023-04-15 21:00:00+08:00,0.0,0.0,0.0,9.12,3.04
2023-04-15 22:00:00+08:00,0.0,0.0,0.0,8.9,2.47
2023-04-15 23:00:00+08:00,0.0,0.0,0.0,9.2,1.85
2023-04-16 00:00:00+08:00,0.0,0.0,0.0,9.46,1.3
2023-04-16 01:00:00+08:00,0.0,0.0,0.0,9.64,0.95
2023-04-16 02:00:00+08:00,0.0,0.0,0.0,9.66,1.02
2023-04-16 03:00:00+08:00,0.0,0.0,0.0,9.55,0.88
2023-04-16 04:00:00+08:00,0.0,0.0,0.0,9.39,0.24
2023-04-16 05:00:00+08:00,4.05,13.6,5.39,7.95,1.27
2023-04-16 06:00:00+08:00,121.18,411.46,48.1,7.67,1.99
2023-04-16 07:00:00+08:00,333.58,664.01,82.52,10.75,2.63
2023-04-16 08:00:00+08:00,544.38,797.61,101.53,14.14,2.5
2023-04-16 09:00:00+08:00,724.95,859.04,115.77,17.22,1.79
2023-04-16 10:00:00+08:00,856.9,887.95,125.47,19.18,1.38
2023-04-16 11:00:00+08:00,928.25,883.26,145.2,20.58,1.71
2023-04-16 12:00:00+08:00,925.53,846.62,162.61,21.47,1.86
2023-04-16 13:00:00+08:00,867.5,802.11,183.41,21.97,1.84
2023-04-16 14:00:00+08:00,754.83,792.55,149.9,22.11,1.92
2023-04-16 15:00:00+08:00,575.78,716.93,143.26,21.87,1.82
2023-04-16 16:00:00+08:00,362.95,496.16,151.27,21.22,1.48
2023-04-16 17:00:00+08:00,157.5,302.22,82.7,19.87,1.55
2023-04-16 18:00:00+08:00,15.73,18.93,17.82,16.1,2.22
2023-04-16 19:00:00+08:00,0.0,0.0,0.0,13.62,3.18
2023-04-16 20:00:00+08:00,0.0,0.0,0.0,12.74,3.76
2023-04-16 21:00:00+08:00,0.0,0.0,0.0,12.27,4.11
2023-04-16 22:00:00+08:00,0.0,0.0,0.0,12.01,4.51
2023-04-16 23:00:00+08:00,0.0,0.0,0.0,11.77,4.9
2023-04-17 00:00:00+08:00,0.0,0.0,0.0,11.42,5.07
2023-04-17 01:00:00+08:00,0.0,0.0,0.0,11.06,5.38
2023-04-17 02:00:00+08:00,0.0,0.0,0.0,10.93,5.86
2023-04-17 03:00:00+08:00,0.0,0.0,0.0,10.86,6.35
2023-04-17 04:00:00+08:00,0.0,0.0,0.0,10.99,6.77
2023-04-17 05:00:00+08:00,3.42,0.0,5.77,10.98,6.89
2023-04-17 06:00:00+08:00,75.03,37.88,66.49,11.59,7.38
2023-04-17 07:00:00+08:00,220.75,174.73,147.16,13.49,7.62
2023-04-17 08:00:00+08:00,403.85,308.96,200.38,16.09,8.71
2023-04-17 09:00:00+08:00,569.17,397.38,247.77,18.05,8.42
2023-04-17 10:00:00+08:00,695.88,440.44,288.82,19.95,7.28
2023-04-17 11:00:00+08:00,772.6,467.27,322.98,22.6,6.34
2023-04-17 12:00:00+08:00,767.45,449.69,324.71,25.52,5.73
2023-04-17 13:00:00+08:00,606.62,267.53,350.88,27.15,5.37
2023-04-17 14:00:00+08:00,546.62,225.22,340.26,27.34,5.0
2023-04-17 15:00:00+08:00,406.77,127.79,328.55,26.35,4.03
2023-04-17 16:00:00+08:00,238.0,37.02,196.66,24.99,2.06
2023-04-17 17:00:00+08:00,101.18,9.45,88.68,24.12,0.94
2023-04-17 18:00:00+08:00,11.98,0.0,12.32,22.65,0.82
2023-04-17 19:00:00+08:00,0.0,0.0,0.0,20.96,1.36
2023-04-17 20:00:00+08:00,0.0,0.0,0.0,19.97,1.72
2023-04-17 21:00:00+08:00,0.0,0.0,0.0,19.22,1.77
2023-04-17 22:00:00+08:00,0.0,0.0,0.0,17.71,2.2
2023-04-17 23:00:00+08:00,0.0,0.0,0.0,16.06,2.83
2023-04-18 00:00:00+08:00,0.0,0.0,0.0,15.21,3.11
2023-04-18 01:00:00+08:00,0.0,0.0,0.0,14.68,3.38
2023-04-18 02:00:00+08:00,0.0,0.0,0.0,14.09,3.56
2023-04-18 03:00:00+08:00,0.0,0.0,0.0,13.44,3.68
2023-04-18 04:00:00+08:00,0.0,0.0,0.0,12.86,4.11
2023-04-18 05:00:00+08:00,3.72,0.0,5.93,11.94,3.76
2023-04-18 06:00:00+08:00,81.28,64.76,67.74,12.66,4.11
2023-04-18 07:00:00+08:00,241.32,269.22,132.17,14.52,3.71
2023-04-18 08:00:00+08:00,435.42,414.82,187.99,18.03,5.0
2023-04-18 09:00:00+08:00,606.05,455.09,257.43,21.21,7.15
2023-04-18 10:00:00+08:00,733.08,559.03,262.47,23.31,7.3
2023-04-18 11:00:00+08:00,855.2,649.94,248.04,25.04,7.22
2023-04-18 12:00:00+08:00,871.3,672.39,238.07,26.42,6.97
2023-04-18 13:00:00+08:00,816.12,657.45,236.66,27.33,6.49
2023-04-18 14:00:00+08:00,687.53,515.87,267.87,27.72,6.04
2023-04-18 15:00:00+08:00,540.12,530.55,191.44,27.56,5.47
2023-04-18 16:00:00+08:00,338.48,410.41,149.51,26.8,4.74
2023-04-18 17:00:00+08:00,151.9,214.91,94.74,24.48,3.07
2023-04-18 18:00:00+08:00,18.12,7.02,19.86,21.1,3.08
2023-04-18 19:00:00+08:00,0.0,0.0,0.0,18.73,3.44
2023-04-18 20:00:00+08:00,0.0,0.0,0.0,17.41,3.33
2023-04-18 21:00:00+08:00,0.0,0.0,0.0,16.27,3.08
2023-04-18 22:00:00+08:00,0.0,0.0,0.0,15.23,2.88
2023-04-18 23:00:00+08:00,0.0,0.0,0.0,14.32,2.88
2023-04-19 00:00:00+08:00,0.0,0.0,0.0,13.55,2.92
2023-04-19 01:00:00+08:00,0.0,0.0,0.0,12.66,2.72
2023-04-19 02:00:00+08:00,0.0,0.0,0.0,11.79,2.53
2023-04-19 03:00:00+08:00,0.0,0.0,0.0,11.06,2.43
2023-04-19 04:00:00+08:00,0.0,0.0,0.0,10.47,2.3
2023-04-19 05:00:00+08:00,5.35,0.68,8.07,10.15,2.06
2023-04-19 06:00:00+08:00,118.62,273.1,69.67,12.19,1.85
2023-04-19 07:00:00+08:00,308.4,451.14,124.24,14.91,2.33
2023-04-19 08:00:00+08:00,519.08,619.54,154.12,18.48,2.34
2023-04-19 09:00:00+08:00,703.4,714.49,176.41,23.17,2.61
2023-04-19 10:00:00+08:00,839.3,784.99,176.62,25.48,2.43
2023-04-19 11:00:00+08:00,915.15,809.3,174.86,26.84,2.32
2023-04-19 12:00:00+08:00,905.58,745.23,204.25,27.72,2.74
2023-04-19 13:00:00+08:00,849.17,721.06,209.14,28.31,3.49
2023-04-19 14:00:00+08:00,731.97,667.47,205.86,28.46,4.15
2023-04-19 15:00:00+08:00,563.6,589.96,178.74,28.07,4.66
2023-04-19 16:00:00+08:00,361.35,445.78,153.7,27.02,4.85
2023-04-19 17:00:00+08:00,170.3,300.31,86.7,24.71,3.65
2023-04-19 18:00:00+08:00,19.77,8.37,19.32,20.47,3.36
2023-04-19 19:00:00+08:00,0.0,0.0,0.0,18.48,3.9
2023-04-19 20:00:00+08:00,0.0,0.0,0.0,18.02,4.69
2023-04-19 21:00:00+08:00,0.0,0.0,0.0,17.74,5.97
2023-04-19 22:00:00+08:00,0.0,0.0,0.0,17.01,7.02
2023-04-19 23:00:00+08:00,0.0,0.0,0.0,15.91,7.19
2023-04-20 00:00:00+08:00,0.0,0.0,0.0,14.92,7.08
2023-04-20 01:00:00+08:00,0.0,0.0,0.0,14.21,6.78
2023-04-20 02:00:00+08:00,0.0,0.0,0.0,13.69,6.32
2023-04-20 03:00:00+08:00,0.0,0.0,0.0,13.27,5.77
2023-04-20 04:00:00+08:00,0.0,0.0,0.0,12.53,4.16
2023-04-20 05:00:00+08:00,5.0,0.0,8.12,11.73,2.72
2023-04-20 06:00:00+08:00,78.38,66.76,62.92,13.45,3.27
2023-04-20 07:00:00+08:00,189.43,168.64,120.5,15.66,2.24
2023-04-20 08:00:00+08:00,334.17,204.72,192.56,19.22,2.26
2023-04-20 09:00:00+08:00,554.92,413.57,212.08,21.78,2.1
2023-04-20 10:00:00+08:00,508.08,365.74,196.51,23.7,4.48
2023-04-20 11:00:00+08:00,488.3,252.16,237.16,24.45,8.2
2023-04-20 12:00:00+08:00,464.7,241.38,219.92,22.97,11.8
2023-04-20 13:00:00+08:00,339.12,169.74,181.28,21.12,13.56
2023-04-20 14:00:00+08:00,336.52,179.44,180.27,19.66,13.85
2023-04-20 15:00:00+08:00,296.67,112.11,200.52,18.46,13.69
2023-04-20 16:00:00+08:00,173.95,86.39,134.78,16.91,13.83
2023-04-20 17:00:00+08:00,69.88,29.03,57.98,14.48,13.32
2023-04-20 18:00:00+08:00,9.7,3.03,10.27,12.19,11.92
2023-04-20 19:00:00+08:00,0.0,0.0,0.0,10.98,10.22
2023-04-20 20:00:00+08:00,0.0,0.0,0.0,10.49,9.46
2023-04-20 21:00:00+08:00,0.0,0.0,0.0,10.07,8.18
2023-04-20 22:00:00+08:00,0.0,0.0,0.0,9.94,6.66
2023-04-20 23:00:00+08:00,0.0,0.0,0.0,9.84,5.9
2023-04-21 00:00:00+08:00,0.0,0.0,0.0,9.83,5.96
2023-04-21 01:00:00+08:00,0.0,0.0,0.0,9.77,6.14
2023-04-21 02:00:00+08:00,0.0,0.0,0.0,9.8,6.48
2023-04-21 03:00:00+08:00,0.0,0.0,0.0,9.75,6.75
2023-04-21 04:00:00+08:00,0.0,0.0,0.0,9.4,6.53
2023-04-21 05:00:00+08:00,2.3,0.0,2.63,8.89,6.01
2023-04-21 06:00:00+08:00,25.9,0.0,23.4,8.95,5.84
2023-04-21 07:00:00+08:00,55.62,0.17,48.46,10.14,6.24
2023-04-21 08:00:00+08:00,84.38,0.3,73.12,11.95,7.42
2023-04-21 09:00:00+08:00,132.0,0.0,111.65,13.8,8.0
2023-04-21 10:00:00+08:00,237.48,16.98,191.35,15.26,8.09
2023-04-21 11:00:00+08:00,283.62,7.4,226.68,16.29,7.89
2023-04-21 12:00:00+08:00,330.98,16.52,263.3,16.82,7.44
2023-04-21 13:00:00+08:00,196.68,5.28,157.84,17.02,6.93
2023-04-21 14:00:00+08:00,221.7,0.0,182.31,16.78,6.34
2023-04-21 15:00:00+08:00,200.07,13.01,170.0,16.32,6.03
2023-04-21 16:00:00+08:00,125.0,11.26,106.56,15.61,6.15
2023-04-21 17:00:00+08:00,55.97,5.47,48.02,14.39,5.91
2023-04-21 18:00:00+08:00,6.1,0.0,6.21,12.59,5.61
2023-04-21 19:00:00+08:00,0.0,0.0,0.0,11.16,6.03
2023-04-21 20:00:00+08:00,0.0,0.0,0.0,10.08,5.66
2023-04-21 21:00:00+08:00,0.0,0.0,0.0,9.26,5.33
2023-04-21 22:00:00+08:00,0.0,0.0,0.0,8.51,5.38
2023-04-21 23:00:00+08:00,0.0,0.0,0.0,7.74,5.62
2023-04-22 00:00:00+08:00,0.0,0.0,0.0,6.93,5.66
2023-04-22 01:00:00+08:00,0.0,0.0,0.0,6.03,5.61
2023-04-22 02:00:00+08:00,0.0,0.0,0.0,5.45,5.43
2023-04-22 03:00:00+08:00,0.0,0.0,0.0,4.96,5.51
2023-04-22 04:00:00+08:00,0.0,0.0,0.0,4.33,5.81
2023-04-22 05:00:00+08:00,3.03,0.0,3.24,3.67,5.89
2023-04-22 06:00:00+08:00,39.17,0.0,35.37,3.49,5.92
2023-04-22 07:00:00+08:00,94.57,4.93,81.81,3.88,5.91
2023-04-22 08:00:00+08:00,154.15,10.04,129.48,4.87,5.88
2023-04-22 09:00:00+08:00,200.62,31.71,150.13,6.62,5.22
2023-04-22 10:00:00+08:00,184.35,16.02,148.02,8.45,4.55
2023-04-22 11:00:00+08:00,264.0,19.88,201.82,10.18,4.32
2023-04-22 12:00:00+08:00,316.83,15.54,252.11,11.26,4.36
2023-04-22 13:00:00+08:00,260.27,7.09,208.88,11.71,4.49
2023-04-22 14:00:00+08:00,217.57,28.97,158.37,11.96,4.3
2023-04-22 15:00:00+08:00,143.85,9.66,122.18,11.68,3.83
2023-04-22 16:00:00+08:00,110.72,0.0,94.4,11.09,3.57
2023-04-22 17:00:00+08:00,65.15,0.0,56.34,10.45,3.29
2023-04-22 18:00:00+08:00,12.62,0.0,12.84,9.48,2.28
2023-04-22 19:00:00+08:00,0.0,0.0,0.0,8.73,1.9
2023-04-22 20:00:00+08:00,0.0,0.0,0.0,8.37,1.85
2023-04-22 21:00:00+08:00,0.0,0.0,0.0,7.92,1.68
2023-04-22 22:00:00+08:00,0.0,0.0,0.0,7.55,1.48
2023-04-22 23:00:00+08:00,0.0,0.0,0.0,7.11,1.65
2023-04-23 00:00:00+08:00,0.0,0.0,0.0,6.52,2.37
2023-04-23 01:00:00+08:00,0.0,0.0,0.0,6.0,2.97
2023-04-23 02:00:00+08:00,0.0,0.0,0.0,5.57,3.4
2023-04-23 03:00:00+08:00,0.0,0.0,0.0,5.21,3.71
2023-04-23 04:00:00+08:00,0.0,0.0,0.0,5.02,4.12
2023-04-23 05:00:00+08:00,2.8,0.0,3.0,4.93,4.71
2023-04-23 06:00:00+08:00,18.3,0.0,16.17,5.15,5.78
2023-04-23 07:00:00+08:00,75.0,28.84,61.28,5.88,6.84
2023-04-23 08:00:00+08:00,97.57,14.83,82.65,7.24,6.98
2023-04-23 09:00:00+08:00,160.25,23.54,126.92,9.21,6.96
2023-04-23 10:00:00+08:00,271.6,0.22,222.32,11.24,7.11
2023-04-23 11:00:00+08:00,245.8,32.39,184.41,12.02,7.01
2023-04-23 12:00:00+08:00,247.55,22.19,188.78,11.77,6.17
2023-04-23 13:00:00+08:00,199.15,5.47,160.7,11.83,5.87
2023-04-23 14:00:00+08:00,155.07,22.88,117.1,11.37,6.66
2023-04-23 15:00:00+08:00,93.53,0.41,80.32,10.89,7.15
2023-04-23 16:00:00+08:00,84.78,0.27,72.24,10.2,6.74
2023-04-23 17:00:00+08:00,51.15,0.0,44.23,9.38,5.83
2023-04-23 18:00:00+08:00,7.72,0.0,7.72,8.78,4.97
2023-04-23 19:00:00+08:00,0.0,0.0,0.0,8.4,4.53
2023-04-23 20:00:00+08:00,0.0,0.0,0.0,8.2,4.31
2023-04-23 21:00:00+08:00,0.0,0.0,0.0,7.9,4.25
2023-04-23 22:00:00+08:00,0.0,0.0,0.0,7.71,4.55
2023-04-23 23:00:00+08:00,0.0,0.0,0.0,7.22,4.79
2023-04-24 00:00:00+08:00,0.0,0.0,0.0,6.81,4.32
2023-04-24 01:00:00+08:00,0.0,0.0,0.0,6.61,4.21
2023-04-24 02:00:00+08:00,0.0,0.0,0.0,6.38,3.92
2023-04-24 03:00:00+08:00,0.0,0.0,0.0,6.32,3.8
2023-04-24 04:00:00+08:00,0.0,0.0,0.0,6.29,3.71
2023-04-24 05:00:00+08:00,3.85,0.0,4.12,6.24,3.44
2023-04-24 06:00:00+08:00,63.38,29.16,53.35,6.61,3.59
2023-04-24 07:00:00+08:00,151.6,41.99,124.21,8.29,4.09
2023-04-24 08:00:00+08:00,284.92,101.05,204.21,10.44,4.56
2023-04-24 09:00:00+08:00,461.38,162.77,316.78,12.31,4.59
2023-04-24 10:00:00+08:00,494.12,127.76,344.72,13.79,4.06
2023-04-24 11:00:00+08:00,348.3,13.93,277.75,14.66,3.37
2023-04-24 12:00:00+08:00,378.33,111.13,282.92,14.73,2.48
2023-04-24 13:00:00+08:00,350.33,0.0,284.5,14.74,1.81
2023-04-24 14:00:00+08:00,434.9,12.73,355.48,14.64,1.2
2023-04-24 15:00:00+08:00,249.27,32.18,209.25,14.67,0.72
2023-04-24 16:00:00+08:00,177.32,13.52,149.05,14.24,0.45
2023-04-24 17:00:00+08:00,94.93,21.0,82.41,13.3,1.35
2023-04-24 18:00:00+08:00,11.0,0.0,11.0,11.52,1.87
2023-04-24 19:00:00+08:00,0.0,0.0,0.0,10.08,2.82
2023-04-24 20:00:00+08:00,0.0,0.0,0.0,9.14,3.31
2023-04-24 21:00:00+08:00,0.0,0.0,0.0,8.31,2.94
2023-04-24 22:00:00+08:00,0.0,0.0,0.0,7.59,2.17
2023-04-24 23:00:00+08:00,0.0,0.0,0.0,6.91,1.39
2023-04-25 00:00:00+08:00,0.0,0.0,0.0,6.62,1.26
2023-04-25 01:00:00+08:00,0.0,0.0,0.0,6.23,1.33
2023-04-25 02:00:00+08:00,0.0,0.0,0.0,5.62,1.57
2023-04-25 03:00:00+08:00,0.0,0.0,0.0,5.49,2.13
2023-04-25 04:00:00+08:00,0.0,0.0,0.0,5.38,2.97
2023-04-25 05:00:00+08:00,5.1,0.0,5.43,5.29,3.78
2023-04-25 06:00:00+08:00,65.43,22.37,57.41,6.4,5.13
2023-04-25 07:00:00+08:00,155.02,51.78,124.96,8.14,5.74
2023-04-25 08:00:00+08:00,255.9,105.24,179.82,11.16,7.04
2023-04-25 09:00:00+08:00,510.9,197.43,318.14,13.67,7.31
2023-04-25 10:00:00+08:00,679.53,374.21,308.75,15.46,7.08
2023-04-25 11:00:00+08:00,737.58,388.33,327.55,16.94,6.78
2023-04-25 12:00:00+08:00,694.42,484.21,253.09,18.13,6.41
2023-04-25 13:00:00+08:00,767.38,461.56,340.57,19.09,6.0
2023-04-25 14:00:00+08:00,620.4,352.48,309.85,19.61,5.72
2023-04-25 15:00:00+08:00,445.73,304.94,232.11,19.69,5.55
2023-04-25 16:00:00+08:00,259.83,242.79,142.3,19.33,5.23
2023-04-25 17:00:00+08:00,124.38,118.3,88.51,18.19,3.68
2023-04-25 18:00:00+08:00,18.33,6.4,20.65,14.83,2.37
2023-04-25 19:00:00+08:00,0.0,0.0,0.0,12.74,2.53
2023-04-25 20:00:00+08:00,0.0,0.0,0.0,11.55,2.43
2023-04-25 21:00:00+08:00,0.0,0.0,0.0,10.27,2.64
2023-04-25 22:00:00+08:00,0.0,0.0,0.0,8.77,3.29
2023-04-25 23:00:00+08:00,0.0,0.0,0.0,7.64,3.78
2023-04-26 00:00:00+08:00,0.0,0.0,0.0,6.96,4.43
2023-04-26 01:00:00+08:00,0.0,0.0,0.0,6.26,5.04
2023-04-26 02:00:00+08:00,0.0,0.0,0.0,5.32,5.21
2023-04-26 03:00:00+08:00,0.0,0.0,0.0,4.38,4.58
2023-04-26 04:00:00+08:00,0.0,0.0,0.0,3.64,4.03
2023-04-26 05:00:00+08:00,11.35,15.81,13.51,3.31,3.82
2023-04-26 06:00:00+08:00,156.88,417.45,67.34,6.13,4.82
2023-04-26 07:00:00+08:00,369.02,641.59,104.42,9.37,4.4
2023-04-26 08:00:00+08:00,580.92,769.68,120.49,14.12,3.43
2023-04-26 09:00:00+08:00,757.35,821.4,143.15,17.91,2.28
2023-04-26 10:00:00+08:00,883.88,837.73,162.96,19.65,2.34
2023-04-26 11:00:00+08:00,951.38,860.24,160.44,20.78,2.78
2023-04-26 12:00:00+08:00,948.03,828.72,171.45,21.46,3.12
2023-04-26 13:00:00+08:00,882.78,783.27,182.27,21.89,3.47
2023-04-26 14:00:00+08:00,752.22,696.1,190.73,21.97,3.92
2023-04-26 15:00:00+08:00,560.4,511.44,219.28,21.75,4.37
2023-04-26 16:00:00+08:00,344.3,359.61,166.72,21.08,4.75
2023-04-26 17:00:00+08:00,155.75,163.39,111.71,19.64,4.21
2023-04-26 18:00:00+08:00,22.9,3.67,25.87,16.1,3.14
2023-04-26 19:00:00+08:00,0.0,0.0,0.0,14.12,3.78
2023-04-26 20:00:00+08:00,0.0,0.0,0.0,14.01,4.62
2023-04-26 21:00:00+08:00,0.0,0.0,0.0,14.1,6.08
2023-04-26 22:00:00+08:00,0.0,0.0,0.0,13.81,7.46
2023-04-26 23:00:00+08:00,0.0,0.0,0.0,13.13,7.63
2023-04-27 00:00:00+08:00,0.0,0.0,0.0,12.47,7.03
2023-04-27 01:00:00+08:00,0.0,0.0,0.0,11.89,6.56
2023-04-27 02:00:00+08:00,0.0,0.0,0.0,11.38,6.27
2023-04-27 03:00:00+08:00,0.0,0.0,0.0,10.95,6.46
2023-04-27 04:00:00+08:00,0.0,0.0,0.0,10.52,7.03
2023-04-27 05:00:00+08:00,9.73,0.0,12.26,10.12,7.6
2023-04-27 06:00:00+08:00,106.68,67.3,90.47,10.88,7.85
2023-04-27 07:00:00+08:00,264.58,197.53,169.66,13.43,7.71
2023-04-27 08:00:00+08:00,453.83,343.21,224.24,17.02,9.83
2023-04-27 09:00:00+08:00,645.67,491.97,248.39,19.7,10.09
2023-04-27 10:00:00+08:00,781.58,571.27,256.36,21.71,9.27
2023-04-27 11:00:00+08:00,860.97,622.53,242.27,23.23,8.72
2023-04-27 12:00:00+08:00,868.72,619.11,265.17,24.3,8.47
2023-04-27 13:00:00+08:00,811.83,605.54,267.32,24.93,8.44
2023-04-27 14:00:00+08:00,692.4,540.9,239.97,25.08,8.43
2023-04-27 15:00:00+08:00,544.25,516.54,194.7,24.75,8.28
2023-04-27 16:00:00+08:00,349.3,395.25,155.68,23.9,7.84
2023-04-27 17:00:00+08:00,160.62,199.74,100.74,22.37,6.17
2023-04-27 18:00:00+08:00,24.08,10.77,25.98,18.8,3.92
2023-04-27 19:00:00+08:00,0.0,0.0,0.0,16.34,3.88
2023-04-27 20:00:00+08:00,0.0,0.0,0.0,15.72,4.18
2023-04-27 21:00:00+08:00,0.0,0.0,0.0,15.32,4.61
2023-04-27 22:00:00+08:00,0.0,0.0,0.0,15.27,5.28
2023-04-27 23:00:00+08:00,0.0,0.0,0.0,15.03,5.6
2023-04-28 00:00:00+08:00,0.0,0.0,0.0,13.89,5.0
2023-04-28 01:00:00+08:00,0.0,0.0,0.0,13.04,4.74
2023-04-28 02:00:00+08:00,0.0,0.0,0.0,12.44,4.23
2023-04-28 03:00:00+08:00,0.0,0.0,0.0,12.12,3.79
2023-04-28 04:00:00+08:00,0.0,0.0,0.0,12.05,2.94
2023-04-28 05:00:00+08:00,4.12,0.0,4.33,11.77,2.51
2023-04-28 06:00:00+08:00,41.62,0.0,36.71,12.9,3.96
2023-04-28 07:00:00+08:00,90.9,0.0,78.42,14.17,5.37
2023-04-28 08:00:00+08:00,132.62,6.3,109.38,15.4,5.47
2023-04-28 09:00:00+08:00,186.07,8.78,152.14,16.72,4.75
2023-04-28 10:00:00+08:00,315.15,7.69,253.08,18.35,4.23
2023-04-28 11:00:00+08:00,364.77,3.62,290.16,19.75,4.26
2023-04-28 12:00:00+08:00,484.98,15.54,383.57,20.8,4.16
2023-04-28 13:00:00+08:00,443.5,67.08,342.66,21.55,4.13
2023-04-28 14:00:00+08:00,372.9,19.51,304.2,21.76,4.09
2023-04-28 15:00:00+08:00,289.4,8.45,243.18,21.69,3.9
2023-04-28 16:00:00+08:00,180.12,2.43,152.27,21.42,3.59
2023-04-28 17:00:00+08:00,89.18,0.48,78.15,20.15,2.88
2023-04-28 18:00:00+08:00,12.35,0.0,12.25,17.36,2.35
2023-04-28 19:00:00+08:00,0.0,0.0,0.0,15.7,2.75
2023-04-28 20:00:00+08:00,0.0,0.0,0.0,15.42,4.37
2023-04-28 21:00:00+08:00,0.0,0.0,0.0,14.72,8.44
2023-04-28 22:00:00+08:00,0.0,0.0,0.0,12.3,9.34
2023-04-28 23:00:00+08:00,0.0,0.0,0.0,10.05,8.92
2023-04-29 00:00:00+08:00,0.0,0.0,0.0,9.03,8.8
2023-04-29 01:00:00+08:00,0.0,0.0,0.0,8.41,8.5
2023-04-29 02:00:00+08:00,0.0,0.0,0.0,7.84,7.73
2023-04-29 03:00:00+08:00,0.0,0.0,0.0,7.14,6.63
2023-04-29 04:00:00+08:00,0.0,0.0,0.0,5.9,5.15
2023-04-29 05:00:00+08:00,12.88,1.43,17.38,4.84,4.01
2023-04-29 06:00:00+08:00,154.27,305.0,92.91,6.95,5.23
2023-04-29 07:00:00+08:00,383.48,667.05,110.3,9.87,4.79
2023-04-29 08:00:00+08:00,605.25,860.79,89.56,13.62,6.08
2023-04-29 09:00:00+08:00,784.92,933.16,90.7,16.46,6.63
2023-04-29 10:00:00+08:00,914.78,979.34,83.94,18.29,6.13
2023-04-29 11:00:00+08:00,985.88,993.47,85.29,19.76,5.68
2023-04-29 12:00:00+08:00,972.83,928.37,115.22,20.74,5.42
2023-04-29 13:00:00+08:00,916.97,917.66,112.74,21.35,5.53
2023-04-29 14:00:00+08:00,799.08,875.46,111.62,21.51,5.78
2023-04-29 15:00:00+08:00,629.92,823.63,104.92,21.3,5.81
2023-04-29 16:00:00+08:00,423.33,699.9,97.78,20.63,5.66
2023-04-29 17:00:00+08:00,208.43,456.93,80.95,19.26,4.52
2023-04-29 18:00:00+08:00,33.28,91.12,26.09,15.35,2.97
2023-04-29 19:00:00+08:00,0.0,0.0,0.0,12.68,3.68
2023-04-29 20:00:00+08:00,0.0,0.0,0.0,12.23,4.28
2023-04-29 21:00:00+08:00,0.0,0.0,0.0,12.11,5.16
2023-04-29 22:00:00+08:00,0.0,0.0,0.0,11.7,5.8
2023-04-29 23:00:00+08:00,0.0,0.0,0.0,11.37,6.05
2023-04-30 00:00:00+08:00,0.0,0.0,0.0,10.5,5.42
2023-04-30 01:00:00+08:00,0.0,0.0,0.0,9.74,4.87
2023-04-30 02:00:00+08:00,0.0,0.0,0.0,9.1,4.33
2023-04-30 03:00:00+08:00,0.0,0.0,0.0,8.43,3.66
2023-04-30 04:00:00+08:00,0.0,0.0,0.0,7.21,2.9
2023-04-30 05:00:00+08:00,13.25,9.99,16.59,6.25,2.6
2023-04-30 06:00:00+08:00,140.48,225.91,91.64,8.87,3.32
2023-04-30 07:00:00+08:00,327.98,399.18,157.55,11.64,3.39
2023-04-30 08:00:00+08:00,513.95,538.0,183.46,15.64,2.5
2023-04-30 09:00:00+08:00,726.4,717.52,175.55,19.87,2.08
2023-04-30 10:00:00+08:00,872.42,846.05,140.44,22.53,3.44
2023-04-30 11:00:00+08:00,946.9,880.15,132.93,23.7,4.47
2023-04-30 12:00:00+08:00,938.6,837.28,151.5,24.38,5.36
2023-04-30 13:00:00+08:00,886.45,830.4,153.2,24.61,5.7
2023-04-30 14:00:00+08:00,776.05,810.76,136.2,24.44,5.73
2023-04-30 15:00:00+08:00,617.15,785.07,112.67,23.94,5.55
2023-04-30 16:00:00+08:00,421.12,682.66,96.76,23.03,5.05
2023-04-30 17:00:00+08:00,214.88,540.96,62.3,21.48,3.32
2023-04-30 18:00:00+08:00,36.8,151.7,22.62,18.49,1.7
2023-04-30 19:00:00+08:00,0.0,0.0,0.0,17.39,1.25
2023-04-30 20:00:00+08:00,0.0,0.0,0.0,15.91,1.98
2023-04-30 21:00:00+08:00,0.0,0.0,0.0,13.64,3.01
2023-04-30 22:00:00+08:00,0.0,0.0,0.0,12.27,3.76
2023-04-30 23:00:00+08:00,0.0,0.0,0.0,11.88,4.12
2023-05-01 00:00:00+08:00,0.0,0.0,0.0,11.57,4.35
2023-05-01 01:00:00+08:00,0.0,0.0,0.0,11.23,4.64
2023-05-01 02:00:00+08:00,0.0,0.0,0.0,10.75,4.86
2023-05-01 03:00:00+08:00,0.0,0.0,0.0,10.13,4.93
2023-05-01 04:00:00+08:00,0.0,0.0,0.0,9.67,5.17
2023-05-01 05:00:00+08:00,15.23,32.91,14.33,9.42,5.39
2023-05-01 06:00:00+08:00,160.55,408.71,63.56,11.22,6.34
2023-05-01 07:00:00+08:00,357.27,573.09,108.82,13.96,5.97
2023-05-01 08:00:00+08:00,558.03,696.12,129.37,18.05,6.56
2023-05-01 09:00:00+08:00,732.2,758.95,152.94,21.74,7.71
2023-05-01 10:00:00+08:00,853.9,758.23,189.7,25.13,8.14
2023-05-01 11:00:00+08:00,929.72,812.83,174.46,27.09,8.14
2023-05-01 12:00:00+08:00,913.5,752.59,190.78,28.12,7.98
2023-05-01 13:00:00+08:00,864.62,744.84,191.44,28.63,8.0
2023-05-01 14:00:00+08:00,755.28,729.61,169.06,28.63,8.23
2023-05-01 15:00:00+08:00,566.88,516.59,229.08,28.11,8.34
2023-05-01 16:00:00+08:00,369.25,371.37,204.56,27.08,7.89
2023-05-01 17:00:00+08:00,184.05,220.32,130.82,25.06,5.82
2023-05-01 18:00:00+08:00,30.58,16.56,29.97,20.78,4.09
2023-05-01 19:00:00+08:00,0.0,0.0,0.0,18.64,4.66
2023-05-01 20:00:00+08:00,0.0,0.0,0.0,18.03,5.26
2023-05-01 21:00:00+08:00,0.0,0.0,0.0,17.09,5.76
2023-05-01 22:00:00+08:00,0.0,0.0,0.0,16.24,6.26
2023-05-01 23:00:00+08:00,0.0,0.0,0.0,15.17,6.28
2023-05-02 00:00:00+08:00,0.0,0.0,0.0,14.25,6.12
2023-05-02 01:00:00+08:00,0.0,0.0,0.0,13.82,6.49
2023-05-02 02:00:00+08:00,0.0,0.0,0.0,13.47,6.43
2023-05-02 03:00:00+08:00,0.0,0.0,0.0,13.68,6.51
2023-05-02 04:00:00+08:00,0.0,0.0,0.0,14.1,7.0
2023-05-02 05:00:00+08:00,10.93,0.0,11.24,14.2,7.02
2023-05-02 06:00:00+08:00,87.93,1.99,76.97,14.2,6.74
2023-05-02 07:00:00+08:00,179.9,1.76,156.35,16.05,6.44
2023-05-02 08:00:00+08:00,303.15,17.96,257.57,19.24,6.79
2023-05-02 09:00:00+08:00,306.12,23.72,246.49,21.47,7.3
2023-05-02 10:00:00+08:00,386.75,5.91,312.99,23.46,7.67
2023-05-02 11:00:00+08:00,412.52,0.1,328.96,24.84,7.9
2023-05-02 12:00:00+08:00,410.35,36.39,300.98,26.05,7.84
2023-05-02 13:00:00+08:00,581.15,247.43,320.67,26.91,7.4
2023-05-02 14:00:00+08:00,533.55,326.51,264.47,27.68,6.83
2023-05-02 15:00:00+08:00,467.17,342.97,230.6,27.66,6.35
2023-05-02 16:00:00+08:00,311.05,248.9,192.58,26.99,5.9
2023-05-02 17:00:00+08:00,158.85,138.91,115.08,25.29,4.28
2023-05-02 18:00:00+08:00,28.65,7.95,28.89,21.28,2.94
2023-05-02 19:00:00+08:00,0.0,0.0,0.0,18.65,3.11
2023-05-02 20:00:00+08:00,0.0,0.0,0.0,17.82,3.05
2023-05-02 21:00:00+08:00,0.0,0.0,0.0,16.99,3.24
2023-05-02 22:00:00+08:00,0.0,0.0,0.0,16.49,3.5
2023-05-02 23:00:00+08:00,0.0,0.0,0.0,16.18,3.81
2023-05-03 00:00:00+08:00,0.0,0.0,0.0,16.16,4.21
2023-05-03 01:00:00+08:00,0.0,0.0,0.0,15.81,4.41
2023-05-03 02:00:00+08:00,0.0,0.0,0.0,15.62,4.44
2023-05-03 03:00:00+08:00,0.0,0.0,0.0,15.48,4.21
2023-05-03 04:00:00+08:00,0.0,0.0,0.0,15.41,3.96
2023-05-03 05:00:00+08:00,11.73,1.19,13.42,15.51,4.06
2023-05-03 06:00:00+08:00,94.03,23.7,84.07,16.56,4.89
2023-05-03 07:00:00+08:00,203.07,74.76,163.57,18.86,5.08
2023-05-03 08:00:00+08:00,320.6,157.62,201.5,22.85,5.48
2023-05-03 09:00:00+08:00,352.77,45.52,281.14,25.57,5.76
2023-05-03 10:00:00+08:00,365.5,13.88,294.27,27.37,6.27
2023-05-03 11:00:00+08:00,369.3,27.68,272.01,28.53,6.85
2023-05-03 12:00:00+08:00,452.7,25.46,364.37,29.04,7.28
2023-05-03 13:00:00+08:00,485.2,10.55,394.2,28.85,7.63
2023-05-03 14:00:00+08:00,438.1,27.07,340.72,28.02,7.77
2023-05-03 15:00:00+08:00,336.17,19.96,278.59,27.05,7.8
2023-05-03 16:00:00+08:00,224.07,7.91,188.36,25.78,7.58
2023-05-03 17:00:00+08:00,112.95,1.11,97.73,24.03,6.95
2023-05-03 18:00:00+08:00,20.88,0.0,20.37,22.04,5.73
2023-05-03 19:00:00+08:00,0.0,0.0,0.0,20.3,4.88
2023-05-03 20:00:00+08:00,0.0,0.0,0.0,19.3,4.62
2023-05-03 21:00:00+08:00,0.0,0.0,0.0,18.44,4.39
2023-05-03 22:00:00+08:00,0.0,0.0,0.0,17.75,4.07
2023-05-03 23:00:00+08:00,0.0,0.0,0.0,17.29,3.44
2023-05-04 00:00:00+08:00,0.0,0.0,0.0,17.08,3.74
2023-05-04 01:00:00+08:00,0.0,0.0,0.0,16.93,3.98
2023-05-04 02:00:00+08:00,0.0,0.0,0.0,16.71,4.03
2023-05-04 03:00:00+08:00,0.0,0.0,0.0,16.49,4.25
2023-05-04 04:00:00+08:00,0.0,0.0,0.0,16.26,4.05
2023-05-04 05:00:00+08:00,6.03,0.0,6.2,16.03,3.72
2023-05-04 06:00:00+08:00,29.2,0.0,25.6,16.12,3.78
2023-05-04 07:00:00+08:00,47.65,0.0,41.47,16.44,3.85
2023-05-04 08:00:00+08:00,110.68,0.0,94.62,16.92,3.97
2023-05-04 09:00:00+08:00,168.95,9.0,136.69,17.65,4.09
2023-05-04 10:00:00+08:00,198.15,20.52,152.33,18.36,4.26
2023-05-04 11:00:00+08:00,207.3,12.64,166.65,19.23,4.44
2023-05-04 12:00:00+08:00,199.82,14.75,160.08,20.11,4.58
2023-05-04 13:00:00+08:00,186.48,13.0,149.8,20.65,4.78
2023-05-04 14:00:00+08:00,145.07,18.1,110.94,20.47,5.07
2023-05-04 15:00:00+08:00,124.0,18.38,99.5,19.91,5.37
2023-05-04 16:00:00+08:00,83.47,8.12,69.57,19.4,5.59
2023-05-04 17:00:00+08:00,40.83,3.93,35.03,18.84,5.69
2023-05-04 18:00:00+08:00,9.1,1.28,8.79,17.92,5.3
2023-05-04 19:00:00+08:00,0.0,0.0,0.0,16.86,4.55
2023-05-04 20:00:00+08:00,0.0,0.0,0.0,16.25,4.12
2023-05-04 21:00:00+08:00,0.0,0.0,0.0,15.52,4.05
2023-05-04 22:00:00+08:00,0.0,0.0,0.0,14.63,4.19
2023-05-04 23:00:00+08:00,0.0,0.0,0.0,13.76,4.44
2023-05-05 00:00:00+08:00,0.0,0.0,0.0,13.08,4.48
2023-05-05 01:00:00+08:00,0.0,0.0,0.0,12.52,4.76
2023-05-05 02:00:00+08:00,0.0,0.0,0.0,12.12,4.82
2023-05-05 03:00:00+08:00,0.0,0.0,0.0,11.88,4.75
2023-05-05 04:00:00+08:00,0.0,0.0,0.0,11.71,4.88
2023-05-05 05:00:00+08:00,9.68,0.0,9.84,11.7,4.96
2023-05-05 06:00:00+08:00,76.25,1.82,66.65,12.26,6.0
2023-05-05 07:00:00+08:00,159.75,6.75,138.09,13.25,7.0
2023-05-05 08:00:00+08:00,134.57,13.6,113.0,14.46,7.63
2023-05-05 09:00:00+08:00,220.75,16.76,169.88,15.26,7.85
2023-05-05 10:00:00+08:00,333.15,49.44,231.71,15.54,7.76
2023-05-05 11:00:00+08:00,230.15,10.31,185.8,15.87,8.02
2023-05-05 12:00:00+08:00,230.43,64.9,173.73,15.84,8.91
2023-05-05 13:00:00+08:00,251.57,127.7,148.98,15.5,9.75
2023-05-05 14:00:00+08:00,172.07,67.11,109.39,14.86,9.92
2023-05-05 15:00:00+08:00,102.65,26.49,76.73,14.44,9.72
2023-05-05 16:00:00+08:00,76.05,15.86,62.07,13.97,9.37
2023-05-05 17:00:00+08:00,44.65,8.17,37.85,13.57,8.89
2023-05-05 18:00:00+08:00,8.12,0.0,7.91,13.15,8.72
2023-05-05 19:00:00+08:00,0.0,0.0,0.0,12.59,8.04
2023-05-05 20:00:00+08:00,0.0,0.0,0.0,12.38,6.64
2023-05-05 21:00:00+08:00,0.0,0.0,0.0,12.24,5.52
2023-05-05 22:00:00+08:00,0.0,0.0,0.0,11.89,5.03
2023-05-05 23:00:00+08:00,0.0,0.0,0.0,11.33,4.75
2023-05-06 00:00:00+08:00,0.0,0.0,0.0,10.79,4.66
2023-05-06 01:00:00+08:00,0.0,0.0,0.0,10.6,5.05
2023-05-06 02:00:00+08:00,0.0,0.0,0.0,10.33,4.87
2023-05-06 03:00:00+08:00,0.0,0.0,0.0,10.22,4.62
2023-05-06 04:00:00+08:00,0.0,0.0,0.0,10.29,4.76
2023-05-06 05:00:00+08:00,18.77,24.72,20.97,10.32,5.35
2023-05-06 06:00:00+08:00,162.98,311.73,91.02,10.84,6.16
2023-05-06 07:00:00+08:00,361.3,502.49,142.28,12.83,7.08
2023-05-06 08:00:00+08:00,571.55,669.25,151.73,15.79,8.92
2023-05-06 09:00:00+08:00,732.85,693.03,213.74,17.82,9.69
2023-05-06 10:00:00+08:00,847.42,626.41,294.47,19.41,9.67
2023-05-06 11:00:00+08:00,926.1,720.28,265.04,20.77,9.55
2023-05-06 12:00:00+08:00,918.97,753.45,286.0,21.47,9.67
2023-05-06 13:00:00+08:00,790.97,486.8,404.97,21.5,9.93
2023-05-06 14:00:00+08:00,631.7,449.65,437.64,21.12,10.36
2023-05-06 15:00:00+08:00,437.75,94.84,355.29,20.06,10.64
2023-05-06 16:00:00+08:00,287.27,23.23,242.82,18.65,10.17
2023-05-06 17:00:00+08:00,145.2,12.79,126.95,17.2,9.06
2023-05-06 18:00:00+08:00,27.9,2.87,25.93,15.78,7.66
2023-05-06 19:00:00+08:00,0.0,0.0,0.0,14.5,6.11
2023-05-06 20:00:00+08:00,0.0,0.0,0.0,13.46,4.52
2023-05-06 21:00:00+08:00,0.0,0.0,0.0,12.68,3.78
2023-05-06 22:00:00+08:00,0.0,0.0,0.0,12.14,3.56
2023-05-06 23:00:00+08:00,0.0,0.0,0.0,11.67,3.32
2023-05-07 00:00:00+08:00,0.0,0.0,0.0,11.26,3.14
2023-05-07 01:00:00+08:00,0.0,0.0,0.0,10.9,3.23
2023-05-07 02:00:00+08:00,0.0,0.0,0.0,10.48,3.32
2023-05-07 03:00:00+08:00,0.0,0.0,0.0,10.06,3.49
2023-05-07 04:00:00+08:00,0.0,0.0,0.0,9.08,3.59
2023-05-07 05:00:00+08:00,19.65,17.93,22.62,8.44,3.64
2023-05-07 06:00:00+08:00,163.02,294.52,85.91,10.78,4.95
2023-05-07 07:00:00+08:00,362.05,509.04,132.55,13.5,4.61
2023-05-07 08:00:00+08:00,580.92,704.73,133.92,17.57,6.85
2023-05-07 09:00:00+08:00,757.7,779.47,147.97,20.64,8.72
2023-05-07 10:00:00+08:00,887.12,831.63,149.98,22.26,8.82
2023-05-07 11:00:00+08:00,958.92,859.03,147.74,23.47,8.78
2023-05-07 12:00:00+08:00,934.33,774.8,183.78,24.26,8.84
2023-05-07 13:00:00+08:00,882.92,749.3,201.84,24.55,8.89
2023-05-07 14:00:00+08:00,771.55,730.95,174.58,24.26,8.42
2023-05-07 15:00:00+08:00,577.5,556.37,202.99,23.44,7.79
2023-05-07 16:00:00+08:00,382.8,376.12,201.04,22.16,7.29
2023-05-07 17:00:00+08:00,202.15,246.3,131.88,20.54,6.29
2023-05-07 18:00:00+08:00,42.67,30.39,42.66,17.25,4.41
2023-05-07 19:00:00+08:00,0.0,0.0,0.0,14.83,4.0
2023-05-07 20:00:00+08:00,0.0,0.0,0.0,13.84,3.71
2023-05-07 21:00:00+08:00,0.0,0.0,0.0,12.87,3.33
2023-05-07 22:00:00+08:00,0.0,0.0,0.0,12.06,3.05
2023-05-07 23:00:00+08:00,0.0,0.0,0.0,11.65,2.91
2023-05-08 00:00:00+08:00,0.0,0.0,0.0,11.32,2.7
2023-05-08 01:00:00+08:00,0.0,0.0,0.0,11.2,2.45
2023-05-08 02:00:00+08:00,0.0,0.0,0.0,11.19,2.31
2023-05-08 03:00:00+08:00,0.0,0.0,0.0,11.36,2.13
2023-05-08 04:00:00+08:00,0.0,0.0,0.0,11.65,1.88
2023-05-08 05:00:00+08:00,23.08,26.67,26.58,12.0,1.74
2023-05-08 06:00:00+08:00,174.52,216.8,112.5,12.97,1.51
2023-05-08 07:00:00+08:00,360.58,427.25,188.84,15.16,1.2
2023-05-08 08:00:00+08:00,551.05,520.99,227.73,16.68,1.04
2023-05-08 09:00:00+08:00,693.95,594.95,275.61,19.19,1.7
2023-05-08 10:00:00+08:00,854.33,649.6,292.31,21.63,2.93
2023-05-08 11:00:00+08:00,939.22,777.91,273.13,22.89,3.37
2023-05-08 12:00:00+08:00,943.88,820.91,167.65,23.89,3.53
2023-05-08 13:00:00+08:00,885.22,798.19,165.43,24.51,3.44
2023-05-08 14:00:00+08:00,769.6,761.84,152.88,24.78,3.07
2023-05-08 15:00:00+08:00,608.53,706.13,134.99,24.68,2.65
2023-05-08 16:00:00+08:00,411.48,593.04,115.51,24.06,2.29
2023-05-08 17:00:00+08:00,213.38,439.93,78.97,22.81,1.76
2023-05-08 18:00:00+08:00,42.53,92.14,29.95,20.16,1.48
2023-05-08 19:00:00+08:00,0.0,0.0,0.0,18.19,1.6
2023-05-08 20:00:00+08:00,0.0,0.0,0.0,16.93,1.84
2023-05-08 21:00:00+08:00,0.0,0.0,0.0,15.13,2.33
2023-05-08 22:00:00+08:00,0.0,0.0,0.0,13.24,2.81
2023-05-08 23:00:00+08:00,0.0,0.0,0.0,12.32,3.2
2023-05-09 00:00:00+08:00,0.0,0.0,0.0,11.71,3.31
2023-05-09 01:00:00+08:00,0.0,0.0,0.0,11.57,3.23
2023-05-09 02:00:00+08:00,0.0,0.0,0.0,11.39,3.19
2023-05-09 03:00:00+08:00,0.0,0.0,0.0,11.04,3.14
2023-05-09 04:00:00+08:00,0.0,0.0,0.0,10.41,3.14
2023-05-09 05:00:00+08:00,21.4,14.81,23.56,10.57,2.92
2023-05-09 06:00:00+08:00,165.12,269.05,96.68,13.19,2.88
2023-05-09 07:00:00+08:00,358.98,480.83,143.13,15.65,3.13
2023-05-09 08:00:00+08:00,572.53,680.89,136.15,19.68,2.83
2023-05-09 09:00:00+08:00,743.97,734.97,164.9,22.57,2.92
2023-05-09 10:00:00+08:00,854.2,696.23,249.08,24.01,3.16
2023-05-09 11:00:00+08:00,920.7,709.83,255.04,25.02,3.41
2023-05-09 12:00:00+08:00,812.7,485.21,354.84,25.31,3.57
2023-05-09 13:00:00+08:00,776.05,694.77,373.93,25.34,3.74
2023-05-09 14:00:00+08:00,485.7,63.23,386.39,26.07,3.73
2023-05-09 15:00:00+08:00,351.92,27.17,292.96,26.03,3.56
2023-05-09 16:00:00+08:00,235.82,4.56,201.68,25.07,3.4
2023-05-09 17:00:00+08:00,129.23,2.89,112.26,23.26,2.56
2023-05-09 18:00:00+08:00,30.02,1.33,27.9,19.87,2.15
2023-05-09 19:00:00+08:00,0.0,0.0,0.0,18.7,1.89
2023-05-09 20:00:00+08:00,0.0,0.0,0.0,18.78,1.3
2023-05-09 21:00:00+08:00,0.0,0.0,0.0,18.5,0.84
2023-05-09 22:00:00+08:00,0.0,0.0,0.0,18.05,0.51
2023-05-09 23:00:00+08:00,0.0,0.0,0.0,17.38,0.24
2023-05-10 00:00:00+08:00,0.0,0.0,0.0,16.23,0.42
2023-05-10 01:00:00+08:00,0.0,0.0,0.0,15.61,0.72
2023-05-10 02:00:00+08:00,0.0,0.0,0.0,15.0,0.97
2023-05-10 03:00:00+08:00,0.0,0.0,0.0,14.48,1.21
2023-05-10 04:00:00+08:00,0.0,0.0,0.0,13.77,1.5
2023-05-10 05:00:00+08:00,13.75,17.13,14.36,13.57,1.67
2023-05-10 06:00:00+08:00,94.95,86.68,71.88,15.05,1.43
2023-05-10 07:00:00+08:00,200.88,173.49,140.42,17.04,1.88
2023-05-10 08:00:00+08:00,322.25,304.42,211.53,19.44,1.26
2023-05-10 09:00:00+08:00,584.17,215.46,377.42,22.77,1.19
2023-05-10 10:00:00+08:00,706.58,369.68,367.73,24.22,1.73
2023-05-10 11:00:00+08:00,773.08,381.73,480.99,25.11,1.7
2023-05-10 12:00:00+08:00,729.6,288.06,471.52,25.53,1.24
2023-05-10 13:00:00+08:00,670.78,302.11,485.96,26.01,0.87
2023-05-10 14:00:00+08:00,520.53,119.81,351.31,26.24,0.75
2023-05-10 15:00:00+08:00,394.83,49.76,326.99,25.88,0.41
2023-05-10 16:00:00+08:00,256.2,14.96,218.27,25.09,0.27
2023-05-10 17:00:00+08:00,131.88,7.34,115.73,23.24,0.95
2023-05-10 18:00:00+08:00,29.73,1.03,26.82,20.88,1.86
2023-05-10 19:00:00+08:00,0.0,0.0,0.0,19.23,2.43
2023-05-10 20:00:00+08:00,0.0,0.0,0.0,18.28,2.63
2023-05-10 21:00:00+08:00,0.0,0.0,0.0,17.4,2.82
2023-05-10 22:00:00+08:00,0.0,0.0,0.0,16.59,2.99
2023-05-10 23:00:00+08:00,0.0,0.0,0.0,15.98,2.86
2023-05-11 00:00:00+08:00,0.0,0.0,0.0,15.55,2.63
2023-05-11 01:00:00+08:00,0.0,0.0,0.0,15.21,2.47
2023-05-11 02:00:00+08:00,0.0,0.0,0.0,14.92,2.27
2023-05-11 03:00:00+08:00,0.0,0.0,0.0,15.08,1.87
2023-05-11 04:00:00+08:00,0.0,0.0,0.0,15.26,1.52
2023-05-11 05:00:00+08:00,22.4,11.99,23.91,15.32,1.26
2023-05-11 06:00:00+08:00,153.68,159.33,108.97,16.72,1.37
2023-05-11 07:00:00+08:00,324.58,310.62,178.32,19.04,2.31
2023-05-11 08:00:00+08:00,517.17,497.16,208.12,22.55,3.33
2023-05-11 09:00:00+08:00,716.85,629.66,228.55,24.61,4.2
2023-05-11 10:00:00+08:00,836.7,625.76,300.59,26.09,4.63
2023-05-11 11:00:00+08:00,888.17,572.09,367.5,27.15,4.63
2023-05-11 12:00:00+08:00,846.5,632.89,271.41,27.72,4.63
2023-05-11 13:00:00+08:00,745.1,450.24,325.35,27.38,4.69
2023-05-11 14:00:00+08:00,596.97,215.42,383.69,26.07,4.77
2023-05-11 15:00:00+08:00,410.98,102.32,332.35,25.22,4.71
2023-05-11 16:00:00+08:00,271.3,17.58,222.47,25.1,4.78
2023-05-11 17:00:00+08:00,144.55,14.56,126.04,23.59,3.75
2023-05-11 18:00:00+08:00,31.58,3.99,29.45,20.81,2.52
2023-05-11 19:00:00+08:00,0.0,0.0,0.0,18.52,2.9
2023-05-11 20:00:00+08:00,0.0,0.0,0.0,17.43,3.18
2023-05-11 21:00:00+08:00,0.0,0.0,0.0,16.37,3.5
2023-05-11 22:00:00+08:00,0.0,0.0,0.0,15.59,3.8
2023-05-11 23:00:00+08:00,0.0,0.0,0.0,14.91,4.09
2023-05-12 00:00:00+08:00,0.0,0.0,0.0,14.22,4.19
2023-05-12 01:00:00+08:00,0.0,0.0,0.0,13.59,4.19
2023-05-12 02:00:00+08:00,0.0,0.0,0.0,13.06,4.26
2023-05-12 03:00:00+08:00,0.0,0.0,0.0,12.61,4.37
2023-05-12 04:00:00+08:00,0.0,0.0,0.0,12.71,4.7
2023-05-12 05:00:00+08:00,23.48,24.09,21.24,12.67,4.87
2023-05-12 06:00:00+08:00,170.45,306.6,83.76,14.11,5.83
2023-05-12 07:00:00+08:00,335.23,395.31,137.96,16.72,5.65
2023-05-12 08:00:00+08:00,526.08,505.95,182.57,20.87,7.01
2023-05-12 09:00:00+08:00,697.38,590.65,208.67,23.47,7.34
2023-05-12 10:00:00+08:00,822.1,637.59,226.92,25.2,7.05
2023-05-12 11:00:00+08:00,888.47,645.97,247.89,26.76,6.79
2023-05-12 12:00:00+08:00,921.22,712.07,226.59,27.96,6.45
2023-05-12 13:00:00+08:00,859.12,661.74,238.97,28.71,6.14
2023-05-12 14:00:00+08:00,738.38,611.58,229.74,29.02,5.86
2023-05-12 15:00:00+08:00,565.08,497.88,215.7,28.85,5.6
2023-05-12 16:00:00+08:00,359.12,335.3,178.92,28.15,5.41
2023-05-12 17:00:00+08:00,177.05,172.73,117.75,26.57,5.01
2023-05-12 18:00:00+08:00,36.67,18.07,35.44,23.5,4.76
2023-05-12 19:00:00+08:00,0.0,0.0,0.0,21.57,6.83
2023-05-12 20:00:00+08:00,0.0,0.0,0.0,20.41,8.05
2023-05-12 21:00:00+08:00,0.0,0.0,0.0,19.59,8.08
2023-05-12 22:00:00+08:00,0.0,0.0,0.0,18.71,7.73
2023-05-12 23:00:00+08:00,0.0,0.0,0.0,17.85,7.15
2023-05-13 00:00:00+08:00,0.0,0.0,0.0,16.99,5.93
2023-05-13 01:00:00+08:00,0.0,0.0,0.0,15.61,4.05
2023-05-13 02:00:00+08:00,0.0,0.0,0.0,14.33,2.69
2023-05-13 03:00:00+08:00,0.0,0.0,0.0,13.5,2.1
2023-05-13 04:00:00+08:00,0.0,0.0,0.0,12.83,1.53
2023-05-13 05:00:00+08:00,26.58,31.76,23.59,12.85,0.91
2023-05-13 06:00:00+08:00,181.52,351.91,81.92,14.84,1.31
2023-05-13 07:00:00+08:00,376.35,528.72,122.21,17.47,2.94
2023-05-13 08:00:00+08:00,580.88,662.45,148.59,21.13,4.6
2023-05-13 09:00:00+08:00,754.17,740.92,165.09,23.57,4.89
2023-05-13 10:00:00+08:00,882.35,792.76,170.56,25.04,5.01
2023-05-13 11:00:00+08:00,952.9,818.42,170.28,26.13,4.87
2023-05-13 12:00:00+08:00,949.22,791.05,189.75,26.96,4.5
2023-05-13 13:00:00+08:00,893.03,785.01,166.49,27.53,3.96
2023-05-13 14:00:00+08:00,774.28,710.36,187.76,27.74,3.44
2023-05-13 15:00:00+08:00,608.78,649.23,164.39,27.48,2.92
2023-05-13 16:00:00+08:00,415.17,543.86,136.26,26.84,2.34
2023-05-13 17:00:00+08:00,215.52,386.11,89.86,25.75,1.68
2023-05-13 18:00:00+08:00,52.45,120.0,34.76,23.76,0.77
2023-05-13 19:00:00+08:00,0.0,0.0,0.0,22.45,0.35
2023-05-13 20:00:00+08:00,0.0,0.0,0.0,21.07,1.23
2023-05-13 21:00:00+08:00,0.0,0.0,0.0,19.35,2.04
2023-05-13 22:00:00+08:00,0.0,0.0,0.0,17.77,2.67
2023-05-13 23:00:00+08:00,0.0,0.0,0.0,16.59,3.1
2023-05-14 00:00:00+08:00,0.0,0.0,0.0,15.96,3.35
2023-05-14 01:00:00+08:00,0.0,0.0,0.0,15.56,3.57
2023-05-14 02:00:00+08:00,0.0,0.0,0.0,15.23,3.82
2023-05-14 03:00:00+08:00,0.0,0.0,0.0,15.1,4.13
2023-05-14 04:00:00+08:00,0.0,0.0,0.0,15.32,4.19
2023-05-14 05:00:00+08:00,24.9,14.28,23.65,15.37,3.68
2023-05-14 06:00:00+08:00,152.77,182.19,100.08,16.33,3.88
2023-05-14 07:00:00+08:00,309.0,321.72,148.85,18.62,5.29
2023-05-14 08:00:00+08:00,480.58,401.9,205.29,21.96,5.57
2023-05-14 09:00:00+08:00,647.92,513.77,225.21,25.53,5.53
2023-05-14 10:00:00+08:00,799.45,558.35,273.93,27.87,5.53
2023-05-14 11:00:00+08:00,881.7,641.59,233.31,29.36,5.83
2023-05-14 12:00:00+08:00,872.67,592.84,279.8,30.38,5.99
2023-05-14 13:00:00+08:00,816.78,582.27,246.07,30.68,5.94
2023-05-14 14:00:00+08:00,697.35,517.07,243.48,30.51,5.35
2023-05-14 15:00:00+08:00,537.97,433.77,219.2,30.85,4.56
2023-05-14 16:00:00+08:00,330.08,312.26,162.6,31.17,3.8
2023-05-14 17:00:00+08:00,168.4,160.44,113.62,29.83,2.55
2023-05-14 18:00:00+08:00,36.8,13.63,35.42,26.0,2.39
2023-05-14 19:00:00+08:00,0.0,0.0,0.0,22.81,3.28
2023-05-14 20:00:00+08:00,0.0,0.0,0.0,21.66,3.96
2023-05-14 21:00:00+08:00,0.0,0.0,0.0,21.19,4.65
2023-05-14 22:00:00+08:00,0.0,0.0,0.0,20.73,5.07
2023-05-14 23:00:00+08:00,0.0,0.0,0.0,19.75,4.7
2023-05-15 00:00:00+08:00,0.0,0.0,0.0,18.64,4.44
2023-05-15 01:00:00+08:00,0.0,0.0,0.0,17.8,4.46
2023-05-15 02:00:00+08:00,0.0,0.0,0.0,16.97,4.26
2023-05-15 03:00:00+08:00,0.0,0.0,0.0,16.14,3.94
2023-05-15 04:00:00+08:00,0.0,0.0,0.0,15.37,3.7
2023-05-15 05:00:00+08:00,28.2,25.4,24.41,15.26,3.6
2023-05-15 06:00:00+08:00,178.1,303.86,89.7,17.77,4.81
2023-05-15 07:00:00+08:00,365.95,465.51,138.51,20.54,4.31
2023-05-15 08:00:00+08:00,562.97,586.31,171.4,24.63,4.17
2023-05-15 09:00:00+08:00,734.03,670.27,190.14,28.07,4.33
2023-05-15 10:00:00+08:00,861.8,712.7,212.23,31.35,4.41
2023-05-15 11:00:00+08:00,932.92,734.54,219.71,33.92,4.84
2023-05-15 12:00:00+08:00,949.6,771.62,203.7,35.07,5.35
2023-05-15 13:00:00+08:00,897.05,780.63,169.06,35.55,5.61
2023-05-15 14:00:00+08:00,784.25,731.31,180.89,35.61,5.73
2023-05-15 15:00:00+08:00,621.47,668.09,157.84,35.23,5.83
2023-05-15 16:00:00+08:00,426.33,565.19,133.83,34.26,5.53
2023-05-15 17:00:00+08:00,222.1,379.77,98.9,32.0,4.36
2023-05-15 18:00:00+08:00,58.38,136.35,38.63,27.98,4.06
2023-05-15 19:00:00+08:00,0.0,0.0,0.0,25.78,5.64
2023-05-15 20:00:00+08:00,0.0,0.0,0.0,25.25,7.09
2023-05-15 21:00:00+08:00,0.0,0.0,0.0,23.93,7.13
2023-05-15 22:00:00+08:00,0.0,0.0,0.0,22.94,7.41
2023-05-15 23:00:00+08:00,0.0,0.0,0.0,22.17,7.24
2023-05-16 00:00:00+08:00,0.0,0.0,0.0,21.51,6.88
2023-05-16 01:00:00+08:00,0.0,0.0,0.0,20.88,6.56
2023-05-16 02:00:00+08:00,0.0,0.0,0.0,20.36,6.49
2023-05-16 03:00:00+08:00,0.0,0.0,0.0,19.86,6.54
2023-05-16 04:00:00+08:00,0.0,0.0,0.0,19.3,6.55
2023-05-16 05:00:00+08:00,27.4,22.83,23.82,19.04,6.87
2023-05-16 06:00:00+08:00,169.0,262.71,89.09,20.28,7.61
2023-05-16 07:00:00+08:00,337.88,378.32,147.0,22.95,8.08
2023-05-16 08:00:00+08:00,529.55,500.34,186.74,26.36,9.6
2023-05-16 09:00:00+08:00,696.5,583.77,210.64,29.02,10.17
2023-05-16 10:00:00+08:00,812.38,575.62,271.45,31.15,10.49
2023-05-16 11:00:00+08:00,884.0,616.2,275.99,32.78,11.1
2023-05-16 12:00:00+08:00,919.35,724.68,218.06,33.68,11.45
2023-05-16 13:00:00+08:00,863.25,686.84,219.78,34.04,11.51
2023-05-16 14:00:00+08:00,737.3,628.7,209.43,34.0,11.51
2023-05-16 15:00:00+08:00,569.6,500.87,211.4,33.45,11.47
2023-05-16 16:00:00+08:00,348.83,323.36,204.15,32.35,11.2
2023-05-16 17:00:00+08:00,187.3,178.79,128.57,30.7,9.56
2023-05-16 18:00:00+08:00,44.75,21.5,39.17,28.07,7.33
2023-05-16 19:00:00+08:00,0.0,0.0,0.0,25.45,6.11
2023-05-16 20:00:00+08:00,0.0,0.0,0.0,24.18,5.99
2023-05-16 21:00:00+08:00,0.0,0.0,0.0,23.49,6.55
2023-05-16 22:00:00+08:00,0.0,0.0,0.0,22.88,7.21
2023-05-16 23:00:00+08:00,0.0,0.0,0.0,22.23,7.68
2023-05-17 00:00:00+08:00,0.0,0.0,0.0,21.49,7.89
2023-05-17 01:00:00+08:00,0.0,0.0,0.0,20.55,7.91
2023-05-17 02:00:00+08:00,0.0,0.0,0.0,19.48,7.63
2023-05-17 03:00:00+08:00,0.0,0.0,0.0,18.47,7.35
2023-05-17 04:00:00+08:00,0.0,0.0,0.0,17.64,7.35
2023-05-17 05:00:00+08:00,23.25,6.18,25.8,17.38,7.22
2023-05-17 06:00:00+08:00,132.25,118.86,96.58,18.8,7.4
2023-05-17 07:00:00+08:00,294.8,242.15,165.76,21.7,8.13
2023-05-17 08:00:00+08:00,455.15,329.69,215.09,24.87,7.99
2023-05-17 09:00:00+08:00,611.17,401.63,250.97,27.76,7.46
2023-05-17 10:00:00+08:00,728.78,443.49,281.19,30.25,6.8
2023-05-17 11:00:00+08:00,793.25,456.75,306.76,31.84,6.16
2023-05-17 12:00:00+08:00,866.35,566.16,300.44,32.71,5.34
2023-05-17 13:00:00+08:00,782.15,455.12,322.36,33.21,4.23
2023-05-17 14:00:00+08:00,594.85,412.03,229.05,33.38,3.02
2023-05-17 15:00:00+08:00,445.58,210.12,260.13,33.03,2.41
2023-05-17 16:00:00+08:00,268.15,145.91,177.15,31.91,3.1
2023-05-17 17:00:00+08:00,142.73,53.58,120.75,29.5,4.43
2023-05-17 18:00:00+08:00,35.55,2.77,33.44,26.57,6.18
2023-05-17 19:00:00+08:00,0.0,0.0,0.0,23.9,7.38
2023-05-17 20:00:00+08:00,0.0,0.0,0.0,21.81,7.6
2023-05-17 21:00:00+08:00,0.0,0.0,0.0,20.72,6.72
2023-05-17 22:00:00+08:00,0.0,0.0,0.0,19.89,5.62
2023-05-17 23:00:00+08:00,0.0,0.0,0.0,19.0,5.87
2023-05-18 00:00:00+08:00,0.0,0.0,0.0,18.06,6.27
2023-05-18 01:00:00+08:00,0.0,0.0,0.0,17.28,6.29
2023-05-18 02:00:00+08:00,0.0,0.0,0.0,16.85,6.14
2023-05-18 03:00:00+08:00,0.0,0.0,0.0,16.65,5.92
2023-05-18 04:00:00+08:00,0.0,0.0,0.0,16.46,6.19
2023-05-18 05:00:00+08:00,13.82,4.15,13.84,16.16,6.04
2023-05-18 06:00:00+08:00,71.5,34.12,56.96,16.47,6.04
2023-05-18 07:00:00+08:00,137.27,90.6,102.32,17.72,5.66
2023-05-18 08:00:00+08:00,183.12,41.4,149.75,19.64,5.29
2023-05-18 09:00:00+08:00,262.62,34.66,210.81,22.36,5.13
2023-05-18 10:00:00+08:00,353.08,13.68,285.68,24.75,4.91
2023-05-18 11:00:00+08:00,510.42,65.89,348.6,26.58,4.63
2023-05-18 12:00:00+08:00,457.88,51.78,313.33,27.99,4.35
2023-05-18 13:00:00+08:00,606.08,218.61,322.79,28.83,4.11
2023-05-18 14:00:00+08:00,505.62,162.02,311.5,29.06,4.04
2023-05-18 15:00:00+08:00,425.6,194.89,254.05,28.8,3.98
2023-05-18 16:00:00+08:00,287.75,110.04,204.61,28.06,3.86
2023-05-18 17:00:00+08:00,169.25,99.16,134.95,26.79,3.43
2023-05-18 18:00:00+08:00,46.05,23.89,40.64,24.02,2.13
2023-05-18 19:00:00+08:00,0.0,0.0,0.0,20.7,2.52
2023-05-18 20:00:00+08:00,0.0,0.0,0.0,19.31,2.88
2023-05-18 21:00:00+08:00,0.0,0.0,0.0,18.39,3.3
2023-05-18 22:00:00+08:00,0.0,0.0,0.0,17.94,4.0
2023-05-18 23:00:00+08:00,0.0,0.0,0.0,17.88,4.8
2023-05-19 00:00:00+08:00,0.0,0.0,0.0,17.73,5.42
2023-05-19 01:00:00+08:00,0.0,0.0,0.0,17.23,5.33
2023-05-19 02:00:00+08:00,0.0,0.0,0.0,16.74,4.89
2023-05-19 03:00:00+08:00,0.0,0.0,0.0,16.42,4.77
2023-05-19 04:00:00+08:00,0.0,0.0,0.0,16.13,4.68
2023-05-19 05:00:00+08:00,26.58,6.81,27.83,16.21,4.78
2023-05-19 06:00:00+08:00,143.68,106.84,106.29,17.61,5.74
2023-05-19 07:00:00+08:00,291.92,186.91,192.48,20.15,7.1
2023-05-19 08:00:00+08:00,454.92,250.87,257.8,22.98,7.65
2023-05-19 09:00:00+08:00,632.08,363.99,291.73,25.32,7.63
2023-05-19 10:00:00+08:00,767.05,442.36,330.59,27.28,7.53
2023-05-19 11:00:00+08:00,840.05,481.08,333.94,28.79,7.72
2023-05-19 12:00:00+08:00,913.17,653.91,264.63,29.87,8.02
2023-05-19 13:00:00+08:00,867.75,699.44,206.93,30.54,8.28
2023-05-19 14:00:00+08:00,757.92,662.66,194.1,31.02,8.44
2023-05-19 15:00:00+08:00,596.88,590.69,170.33,31.03,8.55
2023-05-19 16:00:00+08:00,405.48,465.03,155.56,30.5,8.82
2023-05-19 17:00:00+08:00,206.35,276.08,111.39,29.54,8.5
2023-05-19 18:00:00+08:00,53.4,49.43,45.49,27.58,6.38
2023-05-19 19:00:00+08:00,0.0,0.0,0.0,25.02,5.41
2023-05-19 20:00:00+08:00,0.0,0.0,0.0,24.08,6.49
2023-05-19 21:00:00+08:00,0.0,0.0,0.0,23.08,7.02
2023-05-19 22:00:00+08:00,0.0,0.0,0.0,22.12,7.11
2023-05-19 23:00:00+08:00,0.0,0.0,0.0,21.37,6.94
2023-05-20 00:00:00+08:00,0.0,0.0,0.0,20.89,6.84
2023-05-20 01:00:00+08:00,0.0,0.0,0.0,20.54,6.63
2023-05-20 02:00:00+08:00,0.0,0.0,0.0,20.27,6.15
2023-05-20 03:00:00+08:00,0.0,0.0,0.0,19.95,5.29
2023-05-20 04:00:00+08:00,0.0,0.0,0.0,19.53,4.28
2023-05-20 05:00:00+08:00,18.55,4.85,18.65,19.76,3.78
2023-05-20 06:00:00+08:00,91.95,63.25,71.92,20.84,2.92
2023-05-20 07:00:00+08:00,181.45,142.72,116.32,21.76,4.48
2023-05-20 08:00:00+08:00,265.27,128.25,168.55,22.95,6.11
2023-05-20 09:00:00+08:00,294.85,131.25,164.9,24.81,5.75
2023-05-20 10:00:00+08:00,323.42,127.66,193.47,26.62,5.11
2023-05-20 11:00:00+08:00,418.98,92.82,273.57,27.12,6.27
2023-05-20 12:00:00+08:00,599.08,269.17,292.25,27.06,7.78
2023-05-20 13:00:00+08:00,593.85,290.03,281.24,27.53,7.68
2023-05-20 14:00:00+08:00,449.33,177.48,262.65,27.76,6.75
2023-05-20 15:00:00+08:00,384.75,177.83,223.39,27.69,6.32
2023-05-20 16:00:00+08:00,255.0,104.51,187.11,27.02,6.17
2023-05-20 17:00:00+08:00,128.27,60.42,104.18,25.54,5.53
2023-05-20 18:00:00+08:00,37.62,5.93,33.13,22.6,3.76
2023-05-20 19:00:00+08:00,0.0,0.0,0.0,19.77,3.69
2023-05-20 20:00:00+08:00,0.0,0.0,0.0,18.82,4.34
2023-05-20 21:00:00+08:00,0.0,0.0,0.0,17.88,4.46
2023-05-20 22:00:00+08:00,0.0,0.0,0.0,17.04,3.81
2023-05-20 23:00:00+08:00,0.0,0.0,0.0,16.44,3.03
2023-05-21 00:00:00+08:00,0.0,0.0,0.0,16.3,2.65
2023-05-21 01:00:00+08:00,0.0,0.0,0.0,16.09,2.75
2023-05-21 02:00:00+08:00,0.0,0.0,0.0,15.76,3.31
2023-05-21 03:00:00+08:00,0.0,0.0,0.0,14.65,3.8
2023-05-21 04:00:00+08:00,0.0,0.0,0.0,13.21,3.84
2023-05-21 05:00:00+08:00,16.65,0.0,16.25,12.5,3.58
2023-05-21 06:00:00+08:00,83.8,14.51,71.19,13.96,4.07
2023-05-21 07:00:00+08:00,151.73,28.42,123.85,16.8,4.85
2023-05-21 08:00:00+08:00,210.57,2.26,178.98,20.26,6.96
2023-05-21 09:00:00+08:00,228.32,32.14,170.72,22.21,6.04
2023-05-21 10:00:00+08:00,318.0,31.99,241.14,23.41,5.31
2023-05-21 11:00:00+08:00,299.0,31.36,219.6,23.86,5.55
2023-05-21 12:00:00+08:00,206.12,0.75,163.61,23.81,5.86
2023-05-21 13:00:00+08:00,193.25,4.03,154.82,23.53,5.94
2023-05-21 14:00:00+08:00,208.38,8.28,163.36,23.01,6.0
2023-05-21 15:00:00+08:00,137.93,7.65,111.66,21.88,6.42
2023-05-21 16:00:00+08:00,114.8,0.17,99.55,20.04,6.69
2023-05-21 17:00:00+08:00,67.9,0.0,59.38,18.54,6.06
2023-05-21 18:00:00+08:00,21.0,0.0,18.35,17.17,4.12
2023-05-21 19:00:00+08:00,0.0,0.0,0.0,15.89,2.21
2023-05-21 20:00:00+08:00,0.0,0.0,0.0,15.17,1.76
2023-05-21 21:00:00+08:00,0.0,0.0,0.0,14.62,2.31
2023-05-21 22:00:00+08:00,0.0,0.0,0.0,14.13,2.72
2023-05-21 23:00:00+08:00,0.0,0.0,0.0,13.69,2.87
2023-05-22 00:00:00+08:00,0.0,0.0,0.0,13.2,2.66
2023-05-22 01:00:00+08:00,0.0,0.0,0.0,12.69,2.41
2023-05-22 02:00:00+08:00,0.0,0.0,0.0,12.23,2.26
2023-05-22 03:00:00+08:00,0.0,0.0,0.0,11.67,2.1
2023-05-22 04:00:00+08:00,0.0,0.0,0.0,10.92,2.17
2023-05-22 05:00:00+08:00,31.88,10.09,32.39,10.84,2.22
2023-05-22 06:00:00+08:00,169.43,176.17,116.97,13.09,3.14
2023-05-22 07:00:00+08:00,360.1,393.59,156.48,16.07,3.05
2023-05-22 08:00:00+08:00,568.08,567.34,181.25,20.16,3.31
2023-05-22 09:00:00+08:00,744.3,659.1,196.8,22.92,2.64
2023-05-22 10:00:00+08:00,873.97,709.12,215.64,24.95,2.9
2023-05-22 11:00:00+08:00,946.17,727.05,233.13,26.29,3.19
2023-05-22 12:00:00+08:00,981.47,887.07,134.95,27.01,3.27
2023-05-22 13:00:00+08:00,924.25,821.19,167.48,27.39,3.31
2023-05-22 14:00:00+08:00,808.65,755.4,173.63,27.42,3.23
2023-05-22 15:00:00+08:00,647.47,705.12,155.55,27.09,3.04
2023-05-22 16:00:00+08:00,452.17,595.11,138.65,26.43,2.76
2023-05-22 17:00:00+08:00,247.3,448.14,97.46,25.25,2.32
2023-05-22 18:00:00+08:00,71.97,167.6,42.66,22.86,1.46
2023-05-22 19:00:00+08:00,0.0,0.0,0.0,20.93,1.41
2023-05-22 20:00:00+08:00,0.0,0.0,0.0,20.35,1.26
2023-05-22 21:00:00+08:00,0.0,0.0,0.0,19.75,1.09
2023-05-22 22:00:00+08:00,0.0,0.0,0.0,18.98,0.9
2023-05-22 23:00:00+08:00,0.0,0.0,0.0,18.84,0.67
2023-05-23 00:00:00+08:00,0.0,0.0,0.0,18.49,0.4
2023-05-23 01:00:00+08:00,0.0,0.0,0.0,17.94,0.24
2023-05-23 02:00:00+08:00,0.0,0.0,0.0,17.6,0.39
2023-05-23 03:00:00+08:00,0.0,0.0,0.0,16.8,0.69
2023-05-23 04:00:00+08:00,0.0,0.0,0.0,16.03,1.05
2023-05-23 05:00:00+08:00,42.78,118.78,28.97,15.31,1.32
2023-05-23 06:00:00+08:00,211.88,452.42,77.78,16.97,1.63
2023-05-23 07:00:00+08:00,410.62,603.43,116.58,19.32,2.14
2023-05-23 08:00:00+08:00,608.33,714.75,136.05,23.3,1.62
2023-05-23 09:00:00+08:00,777.2,779.98,147.04,25.67,1.71
2023-05-23 10:00:00+08:00,899.65,813.22,155.0,27.41,2.3
2023-05-23 11:00:00+08:00,964.78,809.9,181.16,28.62,2.76
2023-05-23 12:00:00+08:00,945.15,726.16,229.48,29.34,3.16
2023-05-23 13:00:00+08:00,848.28,704.97,236.58,29.55,3.69
2023-05-23 14:00:00+08:00,713.35,470.53,312.79,29.4,4.36
2023-05-23 15:00:00+08:00,504.65,198.04,379.4,28.75,4.81
2023-05-23 16:00:00+08:00,276.27,19.03,237.18,26.56,4.67
2023-05-23 17:00:00+08:00,141.25,9.13,124.76,24.27,3.73
2023-05-23 18:00:00+08:00,41.2,4.48,35.5,21.94,3.27
2023-05-23 19:00:00+08:00,0.0,0.0,0.0,20.27,3.24
2023-05-23 20:00:00+08:00,0.0,0.0,0.0,19.36,3.16
2023-05-23 21:00:00+08:00,0.0,0.0,0.0,18.65,3.05
2023-05-23 22:00:00+08:00,0.0,0.0,0.0,18.0,2.89
2023-05-23 23:00:00+08:00,0.0,0.0,0.0,17.47,2.86
2023-05-24 00:00:00+08:00,0.0,0.0,0.0,17.03,2.96
2023-05-24 01:00:00+08:00,0.0,0.0,0.0,16.72,3.21
2023-05-24 02:00:00+08:00,0.0,0.0,0.0,16.63,3.91
2023-05-24 03:00:00+08:00,0.0,0.0,0.0,16.44,4.98
2023-05-24 04:00:00+08:00,0.0,0.0,0.0,16.26,5.67
2023-05-24 05:00:00+08:00,30.05,3.92,29.17,16.15,5.57
2023-05-24 06:00:00+08:00,140.32,36.44,115.55,16.96,5.75
2023-05-24 07:00:00+08:00,282.1,94.96,223.69,19.47,6.04
2023-05-24 08:00:00+08:00,448.52,172.41,304.01,22.51,7.93
2023-05-24 09:00:00+08:00,587.25,351.6,291.11,23.48,7.77
2023-05-24 10:00:00+08:00,779.72,475.81,324.22,24.71,7.56
2023-05-24 11:00:00+08:00,900.45,607.74,284.77,26.23,7.79
2023-05-24 12:00:00+08:00,904.6,626.32,278.67,26.77,8.15
2023-05-24 13:00:00+08:00,840.38,635.55,237.71,26.53,8.42
2023-05-24 14:00:00+08:00,713.5,513.14,280.57,26.08,8.37
2023-05-24 15:00:00+08:00,541.8,334.2,293.42,25.34,8.04
2023-05-24 16:00:00+08:00,359.33,148.78,260.04,24.5,7.79
2023-05-24 17:00:00+08:00,187.35,71.08,153.73,23.36,7.55
2023-05-24 18:00:00+08:00,62.78,26.65,52.91,21.67,6.28
2023-05-24 19:00:00+08:00,0.0,0.0,0.0,18.92,4.68
2023-05-24 20:00:00+08:00,0.0,0.0,0.0,17.71,5.1
2023-05-24 21:00:00+08:00,0.0,0.0,0.0,16.78,5.56
2023-05-24 22:00:00+08:00,0.0,0.0,0.0,15.84,5.55
2023-05-24 23:00:00+08:00,0.0,0.0,0.0,15.08,5.3
2023-05-25 00:00:00+08:00,0.0,0.0,0.0,14.44,4.77
2023-05-25 01:00:00+08:00,0.0,0.0,0.0,13.91,4.51
2023-05-25 02:00:00+08:00,0.0,0.0,0.0,13.49,4.41
2023-05-25 03:00:00+08:00,0.0,0.0,0.0,13.3,4.31
2023-05-25 04:00:00+08:00,0.0,0.0,0.0,13.11,5.45
2023-05-25 05:00:00+08:00,20.95,0.0,19.49,13.33,5.25
2023-05-25 06:00:00+08:00,87.18,0.27,75.48,14.61,4.5
2023-05-25 07:00:00+08:00,175.3,32.27,143.7,17.41,4.94
2023-05-25 08:00:00+08:00,250.23,11.51,211.34,20.04,5.22
2023-05-25 09:00:00+08:00,565.42,296.74,282.24,22.43,5.14
2023-05-25 10:00:00+08:00,487.5,182.14,285.16,24.33,4.64
2023-05-25 11:00:00+08:00,464.55,128.82,316.06,24.94,4.85
2023-05-25 12:00:00+08:00,347.3,14.41,256.37,23.56,5.31
2023-05-25 13:00:00+08:00,302.9,0.1,241.54,23.08,5.57
2023-05-25 14:00:00+08:00,276.02,14.09,224.51,22.02,5.78
2023-05-25 15:00:00+08:00,206.88,15.23,168.38,21.69,6.33
2023-05-25 16:00:00+08:00,190.35,7.07,164.2,21.45,6.79
2023-05-25 17:00:00+08:00,87.93,3.76,76.79,20.74,6.69
2023-05-25 18:00:00+08:00,27.5,0.65,24.0,19.91,5.85
2023-05-25 19:00:00+08:00,0.0,0.0,0.0,18.7,4.72
2023-05-25 20:00:00+08:00,0.0,0.0,0.0,18.11,4.57
2023-05-25 21:00:00+08:00,0.0,0.0,0.0,17.85,4.52
2023-05-25 22:00:00+08:00,0.0,0.0,0.0,17.61,4.31
2023-05-25 23:00:00+08:00,0.0,0.0,0.0,17.4,3.97
2023-05-26 00:00:00+08:00,0.0,0.0,0.0,16.82,3.64
2023-05-26 01:00:00+08:00,0.0,0.0,0.0,16.43,3.73
2023-05-26 02:00:00+08:00,0.0,0.0,0.0,16.09,3.68
2023-05-26 03:00:00+08:00,0.0,0.0,0.0,15.72,3.6
2023-05-26 04:00:00+08:00,0.0,0.0,0.0,15.47,3.48
2023-05-26 05:00:00+08:00,32.15,2.31,31.52,15.9,3.66
2023-05-26 06:00:00+08:00,143.1,53.48,120.43,17.95,4.46
2023-05-26 07:00:00+08:00,291.17,104.6,222.82,20.34,3.8
2023-05-26 08:00:00+08:00,398.05,128.08,260.74,23.09,3.54
2023-05-26 09:00:00+08:00,500.15,146.74,323.99,25.19,3.26
2023-05-26 10:00:00+08:00,500.73,274.37,267.24,26.64,3.43
2023-05-26 11:00:00+08:00,571.2,158.79,373.46,27.79,3.41
2023-05-26 12:00:00+08:00,456.88,207.37,287.38,29.02,3.31
2023-05-26 13:00:00+08:00,399.88,17.25,304.26,29.97,3.4
2023-05-26 14:00:00+08:00,248.3,10.41,198.03,30.38,3.5
2023-05-26 15:00:00+08:00,188.1,5.7,157.3,30.04,3.52
2023-05-26 16:00:00+08:00,117.68,2.69,101.55,28.87,3.46
2023-05-26 17:00:00+08:00,68.7,0.23,58.69,26.94,2.57
2023-05-26 18:00:00+08:00,22.48,0.0,19.61,24.25,2.12
2023-05-26 19:00:00+08:00,0.0,0.0,0.0,22.23,2.28
2023-05-26 20:00:00+08:00,0.0,0.0,0.0,21.21,2.18
2023-05-26 21:00:00+08:00,0.0,0.0,0.0,20.29,2.07
2023-05-26 22:00:00+08:00,0.0,0.0,0.0,19.12,2.04
2023-05-26 23:00:00+08:00,0.0,0.0,0.0,18.37,2.07
2023-05-27 00:00:00+08:00,0.0,0.0,0.0,18.4,1.95
2023-05-27 01:00:00+08:00,0.0,0.0,0.0,18.26,1.79
2023-05-27 02:00:00+08:00,0.0,0.0,0.0,18.04,1.67
2023-05-27 03:00:00+08:00,0.0,0.0,0.0,17.8,1.57
2023-05-27 04:00:00+08:00,0.0,0.0,0.0,17.64,1.59
2023-05-27 05:00:00+08:00,9.3,0.0,8.65,17.67,1.82
2023-05-27 06:00:00+08:00,30.8,0.93,26.66,18.51,2.62
2023-05-27 07:00:00+08:00,60.2,2.1,51.01,20.53,3.01
2023-05-27 08:00:00+08:00,73.0,4.68,57.67,23.1,3.52
2023-05-27 09:00:00+08:00,103.95,9.58,74.91,25.35,3.35
2023-05-27 10:00:00+08:00,127.62,9.48,97.6,26.82,2.58
2023-05-27 11:00:00+08:00,122.28,9.22,89.24,27.68,1.87
2023-05-27 12:00:00+08:00,160.15,3.61,126.47,28.38,1.24
2023-05-27 13:00:00+08:00,202.3,51.14,124.53,28.72,0.56
2023-05-27 14:00:00+08:00,132.23,11.28,104.53,28.9,0.62
2023-05-27 15:00:00+08:00,96.53,0.0,81.16,28.66,1.28
2023-05-27 16:00:00+08:00,95.82,5.36,82.23,26.57,2.44
2023-05-27 17:00:00+08:00,53.62,0.91,45.72,24.59,3.98
2023-05-27 18:00:00+08:00,10.77,0.0,9.4,22.94,5.16
2023-05-27 19:00:00+08:00,0.0,0.0,0.0,21.45,5.53
2023-05-27 20:00:00+08:00,0.0,0.0,0.0,20.39,6.0
2023-05-27 21:00:00+08:00,0.0,0.0,0.0,19.6,6.2
2023-05-27 22:00:00+08:00,0.0,0.0,0.0,19.0,5.95
2023-05-27 23:00:00+08:00,0.0,0.0,0.0,18.71,5.32
2023-05-28 00:00:00+08:00,0.0,0.0,0.0,18.55,4.56
2023-05-28 01:00:00+08:00,0.0,0.0,0.0,18.34,4.3
2023-05-28 02:00:00+08:00,0.0,0.0,0.0,18.11,4.59
2023-05-28 03:00:00+08:00,0.0,0.0,0.0,17.78,5.22
2023-05-28 04:00:00+08:00,0.0,0.0,0.0,17.39,5.42
2023-05-28 05:00:00+08:00,9.05,0.0,8.42,17.13,5.18
2023-05-28 06:00:00+08:00,39.58,0.59,34.43,17.4,4.88
2023-05-28 07:00:00+08:00,70.68,0.93,60.52,18.92,4.98
2023-05-28 08:00:00+08:00,100.75,2.4,84.7,21.42,5.56
2023-05-28 09:00:00+08:00,146.7,16.69,112.02,23.23,5.61
2023-05-28 10:00:00+08:00,170.0,21.45,127.79,24.43,5.38
2023-05-28 11:00:00+08:00,204.23,16.12,158.8,24.59,5.07
2023-05-28 12:00:00+08:00,161.52,9.35,126.31,24.63,5.08
2023-05-28 13:00:00+08:00,151.23,0.0,120.6,24.56,5.21
2023-05-28 14:00:00+08:00,91.12,6.26,72.28,24.3,5.48
2023-05-28 15:00:00+08:00,94.2,30.99,69.25,24.52,5.89
2023-05-28 16:00:00+08:00,82.03,2.36,70.71,24.11,5.8
2023-05-28 17:00:00+08:00,47.7,1.14,40.66,23.11,5.32
2023-05-28 18:00:00+08:00,11.35,0.0,9.9,21.6,4.26
2023-05-28 19:00:00+08:00,0.0,0.0,0.0,19.92,3.53
2023-05-28 20:00:00+08:00,0.0,0.0,0.0,19.06,3.33
2023-05-28 21:00:00+08:00,0.0,0.0,0.0,18.41,3.02
2023-05-28 22:00:00+08:00,0.0,0.0,0.0,17.86,2.59
2023-05-28 23:00:00+08:00,0.0,0.0,0.0,17.48,1.97
2023-05-29 00:00:00+08:00,0.0,0.0,0.0,17.28,1.53
2023-05-29 01:00:00+08:00,0.0,0.0,0.0,17.13,1.33
2023-05-29 02:00:00+08:00,0.0,0.0,0.0,17.05,1.45
2023-05-29 03:00:00+08:00,0.0,0.0,0.0,17.0,1.77
2023-05-29 04:00:00+08:00,0.0,0.0,0.0,16.85,2.1
2023-05-29 05:00:00+08:00,18.33,7.26,17.62,16.91,2.58
2023-05-29 06:00:00+08:00,88.93,26.68,74.27,17.42,3.3
2023-05-29 07:00:00+08:00,160.05,29.66,131.47,18.18,4.01
2023-05-29 08:00:00+08:00,241.02,35.8,185.94,18.72,4.96
2023-05-29 09:00:00+08:00,319.75,62.5,223.59,19.28,5.41
2023-05-29 10:00:00+08:00,345.98,70.48,253.38,20.01,5.52
2023-05-29 11:00:00+08:00,425.25,110.82,314.19,20.89,5.72
2023-05-29 12:00:00+08:00,431.4,65.64,332.63,21.93,6.22
2023-05-29 13:00:00+08:00,486.33,178.46,297.32,23.41,6.59
2023-05-29 14:00:00+08:00,418.98,28.74,332.36,25.39,6.79
2023-05-29 15:00:00+08:00,331.42,80.17,265.08,26.68,6.7
2023-05-29 16:00:00+08:00,245.48,102.45,198.44,26.87,6.3
2023-05-29 17:00:00+08:00,127.62,13.83,110.43,26.26,5.26
2023-05-29 18:00:00+08:00,44.7,9.37,37.56,23.78,2.96
2023-05-29 19:00:00+08:00,0.0,0.0,0.0,20.66,2.75
2023-05-29 20:00:00+08:00,0.0,0.0,0.0,19.6,2.47
2023-05-29 21:00:00+08:00,0.0,0.0,0.0,18.84,2.27
2023-05-29 22:00:00+08:00,0.0,0.0,0.0,17.99,2.2
2023-05-29 23:00:00+08:00,0.0,0.0,0.0,17.12,2.34
2023-05-30 00:00:00+08:00,0.0,0.0,0.0,16.57,2.44
2023-05-30 01:00:00+08:00,0.0,0.0,0.0,16.41,2.4
2023-05-30 02:00:00+08:00,0.0,0.0,0.0,16.44,2.21
2023-05-30 03:00:00+08:00,0.0,0.0,0.0,16.53,1.95
2023-05-30 04:00:00+08:00,0.0,0.0,0.0,16.75,1.65
2023-05-30 05:00:00+08:00,10.9,0.0,10.14,17.02,1.44
2023-05-30 06:00:00+08:00,46.75,6.77,40.2,17.85,1.8
2023-05-30 07:00:00+08:00,88.45,5.69,75.0,18.55,1.99
2023-05-30 08:00:00+08:00,119.45,8.72,99.53,21.03,2.07
2023-05-30 09:00:00+08:00,259.25,17.7,200.45,23.08,2.14
2023-05-30 10:00:00+08:00,356.85,16.1,275.49,24.03,1.58
2023-05-30 11:00:00+08:00,310.75,24.1,226.63,24.64,1.25
2023-05-30 12:00:00+08:00,356.77,18.9,281.5,25.25,1.37
2023-05-30 13:00:00+08:00,377.12,60.59,288.33,26.12,1.78
2023-05-30 14:00:00+08:00,506.8,234.83,369.76,26.69,2.14
2023-05-30 15:00:00+08:00,384.9,135.59,258.96,26.83,2.22
2023-05-30 16:00:00+08:00,300.7,58.27,251.04,26.42,2.12
2023-05-30 17:00:00+08:00,144.77,134.67,104.25,25.65,1.87
2023-05-30 18:00:00+08:00,58.62,67.81,47.18,24.09,1.46
2023-05-30 19:00:00+08:00,0.0,0.0,0.0,21.7,1.8
2023-05-30 20:00:00+08:00,0.0,0.0,0.0,20.22,2.22
2023-05-30 21:00:00+08:00,0.0,0.0,0.0,19.11,2.36
2023-05-30 22:00:00+08:00,0.0,0.0,0.0,18.23,2.25
2023-05-30 23:00:00+08:00,0.0,0.0,0.0,17.53,2.07
2023-05-31 00:00:00+08:00,0.0,0.0,0.0,17.26,1.83
2023-05-31 01:00:00+08:00,0.0,0.0,0.0,17.45,1.45
2023-05-31 02:00:00+08:00,0.0,0.0,0.0,17.83,0.9
2023-05-31 03:00:00+08:00,0.0,0.0,0.0,18.06,0.48
2023-05-31 04:00:00+08:00,0.0,0.0,0.0,17.78,0.78
2023-05-31 05:00:00+08:00,43.62,66.03,35.54,17.55,1.02
2023-05-31 06:00:00+08:00,195.73,292.34,108.89,19.04,1.73
2023-05-31 07:00:00+08:00,375.42,427.13,163.67,21.6,1.7
2023-05-31 08:00:00+08:00,553.8,534.4,202.75,24.35,1.1
2023-05-31 09:00:00+08:00,684.38,424.61,331.03,26.36,0.76
2023-05-31 10:00:00+08:00,778.12,429.82,354.52,28.15,0.7
2023-05-31 11:00:00+08:00,849.33,397.52,396.39,29.27,0.5
2023-05-31 12:00:00+08:00,875.45,553.83,304.79,29.77,1.24
2023-05-31 13:00:00+08:00,810.25,558.92,262.57,29.17,2.9
2023-05-31 14:00:00+08:00,492.12,102.93,379.19,27.97,4.17
2023-05-31 15:00:00+08:00,292.73,3.78,244.1,27.13,4.83
2023-05-31 16:00:00+08:00,250.73,2.8,216.73,26.26,4.18
2023-05-31 17:00:00+08:00,124.75,2.06,106.35,24.87,2.96
2023-05-31 18:00:00+08:00,43.62,3.04,38.71,23.09,1.74
2023-05-31 19:00:00+08:00,0.0,0.0,0.0,21.86,1.34
2023-05-31 20:00:00+08:00,0.0,0.0,0.0,21.32,1.28
2023-05-31 21:00:00+08:00,0.0,0.0,0.0,20.47,1.28
2023-05-31 22:00:00+08:00,0.0,0.0,0.0,19.9,1.14
2023-05-31 23:00:00+08:00,0.0,0.0,0.0,19.24,1.27
2023-06-01 00:00:00+08:00,0.0,0.0,0.0,18.35,1.72
2023-06-01 01:00:00+08:00,0.0,0.0,0.0,17.5,2.19
2023-06-01 02:00:00+08:00,0.0,0.0,0.0,16.93,2.58
2023-06-01 03:00:00+08:00,0.0,0.0,0.0,16.66,2.93
2023-06-01 04:00:00+08:00,0.0,0.0,0.0,16.52,3.22
2023-06-01 05:00:00+08:00,28.7,11.31,25.07,17.12,3.74
2023-06-01 06:00:00+08:00,134.4,95.25,100.43,18.93,4.62
2023-06-01 07:00:00+08:00,255.05,210.46,153.35,21.59,4.66
2023-06-01 08:00:00+08:00,516.4,387.99,230.44,24.51,4.72
2023-06-01 09:00:00+08:00,687.38,488.44,257.09,26.95,4.7
2023-06-01 10:00:00+08:00,812.47,513.56,306.97,28.93,4.32
2023-06-01 11:00:00+08:00,875.67,526.35,323.28,30.35,4.01
2023-06-01 12:00:00+08:00,867.5,613.2,248.99,31.28,3.87
2023-06-01 13:00:00+08:00,866.65,625.43,240.71,31.79,3.9
2023-06-01 14:00:00+08:00,735.75,497.89,290.81,31.75,4.13
2023-06-01 15:00:00+08:00,600.85,493.96,222.31,31.29,4.34
2023-06-01 16:00:00+08:00,421.02,421.86,180.59,30.33,4.49
2023-06-01 17:00:00+08:00,231.1,282.71,122.06,28.87,3.82
2023-06-01 18:00:00+08:00,81.97,104.79,57.38,25.99,2.1
2023-06-01 19:00:00+08:00,0.0,0.0,0.0,24.11,1.8
2023-06-01 20:00:00+08:00,0.0,0.0,0.0,23.55,1.69
2023-06-01 21:00:00+08:00,0.0,0.0,0.0,22.78,2.14
2023-06-01 22:00:00+08:00,0.0,0.0,0.0,21.51,2.54
2023-06-01 23:00:00+08:00,0.0,0.0,0.0,20.5,2.67
2023-06-02 00:00:00+08:00,0.0,0.0,0.0,19.58,2.69
2023-06-02 01:00:00+08:00,0.0,0.0,0.0,18.69,2.8
2023-06-02 02:00:00+08:00,0.0,0.0,0.0,17.36,3.2
2023-06-02 03:00:00+08:00,0.0,0.0,0.0,16.77,3.92
2023-06-02 04:00:00+08:00,0.0,0.0,0.0,16.24,4.63
2023-06-02 05:00:00+08:00,41.38,27.65,40.76,16.09,5.04
2023-06-02 06:00:00+08:00,169.82,149.55,119.28,17.48,5.08
2023-06-02 07:00:00+08:00,295.55,149.31,218.38,20.43,5.17
2023-06-02 08:00:00+08:00,446.95,102.06,351.92,23.72,6.18
2023-06-02 09:00:00+08:00,622.88,252.46,385.71,25.3,6.23
2023-06-02 10:00:00+08:00,650.83,163.39,424.54,25.77,6.17
2023-06-02 11:00:00+08:00,723.33,113.09,513.44,25.8,6.05
2023-06-02 12:00:00+08:00,707.25,174.53,533.09,25.67,5.68
2023-06-02 13:00:00+08:00,629.0,81.57,465.43,25.79,5.14
2023-06-02 14:00:00+08:00,532.4,55.57,419.21,26.21,4.5
2023-06-02 15:00:00+08:00,439.1,86.15,321.57,27.05,3.92
2023-06-02 16:00:00+08:00,361.83,263.88,205.37,26.99,3.45
2023-06-02 17:00:00+08:00,205.35,186.15,139.72,25.54,2.79
2023-06-02 18:00:00+08:00,77.93,70.8,63.32,23.57,1.81
2023-06-02 19:00:00+08:00,0.0,0.0,0.0,20.9,1.99
2023-06-02 20:00:00+08:00,0.0,0.0,0.0,19.7,2.15
2023-06-02 21:00:00+08:00,0.0,0.0,0.0,18.68,2.35
2023-06-02 22:00:00+08:00,0.0,0.0,0.0,17.63,2.46
2023-06-02 23:00:00+08:00,0.0,0.0,0.0,16.78,2.48
2023-06-03 00:00:00+08:00,0.0,0.0,0.0,16.24,2.36
2023-06-03 01:00:00+08:00,0.0,0.0,0.0,15.94,2.2
2023-06-03 02:00:00+08:00,0.0,0.0,0.0,15.49,2.22
2023-06-03 03:00:00+08:00,0.0,0.0,0.0,14.91,2.35
2023-06-03 04:00:00+08:00,0.0,0.0,0.0,14.32,2.5
2023-06-03 05:00:00+08:00,47.88,87.26,34.76,14.73,2.51
2023-06-03 06:00:00+08:00,214.98,415.05,85.58,17.99,3.3
2023-06-03 07:00:00+08:00,396.23,504.61,140.44,20.52,2.96
2023-06-03 08:00:00+08:00,586.53,618.81,161.18,24.75,2.94
2023-06-03 09:00:00+08:00,728.97,597.27,238.84,27.38,3.26
2023-06-03 10:00:00+08:00,868.08,683.03,229.94,28.94,3.47
2023-06-03 11:00:00+08:00,913.05,606.4,303.72,30.17,3.59
2023-06-03 12:00:00+08:00,949.62,760.41,226.21,31.09,3.5
2023-06-03 13:00:00+08:00,849.28,662.46,331.4,31.27,3.39
2023-06-03 14:00:00+08:00,619.38,258.56,439.12,30.73,3.54
2023-06-03 15:00:00+08:00,396.4,29.5,326.88,29.66,3.47
2023-06-03 16:00:00+08:00,247.9,1.22,215.69,28.56,3.16
2023-06-03 17:00:00+08:00,138.75,0.0,118.5,26.82,2.42
2023-06-03 18:00:00+08:00,54.28,0.0,47.88,24.21,2.2
2023-06-03 19:00:00+08:00,0.0,0.0,0.0,22.33,2.51
2023-06-03 20:00:00+08:00,0.0,0.0,0.0,21.28,2.79
2023-06-03 21:00:00+08:00,0.0,0.0,0.0,20.58,3.02
2023-06-03 22:00:00+08:00,0.0,0.0,0.0,20.09,3.33
2023-06-03 23:00:00+08:00,0.0,0.0,0.0,19.55,3.76
2023-06-04 00:00:00+08:00,0.0,0.0,0.0,19.11,4.08
2023-06-04 01:00:00+08:00,0.0,0.0,0.0,18.76,4.23
2023-06-04 02:00:00+08:00,0.0,0.0,0.0,18.02,4.03
2023-06-04 03:00:00+08:00,0.0,0.0,0.0,17.55,3.73
2023-06-04 04:00:00+08:00,0.0,0.0,0.0,17.1,3.63
2023-06-04 05:00:00+08:00,36.8,8.81,34.81,17.43,3.86
2023-06-04 06:00:00+08:00,163.38,95.89,137.53,19.06,4.95
2023-06-04 07:00:00+08:00,313.38,170.27,229.82,21.04,4.96
2023-06-04 08:00:00+08:00,482.9,307.56,260.93,24.52,7.13
2023-06-04 09:00:00+08:00,666.83,391.54,307.6,26.54,7.94
2023-06-04 10:00:00+08:00,716.22,311.15,372.24,27.87,7.92
2023-06-04 11:00:00+08:00,690.95,128.83,457.45,28.89,7.53
2023-06-04 12:00:00+08:00,554.9,49.21,409.49,29.51,6.98
2023-06-04 13:00:00+08:00,660.05,208.34,418.95,29.54,6.21
2023-06-04 14:00:00+08:00,392.08,7.0,319.76,29.19,5.23
2023-06-04 15:00:00+08:00,230.3,0.0,192.49,27.86,4.32
2023-06-04 16:00:00+08:00,168.82,0.0,146.99,26.72,3.79
2023-06-04 17:00:00+08:00,60.47,0.0,51.51,25.85,3.14
2023-06-04 18:00:00+08:00,31.92,0.0,28.16,24.25,1.94
2023-06-04 19:00:00+08:00,0.0,0.0,0.0,21.93,2.28
2023-06-04 20:00:00+08:00,0.0,0.0,0.0,21.0,2.68
2023-06-04 21:00:00+08:00,0.0,0.0,0.0,20.42,3.5
2023-06-04 22:00:00+08:00,0.0,0.0,0.0,19.33,4.28
2023-06-04 23:00:00+08:00,0.0,0.0,0.0,18.34,4.71
2023-06-05 00:00:00+08:00,0.0,0.0,0.0,17.78,4.59
2023-06-05 01:00:00+08:00,0.0,0.0,0.0,17.16,4.0
2023-06-05 02:00:00+08:00,0.0,0.0,0.0,16.97,3.57
2023-06-05 03:00:00+08:00,0.0,0.0,0.0,16.42,3.01
2023-06-05 04:00:00+08:00,0.0,0.0,0.0,15.52,2.91
2023-06-05 05:00:00+08:00,35.75,25.16,32.71,16.04,3.09
2023-06-05 06:00:00+08:00,165.8,149.71,119.19,18.53,4.24
2023-06-05 07:00:00+08:00,314.7,259.78,192.35,21.19,4.52
2023-06-05 08:00:00+08:00,483.02,314.96,249.62,23.47,4.61
2023-06-05 09:00:00+08:00,693.35,508.5,270.08,25.12,4.79
2023-06-05 10:00:00+08:00,740.45,356.12,398.93,26.72,4.75
2023-06-05 11:00:00+08:00,854.47,522.48,346.85,28.13,4.85
2023-06-05 12:00:00+08:00,950.6,779.42,199.44,29.49,4.71
2023-06-05 13:00:00+08:00,882.92,726.42,237.45,29.71,4.45
2023-06-05 14:00:00+08:00,672.83,376.32,371.53,29.52,4.69
2023-06-05 15:00:00+08:00,451.38,69.62,366.77,29.48,5.06
2023-06-05 16:00:00+08:00,328.88,86.92,275.44,28.41,4.82
2023-06-05 17:00:00+08:00,187.6,41.52,157.78,27.03,4.12
2023-06-05 18:00:00+08:00,67.65,23.48,58.44,24.72,3.02
2023-06-05 19:00:00+08:00,3.0,0.0,4.39,22.58,3.77
2023-06-05 20:00:00+08:00,0.0,0.0,0.0,21.94,5.49
2023-06-05 21:00:00+08:00,0.0,0.0,0.0,20.66,6.31
2023-06-05 22:00:00+08:00,0.0,0.0,0.0,19.19,6.2
2023-06-05 23:00:00+08:00,0.0,0.0,0.0,18.33,5.96
2023-06-06 00:00:00+08:00,0.0,0.0,0.0,17.86,5.84
2023-06-06 01:00:00+08:00,0.0,0.0,0.0,17.51,5.78
2023-06-06 02:00:00+08:00,0.0,0.0,0.0,17.18,5.59
2023-06-06 03:00:00+08:00,0.0,0.0,0.0,16.83,5.27
2023-06-06 04:00:00+08:00,0.0,0.0,0.0,16.31,4.6
2023-06-06 05:00:00+08:00,44.67,82.66,32.2,16.33,4.66
2023-06-06 06:00:00+08:00,200.27,356.12,86.68,17.96,4.57
2023-06-06 07:00:00+08:00,386.67,506.46,131.89,21.0,4.05
2023-06-06 08:00:00+08:00,582.75,646.63,143.48,24.16,3.33
2023-06-06 09:00:00+08:00,752.15,729.55,153.53,27.42,1.96
2023-06-06 10:00:00+08:00,872.62,743.41,175.97,30.76,2.92
2023-06-06 11:00:00+08:00,947.15,796.89,174.61,32.49,3.16
2023-06-06 12:00:00+08:00,933.05,771.64,184.96,33.63,3.02
2023-06-06 13:00:00+08:00,885.17,738.88,183.44,34.29,3.01
2023-06-06 14:00:00+08:00,761.42,637.92,222.21,34.44,2.96
2023-06-06 15:00:00+08:00,625.42,598.88,186.45,34.11,2.82
2023-06-06 16:00:00+08:00,394.2,311.68,221.79,33.36,2.78
2023-06-06 17:00:00+08:00,215.9,136.32,165.88,32.1,2.61
2023-06-06 18:00:00+08:00,76.78,46.94,67.75,29.11,1.75
2023-06-06 19:00:00+08:00,3.22,0.0,4.74,27.55,1.36
2023-06-06 20:00:00+08:00,0.0,0.0,0.0,27.55,0.81
2023-06-06 21:00:00+08:00,0.0,0.0,0.0,25.79,1.7
2023-06-06 22:00:00+08:00,0.0,0.0,0.0,23.69,2.7
2023-06-06 23:00:00+08:00,0.0,0.0,0.0,22.89,3.15
2023-06-07 00:00:00+08:00,0.0,0.0,0.0,22.62,3.65
2023-06-07 01:00:00+08:00,0.0,0.0,0.0,22.35,4.49
2023-06-07 02:00:00+08:00,0.0,0.0,0.0,21.89,5.01
2023-06-07 03:00:00+08:00,0.0,0.0,0.0,21.54,5.28
2023-06-07 04:00:00+08:00,0.0,0.0,0.0,20.95,5.33
2023-06-07 05:00:00+08:00,34.78,0.0,31.41,21.36,5.93
2023-06-07 06:00:00+08:00,124.82,9.49,109.29,22.37,6.33
2023-06-07 07:00:00+08:00,253.07,14.18,214.94,24.47,6.71
2023-06-07 08:00:00+08:00,390.8,43.09,323.42,26.51,7.04
2023-06-07 09:00:00+08:00,488.15,28.91,394.5,28.07,7.03
2023-06-07 10:00:00+08:00,528.0,30.17,419.3,29.81,6.82
2023-06-07 11:00:00+08:00,661.3,83.07,507.54,31.78,6.99
2023-06-07 12:00:00+08:00,709.22,217.62,489.18,33.14,7.26
2023-06-07 13:00:00+08:00,670.92,218.69,369.78,33.77,7.27
2023-06-07 14:00:00+08:00,651.85,321.32,353.31,34.15,7.4
2023-06-07 15:00:00+08:00,555.15,414.11,247.87,34.41,7.71
2023-06-07 16:00:00+08:00,346.98,171.5,251.91,33.77,7.99
2023-06-07 17:00:00+08:00,175.93,68.86,146.77,31.89,7.32
2023-06-07 18:00:00+08:00,60.35,19.56,53.15,29.43,6.79
2023-06-07 19:00:00+08:00,2.3,0.0,3.17,27.15,6.82
2023-06-07 20:00:00+08:00,0.0,0.0,0.0,25.74,6.92
2023-06-07 21:00:00+08:00,0.0,0.0,0.0,24.58,6.55
2023-06-07 22:00:00+08:00,0.0,0.0,0.0,23.39,5.86
2023-06-07 23:00:00+08:00,0.0,0.0,0.0,22.27,5.3
2023-06-08 00:00:00+08:00,0.0,0.0,0.0,21.24,4.28
2023-06-08 01:00:00+08:00,0.0,0.0,0.0,20.4,3.09
2023-06-08 02:00:00+08:00,0.0,0.0,0.0,19.46,2.13
2023-06-08 03:00:00+08:00,0.0,0.0,0.0,18.72,1.78
2023-06-08 04:00:00+08:00,0.0,0.0,0.0,18.37,1.73
2023-06-08 05:00:00+08:00,52.12,145.7,31.64,18.92,2.12
2023-06-08 06:00:00+08:00,223.43,496.43,70.89,21.07,3.59
2023-06-08 07:00:00+08:00,419.77,643.07,102.4,23.65,4.14
2023-06-08 08:00:00+08:00,616.03,765.21,108.31,27.19,5.23
2023-06-08 09:00:00+08:00,782.9,828.95,115.25,29.82,6.45
2023-06-08 10:00:00+08:00,907.47,878.97,111.14,31.44,7.03
2023-06-08 11:00:00+08:00,978.47,937.71,99.22,32.58,6.75
2023-06-08 12:00:00+08:00,976.25,891.68,119.77,33.38,6.24
2023-06-08 13:00:00+08:00,926.95,841.79,138.03,33.8,5.63
2023-06-08 14:00:00+08:00,821.03,810.38,134.2,33.86,4.8
2023-06-08 15:00:00+08:00,666.45,751.04,126.87,33.57,3.9
2023-06-08 16:00:00+08:00,478.05,657.75,118.09,32.88,3.06
2023-06-08 17:00:00+08:00,275.62,507.83,92.19,31.74,2.14
2023-06-08 18:00:00+08:00,95.05,245.12,52.87,28.81,1.58
2023-06-08 19:00:00+08:00,3.78,2.68,5.61,24.72,2.88
2023-06-08 20:00:00+08:00,0.0,0.0,0.0,22.97,3.74
2023-06-08 21:00:00+08:00,0.0,0.0,0.0,22.44,4.22
2023-06-08 22:00:00+08:00,0.0,0.0,0.0,22.2,4.77
2023-06-08 23:00:00+08:00,0.0,0.0,0.0,22.02,5.51
2023-06-09 00:00:00+08:00,0.0,0.0,0.0,21.74,6.47
2023-06-09 01:00:00+08:00,0.0,0.0,0.0,21.2,7.36
2023-06-09 02:00:00+08:00,0.0,0.0,0.0,20.12,7.4
2023-06-09 03:00:00+08:00,0.0,0.0,0.0,19.04,6.64
2023-06-09 04:00:00+08:00,0.0,0.0,0.0,18.02,5.41
2023-06-09 05:00:00+08:00,50.08,113.32,34.39,17.73,4.26
2023-06-09 06:00:00+08:00,216.55,454.47,77.24,19.51,3.66
2023-06-09 07:00:00+08:00,410.8,613.0,110.84,22.53,2.23
2023-06-09 08:00:00+08:00,605.03,725.44,122.06,26.51,1.5
2023-06-09 09:00:00+08:00,775.0,796.98,129.09,31.1,3.14
2023-06-09 10:00:00+08:00,898.12,843.15,133.04,33.8,3.87
2023-06-09 11:00:00+08:00,967.17,874.14,130.0,35.23,4.07
2023-06-09 12:00:00+08:00,957.72,828.56,151.65,36.0,4.2
2023-06-09 13:00:00+08:00,905.05,789.46,163.79,36.28,4.23
2023-06-09 14:00:00+08:00,799.45,753.53,157.96,36.2,4.25
2023-06-09 15:00:00+08:00,647.35,686.0,152.03,35.79,4.11
2023-06-09 16:00:00+08:00,463.23,603.22,129.82,34.98,3.68
2023-06-09 17:00:00+08:00,265.52,458.12,97.87,33.75,2.49
2023-06-09 18:00:00+08:00,92.25,219.38,53.96,31.44,1.01
2023-06-09 19:00:00+08:00,3.85,2.28,5.61,29.03,1.34
2023-06-09 20:00:00+08:00,0.0,0.0,0.0,26.36,2.4
2023-06-09 21:00:00+08:00,0.0,0.0,0.0,24.37,3.1
2023-06-09 22:00:00+08:00,0.0,0.0,0.0,23.18,3.48
2023-06-09 23:00:00+08:00,0.0,0.0,0.0,22.19,3.62
2023-06-10 00:00:00+08:00,0.0,0.0,0.0,21.24,3.61
2023-06-10 01:00:00+08:00,0.0,0.0,0.0,20.26,3.68
2023-06-10 02:00:00+08:00,0.0,0.0,0.0,19.41,4.03
2023-06-10 03:00:00+08:00,0.0,0.0,0.0,19.3,4.88
2023-06-10 04:00:00+08:00,0.0,0.0,0.0,19.37,5.77
2023-06-10 05:00:00+08:00,35.62,10.83,33.62,19.62,6.16
2023-06-10 06:00:00+08:00,162.88,136.32,125.13,21.23,6.39
2023-06-10 07:00:00+08:00,325.83,277.05,198.87,24.1,5.89
2023-06-10 08:00:00+08:00,520.97,439.01,216.57,27.85,5.77
2023-06-10 09:00:00+08:00,713.2,624.18,211.81,29.91,5.49
2023-06-10 10:00:00+08:00,873.25,737.51,192.3,31.22,5.51
2023-06-10 11:00:00+08:00,953.1,816.8,167.79,32.19,5.51
2023-06-10 12:00:00+08:00,939.3,774.89,184.39,32.83,5.29
2023-06-10 13:00:00+08:00,822.28,674.88,204.56,33.12,5.19
2023-06-10 14:00:00+08:00,761.15,611.4,232.79,33.03,5.25
2023-06-10 15:00:00+08:00,616.28,570.35,200.78,32.58,5.28
2023-06-10 16:00:00+08:00,442.5,533.8,150.25,31.78,5.03
2023-06-10 17:00:00+08:00,244.95,383.44,103.34,30.53,4.25
2023-06-10 18:00:00+08:00,85.68,183.19,51.18,27.53,2.37
2023-06-10 19:00:00+08:00,3.78,3.57,5.56,23.79,2.62
2023-06-10 20:00:00+08:00,0.0,0.0,0.0,22.28,2.91
2023-06-10 21:00:00+08:00,0.0,0.0,0.0,21.2,3.37
2023-06-10 22:00:00+08:00,0.0,0.0,0.0,20.49,3.93
2023-06-10 23:00:00+08:00,0.0,0.0,0.0,19.75,4.39
2023-06-11 00:00:00+08:00,0.0,0.0,0.0,18.85,4.28
2023-06-11 01:00:00+08:00,0.0,0.0,0.0,17.89,3.63
2023-06-11 02:00:00+08:00,0.0,0.0,0.0,17.09,3.07
2023-06-11 03:00:00+08:00,0.0,0.0,0.0,16.43,2.69
2023-06-11 04:00:00+08:00,0.0,0.0,0.0,15.88,2.5
2023-06-11 05:00:00+08:00,48.1,104.86,33.07,16.66,2.27
2023-06-11 06:00:00+08:00,204.6,371.07,87.57,18.98,2.88
2023-06-11 07:00:00+08:00,394.8,550.74,120.93,22.19,2.1
2023-06-11 08:00:00+08:00,584.7,646.65,144.55,27.09,1.36
2023-06-11 09:00:00+08:00,742.65,686.6,183.31,29.82,1.54
2023-06-11 10:00:00+08:00,866.1,745.49,175.41,31.66,2.14
2023-06-11 11:00:00+08:00,897.58,671.09,232.19,32.94,2.29
2023-06-11 12:00:00+08:00,846.45,483.66,329.84,33.78,2.18
2023-06-11 13:00:00+08:00,712.9,423.57,283.66,34.21,2.11
2023-06-11 14:00:00+08:00,528.28,156.55,333.37,34.17,2.01
2023-06-11 15:00:00+08:00,310.33,39.72,231.42,33.63,1.86
2023-06-11 16:00:00+08:00,92.82,10.03,76.81,32.72,1.55
2023-06-11 17:00:00+08:00,41.38,2.56,34.96,31.39,0.9
2023-06-11 18:00:00+08:00,15.27,0.78,13.47,29.12,1.07
2023-06-11 19:00:00+08:00,0.82,0.0,0.94,25.27,2.75
2023-06-11 20:00:00+08:00,0.0,0.0,0.0,24.65,2.15
2023-06-11 21:00:00+08:00,0.0,0.0,0.0,24.5,0.85
2023-06-11 22:00:00+08:00,0.0,0.0,0.0,22.62,1.65
2023-06-11 23:00:00+08:00,0.0,0.0,0.0,21.5,1.94
2023-06-12 00:00:00+08:00,0.0,0.0,0.0,20.32,1.61
2023-06-12 01:00:00+08:00,0.0,0.0,0.0,19.53,1.36
2023-06-12 02:00:00+08:00,0.0,0.0,0.0,19.37,1.14
2023-06-12 03:00:00+08:00,0.0,0.0,0.0,19.15,1.13
2023-06-12 04:00:00+08:00,0.0,0.0,0.0,18.84,1.12
2023-06-12 05:00:00+08:00,22.92,3.27,22.35,18.94,1.06
2023-06-12 06:00:00+08:00,98.62,22.53,82.54,20.33,2.03
2023-06-12 07:00:00+08:00,200.93,44.87,160.56,21.98,2.98
2023-06-12 08:00:00+08:00,246.3,58.6,171.09,22.82,3.42
2023-06-12 09:00:00+08:00,439.95,184.97,250.13,23.55,3.74
2023-06-12 10:00:00+08:00,550.45,246.62,284.5,24.51,3.49
2023-06-12 11:00:00+08:00,674.6,360.24,294.49,25.91,3.07
2023-06-12 12:00:00+08:00,798.33,599.72,228.17,27.24,2.47
2023-06-12 13:00:00+08:00,800.75,557.89,272.86,28.14,2.1
2023-06-12 14:00:00+08:00,743.85,563.13,248.9,28.94,2.27
2023-06-12 15:00:00+08:00,598.67,503.94,216.57,28.87,2.58
2023-06-12 16:00:00+08:00,416.73,435.78,169.28,28.52,2.73
2023-06-12 17:00:00+08:00,227.1,297.17,114.0,27.58,2.69
2023-06-12 18:00:00+08:00,78.57,122.46,54.11,25.75,1.76
2023-06-12 19:00:00+08:00,3.83,1.38,5.88,23.32,1.59
2023-06-12 20:00:00+08:00,0.0,0.0,0.0,22.41,1.55
2023-06-12 21:00:00+08:00,0.0,0.0,0.0,21.37,1.75
2023-06-12 22:00:00+08:00,0.0,0.0,0.0,20.33,2.08
2023-06-12 23:00:00+08:00,0.0,0.0,0.0,19.58,2.32
2023-06-13 00:00:00+08:00,0.0,0.0,0.0,19.08,2.39
2023-06-13 01:00:00+08:00,0.0,0.0,0.0,18.71,2.32
2023-06-13 02:00:00+08:00,0.0,0.0,0.0,18.46,2.2
2023-06-13 03:00:00+08:00,0.0,0.0,0.0,18.29,2.04
2023-06-13 04:00:00+08:00,0.0,0.0,0.0,18.08,1.92
2023-06-13 05:00:00+08:00,41.53,53.67,35.65,18.5,1.63
2023-06-13 06:00:00+08:00,173.18,257.09,94.64,20.75,1.66
2023-06-13 07:00:00+08:00,323.67,351.91,151.75,23.63,1.95
2023-06-13 08:00:00+08:00,499.35,441.5,206.96,26.9,3.44
2023-06-13 09:00:00+08:00,615.12,467.5,238.56,28.53,3.93
2023-06-13 10:00:00+08:00,692.2,398.92,294.85,29.65,4.2
2023-06-13 11:00:00+08:00,816.35,561.03,269.53,30.42,4.41
2023-06-13 12:00:00+08:00,845.83,598.57,247.69,31.07,4.57
2023-06-13 13:00:00+08:00,813.17,536.92,284.21,31.66,4.62
2023-06-13 14:00:00+08:00,608.62,429.6,237.43,31.86,4.65
2023-06-13 15:00:00+08:00,496.62,242.61,287.42,31.6,4.73
2023-06-13 16:00:00+08:00,366.55,194.08,240.61,30.84,4.85
2023-06-13 17:00:00+08:00,211.43,163.68,150.06,29.58,4.73
2023-06-13 18:00:00+08:00,79.2,107.1,58.75,27.11,3.25
2023-06-13 19:00:00+08:00,4.25,1.79,6.5,23.6,3.02
2023-06-13 20:00:00+08:00,0.0,0.0,0.0,22.41,3.4
2023-06-13 21:00:00+08:00,0.0,0.0,0.0,21.61,3.63
2023-06-13 22:00:00+08:00,0.0,0.0,0.0,20.85,3.58
2023-06-13 23:00:00+08:00,0.0,0.0,0.0,20.1,3.29
2023-06-14 00:00:00+08:00,0.0,0.0,0.0,19.36,3.01
2023-06-14 01:00:00+08:00,0.0,0.0,0.0,19.04,2.78
2023-06-14 02:00:00+08:00,0.0,0.0,0.0,19.58,2.3
2023-06-14 03:00:00+08:00,0.0,0.0,0.0,19.7,2.01
2023-06-14 04:00:00+08:00,0.0,0.0,0.0,19.61,2.08
2023-06-14 05:00:00+08:00,48.3,110.7,32.47,19.92,2.34
2023-06-14 06:00:00+08:00,206.3,385.83,84.14,22.05,3.44
2023-06-14 07:00:00+08:00,394.3,532.7,127.4,24.84,2.62
2023-06-14 08:00:00+08:00,585.2,651.77,145.18,28.65,1.22
2023-06-14 09:00:00+08:00,750.45,725.01,157.49,30.79,0.63
2023-06-14 10:00:00+08:00,873.03,775.96,152.95,32.43,0.81
2023-06-14 11:00:00+08:00,940.1,801.84,159.33,33.68,1.32
2023-06-14 12:00:00+08:00,920.62,724.62,206.42,34.58,1.7
2023-06-14 13:00:00+08:00,867.5,641.43,242.14,35.15,1.79
2023-06-14 14:00:00+08:00,764.83,625.22,219.34,35.31,1.87
2023-06-14 15:00:00+08:00,619.83,588.03,184.5,35.13,1.93
2023-06-14 16:00:00+08:00,444.73,521.27,145.63,34.57,1.81
2023-06-14 17:00:00+08:00,254.4,394.79,105.85,33.57,1.17
2023-06-14 18:00:00+08:00,92.15,206.44,54.53,31.78,0.08
2023-06-14 19:00:00+08:00,4.35,1.89,6.28,28.96,1.44
2023-06-14 20:00:00+08:00,0.0,0.0,0.0,26.12,2.5
2023-06-14 21:00:00+08:00,0.0,0.0,0.0,24.39,3.01
2023-06-14 22:00:00+08:00,0.0,0.0,0.0,23.29,3.31
2023-06-14 23:00:00+08:00,0.0,0.0,0.0,22.44,3.44
2023-06-15 00:00:00+08:00,0.0,0.0,0.0,21.7,3.55
2023-06-15 01:00:00+08:00,0.0,0.0,0.0,21.09,3.81
2023-06-15 02:00:00+08:00,0.0,0.0,0.0,20.51,4.19
2023-06-15 03:00:00+08:00,0.0,0.0,0.0,19.92,4.38
2023-06-15 04:00:00+08:00,0.0,0.0,0.0,19.32,4.18
2023-06-15 05:00:00+08:00,44.0,76.87,32.04,19.75,4.52
2023-06-15 06:00:00+08:00,191.3,318.21,88.31,21.83,4.95
2023-06-15 07:00:00+08:00,367.95,449.88,139.51,25.15,4.47
2023-06-15 08:00:00+08:00,552.1,564.59,161.47,28.93,4.34
2023-06-15 09:00:00+08:00,715.62,637.72,182.05,32.98,3.53
2023-06-15 10:00:00+08:00,837.9,690.83,182.63,35.69,2.8
2023-06-15 11:00:00+08:00,907.05,737.11,171.7,36.98,2.58
2023-06-15 12:00:00+08:00,912.5,728.49,176.76,37.86,2.33
2023-06-15 13:00:00+08:00,864.0,687.34,196.25,38.43,2.17
2023-06-15 14:00:00+08:00,760.4,656.5,183.01,38.6,2.21
2023-06-15 15:00:00+08:00,610.42,589.58,174.75,38.43,2.37
2023-06-15 16:00:00+08:00,430.4,493.99,149.15,37.78,2.47
2023-06-15 17:00:00+08:00,242.85,344.64,109.89,36.59,2.39
2023-06-15 18:00:00+08:00,89.18,189.8,54.4,33.14,2.0
2023-06-15 19:00:00+08:00,4.4,1.63,6.45,29.36,2.8
2023-06-15 20:00:00+08:00,0.0,0.0,0.0,27.75,3.23
2023-06-15 21:00:00+08:00,0.0,0.0,0.0,26.85,3.46
2023-06-15 22:00:00+08:00,0.0,0.0,0.0,26.12,3.78
2023-06-15 23:00:00+08:00,0.0,0.0,0.0,25.37,3.85
2023-06-16 00:00:00+08:00,0.0,0.0,0.0,24.66,3.73
2023-06-16 01:00:00+08:00,0.0,0.0,0.0,23.94,3.51
2023-06-16 02:00:00+08:00,0.0,0.0,0.0,23.27,3.21
2023-06-16 03:00:00+08:00,0.0,0.0,0.0,22.67,2.9
2023-06-16 04:00:00+08:00,0.0,0.0,0.0,22.15,2.64
2023-06-16 05:00:00+08:00,36.88,11.69,35.44,22.72,2.29
2023-06-16 06:00:00+08:00,153.88,53.75,128.4,24.8,2.82
2023-06-16 07:00:00+08:00,288.17,85.4,223.92,26.95,2.49
2023-06-16 08:00:00+08:00,407.12,135.15,312.72,31.22,3.03
2023-06-16 09:00:00+08:00,498.2,93.39,372.7,33.32,3.2
2023-06-16 10:00:00+08:00,596.62,141.0,453.1,34.56,3.11
2023-06-16 11:00:00+08:00,639.45,107.75,460.73,35.56,3.28
2023-06-16 12:00:00+08:00,515.78,70.09,375.17,35.98,3.54
2023-06-16 13:00:00+08:00,457.83,28.76,367.86,35.41,3.97
2023-06-16 14:00:00+08:00,401.17,58.72,277.98,34.36,4.29
2023-06-16 15:00:00+08:00,368.35,65.7,286.76,33.59,4.34
2023-06-16 16:00:00+08:00,248.05,19.85,212.22,32.98,4.05
2023-06-16 17:00:00+08:00,138.82,6.21,121.92,31.55,3.13
2023-06-16 18:00:00+08:00,51.25,1.79,46.05,29.51,2.16
2023-06-16 19:00:00+08:00,3.6,0.0,4.98,27.81,1.82
2023-06-16 20:00:00+08:00,0.0,0.0,0.0,26.92,1.57
2023-06-16 21:00:00+08:00,0.0,0.0,0.0,26.21,1.72
2023-06-16 22:00:00+08:00,0.0,0.0,0.0,25.74,2.09
2023-06-16 23:00:00+08:00,0.0,0.0,0.0,25.36,2.47
2023-06-17 00:00:00+08:00,0.0,0.0,0.0,25.17,3.46
2023-06-17 01:00:00+08:00,0.0,0.0,0.0,24.67,4.24
2023-06-17 02:00:00+08:00,0.0,0.0,0.0,23.86,3.78
2023-06-17 03:00:00+08:00,0.0,0.0,0.0,23.19,3.11
2023-06-17 04:00:00+08:00,0.0,0.0,0.0,22.71,2.85
2023-06-17 05:00:00+08:00,21.27,0.0,19.21,22.86,3.05
2023-06-17 06:00:00+08:00,85.25,0.0,74.21,24.37,3.43
2023-06-17 07:00:00+08:00,159.27,0.26,136.68,25.62,3.23
2023-06-17 08:00:00+08:00,217.62,0.42,183.66,26.22,2.2
2023-06-17 09:00:00+08:00,266.5,14.47,215.61,27.16,1.25
2023-06-17 10:00:00+08:00,443.95,3.43,356.8,28.55,1.35
2023-06-17 11:00:00+08:00,537.85,101.8,366.98,29.8,2.03
2023-06-17 12:00:00+08:00,387.88,0.33,309.73,29.96,2.85
2023-06-17 13:00:00+08:00,425.9,13.68,344.88,30.19,3.14
2023-06-17 14:00:00+08:00,441.83,29.63,357.7,30.25,3.2
2023-06-17 15:00:00+08:00,375.98,28.02,308.95,30.16,3.15
2023-06-17 16:00:00+08:00,303.83,52.44,247.52,30.51,3.33
2023-06-17 17:00:00+08:00,163.02,89.16,125.04,29.17,3.42
2023-06-17 18:00:00+08:00,61.92,42.41,53.99,27.77,3.5
2023-06-17 19:00:00+08:00,3.95,0.6,5.97,25.24,3.54
2023-06-17 20:00:00+08:00,0.0,0.0,0.0,24.0,4.84
2023-06-17 21:00:00+08:00,0.0,0.0,0.0,22.78,5.26
2023-06-17 22:00:00+08:00,0.0,0.0,0.0,21.67,5.06
2023-06-17 23:00:00+08:00,0.0,0.0,0.0,20.73,4.64
2023-06-18 00:00:00+08:00,0.0,0.0,0.0,19.91,4.16
2023-06-18 01:00:00+08:00,0.0,0.0,0.0,19.15,3.67
2023-06-18 02:00:00+08:00,0.0,0.0,0.0,18.54,3.16
2023-06-18 03:00:00+08:00,0.0,0.0,0.0,18.19,2.85
2023-06-18 04:00:00+08:00,0.0,0.0,0.0,17.99,2.66
2023-06-18 05:00:00+08:00,37.42,28.3,34.0,18.4,3.23
2023-06-18 06:00:00+08:00,165.4,170.0,109.32,20.06,4.09
2023-06-18 07:00:00+08:00,314.3,307.13,163.43,22.54,3.77
2023-06-18 08:00:00+08:00,485.85,410.63,200.19,25.25,2.86
2023-06-18 09:00:00+08:00,604.75,424.12,234.8,27.71,3.05
2023-06-18 10:00:00+08:00,697.8,433.66,304.85,29.96,3.56
2023-06-18 11:00:00+08:00,697.17,374.77,310.09,31.64,4.04
2023-06-18 12:00:00+08:00,680.88,436.53,300.84,31.89,4.46
2023-06-18 13:00:00+08:00,822.0,515.93,312.29,31.65,4.89
2023-06-18 14:00:00+08:00,703.28,508.79,329.3,30.88,5.18
2023-06-18 15:00:00+08:00,564.9,522.53,335.1,29.97,4.96
2023-06-18 16:00:00+08:00,401.55,479.51,283.39,28.98,4.35
2023-06-18 17:00:00+08:00,238.62,188.4,184.33,28.05,3.78
2023-06-18 18:00:00+08:00,90.97,104.16,76.15,27.0,3.8
2023-06-18 19:00:00+08:00,5.57,0.0,6.38,25.01,2.92
2023-06-18 20:00:00+08:00,0.0,0.0,0.0,23.89,2.79
2023-06-18 21:00:00+08:00,0.0,0.0,0.0,22.96,2.4
2023-06-18 22:00:00+08:00,0.0,0.0,0.0,22.16,2.2
2023-06-18 23:00:00+08:00,0.0,0.0,0.0,21.82,2.04
2023-06-19 00:00:00+08:00,0.0,0.0,0.0,21.55,2.1
2023-06-19 01:00:00+08:00,0.0,0.0,0.0,21.08,2.0
2023-06-19 02:00:00+08:00,0.0,0.0,0.0,20.63,1.39
2023-06-19 03:00:00+08:00,0.0,0.0,0.0,20.37,0.55
2023-06-19 04:00:00+08:00,0.0,0.0,0.0,19.98,0.58
2023-06-19 05:00:00+08:00,14.1,0.99,12.71,20.1,1.35
2023-06-19 06:00:00+08:00,59.03,3.2,51.14,20.42,2.84
2023-06-19 07:00:00+08:00,112.47,18.31,93.7,21.09,4.11
2023-06-19 08:00:00+08:00,209.38,6.88,175.72,22.04,4.86
2023-06-19 09:00:00+08:00,207.18,15.86,166.79,22.97,5.06
2023-06-19 10:00:00+08:00,260.7,36.06,195.88,24.37,5.19
2023-06-19 11:00:00+08:00,295.35,29.59,230.5,25.94,5.21
2023-06-19 12:00:00+08:00,283.45,15.68,223.51,27.18,5.06
2023-06-19 13:00:00+08:00,312.23,13.96,252.02,28.42,4.55
2023-06-19 14:00:00+08:00,273.27,14.68,221.9,28.78,4.02
2023-06-19 15:00:00+08:00,222.38,13.65,183.19,28.56,3.75
2023-06-19 16:00:00+08:00,156.48,19.55,134.18,27.94,3.5
2023-06-19 17:00:00+08:00,92.72,41.54,75.21,26.87,2.96
2023-06-19 18:00:00+08:00,37.75,18.37,32.42,25.5,2.0
2023-06-19 19:00:00+08:00,3.35,0.0,4.61,23.82,1.5
2023-06-19 20:00:00+08:00,0.0,0.0,0.0,22.84,1.42
2023-06-19 21:00:00+08:00,0.0,0.0,0.0,22.1,1.4
2023-06-19 22:00:00+08:00,0.0,0.0,0.0,21.35,1.29
2023-06-19 23:00:00+08:00,0.0,0.0,0.0,20.35,1.41
2023-06-20 00:00:00+08:00,0.0,0.0,0.0,20.0,1.42
2023-06-20 01:00:00+08:00,0.0,0.0,0.0,19.43,1.54
2023-06-20 02:00:00+08:00,0.0,0.0,0.0,19.01,1.69
2023-06-20 03:00:00+08:00,0.0,0.0,0.0,18.8,1.76
2023-06-20 04:00:00+08:00,0.0,0.0,0.0,18.64,1.75
2023-06-20 05:00:00+08:00,31.48,18.49,30.69,19.26,1.68
2023-06-20 06:00:00+08:00,134.43,110.27,102.2,20.81,2.14
2023-06-20 07:00:00+08:00,250.1,229.54,151.28,23.78,2.45
2023-06-20 08:00:00+08:00,410.98,238.07,227.73,26.32,3.15
2023-06-20 09:00:00+08:00,609.45,359.47,303.59,28.04,3.28
2023-06-20 10:00:00+08:00,812.83,510.94,303.72,29.75,3.24
2023-06-20 11:00:00+08:00,922.4,683.15,244.67,31.24,3.13
2023-06-20 12:00:00+08:00,914.55,665.42,248.33,32.43,3.04
2023-06-20 13:00:00+08:00,838.22,603.92,264.18,33.21,3.14
2023-06-20 14:00:00+08:00,725.38,522.82,261.87,33.6,3.32
2023-06-20 15:00:00+08:00,581.67,437.99,254.12,33.51,3.53
2023-06-20 16:00:00+08:00,384.38,362.68,176.52,32.96,3.75
2023-06-20 17:00:00+08:00,218.18,228.89,136.9,31.96,3.76
2023-06-20 18:00:00+08:00,79.43,82.52,63.67,29.88,2.35
2023-06-20 19:00:00+08:00,4.95,0.68,7.88,27.18,1.96
2023-06-20 20:00:00+08:00,0.0,0.0,0.0,27.28,1.36
2023-06-20 21:00:00+08:00,0.0,0.0,0.0,27.51,0.59
2023-06-20 22:00:00+08:00,0.0,0.0,0.0,26.99,0.79
2023-06-20 23:00:00+08:00,0.0,0.0,0.0,25.79,1.36
2023-06-21 00:00:00+08:00,0.0,0.0,0.0,24.6,1.93
2023-06-21 01:00:00+08:00,0.0,0.0,0.0,23.43,2.33
2023-06-21 02:00:00+08:00,0.0,0.0,0.0,22.51,2.49
2023-06-21 03:00:00+08:00,0.0,0.0,0.0,21.57,2.44
2023-06-21 04:00:00+08:00,0.0,0.0,0.0,20.98,2.12
2023-06-21 05:00:00+08:00,42.6,21.17,39.42,21.27,1.65
2023-06-21 06:00:00+08:00,189.2,217.05,130.92,23.51,1.78
2023-06-21 07:00:00+08:00,356.55,305.25,222.27,25.74,2.0
2023-06-21 08:00:00+08:00,531.6,396.74,257.8,30.64,3.79
2023-06-21 09:00:00+08:00,699.03,460.06,292.6,33.44,4.87
2023-06-21 10:00:00+08:00,796.35,488.67,373.15,34.99,4.69
2023-06-21 11:00:00+08:00,905.3,674.8,286.95,36.11,4.42
2023-06-21 12:00:00+08:00,879.9,570.45,342.35,36.88,4.21
2023-06-21 13:00:00+08:00,870.3,717.2,235.58,37.43,3.92
2023-06-21 14:00:00+08:00,797.67,735.24,165.46,37.65,3.58
2023-06-21 15:00:00+08:00,649.47,689.75,144.76,37.43,3.26
2023-06-21 16:00:00+08:00,469.55,614.72,125.92,36.78,2.99
2023-06-21 17:00:00+08:00,274.0,461.38,95.47,35.62,2.51
2023-06-21 18:00:00+08:00,98.3,206.25,59.52,32.62,1.58
2023-06-21 19:00:00+08:00,5.53,3.32,8.24,30.22,1.74
2023-06-21 20:00:00+08:00,0.0,0.0,0.0,29.22,1.72
2023-06-21 21:00:00+08:00,0.0,0.0,0.0,28.22,1.69
2023-06-21 22:00:00+08:00,0.0,0.0,0.0,27.31,1.6
2023-06-21 23:00:00+08:00,0.0,0.0,0.0,26.52,1.47
2023-06-22 00:00:00+08:00,0.0,0.0,0.0,25.73,1.29
2023-06-22 01:00:00+08:00,0.0,0.0,0.0,25.67,1.18
2023-06-22 02:00:00+08:00,0.0,0.0,0.0,24.9,1.24
2023-06-22 03:00:00+08:00,0.0,0.0,0.0,23.29,1.61
2023-06-22 04:00:00+08:00,0.0,0.0,0.0,21.86,2.1
2023-06-22 05:00:00+08:00,49.03,139.4,30.65,21.48,2.24
2023-06-22 06:00:00+08:00,212.48,449.59,74.61,24.37,2.68
2023-06-22 07:00:00+08:00,405.88,605.26,108.34,26.88,2.52
2023-06-22 08:00:00+08:00,598.67,723.47,118.08,31.77,2.73
2023-06-22 09:00:00+08:00,763.67,785.02,129.15,35.13,2.95
2023-06-22 10:00:00+08:00,884.85,828.27,128.15,36.67,2.86
2023-06-22 11:00:00+08:00,951.45,848.66,135.37,37.95,2.9
2023-06-22 12:00:00+08:00,934.8,781.92,164.33,38.74,3.0
2023-06-22 13:00:00+08:00,886.62,744.22,178.18,39.12,3.11
2023-06-22 14:00:00+08:00,777.0,666.69,202.55,39.11,3.16
2023-06-22 15:00:00+08:00,614.0,594.46,175.06,38.74,3.13
2023-06-22 16:00:00+08:00,444.35,506.48,158.07,37.95,3.08
2023-06-22 17:00:00+08:00,245.48,372.24,108.05,36.7,2.76
2023-06-22 18:00:00+08:00,87.75,165.95,56.24,33.42,1.96
2023-06-22 19:00:00+08:00,5.18,1.92,7.99,30.09,2.5
2023-06-22 20:00:00+08:00,0.0,0.0,0.0,28.54,2.86
2023-06-22 21:00:00+08:00,0.0,0.0,0.0,27.29,3.19
2023-06-22 22:00:00+08:00,0.0,0.0,0.0,26.23,3.42
2023-06-22 23:00:00+08:00,0.0,0.0,0.0,25.33,3.37
2023-06-23 00:00:00+08:00,0.0,0.0,0.0,24.55,3.23
2023-06-23 01:00:00+08:00,0.0,0.0,0.0,23.95,3.04
2023-06-23 02:00:00+08:00,0.0,0.0,0.0,23.45,2.89
2023-06-23 03:00:00+08:00,0.0,0.0,0.0,22.99,2.75
2023-06-23 04:00:00+08:00,0.0,0.0,0.0,22.54,2.64
2023-06-23 05:00:00+08:00,40.9,72.05,30.58,23.28,2.45
2023-06-23 06:00:00+08:00,187.07,315.64,88.04,25.87,3.17
2023-06-23 07:00:00+08:00,369.85,492.45,122.98,28.87,2.8
2023-06-23 08:00:00+08:00,558.83,612.42,143.53,33.24,3.7
2023-06-23 09:00:00+08:00,724.62,677.0,165.95,35.34,3.93
2023-06-23 10:00:00+08:00,845.38,721.16,169.14,36.9,4.45
2023-06-23 11:00:00+08:00,905.65,676.87,239.02,38.13,5.09
2023-06-23 12:00:00+08:00,802.03,527.8,243.74,38.99,5.55
2023-06-23 13:00:00+08:00,780.33,492.97,277.12,39.45,5.9
2023-06-23 14:00:00+08:00,641.12,366.62,294.79,39.49,6.16
2023-06-23 15:00:00+08:00,455.3,266.74,225.08,39.14,6.38
2023-06-23 16:00:00+08:00,315.42,160.9,199.72,38.33,6.56
2023-06-23 17:00:00+08:00,187.45,120.65,139.96,36.96,6.31
2023-06-23 18:00:00+08:00,64.6,37.13,57.12,34.13,4.53
2023-06-23 19:00:00+08:00,4.47,0.0,7.44,30.41,3.87
2023-06-23 20:00:00+08:00,0.0,0.0,0.0,28.93,3.96
2023-06-23 21:00:00+08:00,0.0,0.0,0.0,27.82,3.69
2023-06-23 22:00:00+08:00,0.0,0.0,0.0,26.79,3.3
2023-06-23 23:00:00+08:00,0.0,0.0,0.0,25.89,3.02
2023-06-24 00:00:00+08:00,0.0,0.0,0.0,25.08,2.84
2023-06-24 01:00:00+08:00,0.0,0.0,0.0,24.38,2.75
2023-06-24 02:00:00+08:00,0.0,0.0,0.0,23.74,2.75
2023-06-24 03:00:00+08:00,0.0,0.0,0.0,23.15,2.78
2023-06-24 04:00:00+08:00,0.0,0.0,0.0,22.57,2.8
2023-06-24 05:00:00+08:00,33.67,25.16,28.65,23.1,3.05
2023-06-24 06:00:00+08:00,153.9,174.52,91.79,25.12,3.83
2023-06-24 07:00:00+08:00,314.17,308.14,155.54,27.88,2.98
2023-06-24 08:00:00+08:00,487.27,416.5,187.72,31.85,2.0
2023-06-24 09:00:00+08:00,641.03,488.98,219.83,34.97,1.9
2023-06-24 10:00:00+08:00,756.45,523.32,250.15,36.92,2.28
2023-06-24 11:00:00+08:00,833.17,521.49,296.89,38.4,2.5
2023-06-24 12:00:00+08:00,812.92,482.71,280.39,39.38,2.67
2023-06-24 13:00:00+08:00,705.62,465.45,241.6,39.97,3.04
2023-06-24 14:00:00+08:00,609.33,350.85,278.99,40.09,3.6
2023-06-24 15:00:00+08:00,476.23,309.5,233.12,39.83,4.35
2023-06-24 16:00:00+08:00,346.4,232.71,206.44,38.99,4.96
2023-06-24 17:00:00+08:00,186.73,184.42,116.34,37.27,4.9
2023-06-24 18:00:00+08:00,71.93,73.6,57.69,34.27,5.05
2023-06-24 19:00:00+08:00,4.9,1.21,7.71,31.15,5.99
2023-06-24 20:00:00+08:00,0.0,0.0,0.0,28.81,6.65
2023-06-24 21:00:00+08:00,0.0,0.0,0.0,26.84,5.87
2023-06-24 22:00:00+08:00,0.0,0.0,0.0,25.27,5.49
2023-06-24 23:00:00+08:00,0.0,0.0,0.0,23.7,5.2
2023-06-25 00:00:00+08:00,0.0,0.0,0.0,22.33,4.6
2023-06-25 01:00:00+08:00,0.0,0.0,0.0,21.41,4.09
2023-06-25 02:00:00+08:00,0.0,0.0,0.0,20.7,3.71
2023-06-25 03:00:00+08:00,0.0,0.0,0.0,20.15,3.42
2023-06-25 04:00:00+08:00,0.0,0.0,0.0,19.83,3.05
2023-06-25 05:00:00+08:00,35.08,16.03,32.52,20.22,3.32
2023-06-25 06:00:00+08:00,134.68,54.04,110.45,21.8,3.97
2023-06-25 07:00:00+08:00,260.4,100.63,199.92,23.62,3.43
2023-06-25 08:00:00+08:00,382.9,170.58,247.94,25.45,3.03
2023-06-25 09:00:00+08:00,469.27,91.58,328.19,27.86,3.26
2023-06-25 10:00:00+08:00,487.67,59.34,356.53,29.15,3.62
2023-06-25 11:00:00+08:00,519.5,19.36,408.56,29.58,3.83
2023-06-25 12:00:00+08:00,360.42,40.74,263.99,29.84,4.29
2023-06-25 13:00:00+08:00,286.85,1.36,230.39,30.03,4.77
2023-06-25 14:00:00+08:00,299.75,0.11,246.31,30.03,4.81
2023-06-25 15:00:00+08:00,199.82,0.0,166.48,29.27,4.48
2023-06-25 16:00:00+08:00,144.7,0.0,126.65,27.45,4.04
2023-06-25 17:00:00+08:00,87.47,0.0,76.01,25.6,3.82
2023-06-25 18:00:00+08:00,36.08,0.0,32.38,23.98,3.49
2023-06-25 19:00:00+08:00,2.88,0.0,3.29,22.91,3.02
2023-06-25 20:00:00+08:00,0.0,0.0,0.0,22.46,3.13
2023-06-25 21:00:00+08:00,0.0,0.0,0.0,22.32,3.63
2023-06-25 22:00:00+08:00,0.0,0.0,0.0,22.23,3.62
2023-06-25 23:00:00+08:00,0.0,0.0,0.0,22.06,3.37
2023-06-26 00:00:00+08:00,0.0,0.0,0.0,21.81,3.06
2023-06-26 01:00:00+08:00,0.0,0.0,0.0,21.63,2.77
2023-06-26 02:00:00+08:00,0.0,0.0,0.0,21.48,2.39
2023-06-26 03:00:00+08:00,0.0,0.0,0.0,21.28,2.1
2023-06-26 04:00:00+08:00,0.0,0.0,0.0,20.98,1.95
2023-06-26 05:00:00+08:00,29.77,7.78,29.51,21.18,2.42
2023-06-26 06:00:00+08:00,134.38,70.22,107.43,22.49,2.19
2023-06-26 07:00:00+08:00,277.48,120.0,212.16,24.52,2.07
2023-06-26 08:00:00+08:00,448.3,197.91,293.46,26.65,2.59
2023-06-26 09:00:00+08:00,586.6,346.83,288.22,28.56,2.83
2023-06-26 10:00:00+08:00,637.92,273.71,358.15,30.13,2.87
2023-06-26 11:00:00+08:00,667.12,250.82,375.44,31.13,3.01
2023-06-26 12:00:00+08:00,770.1,394.26,362.19,31.67,3.07
2023-06-26 13:00:00+08:00,710.75,421.28,313.62,32.22,2.78
2023-06-26 14:00:00+08:00,699.58,464.29,291.7,32.53,2.15
2023-06-26 15:00:00+08:00,559.12,407.08,251.64,32.5,2.16
2023-06-26 16:00:00+08:00,360.05,237.64,216.76,32.11,2.57
2023-06-26 17:00:00+08:00,201.77,150.29,140.69,31.42,2.15
2023-06-26 18:00:00+08:00,76.35,59.11,67.01,30.28,1.23
2023-06-26 19:00:00+08:00,5.18,0.7,8.2,28.16,1.38
2023-06-26 20:00:00+08:00,0.0,0.0,0.0,26.82,2.23
2023-06-26 21:00:00+08:00,0.0,0.0,0.0,26.28,2.78
2023-06-26 22:00:00+08:00,0.0,0.0,0.0,26.0,3.81
2023-06-26 23:00:00+08:00,0.0,0.0,0.0,25.5,5.4
2023-06-27 00:00:00+08:00,0.0,0.0,0.0,24.59,5.72
2023-06-27 01:00:00+08:00,0.0,0.0,0.0,23.56,5.19
2023-06-27 02:00:00+08:00,0.0,0.0,0.0,22.74,4.87
2023-06-27 03:00:00+08:00,0.0,0.0,0.0,22.09,4.64
2023-06-27 04:00:00+08:00,0.0,0.0,0.0,21.73,4.91
2023-06-27 05:00:00+08:00,23.23,3.61,22.01,21.91,5.54
2023-06-27 06:00:00+08:00,102.0,27.51,84.74,23.15,6.13
2023-06-27 07:00:00+08:00,204.45,68.52,159.44,25.06,6.67
2023-06-27 08:00:00+08:00,329.3,124.21,222.72,27.77,7.2
2023-06-27 09:00:00+08:00,422.48,142.06,264.2,30.2,7.25
2023-06-27 10:00:00+08:00,725.03,411.91,307.24,32.02,7.03
2023-06-27 11:00:00+08:00,882.03,601.27,263.41,33.59,6.67
2023-06-27 12:00:00+08:00,880.42,545.2,302.63,34.84,6.13
2023-06-27 13:00:00+08:00,815.08,569.97,269.87,35.75,5.52
2023-06-27 14:00:00+08:00,741.45,563.57,238.07,36.26,4.92
2023-06-27 15:00:00+08:00,602.53,511.07,216.35,36.34,4.39
2023-06-27 16:00:00+08:00,424.5,413.4,180.38,35.92,3.98
2023-06-27 17:00:00+08:00,242.0,300.35,121.57,34.99,3.41
2023-06-27 18:00:00+08:00,86.1,126.57,60.04,32.42,2.36
2023-06-27 19:00:00+08:00,5.35,1.36,7.86,29.32,3.09
2023-06-27 20:00:00+08:00,0.0,0.0,0.0,28.54,4.18
2023-06-27 21:00:00+08:00,0.0,0.0,0.0,28.19,5.57
2023-06-27 22:00:00+08:00,0.0,0.0,0.0,27.59,6.13
2023-06-27 23:00:00+08:00,0.0,0.0,0.0,27.19,6.23
2023-06-28 00:00:00+08:00,0.0,0.0,0.0,26.9,5.89
2023-06-28 01:00:00+08:00,0.0,0.0,0.0,26.51,5.05
2023-06-28 02:00:00+08:00,0.0,0.0,0.0,26.03,4.48
2023-06-28 03:00:00+08:00,0.0,0.0,0.0,25.57,4.27
2023-06-28 04:00:00+08:00,0.0,0.0,0.0,25.18,4.12
2023-06-28 05:00:00+08:00,22.55,2.66,21.42,25.29,4.5
2023-06-28 06:00:00+08:00,101.1,12.9,84.61,26.38,5.14
2023-06-28 07:00:00+08:00,224.05,18.32,187.51,29.12,5.58
2023-06-28 08:00:00+08:00,362.0,36.54,296.95,31.09,5.91
2023-06-28 09:00:00+08:00,290.58,3.01,237.37,32.23,5.7
2023-06-28 10:00:00+08:00,439.5,3.4,352.68,32.07,5.44
2023-06-28 11:00:00+08:00,446.15,16.97,350.81,32.47,5.44
2023-06-28 12:00:00+08:00,315.08,0.0,251.65,33.6,5.3
2023-06-28 13:00:00+08:00,278.85,0.34,224.14,33.77,5.22
2023-06-28 14:00:00+08:00,201.52,0.0,165.61,32.65,5.16
2023-06-28 15:00:00+08:00,297.42,24.79,226.86,31.39,4.85
2023-06-28 16:00:00+08:00,43.42,7.68,35.32,30.04,3.91
2023-06-28 17:00:00+08:00,38.58,0.0,33.52,29.43,3.06
2023-06-28 18:00:00+08:00,15.4,0.0,13.82,28.77,2.72
2023-06-28 19:00:00+08:00,2.08,0.0,2.86,27.66,2.34
2023-06-28 20:00:00+08:00,0.0,0.0,0.0,27.12,1.87
2023-06-28 21:00:00+08:00,0.0,0.0,0.0,26.7,1.43
2023-06-28 22:00:00+08:00,0.0,0.0,0.0,26.28,1.24
2023-06-28 23:00:00+08:00,0.0,0.0,0.0,25.89,1.21
2023-06-29 00:00:00+08:00,0.0,0.0,0.0,25.47,1.28
2023-06-29 01:00:00+08:00,0.0,0.0,0.0,25.08,1.63
2023-06-29 02:00:00+08:00,0.0,0.0,0.0,24.69,2.22
2023-06-29 03:00:00+08:00,0.0,0.0,0.0,24.21,2.66
2023-06-29 04:00:00+08:00,0.0,0.0,0.0,23.58,2.71
2023-06-29 05:00:00+08:00,16.05,3.59,15.2,23.07,2.88
2023-06-29 06:00:00+08:00,70.12,2.61,60.65,23.24,2.98
2023-06-29 07:00:00+08:00,134.88,3.88,114.75,24.26,3.41
2023-06-29 08:00:00+08:00,208.98,8.78,173.88,25.65,4.2
2023-06-29 09:00:00+08:00,178.02,14.38,137.2,26.8,4.41
2023-06-29 10:00:00+08:00,384.15,26.05,294.4,28.13,4.12
2023-06-29 11:00:00+08:00,550.92,273.35,284.36,29.77,3.87
2023-06-29 12:00:00+08:00,719.62,309.65,376.7,31.35,3.86
2023-06-29 13:00:00+08:00,853.0,612.34,273.3,32.49,3.91
2023-06-29 14:00:00+08:00,692.67,541.68,222.94,33.17,3.96
2023-06-29 15:00:00+08:00,636.42,605.18,193.36,33.42,3.82
2023-06-29 16:00:00+08:00,465.58,551.64,157.5,33.16,3.57
2023-06-29 17:00:00+08:00,271.65,418.63,110.1,32.16,2.87
2023-06-29 18:00:00+08:00,103.38,239.82,59.03,30.04,2.02
2023-06-29 19:00:00+08:00,6.22,7.27,8.82,26.81,1.93
2023-06-29 20:00:00+08:00,0.0,0.0,0.0,25.19,2.19
2023-06-29 21:00:00+08:00,0.0,0.0,0.0,23.97,2.29
2023-06-29 22:00:00+08:00,0.0,0.0,0.0,23.01,2.16
2023-06-29 23:00:00+08:00,0.0,0.0,0.0,22.23,2.08
2023-06-30 00:00:00+08:00,0.0,0.0,0.0,21.69,2.04
2023-06-30 01:00:00+08:00,0.0,0.0,0.0,21.32,1.95
2023-06-30 02:00:00+08:00,0.0,0.0,0.0,20.83,1.99
2023-06-30 03:00:00+08:00,0.0,0.0,0.0,20.22,2.14
2023-06-30 04:00:00+08:00,0.0,0.0,0.0,19.66,2.26
2023-06-30 05:00:00+08:00,47.62,152.9,28.88,20.14,2.24
2023-06-30 06:00:00+08:00,217.93,501.91,68.35,23.4,3.03
2023-06-30 07:00:00+08:00,413.0,649.65,100.28,26.29,2.7
2023-06-30 08:00:00+08:00,607.9,758.2,112.16,30.18,1.99
2023-06-30 09:00:00+08:00,775.53,829.29,113.97,32.14,1.92
2023-06-30 10:00:00+08:00,899.85,861.92,123.35,33.77,1.95
2023-06-30 11:00:00+08:00,972.03,933.11,98.25,35.19,1.93
2023-06-30 12:00:00+08:00,984.17,930.59,99.24,36.18,1.78
2023-06-30 13:00:00+08:00,940.2,899.01,105.16,36.76,1.52
2023-06-30 14:00:00+08:00,837.28,858.64,107.74,37.02,1.25
2023-06-30 15:00:00+08:00,687.53,813.12,101.48,36.84,1.13
2023-06-30 16:00:00+08:00,504.45,728.28,96.48,36.2,1.17
2023-06-30 17:00:00+08:00,305.05,607.99,79.16,35.28,1.29
2023-06-30 18:00:00+08:00,118.07,382.74,50.56,32.38,1.48
2023-06-30 19:00:00+08:00,6.72,15.03,9.17,28.45,2.35
2023-06-30 20:00:00+08:00,0.0,0.0,0.0,26.17,3.03
2023-06-30 21:00:00+08:00,0.0,0.0,0.0,24.92,3.3
2023-06-30 22:00:00+08:00,0.0,0.0,0.0,24.02,3.45
2023-06-30 23:00:00+08:00,0.0,0.0,0.0,23.56,4.13
2023-07-01 00:00:00+08:00,0.0,0.0,0.0,23.16,4.69
2023-07-01 01:00:00+08:00,0.0,0.0,0.0,22.76,4.66
2023-07-01 02:00:00+08:00,0.0,0.0,0.0,22.6,4.42
2023-07-01 03:00:00+08:00,0.0,0.0,0.0,22.41,4.01
2023-07-01 04:00:00+08:00,0.0,0.0,0.0,22.14,3.73
2023-07-01 05:00:00+08:00,42.35,91.07,35.86,22.39,3.84
2023-07-01 06:00:00+08:00,197.93,357.54,98.96,24.39,4.6
2023-07-01 07:00:00+08:00,382.65,536.05,145.41,27.75,4.54
2023-07-01 08:00:00+08:00,521.97,464.89,238.67,30.77,4.72
2023-07-01 09:00:00+08:00,691.47,523.15,264.41,32.76,4.52
2023-07-01 10:00:00+08:00,801.15,530.08,318.79,34.08,4.54
2023-07-01 11:00:00+08:00,768.25,262.91,412.17,35.06,4.54
2023-07-01 12:00:00+08:00,693.17,215.38,380.39,35.78,4.59
2023-07-01 13:00:00+08:00,565.33,125.95,372.6,35.17,4.56
2023-07-01 14:00:00+08:00,706.8,471.31,296.11,34.74,4.41
2023-07-01 15:00:00+08:00,587.42,497.18,212.56,34.62,4.32
2023-07-01 16:00:00+08:00,437.48,412.59,199.03,34.68,4.56
2023-07-01 17:00:00+08:00,246.1,283.96,145.74,33.86,4.3
2023-07-01 18:00:00+08:00,90.57,110.97,77.02,31.26,2.84
2023-07-01 19:00:00+08:00,4.78,1.7,7.29,27.9,3.12
2023-07-01 20:00:00+08:00,0.0,0.0,0.0,27.08,3.78
2023-07-01 21:00:00+08:00,0.0,0.0,0.0,26.41,4.58
2023-07-01 22:00:00+08:00,0.0,0.0,0.0,25.4,4.58
2023-07-01 23:00:00+08:00,0.0,0.0,0.0,24.4,4.09
2023-07-02 00:00:00+08:00,0.0,0.0,0.0,23.61,3.61
2023-07-02 01:00:00+08:00,0.0,0.0,0.0,22.77,3.14
2023-07-02 02:00:00+08:00,0.0,0.0,0.0,22.09,3.0
2023-07-02 03:00:00+08:00,0.0,0.0,0.0,21.99,3.7
2023-07-02 04:00:00+08:00,0.0,0.0,0.0,21.98,4.4
2023-07-02 05:00:00+08:00,29.2,14.2,28.89,22.46,5.14
2023-07-02 06:00:00+08:00,157.73,107.82,125.98,24.13,4.99
2023-07-02 07:00:00+08:00,304.62,229.03,195.52,27.32,4.54
2023-07-02 08:00:00+08:00,491.02,384.69,248.45,30.82,3.93
2023-07-02 09:00:00+08:00,622.22,331.23,344.98,32.69,2.65
2023-07-02 10:00:00+08:00,700.28,262.09,432.77,34.13,1.63
2023-07-02 11:00:00+08:00,789.97,275.72,479.72,35.36,1.84
2023-07-02 12:00:00+08:00,726.12,212.67,455.76,36.29,2.66
2023-07-02 13:00:00+08:00,678.45,206.31,423.05,36.45,2.95
2023-07-02 14:00:00+08:00,626.7,276.39,343.73,35.67,2.33
2023-07-02 15:00:00+08:00,504.27,240.31,289.2,34.89,1.42
2023-07-02 16:00:00+08:00,342.12,170.72,232.23,34.67,0.83
2023-07-02 17:00:00+08:00,184.35,73.53,151.83,34.3,0.57
2023-07-02 18:00:00+08:00,69.8,22.44,64.6,32.54,1.01
2023-07-02 19:00:00+08:00,3.97,0.0,5.37,29.61,1.72
2023-07-02 20:00:00+08:00,0.0,0.0,0.0,27.96,2.24
2023-07-02 21:00:00+08:00,0.0,0.0,0.0,27.16,2.5
2023-07-02 22:00:00+08:00,0.0,0.0,0.0,26.43,2.87
2023-07-02 23:00:00+08:00,0.0,0.0,0.0,25.73,3.45
2023-07-03 00:00:00+08:00,0.0,0.0,0.0,25.1,3.7
2023-07-03 01:00:00+08:00,0.0,0.0,0.0,24.53,3.49
2023-07-03 02:00:00+08:00,0.0,0.0,0.0,23.94,3.08
2023-07-03 03:00:00+08:00,0.0,0.0,0.0,23.61,2.67
2023-07-03 04:00:00+08:00,0.0,0.0,0.0,23.36,2.29
2023-07-03 05:00:00+08:00,19.02,2.87,17.65,23.94,2.38
2023-07-03 06:00:00+08:00,81.22,18.89,68.87,25.33,2.83
2023-07-03 07:00:00+08:00,167.07,42.31,134.57,27.75,2.33
2023-07-03 08:00:00+08:00,264.0,124.41,206.13,30.56,1.84
2023-07-03 09:00:00+08:00,378.88,107.03,271.22,32.86,2.13
2023-07-03 10:00:00+08:00,374.88,9.45,299.67,34.32,2.54
2023-07-03 11:00:00+08:00,366.05,8.08,289.06,35.37,2.71
2023-07-03 12:00:00+08:00,363.2,26.28,285.27,36.12,2.6
2023-07-03 13:00:00+08:00,294.5,25.41,232.28,36.46,2.41
2023-07-03 14:00:00+08:00,246.23,20.14,198.67,36.19,2.54
2023-07-03 15:00:00+08:00,224.38,5.37,186.13,35.73,3.22
2023-07-03 16:00:00+08:00,141.43,3.66,123.28,34.78,3.89
2023-07-03 17:00:00+08:00,84.95,1.33,73.66,33.18,4.14
2023-07-03 18:00:00+08:00,40.22,2.58,36.04,31.16,3.49
2023-07-03 19:00:00+08:00,3.15,0.0,3.61,29.0,2.66
2023-07-03 20:00:00+08:00,0.0,0.0,0.0,27.99,2.88
2023-07-03 21:00:00+08:00,0.0,0.0,0.0,27.19,3.41
2023-07-03 22:00:00+08:00,0.0,0.0,0.0,26.7,3.8
2023-07-03 23:00:00+08:00,0.0,0.0,0.0,26.8,3.45
2023-07-04 00:00:00+08:00,0.0,0.0,0.0,26.86,3.01
2023-07-04 01:00:00+08:00,0.0,0.0,0.0,26.75,2.57
2023-07-04 02:00:00+08:00,0.0,0.0,0.0,26.52,2.54
2023-07-04 03:00:00+08:00,0.0,0.0,0.0,26.34,2.84
2023-07-04 04:00:00+08:00,0.0,0.0,0.0,26.2,3.38
2023-07-04 05:00:00+08:00,7.22,0.0,7.05,26.1,3.7
2023-07-04 06:00:00+08:00,37.28,1.67,32.15,26.08,3.83
2023-07-04 07:00:00+08:00,76.72,2.63,64.51,26.99,4.64
2023-07-04 08:00:00+08:00,113.9,8.21,94.09,27.94,5.16
2023-07-04 09:00:00+08:00,176.95,25.96,134.52,28.11,5.6
2023-07-04 10:00:00+08:00,119.38,10.71,94.07,28.01,5.83
2023-07-04 11:00:00+08:00,113.55,7.53,88.6,28.4,6.39
2023-07-04 12:00:00+08:00,143.62,8.84,113.09,29.3,7.18
2023-07-04 13:00:00+08:00,172.1,39.32,120.92,29.75,8.13
2023-07-04 14:00:00+08:00,208.88,89.01,129.31,29.3,8.78
2023-07-04 15:00:00+08:00,206.02,32.65,154.0,28.13,8.49
2023-07-04 16:00:00+08:00,221.05,132.63,145.42,26.9,7.41
2023-07-04 17:00:00+08:00,129.93,99.37,96.68,26.38,5.74
2023-07-04 18:00:00+08:00,56.6,64.31,45.5,25.65,3.12
2023-07-04 19:00:00+08:00,4.72,1.84,7.52,24.03,1.14
2023-07-04 20:00:00+08:00,0.0,0.0,0.0,23.05,1.32
2023-07-04 21:00:00+08:00,0.0,0.0,0.0,21.86,2.3
2023-07-04 22:00:00+08:00,0.0,0.0,0.0,21.69,3.1
2023-07-04 23:00:00+08:00,0.0,0.0,0.0,21.97,4.31
2023-07-05 00:00:00+08:00,0.0,0.0,0.0,22.19,5.28
2023-07-05 01:00:00+08:00,0.0,0.0,0.0,22.29,5.57
2023-07-05 02:00:00+08:00,0.0,0.0,0.0,22.13,5.63
2023-07-05 03:00:00+08:00,0.0,0.0,0.0,21.83,5.55
2023-07-05 04:00:00+08:00,0.0,0.0,0.0,21.35,5.26
2023-07-05 05:00:00+08:00,37.8,54.27,30.23,21.24,5.24
2023-07-05 06:00:00+08:00,197.8,385.47,82.93,22.62,5.28
2023-07-05 07:00:00+08:00,383.52,525.1,127.08,25.3,4.92
2023-07-05 08:00:00+08:00,579.65,655.99,147.36,28.62,5.21
2023-07-05 09:00:00+08:00,749.1,720.72,166.9,31.5,5.22
2023-07-05 10:00:00+08:00,876.88,760.84,179.4,34.76,5.78
2023-07-05 11:00:00+08:00,949.38,800.18,170.18,36.25,6.34
2023-07-05 12:00:00+08:00,967.35,840.53,144.95,37.03,6.7
2023-07-05 13:00:00+08:00,923.8,806.51,157.04,37.43,6.92
2023-07-05 14:00:00+08:00,821.55,775.38,151.13,37.55,7.08
2023-07-05 15:00:00+08:00,669.85,714.5,148.08,37.14,6.83
2023-07-05 16:00:00+08:00,474.2,590.87,148.34,35.09,5.87
2023-07-05 17:00:00+08:00,258.15,356.4,129.72,33.61,6.49
2023-07-05 18:00:00+08:00,91.78,132.32,66.37,31.41,6.93
2023-07-05 19:00:00+08:00,4.25,0.71,6.58,29.65,7.47
2023-07-05 20:00:00+08:00,0.0,0.0,0.0,28.48,7.44
2023-07-05 21:00:00+08:00,0.0,0.0,0.0,27.54,7.38
2023-07-05 22:00:00+08:00,0.0,0.0,0.0,26.87,7.39
2023-07-05 23:00:00+08:00,0.0,0.0,0.0,26.18,7.15
2023-07-06 00:00:00+08:00,0.0,0.0,0.0,25.47,7.01
2023-07-06 01:00:00+08:00,0.0,0.0,0.0,24.82,6.92
2023-07-06 02:00:00+08:00,0.0,0.0,0.0,24.24,6.81
2023-07-06 03:00:00+08:00,0.0,0.0,0.0,23.64,6.59
2023-07-06 04:00:00+08:00,0.0,0.0,0.0,23.01,6.09
2023-07-06 05:00:00+08:00,31.2,14.19,32.68,22.91,5.95
2023-07-06 06:00:00+08:00,147.88,107.44,116.29,24.2,6.04
2023-07-06 07:00:00+08:00,291.4,198.35,196.79,26.82,6.61
2023-07-06 08:00:00+08:00,448.3,281.41,245.57,29.41,7.27
2023-07-06 09:00:00+08:00,593.12,301.05,313.67,31.91,7.76
2023-07-06 10:00:00+08:00,684.28,303.02,366.63,34.12,8.31
2023-07-06 11:00:00+08:00,723.05,193.51,461.26,35.42,8.69
2023-07-06 12:00:00+08:00,707.53,223.97,443.35,34.81,8.69
2023-07-06 13:00:00+08:00,690.65,315.29,394.73,34.93,8.75
2023-07-06 14:00:00+08:00,528.62,80.36,409.03,35.27,8.65
2023-07-06 15:00:00+08:00,387.7,28.02,310.77,34.15,8.57
2023-07-06 16:00:00+08:00,203.4,14.12,169.15,32.47,8.01
2023-07-06 17:00:00+08:00,135.75,11.18,118.88,31.1,7.83
2023-07-06 18:00:00+08:00,52.3,5.91,47.33,29.85,7.86
2023-07-06 19:00:00+08:00,4.25,0.0,6.03,28.26,7.83
2023-07-06 20:00:00+08:00,0.0,0.0,0.0,27.14,8.15
2023-07-06 21:00:00+08:00,0.0,0.0,0.0,26.33,8.18
2023-07-06 22:00:00+08:00,0.0,0.0,0.0,25.72,8.0
2023-07-06 23:00:00+08:00,0.0,0.0,0.0,25.1,7.64
2023-07-07 00:00:00+08:00,0.0,0.0,0.0,24.21,6.9
2023-07-07 01:00:00+08:00,0.0,0.0,0.0,23.46,6.65
2023-07-07 02:00:00+08:00,0.0,0.0,0.0,22.94,6.67
2023-07-07 03:00:00+08:00,0.0,0.0,0.0,22.61,6.93
2023-07-07 04:00:00+08:00,0.0,0.0,0.0,22.18,6.69
2023-07-07 05:00:00+08:00,28.92,21.99,25.1,22.0,6.54
2023-07-07 06:00:00+08:00,156.65,202.18,91.09,23.2,6.2
2023-07-07 07:00:00+08:00,345.12,404.17,142.05,25.8,5.99
2023-07-07 08:00:00+08:00,498.48,444.19,188.85,28.33,5.98
2023-07-07 09:00:00+08:00,671.4,545.14,210.17,30.85,5.82
2023-07-07 10:00:00+08:00,798.83,600.0,222.47,33.11,5.83
2023-07-07 11:00:00+08:00,874.17,661.26,198.96,35.29,5.79
2023-07-07 12:00:00+08:00,935.2,799.27,148.9,36.99,5.38
2023-07-07 13:00:00+08:00,888.33,753.53,167.16,38.01,4.75
2023-07-07 14:00:00+08:00,784.6,702.58,176.63,38.44,4.09
2023-07-07 15:00:00+08:00,634.83,637.99,164.43,38.44,3.48
2023-07-07 16:00:00+08:00,450.92,530.81,145.67,37.79,2.87
2023-07-07 17:00:00+08:00,253.75,358.9,119.25,36.95,2.18
2023-07-07 18:00:00+08:00,89.8,129.24,67.57,34.09,1.36
2023-07-07 19:00:00+08:00,5.43,0.7,8.7,30.8,2.32
2023-07-07 20:00:00+08:00,0.0,0.0,0.0,29.1,3.23
2023-07-07 21:00:00+08:00,0.0,0.0,0.0,28.22,4.62
2023-07-07 22:00:00+08:00,0.0,0.0,0.0,26.97,5.05
2023-07-07 23:00:00+08:00,0.0,0.0,0.0,26.0,4.65
2023-07-08 00:00:00+08:00,0.0,0.0,0.0,25.25,4.21
2023-07-08 01:00:00+08:00,0.0,0.0,0.0,24.6,3.85
2023-07-08 02:00:00+08:00,0.0,0.0,0.0,24.0,3.48
2023-07-08 03:00:00+08:00,0.0,0.0,0.0,23.42,3.07
2023-07-08 04:00:00+08:00,0.0,0.0,0.0,22.84,2.57
2023-07-08 05:00:00+08:00,32.4,39.83,26.75,23.24,2.67
2023-07-08 06:00:00+08:00,175.1,306.73,82.35,24.8,2.86
2023-07-08 07:00:00+08:00,353.27,460.5,129.81,27.41,1.78
2023-07-08 08:00:00+08:00,542.55,574.66,161.95,31.27,1.68
2023-07-08 09:00:00+08:00,685.12,569.36,223.54,34.06,2.36
2023-07-08 10:00:00+08:00,757.12,465.89,320.94,35.53,2.72
2023-07-08 11:00:00+08:00,816.97,461.71,341.86,36.58,3.4
2023-07-08 12:00:00+08:00,766.28,456.56,290.12,37.19,3.89
2023-07-08 13:00:00+08:00,740.62,461.58,273.13,36.78,4.04
2023-07-08 14:00:00+08:00,648.0,359.29,309.59,36.64,4.18
2023-07-08 15:00:00+08:00,502.6,295.3,257.66,36.89,4.04
2023-07-08 16:00:00+08:00,388.45,341.65,177.33,36.51,3.6
2023-07-08 17:00:00+08:00,214.8,231.93,125.43,35.67,2.7
2023-07-08 18:00:00+08:00,79.25,81.66,60.44,33.77,1.33
2023-07-08 19:00:00+08:00,4.88,0.0,7.35,32.59,0.73
2023-07-08 20:00:00+08:00,0.0,0.0,0.0,31.13,1.33
2023-07-08 21:00:00+08:00,0.0,0.0,0.0,29.86,1.78
2023-07-08 22:00:00+08:00,0.0,0.0,0.0,28.61,2.22
2023-07-08 23:00:00+08:00,0.0,0.0,0.0,27.63,2.64
2023-07-09 00:00:00+08:00,0.0,0.0,0.0,27.11,2.82
2023-07-09 01:00:00+08:00,0.0,0.0,0.0,26.54,2.89
2023-07-09 02:00:00+08:00,0.0,0.0,0.0,25.58,2.94
2023-07-09 03:00:00+08:00,0.0,0.0,0.0,25.06,2.87
2023-07-09 04:00:00+08:00,0.0,0.0,0.0,24.61,2.63
2023-07-09 05:00:00+08:00,29.85,15.26,30.94,24.92,2.48
2023-07-09 06:00:00+08:00,160.02,170.98,111.56,26.22,2.52
2023-07-09 07:00:00+08:00,327.83,344.94,168.78,28.23,1.44
2023-07-09 08:00:00+08:00,510.1,521.89,176.8,30.94,1.76
2023-07-09 09:00:00+08:00,716.92,675.58,171.19,34.09,2.54
2023-07-09 10:00:00+08:00,843.3,726.42,178.09,35.84,2.67
2023-07-09 11:00:00+08:00,912.6,757.59,180.13,36.93,3.05
2023-07-09 12:00:00+08:00,916.7,667.46,228.24,37.6,3.67
2023-07-09 13:00:00+08:00,829.1,673.52,194.87,37.96,4.12
2023-07-09 14:00:00+08:00,741.67,631.11,187.36,37.87,4.23
2023-07-09 15:00:00+08:00,605.47,526.93,209.67,37.5,4.1
2023-07-09 16:00:00+08:00,415.77,448.73,167.75,36.79,3.72
2023-07-09 17:00:00+08:00,241.7,310.02,132.53,35.82,2.64
2023-07-09 18:00:00+08:00,89.72,133.26,69.49,33.71,1.26
2023-07-09 19:00:00+08:00,5.45,1.94,8.5,31.48,1.24
2023-07-09 20:00:00+08:00,0.0,0.0,0.0,29.61,2.05
2023-07-09 21:00:00+08:00,0.0,0.0,0.0,28.34,2.5
2023-07-09 22:00:00+08:00,0.0,0.0,0.0,27.82,2.73
2023-07-09 23:00:00+08:00,0.0,0.0,0.0,27.53,2.85
2023-07-10 00:00:00+08:00,0.0,0.0,0.0,26.97,2.98
2023-07-10 01:00:00+08:00,0.0,0.0,0.0,26.18,3.06
2023-07-10 02:00:00+08:00,0.0,0.0,0.0,25.58,3.01
2023-07-10 03:00:00+08:00,0.0,0.0,0.0,25.54,2.85
2023-07-10 04:00:00+08:00,0.0,0.0,0.0,25.64,2.88
2023-07-10 05:00:00+08:00,30.15,38.96,27.87,26.26,3.61
2023-07-10 06:00:00+08:00,145.2,159.57,101.22,27.65,4.53
2023-07-10 07:00:00+08:00,275.45,218.21,183.42,29.58,4.83
2023-07-10 08:00:00+08:00,412.27,238.32,247.44,31.49,5.15
2023-07-10 09:00:00+08:00,626.7,452.46,258.07,33.24,5.18
2023-07-10 10:00:00+08:00,772.3,551.25,258.96,34.92,5.03
2023-07-10 11:00:00+08:00,809.92,470.45,334.96,36.26,4.88
2023-07-10 12:00:00+08:00,783.9,464.61,331.57,37.15,4.95
2023-07-10 13:00:00+08:00,676.8,238.87,422.09,37.52,5.09
2023-07-10 14:00:00+08:00,583.08,180.15,399.5,37.5,5.13
2023-07-10 15:00:00+08:00,399.5,152.88,253.36,37.15,5.1
2023-07-10 16:00:00+08:00,276.05,88.87,192.84,36.23,5.17
2023-07-10 17:00:00+08:00,151.32,38.55,126.38,34.63,4.93
2023-07-10 18:00:00+08:00,54.78,10.62,47.7,32.23,3.88
2023-07-10 19:00:00+08:00,2.65,0.0,3.76,29.92,3.53
2023-07-10 20:00:00+08:00,0.0,0.0,0.0,29.09,3.55
2023-07-10 21:00:00+08:00,0.0,0.0,0.0,28.5,3.33
2023-07-10 22:00:00+08:00,0.0,0.0,0.0,28.03,3.17
2023-07-10 23:00:00+08:00,0.0,0.0,0.0,27.68,3.24
2023-07-11 00:00:00+08:00,0.0,0.0,0.0,27.37,3.29
2023-07-11 01:00:00+08:00,0.0,0.0,0.0,27.13,3.37
2023-07-11 02:00:00+08:00,0.0,0.0,0.0,26.89,3.52
2023-07-11 03:00:00+08:00,0.0,0.0,0.0,26.68,3.66
2023-07-11 04:00:00+08:00,0.0,0.0,0.0,26.48,3.34
2023-07-11 05:00:00+08:00,19.77,1.04,19.96,26.59,3.09
2023-07-11 06:00:00+08:00,95.25,4.79,80.09,27.41,3.16
2023-07-11 07:00:00+08:00,187.32,17.3,155.65,28.77,2.87
2023-07-11 08:00:00+08:00,285.33,37.32,209.14,30.1,2.59
2023-07-11 09:00:00+08:00,498.33,156.51,316.66,31.42,2.42
2023-07-11 10:00:00+08:00,629.85,258.92,331.02,32.39,1.88
2023-07-11 11:00:00+08:00,692.78,315.61,337.87,33.21,1.3
2023-07-11 12:00:00+08:00,768.97,348.21,369.04,34.31,1.31
2023-07-11 13:00:00+08:00,481.33,10.49,390.78,35.37,1.76
2023-07-11 14:00:00+08:00,458.35,33.98,362.91,35.88,2.26
2023-07-11 15:00:00+08:00,397.73,232.43,274.02,35.96,2.69
2023-07-11 16:00:00+08:00,327.15,246.03,198.91,35.61,3.15
2023-07-11 17:00:00+08:00,193.02,166.92,130.8,34.64,3.1
2023-07-11 18:00:00+08:00,77.35,83.22,64.84,32.78,2.38
2023-07-11 19:00:00+08:00,4.68,1.23,7.47,30.47,2.03
2023-07-11 20:00:00+08:00,0.0,0.0,0.0,29.53,2.17
2023-07-11 21:00:00+08:00,0.0,0.0,0.0,28.81,2.26
2023-07-11 22:00:00+08:00,0.0,0.0,0.0,28.13,2.26
2023-07-11 23:00:00+08:00,0.0,0.0,0.0,27.57,2.17
2023-07-12 00:00:00+08:00,0.0,0.0,0.0,27.22,2.3
2023-07-12 01:00:00+08:00,0.0,0.0,0.0,26.97,2.57
2023-07-12 02:00:00+08:00,0.0,0.0,0.0,26.57,2.76
2023-07-12 03:00:00+08:00,0.0,0.0,0.0,26.24,2.85
2023-07-12 04:00:00+08:00,0.0,0.0,0.0,26.02,2.86
2023-07-12 05:00:00+08:00,4.1,0.0,4.07,26.01,3.17
2023-07-12 06:00:00+08:00,16.7,5.86,13.91,26.45,3.61
2023-07-12 07:00:00+08:00,29.92,12.14,23.49,27.06,3.43
2023-07-12 08:00:00+08:00,36.28,13.28,27.84,28.16,2.75
2023-07-12 09:00:00+08:00,44.85,24.19,29.59,29.09,2.24
2023-07-12 10:00:00+08:00,95.12,27.31,64.52,29.44,2.13
2023-07-12 11:00:00+08:00,117.45,30.94,79.54,29.93,2.66
2023-07-12 12:00:00+08:00,145.0,70.87,83.54,31.12,3.38
2023-07-12 13:00:00+08:00,137.18,0.0,111.98,31.8,4.13
2023-07-12 14:00:00+08:00,84.15,15.9,64.42,31.75,4.67
2023-07-12 15:00:00+08:00,96.22,18.34,74.63,31.46,4.79
2023-07-12 16:00:00+08:00,81.53,4.91,70.65,30.77,4.22
2023-07-12 17:00:00+08:00,46.97,0.0,40.49,29.57,3.58
2023-07-12 18:00:00+08:00,17.83,0.0,15.6,28.26,2.68
2023-07-12 19:00:00+08:00,1.98,0.0,2.73,26.91,2.47
2023-07-12 20:00:00+08:00,0.0,0.0,0.0,26.29,2.97
2023-07-12 21:00:00+08:00,0.0,0.0,0.0,25.77,3.89
2023-07-12 22:00:00+08:00,0.0,0.0,0.0,25.21,4.36
2023-07-12 23:00:00+08:00,0.0,0.0,0.0,24.74,3.95
2023-07-13 00:00:00+08:00,0.0,0.0,0.0,24.58,3.96
2023-07-13 01:00:00+08:00,0.0,0.0,0.0,24.59,3.35
2023-07-13 02:00:00+08:00,0.0,0.0,0.0,24.69,2.61
2023-07-13 03:00:00+08:00,0.0,0.0,0.0,24.83,2.08
2023-07-13 04:00:00+08:00,0.0,0.0,0.0,24.96,1.71
2023-07-13 05:00:00+08:00,17.08,2.79,17.97,25.31,1.5
2023-07-13 06:00:00+08:00,75.25,22.09,68.65,26.22,2.19
2023-07-13 07:00:00+08:00,124.32,41.22,101.16,26.98,2.63
2023-07-13 08:00:00+08:00,123.32,24.14,86.91,27.94,3.32
2023-07-13 09:00:00+08:00,216.25,22.77,174.41,28.91,3.96
2023-07-13 10:00:00+08:00,310.5,17.67,238.51,29.69,4.67
2023-07-13 11:00:00+08:00,359.9,16.8,265.22,30.25,4.85
2023-07-13 12:00:00+08:00,508.8,87.44,340.06,30.77,4.48
2023-07-13 13:00:00+08:00,472.08,79.84,302.4,31.27,4.05
2023-07-13 14:00:00+08:00,423.88,86.16,291.23,31.22,3.99
2023-07-13 15:00:00+08:00,379.6,35.68,288.73,30.46,4.11
2023-07-13 16:00:00+08:00,264.8,66.77,222.23,29.46,3.81
2023-07-13 17:00:00+08:00,151.0,26.33,127.14,28.62,2.95
2023-07-13 18:00:00+08:00,58.35,11.91,50.66,27.76,1.96
2023-07-13 19:00:00+08:00,3.72,0.0,5.15,26.79,1.14
2023-07-13 20:00:00+08:00,0.0,0.0,0.0,26.59,0.54
2023-07-13 21:00:00+08:00,0.0,0.0,0.0,26.2,0.37
2023-07-13 22:00:00+08:00,0.0,0.0,0.0,25.15,1.27
2023-07-13 23:00:00+08:00,0.0,0.0,0.0,24.41,1.81
2023-07-14 00:00:00+08:00,0.0,0.0,0.0,24.13,2.17
2023-07-14 01:00:00+08:00,0.0,0.0,0.0,23.97,2.37
2023-07-14 02:00:00+08:00,0.0,0.0,0.0,23.8,2.38
2023-07-14 03:00:00+08:00,0.0,0.0,0.0,23.52,2.27
2023-07-14 04:00:00+08:00,0.0,0.0,0.0,23.14,2.2
2023-07-14 05:00:00+08:00,22.5,7.26,23.35,23.4,2.32
2023-07-14 06:00:00+08:00,125.93,78.88,101.49,24.6,3.25
2023-07-14 07:00:00+08:00,250.98,158.22,175.26,26.09,3.16
2023-07-14 08:00:00+08:00,413.08,228.25,249.27,28.42,3.23
2023-07-14 09:00:00+08:00,521.95,310.75,273.02,29.79,3.66
2023-07-14 10:00:00+08:00,592.8,365.59,273.81,31.26,4.43
2023-07-14 11:00:00+08:00,768.45,432.12,303.7,32.19,4.89
2023-07-14 12:00:00+08:00,842.35,546.62,297.46,32.87,5.02
2023-07-14 13:00:00+08:00,854.03,595.91,277.42,33.29,4.85
2023-07-14 14:00:00+08:00,718.75,430.96,319.37,33.42,4.53
2023-07-14 15:00:00+08:00,547.83,345.64,268.83,33.3,3.85
2023-07-14 16:00:00+08:00,332.05,290.24,204.6,33.57,3.47
2023-07-14 17:00:00+08:00,197.32,140.9,148.7,32.64,3.2
2023-07-14 18:00:00+08:00,76.85,41.85,67.51,30.12,1.99
2023-07-14 19:00:00+08:00,4.4,0.0,6.95,27.84,1.93
2023-07-14 20:00:00+08:00,0.0,0.0,0.0,26.98,1.81
2023-07-14 21:00:00+08:00,0.0,0.0,0.0,26.38,1.86
2023-07-14 22:00:00+08:00,0.0,0.0,0.0,25.74,1.99
2023-07-14 23:00:00+08:00,0.0,0.0,0.0,24.84,2.08
2023-07-15 00:00:00+08:00,0.0,0.0,0.0,24.02,1.96
2023-07-15 01:00:00+08:00,0.0,0.0,0.0,23.59,1.95
2023-07-15 02:00:00+08:00,0.0,0.0,0.0,23.01,2.17
2023-07-15 03:00:00+08:00,0.0,0.0,0.0,22.6,2.35
2023-07-15 04:00:00+08:00,0.0,0.0,0.0,22.2,2.66
2023-07-15 05:00:00+08:00,22.73,10.99,23.21,22.37,2.98
2023-07-15 06:00:00+08:00,125.72,52.72,99.22,23.42,3.75
2023-07-15 07:00:00+08:00,263.4,111.27,206.12,24.41,3.9
2023-07-15 08:00:00+08:00,419.02,201.94,263.5,26.1,4.39
2023-07-15 09:00:00+08:00,623.7,407.02,313.58,27.94,5.1
2023-07-15 10:00:00+08:00,762.45,403.47,382.97,29.29,4.61
2023-07-15 11:00:00+08:00,812.25,406.97,401.9,30.14,4.37
2023-07-15 12:00:00+08:00,859.15,541.73,326.9,30.89,4.29
2023-07-15 13:00:00+08:00,853.53,621.95,261.37,31.41,4.14
2023-07-15 14:00:00+08:00,777.4,710.63,170.48,31.56,3.99
2023-07-15 15:00:00+08:00,604.8,519.49,239.44,31.33,3.95
2023-07-15 16:00:00+08:00,402.65,547.73,123.0,30.7,3.91
2023-07-15 17:00:00+08:00,244.12,445.1,86.14,29.53,3.39
2023-07-15 18:00:00+08:00,93.07,269.67,45.63,27.39,2.71
2023-07-15 19:00:00+08:00,4.5,8.55,6.34,24.71,2.63
2023-07-15 20:00:00+08:00,0.0,0.0,0.0,23.73,2.67
2023-07-15 21:00:00+08:00,0.0,0.0,0.0,23.21,2.46
2023-07-15 22:00:00+08:00,0.0,0.0,0.0,23.08,2.06
2023-07-15 23:00:00+08:00,0.0,0.0,0.0,23.29,1.51
2023-07-16 00:00:00+08:00,0.0,0.0,0.0,23.3,0.94
2023-07-16 01:00:00+08:00,0.0,0.0,0.0,23.22,0.68
2023-07-16 02:00:00+08:00,0.0,0.0,0.0,22.47,1.09
2023-07-16 03:00:00+08:00,0.0,0.0,0.0,21.34,1.66
2023-07-16 04:00:00+08:00,0.0,0.0,0.0,20.26,2.08
2023-07-16 05:00:00+08:00,30.7,109.58,20.17,20.38,2.09
2023-07-16 06:00:00+08:00,186.02,445.09,64.64,22.48,2.69
2023-07-16 07:00:00+08:00,376.52,613.17,92.0,24.53,2.79
2023-07-16 08:00:00+08:00,568.42,715.33,114.34,26.97,3.12
2023-07-16 09:00:00+08:00,732.5,774.9,126.01,28.95,3.28
2023-07-16 10:00:00+08:00,855.53,802.54,139.61,30.19,3.24
2023-07-16 11:00:00+08:00,926.6,794.26,161.97,31.05,3.1
2023-07-16 12:00:00+08:00,930.12,802.27,163.46,31.58,2.92
2023-07-16 13:00:00+08:00,883.9,768.37,161.63,31.9,2.75
2023-07-16 14:00:00+08:00,786.75,726.55,166.61,32.0,2.65
2023-07-16 15:00:00+08:00,641.2,680.56,144.48,31.77,2.58
2023-07-16 16:00:00+08:00,460.73,585.82,131.0,31.3,2.51
2023-07-16 17:00:00+08:00,262.33,448.24,94.72,30.68,2.09
2023-07-16 18:00:00+08:00,91.38,209.9,51.95,28.94,1.87
2023-07-16 19:00:00+08:00,4.05,3.95,5.95,26.52,1.94
2023-07-16 20:00:00+08:00,0.0,0.0,0.0,25.37,2.24
2023-07-16 21:00:00+08:00,0.0,0.0,0.0,24.36,2.48
2023-07-16 22:00:00+08:00,0.0,0.0,0.0,23.53,2.67
2023-07-16 23:00:00+08:00,0.0,0.0,0.0,22.77,2.79
2023-07-17 00:00:00+08:00,0.0,0.0,0.0,22.09,2.83
2023-07-17 01:00:00+08:00,0.0,0.0,0.0,21.47,2.85
2023-07-17 02:00:00+08:00,0.0,0.0,0.0,20.91,2.86
2023-07-17 03:00:00+08:00,0.0,0.0,0.0,20.45,2.8
2023-07-17 04:00:00+08:00,0.0,0.0,0.0,20.0,2.66
2023-07-17 05:00:00+08:00,26.7,56.19,21.68,20.48,2.46
2023-07-17 06:00:00+08:00,172.32,356.31,74.04,23.04,3.13
2023-07-17 07:00:00+08:00,355.52,517.59,110.91,25.19,2.28
2023-07-17 08:00:00+08:00,550.7,640.01,139.7,29.04,1.64
2023-07-17 09:00:00+08:00,717.6,711.79,153.36,30.94,2.01
2023-07-17 10:00:00+08:00,841.8,743.44,170.26,32.07,2.67
2023-07-17 11:00:00+08:00,902.58,683.5,229.47,32.93,3.29
2023-07-17 12:00:00+08:00,866.28,628.19,242.55,33.48,3.86
2023-07-17 13:00:00+08:00,821.55,585.11,249.47,33.66,4.33
2023-07-17 14:00:00+08:00,701.45,543.92,225.29,33.58,4.59
2023-07-17 15:00:00+08:00,584.4,499.36,211.71,33.1,4.57
2023-07-17 16:00:00+08:00,423.98,444.56,170.64,32.38,4.27
2023-07-17 17:00:00+08:00,230.6,311.06,111.89,31.16,3.48
2023-07-17 18:00:00+08:00,78.53,125.98,56.75,29.04,2.48
2023-07-17 19:00:00+08:00,3.62,1.84,5.35,26.39,2.49
2023-07-17 20:00:00+08:00,0.0,0.0,0.0,25.36,2.56
2023-07-17 21:00:00+08:00,0.0,0.0,0.0,24.53,2.59
2023-07-17 22:00:00+08:00,0.0,0.0,0.0,23.75,2.58
2023-07-17 23:00:00+08:00,0.0,0.0,0.0,23.06,2.56
2023-07-18 00:00:00+08:00,0.0,0.0,0.0,22.42,2.51
2023-07-18 01:00:00+08:00,0.0,0.0,0.0,21.78,2.39
2023-07-18 02:00:00+08:00,0.0,0.0,0.0,21.22,2.21
2023-07-18 03:00:00+08:00,0.0,0.0,0.0,20.87,1.98
2023-07-18 04:00:00+08:00,0.0,0.0,0.0,20.93,1.71
2023-07-18 05:00:00+08:00,23.8,34.87,20.9,21.53,1.4
2023-07-18 06:00:00+08:00,159.05,297.19,73.1,23.42,1.49
2023-07-18 07:00:00+08:00,332.7,434.15,124.84,25.4,1.29
2023-07-18 08:00:00+08:00,523.8,551.75,163.57,28.43,1.75
2023-07-18 09:00:00+08:00,690.62,630.48,181.84,29.79,1.61
2023-07-18 10:00:00+08:00,817.33,669.47,206.82,30.8,1.34
2023-07-18 11:00:00+08:00,889.5,669.7,231.48,31.71,1.01
2023-07-18 12:00:00+08:00,894.67,683.69,218.8,32.42,1.06
2023-07-18 13:00:00+08:00,848.53,658.38,218.54,32.9,1.38
2023-07-18 14:00:00+08:00,737.83,577.45,226.95,33.07,1.65
2023-07-18 15:00:00+08:00,599.35,529.9,204.19,32.91,1.82
2023-07-18 16:00:00+08:00,424.6,453.84,164.52,32.42,1.95
2023-07-18 17:00:00+08:00,237.45,330.89,109.01,31.76,1.88
2023-07-18 18:00:00+08:00,80.5,130.67,53.58,29.88,1.79
2023-07-18 19:00:00+08:00,3.62,2.11,5.34,27.31,1.9
2023-07-18 20:00:00+08:00,0.0,0.0,0.0,26.31,2.05
2023-07-18 21:00:00+08:00,0.0,0.0,0.0,25.55,2.11
2023-07-18 22:00:00+08:00,0.0,0.0,0.0,24.81,2.18
2023-07-18 23:00:00+08:00,0.0,0.0,0.0,24.04,2.32
2023-07-19 00:00:00+08:00,0.0,0.0,0.0,23.36,2.45
2023-07-19 01:00:00+08:00,0.0,0.0,0.0,22.82,2.48
2023-07-19 02:00:00+08:00,0.0,0.0,0.0,22.38,2.48
2023-07-19 03:00:00+08:00,0.0,0.0,0.0,21.99,2.45
2023-07-19 04:00:00+08:00,0.0,0.0,0.0,21.63,2.43
2023-07-19 05:00:00+08:00,23.17,33.01,20.64,22.24,2.5
2023-07-19 06:00:00+08:00,154.85,268.25,79.11,24.41,3.21
2023-07-19 07:00:00+08:00,329.5,416.33,136.88,27.26,2.73
2023-07-19 08:00:00+08:00,512.9,511.69,179.02,29.45,2.06
2023-07-19 09:00:00+08:00,647.4,519.61,234.08,30.8,1.57
2023-07-19 10:00:00+08:00,753.33,503.76,292.92,31.94,1.55
2023-07-19 11:00:00+08:00,808.95,466.52,336.55,32.84,1.8
2023-07-19 12:00:00+08:00,775.72,414.88,332.01,33.42,2.24
2023-07-19 13:00:00+08:00,681.6,315.4,352.0,33.69,2.75
2023-07-19 14:00:00+08:00,548.88,249.27,298.64,33.4,3.22
2023-07-19 15:00:00+08:00,435.62,185.32,265.95,32.79,3.66
2023-07-19 16:00:00+08:00,300.45,75.9,224.69,31.84,3.98
2023-07-19 17:00:00+08:00,164.75,28.97,138.82,30.53,3.72
2023-07-19 18:00:00+08:00,59.7,10.5,53.22,28.75,3.11
2023-07-19 19:00:00+08:00,2.55,0.0,3.52,27.14,2.98
2023-07-19 20:00:00+08:00,0.0,0.0,0.0,26.38,3.18
2023-07-19 21:00:00+08:00,0.0,0.0,0.0,25.73,3.49
2023-07-19 22:00:00+08:00,0.0,0.0,0.0,25.02,4.01
2023-07-19 23:00:00+08:00,0.0,0.0,0.0,24.08,4.09
2023-07-20 00:00:00+08:00,0.0,0.0,0.0,23.34,3.88
2023-07-20 01:00:00+08:00,0.0,0.0,0.0,22.98,3.7
2023-07-20 02:00:00+08:00,0.0,0.0,0.0,22.9,3.78
2023-07-20 03:00:00+08:00,0.0,0.0,0.0,22.88,4.05
2023-07-20 04:00:00+08:00,0.0,0.0,0.0,22.83,4.26
2023-07-20 05:00:00+08:00,17.95,5.2,20.0,23.02,4.44
2023-07-20 06:00:00+08:00,117.12,74.24,93.08,24.02,4.76
2023-07-20 07:00:00+08:00,256.25,185.74,159.16,25.67,4.98
2023-07-20 08:00:00+08:00,436.48,280.29,232.63,27.62,4.75
2023-07-20 09:00:00+08:00,582.35,338.33,273.2,29.56,4.48
2023-07-20 10:00:00+08:00,684.05,368.64,306.95,31.02,4.29
2023-07-20 11:00:00+08:00,712.88,366.78,336.31,32.04,4.12
2023-07-20 12:00:00+08:00,743.28,440.61,313.34,32.62,3.87
2023-07-20 13:00:00+08:00,743.53,490.46,255.86,32.92,3.68
2023-07-20 14:00:00+08:00,606.3,429.66,224.16,32.92,3.68
2023-07-20 15:00:00+08:00,489.35,362.66,215.4,32.68,3.79
2023-07-20 16:00:00+08:00,343.1,274.63,177.28,32.13,3.81
2023-07-20 17:00:00+08:00,182.55,227.92,108.06,31.08,3.63
2023-07-20 18:00:00+08:00,66.03,79.47,51.08,29.55,2.85
2023-07-20 19:00:00+08:00,3.03,1.0,4.85,27.42,2.43
2023-07-20 20:00:00+08:00,0.0,0.0,0.0,26.66,2.92
2023-07-20 21:00:00+08:00,0.0,0.0,0.0,26.15,3.57
2023-07-20 22:00:00+08:00,0.0,0.0,0.0,25.62,3.99
2023-07-20 23:00:00+08:00,0.0,0.0,0.0,24.99,4.11
2023-07-21 00:00:00+08:00,0.0,0.0,0.0,24.38,4.27
2023-07-21 01:00:00+08:00,0.0,0.0,0.0,23.74,4.23
2023-07-21 02:00:00+08:00,0.0,0.0,0.0,23.23,4.1
2023-07-21 03:00:00+08:00,0.0,0.0,0.0,22.93,4.0
2023-07-21 04:00:00+08:00,0.0,0.0,0.0,22.73,3.87
2023-07-21 05:00:00+08:00,17.98,4.57,19.29,22.79,3.97
2023-07-21 06:00:00+08:00,109.1,36.4,91.9,23.78,4.71
2023-07-21 07:00:00+08:00,206.75,61.07,165.57,25.32,5.22
2023-07-21 08:00:00+08:00,338.3,141.23,227.41,26.82,5.16
2023-07-21 09:00:00+08:00,434.23,192.66,250.89,27.77,4.93
2023-07-21 10:00:00+08:00,427.55,173.43,256.29,28.31,4.69
2023-07-21 11:00:00+08:00,400.5,142.37,272.55,28.6,4.37
2023-07-21 12:00:00+08:00,394.08,89.74,272.76,28.95,4.03
2023-07-21 13:00:00+08:00,346.88,61.08,270.78,29.03,3.59
2023-07-21 14:00:00+08:00,404.85,25.48,326.84,28.89,3.3
2023-07-21 15:00:00+08:00,328.58,8.34,274.56,28.96,3.5
2023-07-21 16:00:00+08:00,188.77,11.0,158.03,28.54,3.7
2023-07-21 17:00:00+08:00,109.03,8.37,95.32,27.66,3.18
2023-07-21 18:00:00+08:00,37.72,4.76,33.78,26.58,2.72
2023-07-21 19:00:00+08:00,0.95,0.0,1.31,25.59,3.05
2023-07-21 20:00:00+08:00,0.0,0.0,0.0,25.21,4.12
2023-07-21 21:00:00+08:00,0.0,0.0,0.0,24.85,4.71
2023-07-21 22:00:00+08:00,0.0,0.0,0.0,24.58,4.62
2023-07-21 23:00:00+08:00,0.0,0.0,0.0,24.39,3.97
2023-07-22 00:00:00+08:00,0.0,0.0,0.0,24.36,4.38
2023-07-22 01:00:00+08:00,0.0,0.0,0.0,24.48,4.97
2023-07-22 02:00:00+08:00,0.0,0.0,0.0,24.42,5.83
2023-07-22 03:00:00+08:00,0.0,0.0,0.0,23.73,5.72
2023-07-22 04:00:00+08:00,0.0,0.0,0.0,23.27,5.35
2023-07-22 05:00:00+08:00,10.5,1.82,11.15,23.08,5.54
2023-07-22 06:00:00+08:00,73.07,27.42,65.04,23.49,5.65
2023-07-22 07:00:00+08:00,155.15,75.89,111.57,24.68,6.25
2023-07-22 08:00:00+08:00,252.9,134.55,148.77,26.32,6.87
2023-07-22 09:00:00+08:00,389.48,225.14,198.6,27.85,6.87
2023-07-22 10:00:00+08:00,453.73,205.49,243.69,28.95,6.63
2023-07-22 11:00:00+08:00,602.3,245.31,302.19,29.81,6.11
2023-07-22 12:00:00+08:00,746.5,343.22,356.67,30.42,5.44
2023-07-22 13:00:00+08:00,683.78,327.55,336.09,30.79,4.75
2023-07-22 14:00:00+08:00,649.15,380.42,285.08,30.82,4.09
2023-07-22 15:00:00+08:00,529.5,324.63,271.23,30.49,3.39
2023-07-22 16:00:00+08:00,355.6,230.15,198.64,29.9,2.68
2023-07-22 17:00:00+08:00,209.2,160.46,147.3,29.09,2.02
2023-07-22 18:00:00+08:00,66.0,52.26,55.89,28.08,1.73
2023-07-22 19:00:00+08:00,2.75,0.9,4.16,26.29,1.44
2023-07-22 20:00:00+08:00,0.0,0.0,0.0,25.39,1.81
2023-07-22 21:00:00+08:00,0.0,0.0,0.0,24.83,2.09
2023-07-22 22:00:00+08:00,0.0,0.0,0.0,24.47,2.27
2023-07-22 23:00:00+08:00,0.0,0.0,0.0,24.14,2.44
2023-07-23 00:00:00+08:00,0.0,0.0,0.0,23.9,2.66
2023-07-23 01:00:00+08:00,0.0,0.0,0.0,23.71,2.94
2023-07-23 02:00:00+08:00,0.0,0.0,0.0,23.58,3.02
2023-07-23 03:00:00+08:00,0.0,0.0,0.0,23.47,2.76
2023-07-23 04:00:00+08:00,0.0,0.0,0.0,23.36,2.3
2023-07-23 05:00:00+08:00,18.23,12.33,19.33,23.56,2.03
2023-07-23 06:00:00+08:00,117.35,106.28,89.37,24.59,2.77
2023-07-23 07:00:00+08:00,229.18,159.96,155.25,25.81,2.62
2023-07-23 08:00:00+08:00,358.98,179.09,216.65,27.7,2.44
2023-07-23 09:00:00+08:00,470.92,235.09,260.26,29.22,2.33
2023-07-23 10:00:00+08:00,490.45,144.62,295.32,30.21,2.48
2023-07-23 11:00:00+08:00,641.5,200.83,355.6,30.9,2.56
2023-07-23 12:00:00+08:00,683.62,249.31,351.97,31.46,2.58
2023-07-23 13:00:00+08:00,462.5,178.71,260.65,31.79,2.5
2023-07-23 14:00:00+08:00,363.77,98.48,234.49,31.91,2.28
2023-07-23 15:00:00+08:00,148.45,36.12,108.08,31.88,1.89
2023-07-23 16:00:00+08:00,114.12,25.8,89.67,31.67,1.34
2023-07-23 17:00:00+08:00,136.77,92.81,106.14,31.39,0.54
2023-07-23 18:00:00+08:00,63.35,66.2,49.95,30.07,0.49
2023-07-23 19:00:00+08:00,0.0,0.0,0.0,28.03,1.05
2023-07-23 20:00:00+08:00,0.0,0.0,0.0,26.63,1.66
2023-07-23 21:00:00+08:00,0.0,0.0,0.0,25.15,2.24
2023-07-23 22:00:00+08:00,0.0,0.0,0.0,24.21,2.68
2023-07-23 23:00:00+08:00,0.0,0.0,0.0,23.65,2.86
2023-07-24 00:00:00+08:00,0.0,0.0,0.0,23.28,2.85
2023-07-24 01:00:00+08:00,0.0,0.0,0.0,23.01,2.75
2023-07-24 02:00:00+08:00,0.0,0.0,0.0,22.81,2.7
2023-07-24 03:00:00+08:00,0.0,0.0,0.0,22.67,2.69
2023-07-24 04:00:00+08:00,0.0,0.0,0.0,22.54,2.68
2023-07-24 05:00:00+08:00,17.0,8.79,16.46,22.94,2.65
2023-07-24 06:00:00+08:00,130.95,143.73,84.9,24.77,3.58
2023-07-24 07:00:00+08:00,281.17,215.07,162.41,26.34,3.26
2023-07-24 08:00:00+08:00,444.42,299.47,218.76,29.16,2.58
2023-07-24 09:00:00+08:00,608.58,369.4,279.91,30.78,1.94
2023-07-24 10:00:00+08:00,714.67,355.28,338.42,31.79,1.74
2023-07-24 11:00:00+08:00,810.2,424.26,357.98,32.5,1.79
2023-07-24 12:00:00+08:00,840.03,503.63,341.22,32.92,2.02
2023-07-24 13:00:00+08:00,783.55,416.97,364.02,32.81,2.32
2023-07-24 14:00:00+08:00,652.97,346.27,343.83,31.98,2.29
2023-07-24 15:00:00+08:00,549.22,361.05,285.75,31.75,2.4
2023-07-24 16:00:00+08:00,410.35,400.54,172.8,30.92,2.77
2023-07-24 17:00:00+08:00,214.18,194.78,144.34,29.67,2.74
2023-07-24 18:00:00+08:00,71.65,46.26,61.25,28.24,2.06
2023-07-24 19:00:00+08:00,0.0,0.0,0.0,27.06,2.16
2023-07-24 20:00:00+08:00,0.0,0.0,0.0,26.74,2.15
2023-07-24 21:00:00+08:00,0.0,0.0,0.0,26.47,2.2
2023-07-24 22:00:00+08:00,0.0,0.0,0.0,26.16,2.28
2023-07-24 23:00:00+08:00,0.0,0.0,0.0,25.82,2.28
2023-07-25 00:00:00+08:00,0.0,0.0,0.0,25.45,2.23
2023-07-25 01:00:00+08:00,0.0,0.0,0.0,25.11,2.15
2023-07-25 02:00:00+08:00,0.0,0.0,0.0,24.8,2.09
2023-07-25 03:00:00+08:00,0.0,0.0,0.0,24.49,2.06
2023-07-25 04:00:00+08:00,0.0,0.0,0.0,24.16,2.04
2023-07-25 05:00:00+08:00,13.32,2.0,14.17,24.14,2.05
2023-07-25 06:00:00+08:00,115.25,74.17,95.57,25.32,2.86
2023-07-25 07:00:00+08:00,224.75,94.72,175.34,25.97,3.06
2023-07-25 08:00:00+08:00,369.25,174.9,238.13,27.26,2.91
2023-07-25 09:00:00+08:00,618.55,390.1,296.48,28.21,3.01
2023-07-25 10:00:00+08:00,650.67,221.12,375.92,28.8,3.11
2023-07-25 11:00:00+08:00,699.05,190.12,445.56,29.33,3.07
2023-07-25 12:00:00+08:00,725.58,276.03,407.74,29.82,2.83
2023-07-25 13:00:00+08:00,771.35,430.08,342.66,30.05,2.57
2023-07-25 14:00:00+08:00,699.08,464.51,277.86,29.99,2.4
2023-07-25 15:00:00+08:00,543.8,391.76,231.65,29.88,2.31
2023-07-25 16:00:00+08:00,382.3,344.32,178.39,29.61,2.17
2023-07-25 17:00:00+08:00,198.35,219.8,114.54,28.94,2.17
2023-07-25 18:00:00+08:00,68.07,77.0,53.75,27.45,1.93
2023-07-25 19:00:00+08:00,0.0,0.0,0.0,25.32,2.13
2023-07-25 20:00:00+08:00,0.0,0.0,0.0,24.52,2.38
2023-07-25 21:00:00+08:00,0.0,0.0,0.0,23.95,2.54
2023-07-25 22:00:00+08:00,0.0,0.0,0.0,23.45,2.69
2023-07-25 23:00:00+08:00,0.0,0.0,0.0,23.11,2.62
2023-07-26 00:00:00+08:00,0.0,0.0,0.0,22.91,2.45
2023-07-26 01:00:00+08:00,0.0,0.0,0.0,22.72,2.3
2023-07-26 02:00:00+08:00,0.0,0.0,0.0,22.56,2.19
2023-07-26 03:00:00+08:00,0.0,0.0,0.0,22.44,2.1
2023-07-26 04:00:00+08:00,0.0,0.0,0.0,22.26,2.03
2023-07-26 05:00:00+08:00,15.6,2.41,17.2,22.6,2.09
2023-07-26 06:00:00+08:00,114.62,42.75,103.87,23.96,2.85
2023-07-26 07:00:00+08:00,260.52,113.86,201.31,25.6,2.47
2023-07-26 08:00:00+08:00,407.05,199.24,248.97,27.68,2.28
2023-07-26 09:00:00+08:00,589.2,337.74,292.71,29.22,1.7
2023-07-26 10:00:00+08:00,676.83,326.39,336.4,30.31,1.62
2023-07-26 11:00:00+08:00,696.97,303.93,354.84,30.57,2.04
2023-07-26 12:00:00+08:00,620.8,326.34,279.81,30.65,2.67
2023-07-26 13:00:00+08:00,424.33,103.52,258.82,30.5,3.27
2023-07-26 14:00:00+08:00,73.28,3.85,58.31,30.15,3.65
2023-07-26 15:00:00+08:00,210.07,0.0,176.33,29.72,3.86
2023-07-26 16:00:00+08:00,174.93,5.21,151.67,29.1,3.82
2023-07-26 17:00:00+08:00,130.2,22.91,110.48,28.27,3.35
2023-07-26 18:00:00+08:00,49.08,8.28,44.83,26.94,2.46
2023-07-26 19:00:00+08:00,0.0,0.0,0.0,25.27,2.18
2023-07-26 20:00:00+08:00,0.0,0.0,0.0,24.6,2.29
2023-07-26 21:00:00+08:00,0.0,0.0,0.0,24.0,2.41
2023-07-26 22:00:00+08:00,0.0,0.0,0.0,23.43,2.5
2023-07-26 23:00:00+08:00,0.0,0.0,0.0,22.87,2.6
2023-07-27 00:00:00+08:00,0.0,0.0,0.0,22.33,2.58
2023-07-27 01:00:00+08:00,0.0,0.0,0.0,21.87,2.41
2023-07-27 02:00:00+08:00,0.0,0.0,0.0,21.64,2.25
2023-07-27 03:00:00+08:00,0.0,0.0,0.0,21.25,2.18
2023-07-27 04:00:00+08:00,0.0,0.0,0.0,21.03,2.14
2023-07-27 05:00:00+08:00,15.7,9.03,16.09,21.47,2.01
2023-07-27 06:00:00+08:00,124.0,140.4,79.69,23.36,2.64
2023-07-27 07:00:00+08:00,292.7,292.47,154.5,25.19,2.28
2023-07-27 08:00:00+08:00,468.1,384.3,206.67,27.17,1.87
2023-07-27 09:00:00+08:00,635.97,465.23,247.09,28.96,1.81
2023-07-27 10:00:00+08:00,798.15,628.96,224.84,30.23,2.03
2023-07-27 11:00:00+08:00,863.97,643.59,256.19,31.19,2.12
2023-07-27 12:00:00+08:00,863.12,606.96,260.87,31.85,2.14
2023-07-27 13:00:00+08:00,805.7,584.07,255.67,32.22,2.26
2023-07-27 14:00:00+08:00,699.05,535.63,244.01,32.29,2.51
2023-07-27 15:00:00+08:00,560.05,471.86,212.6,32.08,2.66
2023-07-27 16:00:00+08:00,384.1,379.51,178.18,31.62,2.65
2023-07-27 17:00:00+08:00,207.52,238.59,128.65,30.96,2.3
2023-07-27 18:00:00+08:00,74.32,69.64,65.18,29.4,2.09
2023-07-27 19:00:00+08:00,0.0,0.0,0.0,27.24,2.16
2023-07-27 20:00:00+08:00,0.0,0.0,0.0,26.5,2.41
2023-07-27 21:00:00+08:00,0.0,0.0,0.0,26.02,2.55
2023-07-27 22:00:00+08:00,0.0,0.0,0.0,25.61,2.82
2023-07-27 23:00:00+08:00,0.0,0.0,0.0,25.27,3.3
2023-07-28 00:00:00+08:00,0.0,0.0,0.0,24.79,3.55
2023-07-28 01:00:00+08:00,0.0,0.0,0.0,24.25,3.37
2023-07-28 02:00:00+08:00,0.0,0.0,0.0,23.73,2.89
2023-07-28 03:00:00+08:00,0.0,0.0,0.0,23.32,2.57
2023-07-28 04:00:00+08:00,0.0,0.0,0.0,23.13,2.56
2023-07-28 05:00:00+08:00,14.65,25.16,16.64,23.43,2.62
2023-07-28 06:00:00+08:00,128.02,233.55,72.36,24.91,3.42
2023-07-28 07:00:00+08:00,293.52,361.16,135.31,26.38,3.51
2023-07-28 08:00:00+08:00,453.27,500.66,144.73,27.85,3.25
2023-07-28 09:00:00+08:00,643.88,487.81,244.25,29.22,2.96
2023-07-28 10:00:00+08:00,753.47,535.51,275.96,30.39,2.76
2023-07-28 11:00:00+08:00,813.15,531.31,328.57,31.22,2.76
2023-07-28 12:00:00+08:00,781.53,385.36,353.96,31.72,3.05
2023-07-28 13:00:00+08:00,649.28,450.92,251.56,31.85,3.71
2023-07-28 14:00:00+08:00,512.92,300.75,268.34,31.75,4.4
2023-07-28 15:00:00+08:00,357.0,146.99,217.44,31.32,4.52
2023-07-28 16:00:00+08:00,141.77,60.61,104.82,30.71,4.09
2023-07-28 17:00:00+08:00,84.1,19.2,71.41,29.65,3.48
2023-07-28 18:00:00+08:00,34.33,10.24,30.1,28.06,2.89
2023-07-28 19:00:00+08:00,0.0,0.0,0.0,26.31,2.66
2023-07-28 20:00:00+08:00,0.0,0.0,0.0,25.61,3.29
2023-07-28 21:00:00+08:00,0.0,0.0,0.0,24.97,3.96
2023-07-28 22:00:00+08:00,0.0,0.0,0.0,24.33,4.12
2023-07-28 23:00:00+08:00,0.0,0.0,0.0,23.94,3.73
2023-07-29 00:00:00+08:00,0.0,0.0,0.0,23.75,3.43
2023-07-29 01:00:00+08:00,0.0,0.0,0.0,23.83,3.33
2023-07-29 02:00:00+08:00,0.0,0.0,0.0,24.01,3.15
2023-07-29 03:00:00+08:00,0.0,0.0,0.0,24.08,3.02
2023-07-29 04:00:00+08:00,0.0,0.0,0.0,24.06,3.0
2023-07-29 05:00:00+08:00,10.95,2.02,11.24,24.21,3.27
2023-07-29 06:00:00+08:00,64.53,19.6,55.24,24.99,4.07
2023-07-29 07:00:00+08:00,151.9,1.12,132.04,25.7,4.1
2023-07-29 08:00:00+08:00,243.88,9.53,207.94,26.45,4.64
2023-07-29 09:00:00+08:00,168.77,32.81,123.97,26.97,5.0
2023-07-29 10:00:00+08:00,243.93,32.66,178.23,27.47,5.02
2023-07-29 11:00:00+08:00,210.7,24.4,161.65,28.07,5.12
2023-07-29 12:00:00+08:00,171.32,19.49,134.27,28.92,5.42
2023-07-29 13:00:00+08:00,134.35,6.94,105.71,29.51,5.84
2023-07-29 14:00:00+08:00,158.38,20.47,124.08,29.31,5.99
2023-07-29 15:00:00+08:00,171.85,16.33,141.19,28.63,5.87
2023-07-29 16:00:00+08:00,170.68,5.96,147.86,27.81,5.93
2023-07-29 17:00:00+08:00,82.82,5.75,70.15,26.94,6.34
2023-07-29 18:00:00+08:00,29.33,4.29,25.14,26.37,6.79
2023-07-29 19:00:00+08:00,0.0,0.0,0.0,25.82,7.07
2023-07-29 20:00:00+08:00,0.0,0.0,0.0,25.33,7.08
2023-07-29 21:00:00+08:00,0.0,0.0,0.0,24.89,7.0
2023-07-29 22:00:00+08:00,0.0,0.0,0.0,24.6,6.81
2023-07-29 23:00:00+08:00,0.0,0.0,0.0,24.55,6.92
2023-07-30 00:00:00+08:00,0.0,0.0,0.0,24.66,7.06
2023-07-30 01:00:00+08:00,0.0,0.0,0.0,24.79,6.79
2023-07-30 02:00:00+08:00,0.0,0.0,0.0,24.72,5.78
2023-07-30 03:00:00+08:00,0.0,0.0,0.0,24.58,5.59
2023-07-30 04:00:00+08:00,0.0,0.0,0.0,24.43,5.6
2023-07-30 05:00:00+08:00,5.05,0.0,5.2,24.28,5.82
2023-07-30 06:00:00+08:00,48.35,7.32,41.59,24.77,5.97
2023-07-30 07:00:00+08:00,108.0,19.81,90.48,25.78,6.36
2023-07-30 08:00:00+08:00,183.07,51.0,135.81,27.02,7.06
2023-07-30 09:00:00+08:00,290.02,85.28,207.29,28.4,7.63
2023-07-30 10:00:00+08:00,352.23,64.17,254.37,29.61,7.8
2023-07-30 11:00:00+08:00,475.65,74.72,335.32,30.43,7.87
2023-07-30 12:00:00+08:00,471.55,143.83,282.58,30.67,7.7
2023-07-30 13:00:00+08:00,460.15,153.72,267.32,30.44,7.37
2023-07-30 14:00:00+08:00,457.8,103.77,305.78,30.16,7.25
2023-07-30 15:00:00+08:00,387.73,123.34,263.03,29.88,7.11
2023-07-30 16:00:00+08:00,257.35,73.13,189.29,29.45,6.58
2023-07-30 17:00:00+08:00,139.38,32.78,117.95,28.74,5.62
2023-07-30 18:00:00+08:00,40.53,6.73,35.51,27.71,4.98
2023-07-30 19:00:00+08:00,0.0,0.0,0.0,26.84,4.95
2023-07-30 20:00:00+08:00,0.0,0.0,0.0,26.27,5.04
2023-07-30 21:00:00+08:00,0.0,0.0,0.0,25.94,5.31
2023-07-30 22:00:00+08:00,0.0,0.0,0.0,25.78,5.1
2023-07-30 23:00:00+08:00,0.0,0.0,0.0,25.71,4.48
2023-07-31 00:00:00+08:00,0.0,0.0,0.0,25.66,4.36
2023-07-31 01:00:00+08:00,0.0,0.0,0.0,25.58,4.89
2023-07-31 02:00:00+08:00,0.0,0.0,0.0,25.4,5.03
2023-07-31 03:00:00+08:00,0.0,0.0,0.0,25.23,4.43
2023-07-31 04:00:00+08:00,0.0,0.0,0.0,25.14,4.07
2023-07-31 05:00:00+08:00,6.78,0.0,6.97,25.14,4.26
2023-07-31 06:00:00+08:00,54.55,4.56,47.32,25.33,4.74
2023-07-31 07:00:00+08:00,110.0,10.69,90.82,25.64,4.94
2023-07-31 08:00:00+08:00,186.2,27.86,143.09,26.09,4.99
2023-07-31 09:00:00+08:00,231.0,26.56,178.88,26.77,5.48
2023-07-31 10:00:00+08:00,476.42,79.42,327.57,27.76,5.14
2023-07-31 11:00:00+08:00,536.42,135.25,330.29,28.8,4.8
2023-07-31 12:00:00+08:00,580.45,137.12,375.64,29.7,4.5
2023-07-31 13:00:00+08:00,614.12,161.44,381.2,30.49,4.38
2023-07-31 14:00:00+08:00,484.27,216.59,303.1,30.61,4.26
2023-07-31 15:00:00+08:00,396.23,62.9,293.42,30.17,4.01
2023-07-31 16:00:00+08:00,268.65,77.23,205.8,29.37,3.49
2023-07-31 17:00:00+08:00,139.55,64.3,111.71,28.58,2.46
2023-07-31 18:00:00+08:00,48.45,31.12,40.88,28.0,1.52
2023-07-31 19:00:00+08:00,0.0,0.0,0.0,27.55,1.59
2023-07-31 20:00:00+08:00,0.0,0.0,0.0,27.41,2.59
2023-07-31 21:00:00+08:00,0.0,0.0,0.0,27.3,3.62
2023-07-31 22:00:00+08:00,0.0,0.0,0.0,26.99,3.12
2023-07-31 23:00:00+08:00,0.0,0.0,0.0,26.62,2.95
2023-08-01 00:00:00+08:00,0.0,0.0,0.0,26.45,4.16
2023-08-01 01:00:00+08:00,0.0,0.0,0.0,25.99,4.96
2023-08-01 02:00:00+08:00,0.0,0.0,0.0,25.47,4.65
2023-08-01 03:00:00+08:00,0.0,0.0,0.0,25.09,4.47
2023-08-01 04:00:00+08:00,0.0,0.0,0.0,24.74,4.55
2023-08-01 05:00:00+08:00,10.77,22.34,12.52,24.6,4.63
2023-08-01 06:00:00+08:00,90.2,156.71,56.1,25.21,5.08
2023-08-01 07:00:00+08:00,197.12,299.76,96.64,26.38,6.07
2023-08-01 08:00:00+08:00,458.62,550.23,136.83,27.86,6.48
2023-08-01 09:00:00+08:00,659.33,643.46,175.4,29.13,6.43
2023-08-01 10:00:00+08:00,802.17,724.36,183.15,30.14,6.31
2023-08-01 11:00:00+08:00,859.85,699.24,201.62,30.89,6.2
2023-08-01 12:00:00+08:00,855.83,591.71,274.05,31.38,6.0
2023-08-01 13:00:00+08:00,750.45,627.77,226.56,31.55,5.75
2023-08-01 14:00:00+08:00,669.85,519.13,246.7,31.5,5.47
2023-08-01 15:00:00+08:00,539.05,481.13,213.58,31.19,5.08
2023-08-01 16:00:00+08:00,381.1,399.92,190.83,30.61,4.5
2023-08-01 17:00:00+08:00,202.43,199.66,145.48,29.7,3.62
2023-08-01 18:00:00+08:00,61.53,48.33,51.53,28.25,2.68
2023-08-01 19:00:00+08:00,0.0,0.0,0.0,26.42,2.61
2023-08-01 20:00:00+08:00,0.0,0.0,0.0,26.07,3.0
2023-08-01 21:00:00+08:00,0.0,0.0,0.0,25.92,3.59
2023-08-01 22:00:00+08:00,0.0,0.0,0.0,25.86,4.25
2023-08-01 23:00:00+08:00,0.0,0.0,0.0,25.65,4.61
2023-08-02 00:00:00+08:00,0.0,0.0,0.0,25.12,4.39
2023-08-02 01:00:00+08:00,0.0,0.0,0.0,24.62,4.42
2023-08-02 02:00:00+08:00,0.0,0.0,0.0,24.27,4.4
2023-08-02 03:00:00+08:00,0.0,0.0,0.0,24.02,4.19
2023-08-02 04:00:00+08:00,0.0,0.0,0.0,23.71,3.45
2023-08-02 05:00:00+08:00,13.52,20.88,15.29,23.72,3.31
2023-08-02 06:00:00+08:00,123.25,249.54,69.77,24.9,4.42
2023-08-02 07:00:00+08:00,272.17,448.04,106.45,26.23,5.26
2023-08-02 08:00:00+08:00,436.9,487.36,142.71,27.7,5.56
2023-08-02 09:00:00+08:00,519.95,540.0,156.22,28.98,5.45
2023-08-02 10:00:00+08:00,668.25,348.54,336.7,30.05,5.36
2023-08-02 11:00:00+08:00,715.5,458.66,309.22,30.88,5.41
2023-08-02 12:00:00+08:00,708.17,397.15,303.64,31.4,5.44
2023-08-02 13:00:00+08:00,707.12,483.7,253.43,31.66,5.47
2023-08-02 14:00:00+08:00,663.75,523.74,224.6,31.79,5.48
2023-08-02 15:00:00+08:00,542.7,481.66,209.59,31.61,5.42
2023-08-02 16:00:00+08:00,392.2,449.66,151.91,31.18,5.11
2023-08-02 17:00:00+08:00,198.85,364.78,81.51,30.25,4.25
2023-08-02 18:00:00+08:00,61.38,132.78,41.26,28.81,3.14
2023-08-02 19:00:00+08:00,0.0,0.0,0.0,27.43,2.86
2023-08-02 20:00:00+08:00,0.0,0.0,0.0,26.99,3.2
2023-08-02 21:00:00+08:00,0.0,0.0,0.0,26.58,3.37
2023-08-02 22:00:00+08:00,0.0,0.0,0.0,26.2,3.57
2023-08-02 23:00:00+08:00,0.0,0.0,0.0,25.91,3.9
2023-08-03 00:00:00+08:00,0.0,0.0,0.0,25.68,4.11
2023-08-03 01:00:00+08:00,0.0,0.0,0.0,25.52,4.33
2023-08-03 02:00:00+08:00,0.0,0.0,0.0,25.37,4.58
2023-08-03 03:00:00+08:00,0.0,0.0,0.0,25.21,4.67
2023-08-03 04:00:00+08:00,0.0,0.0,0.0,25.08,4.74
2023-08-03 05:00:00+08:00,11.4,9.2,13.5,25.06,4.82
2023-08-03 06:00:00+08:00,109.28,169.87,68.88,25.85,5.23
2023-08-03 07:00:00+08:00,248.57,261.61,133.26,27.2,5.78
2023-08-03 08:00:00+08:00,409.9,329.48,193.55,28.62,6.19
2023-08-03 09:00:00+08:00,547.47,402.02,228.29,29.93,6.08
2023-08-03 10:00:00+08:00,688.45,446.4,283.64,30.91,5.88
2023-08-03 11:00:00+08:00,771.92,528.52,265.01,31.65,5.9
2023-08-03 12:00:00+08:00,831.85,559.35,287.25,32.22,5.99
2023-08-03 13:00:00+08:00,766.85,570.16,238.5,32.57,5.98
2023-08-03 14:00:00+08:00,728.5,646.22,194.65,32.63,5.84
2023-08-03 15:00:00+08:00,586.0,586.28,171.37,32.41,5.56
2023-08-03 16:00:00+08:00,406.95,493.85,140.32,31.91,5.0
2023-08-03 17:00:00+08:00,201.93,338.87,90.5,31.02,4.03
2023-08-03 18:00:00+08:00,57.55,137.13,39.06,29.51,3.14
2023-08-03 19:00:00+08:00,0.0,0.0,0.0,28.07,3.46
2023-08-03 20:00:00+08:00,0.0,0.0,0.0,27.69,4.46
2023-08-03 21:00:00+08:00,0.0,0.0,0.0,27.19,4.99
2023-08-03 22:00:00+08:00,0.0,0.0,0.0,26.64,5.08
2023-08-03 23:00:00+08:00,0.0,0.0,0.0,26.17,4.92
2023-08-04 00:00:00+08:00,0.0,0.0,0.0,25.75,4.73
2023-08-04 01:00:00+08:00,0.0,0.0,0.0,25.41,4.66
2023-08-04 02:00:00+08:00,0.0,0.0,0.0,25.12,4.72
2023-08-04 03:00:00+08:00,0.0,0.0,0.0,24.92,4.95
2023-08-04 04:00:00+08:00,0.0,0.0,0.0,24.77,5.16
2023-08-04 05:00:00+08:00,11.05,7.97,13.84,24.79,5.37
2023-08-04 06:00:00+08:00,114.47,165.13,76.99,25.83,5.71
2023-08-04 07:00:00+08:00,273.55,324.29,137.0,27.51,5.87
2023-08-04 08:00:00+08:00,465.3,496.38,171.24,29.3,6.2
2023-08-04 09:00:00+08:00,597.9,532.19,205.7,30.79,6.09
2023-08-04 10:00:00+08:00,711.22,506.36,265.87,31.91,5.7
2023-08-04 11:00:00+08:00,793.12,544.43,282.14,32.78,5.39
2023-08-04 12:00:00+08:00,753.92,552.61,226.61,33.38,5.28
2023-08-04 13:00:00+08:00,829.55,672.76,197.87,33.67,5.23
2023-08-04 14:00:00+08:00,725.4,628.8,195.66,33.73,5.08
2023-08-04 15:00:00+08:00,574.33,569.9,169.31,33.53,4.74
2023-08-04 16:00:00+08:00,394.38,423.15,165.93,32.86,4.07
2023-08-04 17:00:00+08:00,197.73,271.77,107.61,32.01,3.56
2023-08-04 18:00:00+08:00,52.8,84.2,41.4,30.28,2.82
2023-08-04 19:00:00+08:00,0.0,0.0,0.0,28.54,2.9
2023-08-04 20:00:00+08:00,0.0,0.0,0.0,28.09,3.47
2023-08-04 21:00:00+08:00,0.0,0.0,0.0,27.79,4.15
2023-08-04 22:00:00+08:00,0.0,0.0,0.0,27.41,4.61
2023-08-04 23:00:00+08:00,0.0,0.0,0.0,27.01,4.53
2023-08-05 00:00:00+08:00,0.0,0.0,0.0,26.64,4.35
2023-08-05 01:00:00+08:00,0.0,0.0,0.0,26.26,4.27
2023-08-05 02:00:00+08:00,0.0,0.0,0.0,25.86,4.09
2023-08-05 03:00:00+08:00,0.0,0.0,0.0,25.48,3.93
2023-08-05 04:00:00+08:00,0.0,0.0,0.0,25.16,3.91
2023-08-05 05:00:00+08:00,10.48,2.66,13.52,25.01,4.14
2023-08-05 06:00:00+08:00,103.4,101.67,80.29,25.83,4.39
2023-08-05 07:00:00+08:00,258.17,220.08,156.29,27.48,3.69
2023-08-05 08:00:00+08:00,406.38,326.27,196.51,29.66,4.15
2023-08-05 09:00:00+08:00,501.17,287.05,257.5,31.11,4.11
2023-08-05 10:00:00+08:00,609.4,301.24,302.75,32.09,3.88
2023-08-05 11:00:00+08:00,592.0,193.32,330.93,32.58,3.74
2023-08-05 12:00:00+08:00,600.42,251.78,313.77,32.84,3.57
2023-08-05 13:00:00+08:00,491.38,199.42,281.49,32.88,3.4
2023-08-05 14:00:00+08:00,406.35,136.07,247.42,32.72,3.16
2023-08-05 15:00:00+08:00,382.15,66.59,270.85,32.18,2.68
2023-08-05 16:00:00+08:00,232.0,72.39,184.64,31.61,2.1
2023-08-05 17:00:00+08:00,116.95,6.68,103.42,31.0,1.25
2023-08-05 18:00:00+08:00,31.27,0.0,28.22,30.0,0.6
2023-08-05 19:00:00+08:00,0.0,0.0,0.0,28.9,0.17
2023-08-05 20:00:00+08:00,0.0,0.0,0.0,28.38,0.8
2023-08-05 21:00:00+08:00,0.0,0.0,0.0,27.67,1.42
2023-08-05 22:00:00+08:00,0.0,0.0,0.0,27.02,1.93
2023-08-05 23:00:00+08:00,0.0,0.0,0.0,26.8,1.49
2023-08-06 00:00:00+08:00,0.0,0.0,0.0,26.75,1.38
2023-08-06 01:00:00+08:00,0.0,0.0,0.0,26.18,2.1
2023-08-06 02:00:00+08:00,0.0,0.0,0.0,25.69,2.74
2023-08-06 03:00:00+08:00,0.0,0.0,0.0,25.04,4.57
2023-08-06 04:00:00+08:00,0.0,0.0,0.0,23.96,6.42
2023-08-06 05:00:00+08:00,5.97,0.0,7.29,22.81,6.94
2023-08-06 06:00:00+08:00,47.8,13.41,40.76,22.45,6.84
2023-08-06 07:00:00+08:00,108.45,34.87,86.44,23.26,6.89
2023-08-06 08:00:00+08:00,176.65,32.69,137.42,24.82,7.07
2023-08-06 09:00:00+08:00,387.75,119.29,252.69,26.38,6.64
2023-08-06 10:00:00+08:00,500.83,180.08,300.6,27.56,6.02
2023-08-06 11:00:00+08:00,615.42,242.06,323.14,28.54,5.72
2023-08-06 12:00:00+08:00,644.5,564.19,172.14,29.26,5.84
2023-08-06 13:00:00+08:00,711.22,654.0,162.57,29.7,5.91
2023-08-06 14:00:00+08:00,718.0,616.14,226.25,29.85,5.79
2023-08-06 15:00:00+08:00,608.28,700.55,126.78,29.73,5.47
2023-08-06 16:00:00+08:00,439.27,644.21,104.45,29.28,5.03
2023-08-06 17:00:00+08:00,238.4,484.3,79.86,28.27,4.12
2023-08-06 18:00:00+08:00,64.62,177.29,37.36,26.32,2.86
2023-08-06 19:00:00+08:00,0.0,0.0,0.0,24.23,2.83
2023-08-06 20:00:00+08:00,0.0,0.0,0.0,23.19,3.19
2023-08-06 21:00:00+08:00,0.0,0.0,0.0,22.1,3.31
2023-08-06 22:00:00+08:00,0.0,0.0,0.0,21.09,3.15
2023-08-06 23:00:00+08:00,0.0,0.0,0.0,20.38,3.02
2023-08-07 00:00:00+08:00,0.0,0.0,0.0,19.77,2.95
2023-08-07 01:00:00+08:00,0.0,0.0,0.0,19.51,3.07
2023-08-07 02:00:00+08:00,0.0,0.0,0.0,19.22,3.09
2023-08-07 03:00:00+08:00,0.0,0.0,0.0,18.94,2.81
2023-08-07 04:00:00+08:00,0.0,0.0,0.0,18.62,2.36
2023-08-07 05:00:00+08:00,11.43,16.74,13.33,18.72,1.98
2023-08-07 06:00:00+08:00,133.62,279.76,72.52,20.45,2.68
2023-08-07 07:00:00+08:00,311.15,440.65,130.61,22.4,3.54
2023-08-07 08:00:00+08:00,500.12,553.58,172.86,24.44,4.64
2023-08-07 09:00:00+08:00,679.35,657.37,182.27,25.8,5.01
2023-08-07 10:00:00+08:00,813.58,727.82,178.15,26.87,5.04
2023-08-07 11:00:00+08:00,874.8,713.71,206.25,27.62,4.83
2023-08-07 12:00:00+08:00,881.62,665.55,243.92,28.32,4.56
2023-08-07 13:00:00+08:00,800.03,618.38,258.04,28.8,4.33
2023-08-07 14:00:00+08:00,641.05,343.81,340.65,28.72,4.17
2023-08-07 15:00:00+08:00,517.2,379.42,240.62,28.29,4.1
2023-08-07 16:00:00+08:00,367.95,309.72,198.54,27.53,3.9
2023-08-07 17:00:00+08:00,191.25,158.68,134.38,26.5,3.21
2023-08-07 18:00:00+08:00,53.28,38.08,47.41,25.03,2.15
2023-08-07 19:00:00+08:00,0.0,0.0,0.0,23.72,1.98
2023-08-07 20:00:00+08:00,0.0,0.0,0.0,23.22,1.97
2023-08-07 21:00:00+08:00,0.0,0.0,0.0,22.84,1.98
2023-08-07 22:00:00+08:00,0.0,0.0,0.0,22.52,2.0
2023-08-07 23:00:00+08:00,0.0,0.0,0.0,22.24,2.08
2023-08-08 00:00:00+08:00,0.0,0.0,0.0,21.94,2.11
2023-08-08 01:00:00+08:00,0.0,0.0,0.0,21.71,2.01
2023-08-08 02:00:00+08:00,0.0,0.0,0.0,21.52,1.9
2023-08-08 03:00:00+08:00,0.0,0.0,0.0,21.38,1.82
2023-08-08 04:00:00+08:00,0.0,0.0,0.0,21.27,1.76
2023-08-08 05:00:00+08:00,8.02,2.95,9.84,21.26,1.68
2023-08-08 06:00:00+08:00,101.35,95.07,76.76,22.62,1.8
2023-08-08 07:00:00+08:00,246.48,192.68,159.35,23.99,2.21
2023-08-08 08:00:00+08:00,408.9,427.37,168.72,26.09,2.67
2023-08-08 09:00:00+08:00,589.75,461.27,225.59,27.59,2.75
2023-08-08 10:00:00+08:00,734.7,490.64,305.34,28.79,2.56
2023-08-08 11:00:00+08:00,744.15,493.86,291.7,29.74,2.32
2023-08-08 12:00:00+08:00,832.45,534.6,339.12,30.41,2.19
2023-08-08 13:00:00+08:00,776.97,597.74,228.42,30.78,2.17
2023-08-08 14:00:00+08:00,643.28,477.98,230.05,30.83,2.17
2023-08-08 15:00:00+08:00,518.28,436.88,212.3,30.56,2.11
2023-08-08 16:00:00+08:00,359.38,434.27,137.22,30.03,2.0
2023-08-08 17:00:00+08:00,183.4,276.18,94.03,29.4,1.71
2023-08-08 18:00:00+08:00,47.55,70.93,38.81,27.59,1.63
2023-08-08 19:00:00+08:00,0.0,0.0,0.0,25.78,1.7
2023-08-08 20:00:00+08:00,0.0,0.0,0.0,25.1,1.81
2023-08-08 21:00:00+08:00,0.0,0.0,0.0,24.65,1.92
2023-08-08 22:00:00+08:00,0.0,0.0,0.0,24.07,2.07
2023-08-08 23:00:00+08:00,0.0,0.0,0.0,23.48,2.2
2023-08-09 00:00:00+08:00,0.0,0.0,0.0,23.01,2.25
2023-08-09 01:00:00+08:00,0.0,0.0,0.0,22.55,2.21
2023-08-09 02:00:00+08:00,0.0,0.0,0.0,22.1,2.15
2023-08-09 03:00:00+08:00,0.0,0.0,0.0,21.75,2.05
2023-08-09 04:00:00+08:00,0.0,0.0,0.0,21.54,1.95
2023-08-09 05:00:00+08:00,10.27,13.79,11.04,21.63,1.81
2023-08-09 06:00:00+08:00,131.77,303.8,66.08,23.3,2.04
2023-08-09 07:00:00+08:00,317.83,504.31,105.09,24.89,2.41
2023-08-09 08:00:00+08:00,514.15,638.62,128.14,26.77,3.55
2023-08-09 09:00:00+08:00,678.9,656.82,179.07,27.93,3.97
2023-08-09 10:00:00+08:00,779.47,619.37,241.0,28.93,4.1
2023-08-09 11:00:00+08:00,842.35,603.46,284.36,29.74,4.1
2023-08-09 12:00:00+08:00,890.45,709.61,221.14,30.26,3.99
2023-08-09 13:00:00+08:00,802.55,564.33,280.08,30.48,3.73
2023-08-09 14:00:00+08:00,688.78,503.89,268.52,30.45,3.42
2023-08-09 15:00:00+08:00,561.22,490.52,228.33,30.28,3.22
2023-08-09 16:00:00+08:00,375.17,398.71,168.85,30.09,3.14
2023-08-09 17:00:00+08:00,191.45,260.68,107.87,29.21,2.63
2023-08-09 18:00:00+08:00,46.85,68.18,37.6,27.3,2.12
2023-08-09 19:00:00+08:00,0.0,0.0,0.0,25.39,2.21
2023-08-09 20:00:00+08:00,0.0,0.0,0.0,24.67,2.34
2023-08-09 21:00:00+08:00,0.0,0.0,0.0,23.98,2.46
2023-08-09 22:00:00+08:00,0.0,0.0,0.0,23.25,2.56
2023-08-09 23:00:00+08:00,0.0,0.0,0.0,22.53,2.56
2023-08-10 00:00:00+08:00,0.0,0.0,0.0,21.88,2.46
2023-08-10 01:00:00+08:00,0.0,0.0,0.0,21.32,2.32
2023-08-10 02:00:00+08:00,0.0,0.0,0.0,20.85,2.24
2023-08-10 03:00:00+08:00,0.0,0.0,0.0,20.4,2.19
2023-08-10 04:00:00+08:00,0.0,0.0,0.0,19.95,2.17
2023-08-10 05:00:00+08:00,8.45,2.75,10.62,19.76,2.09
2023-08-10 06:00:00+08:00,113.38,191.31,72.77,21.59,2.81
2023-08-10 07:00:00+08:00,274.12,333.59,130.82,23.31,2.92
2023-08-10 08:00:00+08:00,462.7,465.69,167.32,25.79,4.09
2023-08-10 09:00:00+08:00,639.4,573.19,196.43,27.49,4.39
2023-08-10 10:00:00+08:00,770.5,612.08,220.36,28.85,4.4
2023-08-10 11:00:00+08:00,850.72,665.95,203.8,29.93,4.38
2023-08-10 12:00:00+08:00,895.53,774.09,156.74,30.67,4.24
2023-08-10 13:00:00+08:00,840.2,686.28,206.2,31.13,3.96
2023-08-10 14:00:00+08:00,730.22,638.69,197.11,31.26,3.64
2023-08-10 15:00:00+08:00,579.03,593.3,161.61,31.08,3.34
2023-08-10 16:00:00+08:00,390.27,458.77,151.32,30.65,3.04
2023-08-10 17:00:00+08:00,188.23,300.06,90.66,29.82,2.48
2023-08-10 18:00:00+08:00,43.22,58.96,36.07,27.55,1.92
2023-08-10 19:00:00+08:00,0.0,0.0,0.0,25.64,2.17
2023-08-10 20:00:00+08:00,0.0,0.0,0.0,24.72,2.31
2023-08-10 21:00:00+08:00,0.0,0.0,0.0,23.85,2.45
2023-08-10 22:00:00+08:00,0.0,0.0,0.0,23.11,2.6
2023-08-10 23:00:00+08:00,0.0,0.0,0.0,22.46,2.7
2023-08-11 00:00:00+08:00,0.0,0.0,0.0,21.87,2.72
2023-08-11 01:00:00+08:00,0.0,0.0,0.0,21.38,2.72
2023-08-11 02:00:00+08:00,0.0,0.0,0.0,21.18,2.64
2023-08-11 03:00:00+08:00,0.0,0.0,0.0,21.0,2.56
2023-08-11 04:00:00+08:00,0.0,0.0,0.0,20.8,2.56
2023-08-11 05:00:00+08:00,7.78,1.2,9.42,20.77,2.58
2023-08-11 06:00:00+08:00,104.03,144.16,69.63,22.84,2.94
2023-08-11 07:00:00+08:00,283.83,362.94,130.19,24.54,3.4
2023-08-11 08:00:00+08:00,433.65,387.48,182.25,27.05,3.63
2023-08-11 09:00:00+08:00,602.33,469.6,231.91,29.14,3.56
2023-08-11 10:00:00+08:00,731.17,522.36,256.55,30.3,3.07
2023-08-11 11:00:00+08:00,805.53,526.78,289.22,31.22,2.76
2023-08-11 12:00:00+08:00,784.35,531.05,256.96,31.84,2.81
2023-08-11 13:00:00+08:00,730.9,513.88,253.12,32.1,3.26
2023-08-11 14:00:00+08:00,624.17,413.69,251.42,32.04,3.7
2023-08-11 15:00:00+08:00,453.3,287.69,231.31,31.95,3.82
2023-08-11 16:00:00+08:00,270.73,247.71,148.22,31.64,3.62
2023-08-11 17:00:00+08:00,147.43,118.86,106.44,30.6,2.98
2023-08-11 18:00:00+08:00,33.03,18.37,32.26,28.6,2.49
2023-08-11 19:00:00+08:00,0.0,0.0,0.0,26.9,2.76
2023-08-11 20:00:00+08:00,0.0,0.0,0.0,26.43,3.14
2023-08-11 21:00:00+08:00,0.0,0.0,0.0,26.0,3.53
2023-08-11 22:00:00+08:00,0.0,0.0,0.0,25.57,3.98
2023-08-11 23:00:00+08:00,0.0,0.0,0.0,25.12,4.4
2023-08-12 00:00:00+08:00,0.0,0.0,0.0,24.71,4.67
2023-08-12 01:00:00+08:00,0.0,0.0,0.0,24.42,4.84
2023-08-12 02:00:00+08:00,0.0,0.0,0.0,24.31,4.92
2023-08-12 03:00:00+08:00,0.0,0.0,0.0,24.25,4.92
2023-08-12 04:00:00+08:00,0.0,0.0,0.0,24.13,5.02
2023-08-12 05:00:00+08:00,2.4,0.0,2.57,24.06,5.04
2023-08-12 06:00:00+08:00,19.55,0.0,17.3,24.47,5.17
2023-08-12 07:00:00+08:00,36.12,0.15,31.47,25.29,5.03
2023-08-12 08:00:00+08:00,30.08,6.62,24.31,26.58,5.23
2023-08-12 09:00:00+08:00,88.07,7.25,71.15,28.26,5.57
2023-08-12 10:00:00+08:00,207.48,29.89,160.88,29.3,5.63
2023-08-12 11:00:00+08:00,178.48,14.0,131.3,29.93,5.47
2023-08-12 12:00:00+08:00,117.78,3.6,95.41,30.19,5.25
2023-08-12 13:00:00+08:00,138.48,15.7,99.79,29.96,5.2
2023-08-12 14:00:00+08:00,116.7,0.0,95.54,29.27,5.46
2023-08-12 15:00:00+08:00,76.43,0.0,64.82,28.39,5.71
2023-08-12 16:00:00+08:00,52.83,0.0,43.87,27.41,5.3
2023-08-12 17:00:00+08:00,29.38,0.0,25.48,26.59,4.43
2023-08-12 18:00:00+08:00,8.0,0.0,7.23,25.63,3.4
2023-08-12 19:00:00+08:00,0.0,0.0,0.0,24.72,2.82
2023-08-12 20:00:00+08:00,0.0,0.0,0.0,24.11,2.8
2023-08-12 21:00:00+08:00,0.0,0.0,0.0,23.52,2.7
2023-08-12 22:00:00+08:00,0.0,0.0,0.0,22.86,2.67
2023-08-12 23:00:00+08:00,0.0,0.0,0.0,22.27,2.59
2023-08-13 00:00:00+08:00,0.0,0.0,0.0,21.84,2.59
2023-08-13 01:00:00+08:00,0.0,0.0,0.0,21.52,2.69
2023-08-13 02:00:00+08:00,0.0,0.0,0.0,21.23,2.75
2023-08-13 03:00:00+08:00,0.0,0.0,0.0,20.97,2.83
2023-08-13 04:00:00+08:00,0.0,0.0,0.0,20.77,2.96
2023-08-13 05:00:00+08:00,4.95,0.0,6.44,20.68,3.05
2023-08-13 06:00:00+08:00,60.25,9.05,53.38,21.53,3.83
2023-08-13 07:00:00+08:00,160.18,36.13,135.87,22.65,4.15
2023-08-13 08:00:00+08:00,272.7,84.94,188.38,24.24,4.46
2023-08-13 09:00:00+08:00,404.67,83.22,281.42,25.91,4.69
2023-08-13 10:00:00+08:00,552.95,171.56,340.3,27.28,4.84
2023-08-13 11:00:00+08:00,677.83,255.81,378.67,28.32,4.88
2023-08-13 12:00:00+08:00,819.62,663.8,220.83,28.99,4.81
2023-08-13 13:00:00+08:00,769.58,526.83,282.55,29.42,4.66
2023-08-13 14:00:00+08:00,714.72,599.13,226.85,29.57,4.49
2023-08-13 15:00:00+08:00,566.15,548.6,192.1,29.43,4.32
2023-08-13 16:00:00+08:00,372.38,436.35,150.56,28.93,3.98
2023-08-13 17:00:00+08:00,185.6,302.27,90.82,28.01,3.11
2023-08-13 18:00:00+08:00,41.17,77.29,33.71,26.1,2.25
2023-08-13 19:00:00+08:00,0.0,0.0,0.0,24.27,2.17
2023-08-13 20:00:00+08:00,0.0,0.0,0.0,23.79,2.03
2023-08-13 21:00:00+08:00,0.0,0.0,0.0,23.5,1.82
2023-08-13 22:00:00+08:00,0.0,0.0,0.0,23.4,1.58
2023-08-13 23:00:00+08:00,0.0,0.0,0.0,23.25,1.43
2023-08-14 00:00:00+08:00,0.0,0.0,0.0,23.01,1.42
2023-08-14 01:00:00+08:00,0.0,0.0,0.0,22.79,1.42
2023-08-14 02:00:00+08:00,0.0,0.0,0.0,22.66,1.4
2023-08-14 03:00:00+08:00,0.0,0.0,0.0,22.63,1.32
2023-08-14 04:00:00+08:00,0.0,0.0,0.0,22.59,1.23
2023-08-14 05:00:00+08:00,8.85,26.52,9.1,22.62,0.95
2023-08-14 06:00:00+08:00,137.27,417.74,53.29,24.28,0.56
2023-08-14 07:00:00+08:00,332.38,615.43,88.52,25.74,0.27
2023-08-14 08:00:00+08:00,529.05,717.0,105.42,27.9,0.35
2023-08-14 09:00:00+08:00,707.62,815.95,109.21,29.39,1.13
2023-08-14 10:00:00+08:00,833.05,816.47,145.44,30.13,0.98
2023-08-14 11:00:00+08:00,902.55,797.26,170.01,30.72,0.97
2023-08-14 12:00:00+08:00,890.25,734.87,204.58,31.14,1.24
2023-08-14 13:00:00+08:00,816.33,739.05,166.7,31.33,1.57
2023-08-14 14:00:00+08:00,724.47,657.48,200.96,31.26,1.88
2023-08-14 15:00:00+08:00,547.47,620.52,142.94,30.97,2.06
2023-08-14 16:00:00+08:00,370.38,527.46,120.7,30.54,2.04
2023-08-14 17:00:00+08:00,197.43,359.25,88.18,30.0,1.89
2023-08-14 18:00:00+08:00,40.72,91.75,31.12,28.05,1.46
2023-08-14 19:00:00+08:00,0.0,0.0,0.0,27.02,1.35
2023-08-14 20:00:00+08:00,0.0,0.0,0.0,26.13,1.5
2023-08-14 21:00:00+08:00,0.0,0.0,0.0,25.06,1.75
2023-08-14 22:00:00+08:00,0.0,0.0,0.0,24.08,1.92
2023-08-14 23:00:00+08:00,0.0,0.0,0.0,23.25,1.98
2023-08-15 00:00:00+08:00,0.0,0.0,0.0,22.62,1.96
2023-08-15 01:00:00+08:00,0.0,0.0,0.0,22.04,1.95
2023-08-15 02:00:00+08:00,0.0,0.0,0.0,21.54,1.96
2023-08-15 03:00:00+08:00,0.0,0.0,0.0,21.19,1.95
2023-08-15 04:00:00+08:00,0.0,0.0,0.0,21.06,1.82
2023-08-15 05:00:00+08:00,7.47,9.13,9.02,21.26,1.57
2023-08-15 06:00:00+08:00,118.28,278.62,58.05,23.05,1.12
2023-08-15 07:00:00+08:00,304.45,490.24,104.95,24.66,0.91
2023-08-15 08:00:00+08:00,503.38,635.14,130.44,27.73,0.43
2023-08-15 09:00:00+08:00,663.53,670.37,172.34,29.78,1.24
2023-08-15 10:00:00+08:00,777.05,669.84,206.67,30.53,1.72
2023-08-15 11:00:00+08:00,855.03,676.85,234.49,31.05,1.9
2023-08-15 12:00:00+08:00,820.88,581.38,253.32,31.41,1.73
2023-08-15 13:00:00+08:00,763.08,536.9,264.73,31.6,1.47
2023-08-15 14:00:00+08:00,656.78,517.53,236.35,31.62,1.19
2023-08-15 15:00:00+08:00,521.12,478.38,194.37,31.38,0.95
2023-08-15 16:00:00+08:00,343.1,387.92,144.94,30.94,0.83
2023-08-15 17:00:00+08:00,174.38,261.61,94.17,30.65,0.81
2023-08-15 18:00:00+08:00,33.53,42.86,28.85,28.95,0.82
2023-08-15 19:00:00+08:00,0.0,0.0,0.0,27.91,0.9
2023-08-15 20:00:00+08:00,0.0,0.0,0.0,27.26,0.97
2023-08-15 21:00:00+08:00,0.0,0.0,0.0,26.64,1.07
2023-08-15 22:00:00+08:00,0.0,0.0,0.0,25.47,1.32
2023-08-15 23:00:00+08:00,0.0,0.0,0.0,24.68,1.62
2023-08-16 00:00:00+08:00,0.0,0.0,0.0,23.94,1.78
2023-08-16 01:00:00+08:00,0.0,0.0,0.0,23.4,1.86
2023-08-16 02:00:00+08:00,0.0,0.0,0.0,23.0,1.9
2023-08-16 03:00:00+08:00,0.0,0.0,0.0,22.6,1.98
2023-08-16 04:00:00+08:00,0.0,0.0,0.0,22.27,2.07
2023-08-16 05:00:00+08:00,6.4,1.55,8.81,22.02,2.09
2023-08-16 06:00:00+08:00,101.15,155.37,73.42,23.9,1.97
2023-08-16 07:00:00+08:00,274.73,370.71,121.35,25.52,2.47
2023-08-16 08:00:00+08:00,474.67,559.83,142.69,27.75,2.81
2023-08-16 09:00:00+08:00,643.35,637.61,162.59,29.41,3.2
2023-08-16 10:00:00+08:00,761.7,642.18,205.39,30.33,3.26
2023-08-16 11:00:00+08:00,833.03,653.11,225.12,31.01,3.22
2023-08-16 12:00:00+08:00,786.8,532.06,274.14,31.44,3.3
2023-08-16 13:00:00+08:00,756.4,562.03,228.25,31.7,3.33
2023-08-16 14:00:00+08:00,640.75,508.02,209.42,31.7,3.29
2023-08-16 15:00:00+08:00,491.9,439.6,190.03,31.46,3.12
2023-08-16 16:00:00+08:00,305.92,346.38,132.62,31.02,2.66
2023-08-16 17:00:00+08:00,153.95,212.94,85.99,30.35,1.88
2023-08-16 18:00:00+08:00,27.88,27.36,26.12,28.73,1.48
2023-08-16 19:00:00+08:00,0.0,0.0,0.0,27.11,1.77
2023-08-16 20:00:00+08:00,0.0,0.0,0.0,26.24,2.06
2023-08-16 21:00:00+08:00,0.0,0.0,0.0,25.62,2.23
2023-08-16 22:00:00+08:00,0.0,0.0,0.0,25.07,2.39
2023-08-16 23:00:00+08:00,0.0,0.0,0.0,24.64,2.52
2023-08-17 00:00:00+08:00,0.0,0.0,0.0,24.42,2.52
2023-08-17 01:00:00+08:00,0.0,0.0,0.0,24.1,2.48
2023-08-17 02:00:00+08:00,0.0,0.0,0.0,23.6,2.41
2023-08-17 03:00:00+08:00,0.0,0.0,0.0,23.2,2.31
2023-08-17 04:00:00+08:00,0.0,0.0,0.0,22.86,2.27
2023-08-17 05:00:00+08:00,5.25,1.15,6.82,22.67,2.15
2023-08-17 06:00:00+08:00,86.8,114.35,59.16,24.31,2.6
2023-08-17 07:00:00+08:00,249.73,286.68,129.56,25.86,2.41
2023-08-17 08:00:00+08:00,411.3,372.34,174.81,28.43,1.63
2023-08-17 09:00:00+08:00,565.65,458.87,201.06,30.12,0.93
2023-08-17 10:00:00+08:00,640.38,398.9,288.14,31.1,0.76
2023-08-17 11:00:00+08:00,718.42,420.73,277.8,31.83,0.87
2023-08-17 12:00:00+08:00,690.35,379.2,296.61,32.35,1.12
2023-08-17 13:00:00+08:00,652.08,373.02,290.1,32.6,1.39
2023-08-17 14:00:00+08:00,546.08,352.16,236.24,32.59,1.65
2023-08-17 15:00:00+08:00,433.4,309.28,212.51,32.27,1.93
2023-08-17 16:00:00+08:00,274.85,242.13,152.06,31.71,2.07
2023-08-17 17:00:00+08:00,135.98,131.77,97.72,30.92,1.79
2023-08-17 18:00:00+08:00,24.85,13.54,25.31,29.14,1.52
2023-08-17 19:00:00+08:00,0.0,0.0,0.0,27.89,1.51
2023-08-17 20:00:00+08:00,0.0,0.0,0.0,27.5,1.43
2023-08-17 21:00:00+08:00,0.0,0.0,0.0,27.09,1.32
2023-08-17 22:00:00+08:00,0.0,0.0,0.0,26.68,1.23
2023-08-17 23:00:00+08:00,0.0,0.0,0.0,26.37,1.15
2023-08-18 00:00:00+08:00,0.0,0.0,0.0,26.1,1.05
2023-08-18 01:00:00+08:00,0.0,0.0,0.0,25.65,1.07
2023-08-18 02:00:00+08:00,0.0,0.0,0.0,25.09,1.17
2023-08-18 03:00:00+08:00,0.0,0.0,0.0,24.58,1.27
2023-08-18 04:00:00+08:00,0.0,0.0,0.0,24.19,1.33
2023-08-18 05:00:00+08:00,4.43,0.0,6.43,24.0,1.4
2023-08-18 06:00:00+08:00,65.9,26.01,58.28,25.22,1.54
2023-08-18 07:00:00+08:00,188.75,91.19,151.71,26.21,1.94
2023-08-18 08:00:00+08:00,306.27,171.49,188.55,28.12,1.39
2023-08-18 09:00:00+08:00,426.05,158.58,252.12,30.03,1.11
2023-08-18 10:00:00+08:00,484.95,174.03,297.03,30.94,1.19
2023-08-18 11:00:00+08:00,488.15,141.44,334.61,31.43,1.22
2023-08-18 12:00:00+08:00,433.25,44.39,336.44,31.54,1.25
2023-08-18 13:00:00+08:00,174.27,2.42,138.8,31.46,1.25
2023-08-18 14:00:00+08:00,251.8,3.79,207.1,31.44,1.22
2023-08-18 15:00:00+08:00,294.58,19.47,243.72,31.16,1.17
2023-08-18 16:00:00+08:00,196.98,24.84,161.76,30.72,0.93
2023-08-18 17:00:00+08:00,99.7,15.07,83.8,29.96,0.81
2023-08-18 18:00:00+08:00,23.35,3.03,23.92,29.04,0.52
2023-08-18 19:00:00+08:00,0.0,0.0,0.0,28.51,0.19
2023-08-18 20:00:00+08:00,0.0,0.0,0.0,27.85,0.52
2023-08-18 21:00:00+08:00,0.0,0.0,0.0,26.92,1.07
2023-08-18 22:00:00+08:00,0.0,0.0,0.0,25.92,1.52
2023-08-18 23:00:00+08:00,0.0,0.0,0.0,25.29,1.75
2023-08-19 00:00:00+08:00,0.0,0.0,0.0,24.89,1.82
2023-08-19 01:00:00+08:00,0.0,0.0,0.0,24.55,1.83
2023-08-19 02:00:00+08:00,0.0,0.0,0.0,24.24,1.79
2023-08-19 03:00:00+08:00,0.0,0.0,0.0,23.97,1.78
2023-08-19 04:00:00+08:00,0.0,0.0,0.0,23.72,1.75
2023-08-19 05:00:00+08:00,3.92,0.0,6.61,23.66,1.68
2023-08-19 06:00:00+08:00,67.5,32.8,60.96,24.9,1.86
2023-08-19 07:00:00+08:00,201.0,122.61,142.74,25.85,1.88
2023-08-19 08:00:00+08:00,351.88,198.19,216.01,27.92,1.43
2023-08-19 09:00:00+08:00,508.83,307.34,246.61,29.29,1.35
2023-08-19 10:00:00+08:00,584.25,292.74,284.93,30.18,1.52
2023-08-19 11:00:00+08:00,599.7,259.05,317.09,30.54,1.72
2023-08-19 12:00:00+08:00,651.78,299.21,297.33,30.68,1.83
2023-08-19 13:00:00+08:00,596.45,316.41,281.84,30.73,1.88
2023-08-19 14:00:00+08:00,450.73,204.72,262.77,30.62,1.83
2023-08-19 15:00:00+08:00,145.57,26.46,111.42,30.48,1.69
2023-08-19 16:00:00+08:00,182.35,16.83,152.21,30.16,1.33
2023-08-19 17:00:00+08:00,96.03,6.95,82.34,29.98,1.09
2023-08-19 18:00:00+08:00,16.52,1.5,16.36,28.91,0.74
2023-08-19 19:00:00+08:00,0.0,0.0,0.0,28.37,0.49
2023-08-19 20:00:00+08:00,0.0,0.0,0.0,27.51,0.58
2023-08-19 21:00:00+08:00,0.0,0.0,0.0,26.79,0.89
2023-08-19 22:00:00+08:00,0.0,0.0,0.0,25.62,1.32
2023-08-19 23:00:00+08:00,0.0,0.0,0.0,24.51,1.78
2023-08-20 00:00:00+08:00,0.0,0.0,0.0,23.68,2.18
2023-08-20 01:00:00+08:00,0.0,0.0,0.0,23.07,2.42
2023-08-20 02:00:00+08:00,0.0,0.0,0.0,22.65,2.44
2023-08-20 03:00:00+08:00,0.0,0.0,0.0,22.36,2.37
2023-08-20 04:00:00+08:00,0.0,0.0,0.0,22.33,2.19
2023-08-20 05:00:00+08:00,3.33,0.0,3.81,22.55,1.96
2023-08-20 06:00:00+08:00,62.08,7.54,55.45,23.62,2.02
2023-08-20 07:00:00+08:00,166.65,9.1,144.95,24.37,2.23
2023-08-20 08:00:00+08:00,282.3,11.96,243.44,25.24,1.99
2023-08-20 09:00:00+08:00,408.5,25.89,341.36,26.8,1.68
2023-08-20 10:00:00+08:00,489.48,40.26,373.83,28.37,1.52
2023-08-20 11:00:00+08:00,498.02,86.95,338.15,29.32,1.81
2023-08-20 12:00:00+08:00,533.47,146.02,339.01,29.67,2.14
2023-08-20 13:00:00+08:00,551.38,125.51,359.7,29.65,2.32
2023-08-20 14:00:00+08:00,338.08,39.23,245.16,29.5,2.44
2023-08-20 15:00:00+08:00,205.02,6.12,173.68,29.19,2.47
2023-08-20 16:00:00+08:00,129.32,2.37,109.08,28.62,2.39
2023-08-20 17:00:00+08:00,64.53,2.76,54.98,27.73,1.88
2023-08-20 18:00:00+08:00,9.9,0.0,9.82,26.39,1.38
2023-08-20 19:00:00+08:00,0.0,0.0,0.0,25.48,0.98
2023-08-20 20:00:00+08:00,0.0,0.0,0.0,25.08,0.81
2023-08-20 21:00:00+08:00,0.0,0.0,0.0,24.63,0.82
2023-08-20 22:00:00+08:00,0.0,0.0,0.0,24.18,1.04
2023-08-20 23:00:00+08:00,0.0,0.0,0.0,23.89,1.29
2023-08-21 00:00:00+08:00,0.0,0.0,0.0,23.64,1.42
2023-08-21 01:00:00+08:00,0.0,0.0,0.0,23.51,1.46
2023-08-21 02:00:00+08:00,0.0,0.0,0.0,23.35,1.63
2023-08-21 03:00:00+08:00,0.0,0.0,0.0,23.21,1.7
2023-08-21 04:00:00+08:00,0.0,0.0,0.0,23.1,1.73
2023-08-21 05:00:00+08:00,1.67,0.0,1.92,23.11,1.67
2023-08-21 06:00:00+08:00,32.35,2.55,28.95,23.59,1.78
2023-08-21 07:00:00+08:00,86.38,3.12,75.3,24.44,2.14
2023-08-21 08:00:00+08:00,146.88,2.67,127.18,25.53,2.75
2023-08-21 09:00:00+08:00,208.45,8.57,172.34,26.63,3.2
2023-08-21 10:00:00+08:00,316.1,10.27,256.96,27.51,3.31
2023-08-21 11:00:00+08:00,477.45,68.6,312.56,27.98,3.16
2023-08-21 12:00:00+08:00,598.42,199.79,329.1,28.42,2.85
2023-08-21 13:00:00+08:00,610.6,254.64,349.08,28.66,2.67
2023-08-21 14:00:00+08:00,536.3,357.14,244.36,28.73,2.61
2023-08-21 15:00:00+08:00,484.95,402.3,214.13,28.61,2.62
2023-08-21 16:00:00+08:00,313.88,395.85,131.9,28.19,2.64
2023-08-21 17:00:00+08:00,165.4,289.46,84.64,27.43,2.09
2023-08-21 18:00:00+08:00,27.67,48.63,24.3,26.02,1.72
2023-08-21 19:00:00+08:00,0.0,0.0,0.0,24.7,1.6
2023-08-21 20:00:00+08:00,0.0,0.0,0.0,24.26,1.51
2023-08-21 21:00:00+08:00,0.0,0.0,0.0,23.99,1.28
2023-08-21 22:00:00+08:00,0.0,0.0,0.0,23.8,1.02
2023-08-21 23:00:00+08:00,0.0,0.0,0.0,23.55,0.66
2023-08-22 00:00:00+08:00,0.0,0.0,0.0,23.17,0.4
2023-08-22 01:00:00+08:00,0.0,0.0,0.0,22.57,0.67
2023-08-22 02:00:00+08:00,0.0,0.0,0.0,22.07,1.09
2023-08-22 03:00:00+08:00,0.0,0.0,0.0,21.41,1.44
2023-08-22 04:00:00+08:00,0.0,0.0,0.0,20.83,1.67
2023-08-22 05:00:00+08:00,4.82,2.53,7.14,20.6,1.74
2023-08-22 06:00:00+08:00,106.12,243.38,60.07,22.59,1.76
2023-08-22 07:00:00+08:00,293.33,471.26,111.31,24.33,1.78
2023-08-22 08:00:00+08:00,490.4,621.85,131.96,26.74,2.9
2023-08-22 09:00:00+08:00,638.7,617.6,192.09,28.13,3.07
2023-08-22 10:00:00+08:00,789.75,728.55,180.86,29.13,2.98
2023-08-22 11:00:00+08:00,869.67,770.02,170.66,29.86,3.1
2023-08-22 12:00:00+08:00,867.97,753.06,181.07,30.26,3.32
2023-08-22 13:00:00+08:00,811.75,739.46,169.79,30.41,3.45
2023-08-22 14:00:00+08:00,724.83,731.62,155.42,30.38,3.53
2023-08-22 15:00:00+08:00,573.67,687.79,135.53,30.01,3.58
2023-08-22 16:00:00+08:00,377.75,614.43,96.75,29.41,3.3
2023-08-22 17:00:00+08:00,191.25,448.82,67.47,28.15,2.89
2023-08-22 18:00:00+08:00,28.15,77.13,22.84,25.3,2.29
2023-08-22 19:00:00+08:00,0.0,0.0,0.0,23.55,2.23
2023-08-22 20:00:00+08:00,0.0,0.0,0.0,23.14,2.08
2023-08-22 21:00:00+08:00,0.0,0.0,0.0,22.95,1.95
2023-08-22 22:00:00+08:00,0.0,0.0,0.0,22.71,1.86
2023-08-22 23:00:00+08:00,0.0,0.0,0.0,22.48,1.76
2023-08-23 00:00:00+08:00,0.0,0.0,0.0,22.09,1.68
2023-08-23 01:00:00+08:00,0.0,0.0,0.0,21.35,1.74
2023-08-23 02:00:00+08:00,0.0,0.0,0.0,20.47,1.93
2023-08-23 03:00:00+08:00,0.0,0.0,0.0,19.64,2.15
2023-08-23 04:00:00+08:00,0.0,0.0,0.0,19.14,2.2
2023-08-23 05:00:00+08:00,4.7,6.48,6.86,18.77,2.29
2023-08-23 06:00:00+08:00,109.55,267.19,56.33,20.54,2.31
2023-08-23 07:00:00+08:00,302.52,516.5,103.19,23.0,3.28
2023-08-23 08:00:00+08:00,504.05,665.81,126.85,24.81,3.12
2023-08-23 09:00:00+08:00,673.65,733.38,146.48,27.06,3.64
2023-08-23 10:00:00+08:00,801.67,769.34,159.97,28.17,3.78
2023-08-23 11:00:00+08:00,876.2,788.53,167.79,29.09,3.52
2023-08-23 12:00:00+08:00,907.67,882.71,117.79,29.81,3.11
2023-08-23 13:00:00+08:00,855.58,843.55,127.36,30.31,2.68
2023-08-23 14:00:00+08:00,743.92,809.33,121.23,30.52,2.31
2023-08-23 15:00:00+08:00,583.38,746.92,115.78,30.47,1.96
2023-08-23 16:00:00+08:00,388.73,619.09,108.68,30.62,1.72
2023-08-23 17:00:00+08:00,186.62,405.83,81.42,29.7,1.98
2023-08-23 18:00:00+08:00,26.58,67.42,24.2,27.22,1.64
2023-08-23 19:00:00+08:00,0.0,0.0,0.0,26.03,1.66
2023-08-23 20:00:00+08:00,0.0,0.0,0.0,25.26,1.79
2023-08-23 21:00:00+08:00,0.0,0.0,0.0,24.5,1.95
2023-08-23 22:00:00+08:00,0.0,0.0,0.0,23.74,2.12
2023-08-23 23:00:00+08:00,0.0,0.0,0.0,23.15,2.18
2023-08-24 00:00:00+08:00,0.0,0.0,0.0,22.73,2.14
2023-08-24 01:00:00+08:00,0.0,0.0,0.0,22.48,1.99
2023-08-24 02:00:00+08:00,0.0,0.0,0.0,22.52,1.67
2023-08-24 03:00:00+08:00,0.0,0.0,0.0,22.8,1.14
2023-08-24 04:00:00+08:00,0.0,0.0,0.0,22.62,0.72
2023-08-24 05:00:00+08:00,3.0,0.0,4.08,21.96,1.06
2023-08-24 06:00:00+08:00,82.62,67.5,66.15,21.82,1.23
2023-08-24 07:00:00+08:00,219.62,196.11,148.58,22.57,2.07
2023-08-24 08:00:00+08:00,387.45,311.83,215.35,24.06,2.18
2023-08-24 09:00:00+08:00,487.38,381.59,224.33,25.89,2.44
2023-08-24 10:00:00+08:00,601.88,294.57,330.38,26.23,1.8
2023-08-24 11:00:00+08:00,596.95,343.04,319.74,26.74,0.96
2023-08-24 12:00:00+08:00,494.92,252.21,286.76,27.89,0.4
2023-08-24 13:00:00+08:00,441.58,337.43,197.13,28.5,0.48
2023-08-24 14:00:00+08:00,315.35,44.69,238.52,28.58,0.7
2023-08-24 15:00:00+08:00,340.55,305.73,192.68,28.3,1.0
2023-08-24 16:00:00+08:00,223.85,234.78,128.14,27.68,1.37
2023-08-24 17:00:00+08:00,119.47,214.31,71.31,26.98,1.37
2023-08-24 18:00:00+08:00,20.6,47.24,19.56,25.05,1.32
2023-08-24 19:00:00+08:00,0.0,0.0,0.0,23.34,1.63
2023-08-24 20:00:00+08:00,0.0,0.0,0.0,22.29,1.83
2023-08-24 21:00:00+08:00,0.0,0.0,0.0,21.47,1.91
2023-08-24 22:00:00+08:00,0.0,0.0,0.0,20.8,1.9
2023-08-24 23:00:00+08:00,0.0,0.0,0.0,20.2,1.93
2023-08-25 00:00:00+08:00,0.0,0.0,0.0,19.77,1.92
2023-08-25 01:00:00+08:00,0.0,0.0,0.0,19.43,1.86
2023-08-25 02:00:00+08:00,0.0,0.0,0.0,19.1,1.84
2023-08-25 03:00:00+08:00,0.0,0.0,0.0,18.79,1.83
2023-08-25 04:00:00+08:00,0.0,0.0,0.0,18.56,1.81
2023-08-25 05:00:00+08:00,3.88,6.94,5.48,18.37,1.74
2023-08-25 06:00:00+08:00,104.97,285.87,53.66,19.93,1.37
2023-08-25 07:00:00+08:00,291.95,503.39,97.23,21.75,1.61
2023-08-25 08:00:00+08:00,489.65,634.38,130.34,24.12,1.81
2023-08-25 09:00:00+08:00,657.83,719.57,144.44,25.53,1.62
2023-08-25 10:00:00+08:00,780.78,714.4,189.29,26.72,1.15
2023-08-25 11:00:00+08:00,843.92,721.41,209.44,27.85,1.19
2023-08-25 12:00:00+08:00,808.42,631.34,236.95,28.49,1.41
2023-08-25 13:00:00+08:00,758.78,560.0,264.6,28.34,1.56
2023-08-25 14:00:00+08:00,630.0,492.08,250.37,28.0,1.55
2023-08-25 15:00:00+08:00,472.67,463.16,179.64,27.81,1.35
2023-08-25 16:00:00+08:00,291.17,283.04,157.01,27.58,1.31
2023-08-25 17:00:00+08:00,139.85,158.6,101.78,26.69,1.1
2023-08-25 18:00:00+08:00,18.15,8.96,20.43,25.76,0.77
2023-08-25 19:00:00+08:00,0.0,0.0,0.0,25.09,0.89
2023-08-25 20:00:00+08:00,0.0,0.0,0.0,24.27,1.19
2023-08-25 21:00:00+08:00,0.0,0.0,0.0,23.26,1.67
2023-08-25 22:00:00+08:00,0.0,0.0,0.0,22.22,2.19
2023-08-25 23:00:00+08:00,0.0,0.0,0.0,21.17,2.51
2023-08-26 00:00:00+08:00,0.0,0.0,0.0,20.67,2.51
2023-08-26 01:00:00+08:00,0.0,0.0,0.0,20.32,2.42
2023-08-26 02:00:00+08:00,0.0,0.0,0.0,19.96,2.42
2023-08-26 03:00:00+08:00,0.0,0.0,0.0,19.75,2.36
2023-08-26 04:00:00+08:00,0.0,0.0,0.0,19.69,2.24
2023-08-26 05:00:00+08:00,2.33,0.0,2.66,19.89,2.32
2023-08-26 06:00:00+08:00,50.83,5.91,45.44,21.18,2.75
2023-08-26 07:00:00+08:00,125.15,8.18,107.81,22.62,3.46
2023-08-26 08:00:00+08:00,199.55,17.72,172.12,24.16,3.15
2023-08-26 09:00:00+08:00,284.67,21.73,235.72,25.91,3.28
2023-08-26 10:00:00+08:00,298.55,24.71,231.3,27.22,3.46
2023-08-26 11:00:00+08:00,307.08,24.14,234.36,27.45,3.3
2023-08-26 12:00:00+08:00,241.35,0.0,194.01,26.66,3.37
2023-08-26 13:00:00+08:00,188.68,0.0,152.37,25.68,3.87
2023-08-26 14:00:00+08:00,123.6,0.0,101.06,24.96,4.42
2023-08-26 15:00:00+08:00,132.73,0.0,113.47,24.32,4.46
2023-08-26 16:00:00+08:00,85.82,0.0,74.34,23.8,4.39
2023-08-26 17:00:00+08:00,44.33,0.0,38.31,23.19,4.08
2023-08-26 18:00:00+08:00,6.5,0.0,6.61,22.36,3.7
2023-08-26 19:00:00+08:00,0.0,0.0,0.0,21.75,3.9
2023-08-26 20:00:00+08:00,0.0,0.0,0.0,21.22,3.86
2023-08-26 21:00:00+08:00,0.0,0.0,0.0,20.74,3.43
2023-08-26 22:00:00+08:00,0.0,0.0,0.0,20.37,2.94
2023-08-26 23:00:00+08:00,0.0,0.0,0.0,20.11,2.86
2023-08-27 00:00:00+08:00,0.0,0.0,0.0,19.91,3.19
2023-08-27 01:00:00+08:00,0.0,0.0,0.0,19.78,3.2
2023-08-27 02:00:00+08:00,0.0,0.0,0.0,19.69,3.28
2023-08-27 03:00:00+08:00,0.0,0.0,0.0,19.69,3.52
2023-08-27 04:00:00+08:00,0.0,0.0,0.0,19.67,3.8
2023-08-27 05:00:00+08:00,1.58,0.0,1.8,19.6,3.65
2023-08-27 06:00:00+08:00,32.58,0.0,28.74,19.61,4.1
2023-08-27 07:00:00+08:00,84.8,0.0,73.09,19.81,4.29
2023-08-27 08:00:00+08:00,61.15,9.33,50.0,20.1,4.67
2023-08-27 09:00:00+08:00,157.35,14.01,130.0,20.4,5.43
2023-08-27 10:00:00+08:00,132.35,39.87,90.16,20.78,6.1
2023-08-27 11:00:00+08:00,123.93,41.3,82.09,21.04,6.74
2023-08-27 12:00:00+08:00,96.4,5.72,76.47,21.14,6.93
2023-08-27 13:00:00+08:00,56.95,6.39,45.63,21.36,5.92
2023-08-27 14:00:00+08:00,80.78,0.0,66.04,21.38,5.06
2023-08-27 15:00:00+08:00,72.95,0.0,62.37,21.07,4.81
2023-08-27 16:00:00+08:00,51.67,0.0,44.74,20.8,4.91
2023-08-27 17:00:00+08:00,29.75,0.0,26.05,20.56,4.93
2023-08-27 18:00:00+08:00,5.68,2.3,5.77,19.8,4.62
2023-08-27 19:00:00+08:00,0.0,0.0,0.0,19.13,4.44
2023-08-27 20:00:00+08:00,0.0,0.0,0.0,18.67,4.13
2023-08-27 21:00:00+08:00,0.0,0.0,0.0,18.17,3.73
2023-08-27 22:00:00+08:00,0.0,0.0,0.0,17.77,3.47
2023-08-27 23:00:00+08:00,0.0,0.0,0.0,17.4,3.24
2023-08-28 00:00:00+08:00,0.0,0.0,0.0,17.16,3.37
2023-08-28 01:00:00+08:00,0.0,0.0,0.0,17.02,3.71
2023-08-28 02:00:00+08:00,0.0,0.0,0.0,16.89,3.87
2023-08-28 03:00:00+08:00,0.0,0.0,0.0,16.76,3.8
2023-08-28 04:00:00+08:00,0.0,0.0,0.0,16.71,3.76
2023-08-28 05:00:00+08:00,0.0,0.0,0.0,16.7,3.64
2023-08-28 06:00:00+08:00,46.78,4.87,41.86,17.36,4.34
2023-08-28 07:00:00+08:00,127.18,13.52,109.74,18.63,4.95
2023-08-28 08:00:00+08:00,214.93,40.59,168.02,20.26,5.7
2023-08-28 09:00:00+08:00,233.45,21.99,183.67,21.88,6.77
2023-08-28 10:00:00+08:00,252.68,36.84,192.12,23.42,7.4
2023-08-28 11:00:00+08:00,365.9,134.84,221.88,24.48,7.56
2023-08-28 12:00:00+08:00,413.35,100.37,276.98,25.25,7.5
2023-08-28 13:00:00+08:00,269.33,85.35,179.29,25.77,7.75
2023-08-28 14:00:00+08:00,270.4,113.03,181.41,25.79,7.93
2023-08-28 15:00:00+08:00,274.1,146.7,177.29,25.33,7.74
2023-08-28 16:00:00+08:00,153.9,221.49,75.21,24.8,7.17
2023-08-28 17:00:00+08:00,86.22,129.92,50.5,23.75,5.81
2023-08-28 18:00:00+08:00,12.35,28.65,14.24,21.8,4.4
2023-08-28 19:00:00+08:00,0.0,0.0,0.0,20.38,3.7
2023-08-28 20:00:00+08:00,0.0,0.0,0.0,19.53,3.14
2023-08-28 21:00:00+08:00,0.0,0.0,0.0,18.82,2.7
2023-08-28 22:00:00+08:00,0.0,0.0,0.0,18.21,2.43
2023-08-28 23:00:00+08:00,0.0,0.0,0.0,17.75,2.3
2023-08-29 00:00:00+08:00,0.0,0.0,0.0,17.35,2.19
2023-08-29 01:00:00+08:00,0.0,0.0,0.0,16.98,2.12
2023-08-29 02:00:00+08:00,0.0,0.0,0.0,16.6,2.12
2023-08-29 03:00:00+08:00,0.0,0.0,0.0,16.22,2.14
2023-08-29 04:00:00+08:00,0.0,0.0,0.0,15.88,2.15
2023-08-29 05:00:00+08:00,0.0,0.0,0.0,15.65,2.15
2023-08-29 06:00:00+08:00,109.28,321.77,51.81,17.73,2.1
2023-08-29 07:00:00+08:00,294.45,559.74,86.84,19.92,2.38
2023-08-29 08:00:00+08:00,493.88,676.27,116.24,22.6,3.23
2023-08-29 09:00:00+08:00,662.4,738.57,140.01,24.35,3.72
2023-08-29 10:00:00+08:00,785.83,748.46,169.39,25.62,3.92
2023-08-29 11:00:00+08:00,859.62,751.02,191.97,26.5,4.15
2023-08-29 12:00:00+08:00,867.15,761.14,192.05,26.99,4.31
2023-08-29 13:00:00+08:00,770.42,711.35,173.99,27.22,4.25
2023-08-29 14:00:00+08:00,662.35,622.9,201.33,27.19,4.07
2023-08-29 15:00:00+08:00,511.88,545.24,184.32,26.87,3.8
2023-08-29 16:00:00+08:00,328.25,469.12,125.73,26.27,3.38
2023-08-29 17:00:00+08:00,150.9,354.85,66.42,25.05,2.62
2023-08-29 18:00:00+08:00,16.17,51.12,14.64,22.4,2.13
2023-08-29 19:00:00+08:00,0.0,0.0,0.0,20.95,2.23
2023-08-29 20:00:00+08:00,0.0,0.0,0.0,20.3,2.18
2023-08-29 21:00:00+08:00,0.0,0.0,0.0,19.78,2.11
2023-08-29 22:00:00+08:00,0.0,0.0,0.0,19.29,2.07
2023-08-29 23:00:00+08:00,0.0,0.0,0.0,18.76,2.09
2023-08-30 00:00:00+08:00,0.0,0.0,0.0,18.27,2.12
2023-08-30 01:00:00+08:00,0.0,0.0,0.0,17.83,2.16
2023-08-30 02:00:00+08:00,0.0,0.0,0.0,17.47,2.16
2023-08-30 03:00:00+08:00,0.0,0.0,0.0,17.21,2.12
2023-08-30 04:00:00+08:00,0.0,0.0,0.0,17.0,2.06
2023-08-30 05:00:00+08:00,0.0,0.0,0.0,16.86,1.95
2023-08-30 06:00:00+08:00,108.03,317.53,47.51,18.19,1.49
2023-08-30 07:00:00+08:00,294.52,575.11,81.77,20.1,1.65
2023-08-30 08:00:00+08:00,495.55,713.22,102.78,21.85,0.75
2023-08-30 09:00:00+08:00,666.38,784.8,111.73,24.48,1.04
2023-08-30 10:00:00+08:00,779.5,731.34,187.37,24.95,1.53
2023-08-30 11:00:00+08:00,846.62,690.35,235.7,25.51,1.64
2023-08-30 12:00:00+08:00,851.92,703.69,222.73,26.27,1.57
2023-08-30 13:00:00+08:00,794.35,720.69,186.95,26.82,1.37
2023-08-30 14:00:00+08:00,689.2,665.34,190.7,26.98,1.12
2023-08-30 15:00:00+08:00,507.45,619.14,134.93,26.86,0.83
2023-08-30 16:00:00+08:00,329.02,560.93,94.39,26.47,0.55
2023-08-30 17:00:00+08:00,152.57,371.8,61.16,25.52,0.21
2023-08-30 18:00:00+08:00,14.85,43.78,12.88,24.25,0.36
2023-08-30 19:00:00+08:00,0.0,0.0,0.0,23.26,0.62
2023-08-30 20:00:00+08:00,0.0,0.0,0.0,22.48,0.72
2023-08-30 21:00:00+08:00,0.0,0.0,0.0,21.8,0.89
2023-08-30 22:00:00+08:00,0.0,0.0,0.0,20.94,1.12
2023-08-30 23:00:00+08:00,0.0,0.0,0.0,19.83,1.43
2023-08-31 00:00:00+08:00,0.0,0.0,0.0,18.82,1.92
2023-08-31 01:00:00+08:00,0.0,0.0,0.0,17.77,2.39
2023-08-31 02:00:00+08:00,0.0,0.0,0.0,17.09,2.69
2023-08-31 03:00:00+08:00,0.0,0.0,0.0,16.76,2.86
2023-08-31 04:00:00+08:00,0.0,0.0,0.0,16.6,2.99
2023-08-31 05:00:00+08:00,0.0,0.0,0.0,16.61,3.09
2023-08-31 06:00:00+08:00,101.97,301.38,49.91,18.57,3.65
2023-08-31 07:00:00+08:00,285.77,534.05,88.49,20.91,4.52
2023-08-31 08:00:00+08:00,484.5,673.36,113.45,23.65,4.63
2023-08-31 09:00:00+08:00,655.15,756.29,126.51,25.99,5.45
2023-08-31 10:00:00+08:00,781.58,774.37,149.06,27.43,5.45
2023-08-31 11:00:00+08:00,844.85,756.36,178.91,28.35,5.32
2023-08-31 12:00:00+08:00,841.47,728.84,181.22,28.89,5.22
2023-08-31 13:00:00+08:00,784.15,695.97,183.54,29.16,5.16
2023-08-31 14:00:00+08:00,670.88,649.64,174.13,29.18,5.17
2023-08-31 15:00:00+08:00,506.02,564.84,151.0,28.81,5.12
2023-08-31 16:00:00+08:00,307.2,417.47,126.2,28.06,4.8
2023-08-31 17:00:00+08:00,129.27,229.07,75.24,26.66,3.56
2023-08-31 18:00:00+08:00,11.75,8.24,15.11,24.16,2.79
2023-08-31 19:00:00+08:00,0.0,0.0,0.0,22.91,2.96
2023-08-31 20:00:00+08:00,0.0,0.0,0.0,22.38,2.93
2023-08-31 21:00:00+08:00,0.0,0.0,0.0,22.06,2.81
2023-08-31 22:00:00+08:00,0.0,0.0,0.0,21.75,2.74
2023-08-31 23:00:00+08:00,0.0,0.0,0.0,21.29,2.67
2023-09-01 00:00:00+08:00,0.0,0.0,0.0,20.71,2.59
2023-09-01 01:00:00+08:00,0.0,0.0,0.0,20.3,2.41
2023-09-01 02:00:00+08:00,0.0,0.0,0.0,20.09,2.16
2023-09-01 03:00:00+08:00,0.0,0.0,0.0,19.81,1.89
2023-09-01 04:00:00+08:00,0.0,0.0,0.0,19.63,1.59
2023-09-01 05:00:00+08:00,0.0,0.0,0.0,19.66,1.3
2023-09-01 06:00:00+08:00,72.65,51.4,59.11,20.57,1.06
2023-09-01 07:00:00+08:00,218.75,223.66,153.14,21.45,1.23
2023-09-01 08:00:00+08:00,341.1,255.84,202.09,23.33,0.78
2023-09-01 09:00:00+08:00,594.62,554.02,191.28,26.23,1.3
2023-09-01 10:00:00+08:00,689.03,512.45,252.33,27.48,1.61
2023-09-01 11:00:00+08:00,749.85,455.02,325.68,27.98,1.74
2023-09-01 12:00:00+08:00,651.95,285.05,344.57,28.1,1.97
2023-09-01 13:00:00+08:00,624.1,253.78,347.69,27.68,1.96
2023-09-01 14:00:00+08:00,530.25,246.36,350.48,27.51,1.85
2023-09-01 15:00:00+08:00,358.12,99.67,256.31,27.53,1.77
2023-09-01 16:00:00+08:00,214.6,61.48,170.23,27.14,1.53
2023-09-01 17:00:00+08:00,88.5,19.73,75.22,26.32,1.46
2023-09-01 18:00:00+08:00,8.5,1.34,9.99,25.03,1.07
2023-09-01 19:00:00+08:00,0.0,0.0,0.0,24.48,1.18
2023-09-01 20:00:00+08:00,0.0,0.0,0.0,23.96,1.39
2023-09-01 21:00:00+08:00,0.0,0.0,0.0,23.45,1.57
2023-09-01 22:00:00+08:00,0.0,0.0,0.0,23.01,1.72
2023-09-01 23:00:00+08:00,0.0,0.0,0.0,22.61,1.83
2023-09-02 00:00:00+08:00,0.0,0.0,0.0,22.21,1.9
2023-09-02 01:00:00+08:00,0.0,0.0,0.0,21.82,1.95
2023-09-02 02:00:00+08:00,0.0,0.0,0.0,21.45,1.97
2023-09-02 03:00:00+08:00,0.0,0.0,0.0,21.05,2.02
2023-09-02 04:00:00+08:00,0.0,0.0,0.0,20.62,2.05
2023-09-02 05:00:00+08:00,0.0,0.0,0.0,20.37,1.99
2023-09-02 06:00:00+08:00,66.32,26.69,54.44,20.99,1.65
2023-09-02 07:00:00+08:00,187.2,102.62,147.83,22.97,1.86
2023-09-02 08:00:00+08:00,361.52,241.61,213.73,24.38,1.78
2023-09-02 09:00:00+08:00,489.3,247.38,277.3,27.32,1.25
2023-09-02 10:00:00+08:00,540.15,189.99,318.07,28.9,0.9
2023-09-02 11:00:00+08:00,601.85,223.19,347.16,29.06,1.02
2023-09-02 12:00:00+08:00,702.38,294.94,403.43,29.05,1.48
2023-09-02 13:00:00+08:00,580.53,157.13,402.0,29.03,1.93
2023-09-02 14:00:00+08:00,505.48,101.23,369.2,28.81,2.22
2023-09-02 15:00:00+08:00,356.77,112.51,255.21,28.44,2.45
2023-09-02 16:00:00+08:00,193.85,106.15,151.34,27.95,2.31
2023-09-02 17:00:00+08:00,88.47,62.17,74.04,27.06,2.06
2023-09-02 18:00:00+08:00,9.0,3.14,11.52,25.31,1.55
2023-09-02 19:00:00+08:00,0.0,0.0,0.0,24.77,1.47
2023-09-02 20:00:00+08:00,0.0,0.0,0.0,24.3,1.5
2023-09-02 21:00:00+08:00,0.0,0.0,0.0,23.61,1.72
2023-09-02 22:00:00+08:00,0.0,0.0,0.0,22.75,2.02
2023-09-02 23:00:00+08:00,0.0,0.0,0.0,21.9,2.46
2023-09-03 00:00:00+08:00,0.0,0.0,0.0,21.43,2.75
2023-09-03 01:00:00+08:00,0.0,0.0,0.0,21.18,3.21
2023-09-03 02:00:00+08:00,0.0,0.0,0.0,20.85,4.14
2023-09-03 03:00:00+08:00,0.0,0.0,0.0,20.24,4.45
2023-09-03 04:00:00+08:00,0.0,0.0,0.0,19.69,4.27
2023-09-03 05:00:00+08:00,0.0,0.0,0.0,19.35,4.08
2023-09-03 06:00:00+08:00,62.05,71.63,49.15,20.0,4.62
2023-09-03 07:00:00+08:00,208.1,237.77,116.07,21.58,4.8
2023-09-03 08:00:00+08:00,364.5,328.21,168.81,23.9,5.1
2023-09-03 09:00:00+08:00,541.65,445.92,198.05,26.09,5.48
2023-09-03 10:00:00+08:00,658.55,467.32,249.17,27.83,5.3
2023-09-03 11:00:00+08:00,723.85,488.72,269.24,28.93,5.04
2023-09-03 12:00:00+08:00,799.17,629.08,228.43,29.57,4.71
2023-09-03 13:00:00+08:00,710.05,594.03,214.65,29.89,4.38
2023-09-03 14:00:00+08:00,592.92,514.47,202.75,29.93,4.04
2023-09-03 15:00:00+08:00,444.75,448.12,168.03,29.72,3.65
2023-09-03 16:00:00+08:00,270.62,339.91,121.77,29.13,3.03
2023-09-03 17:00:00+08:00,108.93,166.15,73.65,27.98,2.28
2023-09-03 18:00:00+08:00,8.55,3.92,10.56,25.77,1.91
2023-09-03 19:00:00+08:00,0.0,0.0,0.0,24.75,2.07
2023-09-03 20:00:00+08:00,0.0,0.0,0.0,24.21,2.11
2023-09-03 21:00:00+08:00,0.0,0.0,0.0,23.75,2.13
2023-09-03 22:00:00+08:00,0.0,0.0,0.0,23.27,2.13
2023-09-03 23:00:00+08:00,0.0,0.0,0.0,22.81,2.18
2023-09-04 00:00:00+08:00,0.0,0.0,0.0,22.44,2.26
2023-09-04 01:00:00+08:00,0.0,0.0,0.0,22.07,2.31
2023-09-04 02:00:00+08:00,0.0,0.0,0.0,21.76,2.33
2023-09-04 03:00:00+08:00,0.0,0.0,0.0,21.5,2.32
2023-09-04 04:00:00+08:00,0.0,0.0,0.0,21.21,2.29
2023-09-04 05:00:00+08:00,0.0,0.0,0.0,20.91,2.26
2023-09-04 06:00:00+08:00,71.35,124.66,48.93,21.83,2.46
2023-09-04 07:00:00+08:00,225.18,308.22,109.73,23.32,3.0
2023-09-04 08:00:00+08:00,417.25,471.89,153.05,25.65,2.34
2023-09-04 09:00:00+08:00,587.45,567.97,176.66,28.18,1.76
2023-09-04 10:00:00+08:00,688.95,525.37,256.04,29.27,1.37
2023-09-04 11:00:00+08:00,746.47,523.0,277.25,30.07,1.05
2023-09-04 12:00:00+08:00,751.03,520.28,274.09,30.67,0.81
2023-09-04 13:00:00+08:00,663.62,519.33,218.73,31.04,0.61
2023-09-04 14:00:00+08:00,545.35,395.65,239.6,31.18,0.49
2023-09-04 15:00:00+08:00,386.38,323.42,186.5,31.01,0.51
2023-09-04 16:00:00+08:00,226.82,287.49,111.09,30.56,0.6
2023-09-04 17:00:00+08:00,93.93,136.18,66.24,30.07,0.81
2023-09-04 18:00:00+08:00,7.1,2.8,9.28,28.41,0.77
2023-09-04 19:00:00+08:00,0.0,0.0,0.0,27.7,0.79
2023-09-04 20:00:00+08:00,0.0,0.0,0.0,26.68,0.89
2023-09-04 21:00:00+08:00,0.0,0.0,0.0,25.94,1.1
2023-09-04 22:00:00+08:00,0.0,0.0,0.0,24.99,1.37
2023-09-04 23:00:00+08:00,0.0,0.0,0.0,23.97,1.6
2023-09-05 00:00:00+08:00,0.0,0.0,0.0,23.05,1.69
2023-09-05 01:00:00+08:00,0.0,0.0,0.0,22.29,1.7
2023-09-05 02:00:00+08:00,0.0,0.0,0.0,21.66,1.65
2023-09-05 03:00:00+08:00,0.0,0.0,0.0,21.15,1.6
2023-09-05 04:00:00+08:00,0.0,0.0,0.0,20.87,1.43
2023-09-05 05:00:00+08:00,0.0,0.0,0.0,20.84,1.14
2023-09-05 06:00:00+08:00,74.25,142.25,46.8,21.66,0.69
2023-09-05 07:00:00+08:00,230.32,330.82,108.38,22.98,0.61
2023-09-05 08:00:00+08:00,425.3,497.14,149.7,25.58,0.93
2023-09-05 09:00:00+08:00,597.92,604.93,167.9,28.42,2.39
2023-09-05 10:00:00+08:00,724.55,646.14,188.62,29.61,2.94
2023-09-05 11:00:00+08:00,790.75,632.41,229.25,30.24,3.14
2023-09-05 12:00:00+08:00,770.1,597.06,237.71,30.6,3.27
2023-09-05 13:00:00+08:00,723.7,583.86,224.82,30.77,3.3
2023-09-05 14:00:00+08:00,616.0,550.77,199.34,30.7,3.23
2023-09-05 15:00:00+08:00,456.3,475.9,166.55,30.36,3.13
2023-09-05 16:00:00+08:00,275.75,371.7,121.7,29.7,2.7
2023-09-05 17:00:00+08:00,110.93,212.85,64.88,28.28,2.53
2023-09-05 18:00:00+08:00,7.43,6.41,8.95,25.47,2.21
2023-09-05 19:00:00+08:00,0.0,0.0,0.0,24.05,2.55
2023-09-05 20:00:00+08:00,0.0,0.0,0.0,23.15,2.69
2023-09-05 21:00:00+08:00,0.0,0.0,0.0,22.26,2.72
2023-09-05 22:00:00+08:00,0.0,0.0,0.0,21.38,2.71
2023-09-05 23:00:00+08:00,0.0,0.0,0.0,20.63,2.7
2023-09-06 00:00:00+08:00,0.0,0.0,0.0,20.04,2.65
2023-09-06 01:00:00+08:00,0.0,0.0,0.0,19.53,2.59
2023-09-06 02:00:00+08:00,0.0,0.0,0.0,19.09,2.53
2023-09-06 03:00:00+08:00,0.0,0.0,0.0,18.69,2.45
2023-09-06 04:00:00+08:00,0.0,0.0,0.0,18.36,2.37
2023-09-06 05:00:00+08:00,0.0,0.0,0.0,18.12,2.25
2023-09-06 06:00:00+08:00,75.78,167.53,44.62,19.6,1.81
2023-09-06 07:00:00+08:00,242.6,381.85,107.31,22.05,2.04
2023-09-06 08:00:00+08:00,437.05,532.65,146.16,24.21,1.42
2023-09-06 09:00:00+08:00,608.3,627.48,163.76,27.14,1.97
2023-09-06 10:00:00+08:00,732.92,662.82,186.9,28.5,2.19
2023-09-06 11:00:00+08:00,798.38,660.65,209.64,29.48,2.22
2023-09-06 12:00:00+08:00,790.95,637.88,222.95,30.11,2.06
2023-09-06 13:00:00+08:00,729.4,612.39,206.07,30.43,1.89
2023-09-06 14:00:00+08:00,607.45,546.0,189.8,30.46,1.79
2023-09-06 15:00:00+08:00,434.5,413.98,174.6,30.17,1.71
2023-09-06 16:00:00+08:00,247.3,267.69,132.87,29.6,1.5
2023-09-06 17:00:00+08:00,96.65,146.87,63.99,28.86,1.47
2023-09-06 18:00:00+08:00,5.9,2.8,7.47,26.71,1.26
2023-09-06 19:00:00+08:00,0.0,0.0,0.0,25.43,1.66
2023-09-06 20:00:00+08:00,0.0,0.0,0.0,24.24,2.12
2023-09-06 21:00:00+08:00,0.0,0.0,0.0,23.38,2.38
2023-09-06 22:00:00+08:00,0.0,0.0,0.0,22.59,2.5
2023-09-06 23:00:00+08:00,0.0,0.0,0.0,21.71,2.53
2023-09-07 00:00:00+08:00,0.0,0.0,0.0,20.86,2.55
2023-09-07 01:00:00+08:00,0.0,0.0,0.0,20.16,2.58
2023-09-07 02:00:00+08:00,0.0,0.0,0.0,19.62,2.56
2023-09-07 03:00:00+08:00,0.0,0.0,0.0,19.22,2.51
2023-09-07 04:00:00+08:00,0.0,0.0,0.0,18.9,2.47
2023-09-07 05:00:00+08:00,0.0,0.0,0.0,18.69,2.48
2023-09-07 06:00:00+08:00,72.28,156.8,43.42,20.13,2.24
2023-09-07 07:00:00+08:00,237.77,375.78,103.09,22.7,2.92
2023-09-07 08:00:00+08:00,433.1,528.09,145.93,25.07,2.24
2023-09-07 09:00:00+08:00,606.38,634.48,159.06,28.26,1.61
2023-09-07 10:00:00+08:00,734.22,676.67,179.62,29.66,1.24
2023-09-07 11:00:00+08:00,805.8,682.24,207.83,30.43,1.18
2023-09-07 12:00:00+08:00,841.15,805.73,144.87,30.9,1.32
2023-09-07 13:00:00+08:00,783.3,806.58,127.03,31.12,1.52
2023-09-07 14:00:00+08:00,657.08,684.83,168.38,31.06,1.76
2023-09-07 15:00:00+08:00,488.75,598.52,140.84,30.69,1.99
2023-09-07 16:00:00+08:00,292.92,552.86,83.29,29.98,2.02
2023-09-07 17:00:00+08:00,117.18,305.25,54.59,28.88,1.8
2023-09-07 18:00:00+08:00,6.28,10.61,8.82,26.77,1.43
2023-09-07 19:00:00+08:00,0.0,0.0,0.0,25.98,1.35
2023-09-07 20:00:00+08:00,0.0,0.0,0.0,25.44,1.25
2023-09-07 21:00:00+08:00,0.0,0.0,0.0,24.8,1.38
2023-09-07 22:00:00+08:00,0.0,0.0,0.0,23.89,1.76
2023-09-07 23:00:00+08:00,0.0,0.0,0.0,22.41,2.29
2023-09-08 00:00:00+08:00,0.0,0.0,0.0,21.36,2.67
2023-09-08 01:00:00+08:00,0.0,0.0,0.0,20.78,2.8
2023-09-08 02:00:00+08:00,0.0,0.0,0.0,20.33,2.9
2023-09-08 03:00:00+08:00,0.0,0.0,0.0,19.79,2.93
2023-09-08 04:00:00+08:00,0.0,0.0,0.0,19.28,2.84
2023-09-08 05:00:00+08:00,0.0,0.0,0.0,18.84,2.63
2023-09-08 06:00:00+08:00,75.18,189.16,42.73,19.8,3.01
2023-09-08 07:00:00+08:00,249.43,453.6,90.7,21.59,3.48
2023-09-08 08:00:00+08:00,444.12,590.03,127.74,24.1,3.03
2023-09-08 09:00:00+08:00,612.85,672.92,145.01,27.09,2.64
2023-09-08 10:00:00+08:00,735.15,697.16,169.47,28.82,1.96
2023-09-08 11:00:00+08:00,785.12,637.19,220.26,29.64,1.79
2023-09-08 12:00:00+08:00,772.47,649.07,206.02,30.1,1.79
2023-09-08 13:00:00+08:00,614.65,521.73,188.92,30.3,1.8
2023-09-08 14:00:00+08:00,521.55,309.66,275.09,30.23,1.9
2023-09-08 15:00:00+08:00,324.12,252.97,185.07,29.93,1.85
2023-09-08 16:00:00+08:00,191.3,156.05,139.82,29.35,1.52
2023-09-08 17:00:00+08:00,78.25,80.35,62.84,28.86,1.1
2023-09-08 18:00:00+08:00,4.9,1.88,7.17,27.09,0.74
2023-09-08 19:00:00+08:00,0.0,0.0,0.0,25.88,1.05
2023-09-08 20:00:00+08:00,0.0,0.0,0.0,25.14,1.22
2023-09-08 21:00:00+08:00,0.0,0.0,0.0,24.44,1.27
2023-09-08 22:00:00+08:00,0.0,0.0,0.0,23.86,1.24
2023-09-08 23:00:00+08:00,0.0,0.0,0.0,23.54,0.92
2023-09-09 00:00:00+08:00,0.0,0.0,0.0,23.4,0.22
2023-09-09 01:00:00+08:00,0.0,0.0,0.0,21.92,1.14
2023-09-09 02:00:00+08:00,0.0,0.0,0.0,20.62,1.93
2023-09-09 03:00:00+08:00,0.0,0.0,0.0,20.1,2.17
2023-09-09 04:00:00+08:00,0.0,0.0,0.0,19.93,2.34
2023-09-09 05:00:00+08:00,0.0,0.0,0.0,19.66,2.49
2023-09-09 06:00:00+08:00,66.57,119.32,48.82,19.76,2.79
2023-09-09 07:00:00+08:00,223.73,359.11,100.86,20.48,3.05
2023-09-09 08:00:00+08:00,407.23,479.92,152.08,22.17,2.54
2023-09-09 09:00:00+08:00,571.12,478.21,242.37,25.45,2.31
2023-09-09 10:00:00+08:00,655.92,436.61,297.56,27.35,1.76
2023-09-09 11:00:00+08:00,703.67,435.07,314.6,28.23,1.31
2023-09-09 12:00:00+08:00,684.0,396.39,331.71,28.64,1.05
2023-09-09 13:00:00+08:00,576.55,441.03,244.16,28.59,0.7
2023-09-09 14:00:00+08:00,457.7,335.35,209.23,28.32,0.28
2023-09-09 15:00:00+08:00,305.9,131.26,210.04,28.03,0.83
2023-09-09 16:00:00+08:00,179.07,69.19,139.92,27.71,1.27
2023-09-09 17:00:00+08:00,61.45,22.17,51.93,27.09,1.42
2023-09-09 18:00:00+08:00,3.8,0.0,5.25,25.25,1.35
2023-09-09 19:00:00+08:00,0.0,0.0,0.0,24.12,1.66
2023-09-09 20:00:00+08:00,0.0,0.0,0.0,23.49,1.85
2023-09-09 21:00:00+08:00,0.0,0.0,0.0,23.0,1.99
2023-09-09 22:00:00+08:00,0.0,0.0,0.0,22.62,1.96
2023-09-09 23:00:00+08:00,0.0,0.0,0.0,22.22,1.87
2023-09-10 00:00:00+08:00,0.0,0.0,0.0,21.81,1.84
2023-09-10 01:00:00+08:00,0.0,0.0,0.0,21.43,1.86
2023-09-10 02:00:00+08:00,0.0,0.0,0.0,20.94,1.97
2023-09-10 03:00:00+08:00,0.0,0.0,0.0,20.36,2.05
2023-09-10 04:00:00+08:00,0.0,0.0,0.0,19.97,2.06
2023-09-10 05:00:00+08:00,0.0,0.0,0.0,19.55,1.96
2023-09-10 06:00:00+08:00,28.45,0.64,24.82,20.45,1.94
2023-09-10 07:00:00+08:00,72.72,0.0,62.15,21.95,1.88
2023-09-10 08:00:00+08:00,102.35,0.16,88.77,24.33,1.54
2023-09-10 09:00:00+08:00,254.4,44.87,199.6,25.74,1.68
2023-09-10 10:00:00+08:00,482.35,152.87,305.59,26.6,1.83
2023-09-10 11:00:00+08:00,544.72,162.85,334.98,27.21,1.68
2023-09-10 12:00:00+08:00,445.9,121.78,279.64,27.53,1.33
2023-09-10 13:00:00+08:00,409.8,185.13,238.94,27.61,1.07
2023-09-10 14:00:00+08:00,379.6,160.92,218.4,27.58,1.11
2023-09-10 15:00:00+08:00,225.05,95.35,161.26,27.17,1.01
2023-09-10 16:00:00+08:00,133.88,95.07,99.25,26.72,0.64
2023-09-10 17:00:00+08:00,47.83,34.29,39.27,26.04,0.41
2023-09-10 18:00:00+08:00,2.5,0.0,3.5,25.09,0.47
2023-09-10 19:00:00+08:00,0.0,0.0,0.0,24.2,0.76
2023-09-10 20:00:00+08:00,0.0,0.0,0.0,23.72,0.81
2023-09-10 21:00:00+08:00,0.0,0.0,0.0,23.21,0.94
2023-09-10 22:00:00+08:00,0.0,0.0,0.0,22.49,1.31
2023-09-10 23:00:00+08:00,0.0,0.0,0.0,21.86,1.57
2023-09-11 00:00:00+08:00,0.0,0.0,0.0,21.44,1.68
2023-09-11 01:00:00+08:00,0.0,0.0,0.0,20.91,1.84
2023-09-11 02:00:00+08:00,0.0,0.0,0.0,20.43,2.06
2023-09-11 03:00:00+08:00,0.0,0.0,0.0,20.34,2.03
2023-09-11 04:00:00+08:00,0.0,0.0,0.0,20.26,2.02
2023-09-11 05:00:00+08:00,0.0,0.0,0.0,20.23,2.01
2023-09-11 06:00:00+08:00,30.33,0.0,26.5,20.65,1.83
2023-09-11 07:00:00+08:00,104.85,2.31,89.39,21.9,2.18
2023-09-11 08:00:00+08:00,257.85,23.02,220.67,23.19,2.59
2023-09-11 09:00:00+08:00,366.6,29.9,306.14,25.97,2.49
2023-09-11 10:00:00+08:00,448.2,34.24,363.75,27.18,2.31
2023-09-11 11:00:00+08:00,407.58,6.05,332.62,27.47,2.21
2023-09-11 12:00:00+08:00,344.73,7.1,281.99,27.97,2.1
2023-09-11 13:00:00+08:00,371.85,1.15,304.23,27.8,2.51
2023-09-11 14:00:00+08:00,220.7,0.0,184.46,27.33,2.51
2023-09-11 15:00:00+08:00,172.1,0.0,150.63,27.11,2.63
2023-09-11 16:00:00+08:00,65.5,0.0,56.91,26.66,2.62
2023-09-11 17:00:00+08:00,34.72,0.0,30.39,25.45,1.75
2023-09-11 18:00:00+08:00,1.83,0.0,2.09,24.83,1.31
2023-09-11 19:00:00+08:00,0.0,0.0,0.0,24.63,1.07
2023-09-11 20:00:00+08:00,0.0,0.0,0.0,24.51,0.95
2023-09-11 21:00:00+08:00,0.0,0.0,0.0,24.48,0.79
2023-09-11 22:00:00+08:00,0.0,0.0,0.0,24.21,0.57
2023-09-11 23:00:00+08:00,0.0,0.0,0.0,23.91,0.4
2023-09-12 00:00:00+08:00,0.0,0.0,0.0,23.48,0.41
2023-09-12 01:00:00+08:00,0.0,0.0,0.0,22.92,0.48
2023-09-12 02:00:00+08:00,0.0,0.0,0.0,22.36,0.66
2023-09-12 03:00:00+08:00,0.0,0.0,0.0,21.6,0.94
2023-09-12 04:00:00+08:00,0.0,0.0,0.0,21.04,1.18
2023-09-12 05:00:00+08:00,0.0,0.0,0.0,20.63,1.24
2023-09-12 06:00:00+08:00,13.38,0.0,12.07,20.54,1.67
2023-09-12 07:00:00+08:00,60.35,0.0,52.78,21.09,2.49
2023-09-12 08:00:00+08:00,53.92,6.06,44.78,21.91,2.81
2023-09-12 09:00:00+08:00,120.32,12.62,98.09,22.85,2.89
2023-09-12 10:00:00+08:00,208.8,0.0,172.23,23.29,2.8
2023-09-12 11:00:00+08:00,236.18,20.66,179.37,23.67,2.8
2023-09-12 12:00:00+08:00,265.33,1.01,217.08,23.79,3.04
2023-09-12 13:00:00+08:00,264.27,3.82,215.69,23.54,3.79
2023-09-12 14:00:00+08:00,223.6,13.75,184.84,23.28,4.76
2023-09-12 15:00:00+08:00,125.88,9.18,104.99,22.86,4.72
2023-09-12 16:00:00+08:00,100.38,0.0,87.22,22.28,4.5
2023-09-12 17:00:00+08:00,42.67,0.0,37.64,21.56,4.58
2023-09-12 18:00:00+08:00,1.9,0.0,2.18,20.78,4.51
2023-09-12 19:00:00+08:00,0.0,0.0,0.0,20.34,4.73
2023-09-12 20:00:00+08:00,0.0,0.0,0.0,20.1,4.59
2023-09-12 21:00:00+08:00,0.0,0.0,0.0,19.79,4.24
2023-09-12 22:00:00+08:00,0.0,0.0,0.0,19.43,3.88
2023-09-12 23:00:00+08:00,0.0,0.0,0.0,19.01,3.19
2023-09-13 00:00:00+08:00,0.0,0.0,0.0,18.46,2.47
2023-09-13 01:00:00+08:00,0.0,0.0,0.0,17.92,2.22
2023-09-13 02:00:00+08:00,0.0,0.0,0.0,17.4,2.23
2023-09-13 03:00:00+08:00,0.0,0.0,0.0,16.94,2.31
2023-09-13 04:00:00+08:00,0.0,0.0,0.0,16.65,2.43
2023-09-13 05:00:00+08:00,0.0,0.0,0.0,16.35,2.55
2023-09-13 06:00:00+08:00,53.75,92.62,40.94,17.05,3.13
2023-09-13 07:00:00+08:00,209.93,321.36,105.34,18.8,3.83
2023-09-13 08:00:00+08:00,408.55,474.12,161.75,21.38,4.48
2023-09-13 09:00:00+08:00,579.83,550.08,208.93,23.61,5.42
2023-09-13 10:00:00+08:00,716.5,626.36,207.64,24.95,5.3
2023-09-13 11:00:00+08:00,773.03,651.52,219.71,25.98,4.86
2023-09-13 12:00:00+08:00,789.6,667.5,223.57,26.69,4.37
2023-09-13 13:00:00+08:00,708.72,740.8,131.49,27.09,4.04
2023-09-13 14:00:00+08:00,615.38,624.1,182.45,27.11,3.82
2023-09-13 15:00:00+08:00,467.48,603.3,142.83,26.86,3.47
2023-09-13 16:00:00+08:00,274.02,529.99,87.66,26.16,2.68
2023-09-13 17:00:00+08:00,106.1,305.54,49.89,24.6,2.2
2023-09-13 18:00:00+08:00,0.0,0.0,0.0,21.66,2.09
2023-09-13 19:00:00+08:00,0.0,0.0,0.0,20.74,2.13
2023-09-13 20:00:00+08:00,0.0,0.0,0.0,19.58,2.36
2023-09-13 21:00:00+08:00,0.0,0.0,0.0,18.39,2.6
2023-09-13 22:00:00+08:00,0.0,0.0,0.0,17.44,2.72
2023-09-13 23:00:00+08:00,0.0,0.0,0.0,16.75,2.72
2023-09-14 00:00:00+08:00,0.0,0.0,0.0,16.25,2.75
2023-09-14 01:00:00+08:00,0.0,0.0,0.0,15.84,2.82
2023-09-14 02:00:00+08:00,0.0,0.0,0.0,15.45,2.88
2023-09-14 03:00:00+08:00,0.0,0.0,0.0,15.11,2.88
2023-09-14 04:00:00+08:00,0.0,0.0,0.0,14.83,2.83
2023-09-14 05:00:00+08:00,0.0,0.0,0.0,14.6,2.8
2023-09-14 06:00:00+08:00,70.95,219.34,37.94,15.66,2.57
2023-09-14 07:00:00+08:00,264.77,584.55,75.42,19.3,2.94
2023-09-14 08:00:00+08:00,469.58,741.77,93.84,21.34,2.67
2023-09-14 09:00:00+08:00,645.55,820.09,104.14,24.36,2.33
2023-09-14 10:00:00+08:00,773.67,854.46,112.23,26.09,2.58
2023-09-14 11:00:00+08:00,841.33,872.94,115.12,26.95,2.7
2023-09-14 12:00:00+08:00,848.08,868.78,122.16,27.57,2.79
2023-09-14 13:00:00+08:00,788.7,867.58,106.95,27.87,2.86
2023-09-14 14:00:00+08:00,665.85,806.06,112.76,27.93,2.82
2023-09-14 15:00:00+08:00,494.9,719.64,105.34,27.65,2.68
2023-09-14 16:00:00+08:00,291.9,560.73,88.36,27.26,2.26
2023-09-14 17:00:00+08:00,102.8,259.34,53.34,25.27,2.05
2023-09-14 18:00:00+08:00,0.0,0.0,0.0,22.64,2.02
2023-09-14 19:00:00+08:00,0.0,0.0,0.0,21.76,2.06
2023-09-14 20:00:00+08:00,0.0,0.0,0.0,20.92,2.13
2023-09-14 21:00:00+08:00,0.0,0.0,0.0,19.84,2.29
2023-09-14 22:00:00+08:00,0.0,0.0,0.0,18.54,2.53
2023-09-14 23:00:00+08:00,0.0,0.0,0.0,17.28,2.82
2023-09-15 00:00:00+08:00,0.0,0.0,0.0,16.33,3.03
2023-09-15 01:00:00+08:00,0.0,0.0,0.0,15.67,3.12
2023-09-15 02:00:00+08:00,0.0,0.0,0.0,15.23,3.2
2023-09-15 03:00:00+08:00,0.0,0.0,0.0,14.92,3.25
2023-09-15 04:00:00+08:00,0.0,0.0,0.0,14.72,3.3
2023-09-15 05:00:00+08:00,0.0,0.0,0.0,14.55,3.29
2023-09-15 06:00:00+08:00,68.03,242.55,34.17,15.57,3.17
2023-09-15 07:00:00+08:00,256.8,573.57,72.55,18.77,3.98
2023-09-15 08:00:00+08:00,458.33,716.02,94.6,21.06,3.46
2023-09-15 09:00:00+08:00,631.6,801.84,102.5,24.33,3.5
2023-09-15 10:00:00+08:00,756.97,827.26,120.29,26.3,2.85
2023-09-15 11:00:00+08:00,824.12,852.13,126.09,27.4,2.15
2023-09-15 12:00:00+08:00,816.6,798.71,157.58,28.08,1.74
2023-09-15 13:00:00+08:00,759.1,804.79,128.84,28.42,1.54
2023-09-15 14:00:00+08:00,613.88,674.82,151.72,28.43,1.44
2023-09-15 15:00:00+08:00,452.48,588.96,141.22,28.14,1.36
2023-09-15 16:00:00+08:00,260.5,459.24,94.95,27.8,1.16
2023-09-15 17:00:00+08:00,89.9,230.67,48.85,26.54,1.05
2023-09-15 18:00:00+08:00,0.0,0.0,0.0,24.6,1.12
2023-09-15 19:00:00+08:00,0.0,0.0,0.0,23.84,1.12
2023-09-15 20:00:00+08:00,0.0,0.0,0.0,23.34,1.02
2023-09-15 21:00:00+08:00,0.0,0.0,0.0,22.87,0.96
2023-09-15 22:00:00+08:00,0.0,0.0,0.0,22.28,1.09
2023-09-15 23:00:00+08:00,0.0,0.0,0.0,21.19,1.45
2023-09-16 00:00:00+08:00,0.0,0.0,0.0,19.68,1.93
2023-09-16 01:00:00+08:00,0.0,0.0,0.0,18.48,2.37
2023-09-16 02:00:00+08:00,0.0,0.0,0.0,17.37,2.64
2023-09-16 03:00:00+08:00,0.0,0.0,0.0,16.63,2.74
2023-09-16 04:00:00+08:00,0.0,0.0,0.0,16.14,2.74
2023-09-16 05:00:00+08:00,0.0,0.0,0.0,15.81,2.76
2023-09-16 06:00:00+08:00,61.05,184.53,34.92,16.64,2.63
2023-09-16 07:00:00+08:00,240.75,490.27,79.94,19.96,3.06
2023-09-16 08:00:00+08:00,437.8,644.86,108.9,22.12,2.71
2023-09-16 09:00:00+08:00,610.0,740.17,118.87,25.43,2.06
2023-09-16 10:00:00+08:00,731.05,756.73,147.25,27.53,1.93
2023-09-16 11:00:00+08:00,767.58,693.47,195.54,28.24,1.92
2023-09-16 12:00:00+08:00,685.6,546.16,219.93,28.66,1.93
2023-09-16 13:00:00+08:00,633.83,494.85,229.15,28.84,1.96
2023-09-16 14:00:00+08:00,535.3,441.22,210.05,28.78,1.9
2023-09-16 15:00:00+08:00,366.98,363.81,163.69,28.41,1.71
2023-09-16 16:00:00+08:00,199.95,282.58,99.79,28.0,1.32
2023-09-16 17:00:00+08:00,65.6,102.91,46.83,26.72,1.13
2023-09-16 18:00:00+08:00,0.0,0.0,0.0,24.99,1.11
2023-09-16 19:00:00+08:00,0.0,0.0,0.0,24.29,1.22
2023-09-16 20:00:00+08:00,0.0,0.0,0.0,23.26,1.4
2023-09-16 21:00:00+08:00,0.0,0.0,0.0,22.68,1.71
2023-09-16 22:00:00+08:00,0.0,0.0,0.0,21.81,2.03
2023-09-16 23:00:00+08:00,0.0,0.0,0.0,21.01,2.2
2023-09-17 00:00:00+08:00,0.0,0.0,0.0,20.41,2.22
2023-09-17 01:00:00+08:00,0.0,0.0,0.0,19.84,2.29
2023-09-17 02:00:00+08:00,0.0,0.0,0.0,19.12,2.45
2023-09-17 03:00:00+08:00,0.0,0.0,0.0,18.45,2.57
2023-09-17 04:00:00+08:00,0.0,0.0,0.0,17.91,2.65
2023-09-17 05:00:00+08:00,0.0,0.0,0.0,17.45,2.75
2023-09-17 06:00:00+08:00,47.67,56.76,41.07,18.06,2.7
2023-09-17 07:00:00+08:00,193.6,238.5,119.1,21.05,3.45
2023-09-17 08:00:00+08:00,367.65,364.29,186.2,23.02,3.36
2023-09-17 09:00:00+08:00,528.83,443.78,234.27,26.32,3.49
2023-09-17 10:00:00+08:00,652.92,525.29,240.02,27.8,3.49
2023-09-17 11:00:00+08:00,689.12,510.84,254.32,28.48,3.51
2023-09-17 12:00:00+08:00,631.42,367.86,295.9,28.94,3.56
2023-09-17 13:00:00+08:00,584.1,386.5,259.91,29.16,3.61
2023-09-17 14:00:00+08:00,488.73,346.95,235.22,29.01,3.62
2023-09-17 15:00:00+08:00,336.3,270.48,182.77,28.64,3.63
2023-09-17 16:00:00+08:00,194.27,196.43,127.29,27.71,3.13
2023-09-17 17:00:00+08:00,56.8,41.97,49.98,25.89,2.36
2023-09-17 18:00:00+08:00,0.0,0.0,0.0,23.5,2.51
2023-09-17 19:00:00+08:00,0.0,0.0,0.0,22.81,2.69
2023-09-17 20:00:00+08:00,0.0,0.0,0.0,22.38,2.92
2023-09-17 21:00:00+08:00,0.0,0.0,0.0,22.25,3.13
2023-09-17 22:00:00+08:00,0.0,0.0,0.0,22.01,3.21
2023-09-17 23:00:00+08:00,0.0,0.0,0.0,21.76,3.24
2023-09-18 00:00:00+08:00,0.0,0.0,0.0,21.61,3.31
2023-09-18 01:00:00+08:00,0.0,0.0,0.0,21.61,3.46
2023-09-18 02:00:00+08:00,0.0,0.0,0.0,21.66,3.85
2023-09-18 03:00:00+08:00,0.0,0.0,0.0,21.56,4.21
2023-09-18 04:00:00+08:00,0.0,0.0,0.0,21.14,4.22
2023-09-18 05:00:00+08:00,0.0,0.0,0.0,20.78,4.1
2023-09-18 06:00:00+08:00,36.38,8.95,34.99,20.9,4.27
2023-09-18 07:00:00+08:00,139.2,86.77,110.77,22.16,4.45
2023-09-18 08:00:00+08:00,268.62,169.38,176.58,24.33,4.47
2023-09-18 09:00:00+08:00,437.17,271.82,242.89,26.62,5.28
2023-09-18 10:00:00+08:00,596.47,379.23,264.74,28.22,5.66
2023-09-18 11:00:00+08:00,669.4,440.72,289.77,28.98,5.54
2023-09-18 12:00:00+08:00,615.62,336.49,289.3,29.45,5.22
2023-09-18 13:00:00+08:00,501.45,274.41,253.47,29.72,4.84
2023-09-18 14:00:00+08:00,409.05,231.23,218.89,29.75,4.64
2023-09-18 15:00:00+08:00,243.98,119.3,159.94,29.29,4.53
2023-09-18 16:00:00+08:00,146.32,58.9,120.22,28.55,3.9
2023-09-18 17:00:00+08:00,44.25,8.06,39.55,27.03,2.36
2023-09-18 18:00:00+08:00,0.0,0.0,0.0,24.9,2.33
2023-09-18 19:00:00+08:00,0.0,0.0,0.0,24.18,2.4
2023-09-18 20:00:00+08:00,0.0,0.0,0.0,23.66,2.51
2023-09-18 21:00:00+08:00,0.0,0.0,0.0,23.22,2.63
2023-09-18 22:00:00+08:00,0.0,0.0,0.0,22.94,2.86
2023-09-18 23:00:00+08:00,0.0,0.0,0.0,22.54,2.98
2023-09-19 00:00:00+08:00,0.0,0.0,0.0,22.17,2.86
2023-09-19 01:00:00+08:00,0.0,0.0,0.0,21.78,2.58
2023-09-19 02:00:00+08:00,0.0,0.0,0.0,21.41,2.3
2023-09-19 03:00:00+08:00,0.0,0.0,0.0,21.13,2.06
2023-09-19 04:00:00+08:00,0.0,0.0,0.0,20.65,1.91
2023-09-19 05:00:00+08:00,0.0,0.0,0.0,20.75,1.61
2023-09-19 06:00:00+08:00,28.5,1.94,25.99,21.49,1.44
2023-09-19 07:00:00+08:00,106.22,8.72,88.25,23.08,1.85
2023-09-19 08:00:00+08:00,177.7,13.98,150.71,24.59,1.5
2023-09-19 09:00:00+08:00,161.65,0.57,137.57,25.69,0.75
2023-09-19 10:00:00+08:00,137.32,15.8,106.38,26.3,3.07
2023-09-19 11:00:00+08:00,84.72,29.23,56.34,25.76,4.19
2023-09-19 12:00:00+08:00,61.15,30.05,39.87,25.14,4.84
2023-09-19 13:00:00+08:00,47.7,0.98,39.06,25.05,5.63
2023-09-19 14:00:00+08:00,67.43,0.0,57.18,24.62,6.64
2023-09-19 15:00:00+08:00,45.08,0.0,39.1,23.83,6.92
2023-09-19 16:00:00+08:00,32.5,0.0,27.77,22.76,7.07
2023-09-19 17:00:00+08:00,13.15,0.0,11.49,21.74,7.6
2023-09-19 18:00:00+08:00,0.0,0.0,0.0,20.86,8.14
2023-09-19 19:00:00+08:00,0.0,0.0,0.0,19.95,7.68
2023-09-19 20:00:00+08:00,0.0,0.0,0.0,19.37,6.7
2023-09-19 21:00:00+08:00,0.0,0.0,0.0,19.0,5.97
2023-09-19 22:00:00+08:00,0.0,0.0,0.0,18.69,5.55
2023-09-19 23:00:00+08:00,0.0,0.0,0.0,18.4,5.52
2023-09-20 00:00:00+08:00,0.0,0.0,0.0,18.07,5.68
2023-09-20 01:00:00+08:00,0.0,0.0,0.0,17.77,5.97
2023-09-20 02:00:00+08:00,0.0,0.0,0.0,17.49,6.02
2023-09-20 03:00:00+08:00,0.0,0.0,0.0,17.03,5.85
2023-09-20 04:00:00+08:00,0.0,0.0,0.0,16.52,5.68
2023-09-20 05:00:00+08:00,0.0,0.0,0.0,16.0,5.1
2023-09-20 06:00:00+08:00,41.3,29.45,39.32,15.76,4.69
2023-09-20 07:00:00+08:00,204.1,273.75,118.63,16.75,4.76
2023-09-20 08:00:00+08:00,403.95,526.53,147.15,19.04,5.51
2023-09-20 09:00:00+08:00,599.62,701.12,138.39,21.67,7.26
2023-09-20 10:00:00+08:00,713.5,688.36,191.81,23.1,7.75
2023-09-20 11:00:00+08:00,770.62,657.1,229.83,24.06,7.87
2023-09-20 12:00:00+08:00,753.12,658.23,230.04,24.79,7.68
2023-09-20 13:00:00+08:00,624.78,669.97,135.01,25.15,7.47
2023-09-20 14:00:00+08:00,444.55,493.84,153.9,25.1,7.32
2023-09-20 15:00:00+08:00,342.58,278.88,195.3,24.38,6.99
2023-09-20 16:00:00+08:00,178.23,125.34,132.34,23.21,5.49
2023-09-20 17:00:00+08:00,52.1,33.23,46.94,21.48,3.53
2023-09-20 18:00:00+08:00,0.0,0.0,0.0,19.45,3.03
2023-09-20 19:00:00+08:00,0.0,0.0,0.0,18.66,2.97
2023-09-20 20:00:00+08:00,0.0,0.0,0.0,18.05,2.66
2023-09-20 21:00:00+08:00,0.0,0.0,0.0,17.55,2.39
2023-09-20 22:00:00+08:00,0.0,0.0,0.0,17.29,2.14
2023-09-20 23:00:00+08:00,0.0,0.0,0.0,17.14,1.9
2023-09-21 00:00:00+08:00,0.0,0.0,0.0,17.07,1.67
2023-09-21 01:00:00+08:00,0.0,0.0,0.0,16.9,1.6
2023-09-21 02:00:00+08:00,0.0,0.0,0.0,16.62,1.69
2023-09-21 03:00:00+08:00,0.0,0.0,0.0,16.36,1.7
2023-09-21 04:00:00+08:00,0.0,0.0,0.0,16.18,1.69
2023-09-21 05:00:00+08:00,0.0,0.0,0.0,16.16,1.57
2023-09-21 06:00:00+08:00,38.17,31.16,35.29,16.42,1.42
2023-09-21 07:00:00+08:00,185.95,162.5,133.24,18.62,1.45
2023-09-21 08:00:00+08:00,337.62,358.95,175.26,20.64,1.76
2023-09-21 09:00:00+08:00,510.65,474.48,223.62,23.08,2.08
2023-09-21 10:00:00+08:00,719.5,725.64,167.14,24.45,1.6
2023-09-21 11:00:00+08:00,795.95,812.97,138.85,25.33,1.05
2023-09-21 12:00:00+08:00,803.12,841.82,120.43,25.91,0.84
2023-09-21 13:00:00+08:00,742.4,809.7,129.56,26.19,1.06
2023-09-21 14:00:00+08:00,617.72,735.42,130.5,26.15,1.34
2023-09-21 15:00:00+08:00,445.98,674.15,103.15,25.73,1.61
2023-09-21 16:00:00+08:00,253.52,565.71,73.49,24.89,1.75
2023-09-21 17:00:00+08:00,70.25,220.1,36.73,23.23,1.63
2023-09-21 18:00:00+08:00,0.0,0.0,0.0,20.68,1.83
2023-09-21 19:00:00+08:00,0.0,0.0,0.0,19.57,2.07
2023-09-21 20:00:00+08:00,0.0,0.0,0.0,18.57,2.34
2023-09-21 21:00:00+08:00,0.0,0.0,0.0,17.66,2.57
2023-09-21 22:00:00+08:00,0.0,0.0,0.0,16.93,2.83
2023-09-21 23:00:00+08:00,0.0,0.0,0.0,16.44,2.99
2023-09-22 00:00:00+08:00,0.0,0.0,0.0,15.95,3.07
2023-09-22 01:00:00+08:00,0.0,0.0,0.0,15.65,3.06
2023-09-22 02:00:00+08:00,0.0,0.0,0.0,14.99,3.05
2023-09-22 03:00:00+08:00,0.0,0.0,0.0,14.31,3.05
2023-09-22 04:00:00+08:00,0.0,0.0,0.0,13.9,3.11
2023-09-22 05:00:00+08:00,0.0,0.0,0.0,13.54,3.08
2023-09-22 06:00:00+08:00,52.45,152.38,34.02,14.09,2.88
2023-09-22 07:00:00+08:00,235.93,485.97,85.61,17.31,3.5
2023-09-22 08:00:00+08:00,435.33,676.75,106.95,19.68,3.04
2023-09-22 09:00:00+08:00,608.8,766.86,115.36,23.18,3.14
2023-09-22 10:00:00+08:00,734.2,812.36,127.52,24.87,3.03
2023-09-22 11:00:00+08:00,793.75,796.3,155.26,25.76,2.76
2023-09-22 12:00:00+08:00,786.35,770.73,168.15,26.33,2.23
2023-09-22 13:00:00+08:00,626.0,482.65,296.48,26.6,1.79
2023-09-22 14:00:00+08:00,526.62,470.13,348.51,26.48,1.15
2023-09-22 15:00:00+08:00,367.25,260.43,262.36,25.87,0.39
2023-09-22 16:00:00+08:00,197.45,101.95,160.16,24.81,0.33
2023-09-22 17:00:00+08:00,48.5,12.25,42.52,23.45,0.83
2023-09-22 18:00:00+08:00,0.0,0.0,0.0,22.22,1.13
2023-09-22 19:00:00+08:00,0.0,0.0,0.0,21.35,1.5
2023-09-22 20:00:00+08:00,0.0,0.0,0.0,20.21,1.98
2023-09-22 21:00:00+08:00,0.0,0.0,0.0,19.54,2.1
2023-09-22 22:00:00+08:00,0.0,0.0,0.0,19.58,1.8
2023-09-22 23:00:00+08:00,0.0,0.0,0.0,18.99,1.93
2023-09-23 00:00:00+08:00,0.0,0.0,0.0,18.34,2.11
2023-09-23 01:00:00+08:00,0.0,0.0,0.0,17.82,2.27
2023-09-23 02:00:00+08:00,0.0,0.0,0.0,17.33,2.61
2023-09-23 03:00:00+08:00,0.0,0.0,0.0,16.99,2.9
2023-09-23 04:00:00+08:00,0.0,0.0,0.0,16.52,3.07
2023-09-23 05:00:00+08:00,0.0,0.0,0.0,16.45,3.13
2023-09-23 06:00:00+08:00,29.35,14.71,27.42,16.83,3.39
2023-09-23 07:00:00+08:00,143.52,82.14,114.08,18.7,4.28
2023-09-23 08:00:00+08:00,265.7,103.06,202.4,20.75,5.14
2023-09-23 09:00:00+08:00,406.38,85.69,298.35,22.24,5.32
2023-09-23 10:00:00+08:00,464.45,10.22,379.79,23.37,4.61
2023-09-23 11:00:00+08:00,526.95,223.7,368.23,24.33,3.93
2023-09-23 12:00:00+08:00,520.4,70.66,394.97,25.03,3.4
2023-09-23 13:00:00+08:00,474.7,43.43,370.42,25.19,3.36
2023-09-23 14:00:00+08:00,416.23,50.36,346.91,24.56,3.12
2023-09-23 15:00:00+08:00,281.4,20.22,239.0,23.98,2.91
2023-09-23 16:00:00+08:00,147.32,22.9,125.46,23.0,2.75
2023-09-23 17:00:00+08:00,37.0,5.29,33.31,21.06,2.31
2023-09-23 18:00:00+08:00,0.0,0.0,0.0,19.66,2.55
2023-09-23 19:00:00+08:00,0.0,0.0,0.0,19.44,2.77
2023-09-23 20:00:00+08:00,0.0,0.0,0.0,19.18,3.15
2023-09-23 21:00:00+08:00,0.0,0.0,0.0,18.81,3.42
2023-09-23 22:00:00+08:00,0.0,0.0,0.0,18.23,3.21
2023-09-23 23:00:00+08:00,0.0,0.0,0.0,17.79,2.7
2023-09-24 00:00:00+08:00,0.0,0.0,0.0,17.5,2.14
2023-09-24 01:00:00+08:00,0.0,0.0,0.0,17.41,1.89
2023-09-24 02:00:00+08:00,0.0,0.0,0.0,17.31,1.77
2023-09-24 03:00:00+08:00,0.0,0.0,0.0,17.11,1.64
2023-09-24 04:00:00+08:00,0.0,0.0,0.0,16.89,1.55
2023-09-24 05:00:00+08:00,0.0,0.0,0.0,16.72,1.37
2023-09-24 06:00:00+08:00,13.7,0.0,12.74,16.81,1.39
2023-09-24 07:00:00+08:00,57.45,15.49,49.52,17.88,1.88
2023-09-24 08:00:00+08:00,99.5,25.55,79.15,19.69,1.68
2023-09-24 09:00:00+08:00,152.43,24.26,122.17,21.02,1.78
2023-09-24 10:00:00+08:00,162.07,27.29,119.81,21.65,1.47
2023-09-24 11:00:00+08:00,172.23,30.08,120.87,21.81,1.09
2023-09-24 12:00:00+08:00,138.25,26.86,103.26,21.83,0.87
2023-09-24 13:00:00+08:00,126.32,8.96,102.28,21.36,0.24
2023-09-24 14:00:00+08:00,172.5,30.89,129.46,20.64,0.6
2023-09-24 15:00:00+08:00,138.57,19.56,114.85,19.89,1.41
2023-09-24 16:00:00+08:00,72.5,22.39,60.9,19.28,2.03
2023-09-24 17:00:00+08:00,16.33,3.88,14.65,18.46,2.08
2023-09-24 18:00:00+08:00,0.0,0.0,0.0,17.09,1.83
2023-09-24 19:00:00+08:00,0.0,0.0,0.0,16.56,2.1
2023-09-24 20:00:00+08:00,0.0,0.0,0.0,16.21,2.17
2023-09-24 21:00:00+08:00,0.0,0.0,0.0,15.96,1.99
2023-09-24 22:00:00+08:00,0.0,0.0,0.0,15.77,1.72
2023-09-24 23:00:00+08:00,0.0,0.0,0.0,15.66,1.67
2023-09-25 00:00:00+08:00,0.0,0.0,0.0,15.48,1.78
2023-09-25 01:00:00+08:00,0.0,0.0,0.0,15.33,2.0
2023-09-25 02:00:00+08:00,0.0,0.0,0.0,15.25,2.37
2023-09-25 03:00:00+08:00,0.0,0.0,0.0,14.95,2.46
2023-09-25 04:00:00+08:00,0.0,0.0,0.0,14.6,2.52
2023-09-25 05:00:00+08:00,0.0,0.0,0.0,14.29,2.39
2023-09-25 06:00:00+08:00,24.08,7.34,23.82,14.2,2.46
2023-09-25 07:00:00+08:00,120.1,50.99,96.4,15.0,2.62
2023-09-25 08:00:00+08:00,224.68,110.02,166.69,16.85,2.82
2023-09-25 09:00:00+08:00,343.27,166.83,215.39,18.69,2.7
2023-09-25 10:00:00+08:00,357.5,235.01,196.98,20.09,2.05
2023-09-25 11:00:00+08:00,397.1,209.74,231.97,20.84,1.58
2023-09-25 12:00:00+08:00,364.98,36.25,276.25,20.71,1.77
2023-09-25 13:00:00+08:00,287.83,5.01,235.58,20.61,2.11
2023-09-25 14:00:00+08:00,189.68,2.35,159.83,20.46,2.17
2023-09-25 15:00:00+08:00,131.98,0.0,113.29,20.17,1.86
2023-09-25 16:00:00+08:00,76.47,0.0,66.35,19.78,1.19
2023-09-25 17:00:00+08:00,11.07,0.0,10.0,19.21,0.48
2023-09-25 18:00:00+08:00,0.0,0.0,0.0,18.53,0.43
2023-09-25 19:00:00+08:00,0.0,0.0,0.0,17.47,1.12
2023-09-25 20:00:00+08:00,0.0,0.0,0.0,16.33,1.7
2023-09-25 21:00:00+08:00,0.0,0.0,0.0,15.47,2.06
2023-09-25 22:00:00+08:00,0.0,0.0,0.0,14.93,2.18
2023-09-25 23:00:00+08:00,0.0,0.0,0.0,14.51,2.17
2023-09-26 00:00:00+08:00,0.0,0.0,0.0,14.5,2.02
2023-09-26 01:00:00+08:00,0.0,0.0,0.0,14.47,1.85
2023-09-26 02:00:00+08:00,0.0,0.0,0.0,14.21,1.74
2023-09-26 03:00:00+08:00,0.0,0.0,0.0,14.04,1.63
2023-09-26 04:00:00+08:00,0.0,0.0,0.0,14.0,1.48
2023-09-26 05:00:00+08:00,0.0,0.0,0.0,13.96,1.32
2023-09-26 06:00:00+08:00,17.3,1.29,16.86,14.18,1.25
2023-09-26 07:00:00+08:00,77.85,5.63,67.38,16.35,1.65
2023-09-26 08:00:00+08:00,181.32,8.38,152.11,18.46,1.86
2023-09-26 09:00:00+08:00,282.8,13.6,241.02,20.49,1.81
2023-09-26 10:00:00+08:00,337.95,44.7,278.57,22.07,1.65
2023-09-26 11:00:00+08:00,335.33,12.85,274.48,22.63,1.86
2023-09-26 12:00:00+08:00,295.52,9.29,242.24,22.44,2.18
2023-09-26 13:00:00+08:00,225.8,13.1,183.32,22.77,2.46
2023-09-26 14:00:00+08:00,189.5,0.0,162.91,22.94,2.77
2023-09-26 15:00:00+08:00,189.68,5.8,159.58,22.22,2.52
2023-09-26 16:00:00+08:00,109.45,19.36,93.94,21.14,1.85
2023-09-26 17:00:00+08:00,23.92,5.83,23.36,19.8,1.62
2023-09-26 18:00:00+08:00,0.0,0.0,0.0,18.39,1.93
2023-09-26 19:00:00+08:00,0.0,0.0,0.0,17.72,2.11
2023-09-26 20:00:00+08:00,0.0,0.0,0.0,17.11,2.23
2023-09-26 21:00:00+08:00,0.0,0.0,0.0,16.5,2.27
2023-09-26 22:00:00+08:00,0.0,0.0,0.0,15.55,2.38
2023-09-26 23:00:00+08:00,0.0,0.0,0.0,14.89,2.44
2023-09-27 00:00:00+08:00,0.0,0.0,0.0,14.48,2.42
2023-09-27 01:00:00+08:00,0.0,0.0,0.0,14.16,2.35
2023-09-27 02:00:00+08:00,0.0,0.0,0.0,13.9,2.24
2023-09-27 03:00:00+08:00,0.0,0.0,0.0,13.74,2.15
2023-09-27 04:00:00+08:00,0.0,0.0,0.0,13.66,2.07
2023-09-27 05:00:00+08:00,0.0,0.0,0.0,13.78,2.0
2023-09-27 06:00:00+08:00,19.38,9.98,18.57,14.15,1.99
2023-09-27 07:00:00+08:00,86.57,56.3,66.06,16.67,2.67
2023-09-27 08:00:00+08:00,165.85,101.2,118.57,18.81,2.62
2023-09-27 09:00:00+08:00,256.62,185.99,177.34,20.76,2.36
2023-09-27 10:00:00+08:00,275.17,7.86,231.48,22.31,2.05
2023-09-27 11:00:00+08:00,290.77,14.01,237.41,23.54,2.05
2023-09-27 12:00:00+08:00,274.73,1.9,226.27,23.87,2.34
2023-09-27 13:00:00+08:00,228.6,6.79,192.26,23.68,2.53
2023-09-27 14:00:00+08:00,138.57,3.6,118.55,23.19,2.76
2023-09-27 15:00:00+08:00,158.15,0.26,133.81,22.59,2.59
2023-09-27 16:00:00+08:00,89.9,5.87,77.85,21.89,1.78
2023-09-27 17:00:00+08:00,19.5,1.88,18.52,20.74,1.39
2023-09-27 18:00:00+08:00,0.0,0.0,0.0,19.3,1.49
2023-09-27 19:00:00+08:00,0.0,0.0,0.0,18.67,1.55
2023-09-27 20:00:00+08:00,0.0,0.0,0.0,18.32,1.46
2023-09-27 21:00:00+08:00,0.0,0.0,0.0,18.06,1.33
2023-09-27 22:00:00+08:00,0.0,0.0,0.0,17.47,1.23
2023-09-27 23:00:00+08:00,0.0,0.0,0.0,17.01,1.29
2023-09-28 00:00:00+08:00,0.0,0.0,0.0,16.62,1.38
2023-09-28 01:00:00+08:00,0.0,0.0,0.0,16.54,1.45
2023-09-28 02:00:00+08:00,0.0,0.0,0.0,16.31,1.44
2023-09-28 03:00:00+08:00,0.0,0.0,0.0,16.27,1.3
2023-09-28 04:00:00+08:00,0.0,0.0,0.0,16.33,1.0
2023-09-28 05:00:00+08:00,0.0,0.0,0.0,16.46,0.45
2023-09-28 06:00:00+08:00,35.28,63.43,29.38,16.23,0.49
2023-09-28 07:00:00+08:00,199.45,370.47,91.28,17.78,0.98
2023-09-28 08:00:00+08:00,371.48,544.53,118.47,19.69,1.4
2023-09-28 09:00:00+08:00,533.47,608.05,152.61,22.71,2.05
2023-09-28 10:00:00+08:00,679.35,715.43,160.87,24.34,1.95
2023-09-28 11:00:00+08:00,754.5,731.82,175.31,25.57,1.49
2023-09-28 12:00:00+08:00,720.33,639.72,207.11,26.44,0.84
2023-09-28 13:00:00+08:00,625.92,590.85,200.94,26.93,0.36
2023-09-28 14:00:00+08:00,435.3,302.84,242.13,27.06,0.44
2023-09-28 15:00:00+08:00,282.7,155.68,195.88,26.8,0.44
2023-09-28 16:00:00+08:00,153.2,82.03,125.86,26.27,0.52
2023-09-28 17:00:00+08:00,26.83,6.64,27.27,24.3,0.98
2023-09-28 18:00:00+08:00,0.0,0.0,0.0,21.96,1.68
2023-09-28 19:00:00+08:00,0.0,0.0,0.0,22.08,1.14
2023-09-28 20:00:00+08:00,0.0,0.0,0.0,21.89,0.69
2023-09-28 21:00:00+08:00,0.0,0.0,0.0,21.25,0.82
2023-09-28 22:00:00+08:00,0.0,0.0,0.0,20.54,0.98
2023-09-28 23:00:00+08:00,0.0,0.0,0.0,19.17,1.6
2023-09-29 00:00:00+08:00,0.0,0.0,0.0,17.95,2.16
2023-09-29 01:00:00+08:00,0.0,0.0,0.0,17.48,2.34
2023-09-29 02:00:00+08:00,0.0,0.0,0.0,16.92,2.44
2023-09-29 03:00:00+08:00,0.0,0.0,0.0,16.05,2.46
2023-09-29 04:00:00+08:00,0.0,0.0,0.0,15.59,2.42
2023-09-29 05:00:00+08:00,0.0,0.0,0.0,15.37,2.44
2023-09-29 06:00:00+08:00,26.6,4.1,28.02,15.67,2.44
2023-09-29 07:00:00+08:00,145.62,65.41,124.18,17.83,3.35
2023-09-29 08:00:00+08:00,318.77,209.95,218.78,19.64,4.14
2023-09-29 09:00:00+08:00,443.23,265.64,256.32,21.41,5.17
2023-09-29 10:00:00+08:00,530.9,259.64,305.47,22.45,5.14
2023-09-29 11:00:00+08:00,572.92,263.68,332.39,23.12,4.85
2023-09-29 12:00:00+08:00,549.08,163.93,363.39,23.2,4.47
2023-09-29 13:00:00+08:00,436.52,139.48,308.66,22.77,4.08
2023-09-29 14:00:00+08:00,367.55,265.38,188.87,22.23,3.64
2023-09-29 15:00:00+08:00,246.62,210.31,151.88,21.7,3.42
2023-09-29 16:00:00+08:00,138.38,118.2,106.9,21.04,3.08
2023-09-29 17:00:00+08:00,27.48,16.28,27.19,19.97,2.04
2023-09-29 18:00:00+08:00,0.0,0.0,0.0,18.3,1.96
2023-09-29 19:00:00+08:00,0.0,0.0,0.0,17.42,2.24
2023-09-29 20:00:00+08:00,0.0,0.0,0.0,16.65,2.51
2023-09-29 21:00:00+08:00,0.0,0.0,0.0,16.11,2.68
2023-09-29 22:00:00+08:00,0.0,0.0,0.0,15.66,2.83
2023-09-29 23:00:00+08:00,0.0,0.0,0.0,15.23,2.87
2023-09-30 00:00:00+08:00,0.0,0.0,0.0,14.84,2.76
2023-09-30 01:00:00+08:00,0.0,0.0,0.0,14.43,2.59
2023-09-30 02:00:00+08:00,0.0,0.0,0.0,14.02,2.45
2023-09-30 03:00:00+08:00,0.0,0.0,0.0,13.65,2.31
2023-09-30 04:00:00+08:00,0.0,0.0,0.0,13.39,2.09
2023-09-30 05:00:00+08:00,0.0,0.0,0.0,13.27,1.82
2023-09-30 06:00:00+08:00,35.1,66.29,32.54,13.16,1.93
2023-09-30 07:00:00+08:00,205.95,423.32,90.41,15.38,2.82
2023-09-30 08:00:00+08:00,399.42,592.75,127.97,17.35,3.76
2023-09-30 09:00:00+08:00,574.03,725.1,139.57,19.95,5.13
2023-09-30 10:00:00+08:00,722.2,857.86,109.65,21.75,5.31
2023-09-30 11:00:00+08:00,781.58,810.68,148.78,22.67,5.13
2023-09-30 12:00:00+08:00,750.72,742.75,192.97,23.3,5.16
2023-09-30 13:00:00+08:00,681.67,678.16,216.42,23.56,5.31
2023-09-30 14:00:00+08:00,482.55,335.78,267.32,23.36,5.25
2023-09-30 15:00:00+08:00,340.4,244.23,240.54,22.56,4.98
2023-09-30 16:00:00+08:00,180.98,132.92,135.33,21.05,3.71
2023-09-30 17:00:00+08:00,32.67,22.32,32.69,18.65,2.46
2023-09-30 18:00:00+08:00,0.0,0.0,0.0,16.31,2.68
2023-09-30 19:00:00+08:00,0.0,0.0,0.0,15.16,2.63
2023-09-30 20:00:00+08:00,0.0,0.0,0.0,14.91,2.36
2023-09-30 21:00:00+08:00,0.0,0.0,0.0,15.04,1.95
2023-09-30 22:00:00+08:00,0.0,0.0,0.0,15.27,1.54
2023-09-30 23:00:00+08:00,0.0,0.0,0.0,15.13,1.28
2023-10-01 00:00:00+08:00,0.0,0.0,0.0,14.71,1.19
2023-10-01 01:00:00+08:00,0.0,0.0,0.0,13.65,1.2
2023-10-01 02:00:00+08:00,0.0,0.0,0.0,13.05,1.27
2023-10-01 03:00:00+08:00,0.0,0.0,0.0,12.54,1.3
2023-10-01 04:00:00+08:00,0.0,0.0,0.0,12.09,1.19
2023-10-01 05:00:00+08:00,0.0,0.0,0.0,12.12,0.99
2023-10-01 06:00:00+08:00,39.53,147.46,27.33,12.23,1.14
2023-10-01 07:00:00+08:00,223.93,532.02,75.89,14.47,1.4
2023-10-01 08:00:00+08:00,427.42,751.63,83.58,17.26,1.68
2023-10-01 09:00:00+08:00,600.17,826.96,98.51,20.67,1.34
2023-10-01 10:00:00+08:00,722.5,863.11,109.43,23.27,1.66
2023-10-01 11:00:00+08:00,784.35,878.7,113.88,24.1,1.34
2023-10-01 12:00:00+08:00,773.62,844.69,128.27,24.63,0.82
2023-10-01 13:00:00+08:00,704.0,817.6,124.07,24.79,0.33
2023-10-01 14:00:00+08:00,503.38,369.99,254.38,24.27,0.23
2023-10-01 15:00:00+08:00,334.12,259.52,220.46,23.85,0.62
2023-10-01 16:00:00+08:00,165.35,141.2,119.8,23.18,0.34
2023-10-01 17:00:00+08:00,25.95,16.56,26.38,22.21,0.15
2023-10-01 18:00:00+08:00,0.0,0.0,0.0,21.39,0.31
2023-10-01 19:00:00+08:00,0.0,0.0,0.0,20.84,0.41
2023-10-01 20:00:00+08:00,0.0,0.0,0.0,20.28,0.37
2023-10-01 21:00:00+08:00,0.0,0.0,0.0,19.11,0.9
2023-10-01 22:00:00+08:00,0.0,0.0,0.0,17.6,1.64
2023-10-01 23:00:00+08:00,0.0,0.0,0.0,16.25,2.08
2023-10-02 00:00:00+08:00,0.0,0.0,0.0,14.94,2.48
2023-10-02 01:00:00+08:00,0.0,0.0,0.0,14.1,2.79
2023-10-02 02:00:00+08:00,0.0,0.0,0.0,13.7,2.89
2023-10-02 03:00:00+08:00,0.0,0.0,0.0,13.55,2.96
2023-10-02 04:00:00+08:00,0.0,0.0,0.0,13.17,2.99
2023-10-02 05:00:00+08:00,0.0,0.0,0.0,12.12,3.05
2023-10-02 06:00:00+08:00,29.52,29.26,28.0,12.1,2.98
2023-10-02 07:00:00+08:00,174.02,216.31,116.22,15.25,3.87
2023-10-02 08:00:00+08:00,346.12,354.49,180.95,17.84,3.65
2023-10-02 09:00:00+08:00,510.5,472.07,216.74,20.91,4.17
2023-10-02 10:00:00+08:00,613.65,473.19,288.08,22.64,3.95
2023-10-02 11:00:00+08:00,646.65,438.86,339.36,23.67,4.05
2023-10-02 12:00:00+08:00,642.58,496.59,301.01,24.21,4.05
2023-10-02 13:00:00+08:00,539.05,333.01,288.04,24.45,3.87
2023-10-02 14:00:00+08:00,444.77,309.86,251.53,24.33,3.84
2023-10-02 15:00:00+08:00,265.4,118.63,207.32,23.87,3.87
2023-10-02 16:00:00+08:00,133.5,56.38,116.9,22.56,3.08
2023-10-02 17:00:00+08:00,19.3,4.07,20.73,20.19,2.24
2023-10-02 18:00:00+08:00,0.0,0.0,0.0,18.46,2.26
2023-10-02 19:00:00+08:00,0.0,0.0,0.0,17.93,2.16
2023-10-02 20:00:00+08:00,0.0,0.0,0.0,17.41,2.11
2023-10-02 21:00:00+08:00,0.0,0.0,0.0,17.09,2.05
2023-10-02 22:00:00+08:00,0.0,0.0,0.0,16.82,1.94
2023-10-02 23:00:00+08:00,0.0,0.0,0.0,16.42,1.88
2023-10-03 00:00:00+08:00,0.0,0.0,0.0,16.02,1.8
2023-10-03 01:00:00+08:00,0.0,0.0,0.0,15.69,1.71
2023-10-03 02:00:00+08:00,0.0,0.0,0.0,15.38,1.69
2023-10-03 03:00:00+08:00,0.0,0.0,0.0,15.08,1.72
2023-10-03 04:00:00+08:00,0.0,0.0,0.0,14.68,1.84
2023-10-03 05:00:00+08:00,0.0,0.0,0.0,14.17,2.02
2023-10-03 06:00:00+08:00,20.98,10.42,22.38,13.81,2.19
2023-10-03 07:00:00+08:00,157.9,164.14,113.43,16.47,2.45
2023-10-03 08:00:00+08:00,318.05,325.62,164.94,19.16,2.72
2023-10-03 09:00:00+08:00,493.95,488.23,188.82,21.57,2.89
2023-10-03 10:00:00+08:00,607.83,510.71,228.28,22.86,2.91
2023-10-03 11:00:00+08:00,637.6,492.08,242.0,23.69,2.85
2023-10-03 12:00:00+08:00,591.75,417.23,252.83,24.18,2.6
2023-10-03 13:00:00+08:00,489.08,327.68,229.91,24.4,2.39
2023-10-03 14:00:00+08:00,328.12,356.25,145.21,24.32,2.16
2023-10-03 15:00:00+08:00,232.05,218.3,135.23,23.69,2.1
2023-10-03 16:00:00+08:00,120.72,96.87,91.56,22.7,1.71
2023-10-03 17:00:00+08:00,20.3,6.19,21.76,21.24,1.32
2023-10-03 18:00:00+08:00,0.0,0.0,0.0,20.24,1.3
2023-10-03 19:00:00+08:00,0.0,0.0,0.0,19.63,1.39
2023-10-03 20:00:00+08:00,0.0,0.0,0.0,18.96,1.75
2023-10-03 21:00:00+08:00,0.0,0.0,0.0,18.18,2.1
2023-10-03 22:00:00+08:00,0.0,0.0,0.0,17.58,2.38
2023-10-03 23:00:00+08:00,0.0,0.0,0.0,16.91,2.59
2023-10-04 00:00:00+08:00,0.0,0.0,0.0,16.45,2.66
2023-10-04 01:00:00+08:00,0.0,0.0,0.0,16.04,2.61
2023-10-04 02:00:00+08:00,0.0,0.0,0.0,15.5,2.52
2023-10-04 03:00:00+08:00,0.0,0.0,0.0,14.69,2.44
2023-10-04 04:00:00+08:00,0.0,0.0,0.0,14.32,2.25
2023-10-04 05:00:00+08:00,0.0,0.0,0.0,14.34,1.94
2023-10-04 06:00:00+08:00,21.62,4.58,23.34,15.11,1.41
2023-10-04 07:00:00+08:00,117.2,34.74,95.14,16.62,1.16
2023-10-04 08:00:00+08:00,243.05,69.96,189.74,18.06,1.72
2023-10-04 09:00:00+08:00,381.7,92.85,278.85,20.84,3.0
2023-10-04 10:00:00+08:00,387.27,26.34,319.74,21.99,3.95
2023-10-04 11:00:00+08:00,330.6,0.51,272.76,22.21,4.18
2023-10-04 12:00:00+08:00,252.77,0.0,208.61,22.32,4.42
2023-10-04 13:00:00+08:00,269.85,151.3,202.98,22.04,4.49
2023-10-04 14:00:00+08:00,275.23,40.43,216.5,21.97,4.67
2023-10-04 15:00:00+08:00,191.18,19.8,161.98,22.0,4.88
2023-10-04 16:00:00+08:00,95.75,7.55,84.6,21.48,3.98
2023-10-04 17:00:00+08:00,15.15,1.73,16.09,19.29,3.1
2023-10-04 18:00:00+08:00,0.0,0.0,0.0,16.77,3.6
2023-10-04 19:00:00+08:00,0.0,0.0,0.0,15.85,4.01
2023-10-04 20:00:00+08:00,0.0,0.0,0.0,14.52,3.75
2023-10-04 21:00:00+08:00,0.0,0.0,0.0,13.56,3.21
2023-10-04 22:00:00+08:00,0.0,0.0,0.0,13.04,2.9
2023-10-04 23:00:00+08:00,0.0,0.0,0.0,12.83,2.67
2023-10-05 00:00:00+08:00,0.0,0.0,0.0,12.86,2.39
2023-10-05 01:00:00+08:00,0.0,0.0,0.0,12.94,2.09
2023-10-05 02:00:00+08:00,0.0,0.0,0.0,12.83,1.87
2023-10-05 03:00:00+08:00,0.0,0.0,0.0,12.18,1.9
2023-10-05 04:00:00+08:00,0.0,0.0,0.0,10.95,2.26
2023-10-05 05:00:00+08:00,0.0,0.0,0.0,9.89,2.53
2023-10-05 06:00:00+08:00,37.1,211.49,19.6,9.59,2.52
2023-10-05 07:00:00+08:00,222.77,655.19,49.39,12.86,2.49
2023-10-05 08:00:00+08:00,422.73,804.11,69.03,15.71,2.8
2023-10-05 09:00:00+08:00,592.67,893.67,72.22,19.1,3.33
2023-10-05 10:00:00+08:00,683.95,721.62,217.57,20.96,2.92
2023-10-05 11:00:00+08:00,673.58,356.33,372.52,21.9,2.8
2023-10-05 12:00:00+08:00,589.62,136.9,423.35,21.89,2.83
2023-10-05 13:00:00+08:00,458.48,47.43,370.48,22.18,2.91
2023-10-05 14:00:00+08:00,303.08,38.04,249.74,22.25,2.67
2023-10-05 15:00:00+08:00,221.85,25.69,187.57,21.87,2.43
2023-10-05 16:00:00+08:00,117.65,46.02,98.89,20.91,2.12
2023-10-05 17:00:00+08:00,15.52,0.0,15.79,18.4,2.05
2023-10-05 18:00:00+08:00,0.0,0.0,0.0,16.25,2.46
2023-10-05 19:00:00+08:00,0.0,0.0,0.0,15.54,2.68
2023-10-05 20:00:00+08:00,0.0,0.0,0.0,14.88,2.7
2023-10-05 21:00:00+08:00,0.0,0.0,0.0,14.28,2.63
2023-10-05 22:00:00+08:00,0.0,0.0,0.0,13.83,2.52
2023-10-05 23:00:00+08:00,0.0,0.0,0.0,13.51,2.38
2023-10-06 00:00:00+08:00,0.0,0.0,0.0,13.33,2.21
2023-10-06 01:00:00+08:00,0.0,0.0,0.0,13.29,1.98
2023-10-06 02:00:00+08:00,0.0,0.0,0.0,13.58,1.68
2023-10-06 03:00:00+08:00,0.0,0.0,0.0,13.66,1.49
2023-10-06 04:00:00+08:00,0.0,0.0,0.0,13.56,1.33
2023-10-06 05:00:00+08:00,0.0,0.0,0.0,13.49,1.19
2023-10-06 06:00:00+08:00,13.25,6.52,13.84,13.54,1.06
2023-10-06 07:00:00+08:00,106.07,18.3,90.4,14.54,0.96
2023-10-06 08:00:00+08:00,231.23,21.68,196.25,16.1,1.2
2023-10-06 09:00:00+08:00,352.25,12.81,304.29,17.84,0.99
2023-10-06 10:00:00+08:00,400.52,27.91,332.55,20.7,0.46
2023-10-06 11:00:00+08:00,317.58,0.0,262.07,22.1,0.62
2023-10-06 12:00:00+08:00,306.1,0.0,251.41,22.52,1.51
2023-10-06 13:00:00+08:00,323.3,0.7,271.74,22.27,2.16
2023-10-06 14:00:00+08:00,230.05,0.0,199.47,21.63,2.28
2023-10-06 15:00:00+08:00,129.38,0.0,110.16,20.82,2.16
2023-10-06 16:00:00+08:00,68.65,0.0,60.1,20.38,2.01
2023-10-06 17:00:00+08:00,9.75,0.0,9.92,18.19,1.66
2023-10-06 18:00:00+08:00,0.0,0.0,0.0,16.52,1.8
2023-10-06 19:00:00+08:00,0.0,0.0,0.0,15.68,1.92
2023-10-06 20:00:00+08:00,0.0,0.0,0.0,14.76,2.19
2023-10-06 21:00:00+08:00,0.0,0.0,0.0,14.06,2.46
2023-10-06 22:00:00+08:00,0.0,0.0,0.0,13.53,2.57
2023-10-06 23:00:00+08:00,0.0,0.0,0.0,13.11,2.53
2023-10-07 00:00:00+08:00,0.0,0.0,0.0,12.66,2.43
2023-10-07 01:00:00+08:00,0.0,0.0,0.0,12.35,2.22
2023-10-07 02:00:00+08:00,0.0,0.0,0.0,12.05,2.04
2023-10-07 03:00:00+08:00,0.0,0.0,0.0,11.86,1.82
2023-10-07 04:00:00+08:00,0.0,0.0,0.0,11.67,1.68
2023-10-07 05:00:00+08:00,0.0,0.0,0.0,11.66,1.58
2023-10-07 06:00:00+08:00,16.98,0.0,16.97,11.85,1.59
2023-10-07 07:00:00+08:00,114.47,12.58,98.49,13.54,1.63
2023-10-07 08:00:00+08:00,229.07,12.32,197.66,15.14,2.13
2023-10-07 09:00:00+08:00,344.42,38.83,293.64,17.46,2.13
2023-10-07 10:00:00+08:00,537.33,331.21,300.33,19.07,2.49
2023-10-07 11:00:00+08:00,598.67,373.37,312.6,20.18,2.72
2023-10-07 12:00:00+08:00,491.6,254.25,313.9,20.85,2.88
2023-10-07 13:00:00+08:00,424.15,231.07,233.6,21.04,2.91
2023-10-07 14:00:00+08:00,304.67,201.3,184.25,20.8,2.76
2023-10-07 15:00:00+08:00,216.57,119.49,163.21,20.47,2.66
2023-10-07 16:00:00+08:00,94.65,47.57,79.9,19.68,2.35
2023-10-07 17:00:00+08:00,12.25,3.28,12.99,17.46,1.78
2023-10-07 18:00:00+08:00,0.0,0.0,0.0,16.07,1.91
2023-10-07 19:00:00+08:00,0.0,0.0,0.0,15.72,1.87
2023-10-07 20:00:00+08:00,0.0,0.0,0.0,15.36,1.86
2023-10-07 21:00:00+08:00,0.0,0.0,0.0,14.97,1.88
2023-10-07 22:00:00+08:00,0.0,0.0,0.0,14.46,1.96
2023-10-07 23:00:00+08:00,0.0,0.0,0.0,13.67,2.16
2023-10-08 00:00:00+08:00,0.0,0.0,0.0,12.83,2.34
2023-10-08 01:00:00+08:00,0.0,0.0,0.0,12.05,2.48
2023-10-08 02:00:00+08:00,0.0,0.0,0.0,11.25,2.55
2023-10-08 03:00:00+08:00,0.0,0.0,0.0,10.7,2.57
2023-10-08 04:00:00+08:00,0.0,0.0,0.0,10.29,2.62
2023-10-08 05:00:00+08:00,0.0,0.0,0.0,9.98,2.71
2023-10-08 06:00:00+08:00,17.6,9.62,19.21,10.04,2.81
2023-10-08 07:00:00+08:00,133.48,176.64,81.58,12.84,3.76
2023-10-08 08:00:00+08:00,290.33,314.16,145.55,15.43,3.98
2023-10-08 09:00:00+08:00,437.62,416.34,178.99,18.49,5.14
2023-10-08 10:00:00+08:00,508.55,380.13,217.47,20.26,5.61
2023-10-08 11:00:00+08:00,553.05,384.29,238.03,21.54,5.15
2023-10-08 12:00:00+08:00,491.67,322.66,233.0,22.41,4.65
2023-10-08 13:00:00+08:00,441.55,274.57,226.49,22.87,4.4
2023-10-08 14:00:00+08:00,301.6,163.4,191.63,22.87,4.14
2023-10-08 15:00:00+08:00,194.55,92.41,145.24,22.44,3.86
2023-10-08 16:00:00+08:00,81.38,31.37,69.56,21.37,2.64
2023-10-08 17:00:00+08:00,10.2,2.04,12.02,19.5,1.79
2023-10-08 18:00:00+08:00,0.0,0.0,0.0,18.65,1.63
2023-10-08 19:00:00+08:00,0.0,0.0,0.0,18.25,1.39
2023-10-08 20:00:00+08:00,0.0,0.0,0.0,17.74,1.44
2023-10-08 21:00:00+08:00,0.0,0.0,0.0,16.91,1.74
2023-10-08 22:00:00+08:00,0.0,0.0,0.0,15.74,2.06
2023-10-08 23:00:00+08:00,0.0,0.0,0.0,14.51,2.26
2023-10-09 00:00:00+08:00,0.0,0.0,0.0,13.65,2.38
2023-10-09 01:00:00+08:00,0.0,0.0,0.0,13.32,2.33
2023-10-09 02:00:00+08:00,0.0,0.0,0.0,13.43,1.99
2023-10-09 03:00:00+08:00,0.0,0.0,0.0,13.64,1.48
2023-10-09 04:00:00+08:00,0.0,0.0,0.0,13.02,1.26
2023-10-09 05:00:00+08:00,0.0,0.0,0.0,11.95,1.8
2023-10-09 06:00:00+08:00,24.23,50.59,21.75,10.77,2.35
2023-10-09 07:00:00+08:00,187.07,436.81,75.58,12.76,2.43
2023-10-09 08:00:00+08:00,385.08,665.88,100.04,15.3,2.66
2023-10-09 09:00:00+08:00,558.88,777.1,108.81,18.63,3.31
2023-10-09 10:00:00+08:00,684.85,846.65,110.78,20.88,4.05
2023-10-09 11:00:00+08:00,748.92,879.53,105.95,21.81,4.61
2023-10-09 12:00:00+08:00,698.03,720.03,160.95,22.27,5.09
2023-10-09 13:00:00+08:00,636.47,711.8,146.13,22.44,5.18
2023-10-09 14:00:00+08:00,513.2,659.15,133.54,22.31,5.04
2023-10-09 15:00:00+08:00,344.6,551.85,113.58,21.76,4.8
2023-10-09 16:00:00+08:00,161.38,383.43,68.61,20.45,3.85
2023-10-09 17:00:00+08:00,16.62,33.62,15.69,17.0,2.7
2023-10-09 18:00:00+08:00,0.0,0.0,0.0,14.4,3.17
2023-10-09 19:00:00+08:00,0.0,0.0,0.0,13.55,3.28
2023-10-09 20:00:00+08:00,0.0,0.0,0.0,12.75,3.34
2023-10-09 21:00:00+08:00,0.0,0.0,0.0,12.06,3.39
2023-10-09 22:00:00+08:00,0.0,0.0,0.0,11.39,3.31
2023-10-09 23:00:00+08:00,0.0,0.0,0.0,10.69,3.11
2023-10-10 00:00:00+08:00,0.0,0.0,0.0,10.17,2.9
2023-10-10 01:00:00+08:00,0.0,0.0,0.0,9.99,2.66
2023-10-10 02:00:00+08:00,0.0,0.0,0.0,10.03,2.43
2023-10-10 03:00:00+08:00,0.0,0.0,0.0,10.31,2.17
2023-10-10 04:00:00+08:00,0.0,0.0,0.0,10.67,1.84
2023-10-10 05:00:00+08:00,0.0,0.0,0.0,10.78,1.51
2023-10-10 06:00:00+08:00,20.42,26.52,21.87,10.66,1.35
2023-10-10 07:00:00+08:00,176.07,350.03,92.12,12.45,1.32
2023-10-10 08:00:00+08:00,361.85,527.35,139.27,14.71,1.59
2023-10-10 09:00:00+08:00,540.58,717.18,127.81,18.26,2.45
2023-10-10 10:00:00+08:00,655.7,760.12,138.63,20.44,3.13
2023-10-10 11:00:00+08:00,713.25,782.72,149.49,21.43,3.0
2023-10-10 12:00:00+08:00,663.2,627.72,212.42,22.02,2.72
2023-10-10 13:00:00+08:00,567.33,505.65,215.83,22.33,2.5
2023-10-10 14:00:00+08:00,466.83,511.87,184.4,22.3,2.36
2023-10-10 15:00:00+08:00,305.15,480.13,109.06,21.88,2.24
2023-10-10 16:00:00+08:00,146.65,315.44,72.66,20.93,1.79
2023-10-10 17:00:00+08:00,15.0,31.82,14.81,18.78,1.28
2023-10-10 18:00:00+08:00,0.0,0.0,0.0,17.53,1.12
2023-10-10 19:00:00+08:00,0.0,0.0,0.0,16.89,1.13
2023-10-10 20:00:00+08:00,0.0,0.0,0.0,16.02,1.23
2023-10-10 21:00:00+08:00,0.0,0.0,0.0,15.44,1.43
2023-10-10 22:00:00+08:00,0.0,0.0,0.0,15.06,1.64
2023-10-10 23:00:00+08:00,0.0,0.0,0.0,14.21,1.81
2023-10-11 00:00:00+08:00,0.0,0.0,0.0,13.35,1.96
2023-10-11 01:00:00+08:00,0.0,0.0,0.0,12.4,2.11
2023-10-11 02:00:00+08:00,0.0,0.0,0.0,11.65,2.19
2023-10-11 03:00:00+08:00,0.0,0.0,0.0,10.95,2.24
2023-10-11 04:00:00+08:00,0.0,0.0,0.0,10.31,2.28
2023-10-11 05:00:00+08:00,0.0,0.0,0.0,9.91,2.27
2023-10-11 06:00:00+08:00,21.67,57.31,18.95,9.78,2.23
2023-10-11 07:00:00+08:00,179.52,454.04,65.91,12.58,2.17
2023-10-11 08:00:00+08:00,361.2,599.95,102.45,15.2,1.91
2023-10-11 09:00:00+08:00,527.05,707.61,119.37,18.98,1.34
2023-10-11 10:00:00+08:00,635.45,718.38,147.3,21.04,2.18
2023-10-11 11:00:00+08:00,689.85,711.96,178.5,21.97,2.26
2023-10-11 12:00:00+08:00,636.75,549.19,266.29,22.52,2.37
2023-10-11 13:00:00+08:00,539.05,689.04,350.79,22.67,2.62
2023-10-11 14:00:00+08:00,399.02,242.02,314.74,22.42,2.83
2023-10-11 15:00:00+08:00,249.77,60.91,206.18,21.81,2.88
2023-10-11 16:00:00+08:00,107.47,29.58,90.34,20.47,2.38
2023-10-11 17:00:00+08:00,9.05,0.0,9.5,17.87,2.13
2023-10-11 18:00:00+08:00,0.0,0.0,0.0,16.27,2.34
2023-10-11 19:00:00+08:00,0.0,0.0,0.0,15.24,2.39
2023-10-11 20:00:00+08:00,0.0,0.0,0.0,14.35,2.54
2023-10-11 21:00:00+08:00,0.0,0.0,0.0,13.77,2.65
2023-10-11 22:00:00+08:00,0.0,0.0,0.0,13.03,2.71
2023-10-11 23:00:00+08:00,0.0,0.0,0.0,12.52,2.74
2023-10-12 00:00:00+08:00,0.0,0.0,0.0,12.14,2.81
2023-10-12 01:00:00+08:00,0.0,0.0,0.0,11.73,2.88
2023-10-12 02:00:00+08:00,0.0,0.0,0.0,11.59,2.87
2023-10-12 03:00:00+08:00,0.0,0.0,0.0,11.65,2.85
2023-10-12 04:00:00+08:00,0.0,0.0,0.0,11.57,2.91
2023-10-12 05:00:00+08:00,0.0,0.0,0.0,10.82,2.85
2023-10-12 06:00:00+08:00,14.1,0.0,14.32,11.32,2.74
2023-10-12 07:00:00+08:00,95.35,3.68,83.24,13.11,2.54
2023-10-12 08:00:00+08:00,204.85,31.59,170.91,14.65,2.94
2023-10-12 09:00:00+08:00,293.23,7.31,253.62,15.83,3.23
2023-10-12 10:00:00+08:00,363.15,2.54,307.59,17.51,3.15
2023-10-12 11:00:00+08:00,413.15,35.16,338.82,19.76,3.74
2023-10-12 12:00:00+08:00,310.15,0.81,258.33,20.63,3.55
2023-10-12 13:00:00+08:00,283.9,0.42,239.63,20.93,3.29
2023-10-12 14:00:00+08:00,219.15,1.18,189.91,20.9,2.95
2023-10-12 15:00:00+08:00,141.9,0.0,123.67,20.45,2.66
2023-10-12 16:00:00+08:00,54.35,0.0,47.94,19.5,2.03
2023-10-12 17:00:00+08:00,6.68,0.0,7.01,17.39,1.78
2023-10-12 18:00:00+08:00,0.0,0.0,0.0,16.26,2.0
2023-10-12 19:00:00+08:00,0.0,0.0,0.0,15.72,2.11
2023-10-12 20:00:00+08:00,0.0,0.0,0.0,15.09,2.25
2023-10-12 21:00:00+08:00,0.0,0.0,0.0,14.32,2.4
2023-10-12 22:00:00+08:00,0.0,0.0,0.0,13.9,2.47
2023-10-12 23:00:00+08:00,0.0,0.0,0.0,13.45,2.51
2023-10-13 00:00:00+08:00,0.0,0.0,0.0,12.92,2.59
2023-10-13 01:00:00+08:00,0.0,0.0,0.0,12.34,2.7
2023-10-13 02:00:00+08:00,0.0,0.0,0.0,11.91,2.78
2023-10-13 03:00:00+08:00,0.0,0.0,0.0,11.74,2.78
2023-10-13 04:00:00+08:00,0.0,0.0,0.0,11.38,2.79
2023-10-13 05:00:00+08:00,0.0,0.0,0.0,11.03,2.85
2023-10-13 06:00:00+08:00,13.12,2.23,14.98,10.83,2.92
2023-10-13 07:00:00+08:00,110.43,79.26,89.26,13.32,3.27
2023-10-13 08:00:00+08:00,256.98,191.8,181.01,15.7,3.64
2023-10-13 09:00:00+08:00,378.12,241.83,220.19,18.95,4.06
2023-10-13 10:00:00+08:00,445.42,245.36,237.99,20.53,4.12
2023-10-13 11:00:00+08:00,412.6,195.91,235.01,21.08,4.05
2023-10-13 12:00:00+08:00,294.42,101.17,195.65,21.51,4.16
2023-10-13 13:00:00+08:00,253.6,95.88,172.45,21.81,4.19
2023-10-13 14:00:00+08:00,223.25,97.48,152.13,22.06,4.11
2023-10-13 15:00:00+08:00,152.07,63.54,120.39,21.98,3.82
2023-10-13 16:00:00+08:00,61.17,25.31,53.18,21.0,2.43
2023-10-13 17:00:00+08:00,6.55,0.6,8.31,18.79,1.62
2023-10-13 18:00:00+08:00,0.0,0.0,0.0,18.07,1.23
2023-10-13 19:00:00+08:00,0.0,0.0,0.0,17.47,1.12
2023-10-13 20:00:00+08:00,0.0,0.0,0.0,16.81,1.3
2023-10-13 21:00:00+08:00,0.0,0.0,0.0,16.11,1.33
2023-10-13 22:00:00+08:00,0.0,0.0,0.0,15.35,1.28
2023-10-13 23:00:00+08:00,0.0,0.0,0.0,14.94,1.12
2023-10-14 00:00:00+08:00,0.0,0.0,0.0,15.09,0.95
2023-10-14 01:00:00+08:00,0.0,0.0,0.0,14.79,0.74
2023-10-14 02:00:00+08:00,0.0,0.0,0.0,14.34,0.65
2023-10-14 03:00:00+08:00,0.0,0.0,0.0,13.44,0.88
2023-10-14 04:00:00+08:00,0.0,0.0,0.0,12.53,1.35
2023-10-14 05:00:00+08:00,0.0,0.0,0.0,11.47,1.81
2023-10-14 06:00:00+08:00,18.25,41.62,16.75,10.65,2.16
2023-10-14 07:00:00+08:00,173.82,468.85,62.26,12.52,2.01
2023-10-14 08:00:00+08:00,369.75,684.16,86.06,15.81,2.42
2023-10-14 09:00:00+08:00,543.83,804.39,96.85,19.26,2.65
2023-10-14 10:00:00+08:00,666.9,875.87,97.04,21.25,3.06
2023-10-14 11:00:00+08:00,731.15,898.15,99.93,22.17,3.07
2023-10-14 12:00:00+08:00,697.95,787.35,137.3,22.75,3.19
2023-10-14 13:00:00+08:00,613.15,731.73,137.17,23.01,3.37
2023-10-14 14:00:00+08:00,494.95,686.43,123.9,22.86,3.45
2023-10-14 15:00:00+08:00,325.75,605.43,88.56,22.26,3.28
2023-10-14 16:00:00+08:00,144.02,395.87,62.73,20.87,2.26
2023-10-14 17:00:00+08:00,10.93,24.42,12.09,18.32,1.57
2023-10-14 18:00:00+08:00,0.0,0.0,0.0,18.09,0.99
2023-10-14 19:00:00+08:00,0.0,0.0,0.0,17.91,0.68
2023-10-14 20:00:00+08:00,0.0,0.0,0.0,16.37,1.39
2023-10-14 21:00:00+08:00,0.0,0.0,0.0,14.57,2.19
2023-10-14 22:00:00+08:00,0.0,0.0,0.0,13.12,2.73
2023-10-14 23:00:00+08:00,0.0,0.0,0.0,12.08,3.03
2023-10-15 00:00:00+08:00,0.0,0.0,0.0,11.28,3.21
2023-10-15 01:00:00+08:00,0.0,0.0,0.0,10.67,3.34
2023-10-15 02:00:00+08:00,0.0,0.0,0.0,10.18,3.4
2023-10-15 03:00:00+08:00,0.0,0.0,0.0,9.76,3.42
2023-10-15 04:00:00+08:00,0.0,0.0,0.0,9.41,3.42
2023-10-15 05:00:00+08:00,0.0,0.0,0.0,9.1,3.41
2023-10-15 06:00:00+08:00,16.73,36.27,15.55,8.88,3.3
2023-10-15 07:00:00+08:00,161.38,413.93,63.22,11.64,3.15
2023-10-15 08:00:00+08:00,341.5,582.32,99.3,14.63,3.36
2023-10-15 09:00:00+08:00,504.5,688.58,120.03,17.68,2.08
2023-10-15 10:00:00+08:00,621.25,748.7,126.53,21.28,1.36
2023-10-15 11:00:00+08:00,681.2,768.27,134.63,23.53,0.96
2023-10-15 12:00:00+08:00,594.65,561.11,181.34,24.67,0.95
2023-10-15 13:00:00+08:00,533.45,532.02,173.53,25.22,0.93
2023-10-15 14:00:00+08:00,410.83,452.29,156.81,25.3,0.75
2023-10-15 15:00:00+08:00,255.8,328.54,118.81,24.95,0.44
2023-10-15 16:00:00+08:00,110.22,194.87,68.97,23.89,0.48
2023-10-15 17:00:00+08:00,8.2,2.79,10.46,21.17,1.35
2023-10-15 18:00:00+08:00,0.0,0.0,0.0,18.52,2.4
2023-10-15 19:00:00+08:00,0.0,0.0,0.0,16.3,3.15
2023-10-15 20:00:00+08:00,0.0,0.0,0.0,15.03,3.62
2023-10-15 21:00:00+08:00,0.0,0.0,0.0,14.12,3.79
2023-10-15 22:00:00+08:00,0.0,0.0,0.0,13.37,3.96
2023-10-15 23:00:00+08:00,0.0,0.0,0.0,12.81,4.52
2023-10-16 00:00:00+08:00,0.0,0.0,0.0,12.34,4.71
2023-10-16 01:00:00+08:00,0.0,0.0,0.0,11.88,4.44
2023-10-16 02:00:00+08:00,0.0,0.0,0.0,11.49,4.45
2023-10-16 03:00:00+08:00,0.0,0.0,0.0,11.08,4.59
2023-10-16 04:00:00+08:00,0.0,0.0,0.0,10.65,4.63
2023-10-16 05:00:00+08:00,0.0,0.0,0.0,10.16,4.32
2023-10-16 06:00:00+08:00,18.12,74.12,14.42,9.67,3.89
2023-10-16 07:00:00+08:00,170.45,488.49,58.22,11.39,4.49
2023-10-16 08:00:00+08:00,358.6,675.56,83.42,13.83,3.93
2023-10-16 09:00:00+08:00,519.47,762.98,102.01,17.49,4.13
2023-10-16 10:00:00+08:00,632.3,781.1,121.4,20.28,3.26
2023-10-16 11:00:00+08:00,690.5,830.42,113.62,21.76,2.17
2023-10-16 12:00:00+08:00,661.62,743.28,137.84,22.68,1.48
2023-10-16 13:00:00+08:00,587.38,691.54,136.83,23.09,1.06
2023-10-16 14:00:00+08:00,456.88,607.1,128.16,22.97,0.9
2023-10-16 15:00:00+08:00,285.77,461.15,108.35,22.43,0.86
2023-10-16 16:00:00+08:00,113.93,247.3,65.18,21.34,0.67
2023-10-16 17:00:00+08:00,7.4,4.08,9.35,19.8,0.42
2023-10-16 18:00:00+08:00,0.0,0.0,0.0,18.96,0.66
2023-10-16 19:00:00+08:00,0.0,0.0,0.0,17.44,1.34
2023-10-16 20:00:00+08:00,0.0,0.0,0.0,16.08,1.97
2023-10-16 21:00:00+08:00,0.0,0.0,0.0,14.68,2.44
2023-10-16 22:00:00+08:00,0.0,0.0,0.0,13.51,2.86
2023-10-16 23:00:00+08:00,0.0,0.0,0.0,12.72,3.16
2023-10-17 00:00:00+08:00,0.0,0.0,0.0,12.11,3.27
2023-10-17 01:00:00+08:00,0.0,0.0,0.0,11.66,3.57
2023-10-17 02:00:00+08:00,0.0,0.0,0.0,11.34,4.02
2023-10-17 03:00:00+08:00,0.0,0.0,0.0,11.05,4.3
2023-10-17 04:00:00+08:00,0.0,0.0,0.0,10.8,4.48
2023-10-17 05:00:00+08:00,0.0,0.0,0.0,10.58,4.29
2023-10-17 06:00:00+08:00,12.1,6.0,13.47,10.5,4.12
2023-10-17 07:00:00+08:00,129.23,237.15,73.33,12.3,4.99
2023-10-17 08:00:00+08:00,276.88,361.73,122.56,14.94,4.9
2023-10-17 09:00:00+08:00,429.2,472.9,160.08,18.53,4.96
2023-10-17 10:00:00+08:00,545.97,556.52,170.08,21.8,5.23
2023-10-17 11:00:00+08:00,607.88,588.85,179.19,24.28,5.29
2023-10-17 12:00:00+08:00,551.95,464.32,210.59,25.47,5.47
2023-10-17 13:00:00+08:00,495.85,454.69,188.08,25.83,5.49
2023-10-17 14:00:00+08:00,373.23,365.26,167.27,25.74,5.58
2023-10-17 15:00:00+08:00,242.75,280.36,132.79,25.05,5.22
2023-10-17 16:00:00+08:00,89.32,90.44,73.09,22.88,3.28
2023-10-17 17:00:00+08:00,6.07,0.85,8.4,19.28,3.31
2023-10-17 18:00:00+08:00,0.0,0.0,0.0,18.23,3.71
2023-10-17 19:00:00+08:00,0.0,0.0,0.0,18.0,4.17
2023-10-17 20:00:00+08:00,0.0,0.0,0.0,17.65,4.63
2023-10-17 21:00:00+08:00,0.0,0.0,0.0,17.4,4.91
2023-10-17 22:00:00+08:00,0.0,0.0,0.0,16.84,4.98
2023-10-17 23:00:00+08:00,0.0,0.0,0.0,16.37,5.38
2023-10-18 00:00:00+08:00,0.0,0.0,0.0,15.92,5.62
2023-10-18 01:00:00+08:00,0.0,0.0,0.0,15.59,5.85
2023-10-18 02:00:00+08:00,0.0,0.0,0.0,15.34,5.74
2023-10-18 03:00:00+08:00,0.0,0.0,0.0,15.07,5.24
2023-10-18 04:00:00+08:00,0.0,0.0,0.0,14.78,4.5
2023-10-18 05:00:00+08:00,0.0,0.0,0.0,14.5,3.6
2023-10-18 06:00:00+08:00,7.32,0.0,8.83,14.21,2.83
2023-10-18 07:00:00+08:00,75.35,12.77,65.83,14.85,3.13
2023-10-18 08:00:00+08:00,160.95,44.43,132.26,16.34,2.69
2023-10-18 09:00:00+08:00,262.98,82.35,191.42,18.22,3.13
2023-10-18 10:00:00+08:00,323.6,58.92,259.38,19.54,4.5
2023-10-18 11:00:00+08:00,403.9,140.34,257.2,20.53,5.27
2023-10-18 12:00:00+08:00,350.08,112.45,253.72,21.28,5.44
2023-10-18 13:00:00+08:00,275.65,13.23,234.91,21.71,5.5
2023-10-18 14:00:00+08:00,249.95,17.65,209.33,21.45,5.34
2023-10-18 15:00:00+08:00,148.48,10.53,129.8,20.4,4.69
2023-10-18 16:00:00+08:00,55.7,4.38,48.94,19.08,3.63
2023-10-18 17:00:00+08:00,4.72,0.0,6.53,17.02,3.15
2023-10-18 18:00:00+08:00,0.0,0.0,0.0,15.72,3.28
2023-10-18 19:00:00+08:00,0.0,0.0,0.0,15.09,3.25
2023-10-18 20:00:00+08:00,0.0,0.0,0.0,14.43,2.97
2023-10-18 21:00:00+08:00,0.0,0.0,0.0,14.0,2.72
2023-10-18 22:00:00+08:00,0.0,0.0,0.0,13.79,2.64
2023-10-18 23:00:00+08:00,0.0,0.0,0.0,13.82,2.31
2023-10-19 00:00:00+08:00,0.0,0.0,0.0,13.99,1.85
2023-10-19 01:00:00+08:00,0.0,0.0,0.0,14.34,1.66
2023-10-19 02:00:00+08:00,0.0,0.0,0.0,14.48,1.59
2023-10-19 03:00:00+08:00,0.0,0.0,0.0,14.65,1.09
2023-10-19 04:00:00+08:00,0.0,0.0,0.0,13.91,0.69
2023-10-19 05:00:00+08:00,0.0,0.0,0.0,13.7,0.49
2023-10-19 06:00:00+08:00,8.4,4.84,9.93,12.78,1.1
2023-10-19 07:00:00+08:00,92.1,70.78,75.53,12.84,1.67
2023-10-19 08:00:00+08:00,214.57,98.8,172.61,14.2,1.88
2023-10-19 09:00:00+08:00,329.98,140.4,269.76,15.65,2.63
2023-10-19 10:00:00+08:00,328.77,254.38,241.01,17.25,3.37
2023-10-19 11:00:00+08:00,396.0,46.6,325.97,18.66,4.07
2023-10-19 12:00:00+08:00,257.25,0.0,216.07,19.58,4.54
2023-10-19 13:00:00+08:00,228.7,0.0,196.61,19.51,4.28
2023-10-19 14:00:00+08:00,133.77,3.33,115.62,18.14,3.98
2023-10-19 15:00:00+08:00,130.8,0.0,112.74,16.84,3.65
2023-10-19 16:00:00+08:00,56.17,0.0,50.42,15.09,3.03
2023-10-19 17:00:00+08:00,4.1,0.0,4.69,13.48,2.96
2023-10-19 18:00:00+08:00,0.0,0.0,0.0,12.51,2.92
2023-10-19 19:00:00+08:00,0.0,0.0,0.0,11.87,2.77
2023-10-19 20:00:00+08:00,0.0,0.0,0.0,11.18,2.58
2023-10-19 21:00:00+08:00,0.0,0.0,0.0,10.58,2.33
2023-10-19 22:00:00+08:00,0.0,0.0,0.0,9.42,2.75
2023-10-19 23:00:00+08:00,0.0,0.0,0.0,8.36,3.72
2023-10-20 00:00:00+08:00,0.0,0.0,0.0,7.96,4.37
2023-10-20 01:00:00+08:00,0.0,0.0,0.0,6.91,4.62
2023-10-20 02:00:00+08:00,0.0,0.0,0.0,6.03,4.89
2023-10-20 03:00:00+08:00,0.0,0.0,0.0,5.22,4.75
2023-10-20 04:00:00+08:00,0.0,0.0,0.0,4.47,4.49
2023-10-20 05:00:00+08:00,0.0,0.0,0.0,3.81,4.08
2023-10-20 06:00:00+08:00,17.62,146.01,10.93,3.23,3.68
2023-10-20 07:00:00+08:00,183.57,668.02,42.16,5.29,4.46
2023-10-20 08:00:00+08:00,384.12,832.51,62.74,8.32,4.5
2023-10-20 09:00:00+08:00,558.83,956.78,58.4,12.11,5.66
2023-10-20 10:00:00+08:00,674.53,971.93,72.57,14.08,5.19
2023-10-20 11:00:00+08:00,738.6,1029.38,55.23,15.19,5.06
2023-10-20 12:00:00+08:00,721.15,990.18,65.24,15.78,4.88
2023-10-20 13:00:00+08:00,651.03,961.49,65.29,16.07,4.59
2023-10-20 14:00:00+08:00,521.35,913.29,61.85,15.94,4.37
2023-10-20 15:00:00+08:00,345.35,827.08,53.76,15.4,4.15
2023-10-20 16:00:00+08:00,144.25,588.73,39.16,14.1,3.39
2023-10-20 17:00:00+08:00,7.0,53.63,7.58,10.53,2.17
2023-10-20 18:00:00+08:00,0.0,0.0,0.0,9.85,1.79
2023-10-20 19:00:00+08:00,0.0,0.0,0.0,10.46,0.93
2023-10-20 20:00:00+08:00,0.0,0.0,0.0,10.6,0.25
2023-10-20 21:00:00+08:00,0.0,0.0,0.0,9.34,1.32
2023-10-20 22:00:00+08:00,0.0,0.0,0.0,7.53,2.27
2023-10-20 23:00:00+08:00,0.0,0.0,0.0,6.2,2.86
2023-10-21 00:00:00+08:00,0.0,0.0,0.0,5.28,3.15
2023-10-21 01:00:00+08:00,0.0,0.0,0.0,4.72,3.23
2023-10-21 02:00:00+08:00,0.0,0.0,0.0,4.31,3.18
2023-10-21 03:00:00+08:00,0.0,0.0,0.0,3.99,3.07
2023-10-21 04:00:00+08:00,0.0,0.0,0.0,3.77,2.95
2023-10-21 05:00:00+08:00,0.0,0.0,0.0,3.72,2.81
2023-10-21 06:00:00+08:00,15.35,106.82,10.94,3.89,2.64
2023-10-21 07:00:00+08:00,173.55,604.61,44.45,6.18,2.24
2023-10-21 08:00:00+08:00,369.42,801.2,63.61,10.0,2.77
2023-10-21 09:00:00+08:00,535.53,873.53,77.02,13.38,2.47
2023-10-21 10:00:00+08:00,652.58,917.63,82.98,17.49,2.93
2023-10-21 11:00:00+08:00,712.17,949.01,78.75,19.36,3.31
2023-10-21 12:00:00+08:00,678.88,874.22,94.02,20.28,3.65
2023-10-21 13:00:00+08:00,587.92,739.99,162.28,20.71,3.78
2023-10-21 14:00:00+08:00,364.23,186.37,247.17,20.62,3.75
2023-10-21 15:00:00+08:00,227.73,130.33,175.61,19.97,3.44
2023-10-21 16:00:00+08:00,85.68,67.01,68.2,17.81,2.01
2023-10-21 17:00:00+08:00,4.5,1.63,6.08,15.38,1.95
2023-10-21 18:00:00+08:00,0.0,0.0,0.0,14.19,2.2
2023-10-21 19:00:00+08:00,0.0,0.0,0.0,13.05,2.57
2023-10-21 20:00:00+08:00,0.0,0.0,0.0,11.57,3.09
2023-10-21 21:00:00+08:00,0.0,0.0,0.0,10.99,3.38
2023-10-21 22:00:00+08:00,0.0,0.0,0.0,10.91,3.51
2023-10-21 23:00:00+08:00,0.0,0.0,0.0,10.67,3.7
2023-10-22 00:00:00+08:00,0.0,0.0,0.0,10.27,3.78
2023-10-22 01:00:00+08:00,0.0,0.0,0.0,9.86,3.83
2023-10-22 02:00:00+08:00,0.0,0.0,0.0,9.57,3.94
2023-10-22 03:00:00+08:00,0.0,0.0,0.0,9.19,4.08
2023-10-22 04:00:00+08:00,0.0,0.0,0.0,8.32,4.22
2023-10-22 05:00:00+08:00,0.0,0.0,0.0,7.89,4.38
2023-10-22 06:00:00+08:00,10.38,18.69,10.73,7.54,4.45
2023-10-22 07:00:00+08:00,133.93,337.75,64.14,8.92,5.31
2023-10-22 08:00:00+08:00,312.77,557.72,95.13,11.38,5.27
2023-10-22 09:00:00+08:00,475.3,681.76,114.5,14.82,4.94
2023-10-22 10:00:00+08:00,591.53,748.97,121.27,18.44,5.99
2023-10-22 11:00:00+08:00,651.05,781.35,122.42,20.53,6.0
2023-10-22 12:00:00+08:00,552.72,555.07,162.53,21.54,5.59
2023-10-22 13:00:00+08:00,484.52,511.27,159.63,22.04,5.1
2023-10-22 14:00:00+08:00,365.48,436.69,136.12,21.98,4.49
2023-10-22 15:00:00+08:00,238.7,379.94,100.13,21.31,3.74
2023-10-22 16:00:00+08:00,78.38,144.44,52.38,18.97,2.22
2023-10-22 17:00:00+08:00,3.28,0.84,4.89,15.23,2.74
2023-10-22 18:00:00+08:00,0.0,0.0,0.0,13.43,3.14
2023-10-22 19:00:00+08:00,0.0,0.0,0.0,12.52,3.44
2023-10-22 20:00:00+08:00,0.0,0.0,0.0,11.89,3.63
2023-10-22 21:00:00+08:00,0.0,0.0,0.0,11.41,3.84
2023-10-22 22:00:00+08:00,0.0,0.0,0.0,10.94,4.04
2023-10-22 23:00:00+08:00,0.0,0.0,0.0,10.42,4.14
2023-10-23 00:00:00+08:00,0.0,0.0,0.0,9.9,4.15
2023-10-23 01:00:00+08:00,0.0,0.0,0.0,9.41,4.11
2023-10-23 02:00:00+08:00,0.0,0.0,0.0,8.99,4.11
2023-10-23 03:00:00+08:00,0.0,0.0,0.0,8.65,4.15
2023-10-23 04:00:00+08:00,0.0,0.0,0.0,8.37,4.17
2023-10-23 05:00:00+08:00,0.0,0.0,0.0,8.16,4.2
2023-10-23 06:00:00+08:00,8.3,3.21,9.9,8.06,4.32
2023-10-23 07:00:00+08:00,114.8,231.32,64.87,9.85,5.24
2023-10-23 08:00:00+08:00,262.15,369.92,115.26,12.63,5.66
2023-10-23 09:00:00+08:00,412.6,491.58,147.25,16.12,5.29
2023-10-23 10:00:00+08:00,515.67,517.19,177.56,20.08,6.23
2023-10-23 11:00:00+08:00,563.5,503.93,211.29,21.77,6.33
2023-10-23 12:00:00+08:00,537.1,424.88,238.99,22.48,6.42
2023-10-23 13:00:00+08:00,454.77,332.31,229.84,22.5,6.55
2023-10-23 14:00:00+08:00,335.45,256.71,209.06,22.0,6.41
2023-10-23 15:00:00+08:00,212.82,185.72,148.93,21.03,5.17
2023-10-23 16:00:00+08:00,72.32,46.82,61.87,19.11,3.53
2023-10-23 17:00:00+08:00,3.2,0.0,4.89,16.9,3.51
2023-10-23 18:00:00+08:00,0.0,0.0,0.0,15.9,3.97
2023-10-23 19:00:00+08:00,0.0,0.0,0.0,15.06,4.47
2023-10-23 20:00:00+08:00,0.0,0.0,0.0,14.6,4.94
2023-10-23 21:00:00+08:00,0.0,0.0,0.0,14.09,5.27
2023-10-23 22:00:00+08:00,0.0,0.0,0.0,13.57,5.44
2023-10-23 23:00:00+08:00,0.0,0.0,0.0,13.04,5.44
2023-10-24 00:00:00+08:00,0.0,0.0,0.0,12.55,5.33
2023-10-24 01:00:00+08:00,0.0,0.0,0.0,12.12,5.27
2023-10-24 02:00:00+08:00,0.0,0.0,0.0,11.73,5.25
2023-10-24 03:00:00+08:00,0.0,0.0,0.0,11.39,5.26
2023-10-24 04:00:00+08:00,0.0,0.0,0.0,11.1,5.26
2023-10-24 05:00:00+08:00,0.0,0.0,0.0,10.85,5.17
2023-10-24 06:00:00+08:00,7.75,1.71,9.35,10.6,5.04
2023-10-24 07:00:00+08:00,108.85,189.38,64.08,11.51,5.54
2023-10-24 08:00:00+08:00,252.68,330.52,120.0,13.81,5.19
2023-10-24 09:00:00+08:00,401.58,454.56,154.46,17.23,4.93
2023-10-24 10:00:00+08:00,510.83,519.71,174.32,20.58,5.66
2023-10-24 11:00:00+08:00,567.7,556.26,176.03,23.12,5.65
2023-10-24 12:00:00+08:00,528.65,475.93,189.2,24.56,5.22
2023-10-24 13:00:00+08:00,463.38,441.12,176.69,25.39,4.81
2023-10-24 14:00:00+08:00,343.73,353.94,155.32,25.55,4.36
2023-10-24 15:00:00+08:00,220.85,298.93,112.18,24.95,3.75
2023-10-24 16:00:00+08:00,74.35,107.8,55.02,22.71,2.07
2023-10-24 17:00:00+08:00,2.62,0.0,3.98,20.5,1.85
2023-10-24 18:00:00+08:00,0.0,0.0,0.0,20.05,1.26
2023-10-24 19:00:00+08:00,0.0,0.0,0.0,18.93,1.61
2023-10-24 20:00:00+08:00,0.0,0.0,0.0,16.58,2.5
2023-10-24 21:00:00+08:00,0.0,0.0,0.0,14.81,3.14
2023-10-24 22:00:00+08:00,0.0,0.0,0.0,13.94,3.46
2023-10-24 23:00:00+08:00,0.0,0.0,0.0,13.37,3.53
2023-10-25 00:00:00+08:00,0.0,0.0,0.0,12.9,3.57
2023-10-25 01:00:00+08:00,0.0,0.0,0.0,12.48,3.59
2023-10-25 02:00:00+08:00,0.0,0.0,0.0,12.12,3.58
2023-10-25 03:00:00+08:00,0.0,0.0,0.0,11.82,3.54
2023-10-25 04:00:00+08:00,0.0,0.0,0.0,11.49,3.48
2023-10-25 05:00:00+08:00,0.0,0.0,0.0,11.16,3.43
2023-10-25 06:00:00+08:00,7.95,2.46,10.13,10.91,3.41
2023-10-25 07:00:00+08:00,118.82,259.87,68.15,12.97,3.59
2023-10-25 08:00:00+08:00,281.27,435.65,112.26,16.05,4.54
2023-10-25 09:00:00+08:00,439.85,580.06,133.92,18.93,3.65
2023-10-25 10:00:00+08:00,554.22,642.44,151.42,22.49,3.78
2023-10-25 11:00:00+08:00,610.78,673.23,155.56,25.18,3.89
2023-10-25 12:00:00+08:00,550.35,517.57,190.4,26.65,3.71
2023-10-25 13:00:00+08:00,473.92,465.94,191.16,27.2,3.69
2023-10-25 14:00:00+08:00,350.75,307.31,195.9,26.86,3.45
2023-10-25 15:00:00+08:00,201.18,179.5,145.7,25.6,2.72
2023-10-25 16:00:00+08:00,73.82,46.62,63.29,22.71,2.16
2023-10-25 17:00:00+08:00,0.0,0.0,0.0,20.96,2.15
2023-10-25 18:00:00+08:00,0.0,0.0,0.0,20.79,1.83
2023-10-25 19:00:00+08:00,0.0,0.0,0.0,20.45,1.48
2023-10-25 20:00:00+08:00,0.0,0.0,0.0,20.24,1.33
2023-10-25 21:00:00+08:00,0.0,0.0,0.0,20.38,1.22
2023-10-25 22:00:00+08:00,0.0,0.0,0.0,20.02,1.16
2023-10-25 23:00:00+08:00,0.0,0.0,0.0,19.48,1.24
2023-10-26 00:00:00+08:00,0.0,0.0,0.0,18.31,1.39
2023-10-26 01:00:00+08:00,0.0,0.0,0.0,16.99,1.54
2023-10-26 02:00:00+08:00,0.0,0.0,0.0,16.57,1.2
2023-10-26 03:00:00+08:00,0.0,0.0,0.0,16.43,0.6
2023-10-26 04:00:00+08:00,0.0,0.0,0.0,13.21,2.37
2023-10-26 05:00:00+08:00,0.0,0.0,0.0,11.29,3.16
2023-10-26 06:00:00+08:00,7.8,1.98,9.85,10.67,3.44
2023-10-26 07:00:00+08:00,121.88,273.66,66.62,12.07,3.5
2023-10-26 08:00:00+08:00,295.67,499.21,108.01,14.99,4.6
2023-10-26 09:00:00+08:00,457.58,624.94,133.94,17.71,4.9
2023-10-26 10:00:00+08:00,576.6,700.91,142.41,20.59,5.04
2023-10-26 11:00:00+08:00,639.33,754.05,138.08,22.34,5.01
2023-10-26 12:00:00+08:00,617.58,680.64,163.43,23.13,5.41
2023-10-26 13:00:00+08:00,554.62,679.11,140.35,23.21,5.7
2023-10-26 14:00:00+08:00,434.73,621.19,128.49,22.81,5.97
2023-10-26 15:00:00+08:00,273.08,528.25,93.77,21.76,6.16
2023-10-26 16:00:00+08:00,104.53,281.54,57.01,19.76,5.26
2023-10-26 17:00:00+08:00,0.0,0.0,0.0,16.26,4.14
2023-10-26 18:00:00+08:00,0.0,0.0,0.0,14.59,4.34
2023-10-26 19:00:00+08:00,0.0,0.0,0.0,13.54,4.41
2023-10-26 20:00:00+08:00,0.0,0.0,0.0,12.38,4.28
2023-10-26 21:00:00+08:00,0.0,0.0,0.0,11.25,3.96
2023-10-26 22:00:00+08:00,0.0,0.0,0.0,10.29,3.7
2023-10-26 23:00:00+08:00,0.0,0.0,0.0,9.36,3.41
2023-10-27 00:00:00+08:00,0.0,0.0,0.0,8.55,3.18
2023-10-27 01:00:00+08:00,0.0,0.0,0.0,7.93,3.11
2023-10-27 02:00:00+08:00,0.0,0.0,0.0,7.43,3.11
2023-10-27 03:00:00+08:00,0.0,0.0,0.0,7.02,3.08
2023-10-27 04:00:00+08:00,0.0,0.0,0.0,6.71,3.03
2023-10-27 05:00:00+08:00,0.0,0.0,0.0,6.48,3.03
2023-10-27 06:00:00+08:00,9.12,31.04,10.07,6.24,3.06
2023-10-27 07:00:00+08:00,145.25,496.16,54.33,8.44,2.82
2023-10-27 08:00:00+08:00,334.6,713.98,76.88,12.53,3.89
2023-10-27 09:00:00+08:00,498.55,813.4,89.59,15.67,3.71
2023-10-27 10:00:00+08:00,615.17,868.9,95.15,19.82,4.77
2023-10-27 11:00:00+08:00,670.8,875.68,102.57,21.8,4.79
2023-10-27 12:00:00+08:00,648.5,813.88,120.8,22.89,4.72
2023-10-27 13:00:00+08:00,575.72,786.09,115.23,23.36,4.68
2023-10-27 14:00:00+08:00,445.17,692.44,110.7,23.26,4.63
2023-10-27 15:00:00+08:00,272.38,547.33,88.35,22.51,4.48
2023-10-27 16:00:00+08:00,100.0,277.95,48.6,20.16,2.8
2023-10-27 17:00:00+08:00,0.0,0.0,0.0,16.01,2.97
2023-10-27 18:00:00+08:00,0.0,0.0,0.0,14.47,3.2
2023-10-27 19:00:00+08:00,0.0,0.0,0.0,13.73,3.39
2023-10-27 20:00:00+08:00,0.0,0.0,0.0,13.21,3.54
2023-10-27 21:00:00+08:00,0.0,0.0,0.0,12.94,3.61
2023-10-27 22:00:00+08:00,0.0,0.0,0.0,12.86,3.63
2023-10-27 23:00:00+08:00,0.0,0.0,0.0,12.74,3.62
2023-10-28 00:00:00+08:00,0.0,0.0,0.0,12.45,3.59
2023-10-28 01:00:00+08:00,0.0,0.0,0.0,11.97,3.56
2023-10-28 02:00:00+08:00,0.0,0.0,0.0,11.49,3.56
2023-10-28 03:00:00+08:00,0.0,0.0,0.0,11.16,3.63
2023-10-28 04:00:00+08:00,0.0,0.0,0.0,10.93,3.77
2023-10-28 05:00:00+08:00,0.0,0.0,0.0,10.7,3.83
2023-10-28 06:00:00+08:00,6.47,2.18,7.91,10.49,3.86
2023-10-28 07:00:00+08:00,114.65,275.29,60.51,11.89,4.36
2023-10-28 08:00:00+08:00,264.58,401.48,111.62,14.52,5.07
2023-10-28 09:00:00+08:00,415.52,525.49,141.02,17.53,4.71
2023-10-28 10:00:00+08:00,524.05,574.29,166.18,20.71,5.67
2023-10-28 11:00:00+08:00,573.67,590.0,182.63,22.28,5.74
2023-10-28 12:00:00+08:00,526.25,482.37,198.72,23.08,5.7
2023-10-28 13:00:00+08:00,462.15,445.99,186.52,23.41,5.56
2023-10-28 14:00:00+08:00,345.73,383.68,155.23,23.45,5.21
2023-10-28 15:00:00+08:00,200.02,264.71,107.82,22.94,4.54
2023-10-28 16:00:00+08:00,65.85,75.73,47.59,20.79,2.6
2023-10-28 17:00:00+08:00,0.0,0.0,0.0,17.54,2.89
2023-10-28 18:00:00+08:00,0.0,0.0,0.0,16.38,3.18
2023-10-28 19:00:00+08:00,0.0,0.0,0.0,15.89,3.33
2023-10-28 20:00:00+08:00,0.0,0.0,0.0,15.55,3.55
2023-10-28 21:00:00+08:00,0.0,0.0,0.0,15.3,3.87
2023-10-28 22:00:00+08:00,0.0,0.0,0.0,15.2,4.3
2023-10-28 23:00:00+08:00,0.0,0.0,0.0,14.76,4.32
2023-10-29 00:00:00+08:00,0.0,0.0,0.0,14.11,4.22
2023-10-29 01:00:00+08:00,0.0,0.0,0.0,13.46,4.2
2023-10-29 02:00:00+08:00,0.0,0.0,0.0,12.83,4.25
2023-10-29 03:00:00+08:00,0.0,0.0,0.0,12.24,4.33
2023-10-29 04:00:00+08:00,0.0,0.0,0.0,11.75,4.42
2023-10-29 05:00:00+08:00,0.0,0.0,0.0,11.4,4.4
2023-10-29 06:00:00+08:00,4.88,0.0,7.33,11.31,4.47
2023-10-29 07:00:00+08:00,76.05,64.96,59.39,12.4,5.11
2023-10-29 08:00:00+08:00,207.55,208.61,124.59,14.81,5.46
2023-10-29 09:00:00+08:00,357.73,356.46,161.59,17.89,4.98
2023-10-29 10:00:00+08:00,463.9,426.13,189.9,21.41,5.86
2023-10-29 11:00:00+08:00,508.92,432.1,206.72,23.39,6.49
2023-10-29 12:00:00+08:00,425.52,276.77,219.67,24.09,6.49
2023-10-29 13:00:00+08:00,371.85,254.47,205.82,24.39,6.33
2023-10-29 14:00:00+08:00,274.0,205.85,157.67,24.19,6.07
2023-10-29 15:00:00+08:00,172.88,155.31,113.25,23.46,5.3
2023-10-29 16:00:00+08:00,54.92,38.12,43.53,21.13,3.24
2023-10-29 17:00:00+08:00,0.0,0.0,0.0,17.93,3.31
2023-10-29 18:00:00+08:00,0.0,0.0,0.0,16.86,3.75
2023-10-29 19:00:00+08:00,0.0,0.0,0.0,16.5,4.31
2023-10-29 20:00:00+08:00,0.0,0.0,0.0,16.17,4.94
2023-10-29 21:00:00+08:00,0.0,0.0,0.0,15.77,5.44
2023-10-29 22:00:00+08:00,0.0,0.0,0.0,15.26,5.74
2023-10-29 23:00:00+08:00,0.0,0.0,0.0,14.76,6.0
2023-10-30 00:00:00+08:00,0.0,0.0,0.0,14.33,6.18
2023-10-30 01:00:00+08:00,0.0,0.0,0.0,14.11,6.31
2023-10-30 02:00:00+08:00,0.0,0.0,0.0,13.9,6.34
2023-10-30 03:00:00+08:00,0.0,0.0,0.0,13.5,6.19
2023-10-30 04:00:00+08:00,0.0,0.0,0.0,12.95,5.89
2023-10-30 05:00:00+08:00,0.0,0.0,0.0,12.36,5.2
2023-10-30 06:00:00+08:00,4.03,0.0,6.68,11.58,4.33
2023-10-30 07:00:00+08:00,70.12,47.45,60.5,12.37,4.83
2023-10-30 08:00:00+08:00,195.32,173.16,129.34,14.67,4.92
2023-10-30 09:00:00+08:00,316.67,294.92,154.47,17.62,5.31
2023-10-30 10:00:00+08:00,437.42,339.64,212.64,20.03,5.14
2023-10-30 11:00:00+08:00,504.67,431.45,198.9,21.98,4.97
2023-10-30 12:00:00+08:00,445.45,327.96,198.75,23.3,4.84
2023-10-30 13:00:00+08:00,396.27,307.69,193.75,24.01,4.63
2023-10-30 14:00:00+08:00,282.23,227.75,156.7,24.02,4.31
2023-10-30 15:00:00+08:00,194.27,237.37,109.21,23.35,3.65
2023-10-30 16:00:00+08:00,58.85,53.89,46.36,21.02,2.07
2023-10-30 17:00:00+08:00,0.0,0.0,0.0,18.57,2.05
2023-10-30 18:00:00+08:00,0.0,0.0,0.0,18.24,1.5
2023-10-30 19:00:00+08:00,0.0,0.0,0.0,18.59,0.76
2023-10-30 20:00:00+08:00,0.0,0.0,0.0,17.76,0.71
2023-10-30 21:00:00+08:00,0.0,0.0,0.0,15.7,1.8
2023-10-30 22:00:00+08:00,0.0,0.0,0.0,13.79,2.63
2023-10-30 23:00:00+08:00,0.0,0.0,0.0,12.75,3.14
2023-10-31 00:00:00+08:00,0.0,0.0,0.0,12.33,3.36
2023-10-31 01:00:00+08:00,0.0,0.0,0.0,12.08,3.42
2023-10-31 02:00:00+08:00,0.0,0.0,0.0,11.92,3.62
2023-10-31 03:00:00+08:00,0.0,0.0,0.0,11.97,4.18
2023-10-31 04:00:00+08:00,0.0,0.0,0.0,12.15,4.99
2023-10-31 05:00:00+08:00,0.0,0.0,0.0,12.09,5.33
2023-10-31 06:00:00+08:00,5.07,1.35,7.62,11.95,5.42
2023-10-31 07:00:00+08:00,102.55,235.48,60.09,12.8,5.87
2023-10-31 08:00:00+08:00,260.58,454.15,100.52,15.02,5.72
2023-10-31 09:00:00+08:00,411.48,564.43,129.04,18.15,5.76
2023-10-31 10:00:00+08:00,521.7,643.56,132.45,20.8,6.08
2023-10-31 11:00:00+08:00,574.65,662.44,145.36,22.83,5.91
2023-10-31 12:00:00+08:00,514.45,511.28,175.83,24.32,5.54
2023-10-31 13:00:00+08:00,441.8,456.27,166.36,25.23,5.17
2023-10-31 14:00:00+08:00,322.48,362.47,139.83,25.43,4.74
2023-10-31 15:00:00+08:00,201.65,296.13,99.93,24.85,3.99
2023-10-31 16:00:00+08:00,58.88,69.41,43.78,22.56,2.15
2023-10-31 17:00:00+08:00,0.0,0.0,0.0,19.52,2.34
2023-10-31 18:00:00+08:00,0.0,0.0,0.0,18.09,2.67
2023-10-31 19:00:00+08:00,0.0,0.0,0.0,16.91,3.2
2023-10-31 20:00:00+08:00,0.0,0.0,0.0,16.37,3.64
2023-10-31 21:00:00+08:00,0.0,0.0,0.0,16.3,4.2
2023-10-31 22:00:00+08:00,0.0,0.0,0.0,16.44,5.15
2023-10-31 23:00:00+08:00,0.0,0.0,0.0,16.44,5.97
2023-11-01 00:00:00+08:00,0.0,0.0,0.0,16.15,6.27
2023-11-01 01:00:00+08:00,0.0,0.0,0.0,15.65,5.95
2023-11-01 02:00:00+08:00,0.0,0.0,0.0,14.67,5.1
2023-11-01 03:00:00+08:00,0.0,0.0,0.0,14.02,5.14
2023-11-01 04:00:00+08:00,0.0,0.0,0.0,13.5,5.23
2023-11-01 05:00:00+08:00,0.0,0.0,0.0,13.01,4.97
2023-11-01 06:00:00+08:00,4.7,2.21,6.97,12.65,4.7
2023-11-01 07:00:00+08:00,99.82,226.87,59.68,13.65,5.21
2023-11-01 08:00:00+08:00,257.42,444.79,101.92,15.99,5.08
2023-11-01 09:00:00+08:00,411.45,571.41,128.08,19.2,4.53
2023-11-01 10:00:00+08:00,522.1,643.89,141.19,22.08,4.46
2023-11-01 11:00:00+08:00,576.62,679.08,140.75,24.41,4.42
2023-11-01 12:00:00+08:00,521.7,537.88,169.07,26.07,4.51
2023-11-01 13:00:00+08:00,451.48,489.04,160.91,27.13,4.64
2023-11-01 14:00:00+08:00,328.8,389.41,136.36,27.34,4.68
2023-11-01 15:00:00+08:00,185.38,255.22,97.18,26.77,4.08
2023-11-01 16:00:00+08:00,60.65,97.06,42.09,24.21,2.41
2023-11-01 17:00:00+08:00,0.0,0.0,0.0,20.58,3.03
2023-11-01 18:00:00+08:00,0.0,0.0,0.0,19.14,3.48
2023-11-01 19:00:00+08:00,0.0,0.0,0.0,18.46,3.85
2023-11-01 20:00:00+08:00,0.0,0.0,0.0,17.89,4.3
2023-11-01 21:00:00+08:00,0.0,0.0,0.0,17.39,4.64
2023-11-01 22:00:00+08:00,0.0,0.0,0.0,16.92,4.82
2023-11-01 23:00:00+08:00,0.0,0.0,0.0,16.55,5.1
2023-11-02 00:00:00+08:00,0.0,0.0,0.0,16.14,5.34
2023-11-02 01:00:00+08:00,0.0,0.0,0.0,15.66,5.51
2023-11-02 02:00:00+08:00,0.0,0.0,0.0,15.15,5.66
2023-11-02 03:00:00+08:00,0.0,0.0,0.0,14.65,5.77
2023-11-02 04:00:00+08:00,0.0,0.0,0.0,14.23,5.86
2023-11-02 05:00:00+08:00,0.0,0.0,0.0,13.91,6.0
2023-11-02 06:00:00+08:00,4.68,9.7,6.63,13.62,6.16
2023-11-02 07:00:00+08:00,109.65,333.74,51.61,14.02,6.66
2023-11-02 08:00:00+08:00,283.23,600.15,79.23,16.1,6.8
2023-11-02 09:00:00+08:00,441.0,706.68,98.33,19.3,6.86
2023-11-02 10:00:00+08:00,552.4,767.11,108.33,22.45,7.63
2023-11-02 11:00:00+08:00,605.08,790.45,109.69,24.86,7.85
2023-11-02 12:00:00+08:00,575.17,712.24,127.93,26.29,7.56
2023-11-02 13:00:00+08:00,496.55,635.77,134.32,27.06,7.15
2023-11-02 14:00:00+08:00,358.67,501.54,120.35,27.15,6.48
2023-11-02 15:00:00+08:00,191.62,293.48,93.97,26.4,4.82
2023-11-02 16:00:00+08:00,56.55,81.49,40.91,23.62,2.51
2023-11-02 17:00:00+08:00,0.0,0.0,0.0,20.47,2.76
2023-11-02 18:00:00+08:00,0.0,0.0,0.0,19.28,2.81
2023-11-02 19:00:00+08:00,0.0,0.0,0.0,18.43,2.79
2023-11-02 20:00:00+08:00,0.0,0.0,0.0,17.36,2.89
2023-11-02 21:00:00+08:00,0.0,0.0,0.0,15.78,3.09
2023-11-02 22:00:00+08:00,0.0,0.0,0.0,13.95,3.3
2023-11-02 23:00:00+08:00,0.0,0.0,0.0,12.58,3.88
2023-11-03 00:00:00+08:00,0.0,0.0,0.0,12.24,5.27
2023-11-03 01:00:00+08:00,0.0,0.0,0.0,12.2,5.54
2023-11-03 02:00:00+08:00,0.0,0.0,0.0,12.0,5.57
2023-11-03 03:00:00+08:00,0.0,0.0,0.0,11.86,5.77
2023-11-03 04:00:00+08:00,0.0,0.0,0.0,11.19,5.16
2023-11-03 05:00:00+08:00,0.0,0.0,0.0,10.77,4.38
2023-11-03 06:00:00+08:00,3.05,0.0,4.55,10.53,4.36
2023-11-03 07:00:00+08:00,55.9,7.98,50.5,10.6,4.16
2023-11-03 08:00:00+08:00,134.32,18.78,109.13,11.25,4.02
2023-11-03 09:00:00+08:00,208.73,16.42,174.88,12.19,3.93
2023-11-03 10:00:00+08:00,245.25,1.19,212.48,13.69,4.56
2023-11-03 11:00:00+08:00,289.6,0.99,247.46,14.92,4.76
2023-11-03 12:00:00+08:00,213.9,0.0,182.87,15.25,4.44
2023-11-03 13:00:00+08:00,229.1,0.15,200.5,15.38,4.06
2023-11-03 14:00:00+08:00,172.38,0.0,149.3,15.24,3.92
2023-11-03 15:00:00+08:00,104.55,1.72,90.88,14.7,3.17
2023-11-03 16:00:00+08:00,25.38,0.0,22.9,13.44,1.95
2023-11-03 17:00:00+08:00,0.0,0.0,0.0,12.05,2.09
2023-11-03 18:00:00+08:00,0.0,0.0,0.0,11.5,2.02
2023-11-03 19:00:00+08:00,0.0,0.0,0.0,11.23,1.95
2023-11-03 20:00:00+08:00,0.0,0.0,0.0,10.86,2.08
2023-11-03 21:00:00+08:00,0.0,0.0,0.0,10.5,2.33
2023-11-03 22:00:00+08:00,0.0,0.0,0.0,10.24,2.52
2023-11-03 23:00:00+08:00,0.0,0.0,0.0,9.89,2.61
2023-11-04 00:00:00+08:00,0.0,0.0,0.0,9.19,2.73
2023-11-04 01:00:00+08:00,0.0,0.0,0.0,8.38,2.84
2023-11-04 02:00:00+08:00,0.0,0.0,0.0,7.84,2.89
2023-11-04 03:00:00+08:00,0.0,0.0,0.0,7.46,2.91
2023-11-04 04:00:00+08:00,0.0,0.0,0.0,7.03,2.94
2023-11-04 05:00:00+08:00,0.0,0.0,0.0,6.68,2.91
2023-11-04 06:00:00+08:00,3.6,0.0,5.69,6.39,2.86
2023-11-04 07:00:00+08:00,88.97,120.81,71.85,7.73,2.54
2023-11-04 08:00:00+08:00,241.4,290.95,142.94,11.4,3.26
2023-11-04 09:00:00+08:00,387.95,428.49,183.51,14.59,2.59
2023-11-04 10:00:00+08:00,500.85,508.2,197.94,18.28,2.41
2023-11-04 11:00:00+08:00,545.25,547.84,206.96,20.03,2.41
2023-11-04 12:00:00+08:00,506.2,570.76,176.06,20.98,2.16
2023-11-04 13:00:00+08:00,441.75,433.66,206.02,21.45,1.86
2023-11-04 14:00:00+08:00,301.88,365.71,146.26,21.28,1.56
2023-11-04 15:00:00+08:00,178.25,190.68,125.66,20.42,1.37
2023-11-04 16:00:00+08:00,47.22,21.75,41.61,18.82,1.03
2023-11-04 17:00:00+08:00,0.0,0.0,0.0,17.17,1.37
2023-11-04 18:00:00+08:00,0.0,0.0,0.0,16.09,1.76
2023-11-04 19:00:00+08:00,0.0,0.0,0.0,14.93,2.24
2023-11-04 20:00:00+08:00,0.0,0.0,0.0,14.02,2.67
2023-11-04 21:00:00+08:00,0.0,0.0,0.0,13.3,2.87
2023-11-04 22:00:00+08:00,0.0,0.0,0.0,12.72,2.93
2023-11-04 23:00:00+08:00,0.0,0.0,0.0,12.47,3.01
2023-11-05 00:00:00+08:00,0.0,0.0,0.0,12.53,3.15
2023-11-05 01:00:00+08:00,0.0,0.0,0.0,12.53,2.93
2023-11-05 02:00:00+08:00,0.0,0.0,0.0,12.43,2.6
2023-11-05 03:00:00+08:00,0.0,0.0,0.0,12.15,2.19
2023-11-05 04:00:00+08:00,0.0,0.0,0.0,12.03,2.07
2023-11-05 05:00:00+08:00,0.0,0.0,0.0,12.02,2.24
2023-11-05 06:00:00+08:00,0.0,0.0,0.0,12.11,2.73
2023-11-05 07:00:00+08:00,34.12,0.0,30.1,12.42,2.64
2023-11-05 08:00:00+08:00,61.38,0.0,53.68,12.85,2.71
2023-11-05 09:00:00+08:00,90.95,0.0,77.08,13.43,2.56
2023-11-05 10:00:00+08:00,71.05,31.12,49.24,13.92,1.9
2023-11-05 11:00:00+08:00,61.58,10.11,51.34,14.62,1.18
2023-11-05 12:00:00+08:00,61.7,44.57,38.92,15.06,2.06
2023-11-05 13:00:00+08:00,65.18,0.0,56.53,14.78,4.05
2023-11-05 14:00:00+08:00,51.22,0.0,44.58,14.1,5.98
2023-11-05 15:00:00+08:00,30.48,0.0,26.53,13.48,7.36
2023-11-05 16:00:00+08:00,9.3,0.0,8.45,12.81,8.13
2023-11-05 17:00:00+08:00,0.0,0.0,0.0,11.76,8.49
2023-11-05 18:00:00+08:00,0.0,0.0,0.0,10.89,8.42
2023-11-05 19:00:00+08:00,0.0,0.0,0.0,10.49,7.55
2023-11-05 20:00:00+08:00,0.0,0.0,0.0,10.23,6.58
2023-11-05 21:00:00+08:00,0.0,0.0,0.0,10.01,6.22
2023-11-05 22:00:00+08:00,0.0,0.0,0.0,9.72,6.56
2023-11-05 23:00:00+08:00,0.0,0.0,0.0,9.25,7.97
2023-11-06 00:00:00+08:00,0.0,0.0,0.0,7.75,8.28
2023-11-06 01:00:00+08:00,0.0,0.0,0.0,5.47,8.19
2023-11-06 02:00:00+08:00,0.0,0.0,0.0,3.93,7.27
2023-11-06 03:00:00+08:00,0.0,0.0,0.0,3.12,6.03
2023-11-06 04:00:00+08:00,0.0,0.0,0.0,2.26,4.84
2023-11-06 05:00:00+08:00,0.0,0.0,0.0,1.1,3.74
2023-11-06 06:00:00+08:00,0.0,0.0,0.0,0.69,4.14
2023-11-06 07:00:00+08:00,119.95,373.17,52.07,1.34,5.65
2023-11-06 08:00:00+08:00,291.7,633.68,86.23,3.93,7.02
2023-11-06 09:00:00+08:00,458.92,773.21,99.61,7.04,9.47
2023-11-06 10:00:00+08:00,578.03,838.97,111.8,8.54,10.69
2023-11-06 11:00:00+08:00,637.6,871.16,111.12,9.34,11.12
2023-11-06 12:00:00+08:00,617.17,798.0,132.94,9.69,11.57
2023-11-06 13:00:00+08:00,524.8,751.42,122.61,9.65,11.44
2023-11-06 14:00:00+08:00,402.1,695.38,101.88,9.42,10.05
2023-11-06 15:00:00+08:00,249.6,584.95,75.86,8.96,8.52
2023-11-06 16:00:00+08:00,70.88,269.42,36.34,7.79,6.22
2023-11-06 17:00:00+08:00,0.0,0.0,0.0,4.3,3.31
2023-11-06 18:00:00+08:00,0.0,0.0,0.0,3.15,2.95
2023-11-06 19:00:00+08:00,0.0,0.0,0.0,3.26,2.46
2023-11-06 20:00:00+08:00,0.0,0.0,0.0,3.96,1.88
2023-11-06 21:00:00+08:00,0.0,0.0,0.0,4.66,1.27
2023-11-06 22:00:00+08:00,0.0,0.0,0.0,4.61,1.08
2023-11-06 23:00:00+08:00,0.0,0.0,0.0,3.96,1.55
2023-11-07 00:00:00+08:00,0.0,0.0,0.0,2.91,2.1
2023-11-07 01:00:00+08:00,0.0,0.0,0.0,1.79,2.52
2023-11-07 02:00:00+08:00,0.0,0.0,0.0,0.95,2.79
2023-11-07 03:00:00+08:00,0.0,0.0,0.0,0.36,2.94
2023-11-07 04:00:00+08:00,0.0,0.0,0.0,-0.04,3.04
2023-11-07 05:00:00+08:00,0.0,0.0,0.0,-0.34,3.18
2023-11-07 06:00:00+08:00,0.0,0.0,0.0,-0.52,3.37
2023-11-07 07:00:00+08:00,112.85,390.53,48.27,0.93,3.36
2023-11-07 08:00:00+08:00,286.73,664.92,75.27,5.29,4.55
2023-11-07 09:00:00+08:00,448.8,777.79,89.12,8.26,4.41
2023-11-07 10:00:00+08:00,564.0,833.03,102.06,12.27,6.19
2023-11-07 11:00:00+08:00,619.5,852.19,105.41,14.38,7.03
2023-11-07 12:00:00+08:00,605.7,827.49,110.58,15.58,6.98
2023-11-07 13:00:00+08:00,532.42,792.51,106.64,16.21,6.62
2023-11-07 14:00:00+08:00,401.55,690.29,100.62,16.29,6.26
2023-11-07 15:00:00+08:00,234.02,539.33,75.98,15.79,5.5
2023-11-07 16:00:00+08:00,61.92,195.79,35.97,13.18,3.14
2023-11-07 17:00:00+08:00,0.0,0.0,0.0,9.33,3.54
2023-11-07 18:00:00+08:00,0.0,0.0,0.0,8.35,3.85
2023-11-07 19:00:00+08:00,0.0,0.0,0.0,8.08,4.28
2023-11-07 20:00:00+08:00,0.0,0.0,0.0,7.95,4.92
2023-11-07 21:00:00+08:00,0.0,0.0,0.0,7.79,5.39
2023-11-07 22:00:00+08:00,0.0,0.0,0.0,7.83,5.76
2023-11-07 23:00:00+08:00,0.0,0.0,0.0,7.54,5.62
2023-11-08 00:00:00+08:00,0.0,0.0,0.0,7.83,6.48
2023-11-08 01:00:00+08:00,0.0,0.0,0.0,8.09,7.1
2023-11-08 02:00:00+08:00,0.0,0.0,0.0,8.04,7.15
2023-11-08 03:00:00+08:00,0.0,0.0,0.0,7.58,6.57
2023-11-08 04:00:00+08:00,0.0,0.0,0.0,6.51,5.36
2023-11-08 05:00:00+08:00,0.0,0.0,0.0,5.8,4.93
2023-11-08 06:00:00+08:00,0.0,0.0,0.0,5.37,4.22
2023-11-08 07:00:00+08:00,63.88,70.04,53.33,5.93,4.13
2023-11-08 08:00:00+08:00,161.45,165.71,114.03,8.62,4.34
2023-11-08 09:00:00+08:00,262.05,228.71,165.43,11.17,4.17
2023-11-08 10:00:00+08:00,335.25,271.76,204.74,13.34,3.62
2023-11-08 11:00:00+08:00,418.27,269.56,248.51,14.94,2.68
2023-11-08 12:00:00+08:00,440.6,468.66,160.63,16.11,2.25
2023-11-08 13:00:00+08:00,410.27,423.46,170.42,17.05,2.21
2023-11-08 14:00:00+08:00,291.92,356.57,131.33,17.33,2.05
2023-11-08 15:00:00+08:00,163.12,222.12,91.18,16.89,1.68
2023-11-08 16:00:00+08:00,39.3,33.32,32.91,15.33,1.0
2023-11-08 17:00:00+08:00,0.0,0.0,0.0,13.33,1.06
2023-11-08 18:00:00+08:00,0.0,0.0,0.0,12.24,1.27
2023-11-08 19:00:00+08:00,0.0,0.0,0.0,11.33,1.74
2023-11-08 20:00:00+08:00,0.0,0.0,0.0,10.31,2.06
2023-11-08 21:00:00+08:00,0.0,0.0,0.0,9.67,2.1
2023-11-08 22:00:00+08:00,0.0,0.0,0.0,9.4,1.89
2023-11-08 23:00:00+08:00,0.0,0.0,0.0,9.19,1.68
2023-11-09 00:00:00+08:00,0.0,0.0,0.0,8.89,1.58
2023-11-09 01:00:00+08:00,0.0,0.0,0.0,8.26,1.72
2023-11-09 02:00:00+08:00,0.0,0.0,0.0,7.14,2.15
2023-11-09 03:00:00+08:00,0.0,0.0,0.0,6.32,2.66
2023-11-09 04:00:00+08:00,0.0,0.0,0.0,6.08,3.14
2023-11-09 05:00:00+08:00,0.0,0.0,0.0,4.96,3.52
2023-11-09 06:00:00+08:00,0.0,0.0,0.0,3.72,3.92
2023-11-09 07:00:00+08:00,46.9,33.46,42.34,3.71,5.75
2023-11-09 08:00:00+08:00,127.8,120.39,91.84,4.53,7.1
2023-11-09 09:00:00+08:00,175.23,161.76,111.57,6.09,9.78
2023-11-09 10:00:00+08:00,227.77,175.37,140.81,7.66,10.67
2023-11-09 11:00:00+08:00,304.38,261.51,177.78,8.37,10.71
2023-11-09 12:00:00+08:00,378.92,312.53,212.27,8.33,10.17
2023-11-09 13:00:00+08:00,409.25,451.76,178.05,8.26,9.78
2023-11-09 14:00:00+08:00,327.75,317.29,202.1,8.1,9.64
2023-11-09 15:00:00+08:00,191.18,206.03,136.89,7.46,9.23
2023-11-09 16:00:00+08:00,46.75,31.13,41.92,6.43,8.4
2023-11-09 17:00:00+08:00,0.0,0.0,0.0,4.86,7.04
2023-11-09 18:00:00+08:00,0.0,0.0,0.0,3.74,5.94
2023-11-09 19:00:00+08:00,0.0,0.0,0.0,3.24,5.66
2023-11-09 20:00:00+08:00,0.0,0.0,0.0,2.83,5.09
2023-11-09 21:00:00+08:00,0.0,0.0,0.0,2.04,3.93
2023-11-09 22:00:00+08:00,0.0,0.0,0.0,0.79,3.37
2023-11-09 23:00:00+08:00,0.0,0.0,0.0,0.24,3.41
2023-11-10 00:00:00+08:00,0.0,0.0,0.0,-0.14,3.6
2023-11-10 01:00:00+08:00,0.0,0.0,0.0,-0.6,3.76
2023-11-10 02:00:00+08:00,0.0,0.0,0.0,-0.95,4.32
2023-11-10 03:00:00+08:00,0.0,0.0,0.0,-1.53,4.66
2023-11-10 04:00:00+08:00,0.0,0.0,0.0,-2.31,4.63
2023-11-10 05:00:00+08:00,0.0,0.0,0.0,-2.91,4.41
2023-11-10 06:00:00+08:00,0.0,0.0,0.0,-3.32,4.17
2023-11-10 07:00:00+08:00,76.93,160.57,46.89,-2.87,4.66
2023-11-10 08:00:00+08:00,211.98,347.97,117.16,-0.63,4.95
2023-11-10 09:00:00+08:00,338.92,489.8,134.97,2.96,6.57
2023-11-10 10:00:00+08:00,458.1,587.95,168.33,5.23,6.49
2023-11-10 11:00:00+08:00,493.95,626.51,165.57,6.42,6.21
2023-11-10 12:00:00+08:00,447.4,530.69,174.81,6.99,5.97
2023-11-10 13:00:00+08:00,346.0,422.41,153.93,7.17,5.75
2023-11-10 14:00:00+08:00,254.98,352.73,133.61,6.98,5.72
2023-11-10 15:00:00+08:00,147.32,192.56,101.03,6.29,5.59
2023-11-10 16:00:00+08:00,35.4,44.41,31.22,4.86,4.44
2023-11-10 17:00:00+08:00,0.0,0.0,0.0,1.71,2.84
2023-11-10 18:00:00+08:00,0.0,0.0,0.0,1.54,3.37
2023-11-10 19:00:00+08:00,0.0,0.0,0.0,1.74,4.49
2023-11-10 20:00:00+08:00,0.0,0.0,0.0,1.02,4.38
2023-11-10 21:00:00+08:00,0.0,0.0,0.0,0.19,3.93
2023-11-10 22:00:00+08:00,0.0,0.0,0.0,-0.2,3.41
2023-11-10 23:00:00+08:00,0.0,0.0,0.0,-0.47,3.1
2023-11-11 00:00:00+08:00,0.0,0.0,0.0,-0.74,3.12
2023-11-11 01:00:00+08:00,0.0,0.0,0.0,-1.01,3.17
2023-11-11 02:00:00+08:00,0.0,0.0,0.0,-1.43,3.23
2023-11-11 03:00:00+08:00,0.0,0.0,0.0,-1.83,3.39
2023-11-11 04:00:00+08:00,0.0,0.0,0.0,-2.2,3.58
2023-11-11 05:00:00+08:00,0.0,0.0,0.0,-2.47,3.45
2023-11-11 06:00:00+08:00,0.0,0.0,0.0,-2.7,3.17
2023-11-11 07:00:00+08:00,38.08,11.35,33.21,-2.5,3.24
2023-11-11 08:00:00+08:00,111.35,29.81,94.77,-0.84,3.92
2023-11-11 09:00:00+08:00,174.7,21.24,145.11,1.18,3.69
2023-11-11 10:00:00+08:00,223.65,10.75,193.38,2.79,2.94
2023-11-11 11:00:00+08:00,246.35,0.0,214.15,3.44,2.75
2023-11-11 12:00:00+08:00,261.6,0.59,226.72,3.52,3.21
2023-11-11 13:00:00+08:00,201.02,9.01,172.87,3.4,3.76
2023-11-11 14:00:00+08:00,142.5,64.75,111.43,3.43,4.05
2023-11-11 15:00:00+08:00,96.5,95.18,67.5,3.33,4.07
2023-11-11 16:00:00+08:00,26.6,48.04,22.95,2.59,3.53
2023-11-11 17:00:00+08:00,0.0,0.0,0.0,0.16,2.23
2023-11-11 18:00:00+08:00,0.0,0.0,0.0,-0.11,1.97
2023-11-11 19:00:00+08:00,0.0,0.0,0.0,0.0,1.77
2023-11-11 20:00:00+08:00,0.0,0.0,0.0,0.09,1.68
2023-11-11 21:00:00+08:00,0.0,0.0,0.0,0.19,1.92
2023-11-11 22:00:00+08:00,0.0,0.0,0.0,0.31,2.26
2023-11-11 23:00:00+08:00,0.0,0.0,0.0,0.4,2.59
2023-11-12 00:00:00+08:00,0.0,0.0,0.0,-0.15,2.59
2023-11-12 01:00:00+08:00,0.0,0.0,0.0,-1.17,2.15
2023-11-12 02:00:00+08:00,0.0,0.0,0.0,-2.2,2.26
2023-11-12 03:00:00+08:00,0.0,0.0,0.0,-2.92,2.49
2023-11-12 04:00:00+08:00,0.0,0.0,0.0,-3.39,2.58
2023-11-12 05:00:00+08:00,0.0,0.0,0.0,-3.4,2.98
2023-11-12 06:00:00+08:00,0.0,0.0,0.0,-3.75,2.6
2023-11-12 07:00:00+08:00,97.85,412.41,33.55,-3.48,2.86
2023-11-12 08:00:00+08:00,276.05,710.23,60.28,-1.66,2.72
2023-11-12 09:00:00+08:00,440.88,855.0,69.71,1.64,4.05
2023-11-12 10:00:00+08:00,560.85,919.87,75.21,3.85,5.64
2023-11-12 11:00:00+08:00,621.17,946.25,74.72,4.84,6.46
2023-11-12 12:00:00+08:00,585.83,845.38,98.53,5.39,7.01
2023-11-12 13:00:00+08:00,519.62,830.1,89.66,5.74,7.13
2023-11-12 14:00:00+08:00,395.15,758.41,82.0,5.76,7.04
2023-11-12 15:00:00+08:00,230.9,625.01,60.41,5.32,6.78
2023-11-12 16:00:00+08:00,56.92,265.22,25.99,3.82,5.1
2023-11-12 17:00:00+08:00,0.0,0.0,0.0,-0.14,3.4
2023-11-12 18:00:00+08:00,0.0,0.0,0.0,-1.43,3.31
2023-11-12 19:00:00+08:00,0.0,0.0,0.0,-2.2,3.18
2023-11-12 20:00:00+08:00,0.0,0.0,0.0,-2.79,3.08
2023-11-12 21:00:00+08:00,0.0,0.0,0.0,-3.28,3.09
2023-11-12 22:00:00+08:00,0.0,0.0,0.0,-3.74,3.2
2023-11-12 23:00:00+08:00,0.0,0.0,0.0,-4.05,3.18
2023-11-13 00:00:00+08:00,0.0,0.0,0.0,-4.14,2.92
2023-11-13 01:00:00+08:00,0.0,0.0,0.0,-3.84,2.48
2023-11-13 02:00:00+08:00,0.0,0.0,0.0,-3.71,2.28
2023-11-13 03:00:00+08:00,0.0,0.0,0.0,-3.59,2.11
2023-11-13 04:00:00+08:00,0.0,0.0,0.0,-3.68,1.94
2023-11-13 05:00:00+08:00,0.0,0.0,0.0,-3.49,1.67
2023-11-13 06:00:00+08:00,0.0,0.0,0.0,-2.81,1.19
2023-11-13 07:00:00+08:00,91.93,279.16,55.98,-2.21,0.95
2023-11-13 08:00:00+08:00,270.7,617.2,99.04,-0.99,1.09
2023-11-13 09:00:00+08:00,426.6,767.1,114.24,0.77,1.75
2023-11-13 10:00:00+08:00,551.3,853.96,112.44,3.05,2.57
2023-11-13 11:00:00+08:00,597.2,826.53,146.42,4.22,3.13
2023-11-13 12:00:00+08:00,555.05,704.6,158.58,4.97,3.33
2023-11-13 13:00:00+08:00,469.05,581.51,184.04,5.36,3.29
2023-11-13 14:00:00+08:00,324.73,511.3,133.83,5.41,3.1
2023-11-13 15:00:00+08:00,185.4,382.78,93.73,5.08,2.77
2023-11-13 16:00:00+08:00,42.08,96.77,34.18,3.72,1.66
2023-11-13 17:00:00+08:00,0.0,0.0,0.0,2.3,1.49
2023-11-13 18:00:00+08:00,0.0,0.0,0.0,1.99,1.51
2023-11-13 19:00:00+08:00,0.0,0.0,0.0,0.84,2.11
2023-11-13 20:00:00+08:00,0.0,0.0,0.0,-0.5,2.8
2023-11-13 21:00:00+08:00,0.0,0.0,0.0,-1.59,3.31
2023-11-13 22:00:00+08:00,0.0,0.0,0.0,-1.93,3.55
2023-11-13 23:00:00+08:00,0.0,0.0,0.0,-2.11,3.63
2023-11-14 00:00:00+08:00,0.0,0.0,0.0,-2.28,3.62
2023-11-14 01:00:00+08:00,0.0,0.0,0.0,-2.45,3.61
2023-11-14 02:00:00+08:00,0.0,0.0,0.0,-2.6,3.62
2023-11-14 03:00:00+08:00,0.0,0.0,0.0,-2.7,3.66
2023-11-14 04:00:00+08:00,0.0,0.0,0.0,-2.76,3.76
2023-11-14 05:00:00+08:00,0.0,0.0,0.0,-2.83,3.87
2023-11-14 06:00:00+08:00,0.0,0.0,0.0,-2.92,3.95
2023-11-14 07:00:00+08:00,62.1,129.32,43.64,-2.28,4.53
2023-11-14 08:00:00+08:00,205.45,385.35,89.96,-0.26,4.96
2023-11-14 09:00:00+08:00,348.92,526.63,119.42,2.55,4.62
2023-11-14 10:00:00+08:00,462.52,612.73,134.98,5.56,5.38
2023-11-14 11:00:00+08:00,518.67,648.65,138.34,7.39,5.1
2023-11-14 12:00:00+08:00,468.12,533.49,151.28,8.66,4.83
2023-11-14 13:00:00+08:00,400.88,480.87,146.44,9.36,4.57
2023-11-14 14:00:00+08:00,285.35,382.75,123.66,9.5,4.25
2023-11-14 15:00:00+08:00,158.3,271.15,80.86,9.0,3.63
2023-11-14 16:00:00+08:00,32.35,47.02,25.92,6.5,2.17
2023-11-14 17:00:00+08:00,0.0,0.0,0.0,4.47,2.06
2023-11-14 18:00:00+08:00,0.0,0.0,0.0,4.12,1.88
2023-11-14 19:00:00+08:00,0.0,0.0,0.0,3.33,2.05
2023-11-14 20:00:00+08:00,0.0,0.0,0.0,2.28,2.37
2023-11-14 21:00:00+08:00,0.0,0.0,0.0,1.32,2.65
2023-11-14 22:00:00+08:00,0.0,0.0,0.0,0.57,2.84
2023-11-14 23:00:00+08:00,0.0,0.0,0.0,-0.09,2.99
2023-11-15 00:00:00+08:00,0.0,0.0,0.0,-0.66,3.11
2023-11-15 01:00:00+08:00,0.0,0.0,0.0,-1.13,3.18
2023-11-15 02:00:00+08:00,0.0,0.0,0.0,-1.52,3.24
2023-11-15 03:00:00+08:00,0.0,0.0,0.0,-1.79,3.27
2023-11-15 04:00:00+08:00,0.0,0.0,0.0,-1.99,3.29
2023-11-15 05:00:00+08:00,0.0,0.0,0.0,-2.1,3.33
2023-11-15 06:00:00+08:00,0.0,0.0,0.0,-2.06,3.42
2023-11-15 07:00:00+08:00,37.4,38.48,32.17,-1.28,3.31
2023-11-15 08:00:00+08:00,117.53,79.44,89.02,2.05,3.95
2023-11-15 09:00:00+08:00,178.9,70.22,139.68,3.66,3.98
2023-11-15 10:00:00+08:00,251.38,4.9,217.03,5.02,4.03
2023-11-15 11:00:00+08:00,274.45,52.56,230.65,7.74,4.21
2023-11-15 12:00:00+08:00,260.0,0.89,225.67,10.06,4.37
2023-11-15 13:00:00+08:00,248.25,36.73,204.21,11.04,4.25
2023-11-15 14:00:00+08:00,181.07,22.28,154.6,9.1,2.43
2023-11-15 15:00:00+08:00,100.4,10.14,86.75,8.65,2.37
2023-11-15 16:00:00+08:00,21.77,1.13,21.43,7.02,2.54
2023-11-15 17:00:00+08:00,0.0,0.0,0.0,5.71,2.82
2023-11-15 18:00:00+08:00,0.0,0.0,0.0,5.54,2.9
2023-11-15 19:00:00+08:00,0.0,0.0,0.0,5.5,3.01
2023-11-15 20:00:00+08:00,0.0,0.0,0.0,5.58,3.17
2023-11-15 21:00:00+08:00,0.0,0.0,0.0,5.48,3.0
2023-11-15 22:00:00+08:00,0.0,0.0,0.0,5.24,2.6
2023-11-15 23:00:00+08:00,0.0,0.0,0.0,4.71,2.27
2023-11-16 00:00:00+08:00,0.0,0.0,0.0,4.09,2.19
2023-11-16 01:00:00+08:00,0.0,0.0,0.0,3.4,2.81
2023-11-16 02:00:00+08:00,0.0,0.0,0.0,1.66,3.41
2023-11-16 03:00:00+08:00,0.0,0.0,0.0,0.5,3.59
2023-11-16 04:00:00+08:00,0.0,0.0,0.0,-0.08,4.2
2023-11-16 05:00:00+08:00,0.0,0.0,0.0,-0.43,4.8
2023-11-16 06:00:00+08:00,0.0,0.0,0.0,-0.93,4.64
2023-11-16 07:00:00+08:00,65.4,132.86,51.52,-0.64,4.94
2023-11-16 08:00:00+08:00,237.7,507.65,96.51,1.48,5.8
2023-11-16 09:00:00+08:00,398.95,701.02,106.89,4.4,7.27
2023-11-16 10:00:00+08:00,535.03,839.02,99.9,7.04,8.41
2023-11-16 11:00:00+08:00,596.33,915.75,85.11,8.62,7.88
2023-11-16 12:00:00+08:00,575.55,836.39,106.5,9.58,7.15
2023-11-16 13:00:00+08:00,513.9,831.75,94.2,10.0,6.66
2023-11-16 14:00:00+08:00,381.0,734.17,99.65,9.87,6.32
2023-11-16 15:00:00+08:00,214.32,517.42,85.08,9.27,5.85
2023-11-16 16:00:00+08:00,43.45,115.26,37.58,6.96,3.57
2023-11-16 17:00:00+08:00,0.0,0.0,0.0,3.04,3.17
2023-11-16 18:00:00+08:00,0.0,0.0,0.0,2.43,2.9
2023-11-16 19:00:00+08:00,0.0,0.0,0.0,2.18,2.76
2023-11-16 20:00:00+08:00,0.0,0.0,0.0,1.5,3.01
2023-11-16 21:00:00+08:00,0.0,0.0,0.0,0.69,3.44
2023-11-16 22:00:00+08:00,0.0,0.0,0.0,0.15,3.7
2023-11-16 23:00:00+08:00,0.0,0.0,0.0,-0.37,3.7
2023-11-17 00:00:00+08:00,0.0,0.0,0.0,-1.13,3.55
2023-11-17 01:00:00+08:00,0.0,0.0,0.0,-1.92,3.47
2023-11-17 02:00:00+08:00,0.0,0.0,0.0,-2.45,3.72
2023-11-17 03:00:00+08:00,0.0,0.0,0.0,-2.87,4.04
2023-11-17 04:00:00+08:00,0.0,0.0,0.0,-3.38,4.3
2023-11-17 05:00:00+08:00,0.0,0.0,0.0,-3.59,4.97
2023-11-17 06:00:00+08:00,0.0,0.0,0.0,-3.87,5.21
2023-11-17 07:00:00+08:00,87.57,469.35,25.87,-3.73,5.25
2023-11-17 08:00:00+08:00,276.02,819.24,43.53,-1.65,5.83
2023-11-17 09:00:00+08:00,442.67,947.42,50.52,0.9,7.65
2023-11-17 10:00:00+08:00,561.62,999.57,53.83,2.74,7.8
2023-11-17 11:00:00+08:00,620.22,1026.53,53.64,4.25,7.79
2023-11-17 12:00:00+08:00,601.53,964.16,67.24,5.41,7.7
2023-11-17 13:00:00+08:00,530.4,939.64,64.7,6.21,7.49
2023-11-17 14:00:00+08:00,402.17,867.15,63.71,6.51,7.14
2023-11-17 15:00:00+08:00,232.27,726.05,49.07,6.26,6.47
2023-11-17 16:00:00+08:00,52.22,300.33,23.39,4.15,3.85
2023-11-17 17:00:00+08:00,0.0,0.0,0.0,0.24,3.16
2023-11-17 18:00:00+08:00,0.0,0.0,0.0,0.3,2.69
2023-11-17 19:00:00+08:00,0.0,0.0,0.0,1.24,2.06
2023-11-17 20:00:00+08:00,0.0,0.0,0.0,2.11,1.59
2023-11-17 21:00:00+08:00,0.0,0.0,0.0,2.05,1.41
2023-11-17 22:00:00+08:00,0.0,0.0,0.0,1.93,1.66
2023-11-17 23:00:00+08:00,0.0,0.0,0.0,0.73,2.17
2023-11-18 00:00:00+08:00,0.0,0.0,0.0,-0.64,2.42
2023-11-18 01:00:00+08:00,0.0,0.0,0.0,-1.19,2.27
2023-11-18 02:00:00+08:00,0.0,0.0,0.0,-1.38,2.08
2023-11-18 03:00:00+08:00,0.0,0.0,0.0,-1.48,2.02
2023-11-18 04:00:00+08:00,0.0,0.0,0.0,-1.47,1.96
2023-11-18 05:00:00+08:00,0.0,0.0,0.0,-1.61,2.04
2023-11-18 06:00:00+08:00,0.0,0.0,0.0,-2.07,2.34
2023-11-18 07:00:00+08:00,79.72,397.3,30.25,-1.88,2.57
2023-11-18 08:00:00+08:00,259.88,748.05,52.8,1.93,3.23
2023-11-18 09:00:00+08:00,420.38,849.61,71.15,4.42,3.49
2023-11-18 10:00:00+08:00,535.8,902.83,76.9,8.07,4.34
2023-11-18 11:00:00+08:00,592.33,914.1,82.78,10.27,5.53
2023-11-18 12:00:00+08:00,568.12,832.12,104.79,11.42,6.61
2023-11-18 13:00:00+08:00,496.73,793.44,99.78,12.11,7.24
2023-11-18 14:00:00+08:00,370.08,703.71,94.25,12.38,7.28
2023-11-18 15:00:00+08:00,207.4,542.28,67.77,11.94,6.13
2023-11-18 16:00:00+08:00,42.8,147.12,28.09,8.46,3.77
2023-11-18 17:00:00+08:00,0.0,0.0,0.0,4.99,4.25
2023-11-18 18:00:00+08:00,0.0,0.0,0.0,4.8,4.84
2023-11-18 19:00:00+08:00,0.0,0.0,0.0,4.91,5.62
2023-11-18 20:00:00+08:00,0.0,0.0,0.0,4.63,6.12
2023-11-18 21:00:00+08:00,0.0,0.0,0.0,3.95,6.06
2023-11-18 22:00:00+08:00,0.0,0.0,0.0,3.14,5.6
2023-11-18 23:00:00+08:00,0.0,0.0,0.0,2.38,4.93
2023-11-19 00:00:00+08:00,0.0,0.0,0.0,0.96,4.02
2023-11-19 01:00:00+08:00,0.0,0.0,0.0,0.03,3.54
2023-11-19 02:00:00+08:00,0.0,0.0,0.0,-0.82,3.2
2023-11-19 03:00:00+08:00,0.0,0.0,0.0,-1.29,2.85
2023-11-19 04:00:00+08:00,0.0,0.0,0.0,-1.22,2.37
2023-11-19 05:00:00+08:00,0.0,0.0,0.0,-0.57,1.78
2023-11-19 06:00:00+08:00,0.0,0.0,0.0,-0.2,1.41
2023-11-19 07:00:00+08:00,58.4,157.97,36.66,0.12,1.67
2023-11-19 08:00:00+08:00,220.43,508.64,74.8,2.91,2.42
2023-11-19 09:00:00+08:00,369.17,630.15,107.93,5.59,2.88
2023-11-19 10:00:00+08:00,488.7,737.66,110.73,9.03,3.34
2023-11-19 11:00:00+08:00,550.6,780.05,113.9,11.92,4.43
2023-11-19 12:00:00+08:00,483.23,574.57,156.8,13.56,5.05
2023-11-19 13:00:00+08:00,425.02,548.45,142.93,14.1,5.26
2023-11-19 14:00:00+08:00,321.65,509.92,119.43,14.0,5.17
2023-11-19 15:00:00+08:00,181.2,393.43,77.09,13.26,4.13
2023-11-19 16:00:00+08:00,36.22,84.29,27.16,9.76,2.87
2023-11-19 17:00:00+08:00,0.0,0.0,0.0,6.58,3.3
2023-11-19 18:00:00+08:00,0.0,0.0,0.0,5.73,3.3
2023-11-19 19:00:00+08:00,0.0,0.0,0.0,5.03,3.31
2023-11-19 20:00:00+08:00,0.0,0.0,0.0,4.33,3.34
2023-11-19 21:00:00+08:00,0.0,0.0,0.0,3.7,3.39
2023-11-19 22:00:00+08:00,0.0,0.0,0.0,3.11,3.47
2023-11-19 23:00:00+08:00,0.0,0.0,0.0,2.5,3.5
2023-11-20 00:00:00+08:00,0.0,0.0,0.0,1.88,3.49
2023-11-20 01:00:00+08:00,0.0,0.0,0.0,1.36,3.51
2023-11-20 02:00:00+08:00,0.0,0.0,0.0,0.96,3.53
2023-11-20 03:00:00+08:00,0.0,0.0,0.0,0.67,3.58
2023-11-20 04:00:00+08:00,0.0,0.0,0.0,0.49,3.63
2023-11-20 05:00:00+08:00,0.0,0.0,0.0,0.48,3.74
2023-11-20 06:00:00+08:00,0.0,0.0,0.0,0.64,3.85
2023-11-20 07:00:00+08:00,61.5,212.85,34.55,1.53,3.95
2023-11-20 08:00:00+08:00,224.18,547.37,70.91,5.32,5.28
2023-11-20 09:00:00+08:00,375.12,662.66,103.77,8.07,4.88
2023-11-20 10:00:00+08:00,484.98,731.61,112.3,11.53,5.6
2023-11-20 11:00:00+08:00,539.28,745.62,122.87,13.96,6.62
2023-11-20 12:00:00+08:00,500.58,623.17,150.82,15.23,6.79
2023-11-20 13:00:00+08:00,428.02,554.04,144.62,15.77,6.6
2023-11-20 14:00:00+08:00,307.0,440.24,131.31,15.69,6.29
2023-11-20 15:00:00+08:00,166.2,302.13,84.99,14.71,5.23
2023-11-20 16:00:00+08:00,31.35,36.88,26.39,11.3,3.61
2023-11-20 17:00:00+08:00,0.0,0.0,0.0,8.42,4.08
2023-11-20 18:00:00+08:00,0.0,0.0,0.0,7.9,4.53
2023-11-20 19:00:00+08:00,0.0,0.0,0.0,7.52,4.93
2023-11-20 20:00:00+08:00,0.0,0.0,0.0,7.07,5.23
2023-11-20 21:00:00+08:00,0.0,0.0,0.0,6.6,5.45
2023-11-20 22:00:00+08:00,0.0,0.0,0.0,6.21,5.66
2023-11-20 23:00:00+08:00,0.0,0.0,0.0,5.88,5.92
2023-11-21 00:00:00+08:00,0.0,0.0,0.0,5.56,6.12
2023-11-21 01:00:00+08:00,0.0,0.0,0.0,5.22,6.21
2023-11-21 02:00:00+08:00,0.0,0.0,0.0,4.91,6.24
2023-11-21 03:00:00+08:00,0.0,0.0,0.0,4.65,6.25
2023-11-21 04:00:00+08:00,0.0,0.0,0.0,4.45,6.19
2023-11-21 05:00:00+08:00,0.0,0.0,0.0,4.27,5.99
2023-11-21 06:00:00+08:00,0.0,0.0,0.0,4.09,5.85
2023-11-21 07:00:00+08:00,40.0,42.41,32.17,4.22,5.87
2023-11-21 08:00:00+08:00,173.02,283.66,90.0,6.15,6.33
2023-11-21 09:00:00+08:00,275.55,319.1,140.67,8.78,6.16
2023-11-21 10:00:00+08:00,387.2,436.15,154.95,11.75,6.62
2023-11-21 11:00:00+08:00,444.52,486.45,165.4,14.35,6.51
2023-11-21 12:00:00+08:00,471.75,576.71,148.72,16.51,6.72
2023-11-21 13:00:00+08:00,411.02,539.3,138.35,17.83,6.76
2023-11-21 14:00:00+08:00,295.35,441.74,120.7,18.03,6.3
2023-11-21 15:00:00+08:00,158.12,308.2,76.97,17.12,4.4
2023-11-21 16:00:00+08:00,28.77,45.19,23.41,13.7,3.0
2023-11-21 17:00:00+08:00,0.0,0.0,0.0,11.18,3.4
2023-11-21 18:00:00+08:00,0.0,0.0,0.0,10.51,3.58
2023-11-21 19:00:00+08:00,0.0,0.0,0.0,10.13,3.83
2023-11-21 20:00:00+08:00,0.0,0.0,0.0,9.85,4.23
2023-11-21 21:00:00+08:00,0.0,0.0,0.0,9.55,4.68
2023-11-21 22:00:00+08:00,0.0,0.0,0.0,9.16,5.04
2023-11-21 23:00:00+08:00,0.0,0.0,0.0,8.72,5.06
2023-11-22 00:00:00+08:00,0.0,0.0,0.0,8.79,5.11
2023-11-22 01:00:00+08:00,0.0,0.0,0.0,8.72,4.71
2023-11-22 02:00:00+08:00,0.0,0.0,0.0,8.65,4.34
2023-11-22 03:00:00+08:00,0.0,0.0,0.0,8.63,4.46
2023-11-22 04:00:00+08:00,0.0,0.0,0.0,8.34,4.24
2023-11-22 05:00:00+08:00,0.0,0.0,0.0,7.85,3.3
2023-11-22 06:00:00+08:00,0.0,0.0,0.0,7.51,2.3
2023-11-22 07:00:00+08:00,31.73,3.1,30.33,7.39,1.86
2023-11-22 08:00:00+08:00,121.5,34.68,102.32,8.13,1.72
2023-11-22 09:00:00+08:00,217.9,92.76,178.57,9.43,2.45
2023-11-22 10:00:00+08:00,275.33,158.9,182.95,10.72,3.15
2023-11-22 11:00:00+08:00,328.85,216.37,190.17,13.68,4.37
2023-11-22 12:00:00+08:00,317.8,199.12,192.79,15.71,5.3
2023-11-22 13:00:00+08:00,279.67,197.22,157.61,16.13,5.4
2023-11-22 14:00:00+08:00,204.05,147.21,137.82,15.79,5.22
2023-11-22 15:00:00+08:00,104.22,71.64,77.94,14.6,3.99
2023-11-22 16:00:00+08:00,21.0,3.44,19.81,10.98,3.19
2023-11-22 17:00:00+08:00,0.0,0.0,0.0,7.9,3.42
2023-11-22 18:00:00+08:00,0.0,0.0,0.0,7.7,2.82
2023-11-22 19:00:00+08:00,0.0,0.0,0.0,8.65,2.03
2023-11-22 20:00:00+08:00,0.0,0.0,0.0,9.24,1.28
2023-11-22 21:00:00+08:00,0.0,0.0,0.0,9.44,0.95
2023-11-22 22:00:00+08:00,0.0,0.0,0.0,7.98,1.64
2023-11-22 23:00:00+08:00,0.0,0.0,0.0,5.73,2.62
2023-11-23 00:00:00+08:00,0.0,0.0,0.0,3.63,3.51
2023-11-23 01:00:00+08:00,0.0,0.0,0.0,2.9,4.17
2023-11-23 02:00:00+08:00,0.0,0.0,0.0,2.4,4.84
2023-11-23 03:00:00+08:00,0.0,0.0,0.0,3.1,6.43
2023-11-23 04:00:00+08:00,0.0,0.0,0.0,3.1,7.25
2023-11-23 05:00:00+08:00,0.0,0.0,0.0,2.34,7.14
2023-11-23 06:00:00+08:00,0.0,0.0,0.0,0.78,7.01
2023-11-23 07:00:00+08:00,55.08,160.84,34.93,-0.32,7.29
2023-11-23 08:00:00+08:00,234.18,641.35,65.54,0.67,8.55
2023-11-23 09:00:00+08:00,404.58,837.41,73.51,2.23,11.48
2023-11-23 10:00:00+08:00,528.75,953.05,65.46,3.12,11.74
2023-11-23 11:00:00+08:00,593.33,1000.81,62.45,3.57,11.53
2023-11-23 12:00:00+08:00,577.5,950.96,74.12,3.76,11.14
2023-11-23 13:00:00+08:00,516.08,946.45,63.02,3.72,10.67
2023-11-23 14:00:00+08:00,395.42,896.83,55.21,3.32,10.06
2023-11-23 15:00:00+08:00,228.82,781.12,40.39,2.64,9.34
2023-11-23 16:00:00+08:00,49.22,370.28,17.9,1.3,7.92
2023-11-23 17:00:00+08:00,0.0,0.0,0.0,-0.95,5.8
2023-11-23 18:00:00+08:00,0.0,0.0,0.0,-1.95,5.37
2023-11-23 19:00:00+08:00,0.0,0.0,0.0,-2.61,5.29
2023-11-23 20:00:00+08:00,0.0,0.0,0.0,-3.24,5.18
2023-11-23 21:00:00+08:00,0.0,0.0,0.0,-3.96,4.75
2023-11-23 22:00:00+08:00,0.0,0.0,0.0,-4.78,4.09
2023-11-23 23:00:00+08:00,0.0,0.0,0.0,-5.22,3.89
2023-11-24 00:00:00+08:00,0.0,0.0,0.0,-5.67,3.63
2023-11-24 01:00:00+08:00,0.0,0.0,0.0,-5.92,3.53
2023-11-24 02:00:00+08:00,0.0,0.0,0.0,-6.02,3.73
2023-11-24 03:00:00+08:00,0.0,0.0,0.0,-6.1,4.08
2023-11-24 04:00:00+08:00,0.0,0.0,0.0,-6.32,4.08
2023-11-24 05:00:00+08:00,0.0,0.0,0.0,-6.56,3.74
2023-11-24 06:00:00+08:00,0.0,0.0,0.0,-6.7,3.43
2023-11-24 07:00:00+08:00,67.82,456.51,20.81,-6.38,3.78
2023-11-24 08:00:00+08:00,251.27,837.44,39.33,-4.35,4.18
2023-11-24 09:00:00+08:00,414.73,943.49,50.73,-1.29,4.54
2023-11-24 10:00:00+08:00,532.05,990.58,52.96,0.73,4.05
2023-11-24 11:00:00+08:00,591.2,1013.68,55.28,1.92,3.71
2023-11-24 12:00:00+08:00,572.2,955.39,68.06,2.58,3.45
2023-11-24 13:00:00+08:00,504.58,911.58,67.17,2.86,3.34
2023-11-24 14:00:00+08:00,380.45,835.02,64.07,2.6,3.44
2023-11-24 15:00:00+08:00,214.73,705.94,48.02,1.72,3.43
2023-11-24 16:00:00+08:00,42.22,227.28,23.07,-0.84,2.4
2023-11-24 17:00:00+08:00,0.0,0.0,0.0,-4.19,2.87
2023-11-24 18:00:00+08:00,0.0,0.0,0.0,-4.59,3.04
2023-11-24 19:00:00+08:00,0.0,0.0,0.0,-4.68,3.09
2023-11-24 20:00:00+08:00,0.0,0.0,0.0,-4.64,3.11
2023-11-24 21:00:00+08:00,0.0,0.0,0.0,-4.53,3.14
2023-11-24 22:00:00+08:00,0.0,0.0,0.0,-4.37,3.13
2023-11-24 23:00:00+08:00,0.0,0.0,0.0,-4.19,3.13
2023-11-25 00:00:00+08:00,0.0,0.0,0.0,-4.02,3.14
2023-11-25 01:00:00+08:00,0.0,0.0,0.0,-3.86,3.14
2023-11-25 02:00:00+08:00,0.0,0.0,0.0,-3.23,3.35
2023-11-25 03:00:00+08:00,0.0,0.0,0.0,-2.96,3.18
2023-11-25 04:00:00+08:00,0.0,0.0,0.0,-2.9,2.91
2023-11-25 05:00:00+08:00,0.0,0.0,0.0,-2.69,2.82
2023-11-25 06:00:00+08:00,0.0,0.0,0.0,-2.47,2.73
2023-11-25 07:00:00+08:00,7.12,0.0,6.95,-1.99,3.05
2023-11-25 08:00:00+08:00,34.42,0.0,29.77,-0.34,3.76
2023-11-25 09:00:00+08:00,74.75,0.0,65.15,2.05,3.73
2023-11-25 10:00:00+08:00,122.18,0.0,104.87,4.6,4.22
2023-11-25 11:00:00+08:00,146.75,0.52,127.71,6.05,4.42
2023-11-25 12:00:00+08:00,154.57,7.54,133.63,6.64,4.65
2023-11-25 13:00:00+08:00,95.78,5.3,80.19,6.72,4.66
2023-11-25 14:00:00+08:00,63.4,0.19,55.07,6.29,4.29
2023-11-25 15:00:00+08:00,34.2,4.56,29.68,5.36,3.23
2023-11-25 16:00:00+08:00,7.5,1.54,7.93,3.31,1.75
2023-11-25 17:00:00+08:00,0.0,0.0,0.0,2.39,1.3
2023-11-25 18:00:00+08:00,0.0,0.0,0.0,2.1,1.2
2023-11-25 19:00:00+08:00,0.0,0.0,0.0,1.63,1.56
2023-11-25 20:00:00+08:00,0.0,0.0,0.0,1.38,1.76
2023-11-25 21:00:00+08:00,0.0,0.0,0.0,1.17,1.91
2023-11-25 22:00:00+08:00,0.0,0.0,0.0,0.89,2.11
2023-11-25 23:00:00+08:00,0.0,0.0,0.0,0.66,2.25
2023-11-26 00:00:00+08:00,0.0,0.0,0.0,0.51,2.22
2023-11-26 01:00:00+08:00,0.0,0.0,0.0,0.49,2.07
2023-11-26 02:00:00+08:00,0.0,0.0,0.0,0.55,1.81
2023-11-26 03:00:00+08:00,0.0,0.0,0.0,0.57,1.59
2023-11-26 04:00:00+08:00,0.0,0.0,0.0,0.37,1.42
2023-11-26 05:00:00+08:00,0.0,0.0,0.0,0.36,1.19
2023-11-26 06:00:00+08:00,0.0,0.0,0.0,0.33,0.93
2023-11-26 07:00:00+08:00,23.02,11.58,22.44,0.59,0.86
2023-11-26 08:00:00+08:00,89.2,55.51,73.79,2.07,1.09
2023-11-26 09:00:00+08:00,149.75,118.35,114.01,4.36,1.26
2023-11-26 10:00:00+08:00,187.68,180.53,128.1,6.84,1.91
2023-11-26 11:00:00+08:00,170.45,36.68,140.43,8.58,3.1
2023-11-26 12:00:00+08:00,152.7,14.75,129.97,9.51,3.88
2023-11-26 13:00:00+08:00,136.9,19.15,112.84,9.92,4.15
2023-11-26 14:00:00+08:00,90.82,14.9,78.23,9.7,4.18
2023-11-26 15:00:00+08:00,54.33,11.53,45.84,8.88,3.96
2023-11-26 16:00:00+08:00,6.93,1.23,7.3,6.11,2.49
2023-11-26 17:00:00+08:00,0.0,0.0,0.0,3.24,2.44
2023-11-26 18:00:00+08:00,0.0,0.0,0.0,2.65,2.35
2023-11-26 19:00:00+08:00,0.0,0.0,0.0,1.62,2.78
2023-11-26 20:00:00+08:00,0.0,0.0,0.0,0.95,3.18
2023-11-26 21:00:00+08:00,0.0,0.0,0.0,0.54,3.37
2023-11-26 22:00:00+08:00,0.0,0.0,0.0,0.15,3.44
2023-11-26 23:00:00+08:00,0.0,0.0,0.0,-0.25,3.44
2023-11-27 00:00:00+08:00,0.0,0.0,0.0,-0.64,3.44
2023-11-27 01:00:00+08:00,0.0,0.0,0.0,-0.89,3.49
2023-11-27 02:00:00+08:00,0.0,0.0,0.0,-1.48,3.28
2023-11-27 03:00:00+08:00,0.0,0.0,0.0,-1.91,2.96
2023-11-27 04:00:00+08:00,0.0,0.0,0.0,-1.84,2.62
2023-11-27 05:00:00+08:00,0.0,0.0,0.0,-1.56,2.32
2023-11-27 06:00:00+08:00,0.0,0.0,0.0,-1.23,2.06
2023-11-27 07:00:00+08:00,33.38,38.79,28.46,-0.41,1.66
2023-11-27 08:00:00+08:00,171.68,335.94,81.29,2.33,1.15
2023-11-27 09:00:00+08:00,308.33,465.12,122.94,4.87,1.36
2023-11-27 10:00:00+08:00,428.55,598.86,133.78,7.81,1.52
2023-11-27 11:00:00+08:00,496.98,680.02,129.98,11.72,1.96
2023-11-27 12:00:00+08:00,377.75,341.48,179.57,13.36,3.67
2023-11-27 13:00:00+08:00,337.9,339.2,163.39,13.55,4.86
2023-11-27 14:00:00+08:00,240.05,257.24,133.89,12.89,5.8
2023-11-27 15:00:00+08:00,121.25,112.08,89.88,11.46,4.95
2023-11-27 16:00:00+08:00,22.88,3.84,24.52,7.83,3.43
2023-11-27 17:00:00+08:00,0.0,0.0,0.0,5.32,3.72
2023-11-27 18:00:00+08:00,0.0,0.0,0.0,5.28,4.23
2023-11-27 19:00:00+08:00,0.0,0.0,0.0,4.66,5.46
2023-11-27 20:00:00+08:00,0.0,0.0,0.0,3.17,5.8
2023-11-27 21:00:00+08:00,0.0,0.0,0.0,2.12,5.95
2023-11-27 22:00:00+08:00,0.0,0.0,0.0,1.06,5.54
2023-11-27 23:00:00+08:00,0.0,0.0,0.0,0.53,6.28
2023-11-28 00:00:00+08:00,0.0,0.0,0.0,-0.01,6.32
2023-11-28 01:00:00+08:00,0.0,0.0,0.0,-1.27,4.9
2023-11-28 02:00:00+08:00,0.0,0.0,0.0,-2.7,3.96
2023-11-28 03:00:00+08:00,0.0,0.0,0.0,-3.79,3.61
2023-11-28 04:00:00+08:00,0.0,0.0,0.0,-4.58,3.48
2023-11-28 05:00:00+08:00,0.0,0.0,0.0,-4.97,3.36
2023-11-28 06:00:00+08:00,0.0,0.0,0.0,-5.17,3.12
2023-11-28 07:00:00+08:00,48.97,298.5,22.83,-4.68,2.71
2023-11-28 08:00:00+08:00,215.2,676.06,54.92,-1.12,3.17
2023-11-28 09:00:00+08:00,366.9,778.73,83.59,1.98,3.53
2023-11-28 10:00:00+08:00,481.95,832.36,107.82,4.36,2.58
2023-11-28 11:00:00+08:00,539.88,839.28,124.42,6.12,1.23
2023-11-28 12:00:00+08:00,523.92,767.34,127.38,7.35,0.38
2023-11-28 13:00:00+08:00,402.23,460.33,200.55,7.28,1.36
2023-11-28 14:00:00+08:00,280.17,307.7,189.15,7.1,1.74
2023-11-28 15:00:00+08:00,149.18,120.6,112.77,6.72,1.33
2023-11-28 16:00:00+08:00,26.25,9.5,29.42,5.73,0.56
2023-11-28 17:00:00+08:00,0.0,0.0,0.0,5.01,0.41
2023-11-28 18:00:00+08:00,0.0,0.0,0.0,3.65,1.49
2023-11-28 19:00:00+08:00,0.0,0.0,0.0,2.26,2.25
2023-11-28 20:00:00+08:00,0.0,0.0,0.0,1.09,2.75
2023-11-28 21:00:00+08:00,0.0,0.0,0.0,0.42,2.96
2023-11-28 22:00:00+08:00,0.0,0.0,0.0,0.78,2.71
2023-11-28 23:00:00+08:00,0.0,0.0,0.0,1.6,2.07
2023-11-29 00:00:00+08:00,0.0,0.0,0.0,1.9,1.62
2023-11-29 01:00:00+08:00,0.0,0.0,0.0,0.6,2.44
2023-11-29 02:00:00+08:00,0.0,0.0,0.0,-0.22,3.68
2023-11-29 03:00:00+08:00,0.0,0.0,0.0,-0.6,5.83
2023-11-29 04:00:00+08:00,0.0,0.0,0.0,-1.95,7.32
2023-11-29 05:00:00+08:00,0.0,0.0,0.0,-3.11,7.43
2023-11-29 06:00:00+08:00,0.0,0.0,0.0,-3.72,7.33
2023-11-29 07:00:00+08:00,29.23,37.46,29.25,-4.16,7.27
2023-11-29 08:00:00+08:00,176.73,353.56,93.63,-3.45,8.43
2023-11-29 09:00:00+08:00,325.88,589.91,112.73,-1.7,9.6
2023-11-29 10:00:00+08:00,461.58,769.45,108.26,-0.17,9.21
2023-11-29 11:00:00+08:00,550.88,895.31,84.46,0.77,8.84
2023-11-29 12:00:00+08:00,545.4,920.66,68.78,1.27,8.56
2023-11-29 13:00:00+08:00,488.75,920.39,61.54,1.55,8.29
2023-11-29 14:00:00+08:00,374.2,873.83,56.23,1.42,7.93
2023-11-29 15:00:00+08:00,212.9,752.57,39.89,0.84,7.44
2023-11-29 16:00:00+08:00,41.5,280.16,18.6,-0.76,5.68
2023-11-29 17:00:00+08:00,0.0,0.0,0.0,-4.14,3.52
2023-11-29 18:00:00+08:00,0.0,0.0,0.0,-5.05,3.41
2023-11-29 19:00:00+08:00,0.0,0.0,0.0,-5.49,3.21
2023-11-29 20:00:00+08:00,0.0,0.0,0.0,-5.68,2.98
2023-11-29 21:00:00+08:00,0.0,0.0,0.0,-5.64,2.74
2023-11-29 22:00:00+08:00,0.0,0.0,0.0,-5.53,2.59
2023-11-29 23:00:00+08:00,0.0,0.0,0.0,-5.5,2.58
2023-11-30 00:00:00+08:00,0.0,0.0,0.0,-5.56,2.64
2023-11-30 01:00:00+08:00,0.0,0.0,0.0,-5.63,2.69
2023-11-30 02:00:00+08:00,0.0,0.0,0.0,-5.71,2.76
2023-11-30 03:00:00+08:00,0.0,0.0,0.0,-5.84,2.83
2023-11-30 04:00:00+08:00,0.0,0.0,0.0,-6.0,2.93
2023-11-30 05:00:00+08:00,0.0,0.0,0.0,-6.05,2.7
2023-11-30 06:00:00+08:00,0.0,0.0,0.0,-6.15,2.19
2023-11-30 07:00:00+08:00,49.67,362.98,19.75,-5.35,2.07
2023-11-30 08:00:00+08:00,225.9,813.31,39.36,-3.2,2.44
2023-11-30 09:00:00+08:00,388.1,894.42,53.37,-1.01,3.07
2023-11-30 10:00:00+08:00,505.58,959.79,56.73,0.67,3.99
2023-11-30 11:00:00+08:00,566.05,989.6,56.79,1.78,4.89
2023-11-30 12:00:00+08:00,542.55,916.3,70.15,2.46,5.33
2023-11-30 13:00:00+08:00,478.15,889.11,66.22,2.83,5.32
2023-11-30 14:00:00+08:00,357.83,796.88,61.91,2.79,5.06
2023-11-30 15:00:00+08:00,198.55,688.47,44.73,2.23,4.43
2023-11-30 16:00:00+08:00,35.8,205.84,19.28,-0.59,2.49
2023-11-30 17:00:00+08:00,0.0,0.0,0.0,-2.17,2.02
2023-11-30 18:00:00+08:00,0.0,0.0,0.0,-1.47,1.24
2023-11-30 19:00:00+08:00,0.0,0.0,0.0,-1.02,0.64
2023-11-30 20:00:00+08:00,0.0,0.0,0.0,-1.41,0.96
2023-11-30 21:00:00+08:00,0.0,0.0,0.0,-2.36,1.71
2023-11-30 22:00:00+08:00,0.0,0.0,0.0,-3.22,2.2
2023-11-30 23:00:00+08:00,0.0,0.0,0.0,-3.93,2.63
2023-12-01 00:00:00+08:00,0.0,0.0,0.0,-4.25,2.82
2023-12-01 01:00:00+08:00,0.0,0.0,0.0,-4.46,2.75
2023-12-01 02:00:00+08:00,0.0,0.0,0.0,-4.69,2.55
2023-12-01 03:00:00+08:00,0.0,0.0,0.0,-4.94,2.24
2023-12-01 04:00:00+08:00,0.0,0.0,0.0,-5.14,1.96
2023-12-01 05:00:00+08:00,0.0,0.0,0.0,-5.24,1.96
2023-12-01 06:00:00+08:00,0.0,0.0,0.0,-5.24,2.25
2023-12-01 07:00:00+08:00,47.1,356.44,17.42,-4.96,2.78
2023-12-01 08:00:00+08:00,224.27,806.91,38.19,-3.33,3.67
2023-12-01 09:00:00+08:00,387.77,929.32,48.52,-1.63,2.89
2023-12-01 10:00:00+08:00,506.88,990.35,49.96,0.42,2.27
2023-12-01 11:00:00+08:00,568.75,1009.96,52.21,2.07,3.06
2023-12-01 12:00:00+08:00,553.9,962.49,61.31,2.79,3.77
2023-12-01 13:00:00+08:00,490.73,938.97,58.9,3.14,4.08
2023-12-01 14:00:00+08:00,370.5,870.54,55.02,2.96,3.98
2023-12-01 15:00:00+08:00,208.25,727.48,43.63,2.21,3.4
2023-12-01 16:00:00+08:00,38.65,257.34,18.92,-0.51,2.01
2023-12-01 17:00:00+08:00,0.0,0.0,0.0,-1.55,1.45
2023-12-01 18:00:00+08:00,0.0,0.0,0.0,-1.0,0.28
2023-12-01 19:00:00+08:00,0.0,0.0,0.0,-1.53,1.06
2023-12-01 20:00:00+08:00,0.0,0.0,0.0,-2.76,2.1
2023-12-01 21:00:00+08:00,0.0,0.0,0.0,-3.42,2.75
2023-12-01 22:00:00+08:00,0.0,0.0,0.0,-3.49,3.06
2023-12-01 23:00:00+08:00,0.0,0.0,0.0,-3.43,3.2
2023-12-02 00:00:00+08:00,0.0,0.0,0.0,-3.39,3.28
2023-12-02 01:00:00+08:00,0.0,0.0,0.0,-3.38,3.37
2023-12-02 02:00:00+08:00,0.0,0.0,0.0,-3.35,3.55
2023-12-02 03:00:00+08:00,0.0,0.0,0.0,-3.35,3.78
2023-12-02 04:00:00+08:00,0.0,0.0,0.0,-3.42,3.83
2023-12-02 05:00:00+08:00,0.0,0.0,0.0,-3.84,3.58
2023-12-02 06:00:00+08:00,0.0,0.0,0.0,-4.33,3.41
2023-12-02 07:00:00+08:00,35.75,170.24,22.02,-4.45,3.38
2023-12-02 08:00:00+08:00,194.0,613.33,51.65,-2.39,4.22
2023-12-02 09:00:00+08:00,349.9,766.15,70.06,-0.11,3.35
2023-12-02 10:00:00+08:00,466.98,847.34,73.94,2.82,2.77
2023-12-02 11:00:00+08:00,529.42,879.96,77.54,4.81,1.9
2023-12-02 12:00:00+08:00,490.58,755.65,99.14,6.24,1.37
2023-12-02 13:00:00+08:00,435.0,742.43,88.99,7.22,1.32
2023-12-02 14:00:00+08:00,323.85,668.94,79.21,7.13,1.69
2023-12-02 15:00:00+08:00,176.65,518.55,58.14,5.47,1.83
2023-12-02 16:00:00+08:00,30.15,124.19,20.97,1.17,2.95
2023-12-02 17:00:00+08:00,0.0,0.0,0.0,-1.44,3.63
2023-12-02 18:00:00+08:00,0.0,0.0,0.0,-1.83,3.69
2023-12-02 19:00:00+08:00,0.0,0.0,0.0,-2.09,3.58
2023-12-02 20:00:00+08:00,0.0,0.0,0.0,-2.3,3.43
2023-12-02 21:00:00+08:00,0.0,0.0,0.0,-2.37,3.22
2023-12-02 22:00:00+08:00,0.0,0.0,0.0,-2.29,3.04
2023-12-02 23:00:00+08:00,0.0,0.0,0.0,-2.23,2.89
2023-12-03 00:00:00+08:00,0.0,0.0,0.0,-2.26,2.79
2023-12-03 01:00:00+08:00,0.0,0.0,0.0,-2.28,2.71
2023-12-03 02:00:00+08:00,0.0,0.0,0.0,-2.24,2.59
2023-12-03 03:00:00+08:00,0.0,0.0,0.0,-2.18,2.48
2023-12-03 04:00:00+08:00,0.0,0.0,0.0,-2.2,2.44
2023-12-03 05:00:00+08:00,0.0,0.0,0.0,-2.3,2.48
2023-12-03 06:00:00+08:00,0.0,0.0,0.0,-2.59,2.56
2023-12-03 07:00:00+08:00,37.78,203.86,21.4,-2.77,2.67
2023-12-03 08:00:00+08:00,199.82,660.8,50.22,-0.04,2.74
2023-12-03 09:00:00+08:00,354.77,787.46,71.15,2.53,3.39
2023-12-03 10:00:00+08:00,468.67,860.03,79.45,5.19,3.56
2023-12-03 11:00:00+08:00,526.78,868.59,85.92,7.42,4.18
2023-12-03 12:00:00+08:00,492.33,744.34,109.86,8.76,4.81
2023-12-03 13:00:00+08:00,429.08,738.91,91.55,9.17,5.12
2023-12-03 14:00:00+08:00,311.12,624.99,80.66,8.91,5.03
2023-12-03 15:00:00+08:00,164.12,436.45,62.69,6.74,3.22
2023-12-03 16:00:00+08:00,26.45,74.42,20.68,2.4,3.54
2023-12-03 17:00:00+08:00,0.0,0.0,0.0,0.16,4.02
2023-12-03 18:00:00+08:00,0.0,0.0,0.0,0.1,4.24
2023-12-03 19:00:00+08:00,0.0,0.0,0.0,0.3,4.55
2023-12-03 20:00:00+08:00,0.0,0.0,0.0,0.45,5.01
2023-12-03 21:00:00+08:00,0.0,0.0,0.0,0.46,5.5
2023-12-03 22:00:00+08:00,0.0,0.0,0.0,0.46,6.3
2023-12-03 23:00:00+08:00,0.0,0.0,0.0,0.15,6.74
2023-12-04 00:00:00+08:00,0.0,0.0,0.0,-0.27,6.75
2023-12-04 01:00:00+08:00,0.0,0.0,0.0,-0.58,6.63
2023-12-04 02:00:00+08:00,0.0,0.0,0.0,-0.81,6.53
2023-12-04 03:00:00+08:00,0.0,0.0,0.0,-1.01,6.46
2023-12-04 04:00:00+08:00,0.0,0.0,0.0,-1.24,6.3
2023-12-04 05:00:00+08:00,0.0,0.0,0.0,-1.47,5.95
2023-12-04 06:00:00+08:00,0.0,0.0,0.0,-1.63,5.62
2023-12-04 07:00:00+08:00,21.92,25.39,20.22,-1.51,5.59
2023-12-04 08:00:00+08:00,133.93,252.3,72.52,0.01,5.93
2023-12-04 09:00:00+08:00,270.58,420.66,110.3,2.37,5.26
2023-12-04 10:00:00+08:00,361.08,499.32,123.48,5.54,5.41
2023-12-04 11:00:00+08:00,419.23,543.62,131.23,7.92,5.29
2023-12-04 12:00:00+08:00,392.55,463.22,146.21,9.73,4.92
2023-12-04 13:00:00+08:00,353.42,441.4,136.05,10.7,4.34
2023-12-04 14:00:00+08:00,249.82,350.35,115.01,10.74,3.29
2023-12-04 15:00:00+08:00,123.93,199.43,74.29,8.46,1.98
2023-12-04 16:00:00+08:00,19.95,11.62,19.08,6.77,1.71
2023-12-04 17:00:00+08:00,0.0,0.0,0.0,6.4,1.12
2023-12-04 18:00:00+08:00,0.0,0.0,0.0,6.33,0.99
2023-12-04 19:00:00+08:00,0.0,0.0,0.0,5.29,1.37
2023-12-04 20:00:00+08:00,0.0,0.0,0.0,3.77,1.7
2023-12-04 21:00:00+08:00,0.0,0.0,0.0,3.31,1.89
2023-12-04 22:00:00+08:00,0.0,0.0,0.0,2.89,1.95
2023-12-04 23:00:00+08:00,0.0,0.0,0.0,2.87,1.82
2023-12-05 00:00:00+08:00,0.0,0.0,0.0,2.8,1.55
2023-12-05 01:00:00+08:00,0.0,0.0,0.0,3.41,1.32
2023-12-05 02:00:00+08:00,0.0,0.0,0.0,3.77,1.25
2023-12-05 03:00:00+08:00,0.0,0.0,0.0,3.8,1.29
2023-12-05 04:00:00+08:00,0.0,0.0,0.0,3.48,1.36
2023-12-05 05:00:00+08:00,0.0,0.0,0.0,3.03,1.51
2023-12-05 06:00:00+08:00,0.0,0.0,0.0,2.6,1.96
2023-12-05 07:00:00+08:00,24.15,42.67,20.7,1.59,2.53
2023-12-05 08:00:00+08:00,153.75,347.49,70.56,3.3,2.72
2023-12-05 09:00:00+08:00,281.42,454.9,109.89,6.8,4.19
2023-12-05 10:00:00+08:00,397.17,582.85,119.03,8.89,4.36
2023-12-05 11:00:00+08:00,452.27,611.75,133.29,11.41,4.86
2023-12-05 12:00:00+08:00,395.3,444.28,155.56,13.3,6.28
2023-12-05 13:00:00+08:00,319.9,346.19,143.05,13.94,6.83
2023-12-05 14:00:00+08:00,264.58,384.69,117.03,13.6,5.86
2023-12-05 15:00:00+08:00,126.95,197.49,75.8,10.69,3.72
2023-12-05 16:00:00+08:00,19.67,8.43,19.05,6.81,3.95
2023-12-05 17:00:00+08:00,0.0,0.0,0.0,4.48,4.26
2023-12-05 18:00:00+08:00,0.0,0.0,0.0,4.08,4.23
2023-12-05 19:00:00+08:00,0.0,0.0,0.0,3.65,4.07
2023-12-05 20:00:00+08:00,0.0,0.0,0.0,3.19,3.85
2023-12-05 21:00:00+08:00,0.0,0.0,0.0,2.93,3.53
2023-12-05 22:00:00+08:00,0.0,0.0,0.0,3.22,3.4
2023-12-05 23:00:00+08:00,0.0,0.0,0.0,3.14,4.24
2023-12-06 00:00:00+08:00,0.0,0.0,0.0,3.04,5.27
2023-12-06 01:00:00+08:00,0.0,0.0,0.0,1.73,4.86
2023-12-06 02:00:00+08:00,0.0,0.0,0.0,1.08,5.03
2023-12-06 03:00:00+08:00,0.0,0.0,0.0,0.42,5.31
2023-12-06 04:00:00+08:00,0.0,0.0,0.0,-0.86,4.74
2023-12-06 05:00:00+08:00,0.0,0.0,0.0,-2.26,3.81
2023-12-06 06:00:00+08:00,0.0,0.0,0.0,-2.87,3.6
2023-12-06 07:00:00+08:00,31.08,178.67,19.72,-2.83,3.55
2023-12-06 08:00:00+08:00,186.75,633.16,49.79,0.17,4.19
2023-12-06 09:00:00+08:00,321.8,672.82,86.99,2.77,3.4
2023-12-06 10:00:00+08:00,428.45,664.74,139.44,6.26,3.03
2023-12-06 11:00:00+08:00,492.6,619.21,186.48,9.37,3.73
2023-12-06 12:00:00+08:00,496.25,604.15,217.45,10.23,3.86
2023-12-06 13:00:00+08:00,440.27,589.28,172.48,10.39,4.16
2023-12-06 14:00:00+08:00,333.3,632.44,111.19,10.12,4.72
2023-12-06 15:00:00+08:00,173.65,471.79,70.87,8.9,3.71
2023-12-06 16:00:00+08:00,28.12,77.25,24.51,4.92,3.09
2023-12-06 17:00:00+08:00,0.0,0.0,0.0,2.53,3.29
2023-12-06 18:00:00+08:00,0.0,0.0,0.0,1.99,3.35
2023-12-06 19:00:00+08:00,0.0,0.0,0.0,1.43,3.72
2023-12-06 20:00:00+08:00,0.0,0.0,0.0,1.15,4.09
2023-12-06 21:00:00+08:00,0.0,0.0,0.0,1.02,4.32
2023-12-06 22:00:00+08:00,0.0,0.0,0.0,0.81,4.41
2023-12-06 23:00:00+08:00,0.0,0.0,0.0,0.46,4.4
2023-12-07 00:00:00+08:00,0.0,0.0,0.0,-0.27,4.04
2023-12-07 01:00:00+08:00,0.0,0.0,0.0,-1.14,3.65
2023-12-07 02:00:00+08:00,0.0,0.0,0.0,-1.72,3.42
2023-12-07 03:00:00+08:00,0.0,0.0,0.0,-2.04,3.31
2023-12-07 04:00:00+08:00,0.0,0.0,0.0,-2.26,3.29
2023-12-07 05:00:00+08:00,0.0,0.0,0.0,-2.24,3.41
2023-12-07 06:00:00+08:00,0.0,0.0,0.0,-1.89,3.62
2023-12-07 07:00:00+08:00,24.1,15.46,24.31,-1.07,3.95
2023-12-07 08:00:00+08:00,164.45,342.99,87.34,2.49,5.65
2023-12-07 09:00:00+08:00,307.35,488.28,125.8,5.53,5.95
2023-12-07 10:00:00+08:00,423.25,597.26,138.32,9.19,6.04
2023-12-07 11:00:00+08:00,485.1,646.72,149.22,12.49,6.94
2023-12-07 12:00:00+08:00,477.48,612.16,156.08,14.39,7.19
2023-12-07 13:00:00+08:00,417.05,579.32,139.7,15.7,7.61
2023-12-07 14:00:00+08:00,301.4,457.52,127.83,16.05,7.71
2023-12-07 15:00:00+08:00,159.38,302.91,84.39,14.87,6.53
2023-12-07 16:00:00+08:00,26.2,23.13,24.46,11.79,5.84
2023-12-07 17:00:00+08:00,0.0,0.0,0.0,9.63,6.06
2023-12-07 18:00:00+08:00,0.0,0.0,0.0,9.63,7.08
2023-12-07 19:00:00+08:00,0.0,0.0,0.0,9.2,7.53
2023-12-07 20:00:00+08:00,0.0,0.0,0.0,8.53,7.25
2023-12-07 21:00:00+08:00,0.0,0.0,0.0,7.2,6.19
2023-12-07 22:00:00+08:00,0.0,0.0,0.0,5.93,5.46
2023-12-07 23:00:00+08:00,0.0,0.0,0.0,5.11,5.08
2023-12-08 00:00:00+08:00,0.0,0.0,0.0,4.3,4.61
2023-12-08 01:00:00+08:00,0.0,0.0,0.0,3.49,4.2
2023-12-08 02:00:00+08:00,0.0,0.0,0.0,2.8,3.94
2023-12-08 03:00:00+08:00,0.0,0.0,0.0,2.22,3.78
2023-12-08 04:00:00+08:00,0.0,0.0,0.0,1.86,3.59
2023-12-08 05:00:00+08:00,0.0,0.0,0.0,1.51,3.48
2023-12-08 06:00:00+08:00,0.0,0.0,0.0,1.25,3.54
2023-12-08 07:00:00+08:00,23.05,36.55,21.75,1.37,3.54
2023-12-08 08:00:00+08:00,160.2,390.7,74.14,4.88,4.2
2023-12-08 09:00:00+08:00,300.75,541.33,105.3,8.13,5.03
2023-12-08 10:00:00+08:00,416.12,642.93,117.35,11.54,5.09
2023-12-08 11:00:00+08:00,478.2,677.49,129.98,14.96,5.55
2023-12-08 12:00:00+08:00,469.83,630.29,142.27,17.14,6.04
2023-12-08 13:00:00+08:00,409.0,578.82,133.49,17.83,5.9
2023-12-08 14:00:00+08:00,296.5,465.31,123.23,17.81,5.54
2023-12-08 15:00:00+08:00,157.43,303.23,85.97,16.25,3.61
2023-12-08 16:00:00+08:00,25.92,22.06,24.81,11.93,3.34
2023-12-08 17:00:00+08:00,0.0,0.0,0.0,9.5,3.54
2023-12-08 18:00:00+08:00,0.0,0.0,0.0,9.06,3.46
2023-12-08 19:00:00+08:00,0.0,0.0,0.0,8.62,3.42
2023-12-08 20:00:00+08:00,0.0,0.0,0.0,8.11,3.43
2023-12-08 21:00:00+08:00,0.0,0.0,0.0,7.54,3.43
2023-12-08 22:00:00+08:00,0.0,0.0,0.0,6.99,3.33
2023-12-08 23:00:00+08:00,0.0,0.0,0.0,7.01,2.79
2023-12-09 00:00:00+08:00,0.0,0.0,0.0,8.23,1.46
2023-12-09 01:00:00+08:00,0.0,0.0,0.0,8.42,0.48
2023-12-09 02:00:00+08:00,0.0,0.0,0.0,5.94,2.45
2023-12-09 03:00:00+08:00,0.0,0.0,0.0,3.86,3.96
2023-12-09 04:00:00+08:00,0.0,0.0,0.0,4.16,4.84
2023-12-09 05:00:00+08:00,0.0,0.0,0.0,4.0,5.26
2023-12-09 06:00:00+08:00,0.0,0.0,0.0,3.62,5.91
2023-12-09 07:00:00+08:00,21.52,23.58,22.33,3.03,6.3
2023-12-09 08:00:00+08:00,148.4,298.58,82.51,4.06,6.89
2023-12-09 09:00:00+08:00,288.6,456.98,127.87,6.47,7.69
2023-12-09 10:00:00+08:00,397.8,570.19,150.37,9.43,9.09
2023-12-09 11:00:00+08:00,455.83,564.02,179.81,11.18,9.08
2023-12-09 12:00:00+08:00,414.23,420.5,186.25,12.1,8.79
2023-12-09 13:00:00+08:00,359.77,354.99,192.66,12.41,8.41
2023-12-09 14:00:00+08:00,260.67,306.28,147.38,11.98,8.12
2023-12-09 15:00:00+08:00,140.52,200.52,88.12,10.67,7.67
2023-12-09 16:00:00+08:00,24.58,12.93,25.52,8.13,6.65
2023-12-09 17:00:00+08:00,0.0,0.0,0.0,5.6,6.57
2023-12-09 18:00:00+08:00,0.0,0.0,0.0,4.16,6.9
2023-12-09 19:00:00+08:00,0.0,0.0,0.0,3.0,7.15
2023-12-09 20:00:00+08:00,0.0,0.0,0.0,2.14,7.21
2023-12-09 21:00:00+08:00,0.0,0.0,0.0,1.61,6.95
2023-12-09 22:00:00+08:00,0.0,0.0,0.0,1.31,6.46
2023-12-09 23:00:00+08:00,0.0,0.0,0.0,1.03,6.52
2023-12-10 00:00:00+08:00,0.0,0.0,0.0,0.74,6.85
2023-12-10 01:00:00+08:00,0.0,0.0,0.0,0.31,6.91
2023-12-10 02:00:00+08:00,0.0,0.0,0.0,-0.19,6.86
2023-12-10 03:00:00+08:00,0.0,0.0,0.0,-0.63,6.73
2023-12-10 04:00:00+08:00,0.0,0.0,0.0,-0.71,7.34
2023-12-10 05:00:00+08:00,0.0,0.0,0.0,-0.71,7.51
2023-12-10 06:00:00+08:00,0.0,0.0,0.0,-0.77,7.55
2023-12-10 07:00:00+08:00,14.75,5.43,17.36,-0.56,7.72
2023-12-10 08:00:00+08:00,81.7,19.35,70.85,0.47,7.62
2023-12-10 09:00:00+08:00,135.38,38.03,113.95,2.22,8.99
2023-12-10 10:00:00+08:00,169.05,43.08,136.15,3.85,9.51
2023-12-10 11:00:00+08:00,165.52,32.32,136.73,4.84,9.35
2023-12-10 12:00:00+08:00,118.22,1.83,103.13,5.46,8.87
2023-12-10 13:00:00+08:00,178.75,15.35,149.97,5.6,8.79
2023-12-10 14:00:00+08:00,137.62,23.86,114.62,4.68,9.19
2023-12-10 15:00:00+08:00,77.03,35.88,64.53,3.81,9.27
2023-12-10 16:00:00+08:00,14.1,7.79,14.0,2.52,9.27
2023-12-10 17:00:00+08:00,0.0,0.0,0.0,1.07,9.4
2023-12-10 18:00:00+08:00,0.0,0.0,0.0,0.05,9.52
2023-12-10 19:00:00+08:00,0.0,0.0,0.0,-0.63,9.26
2023-12-10 20:00:00+08:00,0.0,0.0,0.0,-0.87,7.95
2023-12-10 21:00:00+08:00,0.0,0.0,0.0,-0.93,7.23
2023-12-10 22:00:00+08:00,0.0,0.0,0.0,-0.98,7.78
2023-12-10 23:00:00+08:00,0.0,0.0,0.0,-1.07,7.36
2023-12-11 00:00:00+08:00,0.0,0.0,0.0,-1.24,7.46
2023-12-11 01:00:00+08:00,0.0,0.0,0.0,-1.46,8.1
2023-12-11 02:00:00+08:00,0.0,0.0,0.0,-1.69,8.58
2023-12-11 03:00:00+08:00,0.0,0.0,0.0,-1.97,8.48
2023-12-11 04:00:00+08:00,0.0,0.0,0.0,-2.28,8.42
2023-12-11 05:00:00+08:00,0.0,0.0,0.0,-2.45,8.31
2023-12-11 06:00:00+08:00,0.0,0.0,0.0,-2.48,7.89
2023-12-11 07:00:00+08:00,8.32,2.0,8.57,-2.58,7.7
2023-12-11 08:00:00+08:00,50.88,13.55,44.36,-2.44,7.88
2023-12-11 09:00:00+08:00,89.95,38.84,72.76,-1.78,8.3
2023-12-11 10:00:00+08:00,135.73,57.59,108.77,-0.71,8.2
2023-12-11 11:00:00+08:00,158.0,88.25,116.81,0.12,7.94
2023-12-11 12:00:00+08:00,127.68,68.26,102.69,0.35,7.82
2023-12-11 13:00:00+08:00,119.32,55.97,92.89,0.24,7.76
2023-12-11 14:00:00+08:00,56.47,3.55,47.72,-0.07,7.56
2023-12-11 15:00:00+08:00,36.45,10.81,31.4,-0.52,7.02
2023-12-11 16:00:00+08:00,6.53,1.94,6.52,-1.5,5.8
2023-12-11 17:00:00+08:00,0.0,0.0,0.0,-3.15,4.4
2023-12-11 18:00:00+08:00,0.0,0.0,0.0,-3.93,4.18
2023-12-11 19:00:00+08:00,0.0,0.0,0.0,-3.98,3.87
2023-12-11 20:00:00+08:00,0.0,0.0,0.0,-4.07,3.18
2023-12-11 21:00:00+08:00,0.0,0.0,0.0,-4.23,3.42
2023-12-11 22:00:00+08:00,0.0,0.0,0.0,-4.52,3.49
2023-12-11 23:00:00+08:00,0.0,0.0,0.0,-4.74,3.63
2023-12-12 00:00:00+08:00,0.0,0.0,0.0,-4.87,3.45
2023-12-12 01:00:00+08:00,0.0,0.0,0.0,-4.94,3.21
2023-12-12 02:00:00+08:00,0.0,0.0,0.0,-5.02,3.27
2023-12-12 03:00:00+08:00,0.0,0.0,0.0,-5.2,3.32
2023-12-12 04:00:00+08:00,0.0,0.0,0.0,-6.33,2.49
2023-12-12 05:00:00+08:00,0.0,0.0,0.0,-6.89,2.4
2023-12-12 06:00:00+08:00,0.0,0.0,0.0,-7.09,2.62
2023-12-12 07:00:00+08:00,15.48,36.89,16.91,-7.01,2.81
2023-12-12 08:00:00+08:00,110.3,198.38,69.84,-5.21,3.2
2023-12-12 09:00:00+08:00,222.6,276.7,141.7,-2.57,3.13
2023-12-12 10:00:00+08:00,318.7,317.72,194.0,-1.05,2.52
2023-12-12 11:00:00+08:00,377.17,313.0,224.91,-0.03,1.99
2023-12-12 12:00:00+08:00,348.02,213.96,237.4,0.7,1.6
2023-12-12 13:00:00+08:00,375.55,488.44,152.42,1.19,1.35
2023-12-12 14:00:00+08:00,269.9,412.02,124.67,1.27,1.19
2023-12-12 15:00:00+08:00,145.32,290.3,78.07,0.89,1.39
2023-12-12 16:00:00+08:00,24.95,37.04,23.87,-1.12,1.46
2023-12-12 17:00:00+08:00,0.0,0.0,0.0,-3.06,1.86
2023-12-12 18:00:00+08:00,0.0,0.0,0.0,-3.67,2.03
2023-12-12 19:00:00+08:00,0.0,0.0,0.0,-4.12,2.17
2023-12-12 20:00:00+08:00,0.0,0.0,0.0,-4.51,2.38
2023-12-12 21:00:00+08:00,0.0,0.0,0.0,-4.74,2.57
2023-12-12 22:00:00+08:00,0.0,0.0,0.0,-4.83,2.66
2023-12-12 23:00:00+08:00,0.0,0.0,0.0,-4.89,2.67
2023-12-13 00:00:00+08:00,0.0,0.0,0.0,-4.96,2.66
2023-12-13 01:00:00+08:00,0.0,0.0,0.0,-4.73,2.64
2023-12-13 02:00:00+08:00,0.0,0.0,0.0,-4.64,2.74
2023-12-13 03:00:00+08:00,0.0,0.0,0.0,-4.36,3.02
2023-12-13 04:00:00+08:00,0.0,0.0,0.0,-4.05,3.11
2023-12-13 05:00:00+08:00,0.0,0.0,0.0,-4.06,3.03
2023-12-13 06:00:00+08:00,0.0,0.0,0.0,-4.19,3.01
2023-12-13 07:00:00+08:00,9.23,2.25,10.69,-4.1,2.95
2023-12-13 08:00:00+08:00,58.03,47.05,49.12,-2.7,2.9
2023-12-13 09:00:00+08:00,103.57,66.45,81.55,-0.24,2.95
2023-12-13 10:00:00+08:00,108.18,5.72,92.83,1.33,2.89
2023-12-13 11:00:00+08:00,92.05,3.84,75.83,1.92,2.68
2023-12-13 12:00:00+08:00,78.93,1.78,65.26,2.29,2.52
2023-12-13 13:00:00+08:00,46.4,2.16,39.22,2.5,2.27
2023-12-13 14:00:00+08:00,85.43,0.2,72.74,2.48,2.15
2023-12-13 15:00:00+08:00,45.47,1.24,39.16,2.12,1.81
2023-12-13 16:00:00+08:00,7.82,0.0,7.82,0.61,2.0
2023-12-13 17:00:00+08:00,0.0,0.0,0.0,-0.32,2.6
2023-12-13 18:00:00+08:00,0.0,0.0,0.0,-0.62,2.85
2023-12-13 19:00:00+08:00,0.0,0.0,0.0,-1.01,2.83
2023-12-13 20:00:00+08:00,0.0,0.0,0.0,-1.15,2.97
2023-12-13 21:00:00+08:00,0.0,0.0,0.0,-1.34,3.16
2023-12-13 22:00:00+08:00,0.0,0.0,0.0,-1.55,3.24
2023-12-13 23:00:00+08:00,0.0,0.0,0.0,-1.34,3.67
2023-12-14 00:00:00+08:00,0.0,0.0,0.0,-1.0,4.28
2023-12-14 01:00:00+08:00,0.0,0.0,0.0,-0.89,4.94
2023-12-14 02:00:00+08:00,0.0,0.0,0.0,-0.95,5.37
2023-12-14 03:00:00+08:00,0.0,0.0,0.0,-0.79,5.96
2023-12-14 04:00:00+08:00,0.0,0.0,0.0,-0.66,6.75
2023-12-14 05:00:00+08:00,0.0,0.0,0.0,-0.71,7.1
2023-12-14 06:00:00+08:00,0.0,0.0,0.0,-0.62,7.46
2023-12-14 07:00:00+08:00,5.97,0.0,6.94,-0.56,6.97
2023-12-14 08:00:00+08:00,32.05,5.59,28.1,-0.23,6.92
2023-12-14 09:00:00+08:00,57.5,13.92,47.71,0.48,7.68
2023-12-14 10:00:00+08:00,84.85,19.95,68.05,0.92,8.15
2023-12-14 11:00:00+08:00,91.6,24.51,73.54,1.01,7.9
2023-12-14 12:00:00+08:00,85.1,23.91,68.08,0.97,7.6
2023-12-14 13:00:00+08:00,68.05,12.63,56.52,0.79,7.82
2023-12-14 14:00:00+08:00,50.78,6.92,42.48,0.48,7.95
2023-12-14 15:00:00+08:00,32.05,7.4,27.27,-0.02,7.98
2023-12-14 16:00:00+08:00,6.47,2.64,6.78,-0.76,8.29
2023-12-14 17:00:00+08:00,0.0,0.0,0.0,-1.65,8.58
2023-12-14 18:00:00+08:00,0.0,0.0,0.0,-2.32,8.97
2023-12-14 19:00:00+08:00,0.0,0.0,0.0,-2.8,8.89
2023-12-14 20:00:00+08:00,0.0,0.0,0.0,-3.14,8.68
2023-12-14 21:00:00+08:00,0.0,0.0,0.0,-3.64,8.32
2023-12-14 22:00:00+08:00,0.0,0.0,0.0,-4.21,8.5
2023-12-14 23:00:00+08:00,0.0,0.0,0.0,-4.71,8.27
2023-12-15 00:00:00+08:00,0.0,0.0,0.0,-5.16,7.87
2023-12-15 01:00:00+08:00,0.0,0.0,0.0,-5.57,7.68
2023-12-15 02:00:00+08:00,0.0,0.0,0.0,-6.04,7.77
2023-12-15 03:00:00+08:00,0.0,0.0,0.0,-6.56,7.58
2023-12-15 04:00:00+08:00,0.0,0.0,0.0,-7.0,6.95
2023-12-15 05:00:00+08:00,0.0,0.0,0.0,-7.47,7.05
2023-12-15 06:00:00+08:00,0.0,0.0,0.0,-8.03,7.1
2023-12-15 07:00:00+08:00,9.38,0.0,9.65,-8.53,7.17
2023-12-15 08:00:00+08:00,60.75,0.0,53.77,-8.2,7.05
2023-12-15 09:00:00+08:00,109.78,0.0,93.77,-7.15,7.98
2023-12-15 10:00:00+08:00,160.6,0.47,139.7,-6.28,8.59
2023-12-15 11:00:00+08:00,188.8,0.39,156.74,-6.02,8.31
2023-12-15 12:00:00+08:00,79.88,0.0,66.34,-6.43,9.13
2023-12-15 13:00:00+08:00,82.9,3.79,70.08,-6.97,9.64
2023-12-15 14:00:00+08:00,59.97,6.32,50.4,-7.58,9.97
2023-12-15 15:00:00+08:00,39.83,0.82,34.29,-8.22,9.69
2023-12-15 16:00:00+08:00,8.85,1.88,8.82,-8.88,8.65
2023-12-15 17:00:00+08:00,0.0,0.0,0.0,-9.2,6.75
2023-12-15 18:00:00+08:00,0.0,0.0,0.0,-9.21,5.13
2023-12-15 19:00:00+08:00,0.0,0.0,0.0,-9.48,4.25
2023-12-15 20:00:00+08:00,0.0,0.0,0.0,-9.82,4.42
2023-12-15 21:00:00+08:00,0.0,0.0,0.0,-10.69,4.86
2023-12-15 22:00:00+08:00,0.0,0.0,0.0,-11.83,5.38
2023-12-15 23:00:00+08:00,0.0,0.0,0.0,-12.86,5.72
2023-12-16 00:00:00+08:00,0.0,0.0,0.0,-13.92,5.6
2023-12-16 01:00:00+08:00,0.0,0.0,0.0,-15.23,5.13
2023-12-16 02:00:00+08:00,0.0,0.0,0.0,-16.18,4.9
2023-12-16 03:00:00+08:00,0.0,0.0,0.0,-16.87,5.01
2023-12-16 04:00:00+08:00,0.0,0.0,0.0,-17.37,5.36
2023-12-16 05:00:00+08:00,0.0,0.0,0.0,-17.52,5.4
2023-12-16 06:00:00+08:00,0.0,0.0,0.0,-17.6,5.26
2023-12-16 07:00:00+08:00,23.12,206.44,14.26,-17.52,5.32
2023-12-16 08:00:00+08:00,164.32,632.28,43.53,-14.96,5.57
2023-12-16 09:00:00+08:00,310.35,735.68,73.87,-10.1,7.29
2023-12-16 10:00:00+08:00,423.75,800.48,88.56,-8.37,7.6
2023-12-16 11:00:00+08:00,488.55,830.89,93.79,-7.71,7.32
2023-12-16 12:00:00+08:00,508.45,846.03,107.39,-7.4,7.03
2023-12-16 13:00:00+08:00,422.7,753.59,98.05,-7.24,6.74
2023-12-16 14:00:00+08:00,318.75,672.89,84.35,-7.36,6.4
2023-12-16 15:00:00+08:00,182.6,584.05,63.94,-8.04,5.87
2023-12-16 16:00:00+08:00,38.05,269.75,20.72,-10.24,5.12
2023-12-16 17:00:00+08:00,0.0,0.0,0.0,-13.19,4.63
2023-12-16 18:00:00+08:00,0.0,0.0,0.0,-13.9,3.99
2023-12-16 19:00:00+08:00,0.0,0.0,0.0,-13.9,3.53
2023-12-16 20:00:00+08:00,0.0,0.0,0.0,-13.47,2.91
2023-12-16 21:00:00+08:00,0.0,0.0,0.0,-13.31,2.52
2023-12-16 22:00:00+08:00,0.0,0.0,0.0,-13.6,2.7
2023-12-16 23:00:00+08:00,0.0,0.0,0.0,-13.9,2.68
2023-12-17 00:00:00+08:00,0.0,0.0,0.0,-14.07,2.34
2023-12-17 01:00:00+08:00,0.0,0.0,0.0,-14.53,1.93
2023-12-17 02:00:00+08:00,0.0,0.0,0.0,-14.58,1.64
2023-12-17 03:00:00+08:00,0.0,0.0,0.0,-14.47,1.51
2023-12-17 04:00:00+08:00,0.0,0.0,0.0,-14.99,1.55
2023-12-17 05:00:00+08:00,0.0,0.0,0.0,-14.76,1.46
2023-12-17 06:00:00+08:00,0.0,0.0,0.0,-14.43,1.35
2023-12-17 07:00:00+08:00,24.48,215.49,12.5,-14.24,1.45
2023-12-17 08:00:00+08:00,184.15,743.97,36.71,-13.17,1.68
2023-12-17 09:00:00+08:00,348.38,902.38,50.32,-9.45,1.54
2023-12-17 10:00:00+08:00,469.83,936.26,62.72,-6.5,0.91
2023-12-17 11:00:00+08:00,536.55,970.85,67.38,-5.15,0.71
2023-12-17 12:00:00+08:00,529.9,909.53,81.33,-4.39,1.15
2023-12-17 13:00:00+08:00,450.65,807.72,101.17,-3.99,1.39
2023-12-17 14:00:00+08:00,326.67,761.9,66.19,-3.94,1.46
2023-12-17 15:00:00+08:00,184.82,660.16,47.64,-4.35,1.22
2023-12-17 16:00:00+08:00,37.38,214.55,21.56,-5.68,1.09
2023-12-17 17:00:00+08:00,0.0,0.0,0.0,-7.47,1.15
2023-12-17 18:00:00+08:00,0.0,0.0,0.0,-8.75,1.62
2023-12-17 19:00:00+08:00,0.0,0.0,0.0,-9.25,2.16
2023-12-17 20:00:00+08:00,0.0,0.0,0.0,-9.55,2.66
2023-12-17 21:00:00+08:00,0.0,0.0,0.0,-9.51,2.8
2023-12-17 22:00:00+08:00,0.0,0.0,0.0,-9.38,2.67
2023-12-17 23:00:00+08:00,0.0,0.0,0.0,-9.45,2.47
2023-12-18 00:00:00+08:00,0.0,0.0,0.0,-9.99,2.44
2023-12-18 01:00:00+08:00,0.0,0.0,0.0,-10.59,2.79
2023-12-18 02:00:00+08:00,0.0,0.0,0.0,-11.13,3.06
2023-12-18 03:00:00+08:00,0.0,0.0,0.0,-11.92,3.22
2023-12-18 04:00:00+08:00,0.0,0.0,0.0,-12.41,3.66
2023-12-18 05:00:00+08:00,0.0,0.0,0.0,-12.4,3.9
2023-12-18 06:00:00+08:00,0.0,0.0,0.0,-12.44,4.08
2023-12-18 07:00:00+08:00,13.0,8.13,15.66,-11.5,4.31
2023-12-18 08:00:00+08:00,100.0,64.51,82.72,-9.18,4.02
2023-12-18 09:00:00+08:00,182.55,87.2,145.64,-6.22,3.86
2023-12-18 10:00:00+08:00,257.5,101.23,203.53,-3.75,4.56
2023-12-18 11:00:00+08:00,296.58,108.29,230.0,-2.25,5.01
2023-12-18 12:00:00+08:00,297.98,103.35,232.25,-1.92,4.81
2023-12-18 13:00:00+08:00,260.85,92.24,209.04,-2.0,4.56
2023-12-18 14:00:00+08:00,188.1,62.81,153.58,-2.16,4.16
2023-12-18 15:00:00+08:00,106.82,31.36,87.2,-2.72,3.54
2023-12-18 16:00:00+08:00,23.05,5.04,24.21,-4.81,3.14
2023-12-18 17:00:00+08:00,0.0,0.0,0.0,-7.26,2.85
2023-12-18 18:00:00+08:00,0.0,0.0,0.0,-8.14,2.95
2023-12-18 19:00:00+08:00,0.0,0.0,0.0,-8.48,3.0
2023-12-18 20:00:00+08:00,0.0,0.0,0.0,-8.59,3.06
2023-12-18 21:00:00+08:00,0.0,0.0,0.0,-8.87,3.12
2023-12-18 22:00:00+08:00,0.0,0.0,0.0,-9.33,3.21
2023-12-18 23:00:00+08:00,0.0,0.0,0.0,-9.85,3.23
2023-12-19 00:00:00+08:00,0.0,0.0,0.0,-10.23,3.17
2023-12-19 01:00:00+08:00,0.0,0.0,0.0,-10.48,3.09
2023-12-19 02:00:00+08:00,0.0,0.0,0.0,-10.7,3.05
2023-12-19 03:00:00+08:00,0.0,0.0,0.0,-10.88,2.95
2023-12-19 04:00:00+08:00,0.0,0.0,0.0,-11.03,2.8
2023-12-19 05:00:00+08:00,0.0,0.0,0.0,-11.07,2.63
2023-12-19 06:00:00+08:00,0.0,0.0,0.0,-10.91,2.36
2023-12-19 07:00:00+08:00,13.7,14.33,16.01,-10.83,2.17
2023-12-19 08:00:00+08:00,111.22,242.63,63.13,-10.0,2.88
2023-12-19 09:00:00+08:00,190.07,312.07,91.44,-7.09,4.16
2023-12-19 10:00:00+08:00,281.8,453.45,98.26,-4.66,6.64
2023-12-19 11:00:00+08:00,338.8,471.49,116.53,-3.91,8.14
2023-12-19 12:00:00+08:00,302.12,370.7,123.83,-4.08,8.03
2023-12-19 13:00:00+08:00,275.75,379.6,108.51,-4.29,7.86
2023-12-19 14:00:00+08:00,238.93,484.77,78.01,-4.76,7.84
2023-12-19 15:00:00+08:00,146.65,386.36,58.13,-5.79,7.77
2023-12-19 16:00:00+08:00,32.2,105.11,25.86,-7.77,6.58
2023-12-19 17:00:00+08:00,0.0,0.0,0.0,-10.55,5.43
2023-12-19 18:00:00+08:00,0.0,0.0,0.0,-12.17,4.9
2023-12-19 19:00:00+08:00,0.0,0.0,0.0,-13.07,4.57
2023-12-19 20:00:00+08:00,0.0,0.0,0.0,-13.65,4.38
2023-12-19 21:00:00+08:00,0.0,0.0,0.0,-14.13,4.23
2023-12-19 22:00:00+08:00,0.0,0.0,0.0,-14.6,4.16
2023-12-19 23:00:00+08:00,0.0,0.0,0.0,-15.34,4.49
2023-12-20 00:00:00+08:00,0.0,0.0,0.0,-15.97,4.82
2023-12-20 01:00:00+08:00,0.0,0.0,0.0,-16.45,4.76
2023-12-20 02:00:00+08:00,0.0,0.0,0.0,-16.94,4.72
2023-12-20 03:00:00+08:00,0.0,0.0,0.0,-17.44,4.75
2023-12-20 04:00:00+08:00,0.0,0.0,0.0,-17.9,4.72
2023-12-20 05:00:00+08:00,0.0,0.0,0.0,-17.84,4.57
2023-12-20 06:00:00+08:00,0.0,0.0,0.0,-17.51,4.23
2023-12-20 07:00:00+08:00,21.27,183.27,12.25,-17.9,3.96
2023-12-20 08:00:00+08:00,173.65,707.46,38.9,-16.87,3.81
2023-12-20 09:00:00+08:00,329.38,825.33,54.31,-12.59,4.89
2023-12-20 10:00:00+08:00,440.58,913.09,56.09,-10.33,5.99
2023-12-20 11:00:00+08:00,499.9,922.18,59.99,-9.42,6.38
2023-12-20 12:00:00+08:00,484.62,894.77,65.29,-8.8,6.48
2023-12-20 13:00:00+08:00,371.9,685.75,77.37,-8.41,6.37
2023-12-20 14:00:00+08:00,328.08,754.96,61.56,-8.33,6.11
2023-12-20 15:00:00+08:00,190.77,665.98,50.36,-8.8,5.54
2023-12-20 16:00:00+08:00,40.4,220.18,22.49,-10.86,4.92
2023-12-20 17:00:00+08:00,0.0,0.0,0.0,-13.55,4.38
2023-12-20 18:00:00+08:00,0.0,0.0,0.0,-14.28,3.79
2023-12-20 19:00:00+08:00,0.0,0.0,0.0,-14.28,3.06
2023-12-20 20:00:00+08:00,0.0,0.0,0.0,-14.33,2.61
2023-12-20 21:00:00+08:00,0.0,0.0,0.0,-15.03,3.04
2023-12-20 22:00:00+08:00,0.0,0.0,0.0,-15.94,3.78
2023-12-20 23:00:00+08:00,0.0,0.0,0.0,-17.08,4.95
2023-12-21 00:00:00+08:00,0.0,0.0,0.0,-17.45,5.48
2023-12-21 01:00:00+08:00,0.0,0.0,0.0,-17.79,4.97
2023-12-21 02:00:00+08:00,0.0,0.0,0.0,-18.56,4.63
2023-12-21 03:00:00+08:00,0.0,0.0,0.0,-19.38,4.67
2023-12-21 04:00:00+08:00,0.0,0.0,0.0,-20.15,4.88
2023-12-21 05:00:00+08:00,0.0,0.0,0.0,-20.5,4.96
2023-12-21 06:00:00+08:00,0.0,0.0,0.0,-20.6,4.97
2023-12-21 07:00:00+08:00,21.25,197.63,11.65,-20.5,4.91
2023-12-21 08:00:00+08:00,166.68,664.75,42.54,-18.35,5.45
2023-12-21 09:00:00+08:00,309.12,821.81,64.18,-13.85,6.39
2023-12-21 10:00:00+08:00,410.38,796.31,87.02,-11.92,6.52
2023-12-21 11:00:00+08:00,460.3,777.96,101.05,-10.79,6.57
2023-12-21 12:00:00+08:00,452.8,727.32,112.43,-9.88,6.62
2023-12-21 13:00:00+08:00,404.5,692.23,103.59,-9.12,6.57
2023-12-21 14:00:00+08:00,315.7,616.48,91.5,-8.65,6.28
2023-12-21 15:00:00+08:00,189.1,586.24,60.34,-8.71,5.51
2023-12-21 16:00:00+08:00,43.97,273.79,21.83,-10.49,4.46
2023-12-21 17:00:00+08:00,0.0,0.0,0.0,-12.53,3.06
2023-12-21 18:00:00+08:00,0.0,0.0,0.0,-12.78,2.4
2023-12-21 19:00:00+08:00,0.0,0.0,0.0,-12.84,2.0
2023-12-21 20:00:00+08:00,0.0,0.0,0.0,-13.05,1.96
2023-12-21 21:00:00+08:00,0.0,0.0,0.0,-13.5,2.22
2023-12-21 22:00:00+08:00,0.0,0.0,0.0,-13.94,2.5
2023-12-21 23:00:00+08:00,0.0,0.0,0.0,-14.51,2.99
2023-12-22 00:00:00+08:00,0.0,0.0,0.0,-14.91,3.23
2023-12-22 01:00:00+08:00,0.0,0.0,0.0,-14.89,2.83
2023-12-22 02:00:00+08:00,0.0,0.0,0.0,-14.79,2.07
2023-12-22 03:00:00+08:00,0.0,0.0,0.0,-14.75,1.4
2023-12-22 04:00:00+08:00,0.0,0.0,0.0,-14.78,0.94
2023-12-22 05:00:00+08:00,0.0,0.0,0.0,-14.83,0.93
2023-12-22 06:00:00+08:00,0.0,0.0,0.0,-14.63,1.0
2023-12-22 07:00:00+08:00,19.8,181.46,11.11,-14.37,0.92
2023-12-22 08:00:00+08:00,171.9,690.73,39.02,-12.93,0.69
2023-12-22 09:00:00+08:00,322.4,799.81,61.28,-9.39,0.31
2023-12-22 10:00:00+08:00,439.25,864.04,74.32,-4.95,1.19
2023-12-22 11:00:00+08:00,511.12,890.64,86.2,-3.48,2.15
2023-12-22 12:00:00+08:00,512.7,849.18,99.03,-2.65,2.39
2023-12-22 13:00:00+08:00,401.23,484.99,179.96,-2.14,2.43
2023-12-22 14:00:00+08:00,258.5,193.74,193.27,-1.99,2.18
2023-12-22 15:00:00+08:00,140.57,196.77,97.25,-2.4,1.73
2023-12-22 16:00:00+08:00,29.9,61.38,28.0,-3.95,1.61
2023-12-22 17:00:00+08:00,0.0,0.0,0.0,-5.52,1.5
2023-12-22 18:00:00+08:00,0.0,0.0,0.0,-5.56,1.09
2023-12-22 19:00:00+08:00,0.0,0.0,0.0,-5.5,0.92
2023-12-22 20:00:00+08:00,0.0,0.0,0.0,-5.73,1.17
2023-12-22 21:00:00+08:00,0.0,0.0,0.0,-6.38,1.56
2023-12-22 22:00:00+08:00,0.0,0.0,0.0,-7.45,1.89
2023-12-22 23:00:00+08:00,0.0,0.0,0.0,-8.58,2.27
2023-12-23 00:00:00+08:00,0.0,0.0,0.0,-9.57,2.6
2023-12-23 01:00:00+08:00,0.0,0.0,0.0,-10.25,2.78
2023-12-23 02:00:00+08:00,0.0,0.0,0.0,-10.75,2.89
2023-12-23 03:00:00+08:00,0.0,0.0,0.0,-11.2,2.99
2023-12-23 04:00:00+08:00,0.0,0.0,0.0,-11.54,3.1
2023-12-23 05:00:00+08:00,0.0,0.0,0.0,-11.69,3.09
2023-12-23 06:00:00+08:00,0.0,0.0,0.0,-11.68,2.85
2023-12-23 07:00:00+08:00,14.15,49.72,13.08,-11.49,2.49
2023-12-23 08:00:00+08:00,138.25,423.26,54.04,-10.23,2.17
2023-12-23 09:00:00+08:00,281.08,614.17,80.66,-7.67,1.54
2023-12-23 10:00:00+08:00,393.65,714.11,91.79,-4.66,2.2
2023-12-23 11:00:00+08:00,457.75,775.16,94.84,-2.61,3.2
2023-12-23 12:00:00+08:00,398.08,525.4,136.24,-1.88,3.7
2023-12-23 13:00:00+08:00,369.1,501.33,136.88,-1.8,4.14
2023-12-23 14:00:00+08:00,263.23,431.97,108.25,-2.26,4.31
2023-12-23 15:00:00+08:00,145.38,290.06,75.81,-3.47,4.13
2023-12-23 16:00:00+08:00,28.2,42.74,26.33,-6.19,3.99
2023-12-23 17:00:00+08:00,0.0,0.0,0.0,-9.1,3.65
2023-12-23 18:00:00+08:00,0.0,0.0,0.0,-10.22,3.59
2023-12-23 19:00:00+08:00,0.0,0.0,0.0,-10.77,3.28
2023-12-23 20:00:00+08:00,0.0,0.0,0.0,-10.96,2.79
2023-12-23 21:00:00+08:00,0.0,0.0,0.0,-10.91,2.32
2023-12-23 22:00:00+08:00,0.0,0.0,0.0,-10.78,1.89
2023-12-23 23:00:00+08:00,0.0,0.0,0.0,-10.8,1.58
2023-12-24 00:00:00+08:00,0.0,0.0,0.0,-11.2,1.55
2023-12-24 01:00:00+08:00,0.0,0.0,0.0,-11.63,1.82
2023-12-24 02:00:00+08:00,0.0,0.0,0.0,-12.0,2.15
2023-12-24 03:00:00+08:00,0.0,0.0,0.0,-12.58,2.36
2023-12-24 04:00:00+08:00,0.0,0.0,0.0,-12.99,2.37
2023-12-24 05:00:00+08:00,0.0,0.0,0.0,-13.13,2.19
2023-12-24 06:00:00+08:00,0.0,0.0,0.0,-13.1,1.82
2023-12-24 07:00:00+08:00,16.88,131.71,11.26,-13.01,1.48
2023-12-24 08:00:00+08:00,155.9,601.78,41.92,-11.44,1.27
2023-12-24 09:00:00+08:00,311.1,793.96,60.88,-8.65,1.07
2023-12-24 10:00:00+08:00,429.23,834.0,79.41,-5.01,1.49
2023-12-24 11:00:00+08:00,495.4,878.27,87.36,-1.91,3.04
2023-12-24 12:00:00+08:00,479.6,784.88,108.32,-0.93,3.73
2023-12-24 13:00:00+08:00,433.7,730.11,108.07,-0.42,4.1
2023-12-24 14:00:00+08:00,317.62,703.46,72.78,-0.4,4.05
2023-12-24 15:00:00+08:00,181.07,566.31,54.1,-1.16,3.63
2023-12-24 16:00:00+08:00,38.53,208.33,24.89,-3.98,2.77
2023-12-24 17:00:00+08:00,0.0,0.0,0.0,-6.45,2.81
2023-12-24 18:00:00+08:00,0.0,0.0,0.0,-7.15,2.66
2023-12-24 19:00:00+08:00,0.0,0.0,0.0,-7.45,2.48
2023-12-24 20:00:00+08:00,0.0,0.0,0.0,-7.64,2.35
2023-12-24 21:00:00+08:00,0.0,0.0,0.0,-7.78,2.3
2023-12-24 22:00:00+08:00,0.0,0.0,0.0,-7.88,2.32
2023-12-24 23:00:00+08:00,0.0,0.0,0.0,-8.03,2.36
2023-12-25 00:00:00+08:00,0.0,0.0,0.0,-8.24,2.39
2023-12-25 01:00:00+08:00,0.0,0.0,0.0,-8.42,2.37
2023-12-25 02:00:00+08:00,0.0,0.0,0.0,-8.59,2.3
2023-12-25 03:00:00+08:00,0.0,0.0,0.0,-8.79,2.19
2023-12-25 04:00:00+08:00,0.0,0.0,0.0,-8.95,2.02
2023-12-25 05:00:00+08:00,0.0,0.0,0.0,-9.18,1.79
2023-12-25 06:00:00+08:00,0.0,0.0,0.0,-9.14,1.66
2023-12-25 07:00:00+08:00,15.68,120.42,11.14,-9.2,1.77
2023-12-25 08:00:00+08:00,155.0,591.18,43.46,-7.57,2.31
2023-12-25 09:00:00+08:00,305.77,748.09,66.2,-4.23,3.02
2023-12-25 10:00:00+08:00,422.48,821.33,83.16,-1.22,3.52
2023-12-25 11:00:00+08:00,489.23,846.13,94.52,1.56,4.1
2023-12-25 12:00:00+08:00,460.33,694.89,126.39,2.63,4.32
2023-12-25 13:00:00+08:00,413.73,676.13,113.59,3.15,4.5
2023-12-25 14:00:00+08:00,318.45,650.09,89.46,3.21,4.58
2023-12-25 15:00:00+08:00,190.23,557.65,58.65,2.49,3.73
2023-12-25 16:00:00+08:00,40.28,182.24,24.64,-0.76,3.4
2023-12-25 17:00:00+08:00,0.0,0.0,0.0,-3.25,3.94
2023-12-25 18:00:00+08:00,0.0,0.0,0.0,-3.65,4.34
2023-12-25 19:00:00+08:00,0.0,0.0,0.0,-3.46,4.98
2023-12-25 20:00:00+08:00,0.0,0.0,0.0,-3.22,5.77
2023-12-25 21:00:00+08:00,0.0,0.0,0.0,-3.24,6.29
2023-12-25 22:00:00+08:00,0.0,0.0,0.0,-3.43,6.44
2023-12-25 23:00:00+08:00,0.0,0.0,0.0,-3.69,6.41
2023-12-26 00:00:00+08:00,0.0,0.0,0.0,-4.0,6.24
2023-12-26 01:00:00+08:00,0.0,0.0,0.0,-4.3,6.03
2023-12-26 02:00:00+08:00,0.0,0.0,0.0,-4.66,5.7
2023-12-26 03:00:00+08:00,0.0,0.0,0.0,-5.13,5.2
2023-12-26 04:00:00+08:00,0.0,0.0,0.0,-5.65,4.68
2023-12-26 05:00:00+08:00,0.0,0.0,0.0,-6.12,3.97
2023-12-26 06:00:00+08:00,0.0,0.0,0.0,-6.49,3.44
2023-12-26 07:00:00+08:00,9.2,2.71,10.11,-6.31,3.02
2023-12-26 08:00:00+08:00,89.25,107.96,65.7,-4.25,2.61
2023-12-26 09:00:00+08:00,204.6,249.01,117.98,-1.7,1.68
2023-12-26 10:00:00+08:00,281.3,317.66,138.19,0.49,0.88
2023-12-26 11:00:00+08:00,332.17,355.69,151.94,1.94,1.36
2023-12-26 12:00:00+08:00,291.73,238.55,167.25,3.15,1.74
2023-12-26 13:00:00+08:00,289.2,241.2,164.84,3.92,2.04
2023-12-26 14:00:00+08:00,206.82,173.9,133.92,4.02,2.32
2023-12-26 15:00:00+08:00,102.9,89.32,74.81,2.48,2.56
2023-12-26 16:00:00+08:00,21.8,6.6,24.08,-0.06,3.52
2023-12-26 17:00:00+08:00,0.0,0.0,0.0,-1.42,4.12
2023-12-26 18:00:00+08:00,0.0,0.0,0.0,-1.74,4.46
2023-12-26 19:00:00+08:00,0.0,0.0,0.0,-2.11,4.75
2023-12-26 20:00:00+08:00,0.0,0.0,0.0,-2.71,4.75
2023-12-26 21:00:00+08:00,0.0,0.0,0.0,-3.31,4.7
2023-12-26 22:00:00+08:00,0.0,0.0,0.0,-3.8,4.67
2023-12-26 23:00:00+08:00,0.0,0.0,0.0,-4.09,4.61
2023-12-27 00:00:00+08:00,0.0,0.0,0.0,-4.26,4.39
2023-12-27 01:00:00+08:00,0.0,0.0,0.0,-4.33,4.12
2023-12-27 02:00:00+08:00,0.0,0.0,0.0,-4.34,3.89
2023-12-27 03:00:00+08:00,0.0,0.0,0.0,-4.41,3.72
2023-12-27 04:00:00+08:00,0.0,0.0,0.0,-4.55,3.48
2023-12-27 05:00:00+08:00,0.0,0.0,0.0,-4.62,3.14
2023-12-27 06:00:00+08:00,0.0,0.0,0.0,-4.86,2.74
2023-12-27 07:00:00+08:00,8.77,1.65,10.29,-5.04,2.5
2023-12-27 08:00:00+08:00,82.68,63.06,66.21,-4.06,2.33
2023-12-27 09:00:00+08:00,197.48,157.75,135.96,-2.02,2.0
2023-12-27 10:00:00+08:00,299.58,209.95,201.61,0.29,1.34
2023-12-27 11:00:00+08:00,306.35,183.5,202.05,2.21,0.74
2023-12-27 12:00:00+08:00,267.42,76.6,208.79,3.83,0.37
2023-12-27 13:00:00+08:00,239.57,84.38,183.06,4.3,0.27
2023-12-27 14:00:00+08:00,172.1,73.1,126.49,4.21,0.24
2023-12-27 15:00:00+08:00,88.18,30.54,73.49,3.38,0.49
2023-12-27 16:00:00+08:00,19.95,1.68,20.25,1.18,1.29
2023-12-27 17:00:00+08:00,0.0,0.0,0.0,-0.69,1.81
2023-12-27 18:00:00+08:00,0.0,0.0,0.0,-1.44,1.95
2023-12-27 19:00:00+08:00,0.0,0.0,0.0,-1.72,1.78
2023-12-27 20:00:00+08:00,0.0,0.0,0.0,-1.58,1.4
2023-12-27 21:00:00+08:00,0.0,0.0,0.0,-1.35,0.9
2023-12-27 22:00:00+08:00,0.0,0.0,0.0,-1.2,0.3
2023-12-27 23:00:00+08:00,0.0,0.0,0.0,-1.49,0.4
2023-12-28 00:00:00+08:00,0.0,0.0,0.0,-2.41,1.13
2023-12-28 01:00:00+08:00,0.0,0.0,0.0,-3.59,1.74
2023-12-28 02:00:00+08:00,0.0,0.0,0.0,-4.62,2.09
2023-12-28 03:00:00+08:00,0.0,0.0,0.0,-5.31,2.28
2023-12-28 04:00:00+08:00,0.0,0.0,0.0,-5.15,2.18
2023-12-28 05:00:00+08:00,0.0,0.0,0.0,-5.04,2.26
2023-12-28 06:00:00+08:00,0.0,0.0,0.0,-5.11,1.58
2023-12-28 07:00:00+08:00,6.75,0.46,9.38,-5.1,1.52
2023-12-28 08:00:00+08:00,63.7,32.43,54.44,-4.14,1.46
2023-12-28 09:00:00+08:00,150.93,77.36,119.75,-2.39,1.16
2023-12-28 10:00:00+08:00,234.32,117.48,173.08,0.12,1.03
2023-12-28 11:00:00+08:00,289.45,122.1,211.33,2.28,1.39
2023-12-28 12:00:00+08:00,226.18,54.19,178.47,4.03,1.71
2023-12-28 13:00:00+08:00,258.67,158.77,172.65,4.58,1.75
2023-12-28 14:00:00+08:00,191.4,127.36,133.87,4.58,1.69
2023-12-28 15:00:00+08:00,100.65,66.27,78.42,3.45,1.33
2023-12-28 16:00:00+08:00,22.88,5.64,21.83,1.24,1.81
2023-12-28 17:00:00+08:00,0.0,0.0,0.0,-0.46,2.14
2023-12-28 18:00:00+08:00,0.0,0.0,0.0,-1.38,2.36
2023-12-28 19:00:00+08:00,0.0,0.0,0.0,-1.9,2.48
2023-12-28 20:00:00+08:00,0.0,0.0,0.0,-2.18,2.52
2023-12-28 21:00:00+08:00,0.0,0.0,0.0,-2.35,2.58
2023-12-28 22:00:00+08:00,0.0,0.0,0.0,-2.42,2.67
2023-12-28 23:00:00+08:00,0.0,0.0,0.0,-2.36,2.59
2023-12-29 00:00:00+08:00,0.0,0.0,0.0,-2.4,2.51
2023-12-29 01:00:00+08:00,0.0,0.0,0.0,-2.48,2.51
2023-12-29 02:00:00+08:00,0.0,0.0,0.0,-1.91,2.4
2023-12-29 03:00:00+08:00,0.0,0.0,0.0,-1.7,2.41
2023-12-29 04:00:00+08:00,0.0,0.0,0.0,-2.05,2.57
2023-12-29 05:00:00+08:00,0.0,0.0,0.0,-2.13,2.78
2023-12-29 06:00:00+08:00,0.0,0.0,0.0,-2.01,3.14
2023-12-29 07:00:00+08:00,4.47,0.0,5.69,-2.04,3.31
2023-12-29 08:00:00+08:00,26.1,2.93,23.22,-0.93,3.8
2023-12-29 09:00:00+08:00,57.12,8.0,49.93,0.8,4.13
2023-12-29 10:00:00+08:00,98.57,7.04,84.83,2.32,4.5
2023-12-29 11:00:00+08:00,128.95,11.2,109.25,3.2,4.9
2023-12-29 12:00:00+08:00,108.03,11.66,90.21,3.51,4.95
2023-12-29 13:00:00+08:00,50.55,4.51,42.88,3.26,4.58
2023-12-29 14:00:00+08:00,36.25,2.76,31.83,2.76,3.91
2023-12-29 15:00:00+08:00,20.33,0.9,18.31,1.96,2.94
2023-12-29 16:00:00+08:00,5.12,0.0,5.0,0.59,2.34
2023-12-29 17:00:00+08:00,0.0,0.0,0.0,-0.1,2.47
2023-12-29 18:00:00+08:00,0.0,0.0,0.0,-0.06,3.18
2023-12-29 19:00:00+08:00,0.0,0.0,0.0,0.13,3.84
2023-12-29 20:00:00+08:00,0.0,0.0,0.0,0.18,4.15
2023-12-29 21:00:00+08:00,0.0,0.0,0.0,0.14,4.23
2023-12-29 22:00:00+08:00,0.0,0.0,0.0,0.1,4.3
2023-12-29 23:00:00+08:00,0.0,0.0,0.0,0.08,4.54
2023-12-30 00:00:00+08:00,0.0,0.0,0.0,-0.06,4.51
2023-12-30 01:00:00+08:00,0.0,0.0,0.0,-0.19,4.23
2023-12-30 02:00:00+08:00,0.0,0.0,0.0,-0.28,3.96
2023-12-30 03:00:00+08:00,0.0,0.0,0.0,-0.44,3.55
2023-12-30 04:00:00+08:00,0.0,0.0,0.0,-0.68,3.03
2023-12-30 05:00:00+08:00,0.0,0.0,0.0,-0.82,2.7
2023-12-30 06:00:00+08:00,0.0,0.0,0.0,-0.74,2.74
2023-12-30 07:00:00+08:00,4.57,0.0,6.27,-0.67,2.71
2023-12-30 08:00:00+08:00,31.75,3.13,30.02,0.03,3.21
2023-12-30 09:00:00+08:00,58.05,7.78,50.84,0.74,3.38
2023-12-30 10:00:00+08:00,75.05,10.11,63.2,1.42,3.21
2023-12-30 11:00:00+08:00,78.82,6.31,66.3,2.0,3.57
2023-12-30 12:00:00+08:00,37.08,1.34,32.24,2.58,4.02
2023-12-30 13:00:00+08:00,31.23,2.15,26.9,3.45,4.36
2023-12-30 14:00:00+08:00,21.2,2.73,18.29,3.82,4.57
2023-12-30 15:00:00+08:00,18.1,1.82,16.66,3.13,3.74
2023-12-30 16:00:00+08:00,6.18,0.0,6.34,-0.07,2.97
2023-12-30 17:00:00+08:00,0.0,0.0,0.0,-1.91,3.12
2023-12-30 18:00:00+08:00,0.0,0.0,0.0,-2.07,2.79
2023-12-30 19:00:00+08:00,0.0,0.0,0.0,-1.97,2.36
2023-12-30 20:00:00+08:00,0.0,0.0,0.0,-1.92,2.06
2023-12-30 21:00:00+08:00,0.0,0.0,0.0,-2.12,2.08
2023-12-30 22:00:00+08:00,0.0,0.0,0.0,-2.43,2.35
2023-12-30 23:00:00+08:00,0.0,0.0,0.0,-2.62,2.63
2023-12-31 00:00:00+08:00,0.0,0.0,0.0,-2.75,2.82
2023-12-31 01:00:00+08:00,0.0,0.0,0.0,-2.85,3.24
2023-12-31 02:00:00+08:00,0.0,0.0,0.0,-2.91,4.28
2023-12-31 03:00:00+08:00,0.0,0.0,0.0,-3.1,5.15
2023-12-31 04:00:00+08:00,0.0,0.0,0.0,-3.45,5.24
2023-12-31 05:00:00+08:00,0.0,0.0,0.0,-4.08,4.58
2023-12-31 06:00:00+08:00,0.0,0.0,0.0,-4.76,4.03
2023-12-31 07:00:00+08:00,10.75,16.6,13.03,-5.23,3.85
2023-12-31 08:00:00+08:00,122.6,343.22,61.06,-3.8,4.62
2023-12-31 09:00:00+08:00,262.65,510.24,101.51,-1.89,4.98
2023-12-31 10:00:00+08:00,382.15,607.64,124.66,0.25,4.64
2023-12-31 11:00:00+08:00,455.33,673.92,128.45,2.44,4.8
2023-12-31 12:00:00+08:00,434.17,571.36,148.9,3.09,5.16
2023-12-31 13:00:00+08:00,391.52,594.16,125.82,3.12,5.49
2023-12-31 14:00:00+08:00,301.85,533.4,110.34,2.59,5.73
2023-12-31 15:00:00+08:00,186.55,485.89,73.51,1.55,5.54
2023-12-31 16:00:00+08:00,45.92,178.96,31.07,-0.86,4.1
2023-12-31 17:00:00+08:00,0.0,0.0,0.0,-2.81,3.92
2023-12-31 18:00:00+08:00,0.0,0.0,0.0,-3.1,4.32
2023-12-31 19:00:00+08:00,0.0,0.0,0.0,-3.51,4.44
2023-12-31 20:00:00+08:00,0.0,0.0,0.0,-3.92,4.25
2023-12-31 21:00:00+08:00,0.0,0.0,0.0,-4.21,3.95
2023-12-31 22:00:00+08:00,0.0,0.0,0.0,-4.66,3.29
2023-12-31 23:00:00+08:00,0.0,0.0,0.0,-5.35,2.78
