scenario_id,location,timezone,weather_year,random_seed,pv_capacity_kwp,wind_capacity_kw,annual_load_kwh,peak_load_kw,reliability_target_load_served,round_trip_efficiency,usable_soc_window_fraction,feasible,optimal_n_modules,optimal_capacity_kwh,reference_lpsp,reference_annualized_cost,infeasibility_reason,mechanistic_optimization_runtime_seconds,annual_pv_kwh,annual_wind_kwh,annual_renewable_kwh
0,jinan,Asia/Shanghai,2023,4200126,33.2186814566789,13.777568795041047,44343.9167964553,15.460520435890459,0.9908475961309888,0.967806011647308,0.8522279403980706,False,,,,,"No feasible battery size was found within the tested range for the selected fixed PV and wind capacities. Battery-range inadequacy: annual renewable production is sufficient overall, but no module count within the tested range (0..n_max) achieved the reliability target. Consider increasing candidate_module_counts.max and re-running.",0.991038195000101,42675.487172188514,10365.444515783429,53040.93168797194
1,jinan,Asia/Shanghai,2023,4200127,33.58192915830861,7.5622726535109175,28015.437515822687,10.561970363488719,0.9983408848996375,0.9379478608072598,0.864552322654166,True,21.0,322.56,0.0013221343493388107,22975.14763547173,,0.9881873000001633,43142.145448539486,5689.415801096003,48831.56124963549
2,jinan,Asia/Shanghai,2023,4200128,20.63577904389605,24.413960487898066,45724.84485288791,16.67575245610643,0.9917517483706677,0.9220048903354331,0.7087607531574457,False,,,,,"No feasible battery size was found within the tested range for the selected fixed PV and wind capacities. Renewable-generation inadequacy: annual PV+wind production (44878 kWh) is less than annual load (45725 kWh). No finite battery can close this gap -- storage shifts energy in time, it does not create it. Increasing PV/wind capacity (a scenario input, not a battery decision variable in this optimization) would be required.",0.9831885749999856,26510.441873629574,18367.649373590546,44878.091247220116
3,jinan,Asia/Shanghai,2023,4200129,14.628684762026435,18.660979064849094,39790.48623631269,19.51264598651315,0.9929324282232433,0.9133413735431382,0.7939111622551616,False,,,,,"No feasible battery size was found within the tested range for the selected fixed PV and wind capacities. Renewable-generation inadequacy: annual PV+wind production (32833 kWh) is less than annual load (39790 kWh). No finite battery can close this gap -- storage shifts energy in time, it does not create it. Increasing PV/wind capacity (a scenario input, not a battery decision variable in this optimization) would be required.",1.0131378730000051,18793.227832416887,14039.439467470515,32832.6672998874
4,jinan,Asia/Shanghai,2023,4200130,15.684140772528572,7.598430106709433,29028.19704903735,8.403640235763262,0.9960283259521426,0.9193436726985098,0.8665356392115675,False,,,,,"No feasible battery size was found within the tested range for the selected fixed PV and wind capacities. Renewable-generation inadequacy: annual PV+wind production (25866 kWh) is less than annual load (29028 kWh). No finite battery can close this gap -- storage shifts energy in time, it does not create it. Increasing PV/wind capacity (a scenario input, not a battery decision variable in this optimization) would be required.",0.9834266699999716,20149.154601988812,5716.618573989877,25865.77317597869
5,jinan,Asia/Shanghai,2023,4200131,31.007953060067475,11.247332827640822,43290.39205580804,17.071465362452027,0.9934873054112716,0.905949529353722,0.8364991007949951,False,,,,,"No feasible battery size was found within the tested range for the selected fixed PV and wind capacities. Battery-range inadequacy: annual renewable production is sufficient overall, but no module count within the tested range (0..n_max) achieved the reliability target. Consider increasing candidate_module_counts.max and re-running.",0.9775312119998034,39835.40119665636,8461.841570874418,48297.242767530784
6,jinan,Asia/Shanghai,2023,4200132,14.192574508279295,8.998164049502167,10294.490790040221,16.803865662532075,0.9959836577093283,0.9434648840763702,0.8561458062043936,True,4.0,61.44,0.0020779953707884616,4376.21859723271,,1.0439845470000364,18232.964248092598,6769.697294678177,25002.661542770773
7,jinan,Asia/Shanghai,2023,4200133,23.767473266150198,16.374823919057874,15591.879925106297,6.717951103039601,0.9960156266561142,0.922398658552882,0.8130472212962377,True,5.0,76.8,0.0025871822565201245,5470.273246540887,,1.018778273999942,30533.677316713452,12319.468791170864,42853.14610788431
8,jinan,Asia/Shanghai,2023,4200134,32.94996572248077,17.694366400011816,32143.176026319834,13.388107411181203,0.9927355508825635,0.8827736051111146,0.7873434778464725,True,16.0,245.76,0.006941658260161611,17504.87438893084,,0.9761790439999913,42330.27254099695,13312.216102109373,55642.48864310632
9,jinan,Asia/Shanghai,2023,4200135,29.85749544180685,16.140643046825566,41355.92836425654,14.964703104910813,0.9936574817529606,0.9532618346199431,0.7333945839815408,False,,,,,"No feasible battery size was found within the tested range for the selected fixed PV and wind capacities. Battery-range inadequacy: annual renewable production is sufficient overall, but no module count within the tested range (0..n_max) achieved the reliability target. Consider increasing candidate_module_counts.max and re-running.",0.9873432910001156,38357.42744281381,12143.284670888668,50500.71211370248
10,jinan,Asia/Shanghai,2023,4200136,10.681362194015815,6.800957215512835,38894.37402385801,11.928158453770811,0.9914514460113024,0.9250940297593027,0.7304624205426337,False,,,,,"No feasible battery size was found within the tested range for the selected fixed PV and wind capacities. Renewable-generation inadequacy: annual PV+wind production (18839 kWh) is less than annual load (38894 kWh). No finite battery can close this gap -- storage shifts energy in time, it does not create it. Increasing PV/wind capacity (a scenario input, not a battery decision variable in this optimization) would be required.",0.990134209000189,13722.168228943126,5116.646174685657,18838.814403628785
11,jinan,Asia/Shanghai,2023,4200137,30.88961125233208,13.923125511480613,25240.8490438593,9.522681337218149,0.99567254333807,0.9125631349498051,0.7175299838632202,True,11.0,168.95999999999998,0.004036418493862061,12034.601142389953,,1.0324829959999988,39683.36944595212,10474.95295595881,50158.32240191093
12,jinan,Asia/Shanghai,2023,4200138,13.54017706361546,24.23795329099029,46343.22762830428,15.495607007161244,0.9923928296531357,0.9672258739612951,0.8557501807931589,False,,,,,"No feasible battery size was found within the tested range for the selected fixed PV and wind capacities. Renewable-generation inadequacy: annual PV+wind production (35630 kWh) is less than annual load (46343 kWh). No finite battery can close this gap -- storage shifts energy in time, it does not create it. Increasing PV/wind capacity (a scenario input, not a battery decision variable in this optimization) would be required.",0.9848420719999922,17394.840109504235,18235.231756152647,35630.07186565688
13,jinan,Asia/Shanghai,2023,4200139,31.50670567476987,13.987230042875773,20889.662473806362,6.445864432302489,0.9981234215688946,0.921019866085025,0.7404726729590461,True,11.0,168.95999999999998,0.0015142301268134095,12034.601142389953,,0.9919069099998978,40476.14037947387,10523.181491288351,50999.32187076222
14,jinan,Asia/Shanghai,2023,4200140,19.178698724519577,16.58439137883792,17070.91131756927,17.849214261385633,0.9968266757685169,0.9447516660355842,0.7864186079550207,True,8.0,122.88,0.0027181851322054754,8752.43719446542,,1.0015229569999065,24638.555039123778,12477.135205977345,37115.69024510113
15,jinan,Asia/Shanghai,2023,4200141,19.89583636998356,7.890483777320938,14136.118708902066,13.81466858266568,0.9915353367168319,0.9632608106539118,0.816212227940079,True,4.0,61.44,0.006832281419294546,4376.21859723271,,1.0030243520000113,25559.849836137415,5936.342834734927,31496.19267087234
16,jinan,Asia/Shanghai,2023,4200142,20.406094136045112,16.818309829628333,10912.1548411879,19.37838819862168,0.9943407309324861,0.9504461704525258,0.7165459999844876,True,3.0,46.08,0.002277212633412139,3282.1639479245327,,0.9839216039999883,26215.36949541309,12653.121895570848,38868.49139098394
17,jinan,Asia/Shanghai,2023,4200143,24.59974992514481,14.814139887090418,47513.058198999315,13.57592078564113,0.9942614046095126,0.9040278096782705,0.7663137994685104,False,,,,,"No feasible battery size was found within the tested range for the selected fixed PV and wind capacities. Renewable-generation inadequacy: annual PV+wind production (42748 kWh) is less than annual load (47513 kWh). No finite battery can close this gap -- storage shifts energy in time, it does not create it. Increasing PV/wind capacity (a scenario input, not a battery decision variable in this optimization) would be required.",0.9978080160001355,31602.88928802411,11145.300548523406,42748.18983654752
18,jinan,Asia/Shanghai,2023,4200144,25.620172074146133,13.778229206100933,10864.483195213217,17.394378862915367,0.9980654469465579,0.892622418009875,0.8108072287078099,True,3.0,46.08,0.0009839643699324663,3282.1639479245327,,1.0464878519999274,32913.80863883319,10365.941370801953,43279.75000963514
19,jinan,Asia/Shanghai,2023,4200145,13.257272234063306,18.444801860796233,21249.351353560334,14.891339520378526,0.996542951528582,0.9491782742725892,0.7215481891911792,False,,,,,"No feasible battery size was found within the tested range for the selected fixed PV and wind capacities. Battery-range inadequacy: annual renewable production is sufficient overall, but no module count within the tested range (0..n_max) achieved the reliability target. Consider increasing candidate_module_counts.max and re-running.",0.9941840610001691,17031.396983676143,13876.800264028927,30908.19724770507
20,jinan,Asia/Shanghai,2023,4200146,37.480355354128235,9.604279817897616,11496.50224704719,13.32278704087225,0.9933383005547619,0.9546810768819172,0.8616502944128603,True,2.0,30.72,0.002333809579373182,2188.109298616355,,1.007089251999787,48150.38869649581,7225.703681647247,55376.092378143054
21,jinan,Asia/Shanghai,2023,4200147,19.51416678468146,24.0579879013949,21636.713525604744,12.725856938475719,0.9923036858151084,0.9642439213044067,0.7329215635164036,True,9.0,138.24,0.007320384680039695,9846.491843773598,,1.0086049319997983,25069.525272448285,18099.836223866587,43169.36149631487
22,jinan,Asia/Shanghai,2023,4200148,11.34731858176987,13.701941200060759,49695.022562233484,18.37515899382371,0.9967374721751125,0.9601713241790673,0.8786893279395727,False,,,,,"No feasible battery size was found within the tested range for the selected fixed PV and wind capacities. Renewable-generation inadequacy: annual PV+wind production (24886 kWh) is less than annual load (49695 kWh). No finite battery can close this gap -- storage shifts energy in time, it does not create it. Increasing PV/wind capacity (a scenario input, not a battery decision variable in this optimization) would be required.",1.0084450780000225,14577.71131604302,10308.546695036384,24886.258011079404
23,jinan,Asia/Shanghai,2023,4200149,25.56575081159347,11.31858103661586,40880.49728443952,14.924918947516415,0.9933629195598633,0.8885020001255364,0.8493579222698052,False,,,,,"No feasible battery size was found within the tested range for the selected fixed PV and wind capacities. Battery-range inadequacy: annual renewable production is sufficient overall, but no module count within the tested range (0..n_max) achieved the reliability target. Consider increasing candidate_module_counts.max and re-running.",1.003765444999999,32843.894548624965,8515.444595324241,41359.339143949204
24,jinan,Asia/Shanghai,2023,4200150,17.87381547768594,23.736263010675586,19638.823000227392,6.841368986172291,0.9974800140491241,0.8937955884962044,0.7358536616315478,True,16.0,245.76,0.002297425009256645,17504.87438893084,,0.9839054860001397,22962.193250529777,17857.78905620535,40819.982306735124
25,jinan,Asia/Shanghai,2023,4200151,27.981483745625304,22.49124081674929,17857.386628582928,9.654855093501421,0.9969966435441706,0.967464378345487,0.8001482372404685,True,5.0,76.8,0.0027423881732338844,5470.273246540887,,0.9977258059998348,35947.34644126416,16921.106491665592,52868.45293292975
26,jinan,Asia/Shanghai,2023,4200152,14.316925076537522,5.2787257541640304,19186.24119995421,6.977333266797816,0.9960989280625158,0.8909649254165678,0.8012659863241266,False,,,,,"No feasible battery size was found within the tested range for the selected fixed PV and wind capacities. Battery-range inadequacy: annual renewable production is sufficient overall, but no module count within the tested range (0..n_max) achieved the reliability target. Consider increasing candidate_module_counts.max and re-running.",0.9904118430001745,18392.71535343008,3971.407418304332,22364.122771734415
27,jinan,Asia/Shanghai,2023,4200153,30.827873069286593,16.62233218441805,17991.026066402304,17.061867892733943,0.9964386641665423,0.9465085603523987,0.7262115503114626,True,6.0,92.16,0.0022541588878331196,6564.3278958490655,,0.9971032179998929,39604.05542977036,12505.67966987917,52109.73509964952
28,jinan,Asia/Shanghai,2023,4200154,13.712614109510337,23.551251020130152,25903.127752997625,9.514230376714096,0.9943972564081638,0.9396577791487224,0.891124651409394,False,,,,,"No feasible battery size was found within the tested range for the selected fixed PV and wind capacities. Battery-range inadequacy: annual renewable production is sufficient overall, but no module count within the tested range (0..n_max) achieved the reliability target. Consider increasing candidate_module_counts.max and re-running.",0.9741562760000306,17616.367112305168,17718.596753754748,35334.963866059916
29,jinan,Asia/Shanghai,2023,4200155,18.593386806461652,23.496168586240543,10994.379655450253,13.32797063490237,0.9957057760051298,0.8895307663375678,0.7280679194127825,True,3.0,46.08,0.0023952333906034837,3282.1639479245327,,0.9949843570000212,23886.614559987513,17677.155921865557,41563.77048185307
30,jinan,Asia/Shanghai,2023,4200156,22.573429579489115,24.324638242863635,33841.70212937491,18.995348324003167,0.9972392482405167,0.9220643441399762,0.8569526898504375,False,,,,,"No feasible battery size was found within the tested range for the selected fixed PV and wind capacities. Battery-range inadequacy: annual renewable production is sufficient overall, but no module count within the tested range (0..n_max) achieved the reliability target. Consider increasing candidate_module_counts.max and re-running.",0.9853206509999382,28999.709266247904,18300.44849158422,47300.15775783212
31,jinan,Asia/Shanghai,2023,4200157,10.535103519309633,7.182879935314698,43177.14459530945,16.952256324877425,0.9920937666776979,0.9277692631539148,0.8212031641400022,False,,,,,"No feasible battery size was found within the tested range for the selected fixed PV and wind capacities. Renewable-generation inadequacy: annual PV+wind production (18938 kWh) is less than annual load (43177 kWh). No finite battery can close this gap -- storage shifts energy in time, it does not create it. Increasing PV/wind capacity (a scenario input, not a battery decision variable in this optimization) would be required.",1.0225455319998673,13534.272143892764,5403.982701203181,18938.254845095944
32,jinan,Asia/Shanghai,2023,4200158,36.032168613280334,17.062143146774513,26502.862770947213,10.612760651107742,0.9938329387773616,0.9386737923021977,0.873498126350465,True,8.0,122.88,0.004969883813931557,8752.43719446542,,0.9726854870000352,46289.927294300025,12836.567956162311,59126.495250462336
33,jinan,Asia/Shanghai,2023,4200159,23.616906462288995,9.956791259027163,19466.494519903245,16.190214203651696,0.9973491188708152,0.8894750271868712,0.7133117713910356,True,13.0,199.68,0.0025265371626003934,14222.710441006306,,0.9961368829999628,30340.24664984259,7490.912866124144,37831.159515966734
34,jinan,Asia/Shanghai,2023,4200160,18.541602470138066,8.072267903841173,14619.602546614198,5.317220245046601,0.9904985586824784,0.8957177323842267,0.7106763865254351,True,5.0,76.8,0.008156465793229727,5470.273246540887,,0.9730413940001199,23820.088085016512,6073.106679309149,29893.19476432566
35,jinan,Asia/Shanghai,2023,4200161,27.734314483329136,18.61429053599013,25745.218273281127,9.769866454280741,0.9945407361332,0.9587504448011147,0.8702263253644412,True,10.0,153.6,0.004889154063471021,10940.546493081774,,0.9951019039999665,35629.81220390332,14004.313723399806,49634.125927303125
36,jinan,Asia/Shanghai,2023,4200162,11.304251860383758,8.629968191930482,19469.79484417584,8.740813637483178,0.995141093865685,0.9174636183132873,0.7098508239855188,False,,,,,"No feasible battery size was found within the tested range for the selected fixed PV and wind capacities. Battery-range inadequacy: annual renewable production is sufficient overall, but no module count within the tested range (0..n_max) achieved the reliability target. Consider increasing candidate_module_counts.max and re-running.",0.9831455779999487,14522.384215885297,6492.688063994874,21015.072279880173
37,jinan,Asia/Shanghai,2023,4200163,21.20842415378715,15.475058974352745,14066.87611614864,17.501878306828395,0.9904676567981859,0.9632357682116256,0.7198226283159751,True,4.0,61.44,0.00544588360425099,4376.21859723271,,0.9909873120000157,27246.109515141594,11642.537777409943,38888.64729255154
38,jinan,Asia/Shanghai,2023,4200164,35.30724854793259,23.053062878552343,49182.827223463704,17.030388204103904,0.997015297866942,0.9378234948395993,0.8557992709156258,False,,,,,"No feasible battery size was found within the tested range for the selected fixed PV and wind capacities. Battery-range inadequacy: annual renewable production is sufficient overall, but no module count within the tested range (0..n_max) achieved the reliability target. Consider increasing candidate_module_counts.max and re-running.",0.9907981799999561,45358.63455199312,17343.788860085966,62702.423412079086
39,jinan,Asia/Shanghai,2023,4200165,14.036566252394412,15.721360718952745,30568.91480761658,17.863582161838366,0.9941651942903417,0.9146580546490318,0.827912654247422,False,,,,,"No feasible battery size was found within the tested range for the selected fixed PV and wind capacities. Renewable-generation inadequacy: annual PV+wind production (29860 kWh) is less than annual load (30569 kWh). No finite battery can close this gap -- storage shifts energy in time, it does not create it. Increasing PV/wind capacity (a scenario input, not a battery decision variable in this optimization) would be required.",1.0028365409998514,18032.543038375006,11827.840939801765,29860.38397817677
40,jinan,Asia/Shanghai,2023,4200166,17.993899525025384,7.795368219079137,29115.09096094983,11.253340528923275,0.9920931294647598,0.9130760629103615,0.7732784899652495,False,,,,,"No feasible battery size was found within the tested range for the selected fixed PV and wind capacities. Renewable-generation inadequacy: annual PV+wind production (28981 kWh) is less than annual load (29115 kWh). No finite battery can close this gap -- storage shifts energy in time, it does not create it. Increasing PV/wind capacity (a scenario input, not a battery decision variable in this optimization) would be required.",0.9776732180000636,23116.463227455322,5864.783399524702,28981.246626980024
41,jinan,Asia/Shanghai,2023,4200167,19.850836150140665,15.708695796600063,43942.419550944986,14.788810108401531,0.9972395264515237,0.9279450048459166,0.8265835258535241,False,,,,,"No feasible battery size was found within the tested range for the selected fixed PV and wind capacities. Renewable-generation inadequacy: annual PV+wind production (37320 kWh) is less than annual load (43942 kWh). No finite battery can close this gap -- storage shifts energy in time, it does not create it. Increasing PV/wind capacity (a scenario input, not a battery decision variable in this optimization) would be required.",1.0039624380001442,25502.038802693613,11818.312586004637,37320.35138869825
42,jinan,Asia/Shanghai,2023,4200168,18.644668425473853,19.697863246205817,18096.183725028735,15.421971932277474,0.997746471614933,0.8918892553571389,0.8228759481083839,True,12.0,184.32,0.0016959016590641631,13128.655791698131,,0.9734644259999641,23952.49520239586,14819.53105046555,38772.02625286141
43,jinan,Asia/Shanghai,2023,4200169,12.852872446898038,19.51431256542854,13379.72875294081,19.039097340509393,0.9912366713703402,0.9662992221318172,0.8601768352170194,True,4.0,61.44,0.006234684833250768,4376.21859723271,,0.9898843080000006,16511.871307977257,14681.438152819059,31193.309460796314
44,jinan,Asia/Shanghai,2023,4200170,27.810460133990624,20.652482092590937,41804.59355932343,19.190405942259954,0.9922804501845527,0.9331068305822479,0.7190098395128802,False,,,,,"No feasible battery size was found within the tested range for the selected fixed PV and wind capacities. Battery-range inadequacy: annual renewable production is sufficient overall, but no module count within the tested range (0..n_max) achieved the reliability target. Consider increasing candidate_module_counts.max and re-running.",0.9785508300001311,35727.63525393196,15537.730961721862,51265.36621565383
45,jinan,Asia/Shanghai,2023,4200171,28.48497100072364,8.425826081855776,32598.024458897675,13.586457710507746,0.994193866376831,0.927036859796181,0.8527846780013176,False,,,,,"No feasible battery size was found within the tested range for the selected fixed PV and wind capacities. Battery-range inadequacy: annual renewable production is sufficient overall, but no module count within the tested range (0..n_max) achieved the reliability target. Consider increasing candidate_module_counts.max and re-running.",0.9861507509999683,36594.16813779449,6339.103367972457,42933.27150576695
46,jinan,Asia/Shanghai,2023,4200172,33.977341495362,14.843064311508583,33983.73766090449,18.96854353535153,0.9910776022965101,0.89053932093101,0.7175418023821536,True,19.0,291.84,0.008732358175906117,20787.038336855374,,0.9803102950002085,43650.1250966677,11167.061609630598,54817.1867062983
47,jinan,Asia/Shanghai,2023,4200173,29.735898551215836,13.37216601580759,40972.85664567373,15.068471199628888,0.9930027398249541,0.9608529892625381,0.8525064294141305,False,,,,,"No feasible battery size was found within the tested range for the selected fixed PV and wind capacities. Battery-range inadequacy: annual renewable production is sufficient overall, but no module count within the tested range (0..n_max) achieved the reliability target. Consider increasing candidate_module_counts.max and re-running.",0.9942310339999949,38201.213941342896,10060.442952938663,48261.65689428156
48,jinan,Asia/Shanghai,2023,4200174,18.11604822730527,12.28384035544108,22577.599208170515,7.364174729374994,0.9913300503528797,0.964251471703817,0.7875808074397507,True,16.0,245.76,0.008151042108192027,17504.87438893084,,0.9800932040000134,23273.385632218524,9241.64978155615,32515.035413774676
49,jinan,Asia/Shanghai,2023,4200175,21.499594683322293,19.59371417354756,32119.722610115998,19.042099802576935,0.9970227134451846,0.9231432607712087,0.7752718946961652,False,,,,,"No feasible battery size was found within the tested range for the selected fixed PV and wind capacities. Battery-range inadequacy: annual renewable production is sufficient overall, but no module count within the tested range (0..n_max) achieved the reliability target. Consider increasing candidate_module_counts.max and re-running.",0.9787904570000592,27620.171448162662,14741.175322392686,42361.34677055535
50,jinan,Asia/Shanghai,2023,4200176,27.64773999907662,18.721927302108977,10492.107435544114,11.8147694276262,0.9974285956007669,0.9065823122809681,0.7917096163597102,True,2.0,30.72,0.0018904387937916003,2188.109298616355,,0.9819735730000048,35518.59140493888,14085.293389962231,49603.88479490111
51,jinan,Asia/Shanghai,2023,4200177,23.269423812036795,11.038547828849833,46737.67582062217,16.71941053147274,0.9909952956989649,0.9697331192053815,0.8758400048615491,False,,,,,"No feasible battery size was found within the tested range for the selected fixed PV and wind capacities. Renewable-generation inadequacy: annual PV+wind production (38199 kWh) is less than annual load (46738 kWh). No finite battery can close this gap -- storage shifts energy in time, it does not create it. Increasing PV/wind capacity (a scenario input, not a battery decision variable in this optimization) would be required.",1.0133246550001331,29893.841472601143,8304.763834381833,38198.60530698298
52,jinan,Asia/Shanghai,2023,4200178,18.51725313592117,21.737931593218764,14256.781274855315,19.986570957113578,0.9959911626249588,0.9385112514002917,0.7180881453968265,True,5.0,76.8,0.002819194744886413,5470.273246540887,,0.9827284049999889,23788.806900620926,16354.360277156105,40143.16717777703
53,jinan,Asia/Shanghai,2023,4200179,36.91100196689876,5.5799900640893885,19633.122321645882,7.145328127499525,0.99699091146623,0.8978383804491608,0.882127645426177,True,7.0,107.52,0.00241285758407988,7658.382545157243,,0.9826779110001098,47418.949876299404,4198.061230422552,51617.011106721955
54,jinan,Asia/Shanghai,2023,4200180,29.688071179824703,5.723254209893924,10217.193365148018,5.774868755215984,0.9954533265988296,0.9521333629773474,0.7477105641254777,True,2.0,30.72,0.0039276740358444966,2188.109298616355,,0.9796313770000324,38139.77091336047,4305.84487327923,42445.615786639704
55,jinan,Asia/Shanghai,2023,4200181,35.48226528769219,6.144638803065208,42038.55414566705,18.91693145258421,0.9969489755919394,0.9428308705580773,0.8675960437310766,False,,,,,"No feasible battery size was found within the tested range for the selected fixed PV and wind capacities. Battery-range inadequacy: annual renewable production is sufficient overall, but no module count within the tested range (0..n_max) achieved the reliability target. Consider increasing candidate_module_counts.max and re-running.",0.9825594709998313,45583.47564456536,4622.870226975525,50206.345871540885
56,jinan,Asia/Shanghai,2023,4200182,11.204538986411993,9.035642214381108,14996.947172225722,12.567964852894798,0.9967066931549596,0.9367010660118759,0.870226219952387,True,18.0,276.48,0.002876952777060997,19692.983687547196,,0.9766607770000064,14394.28474632527,6797.893694520932,21192.1784408462
57,jinan,Asia/Shanghai,2023,4200183,14.656389773232727,19.692421838703233,17721.659634756164,9.061381269767004,0.9963891422755318,0.9682184306408813,0.8223087211954139,True,13.0,199.68,0.0030848840808192506,14222.710441006306,,0.9848858110001402,18828.819999188512,14815.437250725203,33644.25724991372
58,jinan,Asia/Shanghai,2023,4200184,11.635009449738869,17.326179398550657,11694.022063206683,18.26218567050226,0.9963862045659055,0.8955815061780253,0.7183442011648395,True,6.0,92.16,0.0025742555421615567,6564.3278958490655,,0.9707993009999427,14947.302985765913,13035.213534250524,27982.516520016437
59,jinan,Asia/Shanghai,2023,4200185,15.50599686640957,24.60054359108385,28342.425698339594,16.76121422512112,0.99572767507897,0.9315171834962773,0.7290260509330099,False,,,,,"No feasible battery size was found within the tested range for the selected fixed PV and wind capacities. Battery-range inadequacy: annual renewable production is sufficient overall, but no module count within the tested range (0..n_max) achieved the reliability target. Consider increasing candidate_module_counts.max and re-running.",0.9910792480000055,19920.296090843523,18508.023690164533,38428.31978100806
60,jinan,Asia/Shanghai,2023,4200186,38.38073360674285,11.026852650294359,33120.68863230169,15.496639168835992,0.9958430983972077,0.9646534968725966,0.7296877979840115,True,20.0,307.2,0.004069053727709155,21881.09298616355,,0.9797156979998363,49307.089651640046,8295.96505963265,57603.05471127269
61,jinan,Asia/Shanghai,2023,4200187,22.837096410440502,17.219750940732567,35385.16469673052,11.177163448783553,0.9936790479848583,0.8995865674027266,0.8176612496818016,False,,,,,"No feasible battery size was found within the tested range for the selected fixed PV and wind capacities. Battery-range inadequacy: annual renewable production is sufficient overall, but no module count within the tested range (0..n_max) achieved the reliability target. Consider increasing candidate_module_counts.max and re-running.",0.9839759680000952,29338.437655472855,12955.142928846555,42293.58058431941
62,jinan,Asia/Shanghai,2023,4200188,19.511227339517134,5.721196685547274,26736.001766274414,12.111990126352556,0.9920303358138379,0.9315212139809904,0.8131543800863842,False,,,,,"No feasible battery size was found within the tested range for the selected fixed PV and wind capacities. Battery-range inadequacy: annual renewable production is sufficient overall, but no module count within the tested range (0..n_max) achieved the reliability target. Consider increasing candidate_module_counts.max and re-running.",0.9948790809999082,25065.749016170106,4304.296911169779,29370.045927339885
63,jinan,Asia/Shanghai,2023,4200189,31.06006543331114,17.9589696440242,36097.32226084126,9.743212277360646,0.9970868899978735,0.9294229945239711,0.786283639035978,False,,,,,"No feasible battery size was found within the tested range for the selected fixed PV and wind capacities. Battery-range inadequacy: annual renewable production is sufficient overall, but no module count within the tested range (0..n_max) achieved the reliability target. Consider increasing candidate_module_counts.max and re-running.",0.9911599190002107,39902.34909519871,13511.288252305703,53413.63734750442
64,jinan,Asia/Shanghai,2023,4200190,28.780374428231713,12.213146689005086,30509.56978427033,16.050585327233303,0.9979776259805133,0.9628951477565673,0.8007265850366199,False,,,,,"No feasible battery size was found within the tested range for the selected fixed PV and wind capacities. Battery-range inadequacy: annual renewable production is sufficient overall, but no module count within the tested range (0..n_max) achieved the reliability target. Consider increasing candidate_module_counts.max and re-running.",0.9886383969999315,36973.66800438858,9188.463962783586,46162.131967172165
65,jinan,Asia/Shanghai,2023,4200191,25.608253442217073,20.997408215276728,22578.027669768053,17.560735435176028,0.9944472748186568,0.8904271051901742,0.7144118294145887,True,9.0,138.24,0.005283123693905884,9846.491843773598,,0.9806783850001466,32898.49697076888,15797.233392080308,48695.730362849186
66,jinan,Asia/Shanghai,2023,4200192,35.25979633118389,6.111358338137558,21224.457445346237,10.011950607523186,0.9915569500067244,0.908250403282179,0.8485385133450172,True,6.0,92.16,0.006596377051820716,6564.3278958490655,,1.0048489109999537,45297.67347893573,4597.831933369531,49895.50541230526
67,jinan,Asia/Shanghai,2023,4200193,20.947580832347576,24.168583618019447,49818.578903345486,16.581573370318786,0.9927986535892869,0.9418898544249483,0.8410812730968025,False,,,,,"No feasible battery size was found within the tested range for the selected fixed PV and wind capacities. Renewable-generation inadequacy: annual PV+wind production (45094 kWh) is less than annual load (49819 kWh). No finite battery can close this gap -- storage shifts energy in time, it does not create it. Increasing PV/wind capacity (a scenario input, not a battery decision variable in this optimization) would be required.",1.0054181000000426,26911.008441591683,18183.04203335365,45094.05047494533
68,jinan,Asia/Shanghai,2023,4200194,21.635250854909494,17.81777269172319,10429.10579902705,8.135864879033623,0.9947257947267053,0.8947376173832466,0.7331813735753067,True,2.0,30.72,0.005205299958966964,2188.109298616355,,0.973979092000036,27794.44667392524,13405.059846071896,41199.506519997136
69,jinan,Asia/Shanghai,2023,4200195,35.08912871650713,24.78266005367211,32238.777121137937,17.5860459632257,0.9989128949789364,0.8927436299711897,0.7896491226508702,True,26.0,399.36,0.0009079601606181374,28445.42088201261,,0.9871825980001177,45078.41963497012,18645.03756514143,63723.45720011155
70,jinan,Asia/Shanghai,2023,4200196,21.777181475257596,6.6009856729237,40213.20691178978,11.506685409838894,0.9942239424077136,0.8935605676431916,0.7361853304461736,False,,,,,"No feasible battery size was found within the tested range for the selected fixed PV and wind capacities. Renewable-generation inadequacy: annual PV+wind production (32943 kWh) is less than annual load (40213 kWh). No finite battery can close this gap -- storage shifts energy in time, it does not create it. Increasing PV/wind capacity (a scenario input, not a battery decision variable in this optimization) would be required.",0.9980987540000115,27976.782579578357,4966.199172004795,32942.98175158315
71,jinan,Asia/Shanghai,2023,4200197,37.213108664686445,5.892981779485577,19314.09139774825,9.380889954717926,0.9944117778816143,0.9327800655713316,0.7986579951701334,True,6.0,92.16,0.0033187719369922866,6564.3278958490655,,0.9829848869999296,47807.06132265178,4433.538062953905,52240.59938560569
72,jinan,Asia/Shanghai,2023,4200198,12.52346003670646,9.87334908111427,43743.535390501645,14.563830507176887,0.9958423414512084,0.940318292981622,0.8525806038079058,False,,,,,"No feasible battery size was found within the tested range for the selected fixed PV and wind capacities. Renewable-generation inadequacy: annual PV+wind production (23517 kWh) is less than annual load (43744 kWh). No finite battery can close this gap -- storage shifts energy in time, it does not create it. Increasing PV/wind capacity (a scenario input, not a battery decision variable in this optimization) would be required.",1.0443510969998897,16088.680667378729,7428.135805940382,23516.81647331911
73,jinan,Asia/Shanghai,2023,4200199,11.74325445164342,12.332167698652247,31581.097410467148,10.07684724945989,0.9976003098595847,0.9234315257728565,0.8537255178918759,False,,,,,"No feasible battery size was found within the tested range for the selected fixed PV and wind capacities. Renewable-generation inadequacy: annual PV+wind production (24364 kWh) is less than annual load (31581 kWh). No finite battery can close this gap -- storage shifts energy in time, it does not create it. Increasing PV/wind capacity (a scenario input, not a battery decision variable in this optimization) would be required.",1.0092017019999275,15086.363538071562,9278.008474595728,24364.372012667292
74,jinan,Asia/Shanghai,2023,4200200,35.56046550643507,15.095829658069961,46382.089754853994,13.80685910805471,0.9976524686895035,0.9106531716032372,0.7997633917062971,False,,,,,"No feasible battery size was found within the tested range for the selected fixed PV and wind capacities. Battery-range inadequacy: annual renewable production is sufficient overall, but no module count within the tested range (0..n_max) achieved the reliability target. Consider increasing candidate_module_counts.max and re-running.",1.0286208879999776,45683.938164011735,11357.227611649603,57041.16577566134
75,jinan,Asia/Shanghai,2023,4200201,25.94233123013733,7.099594317921412,25942.100268061626,18.76006508827514,0.9956774901632827,0.8959755924193271,0.767771127121921,True,25.0,384.0,0.004309755692475773,27351.366232704437,,1.0175804299999527,33327.681144484406,5341.323428083557,38669.00457256797
76,jinan,Asia/Shanghai,2023,4200202,18.340663198024416,19.06066931397785,35350.790922770524,19.727089213138033,0.9955832193869224,0.9229755286264959,0.8522865126368016,False,,,,,"No feasible battery size was found within the tested range for the selected fixed PV and wind capacities. Battery-range inadequacy: annual renewable production is sufficient overall, but no module count within the tested range (0..n_max) achieved the reliability target. Consider increasing candidate_module_counts.max and re-running.",1.015386712999998,23561.944746586356,14340.143253637412,37902.08800022377
77,jinan,Asia/Shanghai,2023,4200203,37.09983615892159,19.413918934367032,48528.448941975184,16.730077561072658,0.9978012129443573,0.8902693664065273,0.8464827005987575,False,,,,,"No feasible battery size was found within the tested range for the selected fixed PV and wind capacities. Battery-range inadequacy: annual renewable production is sufficient overall, but no module count within the tested range (0..n_max) achieved the reliability target. Consider increasing candidate_module_counts.max and re-running.",1.0041506380000556,47661.5420198151,14605.907801420584,62267.449821235685
78,jinan,Asia/Shanghai,2023,4200204,23.20266098582106,16.062076048225506,36164.09637929427,19.54722675058354,0.9988612027328846,0.9059405420939115,0.8467506994875833,False,,,,,"No feasible battery size was found within the tested range for the selected fixed PV and wind capacities. Battery-range inadequacy: annual renewable production is sufficient overall, but no module count within the tested range (0..n_max) achieved the reliability target. Consider increasing candidate_module_counts.max and re-running.",1.0103872459999366,29808.072380969246,12084.17541316145,41892.2477941307
79,jinan,Asia/Shanghai,2023,4200205,32.49950613805806,11.929857226260976,14954.79099456884,5.614204404285797,0.9969960881477626,0.9240729767635215,0.8971080338989852,True,4.0,61.44,0.001664513797960789,4376.21859723271,,0.9905469919999632,41751.574610385505,8975.333384256764,50726.90799464227
80,jinan,Asia/Shanghai,2023,4200206,23.949203685809593,24.558339581476805,26463.040087762394,16.90523225839959,0.9907633734508065,0.9299915539123987,0.8604119573971448,True,10.0,153.6,0.008538810799343152,10940.546493081774,,1.003444902999945,30767.143362109775,18476.271838554625,49243.4152006644
81,jinan,Asia/Shanghai,2023,4200207,37.74105001659666,21.451661812348632,11478.829088046969,10.590535119601013,0.9904382862508246,0.8898354062003102,0.8350611257334968,True,2.0,30.72,0.0008654716186203685,2188.109298616355,,1.0030229649999,48485.29879033979,16138.987479945114,64624.2862702849
82,jinan,Asia/Shanghai,2023,4200208,31.397745889350944,20.474413655032528,44618.26192222651,16.091472027147645,0.9972078443289597,0.8844067338840952,0.7469070300882596,False,,,,,"No feasible battery size was found within the tested range for the selected fixed PV and wind capacities. Battery-range inadequacy: annual renewable production is sufficient overall, but no module count within the tested range (0..n_max) achieved the reliability target. Consider increasing candidate_module_counts.max and re-running.",1.0141845800001192,40336.16155668424,15403.762586242707,55739.924142926946
83,jinan,Asia/Shanghai,2023,4200209,28.656933201257374,22.162506092496464,10180.004997586366,12.719440131745248,0.9960955865942795,0.8826646560215752,0.7802711115106775,True,2.0,30.72,0.0007050563238975692,2188.109298616355,,1.0164719609999793,36815.085114663336,16673.785531389894,53488.87064605323
84,jinan,Asia/Shanghai,2023,4200210,36.8690464415109,18.432256177117175,19506.33453442389,17.79171694447869,0.9931322828106857,0.9568010204029653,0.7597887302237811,True,5.0,76.8,0.003837204609667352,5470.273246540887,,0.9974638990001949,47365.05031114577,13867.361618501376,61232.41192964715
85,jinan,Asia/Shanghai,2023,4200211,27.70960752649447,12.93880135495668,20993.002030202682,18.298363432578036,0.9916883431374555,0.8876330432112187,0.768385387709132,True,7.0,107.52,0.006340137504975232,7658.382545157243,,1.0133037769999191,35598.07158768299,9734.404490422097,45332.476078105086
86,jinan,Asia/Shanghai,2023,4200212,39.92740111788751,19.01762020241317,33808.51361653487,10.88553639382691,0.99823768884257,0.9247224936517314,0.7268733826626123,True,24.0,368.64,0.001615041457494836,26257.311583396262,,1.014544307000051,51294.06766031185,14307.75559627815,65601.82325659
87,jinan,Asia/Shanghai,2023,4200213,20.961353895974003,6.3433333769553375,18079.161507551264,5.265031714998683,0.9940795192485015,0.9371086238456617,0.7686584924757816,True,9.0,138.24,0.005431950807321835,9846.491843773598,,0.9960871519999728,26928.702467192248,4772.356512392344,31701.05897958459
88,jinan,Asia/Shanghai,2023,4200214,22.611453145158315,24.18418545689152,40078.52486299662,13.112849554174268,0.9925608678760064,0.9607297118895696,0.7470194233761319,False,,,,,"No feasible battery size was found within the tested range for the selected fixed PV and wind capacities. Battery-range inadequacy: annual renewable production is sufficient overall, but no module count within the tested range (0..n_max) achieved the reliability target. Consider increasing candidate_module_counts.max and re-running.",0.9803973440000391,29048.55750819493,18194.77995298072,47243.337461175644
89,jinan,Asia/Shanghai,2023,4200215,19.76028191550031,23.18129628845897,31181.682211402895,16.13476924126965,0.9953167031474739,0.9388095288108546,0.7598766583029651,False,,,,,"No feasible battery size was found within the tested range for the selected fixed PV and wind capacities. Battery-range inadequacy: annual renewable production is sufficient overall, but no module count within the tested range (0..n_max) achieved the reliability target. Consider increasing candidate_module_counts.max and re-running.",0.9837302869998439,25385.705284645297,17440.264248104733,42825.96953275003
90,jinan,Asia/Shanghai,2023,4200216,17.241161848799887,11.449846943373306,16217.662563336899,18.11471547936211,0.992549222399251,0.9305340454972946,0.8583948850282748,True,6.0,92.16,0.005631249061944227,6564.3278958490655,,1.0004347410001628,22149.433663453005,8614.20145827658,30763.635121729585
91,jinan,Asia/Shanghai,2023,4200217,33.51472328127141,13.767725171683857,29050.292343469027,19.920526234025374,0.9960713772928113,0.9533174598806095,0.8805107938438463,True,14.0,215.04,0.003758863562112399,15316.765090314486,,0.9928269889999228,43055.80717689144,10358.03874388992,53413.84592078136
92,jinan,Asia/Shanghai,2023,4200218,30.945691768297404,9.14041083049624,22082.86275134554,10.911886657671463,0.9937494866976223,0.8801494636907321,0.7224140741997395,True,9.0,138.24,0.005058167723329655,9846.491843773598,,0.9895376580000175,39755.415151402805,6876.715531195606,46632.130682598414
93,jinan,Asia/Shanghai,2023,4200219,35.88293691222634,5.024661250238163,30326.694232515005,12.342530097608122,0.9929978474490957,0.9188194318131805,0.8561162275053169,True,15.0,230.39999999999998,0.006900026057342863,16410.81973962266,,1.0368176939998648,46098.21181178399,3780.2640055549437,49878.475817338935
94,jinan,Asia/Shanghai,2023,4200220,35.236111186448696,10.206970868305001,22899.61763870919,8.63724279542499,0.9943187706049595,0.9414932521892931,0.7456505750926841,True,8.0,122.88,0.004780876216447849,8752.43719446542,,1.0408555449998858,45267.24556771245,7679.133509223613,52946.379076936064
95,jinan,Asia/Shanghai,2023,4200221,19.922072261646,23.607692351783008,11942.771593878322,11.911544078593494,0.996404022374371,0.8935408610401727,0.7094748040010963,True,4.0,61.44,0.0012334484001333527,4376.21859723271,,0.9941921209999691,25593.55464948323,17761.059941589105,43354.614591072335
96,jinan,Asia/Shanghai,2023,4200222,14.146161149155922,23.37646387061366,10370.391272844936,7.824829622170277,0.9902815516161148,0.8899566520805983,0.8240298573256593,True,2.0,30.72,0.007323750131395477,2188.109298616355,,0.9882371090000106,18173.3377781356,17587.097029286866,35760.43480742247
97,jinan,Asia/Shanghai,2023,4200223,17.249167262172573,16.384241008613536,33607.81531064505,17.741529996346685,0.9900426725362068,0.956803251340813,0.8238238172853948,False,,,,,"No feasible battery size was found within the tested range for the selected fixed PV and wind capacities. Battery-range inadequacy: annual renewable production is sufficient overall, but no module count within the tested range (0..n_max) achieved the reliability target. Consider increasing candidate_module_counts.max and re-running.",1.1184609199999613,22159.718084769956,12326.553663744646,34486.2717485146
98,jinan,Asia/Shanghai,2023,4200224,22.420782813677093,11.352712687271234,13124.335723214555,5.447521551495463,0.9931183078986646,0.8817130733035738,0.7330975515163549,True,4.0,61.44,0.004446523106614951,4376.21859723271,,1.0464675589998933,28803.606506877928,8541.123271755725,37344.72977863366
99,jinan,Asia/Shanghai,2023,4200225,14.311559843666025,18.86190853859403,16917.75745768312,12.60939052373065,0.9989259702833584,0.8803606844260006,0.7033159603795114,True,20.0,307.2,0.0008162193494558284,21881.09298616355,,1.1722859710000648,18385.822728059567,14190.607162052327,32576.429890111896
100,jinan,Asia/Shanghai,2023,4200226,39.792537457915195,16.69277668268331,15076.399020740526,18.459532996311403,0.9979234227011492,0.9282580371800238,0.8243584059721513,True,4.0,61.44,0.0010026226021888323,4376.21859723271,,1.040385213000036,51120.81056103027,12558.678028956394,63679.488589986664
101,jinan,Asia/Shanghai,2023,4200227,18.195615745026288,6.010393927440103,33782.704355634574,9.421327898041445,0.9959725894199432,0.9552620659158341,0.7036321087828727,False,,,,,"No feasible battery size was found within the tested range for the selected fixed PV and wind capacities. Renewable-generation inadequacy: annual PV+wind production (27897 kWh) is less than annual load (33783 kWh). No finite battery can close this gap -- storage shifts energy in time, it does not create it. Increasing PV/wind capacity (a scenario input, not a battery decision variable in this optimization) would be required.",1.0080727150000257,23375.60469790463,4521.872160442836,27897.476858347465
102,jinan,Asia/Shanghai,2023,4200228,30.32862290799382,19.515392694308677,32677.511812775472,16.37633355777131,0.9988507536839364,0.9177345149110725,0.8029166103771062,False,,,,,"No feasible battery size was found within the tested range for the selected fixed PV and wind capacities. Battery-range inadequacy: annual renewable production is sufficient overall, but no module count within the tested range (0..n_max) achieved the reliability target. Consider increasing candidate_module_counts.max and re-running.",1.0559605070000089,38962.67705712941,14682.250779207901,53644.927836337316
103,jinan,Asia/Shanghai,2023,4200229,10.374096338236397,20.92057112620757,30809.202681839753,11.119421455408478,0.9908466476678045,0.9600690779507858,0.7790014480081112,False,,,,,"No feasible battery size was found within the tested range for the selected fixed PV and wind capacities. Renewable-generation inadequacy: annual PV+wind production (29067 kWh) is less than annual load (30809 kWh). No finite battery can close this gap -- storage shifts energy in time, it does not create it. Increasing PV/wind capacity (a scenario input, not a battery decision variable in this optimization) would be required.",1.0650384569999005,13327.428898188333,15739.425618056539,29066.85451624487
104,jinan,Asia/Shanghai,2023,4200230,16.364422225699045,14.396017763496559,39339.79618251319,18.175486007162025,0.9934114742553357,0.9265317538164486,0.8483432821039469,False,,,,,"No feasible battery size was found within the tested range for the selected fixed PV and wind capacities. Renewable-generation inadequacy: annual PV+wind production (31854 kWh) is less than annual load (39340 kWh). No finite battery can close this gap -- storage shifts energy in time, it does not create it. Increasing PV/wind capacity (a scenario input, not a battery decision variable in this optimization) would be required.",1.1417744650000259,21023.10086220129,10830.729687916006,31853.830550117294
105,jinan,Asia/Shanghai,2023,4200231,36.6271326546413,12.892597763001646,22765.299543986643,14.1311169334737,0.9952289043637325,0.9168225979862318,0.8203549511735417,True,7.0,107.52,0.004276417633929344,7658.382545157243,,0.9745537640001203,47054.26769559276,9699.643584781606,56753.91128037436
106,jinan,Asia/Shanghai,2023,4200232,38.06144108699485,14.35280513253193,17869.68723002525,10.658089743245059,0.9935469628433381,0.8917997823723598,0.732574300110911,True,5.0,76.8,0.0032076909119876785,5470.273246540887,,1.04962220099992,48896.899865857864,10798.219008034219,59695.11887389208
107,jinan,Asia/Shanghai,2023,4200233,18.343400706144635,9.04176203290956,17430.645394843486,12.830184520497685,0.994215749771221,0.903349585586908,0.7090346233978853,True,11.0,168.95999999999998,0.005529434194732516,12034.601142389953,,0.999548908999941,23565.46157770503,6802.497891411327,30367.95946911636
108,jinan,Asia/Shanghai,2023,4200234,24.44474020978842,24.186646952712167,36100.76803010653,12.432598349429277,0.9909962286662666,0.9027192661494629,0.7589547899149085,False,,,,,"No feasible battery size was found within the tested range for the selected fixed PV and wind capacities. Battery-range inadequacy: annual renewable production is sufficient overall, but no module count within the tested range (0..n_max) achieved the reliability target. Consider increasing candidate_module_counts.max and re-running.",0.994227305999857,31403.750886703663,18196.63183982188,49600.38272652554
109,jinan,Asia/Shanghai,2023,4200235,32.94410657821703,22.534215945292388,46065.67414265754,19.76852912376131,0.9988413001479408,0.9657699219491183,0.7143644281005769,False,,,,,"No feasible battery size was found within the tested range for the selected fixed PV and wind capacities. Battery-range inadequacy: annual renewable production is sufficient overall, but no module count within the tested range (0..n_max) achieved the reliability target. Consider increasing candidate_module_counts.max and re-running.",0.9669885640000757,42322.74539588153,16953.43848848585,59276.183884367376
110,jinan,Asia/Shanghai,2023,4200236,14.959339701018735,10.065109488003948,16412.48099929032,17.778997366921978,0.995258050740551,0.946161648476767,0.7592065725820051,True,14.0,215.04,0.004135873557836847,15316.765090314486,,0.9987095950000366,19218.014729084927,7572.405225858242,26790.41995494317
111,jinan,Asia/Shanghai,2023,4200237,21.137579112648314,13.097099288530675,40400.598869761394,16.585294815118523,0.9918613217476263,0.9647384971064289,0.7241310674887372,False,,,,,"No feasible battery size was found within the tested range for the selected fixed PV and wind capacities. Renewable-generation inadequacy: annual PV+wind production (37009 kWh) is less than annual load (40401 kWh). No finite battery can close this gap -- storage shifts energy in time, it does not create it. Increasing PV/wind capacity (a scenario input, not a battery decision variable in this optimization) would be required.",1.0005287290000524,27155.096069942803,9853.498684168022,37008.594754110825
112,jinan,Asia/Shanghai,2023,4200238,36.883662472708906,7.007912912996186,20581.592446052444,17.697178041019356,0.9916154286511147,0.9172211138178973,0.7899718599888252,True,6.0,92.16,0.005678035634328824,6564.3278958490655,,0.9842076380000435,47383.8272831551,5272.3476508605445,52656.174934015646
113,jinan,Asia/Shanghai,2023,4200239,17.35776919069629,19.20490402671973,44053.38597608815,18.118627097833574,0.993053899311629,0.9277765354859033,0.7496812807731302,False,,,,,"No feasible battery size was found within the tested range for the selected fixed PV and wind capacities. Renewable-generation inadequacy: annual PV+wind production (36748 kWh) is less than annual load (44053 kWh). No finite battery can close this gap -- storage shifts energy in time, it does not create it. Increasing PV/wind capacity (a scenario input, not a battery decision variable in this optimization) would be required.",0.9729394979999597,22299.237174762522,14448.657094824986,36747.89426958751
114,jinan,Asia/Shanghai,2023,4200240,17.343895046504365,8.225081257038482,47600.76043230059,18.319832429083696,0.9969962284199493,0.9265895369158956,0.7981215831023744,False,,,,,"No feasible battery size was found within the tested range for the selected fixed PV and wind capacities. Renewable-generation inadequacy: annual PV+wind production (28469 kWh) is less than annual load (47601 kWh). No finite battery can close this gap -- storage shifts energy in time, it does not create it. Increasing PV/wind capacity (a scenario input, not a battery decision variable in this optimization) would be required.",1.000165503000062,22281.41329264186,6188.074592545601,28469.48788518746
115,jinan,Asia/Shanghai,2023,4200241,37.50545222887587,11.430659829646634,34325.16847658366,11.975211979839095,0.9936040612072075,0.9278697482211461,0.7374477889230683,True,21.0,322.56,0.006133463779731501,22975.14763547173,,0.9937423159999526,48182.63023376909,8599.766185572777,56782.396419341865
116,jinan,Asia/Shanghai,2023,4200242,39.658116955587296,21.36615737407726,39664.58530926061,12.031389455209286,0.9913758940991371,0.9628599272446211,0.7682774134763455,True,17.0,261.12,0.007710025486289699,18598.929038239017,,1.0196734170001491,50948.12277899851,16074.658894551,67022.78167354951
117,jinan,Asia/Shanghai,2023,4200243,11.503200690908013,11.848073536212574,41778.28121983538,14.340631174823123,0.9967575472627037,0.951427184547614,0.7423909222161085,False,,,,,"No feasible battery size was found within the tested range for the selected fixed PV and wind capacities. Renewable-generation inadequacy: annual PV+wind production (23692 kWh) is less than annual load (41778 kWh). No finite battery can close this gap -- storage shifts energy in time, it does not create it. Increasing PV/wind capacity (a scenario input, not a battery decision variable in this optimization) would be required.",0.9792492280000715,14777.970467134674,8913.804074252675,23691.77454138735
118,jinan,Asia/Shanghai,2023,4200244,23.747861246095418,7.580601143640835,16093.068406303028,14.484242195453152,0.9935363465241321,0.9629667205139495,0.7638312989216139,True,5.0,76.8,0.006401681116646694,5470.273246540887,,1.011764734000053,30508.48208097359,5703.205095152594,36211.68717612619
119,jinan,Asia/Shanghai,2023,4200245,31.78540385151703,14.221988603098152,36398.05204517115,13.995430350739856,0.994255055754831,0.9655054985161993,0.7685427285509911,False,,,,,"No feasible battery size was found within the tested range for the selected fixed PV and wind capacities. Battery-range inadequacy: annual renewable production is sufficient overall, but no module count within the tested range (0..n_max) achieved the reliability target. Consider increasing candidate_module_counts.max and re-running.",1.0085803260001285,40834.17928845936,10699.800230544159,51533.97951900352
120,jinan,Asia/Shanghai,2023,4200246,39.754231494928845,15.628276231944875,36399.82875204605,9.537204217068922,0.998527820396994,0.9129701939700883,0.8477021425373257,False,,,,,"No feasible battery size was found within the tested range for the selected fixed PV and wind capacities. Battery-range inadequacy: annual renewable production is sufficient overall, but no module count within the tested range (0..n_max) achieved the reliability target. Consider increasing candidate_module_counts.max and re-running.",0.9839513790000183,51071.599527950166,11757.809564911622,62829.40909286179
121,jinan,Asia/Shanghai,2023,4200247,22.094206123572455,16.236378601259986,38791.30140086185,12.634012276270314,0.9981637769421856,0.9177370889135029,0.829414359628665,False,,,,,"No feasible battery size was found within the tested range for the selected fixed PV and wind capacities. Battery-range inadequacy: annual renewable production is sufficient overall, but no module count within the tested range (0..n_max) achieved the reliability target. Consider increasing candidate_module_counts.max and re-running.",0.9780025590000605,28384.05886867707,12215.310555312843,40599.36942398991
122,jinan,Asia/Shanghai,2023,4200248,29.88729142630286,5.395328906853834,23061.873706871196,7.967147708887953,0.9970033628028961,0.9574567361256516,0.7493360754452294,True,13.0,199.68,0.002975184198113023,14222.710441006306,,0.9799941860001127,38395.70584816835,4059.1328746277013,42454.83872279605
123,jinan,Asia/Shanghai,2023,4200249,30.03547476543959,7.587256069165489,21006.101024068535,7.079817443501293,0.9925516868993931,0.940726289261435,0.8820653820370505,True,6.0,92.16,0.006771658055050841,6564.3278958490655,,0.9888289079999595,38586.07451757832,5708.2118755438705,44294.286393122195
124,jinan,Asia/Shanghai,2023,4200250,16.075672237725577,15.841580699014383,38055.6440497373,19.293837027283487,0.9954905443459846,0.9029596237924643,0.8250956313827873,False,,,,,"No feasible battery size was found within the tested range for the selected fixed PV and wind capacities. Renewable-generation inadequacy: annual PV+wind production (32570 kWh) is less than annual load (38056 kWh). No finite battery can close this gap -- storage shifts energy in time, it does not create it. Increasing PV/wind capacity (a scenario input, not a battery decision variable in this optimization) would be required.",1.0201396239999667,20652.148558636763,11918.28748748774,32570.4360461245
125,jinan,Asia/Shanghai,2023,4200251,19.614734850340483,24.522567813834154,25987.045406545476,15.281415811415213,0.9902090482411208,0.9160055301521279,0.8750215226645024,True,13.0,199.68,0.0093977831750001,14222.710441006306,,1.0255972279999241,25198.72339253503,18449.35923312711,43648.08262566214
126,jinan,Asia/Shanghai,2023,4200252,28.306823332997375,13.878857727919527,47437.49997742903,17.809765642208436,0.9928999410644065,0.9290093561837205,0.7979648512184925,False,,,,,"No feasible battery size was found within the tested range for the selected fixed PV and wind capacities. Renewable-generation inadequacy: annual PV+wind production (46807 kWh) is less than annual load (47437 kWh). No finite battery can close this gap -- storage shifts energy in time, it does not create it. Increasing PV/wind capacity (a scenario input, not a battery decision variable in this optimization) would be required.",0.9855561179999768,36365.30479417496,10441.648440396943,46806.953234571905
127,jinan,Asia/Shanghai,2023,4200253,28.96607500344587,11.682225339175112,19768.20003063553,18.690077528833044,0.9983148704954865,0.9558990597185781,0.8956408861529123,True,9.0,138.24,0.001474852662765217,9846.491843773598,,0.987273709999954,37212.234442546425,8789.029499724455,46001.26394227088
128,jinan,Asia/Shanghai,2023,4200254,32.34974577339065,20.29334457123999,40503.60367850563,12.209114464134597,0.9941080697506285,0.9016203648534102,0.8289638388718581,False,,,,,"No feasible battery size was found within the tested range for the selected fixed PV and wind capacities. Battery-range inadequacy: annual renewable production is sufficient overall, but no module count within the tested range (0..n_max) achieved the reliability target. Consider increasing candidate_module_counts.max and re-running.",0.9921740429999772,41559.17996252446,15267.536698388616,56826.71666091308
129,jinan,Asia/Shanghai,2023,4200255,18.679604083070036,10.156168194047089,33438.45496384219,11.149735823375647,0.9919697094791516,0.9534450415077548,0.8721139838588752,False,,,,,"No feasible battery size was found within the tested range for the selected fixed PV and wind capacities. Renewable-generation inadequacy: annual PV+wind production (31638 kWh) is less than annual load (33438 kWh). No finite battery can close this gap -- storage shifts energy in time, it does not create it. Increasing PV/wind capacity (a scenario input, not a battery decision variable in this optimization) would be required.",1.0012845490000473,23997.37646023694,7640.912520520342,31638.288980757283
130,jinan,Asia/Shanghai,2023,4200256,15.03098559033343,5.150140655999998,23445.19874117495,16.962662535211287,0.9975525647961089,0.8924496163104444,0.8548671802366102,False,,,,,"No feasible battery size was found within the tested range for the selected fixed PV and wind capacities. Renewable-generation inadequacy: annual PV+wind production (23185 kWh) is less than annual load (23445 kWh). No finite battery can close this gap -- storage shifts energy in time, it does not create it. Increasing PV/wind capacity (a scenario input, not a battery decision variable in this optimization) would be required.",0.998743482000009,19310.057010605844,3874.667440416828,23184.724451022674
131,jinan,Asia/Shanghai,2023,4200257,37.987023472397595,24.616422910660685,12785.625463655786,7.06996276021858,0.997116641765064,0.9043568937043774,0.8769698119012721,True,2.0,30.72,0.00189943443064809,2188.109298616355,,0.9870055769999908,48801.296794999325,18519.970370197174,67321.2671651965
132,jinan,Asia/Shanghai,2023,4200258,30.58488746845451,18.053734697385103,49681.680221122195,19.991328638362816,0.9946481346237208,0.8885679178264778,0.8455686597937437,False,,,,,"No feasible battery size was found within the tested range for the selected fixed PV and wind capacities. Battery-range inadequacy: annual renewable production is sufficient overall, but no module count within the tested range (0..n_max) achieved the reliability target. Consider increasing candidate_module_counts.max and re-running.",1.023682344000008,39291.89587265912,13582.583987951113,52874.479860610234
133,jinan,Asia/Shanghai,2023,4200259,39.299922346497674,11.366527752580406,28448.35543350295,11.371653872231839,0.9904627723910123,0.94050379881011,0.7706675390136936,True,9.0,138.24,0.007790558951849783,9846.491843773598,,1.0039748069998495,50487.95612652959,8551.516926476266,59039.47305300586
134,jinan,Asia/Shanghai,2023,4200260,24.737723391740985,22.860620390726062,15756.347843142332,18.186031694884402,0.9908648570967469,0.8938172969849153,0.8067680026547921,True,4.0,61.44,0.00446681404096678,4376.21859723271,,1.0078369920001933,31780.141504115418,17199.00628198985,48979.14778610527
135,jinan,Asia/Shanghai,2023,4200261,12.02555440562245,6.056142028002207,10020.749766628222,11.544749895413947,0.9969716149316301,0.8831354515251925,0.8304515212931711,True,6.0,92.16,0.0022112711996720336,6564.3278958490655,,1.0097840590001397,15449.029590318478,4556.290380749573,20005.31997106805
136,jinan,Asia/Shanghai,2023,4200262,34.6938195224856,8.360016971557423,15874.54939285617,17.91201460430804,0.9974081214895508,0.9285047589637768,0.863839975858796,True,5.0,76.8,0.0017343700778691784,5470.273246540887,,1.004903861999992,44570.5724929782,6289.592406236148,50860.164899214345
137,jinan,Asia/Shanghai,2023,4200263,23.940389135719887,12.358086804436352,18767.56865914529,8.125690121525224,0.9967634172951425,0.8907019313230564,0.717196470022189,True,10.0,153.6,0.0026862722120830464,10940.546493081774,,0.9985638519999611,30755.819456319823,9297.508508084988,40053.32796440481
138,jinan,Asia/Shanghai,2023,4200264,15.288740950663904,8.506930229078439,42924.30491227599,10.977599352113186,0.9989134961162444,0.8923490132011551,0.8307079651387287,False,,,,,"No feasible battery size was found within the tested range for the selected fixed PV and wind capacities. Renewable-generation inadequacy: annual PV+wind production (26041 kWh) is less than annual load (42924 kWh). No finite battery can close this gap -- storage shifts energy in time, it does not create it. Increasing PV/wind capacity (a scenario input, not a battery decision variable in this optimization) would be required.",1.0262087979999706,19641.19103191524,6400.121429325853,26041.312461241094
139,jinan,Asia/Shanghai,2023,4200265,23.461885216037516,12.858363533941478,45003.36796216329,19.633934687425995,0.9978557306289676,0.8973070611131619,0.7441595842417867,False,,,,,"No feasible battery size was found within the tested range for the selected fixed PV and wind capacities. Renewable-generation inadequacy: annual PV+wind production (39815 kWh) is less than annual load (45003 kWh). No finite battery can close this gap -- storage shifts energy in time, it does not create it. Increasing PV/wind capacity (a scenario input, not a battery decision variable in this optimization) would be required.",1.0098983980001321,30141.093434973143,9673.887734301547,39814.98116927469
140,jinan,Asia/Shanghai,2023,4200266,29.6822163728519,10.781671632763834,39389.0052312232,13.49630976214467,0.9949581789164136,0.9545692232354908,0.8421065543485355,False,,,,,"No feasible battery size was found within the tested range for the selected fixed PV and wind capacities. Battery-range inadequacy: annual renewable production is sufficient overall, but no module count within the tested range (0..n_max) achieved the reliability target. Consider increasing candidate_module_counts.max and re-running.",1.0189231849999487,38132.24934029053,8111.5050673551505,46243.75440764568
141,jinan,Asia/Shanghai,2023,4200267,10.79733294991875,5.989182742920313,34062.33809824062,12.292881134334133,0.9923416618980869,0.9176790478583321,0.8515820637465721,False,,,,,"No feasible battery size was found within the tested range for the selected fixed PV and wind capacities. Renewable-generation inadequacy: annual PV+wind production (18377 kWh) is less than annual load (34062 kWh). No finite battery can close this gap -- storage shifts energy in time, it does not create it. Increasing PV/wind capacity (a scenario input, not a battery decision variable in this optimization) would be required.",0.9827813360000164,13871.153928822241,4505.914094145023,18377.068022967265
142,jinan,Asia/Shanghai,2023,4200268,34.7983445397379,16.224461357800884,25414.77923428412,9.060451422426606,0.9946972662369232,0.9083274656707943,0.8128190274094446,True,9.0,138.24,0.004190803101051471,9846.491843773598,,1.003923635000092,44704.85404291692,12206.34471179618,56911.1987547131
143,jinan,Asia/Shanghai,2023,4200269,30.29957147528913,6.321584218387897,10042.69860090989,8.184157082611144,0.9980506034794691,0.9381661686905703,0.7343920703874045,True,3.0,46.08,0.001452605904499101,3282.1639479245327,,1.0084732009997879,38925.35516506877,4755.993705590252,43681.34887065903
144,jinan,Asia/Shanghai,2023,4200270,36.707918854708566,14.3991188057468,29043.670267146426,19.033129157639827,0.99053538022965,0.8993660447165847,0.8171542650309445,True,9.0,138.24,0.007901739159554392,9846.491843773598,,1.000135728000032,47158.052382205206,10833.062732436716,57991.11511464192
145,jinan,Asia/Shanghai,2023,4200271,15.864595287460123,18.590540184179154,18563.69157346881,6.487354558982215,0.9918628664367676,0.9180460630844856,0.7352276598346159,True,10.0,153.6,0.007303163294322725,10940.546493081774,,0.9637764709998464,20380.98151381756,13986.445334746535,34367.42684856409
146,jinan,Asia/Shanghai,2023,4200272,14.04076074770042,22.205637724378818,22815.888143892313,10.411380297773803,0.990497433685511,0.9121632661151848,0.7529614354643159,True,21.0,322.56,0.009432841071244582,22975.14763547173,,1.0181109469999683,18037.931636681016,16706.235272255108,34744.166908936124
147,jinan,Asia/Shanghai,2023,4200273,28.314552020253657,9.107805953448134,45534.618122513624,18.944999313793325,0.9908984795145911,0.889666266065972,0.7230652876221976,False,,,,,"No feasible battery size was found within the tested range for the selected fixed PV and wind capacities. Renewable-generation inadequacy: annual PV+wind production (43227 kWh) is less than annual load (45535 kWh). No finite battery can close this gap -- storage shifts energy in time, it does not create it. Increasing PV/wind capacity (a scenario input, not a battery decision variable in this optimization) would be required.",1.0037134700000934,36375.233710056025,6852.18551076793,43227.419220823955
148,jinan,Asia/Shanghai,2023,4200274,28.58707768930936,7.439379284192458,44095.29271721065,16.31407272406839,0.9973782797241422,0.9273454474197419,0.8993354423038307,False,,,,,"No feasible battery size was found within the tested range for the selected fixed PV and wind capacities. Renewable-generation inadequacy: annual PV+wind production (42322 kWh) is less than annual load (44095 kWh). No finite battery can close this gap -- storage shifts energy in time, it does not create it. Increasing PV/wind capacity (a scenario input, not a battery decision variable in this optimization) would be required.",0.981689058000029,36725.34290114616,5596.9579502241795,42322.30085137034
149,jinan,Asia/Shanghai,2023,4200275,11.325253088324839,13.025299283722267,22957.46675750545,19.229682480689615,0.9951917486264783,0.9525571868900252,0.7340682387317037,False,,,,,"No feasible battery size was found within the tested range for the selected fixed PV and wind capacities. Battery-range inadequacy: annual renewable production is sufficient overall, but no module count within the tested range (0..n_max) achieved the reliability target. Consider increasing candidate_module_counts.max and re-running.",1.0044832470000529,14549.364143874569,9799.480520503152,24348.84466437772
150,jinan,Asia/Shanghai,2023,4200276,39.359024317013166,14.972790937526304,29746.883050825832,19.563270928186068,0.9934265912509543,0.9157772522099493,0.8169505405609874,True,10.0,153.6,0.005794181606178622,10940.546493081774,,1.021762376999959,50563.883444351464,11264.66040693731,61828.54385128878
151,jinan,Asia/Shanghai,2023,4200277,13.841578316433608,11.421712528237098,17728.332897805223,6.549252186605744,0.9977953014569791,0.9330398049514729,0.7717345583055822,True,22.0,337.91999999999996,0.0018860734103118713,24069.202284779905,,1.0110689079999702,17782.045282445753,8593.034754381526,26375.08003682728
152,jinan,Asia/Shanghai,2023,4200278,22.260081321001387,13.630380073747093,35325.96728578837,18.9015408723349,0.9983950165769129,0.9152342781577597,0.7658524919195538,False,,,,,"No feasible battery size was found within the tested range for the selected fixed PV and wind capacities. Battery-range inadequacy: annual renewable production is sufficient overall, but no module count within the tested range (0..n_max) achieved the reliability target. Consider increasing candidate_module_counts.max and re-running.",0.9683537260000321,28597.155973969893,10254.708249710802,38851.86422368069
153,jinan,Asia/Shanghai,2023,4200279,23.531395005557652,16.358684608569853,28472.71645798993,14.881301147250515,0.9949895912104179,0.9088643992024669,0.7691461611525265,True,29.0,445.44,0.004667905787108998,31727.584829937146,,0.9840713409998898,30230.391504641455,12307.326509040015,42537.71801368147
154,jinan,Asia/Shanghai,2023,4200280,21.357783626791928,6.892795364987774,16642.505296558924,15.846707032180792,0.9935018704036988,0.8993085075304129,0.8125344821149715,True,6.0,92.16,0.005851358302274685,6564.3278958490655,,0.9886515339999278,27437.989144156152,5185.7398774264,32623.729021582552
155,jinan,Asia/Shanghai,2023,4200281,32.666186274202815,10.148447246907429,43071.59527694978,18.912572894375742,0.9953765507616645,0.9402052893092422,0.710515198064611,False,,,,,"No feasible battery size was found within the tested range for the selected fixed PV and wind capacities. Battery-range inadequacy: annual renewable production is sufficient overall, but no module count within the tested range (0..n_max) achieved the reliability target. Consider increasing candidate_module_counts.max and re-running.",0.9884917800000039,41965.70580704906,7635.10372722916,49600.80953427822
156,jinan,Asia/Shanghai,2023,4200282,38.365596730657195,12.849694685298875,46956.016021817195,13.684662871253638,0.99004156918959,0.8834687799391092,0.8360837611339844,False,,,,,"No feasible battery size was found within the tested range for the selected fixed PV and wind capacities. Battery-range inadequacy: annual renewable production is sufficient overall, but no module count within the tested range (0..n_max) achieved the reliability target. Consider increasing candidate_module_counts.max and re-running.",0.9842115039998589,49287.64355887255,9667.365794839123,58955.00935371168
157,jinan,Asia/Shanghai,2023,4200283,26.880040414957993,5.530648744121487,39738.398448895416,17.782180056037724,0.9944677573419538,0.9219181696321529,0.7010946217669255,False,,,,,"No feasible battery size was found within the tested range for the selected fixed PV and wind capacities. Renewable-generation inadequacy: annual PV+wind production (38693 kWh) is less than annual load (39738 kWh). No finite battery can close this gap -- storage shifts energy in time, it does not create it. Increasing PV/wind capacity (a scenario input, not a battery decision variable in this optimization) would be required.",0.9796323470000061,34532.340526893815,4160.939680019053,38693.28020691287
158,jinan,Asia/Shanghai,2023,4200284,33.247237101439836,14.931809576925632,31459.51695009003,19.481239302226033,0.9986722192099994,0.9570077909532163,0.7375218585530067,True,30.0,460.79999999999995,0.00128030177278327,32821.63947924532,,1.060305807999839,42712.17213372975,11233.828405601887,53946.00053933164
159,jinan,Asia/Shanghai,2023,4200285,27.828180829047398,22.56294849311075,24978.55745795751,6.5165924890337745,0.9972986661201593,0.9233587196225954,0.8128785360718357,True,13.0,199.68,0.002458525090683155,14222.710441006306,,1.0637652569998863,35750.4007359263,16975.055192756306,52725.455928682604
160,jinan,Asia/Shanghai,2023,4200286,39.46432888953533,17.14422860988144,26999.175426644055,10.549765517707968,0.9937585736338864,0.8906559174860802,0.8589501116835143,True,8.0,122.88,0.00525872114417592,8752.43719446542,,1.1159942369999953,50699.16647597038,12898.32430273149,63597.49077870187
161,jinan,Asia/Shanghai,2023,4200287,35.131505745611236,10.687942691468177,22151.864736397765,18.115013845022197,0.9902157331997515,0.9268411699390505,0.7927351429363002,True,6.0,92.16,0.007691636541569331,6564.3278958490655,,1.1723113680000097,45132.86069893246,8040.988842397309,53173.84954132977
162,jinan,Asia/Shanghai,2023,4200288,30.703803087353794,8.26783400298909,36733.22963180615,10.651010118123146,0.9955684330035268,0.8836085508885498,0.7923454394369018,False,,,,,"No feasible battery size was found within the tested range for the selected fixed PV and wind capacities. Battery-range inadequacy: annual renewable production is sufficient overall, but no module count within the tested range (0..n_max) achieved the reliability target. Consider increasing candidate_module_counts.max and re-running.",1.130494575000057,39444.664789015034,6220.239281587685,45664.904070602715
163,jinan,Asia/Shanghai,2023,4200289,25.667526819471163,9.286528057099732,15584.946167164828,7.827114545184521,0.9930972697025702,0.8887129134374474,0.8894639591459209,True,4.0,61.44,0.00590450117300646,4376.21859723271,,1.1561373550000553,32974.64449197492,6986.645666743454,39961.29015871837
164,jinan,Asia/Shanghai,2023,4200290,22.87078364072238,13.621527152758766,11435.955440294356,13.01901126933913,0.9989418869710817,0.966283677337474,0.7080798457684326,True,5.0,76.8,0.000218135972034538,5470.273246540887,,1.0380035939999743,29381.715079522197,10248.04782488025,39629.76290440245
165,jinan,Asia/Shanghai,2023,4200291,11.794730119518976,21.694153286538718,16230.306838983175,13.023472294638058,0.9982417037209084,0.9310703302194391,0.7794466602945648,True,17.0,261.12,0.0012085134561665711,18598.929038239017,,1.1605124239999896,15152.49347182489,16321.42401564019,31473.917487465078
166,jinan,Asia/Shanghai,2023,4200292,12.82858160464021,22.346060810023626,38313.75577605791,17.450287687385423,0.9987830778633111,0.9557939189965184,0.8886764702555706,False,,,,,"No feasible battery size was found within the tested range for the selected fixed PV and wind capacities. Renewable-generation inadequacy: annual PV+wind production (33293 kWh) is less than annual load (38314 kWh). No finite battery can close this gap -- storage shifts energy in time, it does not create it. Increasing PV/wind capacity (a scenario input, not a battery decision variable in this optimization) would be required.",1.045318110999915,16480.66526722794,16811.88146605312,33292.546733281066
167,jinan,Asia/Shanghai,2023,4200293,13.808057703727593,20.9157713033394,31827.02776324191,13.15243392619791,0.9980902941868847,0.9674623436782039,0.8409676646086361,False,,,,,"No feasible battery size was found within the tested range for the selected fixed PV and wind capacities. Battery-range inadequacy: annual renewable production is sufficient overall, but no module count within the tested range (0..n_max) achieved the reliability target. Consider increasing candidate_module_counts.max and re-running.",1.0189474390001578,17738.981909222915,15735.814509422953,33474.79641864587
168,jinan,Asia/Shanghai,2023,4200294,24.488151684153518,14.128077158036907,25453.658288927272,10.42398544358994,0.9935235615751599,0.8880777911726075,0.7154872170520876,True,19.0,291.84,0.0062456104849764596,20787.038336855374,,0.989286760999903,31459.520885275386,10629.146700327,42088.66758560239
169,jinan,Asia/Shanghai,2023,4200295,33.39609531616935,13.921457858404523,47227.37954178482,14.183315128909287,0.9903165838396598,0.8941771007185731,0.7411639586026015,False,,,,,"No feasible battery size was found within the tested range for the selected fixed PV and wind capacities. Battery-range inadequacy: annual renewable production is sufficient overall, but no module count within the tested range (0..n_max) achieved the reliability target. Consider increasing candidate_module_counts.max and re-running.",1.036973450000005,42903.407804581075,10473.698310404943,53377.10611498602
170,jinan,Asia/Shanghai,2023,4200296,39.27208073168981,9.374084523032698,30630.22705152205,19.042653974602942,0.9987947345692292,0.901272439184519,0.709823528750008,True,25.0,384.0,0.0011939178228445267,27351.366232704437,,1.0198170499998014,50452.18846738468,7052.5180788596535,57504.706546244335
171,jinan,Asia/Shanghai,2023,4200297,14.608054976132756,6.266569574051162,17804.969643693454,13.528545720556032,0.9982120391666608,0.9283496995324906,0.8251979113398161,True,27.0,414.71999999999997,0.0014318444675215573,29539.475531320786,,1.008026340000015,18766.725089843592,4714.60387463305,23481.32896447664
172,jinan,Asia/Shanghai,2023,4200298,16.056017548286235,21.011672413477,34711.556340223324,17.962052437890872,0.9985395879630521,0.9113110698180933,0.7181158117070878,False,,,,,"No feasible battery size was found within the tested range for the selected fixed PV and wind capacities. Battery-range inadequacy: annual renewable production is sufficient overall, but no module count within the tested range (0..n_max) achieved the reliability target. Consider increasing candidate_module_counts.max and re-running.",0.971600614999943,20626.898506248748,15807.964948366225,36434.86345461497
173,jinan,Asia/Shanghai,2023,4200299,19.62202356860355,18.063837700456375,36914.13578739574,11.521396202135692,0.992057810423959,0.9449716101561408,0.7337746083225429,False,,,,,"No feasible battery size was found within the tested range for the selected fixed PV and wind capacities. Battery-range inadequacy: annual renewable production is sufficient overall, but no module count within the tested range (0..n_max) achieved the reliability target. Consider increasing candidate_module_counts.max and re-running.",0.9909788439999829,25208.087087573404,13590.18490211354,38798.271989686946
174,jinan,Asia/Shanghai,2023,4200300,38.1000907559538,8.758071580729535,14292.494513300819,12.464715535480682,0.9946759463829873,0.925737362330042,0.7873334978677679,True,3.0,46.08,0.0034312454395030033,3282.1639479245327,,1.0293289650001043,48946.5524522803,6589.065631665475,55535.61808394578
175,jinan,Asia/Shanghai,2023,4200301,39.84444678488825,14.725612253411636,29117.86322959324,11.326490940718418,0.9906014317923132,0.9333660968034654,0.7455935544446365,True,9.0,138.24,0.007937506093800934,9846.491843773598,,1.0099066329999005,51187.49760940829,11078.697486062829,62266.19509547112
176,jinan,Asia/Shanghai,2023,4200302,34.66640638281421,17.963674593342688,41270.28190295781,11.4225479526331,0.9957414306982199,0.9570606103416947,0.8262130885743775,False,,,,,"No feasible battery size was found within the tested range for the selected fixed PV and wind capacities. Battery-range inadequacy: annual renewable production is sufficient overall, but no module count within the tested range (0..n_max) achieved the reliability target. Consider increasing candidate_module_counts.max and re-running.",0.9745434819999446,44535.35528870953,13514.8279835773,58050.18327228683
177,jinan,Asia/Shanghai,2023,4200303,20.4302090450771,18.250591887324,36874.16754456269,19.408804437599375,0.993338210893875,0.9182573590762718,0.8624245922374119,False,,,,,"No feasible battery size was found within the tested range for the selected fixed PV and wind capacities. Battery-range inadequacy: annual renewable production is sufficient overall, but no module count within the tested range (0..n_max) achieved the reliability target. Consider increasing candidate_module_counts.max and re-running.",1.0483903730000748,26246.34951767542,13730.687932137487,39977.03744981291
178,jinan,Asia/Shanghai,2023,4200304,25.172869442282238,19.73146186231466,28388.37857814368,8.232427127190507,0.9967068345850291,0.8918039652266239,0.7397167327062616,True,29.0,445.44,0.0030989309721737657,31727.584829937146,,1.0264796009998918,32339.166392629406,14844.808702587216,47183.97509521662
179,jinan,Asia/Shanghai,2023,4200305,15.930009467639186,10.826589071169314,31175.654161051498,18.24238349051117,0.9968449142045688,0.9437341798458372,0.7350361135712007,False,,,,,"No feasible battery size was found within the tested range for the selected fixed PV and wind capacities. Renewable-generation inadequacy: annual PV+wind production (28610 kWh) is less than annual load (31176 kWh). No finite battery can close this gap -- storage shifts energy in time, it does not create it. Increasing PV/wind capacity (a scenario input, not a battery decision variable in this optimization) would be required.",1.0401258719998623,20465.018022333148,8145.2983455821995,28610.316367915348
180,jinan,Asia/Shanghai,2023,4200306,20.730478945779225,14.568098521733559,15897.038139423434,9.101445531900087,0.9927749988355756,0.8914548578496135,0.8100479383816515,True,5.0,76.8,0.0049905001524454436,5470.273246540887,,0.9926136599999609,26632.10126138382,10960.193280388256,37592.29454177208
181,jinan,Asia/Shanghai,2023,4200307,31.150845895725787,6.398632629537224,29244.92407052599,16.733167929016926,0.996731911160572,0.9533565786596878,0.7896481266341214,True,27.0,414.71999999999997,0.0028635170529044806,29539.475531320786,,1.0034161959999892,40018.9732443033,4813.96046610355,44832.93371040685
182,jinan,Asia/Shanghai,2023,4200308,34.616712479195826,9.815061424285389,24432.422456700613,7.645333646267019,0.9942073608548572,0.9152854020173898,0.7481854232828624,True,9.0,138.24,0.0052682508399849795,9846.491843773598,,1.0560123940001631,44471.51435784153,7384.283550016081,51855.79790785761
183,jinan,Asia/Shanghai,2023,4200309,32.553421276923444,11.276935442232931,20912.17320583343,6.9633549627574265,0.9939493953162175,0.9072668165953571,0.7738545682681937,True,7.0,107.52,0.0045840540529742246,7658.382545157243,,1.0485998019998988,41820.838491916664,8484.112862975464,50304.951354892124
184,jinan,Asia/Shanghai,2023,4200310,28.405494541894964,22.795589330797373,46344.32986222568,16.871772317114335,0.994148382519658,0.887303860038151,0.7031611110880267,False,,,,,"No feasible battery size was found within the tested range for the selected fixed PV and wind capacities. Battery-range inadequacy: annual renewable production is sufficient overall, but no module count within the tested range (0..n_max) achieved the reliability target. Consider increasing candidate_module_counts.max and re-running.",0.9804334169998583,36492.06605395178,17150.08068027295,53642.14673422473
185,jinan,Asia/Shanghai,2023,4200311,24.31601899848774,14.886290670692354,26294.495514518894,13.522510269370468,0.9949694643297399,0.9552951736929424,0.7217314206524524,True,22.0,337.91999999999996,0.00476921916100966,24069.202284779905,,1.0452731559998938,31238.38488899498,11199.582617829083,42437.96750682406
186,jinan,Asia/Shanghai,2023,4200312,16.755329983166362,20.860099579192607,43913.47468894618,19.922363204313015,0.9978562081474838,0.9600909106365098,0.762869588525981,False,,,,,"No feasible battery size was found within the tested range for the selected fixed PV and wind capacities. Renewable-generation inadequacy: annual PV+wind production (37219 kWh) is less than annual load (43913 kWh). No finite battery can close this gap -- storage shifts energy in time, it does not create it. Increasing PV/wind capacity (a scenario input, not a battery decision variable in this optimization) would be required.",1.0070491540000148,21525.293551909974,15693.930329686591,37219.22388159657
187,jinan,Asia/Shanghai,2023,4200313,22.049849020281293,10.36170209641102,34251.97592770863,19.082080313105575,0.9931017679786045,0.9301301603693305,0.759259926090697,False,,,,,"No feasible battery size was found within the tested range for the selected fixed PV and wind capacities. Battery-range inadequacy: annual renewable production is sufficient overall, but no module count within the tested range (0..n_max) achieved the reliability target. Consider increasing candidate_module_counts.max and re-running.",1.0104673170001206,28327.07403636318,7795.544320423428,36122.61835678661
188,jinan,Asia/Shanghai,2023,4200314,15.093999213181224,8.903710596373113,12317.813781525198,19.239402845138862,0.9936259164765686,0.9550708802801897,0.8362658945379382,True,4.0,61.44,0.005050571053047236,4376.21859723271,,0.9844857830000819,19391.009563073076,6698.6359889936975,26089.645552066773
189,jinan,Asia/Shanghai,2023,4200315,34.43421628092801,9.7051277683129,21048.294538262642,19.467783292088026,0.9923813784481155,0.9186961344910043,0.7865031186484732,True,6.0,92.16,0.006667421220653163,6564.3278958490655,,0.9909314950000407,44237.064529412666,7301.5758366051205,51538.64036601779
190,jinan,Asia/Shanghai,2023,4200316,17.591042497890506,20.51582172874181,40873.97372916621,10.674770213356783,0.9975161321197266,0.8991767440959102,0.7008611551335356,False,,,,,"No feasible battery size was found within the tested range for the selected fixed PV and wind capacities. Renewable-generation inadequacy: annual PV+wind production (38034 kWh) is less than annual load (40874 kWh). No finite battery can close this gap -- storage shifts energy in time, it does not create it. Increasing PV/wind capacity (a scenario input, not a battery decision variable in this optimization) would be required.",1.0167212629999085,22598.919509889623,15434.915621798114,38033.83513168774
191,jinan,Asia/Shanghai,2023,4200317,27.13502086167223,24.88155544904757,11545.772393075384,8.11997110562691,0.9946702317823838,0.9528946662800384,0.7178084010150106,True,2.0,30.72,0.0036693102625154307,2188.109298616355,,1.0270171610000034,34859.90966286638,18719.44073081459,53579.35039368097
192,jinan,Asia/Shanghai,2023,4200318,21.85703961276683,19.941516012597727,24861.728336254462,7.832546307134585,0.9917594624465693,0.9169043908223494,0.7958834149611782,True,12.0,184.32,0.007949250394325008,13128.655791698131,,0.9886268530001416,28079.374999669282,15002.841275130264,43082.216274799546
193,jinan,Asia/Shanghai,2023,4200319,35.854432534480424,17.845048371359873,37616.078180620054,19.744807573038607,0.9937065909627087,0.9163018962924215,0.8846693935451625,True,24.0,368.64,0.006117183658561834,26257.311583396262,,1.0027473349998672,46061.59271212365,13425.580487130577,59487.17319925423
194,jinan,Asia/Shanghai,2023,4200320,23.914843313886287,10.788594150161298,41842.41790503483,18.614073370857234,0.9972244854475953,0.9039427785359498,0.7548268787377217,False,,,,,"No feasible battery size was found within the tested range for the selected fixed PV and wind capacities. Renewable-generation inadequacy: annual PV+wind production (38840 kWh) is less than annual load (41842 kWh). No finite battery can close this gap -- storage shifts energy in time, it does not create it. Increasing PV/wind capacity (a scenario input, not a battery decision variable in this optimization) would be required.",1.0213677730000654,30723.001164197525,8116.713168367776,38839.7143325653
195,jinan,Asia/Shanghai,2023,4200321,11.053504333289997,8.238831404992624,35570.013614246796,16.74357911257586,0.9918984094963984,0.9625656030339528,0.8701994240104329,False,,,,,"No feasible battery size was found within the tested range for the selected fixed PV and wind capacities. Renewable-generation inadequacy: annual PV+wind production (20399 kWh) is less than annual load (35570 kWh). No finite battery can close this gap -- storage shifts energy in time, it does not create it. Increasing PV/wind capacity (a scenario input, not a battery decision variable in this optimization) would be required.",1.010085293999964,14200.253041295997,6198.4194072094015,20398.6724485054
196,jinan,Asia/Shanghai,2023,4200322,35.45142262183243,9.553222935984282,12021.439546002308,18.011353092238757,0.9927522020586471,0.9357024743056173,0.851993376740146,True,2.0,30.72,0.0035203115096211803,2188.109298616355,,0.9693337979999797,45543.85258508389,7187.291441832334,52731.14402691623
197,jinan,Asia/Shanghai,2023,4200323,13.848797755333605,20.61676709038096,47540.45835844263,15.925624486196135,0.993971004736325,0.9589010324876532,0.8054915260145118,False,,,,,"No feasible battery size was found within the tested range for the selected fixed PV and wind capacities. Renewable-generation inadequacy: annual PV+wind production (33302 kWh) is less than annual load (47540 kWh). No finite battery can close this gap -- storage shifts energy in time, it does not create it. Increasing PV/wind capacity (a scenario input, not a battery decision variable in this optimization) would be required.",1.0022811149999598,17791.31997543948,15510.86106331701,33302.18103875649
198,jinan,Asia/Shanghai,2023,4200324,25.158307668792876,16.652886986290753,25804.073501915635,16.803370721750415,0.9982183837531249,0.9022052548131524,0.8473046435403776,True,23.0,353.28,0.0017408652608453382,25163.25693408808,,1.0269220980001137,32320.459124595305,12528.667332522251,44849.126457117556
199,jinan,Asia/Shanghai,2023,4200325,30.339155576351338,15.4618099855863,17541.20935496641,16.928483878740643,0.9986456365706595,0.9449652699010251,0.8835719993251469,True,7.0,107.52,0.0007085522386547742,7658.382545157243,,1.0163364609998098,38976.20820086148,11632.570005882775,50608.77820674426
200,jinan,Asia/Shanghai,2023,4200326,39.525557948439996,12.041013484784763,35528.94211705348,12.10899106457117,0.9988796587217691,0.8884427041606953,0.782474982859445,False,,,,,"No feasible battery size was found within the tested range for the selected fixed PV and wind capacities. Battery-range inadequacy: annual renewable production is sufficient overall, but no module count within the tested range (0..n_max) achieved the reliability target. Consider increasing candidate_module_counts.max and re-running.",0.9995288190000338,50777.826428842345,9058.960912992101,59836.787341834446
201,jinan,Asia/Shanghai,2023,4200327,36.266171335817084,10.681026210530309,41511.71402555491,10.741747441703836,0.9988198068590114,0.9595176852781336,0.7602640715325231,False,,,,,"No feasible battery size was found within the tested range for the selected fixed PV and wind capacities. Battery-range inadequacy: annual renewable production is sufficient overall, but no module count within the tested range (0..n_max) achieved the reliability target. Consider increasing candidate_module_counts.max and re-running.",1.0119588750001185,46590.546697177204,8035.785282867145,54626.33198004435
202,jinan,Asia/Shanghai,2023,4200328,33.10579340613565,11.737130876665374,34254.513608621404,14.87721152589938,0.9974663586817714,0.8822005756793814,0.74403157823046,False,,,,,"No feasible battery size was found within the tested range for the selected fixed PV and wind capacities. Battery-range inadequacy: annual renewable production is sufficient overall, but no module count within the tested range (0..n_max) achieved the reliability target. Consider increasing candidate_module_counts.max and re-running.",1.0142079930001273,42530.46177257612,8830.337245011811,51360.79901758793
203,jinan,Asia/Shanghai,2023,4200329,21.893087060944364,23.90296575341545,12035.229381800586,16.24558626566955,0.9923185135456383,0.9579947948938305,0.849213595791873,True,2.0,30.72,0.004912233133118052,2188.109298616355,,1.0050551270001051,28125.684556365464,17983.206541409338,46108.8910977748
204,jinan,Asia/Shanghai,2023,4200330,36.571155125750884,9.31849580862532,31251.710192744198,16.689049153622012,0.9922112976869548,0.9007671674740495,0.705436426699517,True,15.0,230.39999999999998,0.007076620704250356,16410.81973962266,,0.9903977590001887,46982.354295923076,7010.696350841806,53993.05064676488
205,jinan,Asia/Shanghai,2023,4200331,38.755458819263566,19.200337601092468,35422.414160407396,16.159920840424864,0.9947845162682589,0.9228520438981369,0.7899064482247041,True,18.0,276.48,0.005164989878167302,19692.983687547196,,0.9979439510000248,49788.4928951998,14445.221580752872,64233.71447595267
206,jinan,Asia/Shanghai,2023,4200332,29.213176363109238,9.030699507847665,45522.34780059478,17.176285568288975,0.9931460725030683,0.9320748367131272,0.7282054599900029,False,,,,,"No feasible battery size was found within the tested range for the selected fixed PV and wind capacities. Renewable-generation inadequacy: annual PV+wind production (44324 kWh) is less than annual load (45522 kWh). No finite battery can close this gap -- storage shifts energy in time, it does not create it. Increasing PV/wind capacity (a scenario input, not a battery decision variable in this optimization) would be required.",1.0206113460001234,37529.681446525086,6794.1750884959965,44323.856535021085
207,jinan,Asia/Shanghai,2023,4200333,33.23251613707997,17.6182401554531,45287.002813157924,14.577012916471109,0.9946991258361284,0.9441474724385169,0.7894785503584218,False,,,,,"No feasible battery size was found within the tested range for the selected fixed PV and wind capacities. Battery-range inadequacy: annual renewable production is sufficient overall, but no module count within the tested range (0..n_max) achieved the reliability target. Consider increasing candidate_module_counts.max and re-running.",0.992256824000151,42693.26035583391,13254.94312631031,55948.20348214422
208,jinan,Asia/Shanghai,2023,4200334,20.381914687142043,14.35304904900425,16788.564203942427,16.94857594704037,0.9923463340320235,0.8938178391703343,0.7492704483566454,True,6.0,92.16,0.005212407102583199,6564.3278958490655,,0.9725257909999527,26184.30655985259,10798.402516655946,36982.70907650854
209,jinan,Asia/Shanghai,2023,4200335,35.26210455316719,11.604025911954627,37441.99478023601,17.84614445983609,0.9906997020023254,0.9488521964660238,0.761533093275806,True,22.0,337.91999999999996,0.009204952518969996,24069.202284779905,,0.9923024429999714,45300.63881329939,8730.196781406858,54030.835594706245
210,jinan,Asia/Shanghai,2023,4200336,17.111862309539895,21.594998202498232,31831.931429578537,16.406325277769263,0.9942530038500317,0.9249274802880001,0.823943877875928,False,,,,,"No feasible battery size was found within the tested range for the selected fixed PV and wind capacities. Battery-range inadequacy: annual renewable production is sufficient overall, but no module count within the tested range (0..n_max) achieved the reliability target. Consider increasing candidate_module_counts.max and re-running.",1.0171116269998492,21983.324697440738,16246.825475261321,38230.15017270206
211,jinan,Asia/Shanghai,2023,4200337,37.83911824497473,14.8362516282582,31146.30152433164,14.029954452912943,0.9966376362356796,0.8864665301937611,0.8031374877043944,True,18.0,276.48,0.003158039174789302,19692.983687547196,,1.0024113260001286,48611.28541107924,11161.93614146666,59773.2215525459
212,jinan,Asia/Shanghai,2023,4200338,24.447747676181304,23.433699684751407,29740.263217453645,12.024808020414966,0.9986597998968123,0.9205518817240793,0.736176886064418,False,,,,,"No feasible battery size was found within the tested range for the selected fixed PV and wind capacities. Battery-range inadequacy: annual renewable production is sufficient overall, but no module count within the tested range (0..n_max) achieved the reliability target. Consider increasing candidate_module_counts.max and re-running.",0.9778179990000808,31407.61452872202,17630.15793971208,49037.7724684341
213,jinan,Asia/Shanghai,2023,4200339,16.50748368417365,6.903750766739483,10022.725170357779,11.47918491500723,0.9969231832316839,0.9460119798519853,0.70642981756057,True,4.0,61.44,0.0024589835711037833,4376.21859723271,,0.9876136459999998,21206.88953677375,5193.982086969664,26400.871623743413
214,jinan,Asia/Shanghai,2023,4200340,22.367757893922253,20.192861046127895,19227.165013114314,18.586877793713903,0.9945018868438201,0.9480483832941567,0.8699460382802454,True,6.0,92.16,0.004251420822357383,6564.3278958490655,,0.9981471480000437,28735.48627502119,15191.938715914766,43927.42499093596
215,jinan,Asia/Shanghai,2023,4200341,39.96485832864415,9.478913311879165,21475.696542538193,8.756496300978323,0.992365841989438,0.932420026738544,0.8987045046291686,True,5.0,76.8,0.005367878627386896,5470.273246540887,,1.012814088999903,51342.188315529165,7131.3851860110935,58473.57350154026
216,jinan,Asia/Shanghai,2023,4200342,39.70834261278263,15.535464627246153,35561.08841058695,17.89955815552409,0.9983964011260815,0.898347456459659,0.8057083457884906,False,,,,,"No feasible battery size was found within the tested range for the selected fixed PV and wind capacities. Battery-range inadequacy: annual renewable production is sufficient overall, but no module count within the tested range (0..n_max) achieved the reliability target. Consider increasing candidate_module_counts.max and re-running.",0.9778458190000947,51012.64684483627,11687.983490860612,62700.630335696886
217,jinan,Asia/Shanghai,2023,4200343,34.98511163984537,11.064041532691833,27592.36169921867,19.784316522680122,0.9988654202704879,0.9615496129688663,0.8596896689656115,True,17.0,261.12,0.0009693834164004574,18598.929038239017,,0.9804420539999228,44944.79062785385,8323.943820096816,53268.734447950665
218,jinan,Asia/Shanghai,2023,4200344,18.073915021684172,11.41700148134375,31891.313648194988,13.411660618430183,0.9945495253742136,0.9373003251924675,0.7816646045265978,False,,,,,"No feasible battery size was found within the tested range for the selected fixed PV and wind capacities. Renewable-generation inadequacy: annual PV+wind production (31809 kWh) is less than annual load (31891 kWh). No finite battery can close this gap -- storage shifts energy in time, it does not create it. Increasing PV/wind capacity (a scenario input, not a battery decision variable in this optimization) would be required.",1.006266787999948,23219.257804226578,8589.490435647887,31808.748239874465
219,jinan,Asia/Shanghai,2023,4200345,32.475224719465984,11.670998529567107,23227.079877854103,6.90838942837742,0.9916984098902603,0.9565468791029221,0.7892564677160883,True,7.0,107.52,0.0066810279104002005,7658.382545157243,,0.9889582579999114,41720.38067606274,8780.58309863496,50500.9637746977
220,jinan,Asia/Shanghai,2023,4200346,18.250931218907585,6.298935584198873,12197.39956790677,13.725909469380724,0.9901955111013367,0.956391290182248,0.7310794238514551,True,4.0,61.44,0.005544875781489855,4376.21859723271,,1.003106366000111,23446.667566523403,4738.954185444354,28185.62175196776
221,jinan,Asia/Shanghai,2023,4200347,27.982804257398058,24.062967598250516,29762.544146471082,9.504078682137902,0.9942950961897822,0.912369966429995,0.7448831785349372,True,18.0,276.48,0.005424640937716432,19692.983687547196,,1.011853240000164,35949.042880759895,18103.58265926678,54052.625540026675
222,jinan,Asia/Shanghai,2023,4200348,11.276554529403295,9.471806417520938,28195.776069305553,11.208954785819014,0.9915900028319444,0.9541973988415143,0.8851373337473449,False,,,,,"No feasible battery size was found within the tested range for the selected fixed PV and wind capacities. Renewable-generation inadequacy: annual PV+wind production (21613 kWh) is less than annual load (28196 kWh). No finite battery can close this gap -- storage shifts energy in time, it does not create it. Increasing PV/wind capacity (a scenario input, not a battery decision variable in this optimization) would be required.",0.9765060929998981,14486.801915771968,7126.038370455634,21612.8402862276
223,jinan,Asia/Shanghai,2023,4200349,16.040449571581455,23.591458311344432,10714.438367007233,18.874437090604182,0.9985673591107281,0.8810846676714332,0.8526038593553497,True,4.0,61.44,0.00020616859467595546,4376.21859723271,,0.9844534880000992,20606.898585691146,17748.846390131926,38355.74497582307
224,jinan,Asia/Shanghai,2023,4200350,39.106047177095306,23.118044376355567,48828.40644784852,13.25485258546459,0.9907034052589685,0.9564810278024533,0.8227656511618023,False,,,,,"No feasible battery size was found within the tested range for the selected fixed PV and wind capacities. Battery-range inadequacy: annual renewable production is sufficient overall, but no module count within the tested range (0..n_max) achieved the reliability target. Consider increasing candidate_module_counts.max and re-running.",0.9960064920001059,50238.887923276954,17392.677174131204,67631.56509740817
225,jinan,Asia/Shanghai,2023,4200351,35.46935267874562,14.449373551289764,30393.214642281975,9.683214093831173,0.9987251272535302,0.945981202710359,0.773797710660069,True,23.0,353.28,0.0010485457662658625,25163.25693408808,,1.0082652140001755,45566.88703077052,10870.871491320788,56437.75852209131
226,jinan,Asia/Shanghai,2023,4200352,15.244221586990152,9.391591844041827,28556.891444402,19.138526004715068,0.9966073171118482,0.8993719373361235,0.8719122266837797,False,,,,,"No feasible battery size was found within the tested range for the selected fixed PV and wind capacities. Renewable-generation inadequacy: annual PV+wind production (26650 kWh) is less than annual load (28557 kWh). No finite battery can close this gap -- storage shifts energy in time, it does not create it. Increasing PV/wind capacity (a scenario input, not a battery decision variable in this optimization) would be required.",0.9899643070000366,19583.997746388515,7065.68957284671,26649.687319235225
227,jinan,Asia/Shanghai,2023,4200353,21.346015690290432,22.034443655050374,19667.98391924524,14.279909179044765,0.9983400343927316,0.9032104608233015,0.838585318117171,True,11.0,168.95999999999998,0.0013208266705722108,12034.601142389953,,1.0026729270000487,27422.87107199944,16577.43877314462,44000.30984514406
228,jinan,Asia/Shanghai,2023,4200354,39.61937859871431,8.01196574486007,13536.091628026976,15.112927886672242,0.9930576235297413,0.8864120029629932,0.7950611235767209,True,3.0,46.08,0.0028106071299792783,3282.1639479245327,,1.0305333920000521,50898.35625668905,6027.738828681864,56926.09508537091
229,jinan,Asia/Shanghai,2023,4200355,32.61312038931867,10.702448008303776,23401.87510020539,17.685491009704585,0.9946806472103534,0.9558458771925824,0.7892778984287419,True,9.0,138.24,0.0038000761045444177,9846.491843773598,,1.0088705480000044,41897.53294797254,8051.901802374499,49949.43475034704
230,jinan,Asia/Shanghai,2023,4200356,38.5892548468031,18.015891794354737,14635.954612769976,18.27639482340201,0.9944033867174772,0.8927475071175615,0.7305380267682842,True,3.0,46.08,0.0034894228558838792,3282.1639479245327,,0.9948830379998981,49574.97341809614,13554.113180255445,63129.08659835158
231,jinan,Asia/Shanghai,2023,4200357,30.626018053296153,5.947450134589795,21463.75059655253,7.096813857048021,0.9939696968665556,0.9172918394794926,0.8043752869377712,True,8.0,122.88,0.005022937467569942,8752.43719446542,,1.0120802599999479,39344.73565042343,4474.516897543501,43819.25254796693
232,jinan,Asia/Shanghai,2023,4200358,18.389089873075907,5.640871787563544,34575.444261407436,10.605770043235271,0.9958620149886604,0.8897800273723842,0.70275547105881,False,,,,,"No feasible battery size was found within the tested range for the selected fixed PV and wind capacities. Renewable-generation inadequacy: annual PV+wind production (27868 kWh) is less than annual load (34575 kWh). No finite battery can close this gap -- storage shifts energy in time, it does not create it. Increasing PV/wind capacity (a scenario input, not a battery decision variable in this optimization) would be required.",1.0239849000001868,23624.157690006363,4243.865111795569,27868.022801801933
233,jinan,Asia/Shanghai,2023,4200359,17.448827436558783,14.130946459881045,25762.87896673869,17.154538329101996,0.9934005387977354,0.9277397061642771,0.8187031184884385,False,,,,,"No feasible battery size was found within the tested range for the selected fixed PV and wind capacities. Battery-range inadequacy: annual renewable production is sufficient overall, but no module count within the tested range (0..n_max) achieved the reliability target. Consider increasing candidate_module_counts.max and re-running.",0.997913970999889,22416.218187639104,10631.305396792748,33047.52358443185
234,jinan,Asia/Shanghai,2023,4200360,10.654941749374348,15.30266753692378,23793.250375953514,11.319201915248819,0.9909025865864572,0.9504538509083781,0.8884808501617045,False,,,,,"No feasible battery size was found within the tested range for the selected fixed PV and wind capacities. Battery-range inadequacy: annual renewable production is sufficient overall, but no module count within the tested range (0..n_max) achieved the reliability target. Consider increasing candidate_module_counts.max and re-running.",0.989940365999928,13688.226323456875,11512.840447913812,25201.066771370686
235,jinan,Asia/Shanghai,2023,4200361,39.43014434061318,5.8469222799740965,27797.51044108025,13.204816813673274,0.9913206890988688,0.9102657247384626,0.8975294895512924,True,9.0,138.24,0.007244527593859981,9846.491843773598,,1.0044142300000658,50655.25015494131,4398.885564119506,55054.13571906081
236,jinan,Asia/Shanghai,2023,4200362,18.38462120710569,22.109507268357632,25595.57875490436,12.960849365903512,0.9987887435977363,0.8967834965280278,0.7602801273440372,False,,,,,"No feasible battery size was found within the tested range for the selected fixed PV and wind capacities. Battery-range inadequacy: annual renewable production is sufficient overall, but no module count within the tested range (0..n_max) achieved the reliability target. Consider increasing candidate_module_counts.max and re-running.",0.9902378369999951,23618.416869211367,16633.91228675688,40252.32915596825
237,jinan,Asia/Shanghai,2023,4200363,10.932088002095199,12.836754198201055,18007.33722339438,15.200524031118372,0.9916318931288927,0.9407331477165283,0.7526950856378635,True,26.0,399.36,0.007749597109354196,28445.42088201261,,0.9910954389999915,14044.271501476149,9657.630122093438,23701.90162356959
238,jinan,Asia/Shanghai,2023,4200364,20.656535023635993,11.97721304092795,38670.070006544374,11.997638947075146,0.9932516900896742,0.9567360447135504,0.8143901251282405,False,,,,,"No feasible battery size was found within the tested range for the selected fixed PV and wind capacities. Renewable-generation inadequacy: annual PV+wind production (35548 kWh) is less than annual load (38670 kWh). No finite battery can close this gap -- storage shifts energy in time, it does not create it. Increasing PV/wind capacity (a scenario input, not a battery decision variable in this optimization) would be required.",0.9873971990000427,26537.10673533678,9010.96115550817,35548.06789084495
239,jinan,Asia/Shanghai,2023,4200365,32.413326180622335,7.615036267526372,42277.76897416143,19.053609321964306,0.9954587889036715,0.9439323272820546,0.8427173219814835,False,,,,,"No feasible battery size was found within the tested range for the selected fixed PV and wind capacities. Battery-range inadequacy: annual renewable production is sufficient overall, but no module count within the tested range (0..n_max) achieved the reliability target. Consider increasing candidate_module_counts.max and re-running.",0.9987877639998715,41640.86065345605,5729.112087259804,47369.97274071586
240,jinan,Asia/Shanghai,2023,4200366,39.78423871811334,11.830765244032458,16514.2620497081,12.787508523714823,0.9947992482884853,0.896012123946653,0.822621883798828,True,4.0,61.44,0.0023241576887929618,4376.21859723271,,0.9939801590001025,51110.14930813192,8900.782318025224,60010.931626157144
241,jinan,Asia/Shanghai,2023,4200367,10.423742004304719,23.55336804908443,20582.971112850464,5.593403125852877,0.9909742449732737,0.9016224053451678,0.754781233721209,False,,,,,"No feasible battery size was found within the tested range for the selected fixed PV and wind capacities. Battery-range inadequacy: annual renewable production is sufficient overall, but no module count within the tested range (0..n_max) achieved the reliability target. Consider increasing candidate_module_counts.max and re-running.",0.9862735850001627,13391.207859078648,17720.189483683396,31111.397342762044
242,jinan,Asia/Shanghai,2023,4200368,10.98429998493186,10.587096243874583,17717.669459739285,10.679313911517779,0.9934665096362038,0.9105106966542591,0.7655847767061408,False,,,,,"No feasible battery size was found within the tested range for the selected fixed PV and wind capacities. Battery-range inadequacy: annual renewable production is sufficient overall, but no module count within the tested range (0..n_max) achieved the reliability target. Consider increasing candidate_module_counts.max and re-running.",0.9861364990001675,14111.347366804706,7965.117818075406,22076.46518488011
243,jinan,Asia/Shanghai,2023,4200369,12.691938332237537,5.504098942523243,18084.572006258662,16.34974141124923,0.9989172878899601,0.9635673557551596,0.8008438711075537,False,,,,,"No feasible battery size was found within the tested range for the selected fixed PV and wind capacities. Battery-range inadequacy: annual renewable production is sufficient overall, but no module count within the tested range (0..n_max) achieved the reliability target. Consider increasing candidate_module_counts.max and re-running.",0.9958580810000512,16305.12192947714,4140.965147540528,20446.08707701767
244,jinan,Asia/Shanghai,2023,4200370,25.95471567333803,11.29163138071685,40957.577545506254,16.471350318989728,0.997598451218242,0.9605954119477196,0.7868698496450591,False,,,,,"No feasible battery size was found within the tested range for the selected fixed PV and wind capacities. Battery-range inadequacy: annual renewable production is sufficient overall, but no module count within the tested range (0..n_max) achieved the reliability target. Consider increasing candidate_module_counts.max and re-running.",1.025125689000106,33343.591232536375,8495.169235636602,41838.76046817298
245,jinan,Asia/Shanghai,2023,4200371,33.00626704321593,21.127974575917573,22338.38489991001,18.93863366009225,0.9908490735237568,0.9694842261246954,0.8540181436317739,True,5.0,76.8,0.007635573359805584,5470.273246540887,,0.9771452340000906,42402.601910660334,15895.463957064863,58298.0658677252
246,jinan,Asia/Shanghai,2023,4200372,12.798127159729818,18.12459296210001,11367.176437130405,16.55280424166274,0.9971930062949315,0.9342169227782303,0.8713720783833141,True,4.0,61.44,0.0019389551146629061,4376.21859723271,,0.9901209199999812,16441.540948738526,13635.893640932225,30077.434589670753
247,jinan,Asia/Shanghai,2023,4200373,22.753078959769194,22.588234669753703,20813.63882110556,18.40614693074408,0.9938337386833156,0.9095026948624587,0.8005024098670293,True,7.0,107.52,0.005597166661758756,7658.382545157243,,0.991256691999979,29230.50183499066,16994.079047030453,46224.58088202111
248,jinan,Asia/Shanghai,2023,4200374,34.717370831523894,10.134435230703325,48790.8631532404,16.770830312770272,0.9987083372339772,0.9554322899347274,0.7284207851703285,False,,,,,"No feasible battery size was found within the tested range for the selected fixed PV and wind capacities. Battery-range inadequacy: annual renewable production is sufficient overall, but no module count within the tested range (0..n_max) achieved the reliability target. Consider increasing candidate_module_counts.max and re-running.",0.9963414680000824,44600.828467709245,7624.561898066224,52225.39036577547
249,jinan,Asia/Shanghai,2023,4200375,25.79380271905041,8.399570423915714,42729.09410509029,13.762432237749438,0.9923710438292122,0.9636639074806455,0.7230372106628521,False,,,,,"No feasible battery size was found within the tested range for the selected fixed PV and wind capacities. Renewable-generation inadequacy: annual PV+wind production (39456 kWh) is less than annual load (42729 kWh). No finite battery can close this gap -- storage shifts energy in time, it does not create it. Increasing PV/wind capacity (a scenario input, not a battery decision variable in this optimization) would be required.",1.0019665979998535,33136.86903841511,6319.350132140236,39456.21917055535
250,jinan,Asia/Shanghai,2023,4200376,26.91587210413942,19.420811093334507,12353.941493297272,13.967840498093054,0.9973431109391678,0.8860774582976249,0.8024485942213254,True,3.0,46.08,0.0016857877870114742,3282.1639479245327,,0.9852350950000073,34578.37290159881,14611.093062509395,49189.4659641082
251,jinan,Asia/Shanghai,2023,4200377,17.7567153444622,18.258489030738417,14747.094683153797,19.055771460057603,0.9980525572354326,0.8967376977888138,0.7646531768730209,True,7.0,107.52,0.0018118085952212532,7658.382545157243,,1.0014451009999448,22811.756658404098,13736.629285297326,36548.385943701425
252,jinan,Asia/Shanghai,2023,4200378,27.629049239591293,19.36124673268501,27706.240606410327,7.344369829414626,0.9909373634442258,0.969978880322291,0.7910704242886974,True,10.0,153.6,0.008359396372904298,10940.546493081774,,0.9930121849999978,35494.57969731903,14566.280288600205,50060.85998591923
253,jinan,Asia/Shanghai,2023,4200379,19.441523423960902,12.103297739877437,28098.00939339032,11.242425201009361,0.9917104069436363,0.9608537845545437,0.7506615201411287,False,,,,,"No feasible battery size was found within the tested range for the selected fixed PV and wind capacities. Battery-range inadequacy: annual renewable production is sufficient overall, but no module count within the tested range (0..n_max) achieved the reliability target. Consider increasing candidate_module_counts.max and re-running.",1.0011553159999949,24976.201556014275,9105.819977894931,34082.02153390921
254,jinan,Asia/Shanghai,2023,4200380,31.15817228432955,6.343113554699458,11550.053261137178,14.805957088653809,0.9930511427181593,0.9389913453448001,0.718804240433766,True,3.0,46.08,0.002515149562724616,3282.1639479245327,,0.981867536999971,40028.38533380137,4772.191130863095,44800.57646466447
255,jinan,Asia/Shanghai,2023,4200381,18.906054565222426,6.212614843788103,24755.13522949883,8.818239719409231,0.9934732916231689,0.8977263588358023,0.7523792749129471,False,,,,,"No feasible battery size was found within the tested range for the selected fixed PV and wind capacities. Battery-range inadequacy: annual renewable production is sufficient overall, but no module count within the tested range (0..n_max) achieved the reliability target. Consider increasing candidate_module_counts.max and re-running.",0.9981037649999962,24288.293625592618,4674.011461615515,28962.305087208133
256,jinan,Asia/Shanghai,2023,4200382,28.808570212968064,12.763076691561302,23815.335726779682,13.008584490835593,0.9969467448675954,0.9140981160713162,0.8175038985111681,True,13.0,199.68,0.002868012029951328,14222.710441006306,,0.9900571779999154,37009.89065974578,9602.19943482948,46612.090094575266
257,jinan,Asia/Shanghai,2023,4200383,38.98607876104529,15.439602282361014,46391.90306070178,16.905089363846404,0.9905284681348513,0.9186188984322331,0.8396636815737176,False,,,,,"No feasible battery size was found within the tested range for the selected fixed PV and wind capacities. Battery-range inadequacy: annual renewable production is sufficient overall, but no module count within the tested range (0..n_max) achieved the reliability target. Consider increasing candidate_module_counts.max and re-running.",0.9945371880000948,50084.766495944365,11615.862216647309,61700.62871259167
258,jinan,Asia/Shanghai,2023,4200384,39.60135737344599,14.167525823230251,13711.418165069577,13.430137620693017,0.9911390741291156,0.9476367604251454,0.8015353994923555,True,2.0,30.72,0.006062813666125465,2188.109298616355,,0.9868358849998913,50875.204688533995,10658.825590439348,61534.03027897334
259,jinan,Asia/Shanghai,2023,4200385,31.702941051318597,22.387236537570473,35157.92068651109,14.186589938797724,0.9967911326589567,0.9558209501307401,0.8738107572554006,True,28.0,430.08,0.0031596152764085555,30633.53018062897,,0.9976655010000286,40728.240701563904,16842.8596978176,57571.1003993815
260,jinan,Asia/Shanghai,2023,4200386,11.092905870486499,16.123805935955787,18650.772391902057,17.90518836172675,0.9958355791668303,0.9178200231129194,0.7376208456242702,False,,,,,"No feasible battery size was found within the tested range for the selected fixed PV and wind capacities. Battery-range inadequacy: annual renewable production is sufficient overall, but no module count within the tested range (0..n_max) achieved the reliability target. Consider increasing candidate_module_counts.max and re-running.",0.9853246499999386,14250.871540329037,12130.617404179784,26381.48894450882
261,jinan,Asia/Shanghai,2023,4200387,20.170708777594797,19.075553890804493,18174.38180846555,6.403744180075591,0.997992258824048,0.9487789314622105,0.7399589861316265,True,10.0,153.6,0.0014889836082452278,10940.546493081774,,1.0007705000000442,25912.973843190484,14351.341546858275,40264.31539004876
262,jinan,Asia/Shanghai,2023,4200388,18.76934630289975,24.441403542617714,38327.3794703647,14.15783006320737,0.9927686563688172,0.906921262974987,0.707904723738046,False,,,,,"No feasible battery size was found within the tested range for the selected fixed PV and wind capacities. Battery-range inadequacy: annual renewable production is sufficient overall, but no module count within the tested range (0..n_max) achieved the reliability target. Consider increasing candidate_module_counts.max and re-running.",1.0300579859999743,24112.666796373283,18388.295937964263,42500.96273433755
263,jinan,Asia/Shanghai,2023,4200389,31.85445600705794,5.86350450113769,10194.293511091162,15.942426317914688,0.9985398638143421,0.948085274295458,0.7943280381248757,True,3.0,46.08,0.0012146107656657976,3282.1639479245327,,1.002134801000011,40922.889443371474,4411.361066581272,45334.25050995275
264,jinan,Asia/Shanghai,2023,4200390,24.581357486826192,13.722728452982107,22985.746684413345,12.825713212787603,0.99388035861427,0.9338351092036697,0.8796240161002189,True,9.0,138.24,0.005789931163706352,9846.491843773598,,1.0169275979999384,31579.260828641847,10324.185819761304,41903.44664840315
265,jinan,Asia/Shanghai,2023,4200391,39.85028251971431,6.574865797658342,25387.338906453653,7.710592936502142,0.9931690842653298,0.9058725716693581,0.7349074263253577,True,9.0,138.24,0.006559251063757657,9846.491843773598,,1.051830529999961,51194.99468080875,4946.548091190037,56141.542771998786
266,jinan,Asia/Shanghai,2023,4200392,17.881887892445008,24.720594861532472,18358.38429938456,7.971766121181361,0.9951627660191614,0.9248198461713841,0.8160876594405689,True,7.0,107.52,0.004715970633033683,7658.382545157243,,1.0171514590001607,22972.563747412634,18598.343310512384,41570.90705792502
267,jinan,Asia/Shanghai,2023,4200393,21.302058346256402,21.53524719789894,15543.222057698513,11.425889687621986,0.9962078566359968,0.9581412796254609,0.7739143212713515,True,5.0,76.8,0.0025527426318232814,5470.273246540887,,1.0140494750000926,27366.399803749555,16201.872281258095,43568.27208500765
268,jinan,Asia/Shanghai,2023,4200394,27.032367972812583,6.3827989001452305,16812.763524473157,6.037072436991718,0.9965509280279867,0.9059253971849927,0.8447490580383675,True,6.0,92.16,0.003262829722151734,6564.3278958490655,,1.0101828560000286,34728.03320511381,4802.0480854845755,39530.081290598384
269,jinan,Asia/Shanghai,2023,4200395,17.041104671556873,15.965466357163773,27049.76812720227,16.93288289342903,0.994400084713236,0.9250594756595143,0.8978183878999805,False,,,,,"No feasible battery size was found within the tested range for the selected fixed PV and wind capacities. Battery-range inadequacy: annual renewable production is sufficient overall, but no module count within the tested range (0..n_max) achieved the reliability target. Consider increasing candidate_module_counts.max and re-running.",1.0600287950001075,21892.42353762148,12011.491878984665,33903.91541660614
270,jinan,Asia/Shanghai,2023,4200396,14.503886702477713,21.614078774918628,12069.989824155391,12.164731543594561,0.9979770134153972,0.939869256904371,0.8370429238732267,True,4.0,61.44,0.0017924435482549869,4376.21859723271,,0.9974935600000663,18632.901842466596,16261.18059245908,34894.08243492567
271,jinan,Asia/Shanghai,2023,4200397,17.899518467694566,13.371495827229085,24663.24253996202,12.821648152369914,0.994160051371293,0.909420851668929,0.761096122474234,False,,,,,"No feasible battery size was found within the tested range for the selected fixed PV and wind capacities. Battery-range inadequacy: annual renewable production is sufficient overall, but no module count within the tested range (0..n_max) achieved the reliability target. Consider increasing candidate_module_counts.max and re-running.",1.0074693930000649,22995.213453990604,10059.938741881622,33055.15219587223
272,jinan,Asia/Shanghai,2023,4200398,17.525586749653662,12.300944937695169,15997.659117362426,18.081564530053605,0.9954190745265008,0.892040778303447,0.8387718668418003,True,8.0,122.88,0.003921800796382998,8752.43719446542,,1.0269256280000718,22514.829599582066,9254.518278237816,31769.347877819884
273,jinan,Asia/Shanghai,2023,4200399,35.429994039939196,9.750713441045178,16024.023773490557,5.129258857006281,0.9904252530497084,0.948602621347316,0.8974372664083388,True,3.0,46.08,0.005884020982281272,3282.1639479245327,,1.0245274630001404,45516.32364258521,7335.871855623451,52852.19549820866
274,jinan,Asia/Shanghai,2023,4200400,11.346409674288298,19.961419181597854,12874.486633638402,13.881992373555002,0.9968046775418541,0.9123283957540964,0.7021869442221327,True,9.0,138.24,0.002438123455431701,9846.491843773598,,1.0117172259999734,14576.543657729397,15017.815266334963,29594.35892406436
275,jinan,Asia/Shanghai,2023,4200401,27.85568056376278,24.824892562800557,20304.696913539832,7.842369157808237,0.9911153330347816,0.9299730057910051,0.8192890198720546,True,5.0,76.8,0.006788260031175541,5470.273246540887,,1.00873465199993,35785.72918740669,18676.81085814003,54462.54004554672
276,jinan,Asia/Shanghai,2023,4200402,33.76812511511207,20.061465472410195,45701.65979180349,17.08659047513452,0.992225403747715,0.9300289664388185,0.759482391818716,False,,,,,"No feasible battery size was found within the tested range for the selected fixed PV and wind capacities. Battery-range inadequacy: annual renewable production is sufficient overall, but no module count within the tested range (0..n_max) achieved the reliability target. Consider increasing candidate_module_counts.max and re-running.",1.0134989499999847,43381.34829517992,15093.084299054182,58474.43259423411
277,jinan,Asia/Shanghai,2023,4200403,19.893561386545073,23.638887384599926,37275.83620268294,19.618856198766586,0.9937522128304687,0.9283693816018579,0.7974230839832843,False,,,,,"No feasible battery size was found within the tested range for the selected fixed PV and wind capacities. Battery-range inadequacy: annual renewable production is sufficient overall, but no module count within the tested range (0..n_max) achieved the reliability target. Consider increasing candidate_module_counts.max and re-running.",1.0058274500001971,25556.927202779054,17784.529276900874,43341.456479679924
278,jinan,Asia/Shanghai,2023,4200404,32.959636718159096,6.938690835786274,46011.12398461637,15.885514560838034,0.9906175877139797,0.9422662355157088,0.8263257084342636,False,,,,,"No feasible battery size was found within the tested range for the selected fixed PV and wind capacities. Battery-range inadequacy: annual renewable production is sufficient overall, but no module count within the tested range (0..n_max) achieved the reliability target. Consider increasing candidate_module_counts.max and re-running.",1.0024316280000676,42342.696708179836,5220.268970560658,47562.9656787405
279,jinan,Asia/Shanghai,2023,4200405,32.72048298219756,21.563957049786715,38734.0225269262,13.792644429064579,0.992902169867236,0.9427546295646936,0.8913943169261559,True,25.0,384.0,0.007011896695544674,27351.366232704437,,0.9874849569998787,42035.45988408983,16223.47191042534,58258.93179451517
280,jinan,Asia/Shanghai,2023,4200406,27.62565341586623,18.28689736868508,27485.12168799203,16.34181214614612,0.9989790065310478,0.8944350391660962,0.7404810559007524,True,29.0,445.44,0.0007414880343726289,31727.584829937146,,0.9931679290000375,35490.217139099885,13758.00207284441,49248.21921194429
281,jinan,Asia/Shanghai,2023,4200407,29.720018853051208,19.404320580053277,35661.88813363426,16.853647330841525,0.9956228457121613,0.9283756896283484,0.8212392857775622,False,,,,,"No feasible battery size was found within the tested range for the selected fixed PV and wind capacities. Battery-range inadequacy: annual renewable production is sufficient overall, but no module count within the tested range (0..n_max) achieved the reliability target. Consider increasing candidate_module_counts.max and re-running.",0.9849436969998351,38180.81355741415,14598.686555744942,52779.50011315909
282,jinan,Asia/Shanghai,2023,4200408,13.035801002599971,10.4631308145104,31095.991226325248,18.094808231025606,0.9961114640065919,0.8881367270624708,0.8184549900888809,False,,,,,"No feasible battery size was found within the tested range for the selected fixed PV and wind capacities. Renewable-generation inadequacy: annual PV+wind production (24619 kWh) is less than annual load (31096 kWh). No finite battery can close this gap -- storage shifts energy in time, it does not create it. Increasing PV/wind capacity (a scenario input, not a battery decision variable in this optimization) would be required.",0.9945561170000019,16746.876578805524,7871.85341133826,24618.729990143784
283,jinan,Asia/Shanghai,2023,4200409,16.65213962911297,19.680331195774457,43097.63410034989,13.9018440888496,0.9953222634877654,0.9104732298889733,0.7892500042322619,False,,,,,"No feasible battery size was found within the tested range for the selected fixed PV and wind capacities. Renewable-generation inadequacy: annual PV+wind production (36199 kWh) is less than annual load (43098 kWh). No finite battery can close this gap -- storage shifts energy in time, it does not create it. Increasing PV/wind capacity (a scenario input, not a battery decision variable in this optimization) would be required.",0.9836144729999887,21392.726621568618,14806.340951493985,36199.0675730626
284,jinan,Asia/Shanghai,2023,4200410,35.923250614460365,19.466406619343132,30790.146387833724,10.523485793725564,0.9904534176445969,0.8928706661193747,0.7386050379078741,True,11.0,168.95999999999998,0.007498959355114002,12034.601142389953,,0.9845314719998441,46150.002154058566,14645.39649456197,60795.39864862054
285,jinan,Asia/Shanghai,2023,4200411,21.20150629776024,23.88287294152549,30206.135794349946,8.522602448888467,0.9909517512371536,0.9104474972142668,0.8631461271102114,True,22.0,337.91999999999996,0.008926644453174377,24069.202284779905,,0.9782519580001008,27237.222260645343,17968.08987388187,45205.31213452721
286,jinan,Asia/Shanghai,2023,4200412,11.528322670090668,23.46605380515757,45346.651262899315,12.832121708135027,0.9949702780830961,0.8990566992498512,0.8638901511089274,False,,,,,"No feasible battery size was found within the tested range for the selected fixed PV and wind capacities. Renewable-generation inadequacy: annual PV+wind production (32465 kWh) is less than annual load (45347 kWh). No finite battery can close this gap -- storage shifts energy in time, it does not create it. Increasing PV/wind capacity (a scenario input, not a battery decision variable in this optimization) would be required.",1.0045798180001384,14810.244255657784,17654.499305370715,32464.7435610285
287,jinan,Asia/Shanghai,2023,4200413,24.958001151763792,5.677555902851131,37320.59825795991,19.257444047040593,0.9974623544131117,0.9049478326189486,0.7106650169866681,False,,,,,"No feasible battery size was found within the tested range for the selected fixed PV and wind capacities. Renewable-generation inadequacy: annual PV+wind production (36335 kWh) is less than annual load (37321 kWh). No finite battery can close this gap -- storage shifts energy in time, it does not create it. Increasing PV/wind capacity (a scenario input, not a battery decision variable in this optimization) would be required.",1.017392018999999,32063.128676090648,4271.4641147314815,36334.59279082213
288,jinan,Asia/Shanghai,2023,4200414,38.21054237614541,23.741254497594028,31296.612788514776,14.634761175073027,0.9941634005463973,0.9177788830388882,0.72388968718574,True,12.0,184.32,0.004994484876463551,13128.655791698131,,1.0068634299998394,49088.44781037215,17861.544361765715,66949.99217213786
289,jinan,Asia/Shanghai,2023,4200415,14.896200541533613,16.266324833959246,24723.73083986462,14.392389287607038,0.9982098480636781,0.893589381829156,0.8826867319626128,False,,,,,"No feasible battery size was found within the tested range for the selected fixed PV and wind capacities. Battery-range inadequacy: annual renewable production is sufficient overall, but no module count within the tested range (0..n_max) achieved the reliability target. Consider increasing candidate_module_counts.max and re-running.",1.0182205109999813,19136.90090178916,12237.840365769145,31374.741267558304
290,jinan,Asia/Shanghai,2023,4200416,37.07469902268756,21.581751666718056,35251.43669224341,14.302199861983212,0.9957529139394286,0.9421445996096032,0.7032964401192313,True,24.0,368.64,0.004002931893004024,26257.311583396262,,0.9929540749999433,47629.248759280366,16236.859549218902,63866.10830849927
291,jinan,Asia/Shanghai,2023,4200417,38.7427773748195,16.712075229311594,41258.633576096865,10.659227585920448,0.9901115749252422,0.9258761193888799,0.8014380238631857,True,21.0,322.56,0.00973712900336638,22975.14763547173,,1.0071526109998103,49772.20125459379,12573.197137319166,62345.39839191295
292,jinan,Asia/Shanghai,2023,4200418,23.109678649343554,11.794341083241536,19993.043512388882,12.913173117457742,0.9933775032572414,0.9672938694744828,0.7345854615533862,True,8.0,122.88,0.005034860242586399,8752.43719446542,,1.0082163320000745,29688.619520904325,8873.378889791342,38561.99841069567
293,jinan,Asia/Shanghai,2023,4200419,19.58996702881261,10.87920941849142,31732.36704943828,12.489203854612219,0.9957936641888184,0.9655001593516787,0.7570442170987735,False,,,,,"No feasible battery size was found within the tested range for the selected fixed PV and wind capacities. Battery-range inadequacy: annual renewable production is sufficient overall, but no module count within the tested range (0..n_max) achieved the reliability target. Consider increasing candidate_module_counts.max and re-running.",1.0088821829999688,25166.904584456388,8184.88684618652,33351.79143064291
294,jinan,Asia/Shanghai,2023,4200420,30.783147077649893,5.500804060103672,20495.53890934498,11.95579591994889,0.9902789530963302,0.9355902514498274,0.8356621216803417,True,6.0,92.16,0.0076997530371052435,6564.3278958490655,,1.0155898800001069,39546.59669273876,4138.486268907138,43685.0829616459
295,jinan,Asia/Shanghai,2023,4200421,32.4019514451414,15.331490096860245,34157.78659914507,10.94097876917731,0.990371277292559,0.8889956670197062,0.8309991848402929,True,18.0,276.48,0.0093566550739536,19692.983687547196,,1.0148708760000318,41626.24772010598,11534.524872086804,53160.772592192785
296,jinan,Asia/Shanghai,2023,4200422,39.86665898757329,5.316064783265924,32303.33987305531,16.26513129323837,0.9974409734521249,0.9290684411100376,0.823983196036821,True,23.0,353.28,0.00246842237832655,25163.25693408808,,1.0193604469998263,51216.03325649553,3999.499140449694,55215.53239694523
297,jinan,Asia/Shanghai,2023,4200423,30.901748358236603,22.17932499386861,14891.581488112746,18.89273294412295,0.9902341566319641,0.9552579775861998,0.7153480853119394,True,3.0,46.08,0.004907298901263256,3282.1639479245327,,1.0255145529999936,39698.961783896404,16686.439098327784,56385.40088222419
298,jinan,Asia/Shanghai,2023,4200424,15.83884634814767,5.077882927622652,27810.268221441627,10.015388400760884,0.9914939362033832,0.9205981144723515,0.7804741766344367,False,,,,,"No feasible battery size was found within the tested range for the selected fixed PV and wind capacities. Renewable-generation inadequacy: annual PV+wind production (24168 kWh) is less than annual load (27810 kWh). No finite battery can close this gap -- storage shifts energy in time, it does not create it. Increasing PV/wind capacity (a scenario input, not a battery decision variable in this optimization) would be required.",1.0164223070000844,20347.90228005089,3820.3049120583046,24168.207192109196
299,jinan,Asia/Shanghai,2023,4200425,34.69202849705245,23.042993368180024,45099.079248970374,19.39394393089242,0.9920550260846873,0.9638641861715784,0.8142426382703996,False,,,,,"No feasible battery size was found within the tested range for the selected fixed PV and wind capacities. Battery-range inadequacy: annual renewable production is sufficient overall, but no module count within the tested range (0..n_max) achieved the reliability target. Consider increasing candidate_module_counts.max and re-running.",1.0190776559998085,44568.271592414254,17336.213143889727,61904.48473630398
300,jinan,Asia/Shanghai,2023,4200426,22.674852517544565,16.20747791935746,23704.09426601111,9.32829510441428,0.9921718290417978,0.8874185190511414,0.7993129794294375,True,12.0,184.32,0.00708548066152647,13128.655791698131,,1.0307865279999078,29130.00562667376,12193.567356698819,41323.57298337258
301,jinan,Asia/Shanghai,2023,4200427,36.63285027141662,17.603039385487694,30839.02531023094,11.428893773763747,0.9941796146368547,0.8988349612814756,0.8645871754386194,True,11.0,168.95999999999998,0.005636301825033765,12034.601142389953,,0.9954902780000339,47061.6130226994,13243.506947691456,60305.11997039086
302,jinan,Asia/Shanghai,2023,4200428,15.951488898445842,19.332455134546258,40399.4004598461,13.623035630416014,0.9977663373745934,0.9061945317205585,0.8763234442485727,False,,,,,"No feasible battery size was found within the tested range for the selected fixed PV and wind capacities. Renewable-generation inadequacy: annual PV+wind production (35037 kWh) is less than annual load (40399 kWh). No finite battery can close this gap -- storage shifts energy in time, it does not create it. Increasing PV/wind capacity (a scenario input, not a battery decision variable in this optimization) would be required.",1.0266165569998975,20492.61228958457,14544.619158289943,35037.23144787451
303,jinan,Asia/Shanghai,2023,4200429,31.882313787979125,20.974996555235215,36583.188381092565,17.695145254849542,0.9989378897644587,0.9178146569072174,0.8627831367419141,False,,,,,"No feasible battery size was found within the tested range for the selected fixed PV and wind capacities. Battery-range inadequacy: annual renewable production is sufficient overall, but no module count within the tested range (0..n_max) achieved the reliability target. Consider increasing candidate_module_counts.max and re-running.",1.0110135570000693,40958.6778708531,15780.372157553174,56739.05002840627
304,jinan,Asia/Shanghai,2023,4200430,35.22088511601282,12.931054456576947,25763.363576610325,8.689715272859303,0.9944244930086771,0.952523526521556,0.879032823554748,True,8.0,122.88,0.004979892194835364,8752.43719446542,,1.0201101860000108,45247.684888447795,9728.576172921448,54976.261061369245
305,jinan,Asia/Shanghai,2023,4200431,12.103432961325517,16.49641462480231,28690.93471569338,14.214227757073676,0.9940254811821744,0.9158780338768073,0.7943761424858978,False,,,,,"No feasible battery size was found within the tested range for the selected fixed PV and wind capacities. Renewable-generation inadequacy: annual PV+wind production (27960 kWh) is less than annual load (28691 kWh). No finite battery can close this gap -- storage shifts energy in time, it does not create it. Increasing PV/wind capacity (a scenario input, not a battery decision variable in this optimization) would be required.",1.0421648779999941,15549.078874611383,12410.946593443392,27960.025468054773
306,jinan,Asia/Shanghai,2023,4200432,27.459973862692422,15.019664220635535,28885.778040825848,17.267529649371212,0.9967108319211407,0.9107240644763074,0.8601154235030641,True,25.0,384.0,0.0031190739292854875,27351.366232704437,,1.007719040999973,35277.371374725306,11299.925149401613,46577.29652412692
307,jinan,Asia/Shanghai,2023,4200433,35.609520070135005,8.06984410748381,33307.29846923035,9.279679903988207,0.9966525508973405,0.9014906796422815,0.8342807048346064,True,30.0,460.79999999999995,0.003083263099928009,32821.63947924532,,1.0079959320000853,45746.957745527754,6071.283155359928,51818.240900887686
308,jinan,Asia/Shanghai,2023,4200434,14.975980891700285,21.393164390703262,11285.97580402245,10.899528255489617,0.9978366003598608,0.9419876991483928,0.8065480854675756,True,4.0,61.44,0.00112117230393044,4376.21859723271,,1.0025918010001078,19239.393389775796,16094.977409126253,35334.37079890205
309,jinan,Asia/Shanghai,2023,4200435,21.635920752478615,21.24593892940572,38382.33615792883,12.0260797942351,0.998032359034887,0.9006953216036769,0.734078301831725,False,,,,,"No feasible battery size was found within the tested range for the selected fixed PV and wind capacities. Battery-range inadequacy: annual renewable production is sufficient overall, but no module count within the tested range (0..n_max) achieved the reliability target. Consider increasing candidate_module_counts.max and re-running.",0.9971601289998944,27795.307280182442,15984.213502003573,43779.52078218602
310,jinan,Asia/Shanghai,2023,4200436,29.284112930007446,24.439886854035407,19890.262932270813,8.745055684007397,0.9912554896316597,0.9574507199746268,0.7452795080822668,True,5.0,76.8,0.006592739607223541,5470.273246540887,,0.9807655249999243,37620.81247334358,18387.154869348928,56007.967342692515
311,jinan,Asia/Shanghai,2023,4200437,25.095355801746635,24.817449560044093,10485.636036881742,13.347291357661911,0.9946106013843445,0.9526702638769139,0.7710563079105553,True,2.0,30.72,0.0012147298840079021,2188.109298616355,,0.9878933410000172,32239.585908778452,18671.211174099208,50910.79708287766
312,jinan,Asia/Shanghai,2023,4200438,22.310240766971248,8.358759611977273,39632.60926543147,16.770633637822222,0.9912299698870095,0.9154111366589489,0.8785809990725366,False,,,,,"No feasible battery size was found within the tested range for the selected fixed PV and wind capacities. Renewable-generation inadequacy: annual PV+wind production (34950 kWh) is less than annual load (39633 kWh). No finite battery can close this gap -- storage shifts energy in time, it does not create it. Increasing PV/wind capacity (a scenario input, not a battery decision variable in this optimization) would be required.",0.9924264109999967,28661.59497934831,6288.646441737018,34950.241421085324
313,jinan,Asia/Shanghai,2023,4200439,10.081218210273615,10.975181412452645,32201.691402101907,10.0114078948993,0.992448406702599,0.9214033736412891,0.7363046216219387,False,,,,,"No feasible battery size was found within the tested range for the selected fixed PV and wind capacities. Renewable-generation inadequacy: annual PV+wind production (21208 kWh) is less than annual load (32202 kWh). No finite battery can close this gap -- storage shifts energy in time, it does not create it. Increasing PV/wind capacity (a scenario input, not a battery decision variable in this optimization) would be required.",1.014956237999968,12951.173241888726,8257.090614011813,21208.26385590054
314,jinan,Asia/Shanghai,2023,4200440,20.816953323275513,20.655226961122047,18250.916136213833,7.7999315554314474,0.9944732326159573,0.8829642413228525,0.7450594677564667,True,7.0,107.52,0.0044485900109337,7658.382545157243,,0.9937284790000831,26743.193454864726,15539.79604177231,42282.989496637034
315,jinan,Asia/Shanghai,2023,4200441,31.72036756553045,21.74766956610851,13231.414557512417,18.231165641571565,0.9971776548364786,0.9582715866136269,0.839685710915768,True,3.0,46.08,0.0007895236165613244,3282.1639479245327,,0.9864099710000573,40750.628254323135,16361.68656375909,57112.314818082225
316,jinan,Asia/Shanghai,2023,4200442,30.224592018818942,15.501864666897276,36111.4889796526,18.786644968499076,0.9909046980127504,0.9084188030061482,0.7144909947191743,False,,,,,"No feasible battery size was found within the tested range for the selected fixed PV and wind capacities. Battery-range inadequacy: annual renewable production is sufficient overall, but no module count within the tested range (0..n_max) achieved the reliability target. Consider increasing candidate_module_counts.max and re-running.",0.998155006999923,38829.03030530743,11662.704827410631,50491.735132718066
317,jinan,Asia/Shanghai,2023,4200443,38.34415515832116,13.90530931998776,37013.778827047536,17.61680096756482,0.9989190022326884,0.894560421201304,0.8599025211436457,False,,,,,"No feasible battery size was found within the tested range for the selected fixed PV and wind capacities. Battery-range inadequacy: annual renewable production is sufficient overall, but no module count within the tested range (0..n_max) achieved the reliability target. Consider increasing candidate_module_counts.max and re-running.",1.0190613429999757,49260.09792776822,10461.549085715156,59721.64701348338
318,jinan,Asia/Shanghai,2023,4200444,36.62268694410209,5.977507537017512,40163.62240742294,10.320879817948255,0.9958373711232339,0.9262643376434978,0.7519484504173274,False,,,,,"No feasible battery size was found within the tested range for the selected fixed PV and wind capacities. Battery-range inadequacy: annual renewable production is sufficient overall, but no module count within the tested range (0..n_max) achieved the reliability target. Consider increasing candidate_module_counts.max and re-running.",0.9936264020000181,47048.5563652579,4497.130345662535,51545.68671092043
319,jinan,Asia/Shanghai,2023,4200445,14.056640860119582,7.338944661784166,14132.914308339668,14.566850602018667,0.9931626976625958,0.8994970094385285,0.8383770185411806,True,8.0,122.88,0.006509743652161296,8752.43719446542,,0.984319300999914,18058.332552795662,5521.396759311345,23579.729312107007
320,jinan,Asia/Shanghai,2023,4200446,39.6534224149579,21.931964325756336,33186.58877240238,14.40149096490741,0.9931796059449325,0.9411536696432293,0.8540790766362654,True,10.0,153.6,0.0065127665204939835,10940.546493081774,,0.9897808640000676,50942.09178078835,16500.339263237303,67442.43104402565
321,jinan,Asia/Shanghai,2023,4200447,39.94685443353562,14.84925834000866,12452.162630937692,13.937869260964778,0.9910712173498395,0.9020288539200499,0.7657559822611474,True,2.0,30.72,0.0036778337460891923,2188.109298616355,,0.9987769719998596,51319.05901114195,11171.721637804061,62490.78064894601
322,jinan,Asia/Shanghai,2023,4200448,31.93089619445232,8.67616247757001,16630.1178736941,5.674463637482412,0.997859159427185,0.9424154881920455,0.7079892931235252,True,7.0,107.52,0.0017428966968825572,7658.382545157243,,1.0100956149999547,41021.090879838564,6527.441968102769,47548.53284794134
323,jinan,Asia/Shanghai,2023,4200449,10.848769169143438,16.17348592950112,21301.37605146844,13.950895256478931,0.9939114375811287,0.9630981306079229,0.7575618029922736,False,,,,,"No feasible battery size was found within the tested range for the selected fixed PV and wind capacities. Battery-range inadequacy: annual renewable production is sufficient overall, but no module count within the tested range (0..n_max) achieved the reliability target. Consider increasing candidate_module_counts.max and re-running.",1.0106021399999463,13937.233183550386,12167.99375296085,26105.226936511237
324,jinan,Asia/Shanghai,2023,4200450,30.374361053166805,6.081086232371984,48234.42136755701,19.71136201862528,0.9966516716611478,0.9218691224407216,0.7439986878654522,False,,,,,"No feasible battery size was found within the tested range for the selected fixed PV and wind capacities. Renewable-generation inadequacy: annual PV+wind production (43596 kWh) is less than annual load (48234 kWh). No finite battery can close this gap -- storage shifts energy in time, it does not create it. Increasing PV/wind capacity (a scenario input, not a battery decision variable in this optimization) would be required.",1.0011727000000974,39021.43609096267,4575.056954898588,43596.49304586126
325,jinan,Asia/Shanghai,2023,4200451,34.37549020743894,19.727081942940444,18878.161582437962,11.768229412358984,0.994165190440351,0.9543769494975438,0.8367689368668153,True,4.0,61.44,0.005817660899905949,4376.21859723271,,0.9897016459999577,44161.620120244166,14841.513505014085,59003.133625258255
326,jinan,Asia/Shanghai,2023,4200452,29.295026306201652,17.996548451265568,20818.80317529916,10.575668897443009,0.9904109605689303,0.9508247022230911,0.7865996430339628,True,5.0,76.8,0.009582532847020072,5470.273246540887,,0.9974984409998342,37634.8327060969,13539.560369630926,51174.39307572783
327,jinan,Asia/Shanghai,2023,4200453,23.147150712627205,9.907125298672534,18377.091258377157,13.817328943535438,0.9920929771368331,0.8857787966408918,0.8535014831961797,True,6.0,92.16,0.006187887594991797,6564.3278958490655,,0.9948834120000356,29736.759256915895,7453.547075102704,37190.3063320186
328,jinan,Asia/Shanghai,2023,4200454,21.294083032190976,12.604711677986089,27252.731260631652,17.225672351121407,0.9928875320634584,0.9482232590132053,0.8879089681559087,True,25.0,384.0,0.006782695693458912,27351.366232704437,,1.0054546010001104,27356.154050511665,9483.054773977125,36839.208824488785
329,jinan,Asia/Shanghai,2023,4200455,29.826045877743983,13.633621623540492,39911.588925866585,11.868460546270782,0.9937298454399732,0.9272754847215414,0.7635444669618587,False,,,,,"No feasible battery size was found within the tested range for the selected fixed PV and wind capacities. Battery-range inadequacy: annual renewable production is sufficient overall, but no module count within the tested range (0..n_max) achieved the reliability target. Consider increasing candidate_module_counts.max and re-running.",1.0210330699999304,38317.02471131207,10257.147003966249,48574.171715278324
330,jinan,Asia/Shanghai,2023,4200456,13.127506488400035,13.297040110523303,14954.275245172077,11.1566221033317,0.995012403490921,0.9637640063085082,0.7072444662090607,True,11.0,168.95999999999998,0.004620437123169261,12034.601142389953,,1.0026266129998476,16864.689090057174,10003.922574451964,26868.61166450914
331,jinan,Asia/Shanghai,2023,4200457,28.643752195058326,14.154703733001545,10810.445128165567,8.743222639080805,0.9910663672711932,0.89951147311583,0.7549140486921836,True,2.0,30.72,0.0038257397379891896,2188.109298616355,,0.9997697480000625,36798.15169538546,10649.178992638299,47447.33068802376
332,jinan,Asia/Shanghai,2023,4200458,22.039190061465888,15.580787869777806,10039.599757055445,7.428040409431112,0.9908420974704792,0.9294706059336469,0.7658149740802539,True,2.0,30.72,0.0035878654141201023,2188.109298616355,,0.9895937220001088,28313.380649381856,11722.08207260069,40035.46272198255
333,jinan,Asia/Shanghai,2023,4200459,26.45193208104154,9.436466043493557,10969.174163503394,19.120503519053702,0.9909747730907009,0.8914172873165546,0.7293093653020281,True,2.0,30.72,0.007785065169619501,2188.109298616355,,1.014792257999943,33982.356875791214,7099.450320590138,41081.807196381356
334,jinan,Asia/Shanghai,2023,4200460,39.43829571979818,17.353204803399922,34411.598068154024,19.800473022777943,0.9907959489234719,0.967705080328806,0.7408026293108081,True,12.0,184.32,0.008077910140339704,13128.655791698131,,0.9920785369999976,50665.72209610786,13055.545883059589,63721.267979167445
335,jinan,Asia/Shanghai,2023,4200461,28.692145106861062,13.401671306055833,25358.07253908713,18.96864992719194,0.9913430495559623,0.9697362109968619,0.7758250122183097,True,9.0,138.24,0.006598437590350188,9846.491843773598,,1.0088963000000604,36860.32126372175,10082.64102384217,46942.96228756392
336,jinan,Asia/Shanghai,2023,4200462,29.463247116656632,24.3581346296672,12304.042015158991,18.84296544387786,0.9951103024681891,0.9433957191079707,0.7298368367772696,True,2.0,30.72,0.004642128102718319,2188.109298616355,,0.9861165040001652,37850.943181403665,18325.649232299562,56176.59241370323
337,jinan,Asia/Shanghai,2023,4200463,26.001622924930967,18.470274294504875,28249.892295507274,7.324777671590851,0.9921970716757702,0.9568953511894148,0.7068941985665526,True,16.0,245.76,0.007245054381365101,17504.87438893084,,1.0463810020000892,33403.85219792863,13895.964247327922,47299.816445256554
338,jinan,Asia/Shanghai,2023,4200464,31.26586235322437,24.987800730290537,10299.319844270665,7.415685242299099,0.9960672987080382,0.8853991751126813,0.8179579967711718,True,2.0,30.72,1.582068806427838e-05,2188.109298616355,,0.9990525109999453,40166.73297290579,18799.373524776332,58966.10649768212
339,jinan,Asia/Shanghai,2023,4200465,30.520003106831684,16.762926962281405,24607.38812084269,15.459234439799584,0.9953486498521243,0.8986873454884527,0.8126271087170219,True,9.0,138.24,0.004583786201386013,9846.491843773598,,1.0531233009999141,39208.540013224374,12611.455034954903,51819.99504817928
340,jinan,Asia/Shanghai,2023,4200466,36.457216514167825,18.336665713808998,28871.660295753885,9.823761543041767,0.9907729758849382,0.9020164419483125,0.7022373506173754,True,10.0,153.6,0.007675740142342211,10940.546493081774,,1.0343695279998428,46835.979258028485,13795.444892234289,60631.42415026277
341,jinan,Asia/Shanghai,2023,4200467,25.53635727005735,11.727621761134134,16281.019893367713,5.177136322685069,0.992231522924948,0.962261805695318,0.8594524384544455,True,4.0,61.44,0.005806649990621522,4376.21859723271,,1.0254163059998973,32806.13315504269,8823.18313742581,41629.3162924685
342,jinan,Asia/Shanghai,2023,4200468,39.09381123252159,7.015230422427461,33687.14974022678,8.85725711046165,0.9948864753519516,0.908840939700711,0.7566931100486715,True,23.0,353.28,0.004927050278790588,25163.25693408808,,1.0174738549999347,50223.16860893944,5277.852920994335,55501.02152993378
343,jinan,Asia/Shanghai,2023,4200469,27.215359060737924,8.666363237390806,28765.337478884674,14.762183975660522,0.9911536386586453,0.9637534843789214,0.8011449398908249,True,17.0,261.12,0.008483389651532352,18598.929038239017,,1.031996971000126,34963.11881004869,6520.0695875409,41483.18839758959
344,jinan,Asia/Shanghai,2023,4200470,34.58583915653027,18.078108612421268,38400.03764890182,15.741964114892571,0.9978758990735532,0.9352244891542232,0.7556434303442779,False,,,,,"No feasible battery size was found within the tested range for the selected fixed PV and wind capacities. Battery-range inadequacy: annual renewable production is sufficient overall, but no module count within the tested range (0..n_max) achieved the reliability target. Consider increasing candidate_module_counts.max and re-running.",1.0163964299999861,44431.8519140719,13600.921509446975,58032.77342351888
345,jinan,Asia/Shanghai,2023,4200471,12.985289285963715,17.12501238900283,12654.112150823243,8.619401775342954,0.9905463646614172,0.9293998830105911,0.7320676249885736,True,4.0,61.44,0.008610322406113077,4376.21859723271,,1.070730831999981,16681.98501716522,12883.86713149298,29565.852148658203
346,jinan,Asia/Shanghai,2023,4200472,32.37025001980899,6.689617913541439,40976.713377951324,13.849778333645203,0.9909967528655677,0.8871555006783133,0.8501672666872925,False,,,,,"No feasible battery size was found within the tested range for the selected fixed PV and wind capacities. Battery-range inadequacy: annual renewable production is sufficient overall, but no module count within the tested range (0..n_max) achieved the reliability target. Consider increasing candidate_module_counts.max and re-running.",1.002244582000003,41585.52142662328,5032.880934665521,46618.4023612888
347,jinan,Asia/Shanghai,2023,4200473,18.788077195115115,22.78603701534427,40482.920841207044,15.47285367076574,0.992507454473701,0.9438050067119456,0.8896295369029668,False,,,,,"No feasible battery size was found within the tested range for the selected fixed PV and wind capacities. Battery-range inadequacy: annual renewable production is sufficient overall, but no module count within the tested range (0..n_max) achieved the reliability target. Consider increasing candidate_module_counts.max and re-running.",1.0084390930001064,24136.730061843435,17142.89407156866,41279.62413341209
348,jinan,Asia/Shanghai,2023,4200474,12.746795031117067,11.52325284007132,19386.890618463767,10.89875201601,0.9966809938936855,0.9226818323282848,0.8141461212240493,False,,,,,"No feasible battery size was found within the tested range for the selected fixed PV and wind capacities. Battery-range inadequacy: annual renewable production is sufficient overall, but no module count within the tested range (0..n_max) achieved the reliability target. Consider increasing candidate_module_counts.max and re-running.",1.003159529999948,16375.59541748704,8669.42780195693,25045.02321944397
349,jinan,Asia/Shanghai,2023,4200475,19.424646642350268,7.8257853417420105,20677.34595750914,17.895204518629804,0.9954217526593807,0.914018980587751,0.8579811963471176,True,18.0,276.48,0.004376835830374557,19692.983687547196,,0.9886869550000483,24954.52023557801,5887.667480307175,30842.187715885186
350,jinan,Asia/Shanghai,2023,4200476,11.933722973647264,10.077821758447714,19204.12616229357,19.78046843252333,0.9963548872415349,0.9356007342749698,0.7009969930588945,False,,,,,"No feasible battery size was found within the tested range for the selected fixed PV and wind capacities. Battery-range inadequacy: annual renewable production is sufficient overall, but no module count within the tested range (0..n_max) achieved the reliability target. Consider increasing candidate_module_counts.max and re-running.",1.0158685110000079,15331.055278111908,7581.969201615846,22913.024479727756
351,jinan,Asia/Shanghai,2023,4200477,15.529300062695722,17.710825859461565,25188.773059266627,18.864205755185914,0.9968825179722758,0.9202645665523708,0.8499029955076541,False,,,,,"No feasible battery size was found within the tested range for the selected fixed PV and wind capacities. Battery-range inadequacy: annual renewable production is sufficient overall, but no module count within the tested range (0..n_max) achieved the reliability target. Consider increasing candidate_module_counts.max and re-running.",1.0638377400000536,19950.233319251507,13324.599245770216,33274.83256502172
352,jinan,Asia/Shanghai,2023,4200478,39.262129714786646,14.219616494029413,35701.035515541334,18.779969225919427,0.9922380719583256,0.9597902122299651,0.7195089413545965,True,15.0,230.39999999999998,0.00739398894586433,16410.81973962266,,1.001544148999983,50439.40456159494,10698.015593116234,61137.42015471117
353,jinan,Asia/Shanghai,2023,4200479,29.453445117629393,20.656763101115686,34584.248770097045,12.433022062288146,0.9955561238993311,0.89364973379015,0.7431141420660436,False,,,,,"No feasible battery size was found within the tested range for the selected fixed PV and wind capacities. Battery-range inadequacy: annual renewable production is sufficient overall, but no module count within the tested range (0..n_max) achieved the reliability target. Consider increasing candidate_module_counts.max and re-running.",0.9877905579999151,37838.35071639886,15540.951744502552,53379.30246090141
354,jinan,Asia/Shanghai,2023,4200480,18.096980318690257,16.955586812600764,27676.04294980282,8.667137637287592,0.9979452839893013,0.9136529656263901,0.7892063438459782,False,,,,,"No feasible battery size was found within the tested range for the selected fixed PV and wind capacities. Battery-range inadequacy: annual renewable production is sufficient overall, but no module count within the tested range (0..n_max) achieved the reliability target. Consider increasing candidate_module_counts.max and re-running.",1.0143473480000011,23248.88940738908,12756.40114399725,36005.29055138633
355,jinan,Asia/Shanghai,2023,4200481,22.291032296469837,8.638859105535053,39265.08061720933,11.72687393403287,0.9901463139890344,0.9667612332123817,0.8631527223190827,False,,,,,"No feasible battery size was found within the tested range for the selected fixed PV and wind capacities. Renewable-generation inadequacy: annual PV+wind production (35136 kWh) is less than annual load (39265 kWh). No finite battery can close this gap -- storage shifts energy in time, it does not create it. Increasing PV/wind capacity (a scenario input, not a battery decision variable in this optimization) would be required.",1.0017480829999386,28636.91817700294,6499.3770722686695,35136.29524927161
356,jinan,Asia/Shanghai,2023,4200482,16.658567543412016,7.278145096380442,36372.56783665811,16.713784865461697,0.996848576815653,0.9084647839466476,0.7410519700930405,False,,,,,"No feasible battery size was found within the tested range for the selected fixed PV and wind capacities. Renewable-generation inadequacy: annual PV+wind production (26877 kWh) is less than annual load (36373 kWh). No finite battery can close this gap -- storage shifts energy in time, it does not create it. Increasing PV/wind capacity (a scenario input, not a battery decision variable in this optimization) would be required.",1.045728586999985,21400.98445608173,5475.654688910443,26876.639144992172
357,jinan,Asia/Shanghai,2023,4200483,23.60842535363866,15.936269204810213,46763.48511874223,18.12234731411081,0.9982445249817165,0.9565236146622381,0.8929162408872623,False,,,,,"No feasible battery size was found within the tested range for the selected fixed PV and wind capacities. Renewable-generation inadequacy: annual PV+wind production (42319 kWh) is less than annual load (46763 kWh). No finite battery can close this gap -- storage shifts energy in time, it does not create it. Increasing PV/wind capacity (a scenario input, not a battery decision variable in this optimization) would be required.",0.9788426659999914,30329.35111071996,11989.525633180208,42318.87674390017
358,jinan,Asia/Shanghai,2023,4200484,23.964999915071722,5.949469948661887,13342.48128593913,10.854142126585147,0.992319183821457,0.895294653222496,0.8906407549017297,True,4.0,61.44,0.0030602961512568323,4376.21859723271,,0.9938404960000753,30787.43651492874,4476.036488627235,35263.47300355598
359,jinan,Asia/Shanghai,2023,4200485,15.862587652318673,24.18758544630462,40433.55361284828,14.614185081878352,0.9960841706408045,0.9098326891293211,0.8292854076116565,False,,,,,"No feasible battery size was found within the tested range for the selected fixed PV and wind capacities. Renewable-generation inadequacy: annual PV+wind production (38576 kWh) is less than annual load (40434 kWh). No finite battery can close this gap -- storage shifts energy in time, it does not create it. Increasing PV/wind capacity (a scenario input, not a battery decision variable in this optimization) would be required.",1.0215233379999518,20378.402338366628,18197.337908026348,38575.740246392976
360,jinan,Asia/Shanghai,2023,4200486,15.600763548437959,23.75410865071959,22071.733598423743,8.827797684403134,0.9964004651837474,0.9390803846259563,0.790259783668661,True,22.0,337.91999999999996,0.0031303115689336057,24069.202284779905,,1.003553459999921,20042.041269938833,17871.215081832695,37913.25635177153
361,jinan,Asia/Shanghai,2023,4200487,19.937531809339845,14.083580234045385,17616.78018665398,7.895113042381494,0.994875647144969,0.8915989664203428,0.8377794015977671,True,7.0,107.52,0.004569312402947453,7658.382545157243,,0.9960458030000154,25613.415273095183,10595.669792781224,36209.08506587641
362,jinan,Asia/Shanghai,2023,4200488,35.29174722897254,6.136353567999628,41076.28219827321,10.648080991948728,0.9927300386941398,0.8955721529208968,0.8992031510205054,False,,,,,"No feasible battery size was found within the tested range for the selected fixed PV and wind capacities. Battery-range inadequacy: annual renewable production is sufficient overall, but no module count within the tested range (0..n_max) achieved the reliability target. Consider increasing candidate_module_counts.max and re-running.",1.0033187389999512,45338.72026553073,4616.636896142628,49955.35716167335
363,jinan,Asia/Shanghai,2023,4200489,11.909907679565908,21.54016029215999,35579.7774196211,16.026206663928008,0.9964054540792961,0.9572591036565864,0.7367584139712217,False,,,,,"No feasible battery size was found within the tested range for the selected fixed PV and wind capacities. Renewable-generation inadequacy: annual PV+wind production (31506 kWh) is less than annual load (35580 kWh). No finite battery can close this gap -- storage shifts energy in time, it does not create it. Increasing PV/wind capacity (a scenario input, not a battery decision variable in this optimization) would be required.",0.997923038999943,15300.460166189834,16205.56860872496,31506.028774914794
364,jinan,Asia/Shanghai,2023,4200490,10.024738505040562,16.970569780865326,24154.34557293336,6.856809966757066,0.9916752487869381,0.90985743812133,0.7140466741773406,False,,,,,"No feasible battery size was found within the tested range for the selected fixed PV and wind capacities. Battery-range inadequacy: annual renewable production is sufficient overall, but no module count within the tested range (0..n_max) achieved the reliability target. Consider increasing candidate_module_counts.max and re-running.",1.0123788270000205,12878.61470462994,12767.673461235396,25646.288165865335
365,jinan,Asia/Shanghai,2023,4200491,11.707396063853526,23.320525096648883,22484.109974147847,19.733460462103775,0.9986793030749735,0.8928314154094402,0.8429848605792382,False,,,,,"No feasible battery size was found within the tested range for the selected fixed PV and wind capacities. Battery-range inadequacy: annual renewable production is sufficient overall, but no module count within the tested range (0..n_max) achieved the reliability target. Consider increasing candidate_module_counts.max and re-running.",0.997573070000044,15040.29686410864,17545.011936739804,32585.308800848445
366,jinan,Asia/Shanghai,2023,4200492,28.024146673812076,18.812941462103073,13847.640000578991,7.82840117951837,0.990689747953058,0.9343720784695364,0.8973182151698182,True,2.0,30.72,0.00789172885430766,2188.109298616355,,0.9733870499999284,36002.15479501948,14153.76717075794,50155.92196577742
367,jinan,Asia/Shanghai,2023,4200493,30.159536129738242,19.215230700438592,49383.401661731245,15.170173312576942,0.9903616341536562,0.9580305040770938,0.7729356580757593,False,,,,,"No feasible battery size was found within the tested range for the selected fixed PV and wind capacities. Battery-range inadequacy: annual renewable production is sufficient overall, but no module count within the tested range (0..n_max) achieved the reliability target. Consider increasing candidate_module_counts.max and re-running.",1.0056415490000745,38745.45408740248,14456.426285823616,53201.8803732261
368,jinan,Asia/Shanghai,2023,4200494,26.60294109660951,18.99844340275295,35915.09923540282,10.820803209533715,0.9949950922134592,0.8884689375972602,0.7308607437445369,False,,,,,"No feasible battery size was found within the tested range for the selected fixed PV and wind capacities. Battery-range inadequacy: annual renewable production is sufficient overall, but no module count within the tested range (0..n_max) achieved the reliability target. Consider increasing candidate_module_counts.max and re-running.",1.0032460239999637,34176.355644681535,14293.328083280367,48469.6837279619
369,jinan,Asia/Shanghai,2023,4200495,37.9538385865895,20.230154956397936,46909.563833006694,18.75020426749051,0.9958445335539696,0.9635414783300948,0.7833408206164927,False,,,,,"No feasible battery size was found within the tested range for the selected fixed PV and wind capacities. Battery-range inadequacy: annual renewable production is sufficient overall, but no module count within the tested range (0..n_max) achieved the reliability target. Consider increasing candidate_module_counts.max and re-running.",0.9912177860001066,48758.66472453438,15219.996493265138,63978.66121779951
370,jinan,Asia/Shanghai,2023,4200496,10.108487343548228,6.251422316923188,14379.493028032608,6.430301797742904,0.9931653215176524,0.9431143726398422,0.858129761320099,True,19.0,291.84,0.006517273658168182,20787.038336855374,,0.9921874080000634,12986.205443536317,4703.207955972652,17689.41339950897
371,jinan,Asia/Shanghai,2023,4200497,18.227366056543087,21.237403063751714,40397.05590376361,15.433280456189621,0.9912510457066104,0.9527050518735654,0.8354351923326647,False,,,,,"No feasible battery size was found within the tested range for the selected fixed PV and wind capacities. Renewable-generation inadequacy: annual PV+wind production (39394 kWh) is less than annual load (40397 kWh). No finite battery can close this gap -- storage shifts energy in time, it does not create it. Increasing PV/wind capacity (a scenario input, not a battery decision variable in this optimization) would be required.",0.9878788989999521,23416.39379465476,15977.791611236993,39394.18540589175
372,jinan,Asia/Shanghai,2023,4200498,15.845130594441756,17.96187860563033,29340.465640147242,11.590250927843375,0.9910091084712515,0.9266473848260649,0.7199863617944727,False,,,,,"No feasible battery size was found within the tested range for the selected fixed PV and wind capacities. Battery-range inadequacy: annual renewable production is sufficient overall, but no module count within the tested range (0..n_max) achieved the reliability target. Consider increasing candidate_module_counts.max and re-running.",1.0022246749999795,20355.97554666925,13513.476786478563,33869.45233314781
373,jinan,Asia/Shanghai,2023,4200499,26.888977340046655,23.383197978666235,21996.996233115824,6.7225201164792345,0.9950059660745175,0.9110983292611016,0.8603813666981497,True,7.0,107.52,0.004203215101761847,7658.382545157243,,1.0138644590001604,34543.8216458081,17592.163382024468,52135.98502783257
374,jinan,Asia/Shanghai,2023,4200500,36.38270226734976,14.451470218141436,48854.36096342033,13.295195095166088,0.9924382835404768,0.9240077963809847,0.7074620584805855,False,,,,,"No feasible battery size was found within the tested range for the selected fixed PV and wind capacities. Battery-range inadequacy: annual renewable production is sufficient overall, but no module count within the tested range (0..n_max) achieved the reliability target. Consider increasing candidate_module_counts.max and re-running.",1.0037536449999607,46740.25204536422,10872.448901983176,57612.700947347395
375,jinan,Asia/Shanghai,2023,4200501,34.120034807892026,7.028701017088419,22349.9395401202,13.47974820507415,0.990386776130822,0.8871385209263304,0.8392232715226026,True,6.0,92.16,0.00959456591974004,6564.3278958490655,,0.996300225999903,43833.44082027262,5287.987415957121,49121.42823622974
376,jinan,Asia/Shanghai,2023,4200502,12.153312791823062,14.54165732494753,23547.825336830014,8.421191119346247,0.991699010080773,0.9487070164359321,0.8903084386300565,False,,,,,"No feasible battery size was found within the tested range for the selected fixed PV and wind capacities. Battery-range inadequacy: annual renewable production is sufficient overall, but no module count within the tested range (0..n_max) achieved the reliability target. Consider increasing candidate_module_counts.max and re-running.",1.0127427949998946,15613.158662646467,10940.300455878089,26553.459118524555
377,jinan,Asia/Shanghai,2023,4200503,14.205392266099953,24.19362438348254,33790.50013900415,14.624906080448856,0.9963893374032833,0.9433707001319123,0.8639622216371377,False,,,,,"No feasible battery size was found within the tested range for the selected fixed PV and wind capacities. Battery-range inadequacy: annual renewable production is sufficient overall, but no module count within the tested range (0..n_max) achieved the reliability target. Consider increasing candidate_module_counts.max and re-running.",1.007147582000016,18249.43100822469,18201.881254474705,36451.31226269939
378,jinan,Asia/Shanghai,2023,4200504,24.504059540430923,15.667171750294022,22953.080098536637,6.578863906746756,0.995981761718336,0.8830248972267626,0.7551270102166736,True,15.0,230.39999999999998,0.003957000283372275,16410.81973962266,,0.9983511559998988,31479.957443462947,11787.072299386651,43267.0297428496
379,jinan,Asia/Shanghai,2023,4200505,12.826895933383007,8.814543146454362,35549.23651589523,14.427149453073772,0.9937894942169614,0.8881154778840542,0.7866747832918817,False,,,,,"No feasible battery size was found within the tested range for the selected fixed PV and wind capacities. Renewable-generation inadequacy: annual PV+wind production (23110 kWh) is less than annual load (35549 kWh). No finite battery can close this gap -- storage shifts energy in time, it does not create it. Increasing PV/wind capacity (a scenario input, not a battery decision variable in this optimization) would be required.",1.0106147379999584,16478.4997134203,6631.55156586388,23110.05127928418
380,jinan,Asia/Shanghai,2023,4200506,20.5823461557488,19.409183057118994,33161.06432796207,12.373486510054985,0.994382838740745,0.9669667198534376,0.8512588443406901,False,,,,,"No feasible battery size was found within the tested range for the selected fixed PV and wind capacities. Battery-range inadequacy: annual renewable production is sufficient overall, but no module count within the tested range (0..n_max) achieved the reliability target. Consider increasing candidate_module_counts.max and re-running.",1.0183255660001578,26441.79753156938,14602.344801766703,41044.14233333609
381,jinan,Asia/Shanghai,2023,4200507,24.909386813803835,14.584452257779553,11059.164052198537,19.1376389497971,0.992872565745906,0.903034517369267,0.8998817850775342,True,2.0,30.72,0.003721999059170399,2188.109298616355,,1.0152130259998557,32000.674645255618,10972.496883885524,42973.17152914114
382,jinan,Asia/Shanghai,2023,4200508,31.560690145135734,5.94727546598576,12475.419081023058,5.382523459402968,0.9953965700956158,0.8864408050055756,0.8866776713689861,True,3.0,46.08,0.002254713767643369,3282.1639479245327,,0.9878153439999551,40545.493330029734,4474.385487005784,45019.87881703552
383,jinan,Asia/Shanghai,2023,4200509,38.107196200680335,15.921081334961595,34665.55725583804,9.378416022878747,0.9905757528816744,0.9463714400672634,0.7203571977498034,True,14.0,215.04,0.008331664466928193,15316.765090314486,,0.9935446240001511,48955.68069885671,11978.09915986182,60933.77985871853
384,jinan,Asia/Shanghai,2023,4200510,12.566729230551793,11.224462184084476,10498.626393515282,11.51053423634474,0.9963691281907207,0.9521214038279745,0.8208614607597843,True,4.0,61.44,0.002616442231885952,4376.21859723271,,0.9962849339999593,16144.267880534842,8444.635023743338,24588.90290427818
385,jinan,Asia/Shanghai,2023,4200511,35.406226093417374,13.130044075342207,43950.883402419066,12.597099657475688,0.9920073251519846,0.9649731081994419,0.7549941747674233,False,,,,,"No feasible battery size was found within the tested range for the selected fixed PV and wind capacities. Battery-range inadequacy: annual renewable production is sufficient overall, but no module count within the tested range (0..n_max) achieved the reliability target. Consider increasing candidate_module_counts.max and re-running.",1.004378681999924,45485.78935728481,9878.284433007988,55364.0737902928
386,jinan,Asia/Shanghai,2023,4200512,10.786044525633793,9.85348085910054,24667.50245029711,10.270245249338961,0.9947220075849922,0.9594814193832331,0.7584676454219398,False,,,,,"No feasible battery size was found within the tested range for the selected fixed PV and wind capacities. Renewable-generation inadequacy: annual PV+wind production (21270 kWh) is less than annual load (24668 kWh). No finite battery can close this gap -- storage shifts energy in time, it does not create it. Increasing PV/wind capacity (a scenario input, not a battery decision variable in this optimization) would be required.",0.9868073939999249,13856.651878029068,7413.188106823485,21269.83998485255
387,jinan,Asia/Shanghai,2023,4200513,19.86830951429478,14.909826825373646,24252.699346277575,13.408992125995884,0.994325482336435,0.9410148521677546,0.8333924327126813,True,20.0,307.2,0.005377305721822486,21881.09298616355,,1.0060736670000097,25524.486542793904,11217.289856972147,36741.77639976605
388,jinan,Asia/Shanghai,2023,4200514,19.541924413260382,11.924289107221831,33405.912865652135,13.946487018362626,0.9928322992227342,0.9097286097197883,0.8388090026372295,False,,,,,"No feasible battery size was found within the tested range for the selected fixed PV and wind capacities. Battery-range inadequacy: annual renewable production is sufficient overall, but no module count within the tested range (0..n_max) achieved the reliability target. Consider increasing candidate_module_counts.max and re-running.",0.9940638729999591,25105.185035882754,8971.144254097726,34076.32928998048
389,jinan,Asia/Shanghai,2023,4200515,29.422324686282085,7.701016093595494,27641.67518701574,18.390591180658852,0.9903267510849403,0.9569647551835792,0.7326356314128287,True,13.0,199.68,0.008932320418308676,14222.710441006306,,0.9920421269998769,37798.370816218696,5793.7983268899025,43592.1691431086
390,jinan,Asia/Shanghai,2023,4200516,25.21745897385148,13.48672857846023,10405.173493658353,18.73095405634448,0.9940943270460088,0.9658841449084553,0.7573487801958435,True,2.0,30.72,0.003415255948584896,2188.109298616355,,0.9728727040001104,32396.449821683585,10146.633187545898,42543.083009229485
391,jinan,Asia/Shanghai,2023,4200517,23.178161854314755,10.37027295279644,15531.480059764284,15.479503530300192,0.9987669865708252,0.8825509393514258,0.8480890709556254,True,8.0,122.88,0.0010290853970205576,8752.43719446542,,0.9742141420001644,29776.598754489205,7801.992536189027,37578.59129067823
392,jinan,Asia/Shanghai,2023,4200518,37.807910876790004,6.4956306845469864,14406.801804245326,15.37935647674563,0.9958316703830621,0.8861944673784621,0.8668845504302313,True,3.0,46.08,0.0036116593495581903,3282.1639479245327,,0.9848079690000304,48571.19382459103,4886.936182813778,53458.130007404805
393,jinan,Asia/Shanghai,2023,4200519,25.70271543534677,23.14394746673225,45119.63523970818,17.187616535752486,0.9946430900661998,0.9026539577574489,0.8011951007822264,False,,,,,"No feasible battery size was found within the tested range for the selected fixed PV and wind capacities. Battery-range inadequacy: annual renewable production is sufficient overall, but no module count within the tested range (0..n_max) achieved the reliability target. Consider increasing candidate_module_counts.max and re-running.",0.9771008640000218,33019.850721107316,17412.165158555817,50432.01587966313
394,jinan,Asia/Shanghai,2023,4200520,13.024341334053402,18.17692296946852,15359.088769160306,12.667594437510846,0.9904894377675013,0.9069561241247182,0.7464160921339575,True,7.0,107.52,0.008811344814106632,7658.382545157243,,0.9822942990001593,16732.15453335967,13675.263706577196,30407.418239936866
395,jinan,Asia/Shanghai,2023,4200521,28.600946281350115,20.735734240450174,12292.118181621045,17.754255277330763,0.9977469092545914,0.910804216685922,0.8318008131940644,True,3.0,46.08,0.0007719759741193425,3282.1639479245327,,0.9919290720001754,36743.15965051063,15600.365054303224,52343.524704813855
396,jinan,Asia/Shanghai,2023,4200522,19.670163184241325,5.141707083398961,33849.576381917315,8.96050553413421,0.9916907269337342,0.8836388738253703,0.7728723152951222,False,,,,,"No feasible battery size was found within the tested range for the selected fixed PV and wind capacities. Renewable-generation inadequacy: annual PV+wind production (29138 kWh) is less than annual load (33850 kWh). No finite battery can close this gap -- storage shifts energy in time, it does not create it. Increasing PV/wind capacity (a scenario input, not a battery decision variable in this optimization) would be required.",1.0080156369999713,25269.931250542464,3868.3225090166416,29138.253759559106
397,jinan,Asia/Shanghai,2023,4200523,36.36906617159372,11.733416151947447,37162.96840478375,16.348204451028607,0.9929529072827118,0.9539476661510837,0.8383759319333899,True,24.0,368.64,0.0067892994174718006,26257.311583396262,,0.9893664080000235,46722.73398010705,8827.542501357984,55550.27648146503
398,jinan,Asia/Shanghai,2023,4200524,26.777266861028547,5.019849281012578,11403.630636912325,19.86298766159095,0.997040555311532,0.9643808732895652,0.8804606409836055,True,3.0,46.08,0.001994252851401683,3282.1639479245327,,0.9928388179998819,34400.309052734425,3776.6437587057753,38176.9528114402
399,jinan,Asia/Shanghai,2023,4200525,10.613289494282526,20.836945795821478,28045.829760446184,16.843373060009835,0.9900604420574705,0.9059379371080508,0.8502647551582605,False,,,,,"No feasible battery size was found within the tested range for the selected fixed PV and wind capacities. Battery-range inadequacy: annual renewable production is sufficient overall, but no module count within the tested range (0..n_max) achieved the reliability target. Consider increasing candidate_module_counts.max and re-running.",1.0969845979998354,13634.7163646049,15676.510764563442,29311.227129168343
400,jinan,Asia/Shanghai,2023,4200526,33.79062365804769,17.39429202429248,22050.24757785055,9.655438869317944,0.9987008756727783,0.9195290961310784,0.7894251100487674,True,11.0,168.95999999999998,0.0010801171197974007,12034.601142389953,,1.007825509999975,43410.25179882121,13086.457527545284,56496.7093263665
401,jinan,Asia/Shanghai,2023,4200527,26.569982507220985,13.190046737287775,32106.862583896567,11.485031341513368,0.9974404342764197,0.9618145917818455,0.8864220519630723,False,,,,,"No feasible battery size was found within the tested range for the selected fixed PV and wind capacities. Battery-range inadequacy: annual renewable production is sufficient overall, but no module count within the tested range (0..n_max) achieved the reliability target. Consider increasing candidate_module_counts.max and re-running.",1.0250487119999434,34134.01429346031,9923.426959418013,44057.44125287832
402,jinan,Asia/Shanghai,2023,4200528,26.928886174881598,13.842971149289907,38209.602351673515,17.5748538694386,0.9950668401785974,0.9429982919640035,0.8499458701442496,False,,,,,"No feasible battery size was found within the tested range for the selected fixed PV and wind capacities. Battery-range inadequacy: annual renewable production is sufficient overall, but no module count within the tested range (0..n_max) achieved the reliability target. Consider increasing candidate_module_counts.max and re-running.",1.0627317109999694,34595.09186167373,10414.649457834756,45009.74131950849
403,jinan,Asia/Shanghai,2023,4200529,30.2918133015186,19.92267111458619,18345.813302239934,12.475618205326963,0.9952944169914458,0.8802230137771321,0.8711925017627364,True,5.0,76.8,0.0030787207584938568,5470.273246540887,,1.0527374770001643,38915.38836835363,14988.663465703212,53904.051834056845
404,jinan,Asia/Shanghai,2023,4200530,28.300735253347362,7.582726633964065,42654.28290303309,15.755854496608169,0.9968246958911727,0.915283821567567,0.8708405013389984,False,,,,,"No feasible battery size was found within the tested range for the selected fixed PV and wind capacities. Renewable-generation inadequacy: annual PV+wind production (42062 kWh) is less than annual load (42654 kWh). No finite battery can close this gap -- storage shifts energy in time, it does not create it. Increasing PV/wind capacity (a scenario input, not a battery decision variable in this optimization) would be required.",0.9976545170000009,36357.48353957922,5704.804190925007,42062.28773050423
405,jinan,Asia/Shanghai,2023,4200531,22.420827463970866,16.410183058911826,10025.692147994949,14.673096720167933,0.9964635821291514,0.9310398428939913,0.7993117634087232,True,2.0,30.72,0.0028844454335692103,2188.109298616355,,0.9748795719999634,28803.663868367177,12346.070959357017,41149.7348277242
406,jinan,Asia/Shanghai,2023,4200532,34.29809421135125,18.627454343304837,21122.96158880092,19.386100071199788,0.996365404747758,0.9689145036021182,0.8942522632537737,True,6.0,92.16,0.002482225034946388,6564.3278958490655,,1.0052736319998985,44062.19077225735,14014.217409337936,58076.40818159529
407,jinan,Asia/Shanghai,2023,4200533,36.047173852169735,7.193117983833965,25237.61392194536,12.589466278904858,0.9938909276628219,0.8897727893039398,0.730705658808926,True,10.0,153.6,0.0059300457458716085,10940.546493081774,,0.9934456149999278,46309.20427495247,5411.68521573641,51720.88949068888
408,jinan,Asia/Shanghai,2023,4200534,35.12851878566461,14.68768518402902,11948.897070109106,5.247368884664748,0.9942612786179489,0.8947940853331999,0.8410251891998444,True,2.0,30.72,0.002962326089986386,2188.109298616355,,1.0083612679998168,45129.02340120431,11050.163356480163,56179.18675768447
409,jinan,Asia/Shanghai,2023,4200535,36.57666085432601,9.50495608359014,23200.973729946643,12.064282076852255,0.9943207206767509,0.969788317046533,0.722889063794226,True,8.0,122.88,0.004786611662720551,8752.43719446542,,1.0021143039998606,46989.42741378562,7150.978258578765,54140.40567236439
410,jinan,Asia/Shanghai,2023,4200536,35.55895106804772,22.273640788437405,32127.945261511493,10.160557523887306,0.9946730349385947,0.9063220934325907,0.8598214896879879,True,13.0,199.68,0.005117024373834088,14222.710441006306,,1.0052472549998583,45681.99259022198,16757.396837687193,62439.38942790917
411,jinan,Asia/Shanghai,2023,4200537,24.948374761309903,23.51684357754901,34907.65377424176,12.714789996720251,0.9963996241857989,0.9253539667987211,0.8809012700838894,False,,,,,"No feasible battery size was found within the tested range for the selected fixed PV and wind capacities. Battery-range inadequacy: annual renewable production is sufficient overall, but no module count within the tested range (0..n_max) achieved the reliability target. Consider increasing candidate_module_counts.max and re-running.",0.9920039559999623,32050.761812497192,17692.71058745716,49743.47239995435
412,jinan,Asia/Shanghai,2023,4200538,15.533378826605238,24.466973674918112,42487.622074047686,17.911000427973043,0.9943461704913397,0.9553481394403838,0.761354816715441,False,,,,,"No feasible battery size was found within the tested range for the selected fixed PV and wind capacities. Renewable-generation inadequacy: annual PV+wind production (38363 kWh) is less than annual load (42488 kWh). No finite battery can close this gap -- storage shifts energy in time, it does not create it. Increasing PV/wind capacity (a scenario input, not a battery decision variable in this optimization) would be required.",1.021250739999914,19955.47323935869,18407.533424023226,38363.006663381915
413,jinan,Asia/Shanghai,2023,4200539,32.85844535692526,7.809003167780453,22282.076638500348,11.685989950395992,0.9929008774632908,0.9148315404061765,0.8640209489567396,True,7.0,107.52,0.005615738846219198,7658.382545157243,,0.9786006439999255,42212.69785064232,5875.041544945098,48087.739395587414
414,jinan,Asia/Shanghai,2023,4200540,17.700276764265027,19.905623443091443,12948.482764466073,16.486086612725913,0.997128209185468,0.9161528897952234,0.8444955646334941,True,4.0,61.44,0.0024989997467135512,4376.21859723271,,0.9865746000000399,22739.25095379442,14975.837785379576,37715.088739173996
415,jinan,Asia/Shanghai,2023,4200541,37.45415211235297,21.014259471090536,25617.860415878393,12.263202714200967,0.9970142179030722,0.9063335130864211,0.8607765480617747,True,9.0,138.24,0.002676698860059418,9846.491843773598,,0.9856671400000323,48116.72582791663,15809.911300625548,63926.63712854218
416,jinan,Asia/Shanghai,2023,4200542,19.842134276828233,21.119811647710762,13472.017734028934,5.665959453658852,0.9989790790263284,0.958251141091122,0.8765695006932408,True,5.0,76.8,0.0006293820181290133,5470.273246540887,,0.9922656729997925,25490.85965088402,15889.32264282628,41380.1822937103
417,jinan,Asia/Shanghai,2023,4200543,38.538398428198526,13.766326188289757,21473.422187206088,6.9503749252685445,0.9945108822018461,0.8998043488428947,0.887110171347864,True,6.0,92.16,0.002998311877432855,6564.3278958490655,,0.9804590310000094,49509.63902357438,10356.986229838581,59866.62525341296
418,jinan,Asia/Shanghai,2023,4200544,10.120094873283373,7.863934754862432,19859.03412333707,7.984350673897926,0.9920320059292174,0.939044284455506,0.7655024156626298,False,,,,,"No feasible battery size was found within the tested range for the selected fixed PV and wind capacities. Renewable-generation inadequacy: annual PV+wind production (18917 kWh) is less than annual load (19859 kWh). No finite battery can close this gap -- storage shifts energy in time, it does not create it. Increasing PV/wind capacity (a scenario input, not a battery decision variable in this optimization) would be required.",1.0056996659998276,13001.117443790117,5916.368888435998,18917.486332226115
419,jinan,Asia/Shanghai,2023,4200545,28.4507314571012,22.805158672925824,34102.27062102808,15.417991869295722,0.9932895296839922,0.8943764620860438,0.7641168124899812,True,27.0,414.71999999999997,0.006617522260749968,29539.475531320786,,1.0049266539999735,36550.181165989285,17157.28009886128,53707.461264850564
420,jinan,Asia/Shanghai,2023,4200546,38.928479461123246,17.43622768906274,21100.444777360608,11.763729007431557,0.997519617336879,0.9401599213635196,0.8121305681458336,True,6.0,92.16,0.002461114120815146,6564.3278958490655,,1.0075359650002156,50010.76963402328,13118.007492047374,63128.77712607065
421,jinan,Asia/Shanghai,2023,4200547,22.47050227439287,16.780416418204354,12472.478442868614,17.331909108561604,0.991949809820079,0.9524091405686153,0.8068756886527221,True,3.0,46.08,0.003168709583908631,3282.1639479245327,,1.0041155690000778,28867.480270523585,12624.613088286187,41492.09335880977
422,jinan,Asia/Shanghai,2023,4200548,19.529656624156225,6.65872445736346,16341.201164778333,11.255793250942219,0.9979152017003089,0.8851561672050058,0.7425349413520062,True,14.0,215.04,0.0014310233321596652,15316.765090314486,,0.9952878330000203,25089.424811407007,5009.638488144123,30099.06329955113
423,jinan,Asia/Shanghai,2023,4200549,21.399951835416744,16.516432101407005,24397.30701859221,14.162368256989545,0.9926662926184138,0.9111265474984711,0.858134718328922,True,14.0,215.04,0.006813235452506165,15316.765090314486,,1.0383054310000261,27492.16193992438,12426.006583067006,39918.168522991386
424,jinan,Asia/Shanghai,2023,4200550,36.34944192681574,11.440681630621041,32860.632053811045,9.17243425838402,0.9904800117753668,0.9464071463224367,0.7342006966472301,True,14.0,215.04,0.0081165644280962,15316.765090314486,,1.0167762249998304,46697.52303946877,8607.306007982215,55304.829047450985
425,jinan,Asia/Shanghai,2023,4200551,22.771375712407515,14.740909867583136,17378.86336716424,6.4183302599509435,0.9931321171320396,0.9657057316795287,0.8230271179976842,True,5.0,76.8,0.0053426064280132435,5470.273246540887,,1.0259444780001559,29254.00736857204,11090.20652465138,40344.21389322342
426,jinan,Asia/Shanghai,2023,4200552,18.98234484449573,5.947684676351972,10991.115006463871,11.450398544682818,0.9979501074363267,0.9019656500913872,0.8148111011563642,True,5.0,76.8,0.0014906668923965248,5470.273246540887,,1.011090510000031,24386.30247759165,4474.693353176468,28860.995830768115
427,jinan,Asia/Shanghai,2023,4200553,30.529174590392852,6.216597350027229,16124.015032135085,9.969151901293506,0.9960308385673371,0.9195131601005287,0.8468390136436491,True,5.0,76.8,0.0027633014783000577,5470.273246540887,,1.0135426300000745,39220.32246550428,4677.007668571148,43897.330134075426
428,jinan,Asia/Shanghai,2023,4200554,36.02793596719577,20.167445531970856,49689.88829252996,16.315416030974745,0.997669612755067,0.9549129722618501,0.8460531524560093,False,,,,,"No feasible battery size was found within the tested range for the selected fixed PV and wind capacities. Battery-range inadequacy: annual renewable production is sufficient overall, but no module count within the tested range (0..n_max) achieved the reliability target. Consider increasing candidate_module_counts.max and re-running.",0.999535399000024,46284.489684323795,15172.81755558859,61457.307239912385
429,jinan,Asia/Shanghai,2023,4200555,34.05405449967672,23.693664557348203,29008.2951410517,14.574305358688154,0.9946344574941549,0.9565933288472865,0.7862719205743014,True,10.0,153.6,0.004958566062853292,10940.546493081774,,1.0024235980001777,43748.67701649156,17825.740447993565,61574.41746448512
430,jinan,Asia/Shanghai,2023,4200556,33.87385014415938,13.82431009222762,18447.74880116232,7.834405763295301,0.9977084640081143,0.9259680838073663,0.7180273964076533,True,7.0,107.52,0.001855687598697295,7658.382545157243,,0.9803517939999438,43517.17148029856,10400.609959686533,53917.78143998509
431,jinan,Asia/Shanghai,2023,4200557,23.522127634548617,20.026242892062857,28584.103487721455,10.157239533865566,0.9923548942406965,0.9050332070922974,0.8855695803655628,True,17.0,261.12,0.007406279719855186,18598.929038239017,,0.9970210180001686,30218.485867353244,15066.584870328814,45285.07073768206
432,jinan,Asia/Shanghai,2023,4200558,14.95235806263437,24.763528491143003,23076.778207688993,6.325853531262462,0.9922382134270907,0.8852572941599157,0.8580059538327832,True,18.0,276.48,0.0076204212190851455,19692.983687547196,,1.0347549850000632,19209.045534455654,18630.644085940145,37839.6896203958
433,jinan,Asia/Shanghai,2023,4200559,25.376587376233164,11.739732377336018,36481.984185262496,14.459697889254803,0.9984588488030484,0.9665134465073542,0.836136755133081,False,,,,,"No feasible battery size was found within the tested range for the selected fixed PV and wind capacities. Battery-range inadequacy: annual renewable production is sufficient overall, but no module count within the tested range (0..n_max) achieved the reliability target. Consider increasing candidate_module_counts.max and re-running.",1.011664238999856,32600.879431673573,8832.294463390503,41433.17389506407
434,jinan,Asia/Shanghai,2023,4200560,34.534477817325055,20.84850200670357,29652.141307995993,15.566874320501254,0.9907043310691521,0.9482218974835276,0.8923666014384736,True,8.0,122.88,0.007793263505471964,8752.43719446542,,1.0019795329999397,44365.86885645845,15685.204988086689,60051.07384454514
435,jinan,Asia/Shanghai,2023,4200561,26.869884832532314,18.061801326083653,35956.473243833476,16.675407061673248,0.9937375327236491,0.904614164461704,0.703116140008505,False,,,,,"No feasible battery size was found within the tested range for the selected fixed PV and wind capacities. Battery-range inadequacy: annual renewable production is sufficient overall, but no module count within the tested range (0..n_max) achieved the reliability target. Consider increasing candidate_module_counts.max and re-running.",0.9962376659998426,34519.293819182116,13588.652852019084,48107.9466712012
436,jinan,Asia/Shanghai,2023,4200562,16.198894781571607,11.247756244040746,17128.274259218622,5.302167072449034,0.9914170284779867,0.9399489598210815,0.8259170832945192,True,8.0,122.88,0.007317065658257081,8752.43719446542,,0.9835565379999025,20810.450509786857,8462.160124841796,29272.610634628654
437,jinan,Asia/Shanghai,2023,4200563,21.707758868415862,13.556276187258833,21193.036735791487,15.287456714357356,0.997568500205689,0.949166529333908,0.8255504191581761,True,16.0,245.76,0.0018814126665870838,17504.87438893084,,1.0087838629999624,27887.59651204591,10198.956778952444,38086.55329099836
438,jinan,Asia/Shanghai,2023,4200564,26.1503439799904,5.621683600160607,38917.35994767684,13.174744093677461,0.992436669455975,0.9095057834968098,0.8871213572939483,False,,,,,"No feasible battery size was found within the tested range for the selected fixed PV and wind capacities. Renewable-generation inadequacy: annual PV+wind production (37824 kWh) is less than annual load (38917 kWh). No finite battery can close this gap -- storage shifts energy in time, it does not create it. Increasing PV/wind capacity (a scenario input, not a battery decision variable in this optimization) would be required.",0.9832465179999872,33594.91166203469,4229.429031319949,37824.340693354636
439,jinan,Asia/Shanghai,2023,4200565,28.73086735351681,14.518248693150566,34836.86958833631,11.206134874784855,0.9942316404588272,0.9061278331036904,0.787970660118329,False,,,,,"No feasible battery size was found within the tested range for the selected fixed PV and wind capacities. Battery-range inadequacy: annual renewable production is sufficient overall, but no module count within the tested range (0..n_max) achieved the reliability target. Consider increasing candidate_module_counts.max and re-running.",0.9885963859999265,36910.06708950328,10922.689157564764,47832.75624706804
440,jinan,Asia/Shanghai,2023,4200566,28.243867487674088,24.182036761390698,30333.766507815635,15.98478673273027,0.9963490439811112,0.9012640819550497,0.7566611678373651,True,25.0,384.0,0.003493449899902941,27351.366232704437,,0.9853081329999895,36284.426467531805,18193.16339897715,54477.589866508955
441,jinan,Asia/Shanghai,2023,4200567,22.720512944709036,10.553958609264185,24669.72395719839,10.864409208924588,0.9954347810484451,0.8997901038461555,0.8608583731753374,True,22.0,337.91999999999996,0.004261711303852959,24069.202284779905,,1.004913242999919,29188.66481747503,7940.186981724799,37128.85179919983
442,jinan,Asia/Shanghai,2023,4200568,23.126090703145138,19.124882233664938,13257.699249632715,12.049480911865503,0.990253975789596,0.9408318992634008,0.7687420153994139,True,3.0,46.08,0.005135705447047619,3282.1639479245327,,0.9972998329999427,29709.70381325928,14388.453334037995,44098.15714729727
443,jinan,Asia/Shanghai,2023,4200569,38.47758442317486,11.482484292028388,32552.235920709074,8.86081363541922,0.9955810136605261,0.9220338115119912,0.7741256523011265,True,19.0,291.84,0.004398123566182767,20787.038336855374,,0.997892752000098,49431.512283515134,8638.755908460003,58070.268191975134
444,jinan,Asia/Shanghai,2023,4200570,16.1106804724054,7.230426879429106,14795.165358266931,19.985600262583297,0.9937107965417151,0.8801736737086006,0.8905857581252029,True,7.0,107.52,0.006212801907359503,7658.382545157243,,1.0162583940000331,20697.123055049215,5439.754267177168,26136.877322226384
445,jinan,Asia/Shanghai,2023,4200571,10.599397726894379,13.371722511090674,38699.103438826234,18.718988665576425,0.9964159766228889,0.921726317941001,0.8948884077968207,False,,,,,"No feasible battery size was found within the tested range for the selected fixed PV and wind capacities. Renewable-generation inadequacy: annual PV+wind production (23677 kWh) is less than annual load (38699 kWh). No finite battery can close this gap -- storage shifts energy in time, it does not create it. Increasing PV/wind capacity (a scenario input, not a battery decision variable in this optimization) would be required.",1.0290288539999892,13616.869842257376,10060.10928568546,23676.979127942835
446,jinan,Asia/Shanghai,2023,4200572,11.179581490998112,24.73784405076016,43975.66206833756,18.933950256895386,0.9922929518168778,0.8928212265055843,0.83266305587454,False,,,,,"No feasible battery size was found within the tested range for the selected fixed PV and wind capacities. Renewable-generation inadequacy: annual PV+wind production (32974 kWh) is less than annual load (43976 kWh). No finite battery can close this gap -- storage shifts energy in time, it does not create it. Increasing PV/wind capacity (a scenario input, not a battery decision variable in this optimization) would be required.",0.9859283630000846,14362.222267362218,18611.320601102736,32973.54286846495
447,jinan,Asia/Shanghai,2023,4200573,25.475783139583598,15.46335921488759,46984.7671393287,14.301213599798933,0.9927995745159413,0.9160059900776089,0.7266991670183702,False,,,,,"No feasible battery size was found within the tested range for the selected fixed PV and wind capacities. Renewable-generation inadequacy: annual PV+wind production (44362 kWh) is less than annual load (46985 kWh). No finite battery can close this gap -- storage shifts energy in time, it does not create it. Increasing PV/wind capacity (a scenario input, not a battery decision variable in this optimization) would be required.",1.134323022999979,32728.314577825222,11633.735556249725,44362.05013407495
448,jinan,Asia/Shanghai,2023,4200574,15.76942120827068,7.86700140419077,42411.65364845418,15.573102019581782,0.9947731051584977,0.9136931050264814,0.8336988580648701,False,,,,,"No feasible battery size was found within the tested range for the selected fixed PV and wind capacities. Renewable-generation inadequacy: annual PV+wind production (26177 kWh) is less than annual load (42412 kWh). No finite battery can close this gap -- storage shifts energy in time, it does not create it. Increasing PV/wind capacity (a scenario input, not a battery decision variable in this optimization) would be required.",1.0034046820001095,20258.712958370208,5918.676057714927,26177.389016085137
449,jinan,Asia/Shanghai,2023,4200575,34.387160430872825,22.62466431343418,31880.649128253342,17.298276827295513,0.9946017535807142,0.9227077080269102,0.8730863711244201,True,12.0,184.32,0.005343387616232016,13128.655791698131,,0.9991147750001801,44176.61266204926,17021.486600272765,61198.09926232202
450,jinan,Asia/Shanghai,2023,4200576,21.59121808793992,12.918253580814046,22196.45381139665,12.780525924419251,0.9949036503032052,0.939441503077941,0.7861004620219141,True,15.0,230.39999999999998,0.004861004719252914,16410.81973962266,,1.1272361620001448,27737.8785110854,9718.945535655346,37456.824046740745
451,jinan,Asia/Shanghai,2023,4200577,16.53511875650798,22.336841248277516,23840.034689520573,18.84415129760262,0.9918661799972381,0.9304051728612608,0.8073230187058904,True,17.0,261.12,0.007666623839585382,18598.929038239017,,1.0049289619998945,21242.391854240628,16804.945201958868,38047.337056199496
452,jinan,Asia/Shanghai,2023,4200578,34.859435437809864,7.7770277350165955,46397.48691669846,12.971422582581052,0.9952749844552293,0.925914966396799,0.7072049813672533,False,,,,,"No feasible battery size was found within the tested range for the selected fixed PV and wind capacities. Battery-range inadequacy: annual renewable production is sufficient overall, but no module count within the tested range (0..n_max) achieved the reliability target. Consider increasing candidate_module_counts.max and re-running.",1.0155977059998804,44783.33650286668,5850.985081928108,50634.32158479479
453,jinan,Asia/Shanghai,2023,4200579,24.912719854197945,10.27099325353981,23707.52721511326,14.736523987807098,0.9944792741652669,0.8883896391400714,0.7146082549523517,True,18.0,276.48,0.005425500459010829,19692.983687547196,,0.9889967130000059,32004.956546774454,7727.300242541496,39732.25678931595
454,jinan,Asia/Shanghai,2023,4200580,36.2723804907894,10.90655152153466,27016.90519334943,19.385395760186633,0.99849932297242,0.9443425200338426,0.7137877903465109,True,19.0,291.84,0.0011504456142055553,20787.038336855374,,0.9861368849999508,46598.52349522432,8205.45746036785,54803.98095559217
455,jinan,Asia/Shanghai,2023,4200581,14.300266663099045,24.076997799002914,15799.301327885703,12.828307307759498,0.9917728184278709,0.8868725623125349,0.7404617237684196,True,6.0,92.16,0.007445682476892574,6564.3278958490655,,0.9706678270001703,18371.314566950045,18114.138169430273,36485.45273638032
456,jinan,Asia/Shanghai,2023,4200582,11.643223221713082,7.787947662419777,29739.36631052868,14.777232815863613,0.990786058335646,0.9196916761513841,0.8162494045706704,False,,,,,"No feasible battery size was found within the tested range for the selected fixed PV and wind capacities. Renewable-generation inadequacy: annual PV+wind production (20817 kWh) is less than annual load (29739 kWh). No finite battery can close this gap -- storage shifts energy in time, it does not create it. Increasing PV/wind capacity (a scenario input, not a battery decision variable in this optimization) would be required.",0.9824509939999189,14957.855081910306,5859.2006026268555,20817.05568453716
457,jinan,Asia/Shanghai,2023,4200583,17.026770286331846,12.441568230320508,12873.394789344346,8.301966203496423,0.9942007763332704,0.9691397961032789,0.8992530125878266,True,4.0,61.44,0.002911084591116695,4376.21859723271,,0.9751241430001301,21874.00839150589,9360.315096168377,31234.323487674264
458,jinan,Asia/Shanghai,2023,4200584,39.38865043372864,13.46172772600655,13227.215136586601,9.853601558740003,0.9921394293783388,0.881271391741887,0.7190467220576751,True,3.0,46.08,0.002315060361491432,3282.1639479245327,,0.9925679479999872,50601.94362339565,10127.823994660637,60729.767618056285
459,jinan,Asia/Shanghai,2023,4200585,23.595758051471982,11.79324927608594,17214.14886537932,15.741499559881206,0.9932140403630696,0.956668107017189,0.7481954320526234,True,6.0,92.16,0.004371368977587997,6564.3278958490655,,1.0535928350000177,30313.07763846233,8872.55747734466,39185.63511580699
460,jinan,Asia/Shanghai,2023,4200586,15.171016796927418,23.595365002701463,11720.130029602042,13.477221690438308,0.9949343745764994,0.9025547986962754,0.7905543490225635,True,3.0,46.08,0.004760315135440083,3282.1639479245327,,0.9910077349998119,19489.952771023098,17751.78555836284,37241.73832938594
461,jinan,Asia/Shanghai,2023,4200587,12.632133492479063,19.42540291847771,18867.885935072925,7.900780397398339,0.9928339063044975,0.9612132928236827,0.8592933296567086,True,13.0,199.68,0.006833170396130339,14222.710441006306,,0.978450544999987,16228.291647237435,14614.547685705702,30842.839332943135
462,jinan,Asia/Shanghai,2023,4200588,38.40676873401273,18.03924692066171,36516.860441283505,12.200464991393254,0.9981466769103028,0.9259789434343296,0.7710120141590049,False,,,,,"No feasible battery size was found within the tested range for the selected fixed PV and wind capacities. Battery-range inadequacy: annual renewable production is sufficient overall, but no module count within the tested range (0..n_max) achieved the reliability target. Consider increasing candidate_module_counts.max and re-running.",0.9957486550001704,49340.53654631228,13571.684224138107,62912.22077045039
463,jinan,Asia/Shanghai,2023,4200589,29.211250297529954,15.922789868019269,14960.792612395819,10.890881208686444,0.9928199286998504,0.9562150397510019,0.7757685113946218,True,3.0,46.08,0.006690112136874904,3282.1639479245327,,1.173060686000099,37527.20706213301,11979.384561145323,49506.591623278335
464,jinan,Asia/Shanghai,2023,4200590,17.244688190944206,10.301545771499438,24668.966916718706,15.762792990134251,0.9985464273861071,0.9402133687111269,0.8094332541888202,False,,,,,"No feasible battery size was found within the tested range for the selected fixed PV and wind capacities. Battery-range inadequacy: annual renewable production is sufficient overall, but no module count within the tested range (0..n_max) achieved the reliability target. Consider increasing candidate_module_counts.max and re-running.",1.093244218000109,22153.963896513,7750.286186900706,29904.250083413706
465,jinan,Asia/Shanghai,2023,4200591,39.004596342466996,19.073162017112224,16462.02905804775,13.792054327608962,0.9910689941078602,0.9510227835882034,0.7562630347747765,True,3.0,46.08,0.005576730744455952,3282.1639479245327,,1.2345127300000058,50108.55572458827,14349.542039672735,64458.097764261
466,jinan,Asia/Shanghai,2023,4200592,30.856444691800558,23.20179348260398,17240.394026806895,10.892867579017501,0.9958240690926621,0.9177692733528551,0.734963788324943,True,5.0,76.8,0.0023647654653889813,5470.273246540887,,1.1026375710000593,39640.76091766498,17455.685149411776,57096.44606707676
467,jinan,Asia/Shanghai,2023,4200593,10.87214842506391,13.131962874039258,35968.36106327681,13.60976312228733,0.9914061711578458,0.9205624099480648,0.7738942092362505,False,,,,,"No feasible battery size was found within the tested range for the selected fixed PV and wind capacities. Renewable-generation inadequacy: annual PV+wind production (23847 kWh) is less than annual load (35968 kWh). No finite battery can close this gap -- storage shifts energy in time, it does not create it. Increasing PV/wind capacity (a scenario input, not a battery decision variable in this optimization) would be required.",1.0077425540000604,13967.268124504637,9879.728025976176,23846.996150480813
468,jinan,Asia/Shanghai,2023,4200594,18.226072068801997,19.585424877207785,22386.081201087374,13.102129284995438,0.9983090118174266,0.9285348384028224,0.8234045820321122,True,23.0,353.28,0.0013313103284008326,25163.25693408808,,1.0064383330000055,23414.73143014105,14734.938936092385,38149.67036623343
469,jinan,Asia/Shanghai,2023,4200595,12.197379585026543,8.562682874834726,14038.047971924538,16.472194225337603,0.9975232897282515,0.896780976387512,0.7438543501846182,True,17.0,261.12,0.002011440221685876,18598.929038239017,,1.0114116940001168,15669.770538422667,6442.066489792757,22111.837028215425
470,jinan,Asia/Shanghai,2023,4200596,19.69621868478349,16.82155233907671,34871.84775200078,15.301309378121864,0.9981467348059212,0.9065536126446885,0.8317517978413551,False,,,,,"No feasible battery size was found within the tested range for the selected fixed PV and wind capacities. Battery-range inadequacy: annual renewable production is sufficient overall, but no module count within the tested range (0..n_max) achieved the reliability target. Consider increasing candidate_module_counts.max and re-running.",1.0063295469999503,25303.404318418507,12655.5613718151,37958.96569023361
471,jinan,Asia/Shanghai,2023,4200597,25.557417770540606,11.432446764384919,43109.62679440082,16.56215422748589,0.9945028405297752,0.949107163807043,0.7535751204154522,False,,,,,"No feasible battery size was found within the tested range for the selected fixed PV and wind capacities. Renewable-generation inadequacy: annual PV+wind production (41434 kWh) is less than annual load (43110 kWh). No finite battery can close this gap -- storage shifts energy in time, it does not create it. Increasing PV/wind capacity (a scenario input, not a battery decision variable in this optimization) would be required.",0.9803969790000338,32833.189229480355,8601.11057173833,41434.29980121869
472,jinan,Asia/Shanghai,2023,4200598,27.685189912104036,22.30366909575751,22719.3801846605,12.253249736461148,0.998559403687556,0.9518390657774563,0.8774078040661105,True,11.0,168.95999999999998,0.0010375658374000326,12034.601142389953,,1.0011290760000975,35566.702684884935,16779.988396332974,52346.69108121791
473,jinan,Asia/Shanghai,2023,4200599,21.55741182671339,24.930105192691176,16102.624187352518,12.781558748244635,0.9943134604406663,0.9518588971720121,0.8817235545030024,True,4.0,61.44,0.003761952088311537,4376.21859723271,,1.0036791299999095,27694.448169962627,18755.966745054087,46450.414915016714
474,jinan,Asia/Shanghai,2023,4200600,31.934181307241793,17.536324722606054,27097.16763394015,12.654888756136012,0.9945837028190234,0.881833162631594,0.8006091609655355,True,11.0,168.95999999999998,0.004729844365424691,12034.601142389953,,0.9953648619998603,41025.311209561434,13193.314700657444,54218.62591021888
475,jinan,Asia/Shanghai,2023,4200601,24.23248134677932,10.104177991981633,11249.639159625993,15.356121631684282,0.9939157897576396,0.9174110373801011,0.7499973508057017,True,3.0,46.08,0.0026765015934092726,3282.1639479245327,,0.9821462950001205,31131.065458254576,7601.798104697732,38732.863562952305
476,jinan,Asia/Shanghai,2023,4200602,26.134911969940514,13.76053562541463,28959.37892116364,13.71307022654573,0.9900569218251576,0.961692631318458,0.7142174793890163,True,16.0,245.76,0.009740654311447328,17504.87438893084,,1.017481676999978,33575.08641557559,10352.629745825314,43927.71616140091
477,jinan,Asia/Shanghai,2023,4200603,23.527742419479836,9.147457504787628,30951.294774795013,9.203451631957067,0.9977400584825634,0.9156723850566179,0.8277511111536875,False,,,,,"No feasible battery size was found within the tested range for the selected fixed PV and wind capacities. Battery-range inadequacy: annual renewable production is sufficient overall, but no module count within the tested range (0..n_max) achieved the reliability target. Consider increasing candidate_module_counts.max and re-running.",0.9814155279998431,30225.69908810131,6882.01704066181,37107.716128763124
478,jinan,Asia/Shanghai,2023,4200604,17.46639184443637,5.38812300988035,26166.181424531045,13.047297343374352,0.9941359243613558,0.9665812927436974,0.8413678347692057,False,,,,,"No feasible battery size was found within the tested range for the selected fixed PV and wind capacities. Battery-range inadequacy: annual renewable production is sufficient overall, but no module count within the tested range (0..n_max) achieved the reliability target. Consider increasing candidate_module_counts.max and re-running.",0.9932616369999323,22438.782890095597,4053.7115752405416,26492.494465336138
479,jinan,Asia/Shanghai,2023,4200605,39.87009401876186,10.901201806279438,41562.13118428586,13.333377013199208,0.9955058431900365,0.9687267880398095,0.8307974399502234,False,,,,,"No feasible battery size was found within the tested range for the selected fixed PV and wind capacities. Battery-range inadequacy: annual renewable production is sufficient overall, but no module count within the tested range (0..n_max) achieved the reliability target. Consider increasing candidate_module_counts.max and re-running.",0.9725752889999058,51220.44618389047,8201.432644561944,59421.87882845241
480,jinan,Asia/Shanghai,2023,4200606,36.96450677010753,19.515004694384942,15095.444868990002,15.491355654834688,0.9943588402981693,0.9626918193684108,0.861366889438091,True,3.0,46.08,0.001999750000394444,3282.1639479245327,,0.9936471080000047,47487.68660644218,14681.958870545246,62169.645476987425
481,jinan,Asia/Shanghai,2023,4200607,13.124040628216758,7.678312873071169,12784.440071944224,12.398673121169262,0.9907269458328661,0.9451310502917225,0.8104717162900865,True,5.0,76.8,0.007887334744541783,5470.273246540887,,1.0140123349999612,16860.236557165856,5776.717739147949,22636.954296313805
482,jinan,Asia/Shanghai,2023,4200608,16.1515179556955,21.124629774459628,14232.581107387312,14.216412422572489,0.9967156317055361,0.9475973044434584,0.7380121773216262,True,6.0,92.16,0.002052251060146077,6564.3278958490655,,1.016948138999851,20749.586290128664,15892.947522239212,36642.533812367874
483,jinan,Asia/Shanghai,2023,4200609,11.848719951328361,13.976127675444353,18099.413809781843,15.48906213520907,0.9932102351968988,0.9204418546929819,0.7226969866203423,True,24.0,368.64,0.006577832879143816,26257.311583396262,,0.9853408809999564,15221.853310138004,10514.828713282579,25736.68202342058
484,jinan,Asia/Shanghai,2023,4200610,10.422839363855674,11.689257844104375,16112.530562088297,8.27616999679319,0.997854752325941,0.9342884194045764,0.7352915306057799,True,29.0,445.44,0.001847020406799706,31727.584829937146,,1.0704526709998845,13390.048251917404,8794.32034898354,22184.368600900943
485,jinan,Asia/Shanghai,2023,4200611,15.156080926940547,12.686133182079152,44726.19306116271,13.05499907627749,0.9958977616500656,0.9504711551911158,0.865624557667504,False,,,,,"No feasible battery size was found within the tested range for the selected fixed PV and wind capacities. Renewable-generation inadequacy: annual PV+wind production (29015 kWh) is less than annual load (44726 kWh). No finite battery can close this gap -- storage shifts energy in time, it does not create it. Increasing PV/wind capacity (a scenario input, not a battery decision variable in this optimization) would be required.",0.9861616969999432,19470.764907445147,9544.311596252766,29015.076503697914
486,jinan,Asia/Shanghai,2023,4200612,34.005998291095096,11.805164237853445,15993.313307692239,7.80132133567105,0.9947768076174246,0.9561563376410489,0.7141301431542221,True,4.0,61.44,0.004514014022860382,4376.21859723271,,0.9846760370000993,43686.940005179305,8881.521604248763,52568.461609428065
487,jinan,Asia/Shanghai,2023,4200613,34.5084419276844,18.717346051376374,30472.895556190288,11.343742145643121,0.9973395248033291,0.9513771489425519,0.8513872671885119,True,17.0,261.12,0.0025288043157850057,18598.929038239017,,0.9726122199999736,44332.42098238117,14081.8467223398,58414.26770472097
488,jinan,Asia/Shanghai,2023,4200614,39.94767853645888,14.570249218827678,42276.91911279663,17.937175504752176,0.9919044232330831,0.8837859797847755,0.780949680437716,False,,,,,"No feasible battery size was found within the tested range for the selected fixed PV and wind capacities. Battery-range inadequacy: annual renewable production is sufficient overall, but no module count within the tested range (0..n_max) achieved the reliability target. Consider increasing candidate_module_counts.max and re-running.",1.019337729999961,51320.11772245101,10961.811340274653,62281.92906272566
489,jinan,Asia/Shanghai,2023,4200615,11.958317034359796,6.498433925189375,33595.70989163808,17.14368803491078,0.9936266646759345,0.9200352183353675,0.8178575407329256,False,,,,,"No feasible battery size was found within the tested range for the selected fixed PV and wind capacities. Renewable-generation inadequacy: annual PV+wind production (20252 kWh) is less than annual load (33596 kWh). No finite battery can close this gap -- storage shifts energy in time, it does not create it. Increasing PV/wind capacity (a scenario input, not a battery decision variable in this optimization) would be required.",1.0368674050000664,15362.650858563182,4889.045178658787,20251.69603722197
490,jinan,Asia/Shanghai,2023,4200616,25.99121814359067,18.7612346620254,28871.428806521064,15.707910275961012,0.9989757966829197,0.9115268058023889,0.7024430925830701,False,,,,,"No feasible battery size was found within the tested range for the selected fixed PV and wind capacities. Battery-range inadequacy: annual renewable production is sufficient overall, but no module count within the tested range (0..n_max) achieved the reliability target. Consider increasing candidate_module_counts.max and re-running.",1.0709358659998998,33390.48534851902,14114.865970171177,47505.3513186902
491,jinan,Asia/Shanghai,2023,4200617,13.768751366549644,16.070283699739075,23770.311485786082,19.09973890557489,0.9956470148109664,0.926831966736892,0.8596079002544037,False,,,,,"No feasible battery size was found within the tested range for the selected fixed PV and wind capacities. Battery-range inadequacy: annual renewable production is sufficient overall, but no module count within the tested range (0..n_max) achieved the reliability target. Consider increasing candidate_module_counts.max and re-running.",1.0503738610000255,17688.48571206919,12090.350374624855,29778.836086694042
492,jinan,Asia/Shanghai,2023,4200618,17.757696131472855,21.394770805647195,10122.444194563717,14.295160432035765,0.998412814359412,0.9509073956830483,0.8707268384294718,True,3.0,46.08,0.00017334388661762078,3282.1639479245327,,1.184303830999852,22813.016659152363,16096.185982657506,38909.20264180987
493,jinan,Asia/Shanghai,2023,4200619,21.908640855145016,21.484778922002526,32033.266601210664,14.278103547547984,0.9905302380540222,0.8981396527456953,0.8101928831027105,False,,,,,"No feasible battery size was found within the tested range for the selected fixed PV and wind capacities. Battery-range inadequacy: annual renewable production is sufficient overall, but no module count within the tested range (0..n_max) achieved the reliability target. Consider increasing candidate_module_counts.max and re-running.",1.0909579439999106,28145.666256896067,16163.902874507623,44309.56913140369
494,jinan,Asia/Shanghai,2023,4200620,11.764031734704929,19.828936131754265,43602.28034087607,18.805435419422075,0.9909159161326182,0.9645748223220519,0.7135240015258589,False,,,,,"No feasible battery size was found within the tested range for the selected fixed PV and wind capacities. Renewable-generation inadequacy: annual PV+wind production (30031 kWh) is less than annual load (43602 kWh). No finite battery can close this gap -- storage shifts energy in time, it does not create it. Increasing PV/wind capacity (a scenario input, not a battery decision variable in this optimization) would be required.",1.0406197190000057,15113.055767801412,14918.142695443517,30031.19846324493
495,jinan,Asia/Shanghai,2023,4200621,24.22168647783446,21.805020412556235,12812.445542578214,5.273466094834754,0.9902245294683598,0.926014321549243,0.8623193489193326,True,2.0,30.72,0.007000533486994115,2188.109298616355,,0.9928668289999223,31117.197469792045,16404.834017829588,47522.03148762163
496,jinan,Asia/Shanghai,2023,4200622,13.822800132177989,7.4922050815908126,32741.874201991664,8.514434012178855,0.9965719236163039,0.9654671849359074,0.8532066813200826,False,,,,,"No feasible battery size was found within the tested range for the selected fixed PV and wind capacities. Renewable-generation inadequacy: annual PV+wind production (23395 kWh) is less than annual load (32742 kWh). No finite battery can close this gap -- storage shifts energy in time, it does not create it. Increasing PV/wind capacity (a scenario input, not a battery decision variable in this optimization) would be required.",0.9749672760001431,17757.921261678617,5636.701019562491,23394.622281241107
497,jinan,Asia/Shanghai,2023,4200623,26.255464603350006,18.18934550010956,49152.34617788165,16.170549413635772,0.9910631776525116,0.9227800106244979,0.8177541565979144,False,,,,,"No feasible battery size was found within the tested range for the selected fixed PV and wind capacities. Renewable-generation inadequacy: annual PV+wind production (47415 kWh) is less than annual load (49152 kWh). No finite battery can close this gap -- storage shifts energy in time, it does not create it. Increasing PV/wind capacity (a scenario input, not a battery decision variable in this optimization) would be required.",0.9992351930000041,33729.95837722614,13684.60969889419,47414.568076120326
498,jinan,Asia/Shanghai,2023,4200624,14.398694285930581,13.639321139621568,21360.23265343292,6.7824131339303895,0.9946083774011711,0.8949069772911111,0.8181074817171446,False,,,,,"No feasible battery size was found within the tested range for the selected fixed PV and wind capacities. Battery-range inadequacy: annual renewable production is sufficient overall, but no module count within the tested range (0..n_max) achieved the reliability target. Consider increasing candidate_module_counts.max and re-running.",1.0053734559999157,18497.762895762076,10261.434989646747,28759.197885408823
499,jinan,Asia/Shanghai,2023,4200625,15.090907967255962,19.471898472056424,17809.664921186817,18.444276511642244,0.9902358842089393,0.9269797648341163,0.7640209531773093,True,8.0,122.88,0.008588037329226281,8752.43719446542,,0.9970270189999155,19387.038290883916,14649.52824635616,34036.566537240076
500,jinan,Asia/Shanghai,2023,4200626,16.752295773237726,14.432055583302962,43680.78145297043,18.72915808289973,0.9927292375633306,0.8938819259885564,0.8440280895132615,False,,,,,"No feasible battery size was found within the tested range for the selected fixed PV and wind capacities. Renewable-generation inadequacy: annual PV+wind production (32379 kWh) is less than annual load (43681 kWh). No finite battery can close this gap -- storage shifts energy in time, it does not create it. Increasing PV/wind capacity (a scenario input, not a battery decision variable in this optimization) would be required.",1.0020798980001473,21521.395552916365,10857.842455576983,32379.238008493347
501,jinan,Asia/Shanghai,2023,4200627,27.459961763679647,9.020322973551199,40411.831523497465,12.783956528632118,0.9958805567955666,0.9123405130567049,0.7878195122604752,False,,,,,"No feasible battery size was found within the tested range for the selected fixed PV and wind capacities. Battery-range inadequacy: annual renewable production is sufficient overall, but no module count within the tested range (0..n_max) achieved the reliability target. Consider increasing candidate_module_counts.max and re-running.",0.9822307439999349,35277.35583132497,6786.368385287602,42063.724216612565
502,jinan,Asia/Shanghai,2023,4200628,15.410262951248265,20.13031735290682,16280.452966071674,16.67453892126592,0.9971820706939613,0.947194086764961,0.7038845576117481,True,11.0,168.95999999999998,0.0025774398149899284,12034.601142389953,,0.9934431789999962,19797.308323441088,15144.884464795468,34942.192788236556
503,jinan,Asia/Shanghai,2023,4200629,18.193996378200207,14.366754855836275,33821.77514867183,18.788331490535754,0.9933804537491583,0.9587520986896558,0.7326858576273673,False,,,,,"No feasible battery size was found within the tested range for the selected fixed PV and wind capacities. Battery-range inadequacy: annual renewable production is sufficient overall, but no module count within the tested range (0..n_max) achieved the reliability target. Consider increasing candidate_module_counts.max and re-running.",1.0281389530000524,23373.524324296075,10808.713971628506,34182.23829592458
504,jinan,Asia/Shanghai,2023,4200630,10.419181582553877,5.044704094947942,30426.425269595882,9.574332706237922,0.9916228030139566,0.93522345439445,0.7456872943434854,False,,,,,"No feasible battery size was found within the tested range for the selected fixed PV and wind capacities. Renewable-generation inadequacy: annual PV+wind production (17181 kWh) is less than annual load (30426 kWh). No finite battery can close this gap -- storage shifts energy in time, it does not create it. Increasing PV/wind capacity (a scenario input, not a battery decision variable in this optimization) would be required.",0.985520397999835,13385.34916115948,3795.3430806710458,17180.692241830526
505,jinan,Asia/Shanghai,2023,4200631,27.76621449054844,12.585319011725458,17469.84870679159,7.07157106803123,0.9921317454281456,0.8826848897211687,0.7616253924072537,True,5.0,76.8,0.00643952441793748,5470.273246540887,,0.9793024509999668,35670.793612230904,9468.464855456084,45139.25846768699
506,jinan,Asia/Shanghai,2023,4200632,37.058640705453826,21.627242517660566,24880.150268786354,13.637504278727057,0.9951062450311265,0.9545863785274341,0.7472580203033931,True,8.0,122.88,0.0038270183999791455,8752.43719446542,,1.0013221629999407,47608.6189064065,16271.084229816399,63879.703136222895
507,jinan,Asia/Shanghai,2023,4200633,18.89162466379037,11.03570867491223,11634.799590866973,9.720317949337883,0.997901223989292,0.9620788882814333,0.7219270691537101,True,5.0,76.8,0.0013559389273845473,5470.273246540887,,1.0054826250000133,24269.755771395645,8302.627819454252,32572.383590849895
508,jinan,Asia/Shanghai,2023,4200634,23.741756248552942,12.626978031752783,29574.367864935517,13.320792860880157,0.9901823288401597,0.9558018023129045,0.8947328146346677,True,19.0,291.84,0.00968212879263873,20787.038336855374,,0.9880639819998578,30500.639092242985,9499.806688481847,40000.44578072483
509,jinan,Asia/Shanghai,2023,4200635,29.602144360109268,18.209044769867383,31119.194313228338,10.014101175715727,0.9913408004176156,0.9325657008426446,0.7089882807018414,True,16.0,245.76,0.008597543107273151,17504.87438893084,,0.9919797200000176,38029.38215824702,13699.430288122505,51728.81244636953
510,jinan,Asia/Shanghai,2023,4200636,34.735077030756216,13.41823398941231,26590.168966478992,9.907562877138586,0.9987241849982873,0.8957425257493647,0.7302615642950422,True,19.0,291.84,0.0008793274947966956,20787.038336855374,,0.9680934030000117,44623.57532715918,10095.101827189841,54718.677154349025
511,jinan,Asia/Shanghai,2023,4200637,11.214968558001031,14.91307949152378,36182.798651159275,13.044796658339429,0.9921405184639361,0.9545647253441124,0.8940273022476481,False,,,,,"No feasible battery size was found within the tested range for the selected fixed PV and wind capacities. Renewable-generation inadequacy: annual PV+wind production (25627 kWh) is less than annual load (36183 kWh). No finite battery can close this gap -- storage shifts energy in time, it does not create it. Increasing PV/wind capacity (a scenario input, not a battery decision variable in this optimization) would be required.",0.9949816309999733,14407.683443354825,11219.736974530344,25627.42041788517
512,jinan,Asia/Shanghai,2023,4200638,13.362976972792662,10.767734068283394,31344.79735759471,12.873831435564728,0.9976538806603773,0.9696514531874746,0.7214421691720281,False,,,,,"No feasible battery size was found within the tested range for the selected fixed PV and wind capacities. Renewable-generation inadequacy: annual PV+wind production (25268 kWh) is less than annual load (31345 kWh). No finite battery can close this gap -- storage shifts energy in time, it does not create it. Increasing PV/wind capacity (a scenario input, not a battery decision variable in this optimization) would be required.",0.9887198590001844,17167.194102161026,8101.019251355512,25268.213353516538
513,jinan,Asia/Shanghai,2023,4200639,18.141643984751113,12.151964204461516,29156.7363124002,12.408646147315986,0.9977057555683357,0.949350337250659,0.7037703158075906,False,,,,,"No feasible battery size was found within the tested range for the selected fixed PV and wind capacities. Battery-range inadequacy: annual renewable production is sufficient overall, but no module count within the tested range (0..n_max) achieved the reliability target. Consider increasing candidate_module_counts.max and re-running.",1.0029368799998792,23306.268075790736,9142.433806207453,32448.70188199819
514,jinan,Asia/Shanghai,2023,4200640,32.689213434128604,11.428013602849536,33559.49162274465,12.735952714381513,0.9978968437129475,0.8909813438676555,0.722852601650692,False,,,,,"No feasible battery size was found within the tested range for the selected fixed PV and wind capacities. Battery-range inadequacy: annual renewable production is sufficient overall, but no module count within the tested range (0..n_max) achieved the reliability target. Consider increasing candidate_module_counts.max and re-running.",0.9763794150001104,41995.28841613927,8597.775317847885,50593.06373398716
515,jinan,Asia/Shanghai,2023,4200641,19.009590073690475,13.624299362516702,21941.68995008558,16.447806235928656,0.9922073925879837,0.887629726849502,0.7827599619768295,True,15.0,230.39999999999998,0.00737767990897012,16410.81973962266,,0.9932879899999989,24421.303970065695,10250.133474885668,34671.43744495136
516,jinan,Asia/Shanghai,2023,4200642,33.20137864415452,22.011238871734825,39333.79393453403,13.368300177496161,0.9965177253157426,0.9413250581773475,0.7468733264990122,False,,,,,"No feasible battery size was found within the tested range for the selected fixed PV and wind capacities. Battery-range inadequacy: annual renewable production is sufficient overall, but no module count within the tested range (0..n_max) achieved the reliability target. Consider increasing candidate_module_counts.max and re-running.",0.9750877050000781,42653.25853692826,16559.980838618125,59213.239375546385
517,jinan,Asia/Shanghai,2023,4200643,26.522766766095813,20.41218665276864,22684.826475005528,14.809597200753972,0.9943333238476691,0.9252842965850518,0.7180110075564319,True,9.0,138.24,0.004543035679447252,9846.491843773598,,0.9956103770000482,34073.35701670053,15356.946595051137,49430.30361175167
518,jinan,Asia/Shanghai,2023,4200644,29.986514959161394,22.313740707090403,15657.251521034512,10.49158493324674,0.9904380070935676,0.8826668697378752,0.8979316993343488,True,3.0,46.08,0.004909079310525071,3282.1639479245327,,0.9657546430000821,38523.17666934485,16787.565693170225,55310.74236251508
519,jinan,Asia/Shanghai,2023,4200645,24.80414524919154,12.110380372704928,20995.083065000756,19.700189674174386,0.9922702570696952,0.9453137556163969,0.7567516191611867,True,7.0,107.52,0.007549521409187287,7658.382545157243,,0.988558957000123,31865.472558849804,9111.14854048033,40976.621099330136
520,jinan,Asia/Shanghai,2023,4200646,12.114685160707573,18.665532290358826,10065.233905194595,15.136227673408541,0.9922533893909083,0.9471493808864351,0.8539500334701299,True,3.0,46.08,0.0024364325414705282,3282.1639479245327,,1.0102149650001593,15563.534387874728,14042.865050538983,29606.39943841371
521,jinan,Asia/Shanghai,2023,4200647,31.723217164526137,5.489668829352208,38149.46478575074,19.852184210836448,0.9921836283167306,0.9046814715002804,0.8627053099161079,False,,,,,"No feasible battery size was found within the tested range for the selected fixed PV and wind capacities. Battery-range inadequacy: annual renewable production is sufficient overall, but no module count within the tested range (0..n_max) achieved the reliability target. Consider increasing candidate_module_counts.max and re-running.",1.0115560189999542,40754.289086723875,4130.108766443402,44884.39785316728
522,jinan,Asia/Shanghai,2023,4200648,36.29034008192552,8.254994385997128,24567.788380234422,17.73003030720994,0.9917157848094539,0.9539236722694907,0.7158138354735911,True,8.0,122.88,0.008002017799519858,8752.43719446542,,1.0279824120000285,46621.595883035574,6210.57949766543,52832.175380701
523,jinan,Asia/Shanghai,2023,4200649,24.6768720156997,6.506613248914068,37116.14340246057,16.859022335834005,0.9976487269342212,0.968313602566959,0.8344031444599174,False,,,,,"No feasible battery size was found within the tested range for the selected fixed PV and wind capacities. Renewable-generation inadequacy: annual PV+wind production (36597 kWh) is less than annual load (37116 kWh). No finite battery can close this gap -- storage shifts energy in time, it does not create it. Increasing PV/wind capacity (a scenario input, not a battery decision variable in this optimization) would be required.",1.0191016950000176,31701.96675413184,4895.198827935099,36597.16558206694
524,jinan,Asia/Shanghai,2023,4200650,33.07185741520061,15.115165566426587,46509.47604724504,14.656375732991938,0.9979519626562621,0.9011906815312493,0.7993475561436129,False,,,,,"No feasible battery size was found within the tested range for the selected fixed PV and wind capacities. Battery-range inadequacy: annual renewable production is sufficient overall, but no module count within the tested range (0..n_max) achieved the reliability target. Consider increasing candidate_module_counts.max and re-running.",1.0125043269999878,42486.86476985606,11371.774828812111,53858.639598668175
525,jinan,Asia/Shanghai,2023,4200651,31.894567631914118,9.054435091253666,18453.59173047913,19.67064110608456,0.9939114932466349,0.8963633907631394,0.7662927763963012,True,6.0,92.16,0.004105431712244319,6564.3278958490655,,0.9821499810000205,40974.42018020213,6812.032366257021,47786.45254645915
526,jinan,Asia/Shanghai,2023,4200652,21.92128444797777,17.461705149404423,46920.5863619101,19.798851138831367,0.9958652888302,0.9429930124717952,0.7643658339393178,False,,,,,"No feasible battery size was found within the tested range for the selected fixed PV and wind capacities. Renewable-generation inadequacy: annual PV+wind production (41299 kWh) is less than annual load (46921 kWh). No finite battery can close this gap -- storage shifts energy in time, it does not create it. Increasing PV/wind capacity (a scenario input, not a battery decision variable in this optimization) would be required.",0.9872958649998509,28161.909270167023,13137.175257093833,41299.08452726086
527,jinan,Asia/Shanghai,2023,4200653,35.714757863462474,9.355966704406297,14255.225972438704,19.598839851464763,0.9977772480913848,0.907328062108432,0.8350341432762098,True,4.0,61.44,0.0016752986905266512,4376.21859723271,,0.9786989230001382,45882.15498702672,7038.887281836411,52921.04226886313
528,jinan,Asia/Shanghai,2023,4200654,24.010550722395983,11.462564122909418,21470.968430411795,7.040411678313597,0.9949438627404825,0.9201937021105757,0.8024372840599888,True,10.0,153.6,0.0050383334162884645,10940.546493081774,,0.9791258519999246,30845.95487894582,8623.769127350843,39469.72400629666
529,jinan,Asia/Shanghai,2023,4200655,16.460715024382132,23.772213415464954,35543.64785322166,18.494009860750054,0.9909834404942948,0.9360565869270557,0.8698923637288323,False,,,,,"No feasible battery size was found within the tested range for the selected fixed PV and wind capacities. Battery-range inadequacy: annual renewable production is sufficient overall, but no module count within the tested range (0..n_max) achieved the reliability target. Consider increasing candidate_module_counts.max and re-running.",0.996426319999955,21146.806617962047,17884.836057872162,39031.64267583421
530,jinan,Asia/Shanghai,2023,4200656,19.927623394434,8.902863382719728,20600.852232224788,9.094005901246984,0.9940247906843118,0.9093367242501398,0.7542548145415983,True,16.0,245.76,0.005839175792765624,17504.87438893084,,0.9845832959999825,25600.68609738234,6697.998594526805,32298.684691909144
531,jinan,Asia/Shanghai,2023,4200657,29.45536895215414,6.060647433437689,23614.551125589198,15.346279489107122,0.991582647743529,0.8998835075991621,0.7401333250825834,True,10.0,153.6,0.006991776190648543,10940.546493081774,,0.9882150850000926,37840.8222345923,4559.679986764781,42400.50222135708
532,jinan,Asia/Shanghai,2023,4200658,10.027783201942148,14.475355036631454,11558.351576644927,9.094097176623503,0.9989532308213277,0.962655659025127,0.7430151616312668,True,11.0,168.95999999999998,0.000145935699427181,12034.601142389953,,0.9754107599999315,12882.526176063155,10890.418455575022,23772.944631638176
533,jinan,Asia/Shanghai,2023,4200659,19.30007295741798,14.27409164537103,43776.54186636974,17.039689120896366,0.9911361729290965,0.8912003963513517,0.7833464507788089,False,,,,,"No feasible battery size was found within the tested range for the selected fixed PV and wind capacities. Renewable-generation inadequacy: annual PV+wind production (35533 kWh) is less than annual load (43777 kWh). No finite battery can close this gap -- storage shifts energy in time, it does not create it. Increasing PV/wind capacity (a scenario input, not a battery decision variable in this optimization) would be required.",0.9810275150000507,24794.482495962937,10738.99954080109,35533.48203676403
534,jinan,Asia/Shanghai,2023,4200660,36.102861688413164,22.641699981910048,14294.633987461206,13.614459319483274,0.991401076774126,0.9417516379002504,0.8832866495857813,True,2.0,30.72,0.004502078051374485,2188.109298616355,,0.9677263519999997,46380.745511300236,17034.30325022043,63415.048761520666
535,jinan,Asia/Shanghai,2023,4200661,23.643078774267806,6.66165549384103,33170.16783578182,11.12775005203782,0.9972980887710057,0.9106310017533749,0.8749794400945179,False,,,,,"No feasible battery size was found within the tested range for the selected fixed PV and wind capacities. Battery-range inadequacy: annual renewable production is sufficient overall, but no module count within the tested range (0..n_max) achieved the reliability target. Consider increasing candidate_module_counts.max and re-running.",0.9918985379999867,30373.86978342707,5011.843630171279,35385.71341359835
536,jinan,Asia/Shanghai,2023,4200662,13.340949183597639,7.647705825087008,13102.066970458654,18.11953117764409,0.9984970360394687,0.8841905036555908,0.852014356308708,True,12.0,184.32,0.0011427492579687746,13128.655791698131,,0.9737112689999776,17138.895368015004,5753.690769557645,22892.58613757265
537,jinan,Asia/Shanghai,2023,4200663,32.11455240151594,24.93818849220081,23914.826468842726,9.282634875356244,0.9940777390872885,0.9570917659434272,0.8457187285075798,True,7.0,107.52,0.0039707876627167816,7658.382545157243,,0.9870791409998674,41257.03095226008,18762.048151274445,60019.079103534525
538,jinan,Asia/Shanghai,2023,4200664,24.148714419025083,9.891256865717464,39080.629650734845,17.81790302063294,0.9935995610796075,0.9401726901238886,0.7800424042353196,False,,,,,"No feasible battery size was found within the tested range for the selected fixed PV and wind capacities. Renewable-generation inadequacy: annual PV+wind production (38465 kWh) is less than annual load (39081 kWh). No finite battery can close this gap -- storage shifts energy in time, it does not create it. Increasing PV/wind capacity (a scenario input, not a battery decision variable in this optimization) would be required.",0.9753178509999998,31023.451480394215,7441.608585533528,38465.06006592774
539,jinan,Asia/Shanghai,2023,4200665,24.354803144244542,15.498207599098272,41029.032560891115,19.662589761933965,0.9939992954637441,0.9108083505622845,0.7747182012944782,False,,,,,"No feasible battery size was found within the tested range for the selected fixed PV and wind capacities. Battery-range inadequacy: annual renewable production is sufficient overall, but no module count within the tested range (0..n_max) achieved the reliability target. Consider increasing candidate_module_counts.max and re-running.",1.002475258000004,31288.210235521365,11659.953461482073,42948.16369700344
540,jinan,Asia/Shanghai,2023,4200666,14.01667208125545,10.938774756354455,13457.896530752249,11.418413947688707,0.9915062154237995,0.9111766071376968,0.8587155498783212,True,5.0,76.8,0.005874708169268576,5470.273246540887,,0.9779472570000962,18006.985327833445,8229.700355294557,26236.685683128002
541,jinan,Asia/Shanghai,2023,4200667,17.37782951767408,17.237892426841377,46047.25676994451,13.503937805443202,0.9917441335149517,0.9110289574569359,0.8180738414368132,False,,,,,"No feasible battery size was found within the tested range for the selected fixed PV and wind capacities. Renewable-generation inadequacy: annual PV+wind production (35294 kWh) is less than annual load (46047 kWh). No finite battery can close this gap -- storage shifts energy in time, it does not create it. Increasing PV/wind capacity (a scenario input, not a battery decision variable in this optimization) would be required.",0.9934233670001049,22325.00834294471,12968.791531912313,35293.799874857024
542,jinan,Asia/Shanghai,2023,4200668,25.198334192795606,7.972396725538076,27871.853787622756,13.146000423653726,0.9924059944301181,0.9351200963805867,0.7140320198970419,True,27.0,414.71999999999997,0.007375851679342932,29539.475531320786,,0.9815798240001641,32371.880533775962,5997.969391096204,38369.849924872164
543,jinan,Asia/Shanghai,2023,4200669,20.098211006965506,21.08553665555149,20371.392036326215,14.077652750046173,0.9936902674233928,0.9084814128173722,0.8832263375820054,True,8.0,122.88,0.005216261286390465,8752.43719446542,,1.0159028450000278,25819.837163923505,15863.53612455219,41683.3732884757
544,jinan,Asia/Shanghai,2023,4200670,20.297851542411507,9.733518029740367,46372.05262561082,16.189165339037224,0.9961361974232837,0.8844581447860188,0.7262409921431551,False,,,,,"No feasible battery size was found within the tested range for the selected fixed PV and wind capacities. Renewable-generation inadequacy: annual PV+wind production (33399 kWh) is less than annual load (46372 kWh). No finite battery can close this gap -- storage shifts energy in time, it does not create it. Increasing PV/wind capacity (a scenario input, not a battery decision variable in this optimization) would be required.",0.9865612230000806,26076.312036973046,7322.93502442648,33399.247061399525
545,jinan,Asia/Shanghai,2023,4200671,29.150198914289884,9.188656730525205,19025.519425214363,16.687077730154158,0.9925733245395325,0.8864428571936724,0.7072863894619722,True,7.0,107.52,0.0054152728395900785,7658.382545157243,,1.0049535770001512,37448.775366230104,6913.012951103556,44361.78831733366
546,jinan,Asia/Shanghai,2023,4200672,24.47612353736484,23.48249297968431,31795.66615458749,11.226809159181139,0.9989049591602978,0.8858694102909582,0.8864226896742344,False,,,,,"No feasible battery size was found within the tested range for the selected fixed PV and wind capacities. Battery-range inadequacy: annual renewable production is sufficient overall, but no module count within the tested range (0..n_max) achieved the reliability target. Consider increasing candidate_module_counts.max and re-running.",1.0237886090001211,31444.068525293704,17666.867187830754,49110.93571312446
547,jinan,Asia/Shanghai,2023,4200673,25.049855261964492,15.075126755342762,46878.57336812837,12.609859693896043,0.9939456638147713,0.9045239732905479,0.8317633533634842,False,,,,,"No feasible battery size was found within the tested range for the selected fixed PV and wind capacities. Renewable-generation inadequacy: annual PV+wind production (43523 kWh) is less than annual load (46879 kWh). No finite battery can close this gap -- storage shifts energy in time, it does not create it. Increasing PV/wind capacity (a scenario input, not a battery decision variable in this optimization) would be required.",0.9955824529999973,32181.132122636074,11341.651947123675,43522.78406975975
548,jinan,Asia/Shanghai,2023,4200674,27.089352729392846,9.286908738955661,38376.51660245299,14.661302860049608,0.9935760049578589,0.8803960829713195,0.7893162300352375,False,,,,,"No feasible battery size was found within the tested range for the selected fixed PV and wind capacities. Battery-range inadequacy: annual renewable production is sufficient overall, but no module count within the tested range (0..n_max) achieved the reliability target. Consider increasing candidate_module_counts.max and re-running.",0.9878078300000652,34801.240573432224,6986.932069715887,41788.17264314811
549,jinan,Asia/Shanghai,2023,4200675,39.92945782364531,23.326040678299623,33412.39618342095,19.504207079523958,0.9978121556498927,0.9087008666956439,0.8499192491970619,True,18.0,276.48,0.0018946746674493086,19692.983687547196,,0.9833150460001434,51296.709875966866,17549.16154081172,68845.8714167786
550,jinan,Asia/Shanghai,2023,4200676,15.44363365904322,8.750628931444167,29168.53058567796,17.639738610058025,0.9968220158862001,0.9193166806783997,0.741745376687392,False,,,,,"No feasible battery size was found within the tested range for the selected fixed PV and wind capacities. Renewable-generation inadequacy: annual PV+wind production (26424 kWh) is less than annual load (29169 kWh). No finite battery can close this gap -- storage shifts energy in time, it does not create it. Increasing PV/wind capacity (a scenario input, not a battery decision variable in this optimization) would be required.",1.0154503030000797,19840.179116319716,6583.466213555824,26423.64532987554
551,jinan,Asia/Shanghai,2023,4200677,11.381947003065733,14.25260638965462,42591.013940727666,15.945229903914706,0.9936774069086453,0.9335232404725841,0.7872493041892435,False,,,,,"No feasible battery size was found within the tested range for the selected fixed PV and wind capacities. Renewable-generation inadequacy: annual PV+wind production (25345 kWh) is less than annual load (42591 kWh). No finite battery can close this gap -- storage shifts energy in time, it does not create it. Increasing PV/wind capacity (a scenario input, not a battery decision variable in this optimization) would be required.",0.9984235019999232,14622.197872522753,10722.835279214094,25345.033151736847
552,jinan,Asia/Shanghai,2023,4200678,27.370483293705334,15.350104887870984,37238.66400500636,12.615632652996858,0.998465498983508,0.9185225363423517,0.7031832606079421,False,,,,,"No feasible battery size was found within the tested range for the selected fixed PV and wind capacities. Battery-range inadequacy: annual renewable production is sufficient overall, but no module count within the tested range (0..n_max) achieved the reliability target. Consider increasing candidate_module_counts.max and re-running.",1.0086415429998397,35162.40433023798,11548.529562338408,46710.93389257639
553,jinan,Asia/Shanghai,2023,4200679,17.091206062269535,15.012137162133119,31622.87407554648,13.285771839680802,0.9964309688844307,0.9047183328355775,0.8329807358082955,False,,,,,"No feasible battery size was found within the tested range for the selected fixed PV and wind capacities. Battery-range inadequacy: annual renewable production is sufficient overall, but no module count within the tested range (0..n_max) achieved the reliability target. Consider increasing candidate_module_counts.max and re-running.",0.9860852120000345,21956.787960377245,11294.26222668756,33251.05018706481
554,jinan,Asia/Shanghai,2023,4200680,31.120968193576385,13.225615052416526,26086.763965852882,7.683871784846747,0.9937258863862983,0.9508134662536311,0.8817946011099768,True,9.0,138.24,0.0049801792926452105,9846.491843773598,,1.0041824560000805,39980.58985763956,9950.186498961715,49930.77635660128
555,jinan,Asia/Shanghai,2023,4200681,27.808395739538962,10.987406867085976,37291.58874638926,16.102193130440057,0.992989915009026,0.9543893075340592,0.714739166427668,False,,,,,"No feasible battery size was found within the tested range for the selected fixed PV and wind capacities. Battery-range inadequacy: annual renewable production is sufficient overall, but no module count within the tested range (0..n_max) achieved the reliability target. Consider increasing candidate_module_counts.max and re-running.",0.9852240949999214,35724.98316073991,8266.288337758811,43991.271498498725
556,jinan,Asia/Shanghai,2023,4200682,10.322611528000765,7.459415452641052,16240.333913100389,18.18393549421582,0.9938248353199916,0.9047438522773343,0.7858150231973638,False,,,,,"No feasible battery size was found within the tested range for the selected fixed PV and wind capacities. Battery-range inadequacy: annual renewable production is sufficient overall, but no module count within the tested range (0..n_max) achieved the reliability target. Consider increasing candidate_module_counts.max and re-running.",0.9918165639999188,13261.287219397178,5612.0320025081755,18873.319221905353
557,jinan,Asia/Shanghai,2023,4200683,21.84522678101897,11.02923335976034,15515.983296478613,14.83873192960821,0.9912294396250169,0.9497882007405407,0.7403376026560907,True,5.0,76.8,0.005370032959034545,5470.273246540887,,1.0057945309999923,28064.19925133681,8297.756167501168,36361.95541883798
558,jinan,Asia/Shanghai,2023,4200684,31.94113921399935,21.111722113909337,15013.040390978029,6.301186524320061,0.998546154935883,0.9216742126077323,0.8260470989945976,True,4.0,61.44,0.0012501201926532852,4376.21859723271,,1.0008038189998842,41034.24991656474,15883.236546285982,56917.48646285072
559,jinan,Asia/Shanghai,2023,4200685,10.697813203653032,10.574203611126798,30215.90618237545,18.29327470084106,0.9924429547580794,0.9497672187872848,0.8324425856517403,False,,,,,"No feasible battery size was found within the tested range for the selected fixed PV and wind capacities. Renewable-generation inadequacy: annual PV+wind production (21699 kWh) is less than annual load (30216 kWh). No finite battery can close this gap -- storage shifts energy in time, it does not create it. Increasing PV/wind capacity (a scenario input, not a battery decision variable in this optimization) would be required.",1.0455674790000558,13743.302567211733,7955.4181481701,21698.72071538183
560,jinan,Asia/Shanghai,2023,4200686,13.458123034172349,10.86750345583993,19514.56145754479,11.637913813599283,0.9957180081874283,0.9190077779957656,0.7489073151503611,False,,,,,"No feasible battery size was found within the tested range for the selected fixed PV and wind capacities. Battery-range inadequacy: annual renewable production is sufficient overall, but no module count within the tested range (0..n_max) achieved the reliability target. Consider increasing candidate_module_counts.max and re-running.",1.0392588429999705,17289.426663594517,8176.079958108303,25465.50662170282
561,jinan,Asia/Shanghai,2023,4200687,30.87636304684826,16.689421894229795,30772.556296627678,13.316293961689675,0.9919971058166444,0.941238795498321,0.7775001071077536,True,14.0,215.04,0.0074123573040195965,15316.765090314486,,1.0176554550000674,39666.34969687158,12556.154080493905,52222.503777365484
562,jinan,Asia/Shanghai,2023,4200688,20.90403459190059,7.994684165335411,33873.493382017856,14.039966158197599,0.9930627057929987,0.957386505117898,0.8690915797430857,False,,,,,"No feasible battery size was found within the tested range for the selected fixed PV and wind capacities. Renewable-generation inadequacy: annual PV+wind production (32870 kWh) is less than annual load (33873 kWh). No finite battery can close this gap -- storage shifts energy in time, it does not create it. Increasing PV/wind capacity (a scenario input, not a battery decision variable in this optimization) would be required.",1.048023411000031,26855.06531127762,6014.737169508699,32869.80248078632
563,jinan,Asia/Shanghai,2023,4200689,13.27162919447294,18.900767756198363,25753.390247400894,19.99572276594339,0.9920252126671618,0.9052471784873041,0.7884212589111455,False,,,,,"No feasible battery size was found within the tested range for the selected fixed PV and wind capacities. Battery-range inadequacy: annual renewable production is sufficient overall, but no module count within the tested range (0..n_max) achieved the reliability target. Consider increasing candidate_module_counts.max and re-running.",1.0233444120001423,17049.841131755653,14219.842585950151,31269.683717705804
564,jinan,Asia/Shanghai,2023,4200690,18.061454460419895,18.839867327730282,29236.324487259222,8.313182522743103,0.9945573666253791,0.9599908989728534,0.8584791293700106,False,,,,,"No feasible battery size was found within the tested range for the selected fixed PV and wind capacities. Battery-range inadequacy: annual renewable production is sufficient overall, but no module count within the tested range (0..n_max) achieved the reliability target. Consider increasing candidate_module_counts.max and re-running.",0.987562890999925,23203.249928565245,14174.024632023436,37377.27456058868
565,jinan,Asia/Shanghai,2023,4200691,24.96486773280463,10.769852062838954,17195.45858810111,18.17574315780343,0.9963915024644883,0.9314946972832713,0.8758869291907336,True,6.0,92.16,0.00308326425755947,6564.3278958490655,,0.9881172309999329,32071.95005846572,8102.612707746621,40174.562766212344
566,jinan,Asia/Shanghai,2023,4200692,13.650708621222684,18.649785720041365,18668.49249652928,6.808661615239805,0.9941904765900624,0.9148653636787918,0.888234721865037,True,14.0,215.04,0.00518731574468575,15316.765090314486,,1.0142291680001563,17536.838161863438,14031.018243357858,31567.856405221297
567,jinan,Asia/Shanghai,2023,4200693,19.71938640255449,21.29804518104005,39953.08001873379,15.018858050878045,0.9982836042566405,0.9167132134943208,0.7779342371965731,False,,,,,"No feasible battery size was found within the tested range for the selected fixed PV and wind capacities. Battery-range inadequacy: annual renewable production is sufficient overall, but no module count within the tested range (0..n_max) achieved the reliability target. Consider increasing candidate_module_counts.max and re-running.",0.9909887960000106,25333.167499832995,16023.415226798115,41356.58272663111
568,jinan,Asia/Shanghai,2023,4200694,14.82842270744528,10.515241509901383,45191.05824243483,12.11573199367052,0.9930721798997164,0.8994500849573954,0.796992050048723,False,,,,,"No feasible battery size was found within the tested range for the selected fixed PV and wind capacities. Renewable-generation inadequacy: annual PV+wind production (26961 kWh) is less than annual load (45191 kWh). No finite battery can close this gap -- storage shifts energy in time, it does not create it. Increasing PV/wind capacity (a scenario input, not a battery decision variable in this optimization) would be required.",0.9821563629998309,19049.827846437238,7911.058479357848,26960.886325795087
569,jinan,Asia/Shanghai,2023,4200695,31.499961113935864,10.733840509141508,40308.66083250617,14.446816620873776,0.9970880630628574,0.9025818665987421,0.8262056289466091,False,,,,,"No feasible battery size was found within the tested range for the selected fixed PV and wind capacities. Battery-range inadequacy: annual renewable production is sufficient overall, but no module count within the tested range (0..n_max) achieved the reliability target. Consider increasing candidate_module_counts.max and re-running.",0.9897861720000947,40467.47575442759,8075.519701184216,48542.99545561181
570,jinan,Asia/Shanghai,2023,4200696,14.612058384665257,12.275939643292734,38974.40379371205,14.475025783699039,0.9916907465280377,0.9572508404883275,0.7106701964690363,False,,,,,"No feasible battery size was found within the tested range for the selected fixed PV and wind capacities. Renewable-generation inadequacy: annual PV+wind production (28008 kWh) is less than annual load (38974 kWh). No finite battery can close this gap -- storage shifts energy in time, it does not create it. Increasing PV/wind capacity (a scenario input, not a battery decision variable in this optimization) would be required.",1.021592149000071,18771.86820215215,9235.705743487666,28007.573945639815
571,jinan,Asia/Shanghai,2023,4200697,27.856470655499486,24.676410004632125,31260.189273709944,17.010077299391313,0.9953566287587019,0.9504779483430693,0.8311188270710574,True,21.0,322.56,0.004552709014788192,22975.14763547173,,0.9830761830000938,35786.74420511047,18565.101184165444,54351.84538927591
572,jinan,Asia/Shanghai,2023,4200698,35.76019361451593,9.859717239256383,24436.11173965132,15.719602417685405,0.9914287372217528,0.8943164579344752,0.7972716846533238,True,8.0,122.88,0.006288576001824051,8752.43719446542,,0.9997258240000519,45940.5255401677,7417.879997928978,53358.405538096675
573,jinan,Asia/Shanghai,2023,4200699,17.310902626981807,9.713159111380671,10369.556856740508,10.55674386796922,0.9928642549915656,0.8828040229744003,0.8242466356427327,True,3.0,46.08,0.003444811185224413,3282.1639479245327,,0.9970810040001652,22239.02848041051,7307.618153808875,29546.646634219385
574,jinan,Asia/Shanghai,2023,4200700,28.79965546010062,6.416009435473178,22681.66251637812,18.092082979930964,0.9952395036142012,0.9170777251610789,0.7930203856928192,True,10.0,153.6,0.004514834799558572,10940.546493081774,,1.0281199139999444,36998.43802511506,4827.03376811134,41825.471793226396
575,jinan,Asia/Shanghai,2023,4200701,16.248399833074153,21.237630014158558,46560.188218038704,18.659960633750654,0.9920154095252307,0.9079666240998812,0.7321245549619073,False,,,,,"No feasible battery size was found within the tested range for the selected fixed PV and wind capacities. Renewable-generation inadequacy: annual PV+wind production (36852 kWh) is less than annual load (46560 kWh). No finite battery can close this gap -- storage shifts energy in time, it does not create it. Increasing PV/wind capacity (a scenario input, not a battery decision variable in this optimization) would be required.",1.001685296000005,20874.048825484926,15977.962355574036,36852.01118105896
576,jinan,Asia/Shanghai,2023,4200702,35.648353858915996,19.075396155320995,24214.39481423994,13.93249558865177,0.9920118969075531,0.8951550683780838,0.7942298270277446,True,7.0,107.52,0.0063425594910727235,7658.382545157243,,0.9820524100000512,45796.846867621054,14351.222875819381,60148.069743440436
577,jinan,Asia/Shanghai,2023,4200703,20.595634891628826,17.30460101070584,18725.96738244126,14.94391550840928,0.9969017536827253,0.8949972528725627,0.7087716566835831,True,12.0,184.32,0.0026558221695580433,13128.655791698131,,0.9896237049999854,26458.869349375338,13018.979205446012,39477.84855482135
578,jinan,Asia/Shanghai,2023,4200704,23.187621259040164,20.48048171984874,36031.193422965705,15.52822580621887,0.9936255540599404,0.9011450990727763,0.8063557686569218,False,,,,,"No feasible battery size was found within the tested range for the selected fixed PV and wind capacities. Battery-range inadequacy: annual renewable production is sufficient overall, but no module count within the tested range (0..n_max) achieved the reliability target. Consider increasing candidate_module_counts.max and re-running.",0.9999038589999145,29788.751094296615,15408.32784663852,45197.078940935135
579,jinan,Asia/Shanghai,2023,4200705,16.13097081247591,19.524573939701316,17878.65823837908,9.368949000715123,0.994558903004907,0.9238038940729145,0.8201698752814058,True,9.0,138.24,0.005219072613755059,9846.491843773598,,0.9897373730000254,20723.189717223257,14689.15821629778,35412.347933521036
580,jinan,Asia/Shanghai,2023,4200706,23.123338014997508,23.38946617020183,43597.36376788753,18.186701768549575,0.9956656491426309,0.9371507124274726,0.8218397367431898,False,,,,,"No feasible battery size was found within the tested range for the selected fixed PV and wind capacities. Battery-range inadequacy: annual renewable production is sufficient overall, but no module count within the tested range (0..n_max) achieved the reliability target. Consider increasing candidate_module_counts.max and re-running.",0.9843149719999928,29706.16748061205,17596.879206168993,47303.04668678105
581,jinan,Asia/Shanghai,2023,4200707,25.743854510002542,17.299755258992903,17926.849184897423,18.435962573977225,0.9917108619457353,0.9596063488630007,0.852598053866607,True,4.0,61.44,0.008246982459936117,4376.21859723271,,1.0034181220000846,33072.701405594526,13015.33354261065,46088.034948205175
582,jinan,Asia/Shanghai,2023,4200708,17.22228860572582,8.014883325521872,22649.308407449404,10.96925849405412,0.9922120620884903,0.969900239387898,0.7459304672479162,True,28.0,430.08,0.007636259762814848,30633.53018062897,,0.9961545430001024,22125.187522203978,6029.933847332841,28155.12136953682
583,jinan,Asia/Shanghai,2023,4200709,34.50460202437304,10.493710653616597,31970.79606406655,13.244507160398703,0.9954237658709321,0.8849937387871883,0.7337237523663136,True,27.0,414.71999999999997,0.004485107274725442,29539.475531320786,,0.9920695270000124,44327.48792250882,7894.859910545215,52222.34783305404
584,jinan,Asia/Shanghai,2023,4200710,14.835767287700925,11.041025188317038,15796.566274333594,18.828819811614345,0.9946165900546017,0.9361217632932416,0.7714976350796241,True,10.0,153.6,0.0051988786588246065,10940.546493081774,,1.0432108029999654,19059.263306447705,8306.627656111557,27365.890962559264
585,jinan,Asia/Shanghai,2023,4200711,18.28738423101735,15.06354340464426,21772.918993393345,10.154688885946463,0.9940747578684377,0.925516031846592,0.8968628023563678,True,15.0,230.39999999999998,0.005398527948336756,16410.81973962266,,1.020419517000164,23493.49814445307,11332.93730517499,34826.43544962806
586,jinan,Asia/Shanghai,2023,4200712,16.699677644858216,14.759523297652944,15980.469579573557,10.24998849061959,0.9964557964683576,0.8957015929384518,0.8162702615100086,True,9.0,138.24,0.0033328494172457025,9846.491843773598,,0.9903128430000834,21453.797919168836,11104.210191009875,32558.00811017871
587,jinan,Asia/Shanghai,2023,4200713,18.714110032866923,13.244612993753936,40354.56961037146,10.155009729212853,0.9932792136420167,0.96953408560728,0.8111229051380704,False,,,,,"No feasible battery size was found within the tested range for the selected fixed PV and wind capacities. Renewable-generation inadequacy: annual PV+wind production (34006 kWh) is less than annual load (40355 kWh). No finite battery can close this gap -- storage shifts energy in time, it does not create it. Increasing PV/wind capacity (a scenario input, not a battery decision variable in this optimization) would be required.",1.001884359000087,24041.70567962037,9964.47944932012,34006.18512894049
588,jinan,Asia/Shanghai,2023,4200714,30.681413610104443,17.869244683072196,43116.96588626289,17.927376491626145,0.9950693051922328,0.9065100467469759,0.7045600495149938,False,,,,,"No feasible battery size was found within the tested range for the selected fixed PV and wind capacities. Battery-range inadequacy: annual renewable production is sufficient overall, but no module count within the tested range (0..n_max) achieved the reliability target. Consider increasing candidate_module_counts.max and re-running.",0.9906276959998195,39415.901400245595,13443.784390175573,52859.685790421165
589,jinan,Asia/Shanghai,2023,4200715,28.432097531929603,21.50937666531239,28021.59222046638,7.470592107362965,0.9925927386564207,0.9258990036560678,0.8673362437955333,True,10.0,153.6,0.007402937765254137,10940.546493081774,,0.9859939729999496,36526.24247246633,16182.408791428441,52708.65126389477
590,jinan,Asia/Shanghai,2023,4200716,15.15259438205262,17.242997514190286,40134.74455802182,19.04071280502235,0.9910503332251097,0.9633752470748101,0.8202935070348959,False,,,,,"No feasible battery size was found within the tested range for the selected fixed PV and wind capacities. Renewable-generation inadequacy: annual PV+wind production (32439 kWh) is less than annual load (40135 kWh). No finite battery can close this gap -- storage shifts energy in time, it does not create it. Increasing PV/wind capacity (a scenario input, not a battery decision variable in this optimization) would be required.",0.9766564500000641,19466.285801258047,12972.632303854776,32438.918105112825
591,jinan,Asia/Shanghai,2023,4200717,33.001047622968585,6.075494191371109,30245.926225623803,14.339445111211905,0.9927615045588556,0.9188485187291128,0.8108596270559196,True,17.0,261.12,0.006845567441637796,18598.929038239017,,0.996063531000118,42395.89660834116,4570.849827241536,46966.746435582696
592,jinan,Asia/Shanghai,2023,4200718,26.576438193189396,5.837230508136761,27579.270663155694,8.207272321883464,0.9982502557027682,0.9678921991111,0.7599293792704138,False,,,,,"No feasible battery size was found within the tested range for the selected fixed PV and wind capacities. Battery-range inadequacy: annual renewable production is sufficient overall, but no module count within the tested range (0..n_max) achieved the reliability target. Consider increasing candidate_module_counts.max and re-running.",0.9738619570000537,34142.30780577481,4391.594036511552,38533.90184228637
593,jinan,Asia/Shanghai,2023,4200719,15.255561917531763,9.390083018966862,29110.09021411815,18.117583986697674,0.9945003259344387,0.8849852855543768,0.7079771205426287,False,,,,,"No feasible battery size was found within the tested range for the selected fixed PV and wind capacities. Renewable-generation inadequacy: annual PV+wind production (26663 kWh) is less than annual load (29110 kWh). No finite battery can close this gap -- storage shifts energy in time, it does not create it. Increasing PV/wind capacity (a scenario input, not a battery decision variable in this optimization) would be required.",0.9810563019998426,19598.566480285674,7064.554420278705,26663.12090056438
594,jinan,Asia/Shanghai,2023,4200720,16.821728368685456,21.855425552188578,34859.22230140576,13.444367806794371,0.9928707263332438,0.9636482864541568,0.7662356489924265,False,,,,,"No feasible battery size was found within the tested range for the selected fixed PV and wind capacities. Battery-range inadequacy: annual renewable production is sufficient overall, but no module count within the tested range (0..n_max) achieved the reliability target. Consider increasing candidate_module_counts.max and re-running.",0.9720710490000783,21610.594452644684,16442.755924512967,38053.35037715765
595,jinan,Asia/Shanghai,2023,4200721,35.0483323795884,22.91807035951768,29333.400528645467,18.41433904221114,0.9924912295865194,0.9392590083564948,0.7175927497048772,True,10.0,153.6,0.0068252540647451496,10940.546493081774,,0.9996238060000451,45026.00925994912,17242.228309968934,62268.237569918056
596,jinan,Asia/Shanghai,2023,4200722,24.218026422771818,9.346636043166958,12510.531117224114,5.055882621164311,0.9929227690479673,0.9330577535083087,0.7910460695302315,True,3.0,46.08,0.005486461371475853,3282.1639479245327,,0.96430208400011,31112.495457971407,7031.86743292034,38144.362890891745
597,jinan,Asia/Shanghai,2023,4200723,20.991164647284712,19.92563625470695,14966.000516427132,9.977189378865571,0.9964478985818032,0.9363114511234337,0.867442042972331,True,4.0,61.44,0.0035177939474488715,4376.21859723271,,0.9953097159998379,26966.99984322785,14990.894265335606,41957.89410856346
598,jinan,Asia/Shanghai,2023,4200724,11.405710680014652,8.48783435646097,11939.783290878659,7.88171336373817,0.9900385452956965,0.9253789271510979,0.8056628791136511,True,5.0,76.8,0.008229908185754826,5470.273246540887,,0.9765719760000593,14652.726672773904,6385.75480114628,21038.481473920183
599,jinan,Asia/Shanghai,2023,4200725,29.736753442179843,12.698248944020868,10128.307627407361,15.108367316114556,0.9904886197897312,0.957955338773597,0.7045307975415874,True,2.0,30.72,0.0024104572862820865,2188.109298616355,,0.9883582659999774,38202.31220553546,9553.426793573974,47755.73899910944
600,jinan,Asia/Shanghai,2023,4200726,25.914253697698975,22.898357647710416,32899.58303155121,14.126251198158949,0.9961344976350367,0.891016796295742,0.8349854201621119,False,,,,,"No feasible battery size was found within the tested range for the selected fixed PV and wind capacities. Battery-range inadequacy: annual renewable production is sufficient overall, but no module count within the tested range (0..n_max) achieved the reliability target. Consider increasing candidate_module_counts.max and re-running.",0.9715943140001855,33291.61040588624,17227.39760772142,50519.00801360766
601,jinan,Asia/Shanghai,2023,4200727,36.410646460384456,24.48441665670633,27722.079974333883,10.167572775163203,0.9967797865403668,0.9288586859285783,0.7514609308910061,True,11.0,168.95999999999998,0.0030181882955575916,12034.601142389953,,1.008687337000083,46776.151485049835,18420.656512908157,65196.80799795799
602,jinan,Asia/Shanghai,2023,4200728,15.164736549091089,8.404606011854874,28367.081464246083,7.551866084234752,0.9901774704961034,0.8846879897472721,0.8859769087905931,False,,,,,"No feasible battery size was found within the tested range for the selected fixed PV and wind capacities. Renewable-generation inadequacy: annual PV+wind production (25805 kWh) is less than annual load (28367 kWh). No finite battery can close this gap -- storage shifts energy in time, it does not create it. Increasing PV/wind capacity (a scenario input, not a battery decision variable in this optimization) would be required.",1.0516387119998853,19481.88464115687,6323.138616753465,25805.023257910336
603,jinan,Asia/Shanghai,2023,4200729,12.188840234804072,6.463613811619191,28047.5378213413,8.676504235025488,0.9986642446695525,0.9619887255548023,0.7809486497342534,False,,,,,"No feasible battery size was found within the tested range for the selected fixed PV and wind capacities. Renewable-generation inadequacy: annual PV+wind production (20522 kWh) is less than annual load (28048 kWh). No finite battery can close this gap -- storage shifts energy in time, it does not create it. Increasing PV/wind capacity (a scenario input, not a battery decision variable in this optimization) would be required.",1.0597184729999753,15658.800177321695,4862.848542618405,20521.6487199401
604,jinan,Asia/Shanghai,2023,4200730,23.46194558248778,12.502273061511405,11514.644665725129,9.39270258882063,0.9911040612265078,0.889213329701361,0.8121723145872776,True,2.0,30.72,0.00858559704138901,2188.109298616355,,0.9741341999999804,30141.17098674705,9405.985894036265,39547.15688078331
605,jinan,Asia/Shanghai,2023,4200731,12.962945731406867,7.058626475905272,29220.548592773943,11.634235476839581,0.9912387130661913,0.8804004122327976,0.7385948883535687,False,,,,,"No feasible battery size was found within the tested range for the selected fixed PV and wind capacities. Renewable-generation inadequacy: annual PV+wind production (21964 kWh) is less than annual load (29221 kWh). No finite battery can close this gap -- storage shifts energy in time, it does not create it. Increasing PV/wind capacity (a scenario input, not a battery decision variable in this optimization) would be required.",0.9956025520000367,16653.280624514493,5310.501597347897,21963.78222186239
606,jinan,Asia/Shanghai,2023,4200732,15.524205600802274,7.153782445917227,27504.47562620203,13.472425447441445,0.9912483684284292,0.9063946144067601,0.7611885992861149,False,,,,,"No feasible battery size was found within the tested range for the selected fixed PV and wind capacities. Renewable-generation inadequacy: annual PV+wind production (25326 kWh) is less than annual load (27504 kWh). No finite battery can close this gap -- storage shifts energy in time, it does not create it. Increasing PV/wind capacity (a scenario input, not a battery decision variable in this optimization) would be required.",1.0068973940001342,19943.68854884975,5382.091436032606,25325.779984882356
607,jinan,Asia/Shanghai,2023,4200733,17.83894603072492,14.21522532583582,36122.54337278954,12.640848254239884,0.9918131090602261,0.889264514234266,0.8643740925797401,False,,,,,"No feasible battery size was found within the tested range for the selected fixed PV and wind capacities. Renewable-generation inadequacy: annual PV+wind production (33612 kWh) is less than annual load (36123 kWh). No finite battery can close this gap -- storage shifts energy in time, it does not create it. Increasing PV/wind capacity (a scenario input, not a battery decision variable in this optimization) would be required.",0.9767938189997949,22917.397052389675,10694.711932583143,33612.108984972816
608,jinan,Asia/Shanghai,2023,4200734,24.37914048153357,6.242783682677544,20324.85998598232,17.060506675762323,0.996765536922962,0.958823496960764,0.8204175652003384,True,12.0,184.32,0.0030137001531525525,13128.655791698131,,0.9801208370001859,31319.476007663397,4696.708748071937,36016.18475573533
609,jinan,Asia/Shanghai,2023,4200735,22.68717803074165,13.532699951089013,17760.00177971775,14.761984422768228,0.9952656188048357,0.8939377970285952,0.877132584009075,True,6.0,92.16,0.004068613759134745,6564.3278958490655,,1.0047980409999582,29145.84000833092,10181.219384819655,39327.05939315057
610,jinan,Asia/Shanghai,2023,4200736,21.05404609931791,5.994775310421369,23115.236831191352,18.047850720673637,0.998252609272756,0.924135857553367,0.8912679880146837,True,29.0,445.44,0.0016593780260290814,31727.584829937146,,0.9942532579998442,27047.78259804944,4510.121617910307,31557.90421595975
611,jinan,Asia/Shanghai,2023,4200737,13.368586894007151,20.699238265763555,32193.016015062734,9.606969404930432,0.9954760533281438,0.9098891069056905,0.7896715514656918,False,,,,,"No feasible battery size was found within the tested range for the selected fixed PV and wind capacities. Battery-range inadequacy: annual renewable production is sufficient overall, but no module count within the tested range (0..n_max) achieved the reliability target. Consider increasing candidate_module_counts.max and re-running.",0.9842439110000214,17174.401074573165,15572.907597454976,32747.308672028143
612,jinan,Asia/Shanghai,2023,4200738,35.87992377259273,18.363329537183297,40496.07358818866,13.752403272043644,0.9989225824399706,0.9017269059661803,0.752458232143763,False,,,,,"No feasible battery size was found within the tested range for the selected fixed PV and wind capacities. Battery-range inadequacy: annual renewable production is sufficient overall, but no module count within the tested range (0..n_max) achieved the reliability target. Consider increasing candidate_module_counts.max and re-running.",0.9702372019999075,46094.34088144771,13815.505208090915,59909.84608953862
613,jinan,Asia/Shanghai,2023,4200739,12.776768162149986,16.080390041414212,34534.369456334716,15.889423593482297,0.9930190133335434,0.8811031121678524,0.826445907417664,False,,,,,"No feasible battery size was found within the tested range for the selected fixed PV and wind capacities. Renewable-generation inadequacy: annual PV+wind production (28512 kWh) is less than annual load (34534 kWh). No finite battery can close this gap -- storage shifts energy in time, it does not create it. Increasing PV/wind capacity (a scenario input, not a battery decision variable in this optimization) would be required.",1.020180881999977,16414.101400049105,12097.9538005594,28512.055200608505
614,jinan,Asia/Shanghai,2023,4200740,39.96086477561148,10.890987075799849,17357.37809876079,9.226504367395297,0.9938287392729934,0.9025821636057308,0.7693920050735059,True,4.0,61.44,0.0050863123939677134,4376.21859723271,,0.9907258579999052,51337.05786441722,8193.747673170767,59530.805537587985
615,jinan,Asia/Shanghai,2023,4200741,37.63691508155107,13.755367341310192,23752.257927754028,16.487610283950367,0.9966831215558009,0.9022080525349488,0.7321652724615771,True,10.0,153.6,0.0028048925443817543,10940.546493081774,,0.9845630520001123,48351.51837251945,10348.74142830549,58700.25980082494
616,jinan,Asia/Shanghai,2023,4200742,20.73430097246069,20.512067844532623,37802.53559659913,14.987805595343078,0.9974648570414688,0.9049417281107255,0.767936745093902,False,,,,,"No feasible battery size was found within the tested range for the selected fixed PV and wind capacities. Battery-range inadequacy: annual renewable production is sufficient overall, but no module count within the tested range (0..n_max) achieved the reliability target. Consider increasing candidate_module_counts.max and re-running.",0.9717045849999977,26637.011355447285,15432.09141681189,42069.102772259175
617,jinan,Asia/Shanghai,2023,4200743,11.27018351827528,22.37491551607067,33297.18939688712,9.4718343782554,0.9906247487830443,0.9451068552846213,0.8497475039098122,False,,,,,"No feasible battery size was found within the tested range for the selected fixed PV and wind capacities. Renewable-generation inadequacy: annual PV+wind production (31312 kWh) is less than annual load (33297 kWh). No finite battery can close this gap -- storage shifts energy in time, it does not create it. Increasing PV/wind capacity (a scenario input, not a battery decision variable in this optimization) would be required.",0.9894173420000243,14478.617183815582,16833.59007509723,31312.20725891281
618,jinan,Asia/Shanghai,2023,4200744,29.98535956345068,9.07561941893459,46528.642340344195,16.297370285313143,0.9959198069122557,0.9385849531079609,0.8808715400183282,False,,,,,"No feasible battery size was found within the tested range for the selected fixed PV and wind capacities. Renewable-generation inadequacy: annual PV+wind production (45350 kWh) is less than annual load (46529 kWh). No finite battery can close this gap -- storage shifts energy in time, it does not create it. Increasing PV/wind capacity (a scenario input, not a battery decision variable in this optimization) would be required.",0.9888414300000932,38521.69235170583,6827.970227025302,45349.662578731135
619,jinan,Asia/Shanghai,2023,4200745,37.84921399291371,16.912748360204798,26666.776438501936,10.456009693391243,0.9973717095697265,0.93801448058509,0.7154532060507307,True,13.0,199.68,0.00233368250146233,14222.710441006306,,0.9863608289999775,48624.25525042177,12724.171974391345,61348.42722481312
620,jinan,Asia/Shanghai,2023,4200746,14.265580390450816,23.003717902096927,45379.92592418004,19.277486730462034,0.9938506587059549,0.9505654816876636,0.8656450054628644,False,,,,,"No feasible battery size was found within the tested range for the selected fixed PV and wind capacities. Renewable-generation inadequacy: annual PV+wind production (35633 kWh) is less than annual load (45380 kWh). No finite battery can close this gap -- storage shifts energy in time, it does not create it. Increasing PV/wind capacity (a scenario input, not a battery decision variable in this optimization) would be required.",1.0021676300000308,18326.753689800815,17306.66455875311,35633.41824855392
621,jinan,Asia/Shanghai,2023,4200747,17.668832319072692,19.431584885977017,18655.982531250622,17.43557383627524,0.9919720500667617,0.942703542616847,0.8566826971667951,True,7.0,107.52,0.006139861536824741,7658.382545157243,,1.0005796370001008,22698.854798420456,14619.198639880975,37318.05343830143
622,jinan,Asia/Shanghai,2023,4200748,19.77084429212753,18.75674119858996,11633.423893675244,15.227250884694783,0.9918108404831328,0.9145787202884044,0.7293077945120664,True,3.0,46.08,0.0037317962268609687,3282.1639479245327,,0.9996229920000133,25399.274594096983,14111.485348624903,39510.75994272189
623,jinan,Asia/Shanghai,2023,4200749,26.582531322174095,19.587008899042793,24186.223042254587,7.451248663103945,0.9920385502373805,0.9536301626673015,0.7535297470119705,True,8.0,122.88,0.007849099410262742,8752.43719446542,,1.0349185090001356,34150.13554716678,14736.130662345895,48886.26620951267
624,jinan,Asia/Shanghai,2023,4200750,33.24107779033682,11.623988136124222,17549.3021737185,15.909628394411465,0.9942169052652768,0.8828149526147325,0.8919884838688797,True,4.0,61.44,0.005374361815168382,4376.21859723271,,1.0102555730002223,42704.259369271924,8745.215202299521,51449.474571571445
625,jinan,Asia/Shanghai,2023,4200751,14.432603352163223,12.068139529061828,25391.785399828295,12.3414484888762,0.9970689962010075,0.8805481251707614,0.886494410267215,False,,,,,"No feasible battery size was found within the tested range for the selected fixed PV and wind capacities. Battery-range inadequacy: annual renewable production is sufficient overall, but no module count within the tested range (0..n_max) achieved the reliability target. Consider increasing candidate_module_counts.max and re-running.",0.9981870040001013,18541.325308765106,9079.368977075788,27620.694285840895
626,jinan,Asia/Shanghai,2023,4200752,29.379683806090334,24.012977582978714,42695.58149665943,18.91757327124825,0.9954090049584211,0.9121578084589457,0.7885828126227208,False,,,,,"No feasible battery size was found within the tested range for the selected fixed PV and wind capacities. Battery-range inadequacy: annual renewable production is sufficient overall, but no module count within the tested range (0..n_max) achieved the reliability target. Consider increasing candidate_module_counts.max and re-running.",0.9986450979999972,37743.59078715562,18065.97306810077,55809.56385525639
627,jinan,Asia/Shanghai,2023,4200753,14.666373998118036,7.583283922047956,42475.04442349571,17.280527415545215,0.9966488347789312,0.9664477417514235,0.7541079257370832,False,,,,,"No feasible battery size was found within the tested range for the selected fixed PV and wind capacities. Renewable-generation inadequacy: annual PV+wind production (24547 kWh) is less than annual load (42475 kWh). No finite battery can close this gap -- storage shifts energy in time, it does not create it. Increasing PV/wind capacity (a scenario input, not a battery decision variable in this optimization) would be required.",1.0303151030000208,18841.646566720185,5705.223462191136,24546.87002891132
628,jinan,Asia/Shanghai,2023,4200754,34.799462169708626,12.040810600868417,31495.945022773627,11.684000445519931,0.9900526502040624,0.9317015974185242,0.8495011775527906,True,11.0,168.95999999999998,0.008786597200960946,12034.601142389953,,0.9859727789998942,44706.28984353837,9058.808274888144,53765.09811842651
629,jinan,Asia/Shanghai,2023,4200755,30.559457272577266,7.21389766610989,14248.697935057413,16.0991534477272,0.9904968200988726,0.9528792261143159,0.8592297517295655,True,3.0,46.08,0.005536825074819658,3282.1639479245327,,0.9880181789999369,39259.226123278466,5427.31864474634,44686.5447680248
630,jinan,Asia/Shanghai,2023,4200756,14.24180284233298,15.367612945539378,13865.019638757694,14.488568296789808,0.9905663701167349,0.9650032770690472,0.7415461470739163,True,5.0,76.8,0.005888358372646513,5470.273246540887,,0.9915064270001039,18296.207069489825,11561.701610545217,29857.90868003504
631,jinan,Asia/Shanghai,2023,4200757,30.48683967845935,7.565828487542201,18383.85793307106,11.76424473325056,0.9951578652720736,0.9698976916352514,0.7051852456181887,True,7.0,107.52,0.0034334880602423373,7658.382545157243,,1.0161419569999453,39165.93550877001,5692.091004603015,44858.02651337303
632,jinan,Asia/Shanghai,2023,4200758,10.009432589322609,12.00734189429896,24646.254712096794,18.257558541479476,0.9982132429292757,0.9592472478723386,0.7286357500972095,False,,,,,"No feasible battery size was found within the tested range for the selected fixed PV and wind capacities. Renewable-generation inadequacy: annual PV+wind production (21893 kWh) is less than annual load (24646 kWh). No finite battery can close this gap -- storage shifts energy in time, it does not create it. Increasing PV/wind capacity (a scenario input, not a battery decision variable in this optimization) would be required.",0.991878196000016,12858.951449460346,9033.62835917721,21892.579808637558
633,jinan,Asia/Shanghai,2023,4200759,22.363145055432202,19.917703245900462,22504.44271136966,14.948570427658268,0.9921342857687199,0.9091077332164728,0.8720859298696968,True,8.0,122.88,0.007293422244205106,8752.43719446542,,0.983800649999921,28729.56023818959,14984.925929132743,43714.486167322335
634,jinan,Asia/Shanghai,2023,4200760,27.74463022238787,7.022864266552062,31487.486173081335,12.021280721833898,0.9929440103041904,0.8899144536447992,0.896222387124055,False,,,,,"No feasible battery size was found within the tested range for the selected fixed PV and wind capacities. Battery-range inadequacy: annual renewable production is sufficient overall, but no module count within the tested range (0..n_max) achieved the reliability target. Consider increasing candidate_module_counts.max and re-running.",0.9978361010000754,35643.064662175835,5283.596183023567,40926.6608451994
635,jinan,Asia/Shanghai,2023,4200761,15.281299596797668,8.85485781581491,15823.307684089434,13.552895580484071,0.9939930261703444,0.90246014638239,0.7858846766043056,True,11.0,168.95999999999998,0.005439951466491113,12034.601142389953,,1.0066764329999387,19631.63124845796,6661.881987337029,26293.51323579499
636,jinan,Asia/Shanghai,2023,4200762,20.294128745303965,21.82863702287752,30752.569966152,10.201287473915942,0.997556504305853,0.9476948560177996,0.7595749685286212,False,,,,,"No feasible battery size was found within the tested range for the selected fixed PV and wind capacities. Battery-range inadequacy: annual renewable production is sufficient overall, but no module count within the tested range (0..n_max) achieved the reliability target. Consider increasing candidate_module_counts.max and re-running.",0.9980144889998428,26071.529421491607,16422.60178713474,42494.13120862635
637,jinan,Asia/Shanghai,2023,4200763,28.200355457739214,12.387804470395945,10042.078902415526,19.427236121004192,0.9949466616846555,0.9338589341499205,0.819978285135459,True,2.0,30.72,0.0020373318690472715,2188.109298616355,,1.0049555890000192,36228.52728689325,9319.866358169074,45548.39364506233
638,jinan,Asia/Shanghai,2023,4200764,26.519243824582084,10.80095689547187,48863.04499632225,14.325026187729273,0.9960382922449856,0.9209313481585345,0.7575722800981565,False,,,,,"No feasible battery size was found within the tested range for the selected fixed PV and wind capacities. Renewable-generation inadequacy: annual PV+wind production (42195 kWh) is less than annual load (48863 kWh). No finite battery can close this gap -- storage shifts energy in time, it does not create it. Increasing PV/wind capacity (a scenario input, not a battery decision variable in this optimization) would be required.",1.045204928999965,34068.83115237405,8126.0141816659725,42194.84533404002
639,jinan,Asia/Shanghai,2023,4200765,11.93046946524788,12.004603931357725,17043.897170735683,14.931324023855177,0.9979110349632244,0.9072479372421087,0.7665765250828093,True,28.0,430.08,0.0014679794636821462,30633.53018062897,,1.0451997539998956,15326.875550022953,9031.568474492484,24358.444024515436
640,jinan,Asia/Shanghai,2023,4200766,17.4135786510706,18.24537607662573,16246.608941530605,7.911525385231666,0.9979131439700998,0.8933229898092305,0.7037501173472558,True,11.0,168.95999999999998,0.001894242955896069,12034.601142389953,,1.0349185630000193,22370.934659606908,13726.76385836206,36097.698517968965
641,jinan,Asia/Shanghai,2023,4200767,25.036995685788288,22.254536265258693,23039.64181662499,6.922434059685658,0.9988400774660907,0.9409064766540471,0.8701381263896313,True,14.0,215.04,0.0008668738768446697,15316.765090314486,,1.012798987999986,32164.61163915864,16743.02370132654,48907.63534048518
642,jinan,Asia/Shanghai,2023,4200768,32.56414816986771,18.964845479783804,25382.56268523681,9.865099898054591,0.9964526273630503,0.9445041707359507,0.8901176768098187,True,9.0,138.24,0.003020025762818637,9846.491843773598,,1.0277850939999098,41834.61915274263,14268.050952636853,56102.67010537948
643,jinan,Asia/Shanghai,2023,4200769,27.05979453544967,10.89242211575347,29581.151973219097,14.205707250888787,0.9938405681961922,0.9512019811023593,0.8169226424431675,True,23.0,353.28,0.005995060263609303,25163.25693408808,,1.0202187879999656,34763.267653643095,8194.827314088441,42958.09496773154
644,jinan,Asia/Shanghai,2023,4200770,10.283071828829517,16.39679776464017,35344.15143767444,18.728918773161062,0.9937234950629777,0.9317020893344222,0.7949994901428747,False,,,,,"No feasible battery size was found within the tested range for the selected fixed PV and wind capacities. Renewable-generation inadequacy: annual PV+wind production (25546 kWh) is less than annual load (35344 kWh). No finite battery can close this gap -- storage shifts energy in time, it does not create it. Increasing PV/wind capacity (a scenario input, not a battery decision variable in this optimization) would be required.",1.0232808559999285,13210.491225974763,12336.000639465004,25546.49186543977
645,jinan,Asia/Shanghai,2023,4200771,25.949692854066562,6.346081413379929,45891.34670132406,18.656185097474385,0.9949325364885837,0.9300899964148851,0.7115112071887909,False,,,,,"No feasible battery size was found within the tested range for the selected fixed PV and wind capacities. Renewable-generation inadequacy: annual PV+wind production (38112 kWh) is less than annual load (45891 kWh). No finite battery can close this gap -- storage shifts energy in time, it does not create it. Increasing PV/wind capacity (a scenario input, not a battery decision variable in this optimization) would be required.",0.9923080270000355,33337.13850021865,4774.423975782308,38111.56247600096
646,jinan,Asia/Shanghai,2023,4200772,28.81377925936369,9.53682969264465,27618.09380865067,17.53449888579987,0.995450324792353,0.8861864471780571,0.7885817662641659,True,23.0,353.28,0.004246165415538412,25163.25693408808,,1.0293994179999117,37016.58263495033,7174.95811533631,44191.540750286644
647,jinan,Asia/Shanghai,2023,4200773,11.769273111698835,11.073168342197379,26850.942422060954,7.696575616923678,0.9937866048404851,0.8864016582243033,0.7226434566014103,False,,,,,"No feasible battery size was found within the tested range for the selected fixed PV and wind capacities. Renewable-generation inadequacy: annual PV+wind production (23451 kWh) is less than annual load (26851 kWh). No finite battery can close this gap -- storage shifts energy in time, it does not create it. Increasing PV/wind capacity (a scenario input, not a battery decision variable in this optimization) would be required.",1.0068673430000672,15119.789277587457,8330.810302779151,23450.59958036661
648,jinan,Asia/Shanghai,2023,4200774,15.481830446143274,22.667623641830453,27796.032718673272,13.861606229563023,0.9932434367429701,0.9059866931715822,0.7405839566123067,False,,,,,"No feasible battery size was found within the tested range for the selected fixed PV and wind capacities. Battery-range inadequacy: annual renewable production is sufficient overall, but no module count within the tested range (0..n_max) achieved the reliability target. Consider increasing candidate_module_counts.max and re-running.",0.9738598709998314,19889.249892955842,17053.806709977984,36943.05660293382
649,jinan,Asia/Shanghai,2023,4200775,37.35614748001059,20.989315648539055,15330.445777241235,16.200873144376974,0.9937667769933298,0.8813856989464512,0.8056734640752444,True,3.0,46.08,0.003010260774190066,3282.1639479245327,,0.9651830510001673,47990.820907945716,15791.145013734498,63781.96592168021
650,jinan,Asia/Shanghai,2023,4200776,28.45568614990552,22.376991820440317,24467.387000886007,13.237108653283695,0.994643013603999,0.9613411637270173,0.7329830817217227,True,9.0,138.24,0.004601822235166742,9846.491843773598,,0.9845068460001585,36556.54637736857,16835.152166207903,53391.69854357647
651,jinan,Asia/Shanghai,2023,4200777,27.34182289560077,20.088623884539608,24801.990421346414,18.013722869239643,0.9933571329036996,0.8955977883906324,0.8168096710810063,True,9.0,138.24,0.005909444168681593,9846.491843773598,,0.9860230269998738,35125.584793819704,15113.516714834646,50239.10150865435
652,jinan,Asia/Shanghai,2023,4200778,22.617040301119374,5.3038020936400905,12793.543699740128,7.92915770309885,0.9969239696356633,0.9602835564430373,0.8091281748028445,True,5.0,76.8,0.0020749072956970883,5470.273246540887,,0.9777608479998889,29055.73523446489,3990.273403251663,33046.00863771655
653,jinan,Asia/Shanghai,2023,4200779,13.166963875423704,15.68837904483692,44224.2184238778,16.242164436838845,0.9926198834732763,0.8911501548359522,0.8801363399524487,False,,,,,"No feasible battery size was found within the tested range for the selected fixed PV and wind capacities. Renewable-generation inadequacy: annual PV+wind production (28718 kWh) is less than annual load (44224 kWh). No finite battery can close this gap -- storage shifts energy in time, it does not create it. Increasing PV/wind capacity (a scenario input, not a battery decision variable in this optimization) would be required.",0.966099050999901,16915.379338433606,11803.027439091227,28718.406777524833
654,jinan,Asia/Shanghai,2023,4200780,39.49016497228565,18.720950092950964,14165.720507881011,7.974470179999302,0.9974362105907951,0.969708100582987,0.7196678533744779,True,3.0,46.08,0.0019890371101955874,3282.1639479245327,,0.9950238740000259,50732.35766146125,14084.558194409343,64816.91585587059
655,jinan,Asia/Shanghai,2023,4200781,13.009879535351452,20.26774108286567,12574.171268661583,6.028401740972712,0.9979993483470869,0.9520404831086605,0.8763126399728765,True,5.0,76.8,0.0015763579651266006,5470.273246540887,,0.9724180630000774,16713.575701270962,15248.274117152218,31961.84981842318
656,jinan,Asia/Shanghai,2023,4200782,36.87016254127728,8.118025785079448,48091.871910625254,14.191132350504907,0.9960123153968409,0.9622654522293806,0.7761505949389257,False,,,,,"No feasible battery size was found within the tested range for the selected fixed PV and wind capacities. Battery-range inadequacy: annual renewable production is sufficient overall, but no module count within the tested range (0..n_max) achieved the reliability target. Consider increasing candidate_module_counts.max and re-running.",0.9758746139998493,47366.48414593916,6107.532258029965,53474.01640396913
657,jinan,Asia/Shanghai,2023,4200783,31.587249840875867,17.806812422489678,41510.10875463841,18.45414187749961,0.9961205476988708,0.8860875599052758,0.736628069169956,False,,,,,"No feasible battery size was found within the tested range for the selected fixed PV and wind capacities. Battery-range inadequacy: annual renewable production is sufficient overall, but no module count within the tested range (0..n_max) achieved the reliability target. Consider increasing candidate_module_counts.max and re-running.",0.9769778649999807,40579.61412908473,13396.813974517336,53976.42810360207
658,jinan,Asia/Shanghai,2023,4200784,12.577267148498755,17.18977774179038,15714.784741634297,12.398139993016901,0.9921571713075701,0.8847845054561255,0.7160038851053219,True,10.0,153.6,0.007176074962888033,10940.546493081774,,0.9952463100000841,16157.805768327096,12932.592830551446,29090.398598878543
659,jinan,Asia/Shanghai,2023,4200785,20.54678160914001,19.925464679640122,42052.693048634486,18.137668901440716,0.9921852083722075,0.9274319844363138,0.7446889233459677,False,,,,,"No feasible battery size was found within the tested range for the selected fixed PV and wind capacities. Renewable-generation inadequacy: annual PV+wind production (41387 kWh) is less than annual load (42053 kWh). No finite battery can close this gap -- storage shifts energy in time, it does not create it. Increasing PV/wind capacity (a scenario input, not a battery decision variable in this optimization) would be required.",0.9749740370000382,26396.108350481096,14990.765182196052,41386.87353267715
660,jinan,Asia/Shanghai,2023,4200786,11.126674702610234,19.156506083396753,31959.250957404984,15.858909193296254,0.9907886062026589,0.9695973561155747,0.8988697133894064,False,,,,,"No feasible battery size was found within the tested range for the selected fixed PV and wind capacities. Renewable-generation inadequacy: annual PV+wind production (28706 kWh) is less than annual load (31959 kWh). No finite battery can close this gap -- storage shifts energy in time, it does not create it. Increasing PV/wind capacity (a scenario input, not a battery decision variable in this optimization) would be required.",0.9799937989998853,14294.253796906429,14412.245286351712,28706.49908325814
661,jinan,Asia/Shanghai,2023,4200787,23.94999476510538,22.32117430367672,19742.74223222227,16.063492418349455,0.9979130327113221,0.95331996394727,0.8623548156482315,True,8.0,122.88,0.0018487227301846113,8752.43719446542,,0.9944198260000121,30768.159648514265,16793.1583005536,47561.31794906787
662,jinan,Asia/Shanghai,2023,4200788,25.581283515741323,23.145235816976562,36383.61427484875,10.942201176324502,0.9937253862735856,0.9344719924735826,0.8520550569372697,False,,,,,"No feasible battery size was found within the tested range for the selected fixed PV and wind capacities. Battery-range inadequacy: annual renewable production is sufficient overall, but no module count within the tested range (0..n_max) achieved the reliability target. Consider increasing candidate_module_counts.max and re-running.",0.9972097350000695,32863.849155115764,17413.134438635127,50276.98359375089
663,jinan,Asia/Shanghai,2023,4200789,26.930599208473723,15.175217644383594,39076.02810616727,15.578968248605545,0.997473121565522,0.8856296607649565,0.8509904264163958,False,,,,,"No feasible battery size was found within the tested range for the selected fixed PV and wind capacities. Battery-range inadequacy: annual renewable production is sufficient overall, but no module count within the tested range (0..n_max) achieved the reliability target. Consider increasing candidate_module_counts.max and re-running.",0.9823161280000932,34597.29256741762,11416.954532966076,46014.2471003837
664,jinan,Asia/Shanghai,2023,4200790,25.4128135285507,6.493862400663037,37160.40112678079,15.748102910029141,0.9947126445259021,0.9514419079884786,0.7600496217258603,False,,,,,"No feasible battery size was found within the tested range for the selected fixed PV and wind capacities. Battery-range inadequacy: annual renewable production is sufficient overall, but no module count within the tested range (0..n_max) achieved the reliability target. Consider increasing candidate_module_counts.max and re-running.",1.0108656390000306,32647.418566604043,4885.605828470432,37533.02439507448
665,jinan,Asia/Shanghai,2023,4200791,16.057216555943086,12.01467903486557,26402.0205318391,15.439004036032532,0.9976096794409041,0.9448826371070809,0.7347975118139203,False,,,,,"No feasible battery size was found within the tested range for the selected fixed PV and wind capacities. Battery-range inadequacy: annual renewable production is sufficient overall, but no module count within the tested range (0..n_max) achieved the reliability target. Consider increasing candidate_module_counts.max and re-running.",1.0033589879999454,20628.43885142909,9039.148398639838,29667.58725006893
666,jinan,Asia/Shanghai,2023,4200792,18.951219719953983,11.657335012326817,36134.57146412127,13.242016240099161,0.9908675413872304,0.9586592430346191,0.8025226496107257,False,,,,,"No feasible battery size was found within the tested range for the selected fixed PV and wind capacities. Renewable-generation inadequacy: annual PV+wind production (33117 kWh) is less than annual load (36135 kWh). No finite battery can close this gap -- storage shifts energy in time, it does not create it. Increasing PV/wind capacity (a scenario input, not a battery decision variable in this optimization) would be required.",0.9889810320000834,24346.31654814269,8770.303459901044,33116.620008043734
667,jinan,Asia/Shanghai,2023,4200793,24.200830395923962,8.968786732645246,25079.752758821494,9.992372934726486,0.9924366211454648,0.9310665917182096,0.7924550720560564,True,16.0,245.76,0.007128614586770214,17504.87438893084,,1.0545687679998537,31090.404008492435,6747.595503539771,37837.999512032206
668,jinan,Asia/Shanghai,2023,4200794,36.67593055944002,23.826879540943217,18778.937169123637,6.501581431508158,0.9970680379633897,0.9695375263274748,0.8727200139708309,True,4.0,61.44,0.002867673511722562,4376.21859723271,,0.9813283640000918,47116.95755169024,17925.96368343276,65042.921235123
669,jinan,Asia/Shanghai,2023,4200795,10.710922063562041,10.02527101412932,11733.691081650557,17.311690655617497,0.9952326627866308,0.9262346687050348,0.8108899763993055,True,8.0,122.88,0.004037786208349466,8752.43719446542,,0.9904197030000432,13760.143301351602,7542.433066278857,21302.57636763046
670,jinan,Asia/Shanghai,2023,4200796,17.573537760897736,17.03276738277726,11226.6791385612,14.690175859562594,0.9966099044716095,0.9405723637340644,0.766423503662444,True,4.0,61.44,0.0013892435749839642,4376.21859723271,,0.9766606789999059,22576.431465625683,12814.46733330555,35390.89879893123
671,jinan,Asia/Shanghai,2023,4200797,34.78788745382628,19.310879942349644,15131.892916971115,7.927163308074725,0.9957339757186041,0.9060474520200423,0.7238865882892473,True,4.0,61.44,0.001762188296937214,4376.21859723271,,0.9920917209999516,44691.41999869509,14528.387233705987,59219.80723240108
672,jinan,Asia/Shanghai,2023,4200798,14.649069794496766,8.312343610808012,29111.63627273529,14.11078180144246,0.9915876204736898,0.9441246949326899,0.7562025215003056,False,,,,,"No feasible battery size was found within the tested range for the selected fixed PV and wind capacities. Renewable-generation inadequacy: annual PV+wind production (25073 kWh) is less than annual load (29112 kWh). No finite battery can close this gap -- storage shifts energy in time, it does not create it. Increasing PV/wind capacity (a scenario input, not a battery decision variable in this optimization) would be required.",0.9971062549998351,18819.41614434091,6253.725731710319,25073.14187605123
673,jinan,Asia/Shanghai,2023,4200799,19.346744151818825,9.46997242148215,41408.245437727644,19.397207494053156,0.9944324986381028,0.8837827577288793,0.7521138632850951,False,,,,,"No feasible battery size was found within the tested range for the selected fixed PV and wind capacities. Renewable-generation inadequacy: annual PV+wind production (31979 kWh) is less than annual load (41408 kWh). No finite battery can close this gap -- storage shifts energy in time, it does not create it. Increasing PV/wind capacity (a scenario input, not a battery decision variable in this optimization) would be required.",1.0115001220001432,24854.44020260946,7124.658578094223,31979.098780703684
674,jinan,Asia/Shanghai,2023,4200800,14.741508733565382,21.855245697040356,13394.159497328206,19.497143610325757,0.9952966239896216,0.9265965808366747,0.8694701244838374,True,4.0,61.44,0.0036620600366538236,4376.21859723271,,0.9838875509999525,18938.170910799,16442.6206119199,35380.7915227189
675,jinan,Asia/Shanghai,2023,4200801,10.826428638743685,20.54305498814019,14664.161822740662,17.61167148410648,0.9947625859731407,0.8855016462124082,0.8666490077602649,True,10.0,153.6,0.004487184764177827,10940.546493081774,,0.9854045829999905,13908.532675983948,15455.404348327245,29363.93702431119
676,jinan,Asia/Shanghai,2023,4200802,10.819423512137549,7.76741385787207,41912.980953065155,11.973066857868364,0.9979324983391935,0.9371886345511975,0.8247057508740816,False,,,,,"No feasible battery size was found within the tested range for the selected fixed PV and wind capacities. Renewable-generation inadequacy: annual PV+wind production (19743 kWh) is less than annual load (41913 kWh). No finite battery can close this gap -- storage shifts energy in time, it does not create it. Increasing PV/wind capacity (a scenario input, not a battery decision variable in this optimization) would be required.",0.9756117019999238,13899.533306427105,5843.752157773957,19743.285464201064
677,jinan,Asia/Shanghai,2023,4200803,27.83758657908439,20.95868234357738,41087.17931325115,18.032025337903303,0.9926361246412113,0.9219176243543566,0.701866914644005,False,,,,,"No feasible battery size was found within the tested range for the selected fixed PV and wind capacities. Battery-range inadequacy: annual renewable production is sufficient overall, but no module count within the tested range (0..n_max) achieved the reliability target. Consider increasing candidate_module_counts.max and re-running.",1.0102152629999637,35762.484146448536,15768.09828991559,51530.58243636413
678,jinan,Asia/Shanghai,2023,4200804,11.378109913201685,24.849174195500275,19911.17657758778,9.641505290710242,0.992244021562714,0.9040779428529879,0.8105322712207294,True,19.0,291.84,0.007316303030954549,20787.038336855374,,0.9743096380000225,14617.268427039335,18695.07895175261,33312.34737879194
679,jinan,Asia/Shanghai,2023,4200805,17.194316329113388,12.875426228008095,36224.26329772861,17.540393053665902,0.9962346735024019,0.9334890560308591,0.7295457125082137,False,,,,,"No feasible battery size was found within the tested range for the selected fixed PV and wind capacities. Renewable-generation inadequacy: annual PV+wind production (31776 kWh) is less than annual load (36224 kWh). No finite battery can close this gap -- storage shifts energy in time, it does not create it. Increasing PV/wind capacity (a scenario input, not a battery decision variable in this optimization) would be required.",1.006418260000146,22089.252004013484,9686.724716737881,31775.976720751365
680,jinan,Asia/Shanghai,2023,4200806,34.48346804623848,5.745497759860774,20567.666529412083,5.855883753979418,0.9960068607802601,0.9131533974334163,0.8304096966409733,True,7.0,107.52,0.003869841272151321,7658.382545157243,,1.0003506160001052,44300.33745255548,4322.57963152616,48622.917084081644
681,jinan,Asia/Shanghai,2023,4200807,11.404148254464113,15.708910421177617,49816.36246178001,19.5348779956537,0.9919891997454975,0.9480126858481827,0.7689903663640132,False,,,,,"No feasible battery size was found within the tested range for the selected fixed PV and wind capacities. Renewable-generation inadequacy: annual PV+wind production (26469 kWh) is less than annual load (49816 kWh). No finite battery can close this gap -- storage shifts energy in time, it does not create it. Increasing PV/wind capacity (a scenario input, not a battery decision variable in this optimization) would be required.",1.0297252730001674,14650.719450674304,11818.474057101856,26469.19350777616
682,jinan,Asia/Shanghai,2023,4200808,14.808174405492744,18.318294012049865,30034.749181070758,13.088458364835159,0.9974465339601196,0.9102889308298681,0.8334189519111326,False,,,,,"No feasible battery size was found within the tested range for the selected fixed PV and wind capacities. Battery-range inadequacy: annual renewable production is sufficient overall, but no module count within the tested range (0..n_max) achieved the reliability target. Consider increasing candidate_module_counts.max and re-running.",0.9812018550001085,19023.81518993367,13781.623088251472,32805.438278185145
683,jinan,Asia/Shanghai,2023,4200809,20.985744008878758,5.854477931608583,25120.60429345396,19.25051694806202,0.9943493623387958,0.8897407393153182,0.8375653658752451,False,,,,,"No feasible battery size was found within the tested range for the selected fixed PV and wind capacities. Battery-range inadequacy: annual renewable production is sufficient overall, but no module count within the tested range (0..n_max) achieved the reliability target. Consider increasing candidate_module_counts.max and re-running.",1.0231761699999424,26960.036039289393,4404.569998649497,31364.60603793889
684,jinan,Asia/Shanghai,2023,4200810,38.90138049155564,23.158904930885143,32878.433512325544,10.644211165227969,0.9952260990165832,0.9534337955979324,0.8722474684036908,True,11.0,168.95999999999998,0.004345446092200928,12034.601142389953,,0.9983266810002078,49975.95603885786,17423.418287978002,67399.37432683587
685,jinan,Asia/Shanghai,2023,4200811,34.56531654827324,14.109527568834753,14754.3195828092,13.537601401081645,0.9914078594523003,0.8854862500508071,0.7997335666857721,True,3.0,46.08,0.004818670032790524,3282.1639479245327,,0.996275833000027,44405.486860824516,10615.19106413851,55020.67792496303
686,jinan,Asia/Shanghai,2023,4200812,29.661203501398838,22.082946128127862,41313.42215817214,17.858607691348226,0.996840618937388,0.9432915457215525,0.7020275138281399,False,,,,,"No feasible battery size was found within the tested range for the selected fixed PV and wind capacities. Battery-range inadequacy: annual renewable production is sufficient overall, but no module count within the tested range (0..n_max) achieved the reliability target. Consider increasing candidate_module_counts.max and re-running.",0.9878628679998656,38105.25445407521,16613.929223748935,54719.18367782415
687,jinan,Asia/Shanghai,2023,4200813,28.783069354276314,7.409636082782354,12346.685293301642,7.346182281584831,0.9974096294529757,0.946946445379002,0.8897544810410425,True,3.0,46.08,0.0020892568582104613,3282.1639479245327,,1.0181654049999906,36977.130131023456,5574.580888746602,42551.71101977006
688,jinan,Asia/Shanghai,2023,4200814,39.36928775951232,22.86567972747964,15317.042039079966,18.175741113874707,0.9975477342130978,0.9583977273873727,0.7303371234232983,True,4.0,61.44,0.0006930527544327891,4376.21859723271,,1.0046422190000612,50577.06871810432,17202.81263383509,67779.8813519394
689,jinan,Asia/Shanghai,2023,4200815,13.503754833199526,23.476177591681633,16953.06596538018,10.529325965639018,0.9941038636454466,0.8911998275046608,0.7041268576065094,True,11.0,168.95999999999998,0.005574274079059594,12034.601142389953,,0.9999466299998403,17348.049076304298,17662.11585579887,35010.16493210317
690,jinan,Asia/Shanghai,2023,4200816,10.167983165927218,20.585062251196657,49866.681525680695,12.93036305153134,0.9934943282551121,0.9153476703899083,0.71921542643442,False,,,,,"No feasible battery size was found within the tested range for the selected fixed PV and wind capacities. Renewable-generation inadequacy: annual PV+wind production (28550 kWh) is less than annual load (49867 kWh). No finite battery can close this gap -- storage shifts energy in time, it does not create it. Increasing PV/wind capacity (a scenario input, not a battery decision variable in this optimization) would be required.",1.0011671859999751,13062.638736291916,15487.008179231609,28549.646915523525
691,jinan,Asia/Shanghai,2023,4200817,17.984854550920353,15.042655772692623,27273.920045387895,13.175521186146653,0.9976415908377366,0.9002718072429651,0.7055328361812624,False,,,,,"No feasible battery size was found within the tested range for the selected fixed PV and wind capacities. Battery-range inadequacy: annual renewable production is sufficient overall, but no module count within the tested range (0..n_max) achieved the reliability target. Consider increasing candidate_module_counts.max and re-running.",1.017925460000015,23104.843299768087,11317.222661083446,34422.065960851534
692,jinan,Asia/Shanghai,2023,4200818,11.146763358482222,7.6833761061371675,32819.3193921761,17.12277215056887,0.9979812534535257,0.9371601881777474,0.7806286504901787,False,,,,,"No feasible battery size was found within the tested range for the selected fixed PV and wind capacities. Renewable-generation inadequacy: annual PV+wind production (20101 kWh) is less than annual load (32819 kWh). No finite battery can close this gap -- storage shifts energy in time, it does not create it. Increasing PV/wind capacity (a scenario input, not a battery decision variable in this optimization) would be required.",1.005436828000029,14320.061358747484,5780.527022352906,20100.588381100388
693,jinan,Asia/Shanghai,2023,4200819,14.635441244684422,13.028366788869581,23296.605356311342,18.050388212857065,0.9943804743966954,0.9003576309959076,0.7577602133631559,False,,,,,"No feasible battery size was found within the tested range for the selected fixed PV and wind capacities. Battery-range inadequacy: annual renewable production is sufficient overall, but no module count within the tested range (0..n_max) achieved the reliability target. Consider increasing candidate_module_counts.max and re-running.",1.0056284110000888,18801.907773232004,9801.788333650693,28603.696106882697
694,jinan,Asia/Shanghai,2023,4200820,14.09410493628067,23.371708981382625,12013.83384945874,5.192693728338414,0.9916469004017419,0.9529786616119563,0.8046933573262163,True,3.0,46.08,0.005907350063025695,3282.1639479245327,,0.971065322999948,18106.462027883812,17583.519726118495,35689.98175400231
695,jinan,Asia/Shanghai,2023,4200821,28.77529862130959,12.154633508314696,12747.119421966801,17.842372437382522,0.9917270484491286,0.8829753280490603,0.8145408271866388,True,3.0,46.08,0.0026969979132175806,3282.1639479245327,,0.9871620259998508,36967.147199718,9144.4420357723,46111.5892354903
696,jinan,Asia/Shanghai,2023,4200822,12.498676611538032,6.915237037196684,42015.081259301005,12.374143839769932,0.9921735760702243,0.9113763781023567,0.8458481957686343,False,,,,,"No feasible battery size was found within the tested range for the selected fixed PV and wind capacities. Renewable-generation inadequacy: annual PV+wind production (21259 kWh) is less than annual load (42015 kWh). No finite battery can close this gap -- storage shifts energy in time, it does not create it. Increasing PV/wind capacity (a scenario input, not a battery decision variable in this optimization) would be required.",0.9978739430000587,16056.841813562769,5202.623691369437,21259.465504932206
697,jinan,Asia/Shanghai,2023,4200823,11.990624342698055,7.329612318664198,34650.48139962279,14.10457601700661,0.9987521596608183,0.9137094533129905,0.7130155254355032,False,,,,,"No feasible battery size was found within the tested range for the selected fixed PV and wind capacities. Renewable-generation inadequacy: annual PV+wind production (20919 kWh) is less than annual load (34650 kWh). No finite battery can close this gap -- storage shifts energy in time, it does not create it. Increasing PV/wind capacity (a scenario input, not a battery decision variable in this optimization) would be required.",0.9852867429999606,15404.155519859127,5514.375645045737,20918.531164904864
698,jinan,Asia/Shanghai,2023,4200824,26.126123045488836,17.766936235235807,15584.111431449963,13.29292960302795,0.9917799040949243,0.9560257052092961,0.8670322991567659,True,3.0,46.08,0.007293269582380172,3282.1639479245327,,0.9812811169999804,33563.7954306163,13366.813441576447,46930.60887219275
699,jinan,Asia/Shanghai,2023,4200825,35.89454590482542,5.008338338062077,12237.634958978,10.465766088455648,0.9961820842996686,0.9107533865761698,0.7132625635241949,True,3.0,46.08,0.002906429823626506,3282.1639479245327,,1.0013187780000408,46113.12569135474,3767.9835921515196,49881.10928350626
700,jinan,Asia/Shanghai,2023,4200826,19.535201012024466,9.899617179803247,10216.791992727918,13.022028697706027,0.9910498132326977,0.9058746659917,0.828237966044483,True,2.0,30.72,0.007583085377436843,2188.109298616355,,1.0104219879999619,25096.54759421997,7447.898401471293,32544.44599569126
701,jinan,Asia/Shanghai,2023,4200827,31.753470664689313,10.269112537120451,23167.746842609362,8.703638571911979,0.9986119974028457,0.8971467754288662,0.7366361207267352,True,16.0,245.76,0.0009989324701723747,17504.87438893084,,0.9816111079999246,40793.15525484109,7725.885300472632,48519.040555313724
702,jinan,Asia/Shanghai,2023,4200828,23.35105887494596,8.786127184011383,16268.338251424326,6.438193065516282,0.9957615412329742,0.9350874029411707,0.8300325783755933,True,6.0,92.16,0.003486357353868862,6564.3278958490655,,0.9760913380000602,29998.71667917803,6610.173042087515,36608.88972126554
703,jinan,Asia/Shanghai,2023,4200829,33.19900024028189,11.527160255851516,46736.94934447686,15.99806916603134,0.9972423772972306,0.944886594744404,0.7716911290865124,False,,,,,"No feasible battery size was found within the tested range for the selected fixed PV and wind capacities. Battery-range inadequacy: annual renewable production is sufficient overall, but no module count within the tested range (0..n_max) achieved the reliability target. Consider increasing candidate_module_counts.max and re-running.",0.9974711319998733,42650.2030410595,8672.36751520186,51322.570556261366
704,jinan,Asia/Shanghai,2023,4200830,18.49097464187905,13.450341391580283,13881.214421334338,11.769207523489207,0.9903882688478571,0.8803551364024476,0.8862997878949386,True,4.0,61.44,0.0048614217507314435,4376.21859723271,,0.9858096109999224,23755.04735670702,10119.257576340437,33874.30493304745
705,jinan,Asia/Shanghai,2023,4200831,30.680105817636786,16.23693894131938,23644.08157692231,13.558070220276113,0.998024181987045,0.9387142120549478,0.8204963995907009,True,12.0,184.32,0.001684081699334885,13128.655791698131,,0.9790294540000559,39414.221301029436,12215.732122708516,51629.953423737956
706,jinan,Asia/Shanghai,2023,4200832,23.80613508915034,11.91394061301716,37941.88455686847,19.714714115237214,0.9938228192416853,0.915298468361278,0.7856226944730085,False,,,,,"No feasible battery size was found within the tested range for the selected fixed PV and wind capacities. Battery-range inadequacy: annual renewable production is sufficient overall, but no module count within the tested range (0..n_max) achieved the reliability target. Consider increasing candidate_module_counts.max and re-running.",0.9778882319999411,30583.345517230315,8963.358646629807,39546.70416386012
707,jinan,Asia/Shanghai,2023,4200833,22.766319041491645,24.812495467369903,38271.130300373625,10.387766738158875,0.9933435213644405,0.918771723226965,0.7073424375160899,False,,,,,"No feasible battery size was found within the tested range for the selected fixed PV and wind capacities. Battery-range inadequacy: annual renewable production is sufficient overall, but no module count within the tested range (0..n_max) achieved the reliability target. Consider increasing candidate_module_counts.max and re-running.",1.010078698999905,29247.51114761019,18667.484001801662,47914.99514941185
708,jinan,Asia/Shanghai,2023,4200834,22.467825928051198,20.764380839994466,15948.575759359928,11.899231054047872,0.998907923100442,0.9255328012082378,0.7996647648244181,True,8.0,122.88,0.0003638146334112628,8752.43719446542,,0.9875359879999905,28864.042012923826,15621.91709607195,44485.959108995776
709,jinan,Asia/Shanghai,2023,4200835,26.763807511725044,8.720087406654823,15886.555307437771,15.160319436726628,0.9935619012891519,0.9060915965393929,0.7062783239839795,True,5.0,76.8,0.005917812753650729,5470.273246540887,,0.9879633410000679,34383.01805070303,6560.488539821013,40943.50659052404
710,jinan,Asia/Shanghai,2023,4200836,35.38151491535447,5.646577316896655,39999.32496333277,10.729828384978715,0.9953881902945418,0.9022910200621146,0.7310799332464146,False,,,,,"No feasible battery size was found within the tested range for the selected fixed PV and wind capacities. Battery-range inadequacy: annual renewable production is sufficient overall, but no module count within the tested range (0..n_max) achieved the reliability target. Consider increasing candidate_module_counts.max and re-running.",0.9789574950000315,45454.043318122836,4248.157621498502,49702.20093962134
711,jinan,Asia/Shanghai,2023,4200837,26.001640025048424,18.912353899082873,17819.731797805864,11.545384211488463,0.9940018947326226,0.8994381234171517,0.8130098892504262,True,5.0,76.8,0.004730856115388896,5470.273246540887,,0.9731903730000795,33403.87416616491,14228.559328577816,47632.43349474273
712,jinan,Asia/Shanghai,2023,4200838,14.37807060345102,15.194983466371601,14537.26045463998,12.283136132827062,0.99280439149388,0.9207021662873381,0.7867498718886348,True,6.0,92.16,0.005510167591944546,6564.3278958490655,,1.0078144050000901,18471.26799414331,11431.825192236476,29903.093186379785
713,jinan,Asia/Shanghai,2023,4200839,30.06099661224793,21.763340682187923,32636.596471966208,14.601090043896178,0.9915954036985525,0.8833485434410095,0.8583376290354632,True,16.0,245.76,0.008113665707813682,17504.87438893084,,0.9733631500000683,38618.86200938471,16373.476603543182,54992.338612927895
714,jinan,Asia/Shanghai,2023,4200840,15.011146223238592,6.823390710655048,47502.49283626381,19.45282046088765,0.9955463156244224,0.9140773545418563,0.8666479081928105,False,,,,,"No feasible battery size was found within the tested range for the selected fixed PV and wind capacities. Renewable-generation inadequacy: annual PV+wind production (24418 kWh) is less than annual load (47502 kWh). No finite battery can close this gap -- storage shifts energy in time, it does not create it. Increasing PV/wind capacity (a scenario input, not a battery decision variable in this optimization) would be required.",0.9722867980001411,19284.56970590761,5133.523836677476,24418.093542585084
715,jinan,Asia/Shanghai,2023,4200841,16.141598780062374,13.587846548593639,24280.691960024073,18.690499861125225,0.9982779967382605,0.9385797333691299,0.7221480280545384,False,,,,,"No feasible battery size was found within the tested range for the selected fixed PV and wind capacities. Battery-range inadequacy: annual renewable production is sufficient overall, but no module count within the tested range (0..n_max) achieved the reliability target. Consider increasing candidate_module_counts.max and re-running.",0.9822226230000979,20736.843290288583,10222.70848969527,30959.551779983853
716,jinan,Asia/Shanghai,2023,4200842,27.81156121019592,5.516339884229408,11415.581694519142,15.907227442579106,0.9918914864624307,0.939077541129466,0.8499844323001517,True,2.0,30.72,0.0071961129018162946,2188.109298616355,,1.0142771779999293,35729.049788206474,4150.174522863834,39879.224311070306
717,jinan,Asia/Shanghai,2023,4200843,11.779934971749023,20.395079089284785,20736.84871845144,10.843189372996225,0.9907797527306579,0.9554766985028367,0.8121457572651528,True,20.0,307.2,0.009044438700317023,21881.09298616355,,0.9847329629999422,15133.48639173682,15344.075855464922,30477.562247201742
718,jinan,Asia/Shanghai,2023,4200844,25.139958335415166,24.37109621805511,23380.23039762683,18.36168929715044,0.9964771909295814,0.9635675322267014,0.8815604105524919,True,8.0,122.88,0.003477767473977384,8752.43719446542,,0.9816380839999965,32296.88604141318,18335.400780433338,50632.286821846516
719,jinan,Asia/Shanghai,2023,4200845,39.73089415078209,7.633535040743151,41840.655683663805,17.067415324212547,0.9957993617536064,0.9050974862414382,0.8930296543256631,False,,,,,"No feasible battery size was found within the tested range for the selected fixed PV and wind capacities. Battery-range inadequacy: annual renewable production is sufficient overall, but no module count within the tested range (0..n_max) achieved the reliability target. Consider increasing candidate_module_counts.max and re-running.",0.9925004479998734,51041.61843035402,5743.029492445079,56784.6479227991
720,jinan,Asia/Shanghai,2023,4200846,30.755784219169964,15.116621931130517,31259.973273295145,15.597345779010324,0.9943986644940279,0.9340293752815945,0.7461802038822755,True,22.0,337.91999999999996,0.005583320312445271,24069.202284779905,,1.0211965739999869,39511.444083879884,11372.870513236405,50884.31459711629
721,jinan,Asia/Shanghai,2023,4200847,21.355197894658907,22.304807001430042,14396.100465935424,13.963628914004598,0.991658583560114,0.9561885638131035,0.8158087907707099,True,3.0,46.08,0.006898863564634569,3282.1639479245327,,0.9826608690000285,27434.667297122054,16780.84449063294,44215.51178775499
722,jinan,Asia/Shanghai,2023,4200848,22.091463480108132,9.99649347303636,27473.787967585376,19.364184888826134,0.9945828836076925,0.9222540578529874,0.8492547627000618,False,,,,,"No feasible battery size was found within the tested range for the selected fixed PV and wind capacities. Battery-range inadequacy: annual renewable production is sufficient overall, but no module count within the tested range (0..n_max) achieved the reliability target. Consider increasing candidate_module_counts.max and re-running.",0.988712114000009,28380.5354402673,7520.782511675412,35901.317951942714
723,jinan,Asia/Shanghai,2023,4200849,21.371412124957203,13.54847899761588,23477.909262864763,7.26379632994087,0.9964242829278238,0.9585727822495261,0.8811185298485531,True,19.0,291.84,0.0030830008582358945,20787.038336855374,,1.0046591430000262,27455.49744891493,10193.090625219129,37648.58807413406
724,jinan,Asia/Shanghai,2023,4200850,36.42408814113339,14.035676048759857,21362.64768812785,14.568856244012352,0.9985923442071543,0.9454345583351744,0.7989697123180313,True,10.0,153.6,0.0009533674915693588,10940.546493081774,,1.01089498500005,46793.41978858325,10559.629459247948,57353.04924783119
725,jinan,Asia/Shanghai,2023,4200851,30.664257235403447,20.45075824908794,46770.77045312283,16.448236309582313,0.9938987150007231,0.9046245866618936,0.7999763329459182,False,,,,,"No feasible battery size was found within the tested range for the selected fixed PV and wind capacities. Battery-range inadequacy: annual renewable production is sufficient overall, but no module count within the tested range (0..n_max) achieved the reliability target. Consider increasing candidate_module_counts.max and re-running.",1.0210797769998408,39393.86089121972,15385.965629358323,54779.82652057805
726,jinan,Asia/Shanghai,2023,4200852,19.845338338164154,23.85529185375628,30318.633737998487,12.080845039460126,0.9931337659633938,0.937546629126244,0.8040102557241895,False,,,,,"No feasible battery size was found within the tested range for the selected fixed PV and wind capacities. Battery-range inadequacy: annual renewable production is sufficient overall, but no module count within the tested range (0..n_max) achieved the reliability target. Consider increasing candidate_module_counts.max and re-running.",1.020787668000139,25494.97585515355,17947.33946143903,43442.315316592576
727,jinan,Asia/Shanghai,2023,4200853,13.871467686947696,22.38415621660989,24360.513285751935,11.488676449372313,0.9918510035099722,0.9298058386856101,0.8404110124857166,True,29.0,445.44,0.0076325922439533156,31727.584829937146,,1.007474694999928,17820.443659263394,16840.542242794683,34660.98590205808
728,jinan,Asia/Shanghai,2023,4200854,36.43495961877819,6.032153299445254,48933.27638797514,15.55726613030535,0.9925586881597036,0.898402727951257,0.7592175837309195,False,,,,,"No feasible battery size was found within the tested range for the selected fixed PV and wind capacities. Battery-range inadequacy: annual renewable production is sufficient overall, but no module count within the tested range (0..n_max) achieved the reliability target. Consider increasing candidate_module_counts.max and re-running.",0.9937458040001275,46807.38619496751,4538.242651243712,51345.62884621123
729,jinan,Asia/Shanghai,2023,4200855,36.27177254999327,10.827803463919007,28512.84538228943,15.586070813633489,0.9978479087735149,0.9392714046111493,0.8506218393068845,True,15.0,230.39999999999998,0.002069750881429861,16410.81973962266,,0.9934505210001134,46597.74248380217,8146.211984327509,54743.954468129676
730,jinan,Asia/Shanghai,2023,4200856,15.199803888878668,22.548156553822775,21028.767344724427,6.925672460847736,0.9987861986130661,0.8981475932908745,0.7273303940155953,True,28.0,430.08,0.0007134222956116364,30633.53018062897,,1.027435147999995,19526.9350689175,16963.9265946523,36490.8616635698
731,jinan,Asia/Shanghai,2023,4200857,28.780627003053596,11.377262989921906,15333.968207219732,14.016816758238141,0.9968308670450001,0.9513878536786441,0.7311025202024545,True,5.0,76.8,0.0023681231947696637,5470.273246540887,,0.9831010200000492,36973.99248305837,8559.593497073187,45533.58598013155
732,jinan,Asia/Shanghai,2023,4200858,26.706012038198267,21.273567413629213,16443.48045696741,8.115233776560125,0.990021702576885,0.927217074075576,0.7389363393723901,True,4.0,61.44,0.006058639542321955,4376.21859723271,,0.9888139589997991,34308.76916781708,16004.999572792556,50313.76874060964
733,jinan,Asia/Shanghai,2023,4200859,31.727277271806972,24.244277112352115,18350.21955996281,14.736455176452989,0.9919065101531266,0.8816206173081733,0.851710838842917,True,4.0,61.44,0.005514950450073817,4376.21859723271,,0.9810254600001826,40759.50503897072,18239.989432955343,58999.49447192606
734,jinan,Asia/Shanghai,2023,4200860,30.727095426625745,11.824776093094071,31112.812912285615,15.042202823195426,0.9970457194498088,0.8872132488883487,0.7045037683990493,False,,,,,"No feasible battery size was found within the tested range for the selected fixed PV and wind capacities. Battery-range inadequacy: annual renewable production is sufficient overall, but no module count within the tested range (0..n_max) achieved the reliability target. Consider increasing candidate_module_counts.max and re-running.",1.0084563660000185,39474.58806959758,8896.276427858968,48370.86449745655
735,jinan,Asia/Shanghai,2023,4200861,37.49979880587202,16.982918551754153,25541.421218251286,12.6036077520831,0.9928277773782193,0.9568897928480133,0.8150030083137008,True,7.0,107.52,0.006177779905032471,7658.382545157243,,0.992785498000103,48175.36737533221,12776.963960988322,60952.33133632053
736,jinan,Asia/Shanghai,2023,4200862,24.846874431806306,23.217708061911953,43519.187929362706,17.192028371387742,0.9920304828380866,0.8937810800321521,0.8380193039425495,False,,,,,"No feasible battery size was found within the tested range for the selected fixed PV and wind capacities. Battery-range inadequacy: annual renewable production is sufficient overall, but no module count within the tested range (0..n_max) achieved the reliability target. Consider increasing candidate_module_counts.max and re-running.",0.9910237110000253,31920.36602856601,17467.65835682325,49388.02438538926
737,jinan,Asia/Shanghai,2023,4200863,30.018858280485986,19.934608917614334,28881.557842129776,15.856996483979648,0.994593938121637,0.9441584549770308,0.744993649559145,True,14.0,215.04,0.0053904899703339955,15316.765090314486,,0.9811820530001114,38564.72759592494,14997.644777048441,53562.372372973376
738,jinan,Asia/Shanghai,2023,4200864,32.16529137799126,19.302480469140356,20664.228281967105,13.339564865602625,0.9976978050108696,0.9024570382275195,0.8471959568029352,True,7.0,107.52,0.0022505952532133116,7658.382545157243,,0.9888198379999267,41322.214470833096,14522.0679567125,55844.28242754559
739,jinan,Asia/Shanghai,2023,4200865,38.61900151440661,22.3248383951513,26060.80330721105,14.108115994822077,0.9989259312082743,0.9311593670238146,0.7230055204860732,True,14.0,215.04,0.0008869535421129843,15316.765090314486,,1.0137359469999865,49613.18846685972,16795.914950688726,66409.10341754844
740,jinan,Asia/Shanghai,2023,4200866,11.362922643362827,20.806290194880567,26945.133016073847,8.702193359437917,0.9931290482759485,0.9481635579891807,0.7930494671267658,False,,,,,"No feasible battery size was found within the tested range for the selected fixed PV and wind capacities. Battery-range inadequacy: annual renewable production is sufficient overall, but no module count within the tested range (0..n_max) achieved the reliability target. Consider increasing candidate_module_counts.max and re-running.",1.020748168999944,14597.757594255861,15653.447266541541,30251.204860797403
741,jinan,Asia/Shanghai,2023,4200867,36.0549847757763,19.698511775553985,48960.566017817,18.32755650184765,0.9922909249060741,0.9393153309522297,0.7041086069056287,False,,,,,"No feasible battery size was found within the tested range for the selected fixed PV and wind capacities. Battery-range inadequacy: annual renewable production is sufficient overall, but no module count within the tested range (0..n_max) achieved the reliability target. Consider increasing candidate_module_counts.max and re-running.",0.9877400319999197,46319.238838503996,14820.018966372583,61139.25780487658
742,jinan,Asia/Shanghai,2023,4200868,39.73320173288795,10.22012217605193,36591.80374494336,17.737304317993477,0.9914441819645518,0.9563091408529432,0.7024491331581645,True,18.0,276.48,0.008123273905811334,19692.983687547196,,0.9908878769999774,51044.58294267777,7689.027791211147,58733.61073388892
743,jinan,Asia/Shanghai,2023,4200869,23.25931414256222,14.44075245062277,24963.628530349437,13.795771194507497,0.9982335811383237,0.909429020287026,0.8158519774332849,True,26.0,399.36,0.0013941123077314819,28445.42088201261,,1.0153902340000514,29880.853748493555,10864.385474668787,40745.23922316234
744,jinan,Asia/Shanghai,2023,4200870,36.32387577229969,20.459907902027563,11629.33059221984,19.141861461914935,0.9904198221383275,0.9329882626936896,0.8150707240630329,True,2.0,30.72,0.001142231356778887,2188.109298616355,,0.9880489440001838,46664.678626287736,15392.849298116957,62057.52792440469
745,jinan,Asia/Shanghai,2023,4200871,33.59170692106948,7.968861036979553,17174.815682508153,16.281603991075407,0.9913455427717046,0.9222500614359076,0.8463296180421864,True,4.0,61.44,0.0060414794185773436,4376.21859723271,,0.982853428999988,43154.70677761627,5995.309343875708,49150.01612149198
746,jinan,Asia/Shanghai,2023,4200872,29.537257863480434,9.212083722261903,22158.410347443423,19.534623548615613,0.9940380355813939,0.8840011728792743,0.7439169798932666,True,9.0,138.24,0.005097466781673724,9846.491843773598,,0.9941961500001071,37946.02355600559,6930.638062371799,44876.66161837739
747,jinan,Asia/Shanghai,2023,4200873,39.77149528281817,19.09277037860309,12026.665171314815,11.73030077887694,0.9915447376136597,0.891065019076191,0.8174130826697604,True,2.0,30.72,0.0017035459963576762,2188.109298616355,,1.0144350739999481,51093.778028911285,14364.29423478804,65458.07226369932
748,jinan,Asia/Shanghai,2023,4200874,35.373575143078284,5.71059836058045,32380.375098918423,15.8243230254495,0.9925197991844052,0.9577142725806895,0.7480569126715969,True,19.0,291.84,0.00683758977567511,20787.038336855374,,1.0066182289999688,45443.84322483002,4296.323345511128,49740.16657034115
749,jinan,Asia/Shanghai,2023,4200875,35.196228481952176,6.570899276649145,16397.103674737253,10.714768758528622,0.9976864996151836,0.8930126828614104,0.8750876479588483,True,5.0,76.8,0.0022771741485214775,5470.273246540887,,0.9895626709999306,45216.00892105767,4943.563910595249,50159.57283165292
750,jinan,Asia/Shanghai,2023,4200876,16.891945798383812,14.050167971890575,24109.37617041351,6.771893399217853,0.9984987876556722,0.9194360461676993,0.8380662522712389,False,,,,,"No feasible battery size was found within the tested range for the selected fixed PV and wind capacities. Battery-range inadequacy: annual renewable production is sufficient overall, but no module count within the tested range (0..n_max) achieved the reliability target. Consider increasing candidate_module_counts.max and re-running.",1.028644704000044,21700.801615871922,10570.532342577591,32271.33395844951
751,jinan,Asia/Shanghai,2023,4200877,27.258030299920932,15.034318337044148,34663.10494227396,18.475134593036437,0.996293811381247,0.9279232071509699,0.8290371921331953,False,,,,,"No feasible battery size was found within the tested range for the selected fixed PV and wind capacities. Battery-range inadequacy: annual renewable production is sufficient overall, but no module count within the tested range (0..n_max) achieved the reliability target. Consider increasing candidate_module_counts.max and re-running.",1.0479187880000609,35017.93784080254,11310.95005755638,46328.88789835892
752,jinan,Asia/Shanghai,2023,4200878,28.191828415270646,13.662424149726263,34990.56040521801,11.653547002462453,0.9968185294008473,0.9672021235170056,0.8919730714994458,False,,,,,"No feasible battery size was found within the tested range for the selected fixed PV and wind capacities. Battery-range inadequacy: annual renewable production is sufficient overall, but no module count within the tested range (0..n_max) achieved the reliability target. Consider increasing candidate_module_counts.max and re-running.",1.0416805450001902,36217.57273735886,10278.81635590594,46496.3890932648
753,jinan,Asia/Shanghai,2023,4200879,39.00212724016228,22.276971237036825,30547.944738797072,8.812284321785102,0.9962367768917931,0.9191320976094934,0.8606699066845399,True,11.0,168.95999999999998,0.0033961541534021865,12034.601142389953,,1.0086483190000308,50105.38370995339,16759.902474253668,66865.28618420706
754,jinan,Asia/Shanghai,2023,4200880,39.98554330542848,11.981652149797402,19776.12173912191,9.010737331921373,0.990840116211126,0.915464157685014,0.7034850105433819,True,5.0,76.8,0.006837452543521128,5470.273246540887,,1.0839810200000102,51368.76196092108,9014.300883828191,60383.06284474927
755,jinan,Asia/Shanghai,2023,4200881,13.431866722038269,10.433914945453406,16394.51103637923,15.982386492510878,0.9909504431178111,0.9579394694522072,0.7442229007421906,True,10.0,153.6,0.008915989856561581,10940.546493081774,,1.066965472999982,17255.695616408666,7849.873084170549,25105.568700579213
756,jinan,Asia/Shanghai,2023,4200882,10.08613933284439,13.558274409798996,10501.408387139,18.646884257440504,0.995776319017613,0.9324712839599117,0.7403179021724726,True,5.0,76.8,0.004092506868255732,5470.273246540887,,1.0161283009999806,12957.49532614772,10200.460125818528,23157.95545196625
757,jinan,Asia/Shanghai,2023,4200883,30.998385562859088,18.545092873566915,12418.542957014597,18.212697962158586,0.9952147202663683,0.9513220192934749,0.7525828144257688,True,3.0,46.08,0.0009850076635082173,3282.1639479245327,,1.0066441799999666,39823.10999223517,13952.253411370888,53775.36340360606
758,jinan,Asia/Shanghai,2023,4200884,20.170958256924646,17.564620155542606,13998.18876845211,6.079936492076947,0.9902313339441775,0.962497587421551,0.7622765488537311,True,3.0,46.08,0.009299228840068445,3282.1639479245327,,1.0030854650001402,25913.29434513318,13214.602545016416,39127.8968901496
759,jinan,Asia/Shanghai,2023,4200885,29.819764453513955,24.784704980354842,36778.03174247774,12.8764219378427,0.9946882794016552,0.9139225433609997,0.8199559311910171,False,,,,,"No feasible battery size was found within the tested range for the selected fixed PV and wind capacities. Battery-range inadequacy: annual renewable production is sufficient overall, but no module count within the tested range (0..n_max) achieved the reliability target. Consider increasing candidate_module_counts.max and re-running.",1.0188041159999557,38308.95507015244,18646.576049498435,56955.53111965088
760,jinan,Asia/Shanghai,2023,4200886,38.763741686371134,20.760880673966202,26969.0646813295,9.986672435488,0.9979517837666081,0.8922207243063934,0.8699170513928604,True,12.0,184.32,0.0016573005461317676,13128.655791698131,,1.0063755659998606,49799.133756711984,15619.283773945113,65418.4175306571
761,jinan,Asia/Shanghai,2023,4200887,17.65230284026997,19.312584715518355,42248.82323099321,12.154947758952089,0.9917305557852805,0.9560290969116138,0.773501669010663,False,,,,,"No feasible battery size was found within the tested range for the selected fixed PV and wind capacities. Renewable-generation inadequacy: annual PV+wind production (37207 kWh) is less than annual load (42249 kWh). No finite battery can close this gap -- storage shifts energy in time, it does not create it. Increasing PV/wind capacity (a scenario input, not a battery decision variable in this optimization) would be required.",1.024697809999907,22677.61965212098,14529.669806266877,37207.28945838785
762,jinan,Asia/Shanghai,2023,4200888,19.620407814475577,15.200323647068792,27403.449644156706,15.245783255580863,0.9912347802753539,0.9192120688643085,0.8783403622450408,True,26.0,399.36,0.008609217035217432,28445.42088201261,,0.9931590799999412,25206.01135513798,11435.842834793333,36641.85418993131
763,jinan,Asia/Shanghai,2023,4200889,11.081881283191763,14.146766663066527,36421.2786554084,18.31566630562978,0.9953440760423986,0.9542035844115395,0.7445382037918573,False,,,,,"No feasible battery size was found within the tested range for the selected fixed PV and wind capacities. Renewable-generation inadequacy: annual PV+wind production (24880 kWh) is less than annual load (36421 kWh). No finite battery can close this gap -- storage shifts energy in time, it does not create it. Increasing PV/wind capacity (a scenario input, not a battery decision variable in this optimization) would be required.",1.0093049869999504,14236.708436525872,10643.207601077625,24879.9160376035
764,jinan,Asia/Shanghai,2023,4200890,20.584283086835786,23.842645478560854,45439.00452370745,13.369294740330568,0.9942793950401536,0.9205960652309012,0.7117579323134031,False,,,,,"No feasible battery size was found within the tested range for the selected fixed PV and wind capacities. Renewable-generation inadequacy: annual PV+wind production (44382 kWh) is less than annual load (45439 kWh). No finite battery can close this gap -- storage shifts energy in time, it does not create it. Increasing PV/wind capacity (a scenario input, not a battery decision variable in this optimization) would be required.",0.9956558320000113,26444.285874698344,17937.825061448435,44382.11093614678
765,jinan,Asia/Shanghai,2023,4200891,36.77131311869701,21.36299016830671,28250.045789114683,9.191599590792102,0.9930862854578387,0.8910844527285601,0.8443579482611445,True,9.0,138.24,0.005165958519741339,9846.491843773598,,1.0082276020000336,47239.493938010404,16072.276072430992,63311.770010441396
766,jinan,Asia/Shanghai,2023,4200892,26.70009569664573,9.682068456497898,34920.22288310759,19.688453213824623,0.9911015562192856,0.9212636509562795,0.7988317641844254,False,,,,,"No feasible battery size was found within the tested range for the selected fixed PV and wind capacities. Battery-range inadequacy: annual renewable production is sufficient overall, but no module count within the tested range (0..n_max) achieved the reliability target. Consider increasing candidate_module_counts.max and re-running.",0.9795220070000141,34301.16854229675,7284.2273464073005,41585.39588870405
767,jinan,Asia/Shanghai,2023,4200893,28.91000161235893,17.53546151350428,43566.8350233054,16.09841946847285,0.9975651879009445,0.9362693310685599,0.7898914321027988,False,,,,,"No feasible battery size was found within the tested range for the selected fixed PV and wind capacities. Battery-range inadequacy: annual renewable production is sufficient overall, but no module count within the tested range (0..n_max) achieved the reliability target. Consider increasing candidate_module_counts.max and re-running.",1.0031852859999617,37140.19789030841,13192.66527214193,50332.86316245034
768,jinan,Asia/Shanghai,2023,4200894,18.2539226597902,20.038139494804337,33117.82285638501,17.092512451340454,0.9948841923994268,0.9568675388927741,0.8592134199203434,False,,,,,"No feasible battery size was found within the tested range for the selected fixed PV and wind capacities. Battery-range inadequacy: annual renewable production is sufficient overall, but no module count within the tested range (0..n_max) achieved the reliability target. Consider increasing candidate_module_counts.max and re-running.",1.0181270000000495,23450.51062083544,15075.535184965422,38526.045805800866
769,jinan,Asia/Shanghai,2023,4200895,12.948537104267412,24.540127360319847,10589.897876053152,13.952570568944278,0.9971326035838508,0.9098704725865813,0.8197139584594315,True,3.0,46.08,0.0023099869388867257,3282.1639479245327,,0.991152535999845,16634.770101047136,18462.57001853689,35097.34011958403
770,jinan,Asia/Shanghai,2023,4200896,20.86367592542345,6.2122995001500385,10338.460763573235,6.422930451667825,0.9908856863470804,0.9349800799654375,0.8051730461925026,True,2.0,30.72,0.008859929138828099,2188.109298616355,,0.9820596209999621,26803.217204188306,4673.7742153326335,31476.99141952094
771,jinan,Asia/Shanghai,2023,4200897,23.66389900519426,18.83842951204835,10673.045480497936,9.064752221235963,0.9969965345815887,0.9618979395865407,0.7876673192475163,True,2.0,30.72,0.0029242112114777623,2188.109298616355,,0.9990537799999402,30400.617187564185,14172.942902808602,44573.56009037279
772,jinan,Asia/Shanghai,2023,4200898,37.29608471687497,18.557760510406514,22689.943915789372,14.643324864349504,0.9974886156670322,0.9228247053414512,0.8639496979995678,True,8.0,122.88,0.0019798031231717072,8752.43719446542,,1.0687834810000822,47913.6592758363,13961.783807390699,61875.44308322699
773,jinan,Asia/Shanghai,2023,4200899,21.757290299990622,11.970113571915412,33319.54503514216,11.970296265417218,0.9987940072841498,0.9264750481175357,0.7770344057832043,False,,,,,"No feasible battery size was found within the tested range for the selected fixed PV and wind capacities. Battery-range inadequacy: annual renewable production is sufficient overall, but no module count within the tested range (0..n_max) achieved the reliability target. Consider increasing candidate_module_counts.max and re-running.",0.9867861860000176,27951.228717783677,9005.619926352598,36956.84864413628
774,jinan,Asia/Shanghai,2023,4200900,21.848006293856088,15.958799012262332,24196.481520327816,15.843599029474039,0.9934259663493148,0.9145729947872718,0.8233946498753609,True,15.0,230.39999999999998,0.006439690491000974,16410.81973962266,,0.9788559239998449,28067.77004521616,12006.47575497385,40074.24580019001
775,jinan,Asia/Shanghai,2023,4200901,11.825406180880298,18.10709836230292,30198.888686347484,11.795391714299624,0.9964732769163716,0.9482430203804375,0.8692521726824919,False,,,,,"No feasible battery size was found within the tested range for the selected fixed PV and wind capacities. Renewable-generation inadequacy: annual PV+wind production (28815 kWh) is less than annual load (30199 kWh). No finite battery can close this gap -- storage shifts energy in time, it does not create it. Increasing PV/wind capacity (a scenario input, not a battery decision variable in this optimization) would be required.",1.0211156369998662,15191.90249728021,13622.731717648065,28814.634214928275
776,jinan,Asia/Shanghai,2023,4200902,21.244093624523416,11.540753845067622,38573.684059780775,13.727072887106688,0.9956862139171664,0.9299970616395251,0.8545386046407709,False,,,,,"No feasible battery size was found within the tested range for the selected fixed PV and wind capacities. Renewable-generation inadequacy: annual PV+wind production (35975 kWh) is less than annual load (38574 kWh). No finite battery can close this gap -- storage shifts energy in time, it does not create it. Increasing PV/wind capacity (a scenario input, not a battery decision variable in this optimization) would be required.",1.0170621270001448,27291.933490510077,8682.594544141873,35974.52803465195
777,jinan,Asia/Shanghai,2023,4200903,15.701226654764595,16.114242654827933,16324.071557745192,11.108779089364878,0.9959759444107447,0.9243764447482753,0.7759183073344362,True,10.0,153.6,0.003838707680012034,10940.546493081774,,1.0385913300001448,20171.10455051822,12123.422545537142,32294.52709605536
778,jinan,Asia/Shanghai,2023,4200904,36.54910004246818,20.456514289949567,31051.631400014998,19.25079733513232,0.9938192876049149,0.9509265634829295,0.7335872479602835,True,12.0,184.32,0.005196216144070172,13128.655791698131,,1.0059831160001522,46954.0204975169,15390.29614100877,62344.31663852568
779,jinan,Asia/Shanghai,2023,4200905,18.57377431331791,11.761711626679096,14232.830108180931,12.52707222614102,0.9917303412071384,0.9370767300504692,0.7380184719146037,True,5.0,76.8,0.004519198321221599,5470.273246540887,,1.0123410129999684,23861.418716478132,8848.830377161172,32710.249093639304
780,jinan,Asia/Shanghai,2023,4200906,13.70518772017826,24.38173455197849,36329.612232444255,19.046763720627325,0.994408990127939,0.8830062216757036,0.8148742340862888,False,,,,,"No feasible battery size was found within the tested range for the selected fixed PV and wind capacities. Renewable-generation inadequacy: annual PV+wind production (35950 kWh) is less than annual load (36330 kWh). No finite battery can close this gap -- storage shifts energy in time, it does not create it. Increasing PV/wind capacity (a scenario input, not a battery decision variable in this optimization) would be required.",1.0083512710000377,17606.826553535848,18343.40444651286,35950.231000048705
781,jinan,Asia/Shanghai,2023,4200907,26.749866605071254,5.299512118731879,44449.68177607327,14.299560209246371,0.9967022205243853,0.9244528995541763,0.8236804875816526,False,,,,,"No feasible battery size was found within the tested range for the selected fixed PV and wind capacities. Renewable-generation inadequacy: annual PV+wind production (38352 kWh) is less than annual load (44450 kWh). No finite battery can close this gap -- storage shifts energy in time, it does not create it. Increasing PV/wind capacity (a scenario input, not a battery decision variable in this optimization) would be required.",1.0883262459999514,34365.108399958815,3987.045874683548,38352.154274642366
782,jinan,Asia/Shanghai,2023,4200908,17.724096796855726,24.475155355372944,26028.800301906605,7.434899320064437,0.9905032387653716,0.9372554739776834,0.8966759702352911,True,15.0,230.39999999999998,0.009223689767029163,16410.81973962266,,1.0114186200000859,22769.852153200576,18413.688846366753,41183.540999567325
783,jinan,Asia/Shanghai,2023,4200909,36.87383490538845,19.042091349728274,49623.91715971443,15.842423930631597,0.9930532601106126,0.9341096319754155,0.7159533284971122,False,,,,,"No feasible battery size was found within the tested range for the selected fixed PV and wind capacities. Battery-range inadequacy: annual renewable production is sufficient overall, but no module count within the tested range (0..n_max) achieved the reliability target. Consider increasing candidate_module_counts.max and re-running.",1.0209169590000329,47371.20197098957,14326.166269707235,61697.3682406968
784,jinan,Asia/Shanghai,2023,4200910,16.650474706676224,13.350804718569844,18072.73974252181,19.30251522242256,0.9989603777407019,0.9133842328109498,0.8418457972154397,True,18.0,276.48,0.0005292214043150796,19692.983687547196,,1.0195886010001232,21390.587723425277,10044.371950529101,31434.959673954378
785,jinan,Asia/Shanghai,2023,4200911,22.233121919897215,7.790184087724128,23477.07390808434,8.500575480734948,0.9929527039836668,0.8993519519557945,0.7224690238116492,True,20.0,307.2,0.006881752833953679,21881.09298616355,,1.0091223710001032,28562.521680086455,5860.883159451706,34423.40483953816
786,jinan,Asia/Shanghai,2023,4200912,16.522852880872385,23.115140636596855,13408.867031061149,9.871349656328517,0.9947560490505237,0.9119061390560521,0.8035214190037774,True,4.0,61.44,0.0031661426348993456,4376.21859723271,,0.9857049790000474,21226.634087966093,17390.492568573798,38617.12665653989
787,jinan,Asia/Shanghai,2023,4200913,11.30260180703062,17.971392667287557,32539.15206224241,15.214493987820374,0.9951053203424451,0.9194113224183097,0.7700283084588164,False,,,,,"No feasible battery size was found within the tested range for the selected fixed PV and wind capacities. Renewable-generation inadequacy: annual PV+wind production (28041 kWh) is less than annual load (32539 kWh). No finite battery can close this gap -- storage shifts energy in time, it does not create it. Increasing PV/wind capacity (a scenario input, not a battery decision variable in this optimization) would be required.",1.0115722640000513,14520.264419806179,13520.634615243187,28040.899035049366
788,jinan,Asia/Shanghai,2023,4200914,16.793055702993286,15.001354536132252,11042.098095100278,9.923612421489885,0.9961008506420808,0.8897845335717723,0.7125782484639057,True,4.0,61.44,0.0021571106593633533,4376.21859723271,,1.0297199930000716,21573.7591562608,11286.15000360894,32859.90915986974
789,jinan,Asia/Shanghai,2023,4200915,29.56535815874096,12.955494422847005,42073.00146197525,19.05966955956986,0.9986133640835932,0.9183033568504761,0.7528654448550064,False,,,,,"No feasible battery size was found within the tested range for the selected fixed PV and wind capacities. Battery-range inadequacy: annual renewable production is sufficient overall, but no module count within the tested range (0..n_max) achieved the reliability target. Consider increasing candidate_module_counts.max and re-running.",0.9968227680001291,37982.12353762254,9746.96338753881,47729.08692516135
790,jinan,Asia/Shanghai,2023,4200916,28.25841216227434,17.56385851856473,34893.797443035866,9.826679205783218,0.9905737656277557,0.8989004354943039,0.7308838856044467,True,29.0,445.44,0.009268912249585058,31727.584829937146,,1.015154769999981,36303.111768907664,13214.029533482031,49517.1413023897
791,jinan,Asia/Shanghai,2023,4200917,13.717010373499306,23.52566642143146,10553.905838958717,14.027866088544826,0.9985272641616613,0.9124047814744715,0.8054196178344925,True,4.0,61.44,0.0005781040211674579,4376.21859723271,,1.032260504000078,17622.014919479916,17699.34838401586,35321.363303495775
792,jinan,Asia/Shanghai,2023,4200918,30.87350990425479,11.343393893164777,29106.079508289968,17.25654275499128,0.9967082009875223,0.9527604470343556,0.8974680327255312,True,20.0,307.2,0.0031184688349793423,21881.09298616355,,1.058863391999921,39662.684312069745,8534.112350982878,48196.79666305262
793,jinan,Asia/Shanghai,2023,4200919,21.10982424808537,19.94182525871546,34111.38268407932,14.999071508317945,0.9966588651434964,0.9474758185251683,0.8771490298589639,False,,,,,"No feasible battery size was found within the tested range for the selected fixed PV and wind capacities. Battery-range inadequacy: annual renewable production is sufficient overall, but no module count within the tested range (0..n_max) achieved the reliability target. Consider increasing candidate_module_counts.max and re-running.",1.0345809429998098,27119.439857393656,15003.073933992127,42122.51379138578
794,jinan,Asia/Shanghai,2023,4200920,20.479650257081662,18.069627122238213,21211.617263874236,13.918530576754627,0.9967605762615473,0.9511900977545475,0.7840249005978246,True,15.0,230.39999999999998,0.0028584623973425772,16410.81973962266,,1.0856329499999902,26309.865819832976,13594.54052763433,39904.4063474673
795,jinan,Asia/Shanghai,2023,4200921,25.261606696040793,11.676997023403457,16761.45386158522,8.907761077887983,0.9982092330440984,0.9078072588168384,0.8949518667091221,True,7.0,107.52,0.0017271136660704928,7658.382545157243,,1.1072576100000333,32453.165665580895,8785.096017856333,41238.26168343723
796,jinan,Asia/Shanghai,2023,4200922,17.24434255646145,19.461421749620897,32956.131742873426,15.453050742871978,0.9957956215194826,0.943607372523783,0.8811094096870918,False,,,,,"No feasible battery size was found within the tested range for the selected fixed PV and wind capacities. Battery-range inadequacy: annual renewable production is sufficient overall, but no module count within the tested range (0..n_max) achieved the reliability target. Consider increasing candidate_module_counts.max and re-running.",1.0129808109998066,22153.519865645783,14641.646167396639,36795.16603304242
797,jinan,Asia/Shanghai,2023,4200923,26.904084881874443,6.356975658079904,20833.01737787598,15.623284706131457,0.994446671651781,0.9293696784357718,0.8193160910760583,True,8.0,122.88,0.005097770671192595,8752.43719446542,,0.9989937209998061,34563.230053342755,4782.620174303167,39345.85022764592
798,jinan,Asia/Shanghai,2023,4200924,21.4788781895371,20.477910501757105,38941.39535586194,15.714491182896708,0.9964377915663145,0.9601322201488822,0.8190785558886549,False,,,,,"No feasible battery size was found within the tested range for the selected fixed PV and wind capacities. Battery-range inadequacy: annual renewable production is sufficient overall, but no module count within the tested range (0..n_max) achieved the reliability target. Consider increasing candidate_module_counts.max and re-running.",1.0053982290000931,27593.557313404308,15406.393411117762,42999.950724522074
799,jinan,Asia/Shanghai,2023,4200925,39.01216598490875,7.383853687812758,35278.35906375457,15.753898189036933,0.9942949836985893,0.9059387547811243,0.8100074905422198,True,25.0,384.0,0.005425487207730936,27351.366232704437,,1.003643097000122,50118.28031824326,5555.18370855342,55673.46402679668
800,jinan,Asia/Shanghai,2023,4200926,20.94243040872108,23.18248142135633,24271.696501330196,7.635604890531936,0.9951875022614891,0.9156393332242332,0.7191796289601682,True,19.0,291.84,0.004596532679782561,20787.038336855374,,1.0285105230000227,26904.391778082914,17441.155873432406,44345.54765151532
801,jinan,Asia/Shanghai,2023,4200927,26.94527052993725,15.756928223314029,16927.883465327803,13.964572534397643,0.9951062307647174,0.9496251360737432,0.7723139859685269,True,5.0,76.8,0.003263712945213772,5470.273246540887,,1.0486647889999858,34616.140569910815,11854.599869370999,46470.74043928181
802,jinan,Asia/Shanghai,2023,4200928,27.932382548637793,6.090870312423293,10207.269993414304,5.866460218922143,0.9911514784277856,0.9031887242212996,0.8813910446485125,True,2.0,30.72,0.0030682180171257346,2188.109298616355,,0.9832380339998963,35884.266950739766,4582.417929858577,40466.684880598346
803,jinan,Asia/Shanghai,2023,4200929,25.55898026040059,20.937834776815773,43532.470084288325,16.024146478858118,0.9935224661197851,0.9577473454456884,0.8484099506641841,False,,,,,"No feasible battery size was found within the tested range for the selected fixed PV and wind capacities. Battery-range inadequacy: annual renewable production is sufficient overall, but no module count within the tested range (0..n_max) achieved the reliability target. Consider increasing candidate_module_counts.max and re-running.",1.0250673390000884,32835.196534197225,15752.41378855173,48587.61032274895
804,jinan,Asia/Shanghai,2023,4200930,32.294543302151574,23.031486543311384,33946.53889830735,12.92861644943265,0.9980114630183736,0.9209015555347777,0.8623141392057686,True,28.0,430.08,0.0019781341870176946,30633.53018062897,,1.1430515690001357,41488.26226651932,17327.556075541674,58815.81834206099
805,jinan,Asia/Shanghai,2023,4200931,28.363433077455213,22.993855033925076,10038.213336939221,8.434006614619168,0.9918892760699154,0.8911497582730444,0.7332202425474204,True,2.0,30.72,0.000737960848876887,2188.109298616355,,0.999719197000104,36438.03039066144,17299.244308176058,53737.2746988375
806,jinan,Asia/Shanghai,2023,4200932,28.77737636096163,7.053887803012852,39541.26436082886,18.30533885837575,0.9983392895176053,0.939415823288773,0.7394792821267232,False,,,,,"No feasible battery size was found within the tested range for the selected fixed PV and wind capacities. Battery-range inadequacy: annual renewable production is sufficient overall, but no module count within the tested range (0..n_max) achieved the reliability target. Consider increasing candidate_module_counts.max and re-running.",1.002148932999944,36969.816437266854,5306.936494413154,42276.75293168001
807,jinan,Asia/Shanghai,2023,4200933,12.558897266197237,9.640499076139992,48478.2874314017,19.435178026260683,0.993437269955265,0.9093212386987796,0.8020021164518131,False,,,,,"No feasible battery size was found within the tested range for the selected fixed PV and wind capacities. Renewable-generation inadequacy: annual PV+wind production (23387 kWh) is less than annual load (48478 kWh). No finite battery can close this gap -- storage shifts energy in time, it does not create it. Increasing PV/wind capacity (a scenario input, not a battery decision variable in this optimization) would be required.",1.0080568200000926,16134.206286284578,7252.952953075259,23387.159239359837
808,jinan,Asia/Shanghai,2023,4200934,18.750642744022024,24.593249033111267,18848.855600983097,10.537140232741528,0.9938643378813016,0.8912557620773046,0.776564965354026,True,8.0,122.88,0.004655257181171351,8752.43719446542,,0.9903961530001197,24088.63864558706,18502.535687378495,42591.17433296556
809,jinan,Asia/Shanghai,2023,4200935,35.701921603059205,7.807220029135169,33360.87803304749,11.099557070900252,0.9915348305350571,0.8811102548004285,0.75466866069798,True,20.0,307.2,0.007963308784302306,21881.09298616355,,1.0182461669999157,45865.6644569347,5873.700014739979,51739.36447167468
810,jinan,Asia/Shanghai,2023,4200936,11.854868820940057,12.535369425934704,42408.394227973826,15.795278913164186,0.9985264534053159,0.9184313875603363,0.8415602797183706,False,,,,,"No feasible battery size was found within the tested range for the selected fixed PV and wind capacities. Renewable-generation inadequacy: annual PV+wind production (24661 kWh) is less than annual load (42408 kWh). No finite battery can close this gap -- storage shifts energy in time, it does not create it. Increasing PV/wind capacity (a scenario input, not a battery decision variable in this optimization) would be required.",1.0204350660001182,15229.75266058572,9430.885681089212,24660.63834167493
811,jinan,Asia/Shanghai,2023,4200937,29.960251663060607,9.340926063165192,22143.30020930634,12.947443000966405,0.9971699158710533,0.9215631461016639,0.7455483072351055,True,12.0,184.32,0.0023450247791617896,13128.655791698131,,1.032398288000195,38489.43664997322,7027.571574792175,45517.00822476539
812,jinan,Asia/Shanghai,2023,4200938,39.80397070841109,7.311576127073369,48235.556299653115,17.135694326457333,0.9975500416737707,0.9515425824782349,0.7416341882609243,False,,,,,"No feasible battery size was found within the tested range for the selected fixed PV and wind capacities. Battery-range inadequacy: annual renewable production is sufficient overall, but no module count within the tested range (0..n_max) achieved the reliability target. Consider increasing candidate_module_counts.max and re-running.",1.0116099340000346,51135.49866764613,5500.806259474744,56636.30492712087
813,jinan,Asia/Shanghai,2023,4200939,27.213422411910297,21.73900724638321,40761.36910818464,15.142257884997742,0.9923714036364848,0.9230992449041449,0.7670871748255922,False,,,,,"No feasible battery size was found within the tested range for the selected fixed PV and wind capacities. Battery-range inadequacy: annual renewable production is sufficient overall, but no module count within the tested range (0..n_max) achieved the reliability target. Consider increasing candidate_module_counts.max and re-running.",1.0012712770001144,34960.63082953363,16355.169536275778,51315.80036580941
814,jinan,Asia/Shanghai,2023,4200940,17.047845386516023,5.204907207669589,23578.478822827623,8.841744015719321,0.9951471209427013,0.8856071593255341,0.7541039193420402,False,,,,,"No feasible battery size was found within the tested range for the selected fixed PV and wind capacities. Battery-range inadequacy: annual renewable production is sufficient overall, but no module count within the tested range (0..n_max) achieved the reliability target. Consider increasing candidate_module_counts.max and re-running.",1.0383741560001454,21901.083221936333,3915.8706208252797,25816.953842761613
815,jinan,Asia/Shanghai,2023,4200941,11.34308469965246,17.828358090268722,32727.582342744994,10.062200346117098,0.9913260114039198,0.9662127849491862,0.8168784894777227,False,,,,,"No feasible battery size was found within the tested range for the selected fixed PV and wind capacities. Renewable-generation inadequacy: annual PV+wind production (27985 kWh) is less than annual load (32728 kWh). No finite battery can close this gap -- storage shifts energy in time, it does not create it. Increasing PV/wind capacity (a scenario input, not a battery decision variable in this optimization) would be required.",1.0041418499999963,14572.272118155961,13413.023686640101,27985.295804796064
816,jinan,Asia/Shanghai,2023,4200942,30.373400997162037,15.626975065389036,42261.3299058482,18.44570074322182,0.9934443948923787,0.942102278100755,0.7459774969092794,False,,,,,"No feasible battery size was found within the tested range for the selected fixed PV and wind capacities. Battery-range inadequacy: annual renewable production is sufficient overall, but no module count within the tested range (0..n_max) achieved the reliability target. Consider increasing candidate_module_counts.max and re-running.",1.0233731819998866,39020.20272299262,11756.830642582076,50777.033365574694
817,jinan,Asia/Shanghai,2023,4200943,29.555651414861153,12.983112599531053,10271.263976052198,19.33291802633931,0.9978159739098484,0.9061752895311426,0.8995514628465722,True,2.0,30.72,0.0014163624609624577,2188.109298616355,,0.9863587990000724,37969.653445320204,9767.741703532314,47737.39514885252
818,jinan,Asia/Shanghai,2023,4200944,32.9140855699072,19.56597730681318,34035.64906033542,13.377217601087665,0.9966123314000963,0.9699333911534909,0.8157104498631771,True,26.0,399.36,0.0030980824505619144,28445.42088201261,,1.0067247470001348,42284.177906178695,14720.307710881983,57004.48561706068
819,jinan,Asia/Shanghai,2023,4200945,34.261536152867436,19.885474346311657,44232.33608135303,19.317872920762078,0.9917377488671474,0.8948913672755605,0.8172703656829802,False,,,,,"No feasible battery size was found within the tested range for the selected fixed PV and wind capacities. Battery-range inadequacy: annual renewable production is sufficient overall, but no module count within the tested range (0..n_max) achieved the reliability target. Consider increasing candidate_module_counts.max and re-running.",1.009758113999851,44015.225242999346,14960.67877236204,58975.90401536139
820,jinan,Asia/Shanghai,2023,4200946,23.478851886595134,16.414453858383382,41921.70937942034,18.975717200738696,0.993756742426787,0.9446139380989262,0.7393598375682818,False,,,,,"No feasible battery size was found within the tested range for the selected fixed PV and wind capacities. Battery-range inadequacy: annual renewable production is sufficient overall, but no module count within the tested range (0..n_max) achieved the reliability target. Consider increasing candidate_module_counts.max and re-running.",0.9904264759998114,30162.890234243474,12349.284061437582,42512.174295681056
821,jinan,Asia/Shanghai,2023,4200947,26.036558480635705,5.4360955556103985,30150.02268532388,13.180046886882499,0.996619008022005,0.9384536311186292,0.7716793468611602,False,,,,,"No feasible battery size was found within the tested range for the selected fixed PV and wind capacities. Battery-range inadequacy: annual renewable production is sufficient overall, but no module count within the tested range (0..n_max) achieved the reliability target. Consider increasing candidate_module_counts.max and re-running.",0.9833445040001152,33448.733324871464,4089.8033392116045,37538.53666408307
822,jinan,Asia/Shanghai,2023,4200948,10.171927021393639,7.309717472458979,48922.426140698095,18.83499737472959,0.9929258384677303,0.9032967645931499,0.7872832587380074,False,,,,,"No feasible battery size was found within the tested range for the selected fixed PV and wind capacities. Renewable-generation inadequacy: annual PV+wind production (18567 kWh) is less than annual load (48922 kWh). No finite battery can close this gap -- storage shifts energy in time, it does not create it. Increasing PV/wind capacity (a scenario input, not a battery decision variable in this optimization) would be required.",1.0006293859999005,13067.705341767685,5499.40791542972,18567.113257197405
823,jinan,Asia/Shanghai,2023,4200949,30.698200888362184,12.136553453159474,12691.753909246221,11.041926386665946,0.9923453009503329,0.9092437010090091,0.7325914491574609,True,3.0,46.08,0.0031528311954672796,3282.1639479245327,,0.9885589909999908,39437.4677372141,9130.839649796828,48568.30738701093
824,jinan,Asia/Shanghai,2023,4200950,29.765202083369424,15.532618664904499,20834.52469181417,13.30793721959362,0.9944343706245051,0.9516377370909425,0.8911968538680404,True,6.0,92.16,0.0040922608499552714,6564.3278958490655,,0.9961630610000611,38238.859701369554,11685.84235368429,49924.702055053844
825,jinan,Asia/Shanghai,2023,4200951,13.920115269359679,22.678269578159657,38191.87753139608,15.388303179468572,0.9933687080742822,0.9109517375918429,0.7011278969645034,False,,,,,"No feasible battery size was found within the tested range for the selected fixed PV and wind capacities. Renewable-generation inadequacy: annual PV+wind production (34945 kWh) is less than annual load (38192 kWh). No finite battery can close this gap -- storage shifts energy in time, it does not create it. Increasing PV/wind capacity (a scenario input, not a battery decision variable in this optimization) would be required.",0.9728803549999157,17882.94039869262,17061.816095667178,34944.7564943598
826,jinan,Asia/Shanghai,2023,4200952,39.46614623911923,17.130116647460977,26093.144956957018,13.156532328382678,0.9903647433068663,0.8956285859762502,0.8246719849926805,True,7.0,107.52,0.0071336942726040594,7658.382545157243,,0.9748041180000655,50701.50119473266,12887.707279826056,63589.20847455871
827,jinan,Asia/Shanghai,2023,4200953,25.427851890508602,20.74149645855266,36349.70761781348,14.021535139690808,0.9973373913387478,0.8861436794996711,0.838177359286257,False,,,,,"No feasible battery size was found within the tested range for the selected fixed PV and wind capacities. Battery-range inadequacy: annual renewable production is sufficient overall, but no module count within the tested range (0..n_max) achieved the reliability target. Consider increasing candidate_module_counts.max and re-running.",0.9862678580000193,32666.738099911294,15604.700213351798,48271.43831326309
828,jinan,Asia/Shanghai,2023,4200954,31.467721398670463,10.50327099360022,17825.985459495776,8.207787131839988,0.991783267770888,0.9271403971813235,0.7271252622731657,True,5.0,76.8,0.006336252381418589,5470.273246540887,,0.999653945999853,40426.05792882733,7902.052556441342,48328.11048526867
829,jinan,Asia/Shanghai,2023,4200955,29.778575842580512,7.101565178975391,11075.585612410248,9.789353636688066,0.9917267375135974,0.9689795849869074,0.7605992601234435,True,2.0,30.72,0.005371713287009558,2188.109298616355,,0.9881481760000952,38256.04074723379,5342.806189752706,43598.8469369865
830,jinan,Asia/Shanghai,2023,4200956,16.661922580765413,8.93539646998429,24954.116192139612,14.087733429973667,0.9970375074754165,0.9128118622968762,0.8251941960085578,False,,,,,"No feasible battery size was found within the tested range for the selected fixed PV and wind capacities. Battery-range inadequacy: annual renewable production is sufficient overall, but no module count within the tested range (0..n_max) achieved the reliability target. Consider increasing candidate_module_counts.max and re-running.",1.0079523499998686,21405.294616728046,6722.474604480705,28127.76922120875
831,jinan,Asia/Shanghai,2023,4200957,24.461796948381625,21.929906925067968,32761.671086337406,9.348375078186503,0.9963322853146043,0.9538058039220696,0.793088131352793,False,,,,,"No feasible battery size was found within the tested range for the selected fixed PV and wind capacities. Battery-range inadequacy: annual renewable production is sufficient overall, but no module count within the tested range (0..n_max) achieved the reliability target. Consider increasing candidate_module_counts.max and re-running.",0.9969988429998011,31425.663394880215,16498.791394161177,47924.454789041396
832,jinan,Asia/Shanghai,2023,4200958,39.61591716646957,22.581937583826267,17878.18678661966,16.80133808234356,0.9954085611991479,0.9281330168027051,0.8027877173159137,True,4.0,61.44,0.0023582083871725597,4376.21859723271,,0.9892192130000694,50893.90941229666,16989.34148441959,67883.25089671626
833,jinan,Asia/Shanghai,2023,4200959,11.528619341684603,22.679845643020847,43066.68885508216,13.20026317354292,0.9902016491866406,0.9306186656230421,0.7109178099852852,False,,,,,"No feasible battery size was found within the tested range for the selected fixed PV and wind capacities. Renewable-generation inadequacy: annual PV+wind production (31874 kWh) is less than annual load (43067 kWh). No finite battery can close this gap -- storage shifts energy in time, it does not create it. Increasing PV/wind capacity (a scenario input, not a battery decision variable in this optimization) would be required.",1.0048370799997883,14810.625384716677,17063.001835554598,31873.627220271275
834,jinan,Asia/Shanghai,2023,4200960,17.182835132575946,19.197245984549976,40273.72172318194,10.88625275325581,0.9959107915149557,0.9350942755625832,0.847954992320212,False,,,,,"No feasible battery size was found within the tested range for the selected fixed PV and wind capacities. Renewable-generation inadequacy: annual PV+wind production (36517 kWh) is less than annual load (40274 kWh). No finite battery can close this gap -- storage shifts energy in time, it does not create it. Increasing PV/wind capacity (a scenario input, not a battery decision variable in this optimization) would be required.",1.0086913210000148,22074.502301916065,14442.895627588567,36517.39792950463
835,jinan,Asia/Shanghai,2023,4200961,31.559752832353652,6.7174159598072265,16330.007237602436,6.99090720888974,0.9983923206285854,0.962218838351769,0.859482453919394,True,6.0,92.16,0.001585018859088871,6564.3278958490655,,0.9937610049998966,40544.28917989932,5053.794574111032,45598.08375401035
836,jinan,Asia/Shanghai,2023,4200962,13.501556820278779,16.485429398391716,17489.22504359406,10.525759063382036,0.9924038214897367,0.9546037883338719,0.7288902799038546,True,11.0,168.95999999999998,0.007325445016543152,12034.601142389953,,0.9917512560000432,17345.225325688967,12402.681945554767,29747.907271243734
837,jinan,Asia/Shanghai,2023,4200963,29.790774356233555,22.58088660945274,29085.089116609972,12.969822242183438,0.9940720265929616,0.8865332283691298,0.8574140253854717,True,14.0,215.04,0.005554522836579423,15316.765090314486,,0.997018720999904,38271.711974690515,16988.550792192364,55260.26276688288
838,jinan,Asia/Shanghai,2023,4200964,13.792352309255168,12.891400205766207,25472.913824309166,9.200611881301068,0.9936225641330497,0.9356208199344186,0.7622774624415424,False,,,,,"No feasible battery size was found within the tested range for the selected fixed PV and wind capacities. Battery-range inadequacy: annual renewable production is sufficient overall, but no module count within the tested range (0..n_max) achieved the reliability target. Consider increasing candidate_module_counts.max and re-running.",0.9910972530001345,17718.80545034642,9698.742612101803,27417.548062448222
839,jinan,Asia/Shanghai,2023,4200965,21.786459869362062,23.604840366019314,39228.341736062575,10.239041283061624,0.9987124178266386,0.9185882112930157,0.7553585487949291,False,,,,,"No feasible battery size was found within the tested range for the selected fixed PV and wind capacities. Battery-range inadequacy: annual renewable production is sufficient overall, but no module count within the tested range (0..n_max) achieved the reliability target. Consider increasing candidate_module_counts.max and re-running.",0.9936037459999625,27988.702378053807,17758.91427273902,45747.61665079283
840,jinan,Asia/Shanghai,2023,4200966,29.271422551468905,14.765037805625989,15285.71876725354,18.528749942783065,0.994921351814446,0.9056547675665275,0.8755853783633408,True,4.0,61.44,0.0023443595902667563,4376.21859723271,,1.0037755189998734,37604.509355255104,11108.358987308904,48712.868342564005
841,jinan,Asia/Shanghai,2023,4200967,11.633212821832235,11.281538346591432,31473.136048085904,10.097215040649395,0.9942906082984098,0.9037884627097885,0.7260166181865794,False,,,,,"No feasible battery size was found within the tested range for the selected fixed PV and wind capacities. Renewable-generation inadequacy: annual PV+wind production (23433 kWh) is less than annual load (31473 kWh). No finite battery can close this gap -- storage shifts energy in time, it does not create it. Increasing PV/wind capacity (a scenario input, not a battery decision variable in this optimization) would be required.",1.0429436709998754,14944.994887797522,8487.575821531453,23432.570709328975
842,jinan,Asia/Shanghai,2023,4200968,11.105624158505552,8.152931298242837,48117.86056099247,13.631047000051076,0.9944006411275016,0.9145891455375138,0.8416840291966771,False,,,,,"No feasible battery size was found within the tested range for the selected fixed PV and wind capacities. Renewable-generation inadequacy: annual PV+wind production (20401 kWh) is less than annual load (48118 kWh). No finite battery can close this gap -- storage shifts energy in time, it does not create it. Increasing PV/wind capacity (a scenario input, not a battery decision variable in this optimization) would be required.",1.031774687000052,14267.2105132626,6133.793143776387,20401.003657038986
843,jinan,Asia/Shanghai,2023,4200969,14.2377842771828,10.52259735305327,36236.08478655011,12.18596546877842,0.9969308328506318,0.9607398859560987,0.8646745182741312,False,,,,,"No feasible battery size was found within the tested range for the selected fixed PV and wind capacities. Renewable-generation inadequacy: annual PV+wind production (26208 kWh) is less than annual load (36236 kWh). No finite battery can close this gap -- storage shifts energy in time, it does not create it. Increasing PV/wind capacity (a scenario input, not a battery decision variable in this optimization) would be required.",0.9948024989998885,18291.04448572681,7916.592589562046,26207.637075288854
844,jinan,Asia/Shanghai,2023,4200970,15.52623142782196,6.8294047105395705,16777.62402180194,16.752960374003457,0.9982244798054344,0.9632903980933472,0.7596431578740891,True,20.0,307.2,0.001587650715148718,21881.09298616355,,0.9909939480000958,19946.291095103865,5138.048421751104,25084.33951685497
845,jinan,Asia/Shanghai,2023,4200971,35.21024134040675,15.724710700441932,42911.673933928294,13.225472635700015,0.991313038978012,0.8871297595965788,0.8914438298418679,False,,,,,"No feasible battery size was found within the tested range for the selected fixed PV and wind capacities. Battery-range inadequacy: annual renewable production is sufficient overall, but no module count within the tested range (0..n_max) achieved the reliability target. Consider increasing candidate_module_counts.max and re-running.",0.9870943779999379,45234.01100708279,11830.3612717828,57064.37227886559
846,jinan,Asia/Shanghai,2023,4200972,22.774076692947368,12.010412897946356,24252.123390732417,10.68401617213208,0.998504971451049,0.8856434128662858,0.7238122574764598,False,,,,,"No feasible battery size was found within the tested range for the selected fixed PV and wind capacities. Battery-range inadequacy: annual renewable production is sufficient overall, but no module count within the tested range (0..n_max) achieved the reliability target. Consider increasing candidate_module_counts.max and re-running.",1.0002538749999985,29257.47727331619,9035.938804393518,38293.41607770971
847,jinan,Asia/Shanghai,2023,4200973,33.68954546445548,15.988189826802774,15141.47031843808,5.5169020516750455,0.992018109134513,0.9034729663939244,0.7028426059149283,True,3.0,46.08,0.007094346704923006,3282.1639479245327,,0.9794253760001084,43280.39832586932,12028.587700987306,55308.986026856626
848,jinan,Asia/Shanghai,2023,4200974,16.482716150115802,19.766378739047994,44217.34758548015,18.47353744654577,0.9935092262937919,0.9087472353313202,0.8999721696415776,False,,,,,"No feasible battery size was found within the tested range for the selected fixed PV and wind capacities. Renewable-generation inadequacy: annual PV+wind production (36046 kWh) is less than annual load (44217 kWh). No finite battery can close this gap -- storage shifts energy in time, it does not create it. Increasing PV/wind capacity (a scenario input, not a battery decision variable in this optimization) would be required.",0.9873840879999989,21175.071098003056,14871.078137625282,36046.14923562834
849,jinan,Asia/Shanghai,2023,4200975,33.08021352764766,15.747041618151087,20190.857307575865,9.819581793276571,0.9946382791394645,0.9287874627811675,0.7027357288547356,True,7.0,107.52,0.003372114375828145,7658.382545157243,,0.9846523799999432,42497.59972843678,11847.161760457122,54344.7614888939
850,jinan,Asia/Shanghai,2023,4200976,13.168636645326277,8.956089073463392,21310.028239412342,12.446087066896995,0.996738760779701,0.8968053311817489,0.8985303588999074,False,,,,,"No feasible battery size was found within the tested range for the selected fixed PV and wind capacities. Battery-range inadequacy: annual renewable production is sufficient overall, but no module count within the tested range (0..n_max) achieved the reliability target. Consider increasing candidate_module_counts.max and re-running.",0.9967817470001137,16917.528318085686,6738.042520449083,23655.570838534768
851,jinan,Asia/Shanghai,2023,4200977,14.845657953109377,16.98755935444295,47157.61743485359,17.48761134315241,0.9958310028149684,0.9443943697111808,0.7268411253410728,False,,,,,"No feasible battery size was found within the tested range for the selected fixed PV and wind capacities. Renewable-generation inadequacy: annual PV+wind production (31852 kWh) is less than annual load (47158 kWh). No finite battery can close this gap -- storage shifts energy in time, it does not create it. Increasing PV/wind capacity (a scenario input, not a battery decision variable in this optimization) would be required.",0.9846394319999945,19071.969679676673,12780.45543205227,31852.425111728942
852,jinan,Asia/Shanghai,2023,4200978,10.289891612807446,13.682975687207454,13580.757053532121,10.366288428692364,0.9920136851421276,0.9624712050142669,0.8760111998016116,True,7.0,107.52,0.007307300076898043,7658.382545157243,,1.0072391979999793,13219.252488942013,10294.278141990577,23513.53063093259
853,jinan,Asia/Shanghai,2023,4200979,34.56828545593025,19.278885968279752,16162.87716416108,5.725511392987274,0.9958849907206923,0.9378032323457589,0.7738848569508961,True,4.0,61.44,0.002278353783171348,4376.21859723271,,1.0083145900000545,44409.30096707668,14504.316821284587,58913.61778836126
854,jinan,Asia/Shanghai,2023,4200980,24.180599993067915,14.782987764759788,19597.125309860254,9.712499178613788,0.9937655059919716,0.9342861126920431,0.8911638412034785,True,6.0,92.16,0.005258416888637385,6564.3278958490655,,1.0253295009999874,31064.41434666021,11121.863496575368,42186.27784323558
855,jinan,Asia/Shanghai,2023,4200981,24.40427406486176,10.491680053248853,26982.24149975361,18.625057247814503,0.9945260472283132,0.9624747769380138,0.8100254095635929,True,22.0,337.91999999999996,0.00542552555904028,24069.202284779905,,1.00641071799987,31351.76470383913,7893.3322044775705,39245.0969083167
856,jinan,Asia/Shanghai,2023,4200982,25.068337354267964,18.235186825239378,10962.01902693085,12.523113681498426,0.9965915588992948,0.8969402834706699,0.7887581146958667,True,3.0,46.08,0.0008212027158368957,3282.1639479245327,,1.040023840999993,32204.87575900047,13719.098055964427,45923.9738149649
857,jinan,Asia/Shanghai,2023,4200983,25.975903875548,19.711307439184644,48578.1484317243,17.724133220064374,0.9955936657820695,0.9325276607351328,0.8206373386145341,False,,,,,"No feasible battery size was found within the tested range for the selected fixed PV and wind capacities. Renewable-generation inadequacy: annual PV+wind production (48200 kWh) is less than annual load (48578 kWh). No finite battery can close this gap -- storage shifts energy in time, it does not create it. Increasing PV/wind capacity (a scenario input, not a battery decision variable in this optimization) would be required.",1.0374769719999222,33370.81136325687,14829.645682332364,48200.45704558924
858,jinan,Asia/Shanghai,2023,4200984,26.355359279793213,6.187257605178472,37931.8557835282,15.745052001944044,0.9946123232604033,0.9583348844862288,0.8344873605513357,False,,,,,"No feasible battery size was found within the tested range for the selected fixed PV and wind capacities. Battery-range inadequacy: annual renewable production is sufficient overall, but no module count within the tested range (0..n_max) achieved the reliability target. Consider increasing candidate_module_counts.max and re-running.",1.0505854549999185,33858.291405395285,4654.934144434837,38513.225549830124
859,jinan,Asia/Shanghai,2023,4200985,20.879939735710508,5.393887071972685,12366.465859907203,10.276973924626795,0.9941589479267882,0.8950184007557582,0.7378656612845264,True,4.0,61.44,0.0054258042180872655,4376.21859723271,,1.047705821000136,26824.111050567528,4058.0481216002404,30882.15917216777
860,jinan,Asia/Shanghai,2023,4200986,16.90634076338009,20.610266791525454,40851.51363807086,10.744084781206682,0.9915512794342596,0.8899817546557123,0.7174258624094346,False,,,,,"No feasible battery size was found within the tested range for the selected fixed PV and wind capacities. Renewable-generation inadequacy: annual PV+wind production (37225 kWh) is less than annual load (40852 kWh). No finite battery can close this gap -- storage shifts energy in time, it does not create it. Increasing PV/wind capacity (a scenario input, not a battery decision variable in this optimization) would be required.",1.0691655410000749,21719.29458781134,15505.97061507283,37225.26520288417
861,jinan,Asia/Shanghai,2023,4200987,21.73837752698116,5.910848666422388,23345.4014850534,19.42299863811706,0.9945675415404903,0.954038019115167,0.7258531891790798,True,24.0,368.64,0.005328863005869893,26257.311583396262,,1.025910273999898,27926.931793084594,4446.980073512396,32373.91186659699
862,jinan,Asia/Shanghai,2023,4200988,18.042363472291143,23.930928890880175,25342.07587736094,14.726091926724836,0.9987851410124633,0.9295708980697662,0.7610691898457471,False,,,,,"No feasible battery size was found within the tested range for the selected fixed PV and wind capacities. Battery-range inadequacy: annual renewable production is sufficient overall, but no module count within the tested range (0..n_max) achieved the reliability target. Consider increasing candidate_module_counts.max and re-running.",1.035510721000037,23178.72405386864,18004.244385907863,41182.9684397765
863,jinan,Asia/Shanghai,2023,4200989,25.958453678561867,6.092743986617187,14494.794963707647,5.107566575784049,0.997957890374085,0.9404152386009635,0.7596659530265496,True,7.0,107.52,0.0014699539383841815,7658.382545157243,,0.9860392909999973,33348.39338563169,4583.827573765016,37932.220959396705
864,jinan,Asia/Shanghai,2023,4200990,37.421097004893355,10.863084160133896,14812.502703853956,11.59996357997813,0.9926618837862706,0.9595480000130652,0.707326988360709,True,3.0,46.08,0.005478818721015888,3282.1639479245327,,0.9972286419999818,48074.26048153592,8172.755136064503,56247.015617600424
865,jinan,Asia/Shanghai,2023,4200991,29.01641408908817,23.123627314962278,49066.81467224264,14.751958989470648,0.9985493066132014,0.8868093516362561,0.771855669199248,False,,,,,"No feasible battery size was found within the tested range for the selected fixed PV and wind capacities. Battery-range inadequacy: annual renewable production is sufficient overall, but no module count within the tested range (0..n_max) achieved the reliability target. Consider increasing candidate_module_counts.max and re-running.",0.9888964649999252,37276.90422802208,17396.87745367426,54673.781681696346
866,jinan,Asia/Shanghai,2023,4200992,35.40796831727506,8.209688065437247,41625.9785080343,13.31689549985995,0.9933965259426449,0.8931147785560041,0.8995382611919343,False,,,,,"No feasible battery size was found within the tested range for the selected fixed PV and wind capacities. Battery-range inadequacy: annual renewable production is sufficient overall, but no module count within the tested range (0..n_max) achieved the reliability target. Consider increasing candidate_module_counts.max and re-running.",1.0123465519998263,45488.027563277035,6176.493647036487,51664.52121031352
867,jinan,Asia/Shanghai,2023,4200993,28.539583627646103,13.787644651359885,24845.102262109267,18.58592345946283,0.9973907262737168,0.9530067209531401,0.8232396945924786,True,15.0,230.39999999999998,0.0022792208331769933,16410.81973962266,,0.9717353119999643,36664.32807062351,10373.025006302158,47037.35307692567
868,jinan,Asia/Shanghai,2023,4200994,36.63869748087406,10.985567442441408,38148.24540653157,11.066716135878387,0.9953999892770372,0.9698337700551424,0.8969049561350637,True,30.0,460.79999999999995,0.004348639844106206,32821.63947924532,,0.9874847030000637,47069.1248353678,8264.904461228933,55334.02929659674
869,jinan,Asia/Shanghai,2023,4200995,25.378570494023446,16.47726904329649,45892.870765492036,19.784535687707823,0.9970074702236347,0.8858666012162768,0.7645279468687728,False,,,,,"No feasible battery size was found within the tested range for the selected fixed PV and wind capacities. Renewable-generation inadequacy: annual PV+wind production (45000 kWh) is less than annual load (45893 kWh). No finite battery can close this gap -- storage shifts energy in time, it does not create it. Increasing PV/wind capacity (a scenario input, not a battery decision variable in this optimization) would be required.",0.9837884369999301,32603.42711009153,12396.54256717626,44999.969677267785
870,jinan,Asia/Shanghai,2023,4200996,36.89687019760923,20.36705011700961,39689.32284097708,15.018848457022116,0.9937373746466914,0.9162917188310231,0.8617864975181602,True,27.0,414.71999999999997,0.006080102013537331,29539.475531320786,,0.9923839739999494,47400.79502750379,15322.988480669354,62723.78350817314
871,jinan,Asia/Shanghai,2023,4200997,18.813408752952128,18.69663745401947,39048.340936958266,17.66833984042293,0.9928789703163632,0.9467700340154381,0.7212979795157374,False,,,,,"No feasible battery size was found within the tested range for the selected fixed PV and wind capacities. Renewable-generation inadequacy: annual PV+wind production (38236 kWh) is less than annual load (39048 kWh). No finite battery can close this gap -- storage shifts energy in time, it does not create it. Increasing PV/wind capacity (a scenario input, not a battery decision variable in this optimization) would be required.",0.9730122490000213,24169.273092575553,14066.266773504418,38235.53986607997
872,jinan,Asia/Shanghai,2023,4200998,14.141851868557142,13.346720803468031,12209.031054209892,19.215474821980074,0.9981170622945842,0.8844040325973259,0.8676623443784558,True,6.0,92.16,0.0014510734639929918,6564.3278958490655,,0.9847452799999701,18167.80171707446,10041.299449420614,28209.101166495075
873,jinan,Asia/Shanghai,2023,4200999,25.26622522270076,19.039257767471,45477.246771927494,13.654617306165479,0.9910469439025617,0.8802320749437927,0.7993843064502892,False,,,,,"No feasible battery size was found within the tested range for the selected fixed PV and wind capacities. Battery-range inadequacy: annual renewable production is sufficient overall, but no module count within the tested range (0..n_max) achieved the reliability target. Consider increasing candidate_module_counts.max and re-running.",0.9826867280000897,32459.099009909714,14324.034446589123,46783.133456498836
874,jinan,Asia/Shanghai,2023,4201000,30.827116063343947,10.077663227374957,12551.100258429013,10.775005680077653,0.9928541791245348,0.9430230758985093,0.8639564991319678,True,2.0,30.72,0.006700925703861657,2188.109298616355,,0.9712404370000058,39603.08291683553,7581.849932021687,47184.932848857214
875,jinan,Asia/Shanghai,2023,4201001,16.673362521750242,15.564621395528846,11624.333895526466,8.213837344001929,0.9968558544478987,0.9514058488440165,0.8552808926903607,True,4.0,61.44,0.0015621696353221913,4376.21859723271,,0.971611565999865,21419.99131850368,11709.919354029924,33129.9106725336
876,jinan,Asia/Shanghai,2023,4201002,14.271637749648104,16.020694549368347,26908.336577735317,19.872294451926358,0.995886628821525,0.9641681882256156,0.7290700610016875,False,,,,,"No feasible battery size was found within the tested range for the selected fixed PV and wind capacities. Battery-range inadequacy: annual renewable production is sufficient overall, but no module count within the tested range (0..n_max) achieved the reliability target. Consider increasing candidate_module_counts.max and re-running.",0.982924803999822,18334.535478342248,12053.04237098508,30387.57784932733
877,jinan,Asia/Shanghai,2023,4201003,23.52619819300687,20.43215200211737,24714.309121216105,14.4876274423047,0.9946053195513629,0.9692736468296193,0.7347745080130983,True,14.0,215.04,0.005177454176619851,15316.765090314486,,0.9824108479999722,30223.71524605376,15371.967367147518,45595.68261320128
878,jinan,Asia/Shanghai,2023,4201004,38.060460859903834,13.031419076065935,28719.71865509178,12.929028255349685,0.9923882989449022,0.9667291698349714,0.882297441046958,True,8.0,122.88,0.006926240250661468,8752.43719446542,,0.982401161000098,48895.64058442904,9804.08469769363,58699.72528212267
879,jinan,Asia/Shanghai,2023,4201005,39.18715300634088,24.938391444190458,36792.003807238885,11.77528243708617,0.9976566051134668,0.8821424390052705,0.8668808089427007,True,26.0,399.36,0.002251989669317266,28445.42088201261,,1.0080614449998393,50343.083232174846,18762.20084059281,69105.28407276765
880,jinan,Asia/Shanghai,2023,4201006,24.918580726330198,18.464400541668354,24961.842453700305,10.529347308002238,0.990285454375298,0.9181410487386112,0.781670839083866,True,10.0,153.6,0.008051109904177393,10940.546493081774,,0.994745802999887,32012.485911653795,13891.545176007565,45904.03108766136
881,jinan,Asia/Shanghai,2023,4201007,16.74373305604214,9.94646547079535,33365.58321770046,9.766571638092547,0.9974722671811556,0.890024659617136,0.8155289893150087,False,,,,,"No feasible battery size was found within the tested range for the selected fixed PV and wind capacities. Renewable-generation inadequacy: annual PV+wind production (28994 kWh) is less than annual load (33366 kWh). No finite battery can close this gap -- storage shifts energy in time, it does not create it. Increasing PV/wind capacity (a scenario input, not a battery decision variable in this optimization) would be required.",0.9887578059999669,21510.395172653953,7483.144341314663,28993.539513968615
882,jinan,Asia/Shanghai,2023,4201008,14.801341814173071,15.564812538413175,32101.83547801275,14.634465297885937,0.993846824525456,0.9258527216616329,0.7361905232162587,False,,,,,"No feasible battery size was found within the tested range for the selected fixed PV and wind capacities. Renewable-generation inadequacy: annual PV+wind production (30725 kWh) is less than annual load (32102 kWh). No finite battery can close this gap -- storage shifts energy in time, it does not create it. Increasing PV/wind capacity (a scenario input, not a battery decision variable in this optimization) would be required.",0.9898382410001432,19015.03747358765,11710.063158861645,30725.100632449296
883,jinan,Asia/Shanghai,2023,4201009,23.89046049208989,12.46060778188581,36645.24418617639,11.522325852447292,0.997014074858822,0.9183392888716323,0.7471542345947917,False,,,,,"No feasible battery size was found within the tested range for the selected fixed PV and wind capacities. Battery-range inadequacy: annual renewable production is sufficient overall, but no module count within the tested range (0..n_max) achieved the reliability target. Consider increasing candidate_module_counts.max and re-running.",0.9850503449999906,30691.67695886593,9374.63935165143,40066.31631051736
884,jinan,Asia/Shanghai,2023,4201010,18.210661568757537,5.905704501832732,31596.752424036404,17.463213258504826,0.9969220053613581,0.9194010519704624,0.7392240710289024,False,,,,,"No feasible battery size was found within the tested range for the selected fixed PV and wind capacities. Renewable-generation inadequacy: annual PV+wind production (27838 kWh) is less than annual load (31597 kWh). No finite battery can close this gap -- storage shifts energy in time, it does not create it. Increasing PV/wind capacity (a scenario input, not a battery decision variable in this optimization) would be required.",0.9924533309999788,23394.933817227902,4443.109902118055,27838.04371934596
885,jinan,Asia/Shanghai,2023,4201011,35.90453329892358,6.1356206809013685,25968.909008099763,17.849227135759264,0.9935385901866378,0.8906087923681264,0.7531899000691592,True,11.0,168.95999999999998,0.005180886501252746,12034.601142389953,,0.9758681400001024,46125.95633032141,4616.085514351954,50742.04184467336
886,jinan,Asia/Shanghai,2023,4201012,28.00088325228845,8.040718153891417,36197.41307369423,11.572428967988685,0.9930095055073846,0.9016832932470847,0.864665997171342,False,,,,,"No feasible battery size was found within the tested range for the selected fixed PV and wind capacities. Battery-range inadequacy: annual renewable production is sufficient overall, but no module count within the tested range (0..n_max) achieved the reliability target. Consider increasing candidate_module_counts.max and re-running.",0.9798668229998384,35972.268664586896,6049.370475378253,42021.63913996515
887,jinan,Asia/Shanghai,2023,4201013,34.487251352448176,23.217026980860588,41471.14700844136,13.741728533164396,0.994873049644994,0.9380154427111292,0.7575660592878749,False,,,,,"No feasible battery size was found within the tested range for the selected fixed PV and wind capacities. Battery-range inadequacy: annual renewable production is sufficient overall, but no module count within the tested range (0..n_max) achieved the reliability target. Consider increasing candidate_module_counts.max and re-running.",0.9750059039999996,44305.197803073344,17467.145950900718,61772.34375397406
888,jinan,Asia/Shanghai,2023,4201014,34.35540538446055,22.13696355207322,20688.68652727322,18.542273122101165,0.997638594515925,0.9182038090734259,0.8818000404185491,True,6.0,92.16,0.002122277053465757,6564.3278958490655,,0.978236336000009,44135.81748245772,16654.568803860682,60790.386286318404
889,jinan,Asia/Shanghai,2023,4201015,13.613169814345245,5.559731184178007,23914.673023762174,13.481535482410175,0.9931629835307958,0.9647860960304223,0.750942045811029,False,,,,,"No feasible battery size was found within the tested range for the selected fixed PV and wind capacities. Renewable-generation inadequacy: annual PV+wind production (21671 kWh) is less than annual load (23915 kWh). No finite battery can close this gap -- storage shifts energy in time, it does not create it. Increasing PV/wind capacity (a scenario input, not a battery decision variable in this optimization) would be required.",0.997027350000053,17488.612681467817,4182.819622937426,21671.432304405243
890,jinan,Asia/Shanghai,2023,4201016,18.43640180778037,17.696552250897103,10154.555293668329,15.913355785318988,0.9933972253478384,0.9679973080878966,0.8382835186059497,True,2.0,30.72,0.0038087294981104,2188.109298616355,,0.9665794999998525,23684.9385450564,13313.860609671503,36998.7991547279
891,jinan,Asia/Shanghai,2023,4201017,11.566448652470292,6.8525561748394725,13526.724276966343,19.289333898379155,0.9961564638709582,0.9184845406560042,0.7400965379760062,True,16.0,245.76,0.0032144589505135497,17504.87438893084,,0.9698633419998259,14859.22407064805,5155.466242139426,20014.690312787476
892,jinan,Asia/Shanghai,2023,4201018,36.2091923930741,9.03111855342681,38267.1686590327,16.449865423180192,0.9926519047996987,0.9254423263453578,0.7445978564636787,False,,,,,"No feasible battery size was found within the tested range for the selected fixed PV and wind capacities. Battery-range inadequacy: annual renewable production is sufficient overall, but no module count within the tested range (0..n_max) achieved the reliability target. Consider increasing candidate_module_counts.max and re-running.",0.9892309409999598,46517.346797798775,6794.490354111057,53311.83715190983
893,jinan,Asia/Shanghai,2023,4201019,21.367889723664945,24.302687965600175,37725.521386177206,17.699213092857725,0.9948653961432007,0.9015135767936221,0.8425759713334388,False,,,,,"No feasible battery size was found within the tested range for the selected fixed PV and wind capacities. Battery-range inadequacy: annual renewable production is sufficient overall, but no module count within the tested range (0..n_max) achieved the reliability target. Consider increasing candidate_module_counts.max and re-running.",0.9910396509999373,27450.97227860198,18283.934374727665,45734.90665332964
894,jinan,Asia/Shanghai,2023,4201020,25.017038823716995,8.536977362141174,26497.19558472841,14.522603285244589,0.9966179867101401,0.9018898716301317,0.8751994678698662,True,27.0,414.71999999999997,0.0032835176687687267,29539.475531320786,,0.9724490420001075,32138.973390619743,6422.727151369661,38561.700541989405
895,jinan,Asia/Shanghai,2023,4201021,21.386533212240337,10.422734357854967,17804.80221814899,17.062570016044603,0.9931874811746946,0.9235059125099141,0.7445639647127751,True,7.0,107.52,0.0053470639806240195,7658.382545157243,,0.9854580470000656,27474.923258070616,7841.461457843036,35316.38471591365
896,jinan,Asia/Shanghai,2023,4201022,30.582732135067946,20.62066815104845,23577.00995813366,19.17619078057103,0.9902754954860421,0.8919648792946636,0.8177574063120981,True,7.0,107.52,0.006268580631312182,7658.382545157243,,0.9808976819999771,39289.126951731,15513.795995343342,54802.922947074345
897,jinan,Asia/Shanghai,2023,4201023,31.04220586145139,10.01365979018118,32162.84387565394,9.77579370564219,0.9949868032105943,0.9393394909987827,0.8945616107138115,True,25.0,384.0,0.004646699564324719,27351.366232704437,,0.996441926999978,39879.405200487075,7533.6974541120635,47413.10265459914
898,jinan,Asia/Shanghai,2023,4201024,23.67090580063551,17.96432080542761,33121.56991679728,9.763323408313594,0.9922775771852794,0.9689083649570251,0.7413704723403031,False,,,,,"No feasible battery size was found within the tested range for the selected fixed PV and wind capacities. Battery-range inadequacy: annual renewable production is sufficient overall, but no module count within the tested range (0..n_max) achieved the reliability target. Consider increasing candidate_module_counts.max and re-running.",1.0045682670001952,30409.61870104572,13515.314156109718,43924.932857155436
899,jinan,Asia/Shanghai,2023,4201025,30.795313583770326,17.072415255631036,23501.84986775834,8.91103996635072,0.9964688470357334,0.9467225235654879,0.7654411697905072,True,10.0,153.6,0.0030065207113792658,10940.546493081774,,0.9897922750001271,39562.22680065109,12844.296095719901,52406.522896370996
900,jinan,Asia/Shanghai,2023,4201026,36.28681332518511,10.376544377769825,12794.57703899244,13.99801767241368,0.9909636351554846,0.9048997657839837,0.8014372786096876,True,2.0,30.72,0.0067415686315372226,2188.109298616355,,1.0010328200000913,46617.06511735088,7806.710792984806,54423.77591033569
901,jinan,Asia/Shanghai,2023,4201027,18.59078867071893,9.299926848400888,38127.416596226176,13.204990121034433,0.9975578512342526,0.9323115635189929,0.7966894423547557,False,,,,,"No feasible battery size was found within the tested range for the selected fixed PV and wind capacities. Renewable-generation inadequacy: annual PV+wind production (30880 kWh) is less than annual load (38127 kWh). No finite battery can close this gap -- storage shifts energy in time, it does not create it. Increasing PV/wind capacity (a scenario input, not a battery decision variable in this optimization) would be required.",1.0003669989998798,23883.27677824248,6996.726141018473,30880.002919260955
902,jinan,Asia/Shanghai,2023,4201028,17.837690548323646,20.841317501825948,17874.840342574687,8.633426164597404,0.9975742973707776,0.946707327315629,0.8225746977959041,True,10.0,153.6,0.0022367122407645026,10940.546493081774,,0.9913660849999815,22915.78415504514,15679.799782873039,38595.58393791818
903,jinan,Asia/Shanghai,2023,4201029,11.167615923597204,7.54515236569453,29998.298407504386,16.195083852243364,0.9941769077777264,0.8815563721973305,0.7368539997333643,False,,,,,"No feasible battery size was found within the tested range for the selected fixed PV and wind capacities. Renewable-generation inadequacy: annual PV+wind production (20023 kWh) is less than annual load (29998 kWh). No finite battery can close this gap -- storage shifts energy in time, it does not create it. Increasing PV/wind capacity (a scenario input, not a battery decision variable in this optimization) would be required.",0.9807471330000226,14346.850302078426,5676.5354884592125,20023.38579053764
904,jinan,Asia/Shanghai,2023,4201030,27.663000988606544,18.884341193759827,11337.132508476176,5.649976301907505,0.9923517910391073,0.8875151525847909,0.8083892464386729,True,2.0,30.72,0.0036587375710206414,2188.109298616355,,1.0067613119999805,35538.19694418246,14207.484192094555,49745.68113627702
905,jinan,Asia/Shanghai,2023,4201031,13.711059458700415,17.96438669802845,41089.01277230348,19.557749956281597,0.9985356626547395,0.904602863521175,0.7058819205246345,False,,,,,"No feasible battery size was found within the tested range for the selected fixed PV and wind capacities. Renewable-generation inadequacy: annual PV+wind production (31130 kWh) is less than annual load (41089 kWh). No finite battery can close this gap -- storage shifts energy in time, it does not create it. Increasing PV/wind capacity (a scenario input, not a battery decision variable in this optimization) would be required.",1.0105485920000774,17614.36987828543,13515.363729884899,31129.73360817033
906,jinan,Asia/Shanghai,2023,4201032,19.88236648335304,19.169602374253067,12392.048370901572,10.39568986507143,0.9926823109279221,0.8997411072237079,0.841226150946063,True,3.0,46.08,0.003554425231260584,3282.1639479245327,,1.0417968300000666,25542.545296977383,14422.09817681832,39964.6434737957
907,jinan,Asia/Shanghai,2023,4201033,29.88064717309816,24.095466590954082,17503.644752819157,14.282148934594025,0.9974599100268866,0.9258122021429362,0.772434735165868,True,5.0,76.8,0.0023637065996518574,5470.273246540887,,0.9963228819999586,38387.170086663915,18128.033018448357,56515.203105112276
908,jinan,Asia/Shanghai,2023,4201034,39.542755900956315,7.81974680793321,26437.181101146267,18.100606288409903,0.9981043267185533,0.9682343891403796,0.8769695184528763,True,13.0,199.68,0.001567410290297997,14222.710441006306,,0.9895409840000866,50799.920352195535,5883.124437330367,56683.0447895259
909,jinan,Asia/Shanghai,2023,4201035,11.528710761622376,23.595329992549765,27126.68765627141,14.77428781184873,0.9935484828225041,0.9532301268952194,0.8151838552645532,False,,,,,"No feasible battery size was found within the tested range for the selected fixed PV and wind capacities. Battery-range inadequacy: annual renewable production is sufficient overall, but no module count within the tested range (0..n_max) achieved the reliability target. Consider increasing candidate_module_counts.max and re-running.",1.009899583999868,14810.742830389132,17751.75921875312,32562.50204914225
910,jinan,Asia/Shanghai,2023,4201036,35.366339276620124,8.875429430415345,17399.32379019609,11.605652023771805,0.9900427639046623,0.9423567659406632,0.7592107455616022,True,4.0,61.44,0.007420159239068643,4376.21859723271,,1.0506664360000286,45434.54742762574,6677.358878282959,52111.9063059087
911,jinan,Asia/Shanghai,2023,4201037,26.718980386433497,6.400071209216938,16825.77437530776,14.342887550328992,0.9927509636439994,0.899324974832707,0.7457693001615535,True,6.0,92.16,0.004943458380842801,6564.3278958490655,,0.9986084899999241,34325.42938894834,4815.042770106051,39140.47215905439
912,jinan,Asia/Shanghai,2023,4201038,16.444580941764862,17.45701898861096,16707.648578778284,10.440595387698355,0.996190981790341,0.9262303951612886,0.8194561741550968,True,9.0,138.24,0.003423452463553925,9846.491843773598,,0.992082610999887,21126.079430560996,13133.649661219897,34259.72909178089
913,jinan,Asia/Shanghai,2023,4201039,17.527209383912457,23.65429746330411,26555.169932653425,9.304459049185018,0.9981389356565262,0.9389760653737949,0.8227891726276901,False,,,,,"No feasible battery size was found within the tested range for the selected fixed PV and wind capacities. Battery-range inadequacy: annual renewable production is sufficient overall, but no module count within the tested range (0..n_max) achieved the reliability target. Consider increasing candidate_module_counts.max and re-running.",1.009266282999988,22516.914170807042,17796.12292728784,40313.03709809488
914,jinan,Asia/Shanghai,2023,4201040,36.60203956498504,6.170805725427688,43507.180480303214,15.167965464576513,0.9932399351530211,0.903071620827147,0.7209611799763115,False,,,,,"No feasible battery size was found within the tested range for the selected fixed PV and wind capacities. Battery-range inadequacy: annual renewable production is sufficient overall, but no module count within the tested range (0..n_max) achieved the reliability target. Consider increasing candidate_module_counts.max and re-running.",1.0193494560001,47022.03102096336,4642.556703300341,51664.5877242637
915,jinan,Asia/Shanghai,2023,4201041,38.2322251074007,7.838242066590723,20377.54142923537,15.366607693542049,0.9963913719409739,0.8944691834142334,0.8628262321531255,True,7.0,107.52,0.0025850353294829126,7658.382545157243,,0.9925061269998423,49116.30325432618,5897.039198364876,55013.34245269105
916,jinan,Asia/Shanghai,2023,4201042,25.308618075290873,21.96913356230218,13491.41559390178,5.642449986405345,0.9957329134334492,0.8935021417398835,0.80498980914666,True,3.0,46.08,0.003720343104344069,3282.1639479245327,,0.9686788429999069,32513.56040204116,16528.303243300943,49041.863645342106
917,jinan,Asia/Shanghai,2023,4201043,10.423262778535262,20.598585210964004,45981.206807140064,17.58324142946432,0.9986251753183537,0.961278617919291,0.788803603658073,False,,,,,"No feasible battery size was found within the tested range for the selected fixed PV and wind capacities. Renewable-generation inadequacy: annual PV+wind production (28888 kWh) is less than annual load (45981 kWh). No finite battery can close this gap -- storage shifts energy in time, it does not create it. Increasing PV/wind capacity (a scenario input, not a battery decision variable in this optimization) would be required.",0.9971973169999728,13390.592205708912,15497.18207066651,28887.77427637542
918,jinan,Asia/Shanghai,2023,4201044,21.950446253309398,22.92367335943086,47077.55181428908,19.592539224770555,0.996914855113585,0.8981789946947242,0.8889908272221445,False,,,,,"No feasible battery size was found within the tested range for the selected fixed PV and wind capacities. Renewable-generation inadequacy: annual PV+wind production (45446 kWh) is less than annual load (47078 kWh). No finite battery can close this gap -- storage shifts energy in time, it does not create it. Increasing PV/wind capacity (a scenario input, not a battery decision variable in this optimization) would be required.",1.0089168749998407,28199.37295610443,17246.443682476667,45445.8166385811
919,jinan,Asia/Shanghai,2023,4201045,38.41424400448659,18.32262727825943,44291.21065397939,13.417646317459283,0.9984971425087055,0.8884542756932882,0.8727927392969541,False,,,,,"No feasible battery size was found within the tested range for the selected fixed PV and wind capacities. Battery-range inadequacy: annual renewable production is sufficient overall, but no module count within the tested range (0..n_max) achieved the reliability target. Consider increasing candidate_module_counts.max and re-running.",1.002510569999913,49350.13990187087,13784.883186686511,63135.023088557384
920,jinan,Asia/Shanghai,2023,4201046,11.66510887111418,11.78214104436041,15413.025704610478,12.187026386943682,0.9920902154219322,0.9656865141400597,0.8118642667306819,True,10.0,153.6,0.007454653468047805,10940.546493081774,,0.9741190809997988,14985.97121142886,8864.200287383766,23850.171498812626
921,jinan,Asia/Shanghai,2023,4201047,36.931922089111744,10.561169381023019,11039.102397862433,16.634825055258826,0.9963213989397477,0.9290942481106774,0.8630685459458425,True,2.0,30.72,0.0017854708022267596,2188.109298616355,,1.015391389999877,47445.82560910973,7945.6119486180205,55391.437557727746
922,jinan,Asia/Shanghai,2023,4201048,35.20253117944398,16.758066160363477,48637.11167415748,15.79567921425991,0.9960918783854636,0.912527961330278,0.7004517157200015,False,,,,,"No feasible battery size was found within the tested range for the selected fixed PV and wind capacities. Battery-range inadequacy: annual renewable production is sufficient overall, but no module count within the tested range (0..n_max) achieved the reliability target. Consider increasing candidate_module_counts.max and re-running.",1.0028038499999639,45224.10589162264,12607.798049217286,57831.903940839926
923,jinan,Asia/Shanghai,2023,4201049,38.4222428170749,13.26361145871189,19799.50377195418,12.306623702584872,0.9934831429180863,0.9456576133614195,0.8924232212981762,True,4.0,61.44,0.006253105615852853,4376.21859723271,,1.008746434999921,49360.41584326999,9978.772793620286,59339.18863689028
924,jinan,Asia/Shanghai,2023,4201050,27.752122733730754,16.822943738738303,24593.354348939323,13.469463979629431,0.9928739597974843,0.8800982866881107,0.8732192345756971,True,9.0,138.24,0.005661807527625517,9846.491843773598,,0.97781966499997,35652.6901667919,12656.608180305488,48309.298347097385
925,jinan,Asia/Shanghai,2023,4201051,22.883322565651156,14.841769701079935,13340.036617037127,17.55665770108088,0.9915330336333983,0.9169559042905884,0.8680531094127762,True,3.0,46.08,0.004944567819881644,3282.1639479245327,,0.9836116269998456,29397.823627679023,11166.0876197513,40563.911247430326
926,jinan,Asia/Shanghai,2023,4201052,23.733488206405585,23.623046709329273,18372.572136827588,15.72849244932157,0.9988019867120556,0.929465227349828,0.8384367797287986,True,9.0,138.24,0.0005289486348547943,9846.491843773598,,1.0069056849999924,30490.017276110433,17772.611670605227,48262.62894671566
927,jinan,Asia/Shanghai,2023,4201053,21.796799788030253,20.02674679450938,46354.96226094916,15.545833505757937,0.9984233584024288,0.9329787386793078,0.8154274880901926,False,,,,,"No feasible battery size was found within the tested range for the selected fixed PV and wind capacities. Renewable-generation inadequacy: annual PV+wind production (43069 kWh) is less than annual load (46355 kWh). No finite battery can close this gap -- storage shifts energy in time, it does not create it. Increasing PV/wind capacity (a scenario input, not a battery decision variable in this optimization) would be required.",1.0004781410000305,28001.985899468145,15066.963977334446,43068.949876802595
928,jinan,Asia/Shanghai,2023,4201054,19.13882164327466,19.19254982327572,45278.10087024621,14.694743391933969,0.9920973529853873,0.9289698203249518,0.851187483390283,False,,,,,"No feasible battery size was found within the tested range for the selected fixed PV and wind capacities. Renewable-generation inadequacy: annual PV+wind production (39027 kWh) is less than annual load (45278 kWh). No finite battery can close this gap -- storage shifts energy in time, it does not create it. Increasing PV/wind capacity (a scenario input, not a battery decision variable in this optimization) would be required.",0.9731909019999421,24587.32561656674,14439.362507932288,39026.68812449903
929,jinan,Asia/Shanghai,2023,4201055,38.180899446182586,8.131920990411079,15099.883638662424,11.194152953493589,0.9911305005251635,0.9682386021254606,0.7848608734565118,True,3.0,46.08,0.005005735443980874,3282.1639479245327,,0.9828035140001248,49050.36603162894,6117.986205460246,55168.35223708919
930,jinan,Asia/Shanghai,2023,4201056,26.008315572037148,9.541755625855426,27965.044941477172,19.770409022918297,0.9943981843623028,0.8807941533224037,0.7485055060501261,True,29.0,445.44,0.005510170185161587,31727.584829937146,,1.0170317609999984,33412.45013027282,7178.664102085084,40591.1142323579
931,jinan,Asia/Shanghai,2023,4201057,39.35364491435512,24.781350268214652,18419.723590868227,14.228961317657802,0.9906921749745488,0.9319697478200166,0.7251841402972874,True,3.0,46.08,0.009077204222269557,3282.1639479245327,,1.0386173550000422,50556.97261529202,18644.052158449667,69201.0247737417
932,jinan,Asia/Shanghai,2023,4201058,34.559845709279735,23.79149975204489,16919.472321979305,11.940682528922359,0.9909183869862717,0.9105226006365678,0.7130195509521052,True,3.0,46.08,0.008492261580927559,3282.1639479245327,,0.9997292460000153,44398.45856502678,17899.345980101985,62297.80454512877
933,jinan,Asia/Shanghai,2023,4201059,17.936395840522813,24.804473341786032,11784.130692856073,17.88452494428006,0.990697073199787,0.9276097238005624,0.7904239584854691,True,2.0,30.72,0.008257984365987027,2188.109298616355,,1.0028258800000458,23042.58920107221,18661.448619298753,41704.03782037096
934,jinan,Asia/Shanghai,2023,4201060,37.94663980061935,8.980997245701792,17187.280615185406,16.230711328517486,0.9965314752579032,0.9429263593443519,0.7052254232344761,True,5.0,76.8,0.0030253031137628126,5470.273246540887,,1.0214253780000035,48749.416564015875,6756.781986110082,55506.198550125955
935,jinan,Asia/Shanghai,2023,4201061,17.79879060174726,21.797903557085988,34034.324858270906,14.032923810982725,0.9926632494486433,0.9034155779701253,0.889310977603651,False,,,,,"No feasible battery size was found within the tested range for the selected fixed PV and wind capacities. Battery-range inadequacy: annual renewable production is sufficient overall, but no module count within the tested range (0..n_max) achieved the reliability target. Consider increasing candidate_module_counts.max and re-running.",0.9990120900001784,22865.810041133234,16399.47970811057,39265.289749243806
936,jinan,Asia/Shanghai,2023,4201062,31.832658365596366,7.537322356036751,47508.27768575055,13.735552277270823,0.9930002613026138,0.9157425501759638,0.8450809020705237,False,,,,,"No feasible battery size was found within the tested range for the selected fixed PV and wind capacities. Renewable-generation inadequacy: annual PV+wind production (46566 kWh) is less than annual load (47508 kWh). No finite battery can close this gap -- storage shifts energy in time, it does not create it. Increasing PV/wind capacity (a scenario input, not a battery decision variable in this optimization) would be required.",0.9930575109999609,40894.886376188006,5670.644642848268,46565.53101903627
937,jinan,Asia/Shanghai,2023,4201063,30.955431036034618,17.17570178775528,27604.793477567167,14.74613060451187,0.9981254547681484,0.9520255254980876,0.8648518019909548,True,17.0,261.12,0.0015919079653810267,18598.929038239017,,1.0045826569999008,39767.92702656341,12922.002898268904,52689.929924832315
938,jinan,Asia/Shanghai,2023,4201064,17.77876028068439,10.66758530840129,23520.59328631329,14.072368371142389,0.9952520878971005,0.9030140578241688,0.7412848553146415,False,,,,,"No feasible battery size was found within the tested range for the selected fixed PV and wind capacities. Battery-range inadequacy: annual renewable production is sufficient overall, but no module count within the tested range (0..n_max) achieved the reliability target. Consider increasing candidate_module_counts.max and re-running.",0.9864285179999115,22840.077421050522,8025.673126845061,30865.750547895583
939,jinan,Asia/Shanghai,2023,4201065,34.790745702140704,6.854466753527331,30512.913648037098,12.80841311283914,0.9951672312613046,0.9597085104316422,0.8247827880189535,True,18.0,276.48,0.004559683426851328,19692.983687547196,,0.9799111590000393,44695.09194273165,5156.903650848948,49851.99559358059
940,jinan,Asia/Shanghai,2023,4201066,39.2090129874407,22.427061666974552,18589.610379488462,8.617749653379517,0.9931029672232365,0.9152362973572118,0.810599024061539,True,4.0,61.44,0.0035991149807406845,4376.21859723271,,0.9739003379997939,50371.16638605398,16872.8218177905,67243.98820384448
941,jinan,Asia/Shanghai,2023,4201067,16.975378986890163,9.446903622275313,25255.598294723182,15.08034669819128,0.9961931305178657,0.967850506603626,0.7404830867843628,False,,,,,"No feasible battery size was found within the tested range for the selected fixed PV and wind capacities. Battery-range inadequacy: annual renewable production is sufficient overall, but no module count within the tested range (0..n_max) achieved the reliability target. Consider increasing candidate_module_counts.max and re-running.",1.132000883000046,21807.98684447532,7107.302950132467,28915.289794607786
942,jinan,Asia/Shanghai,2023,4201068,21.785774555709423,24.29354995878121,37600.34970662209,13.884177872330287,0.9948568144626121,0.8867959342122631,0.878674761763182,False,,,,,"No feasible battery size was found within the tested range for the selected fixed PV and wind capacities. Battery-range inadequacy: annual renewable production is sufficient overall, but no module count within the tested range (0..n_max) achieved the reliability target. Consider increasing candidate_module_counts.max and re-running.",1.0425196720000258,27987.821967010692,18277.05946783547,46264.88143484616
943,jinan,Asia/Shanghai,2023,4201069,28.765156462453227,16.433348158560683,31580.013732873704,10.878713109816676,0.992291982222248,0.9479789786801036,0.8019135035523324,True,18.0,276.48,0.007531983703963788,19692.983687547196,,0.9846702130000722,36954.11773704237,12363.499038191889,49317.61677523426
944,jinan,Asia/Shanghai,2023,4201070,30.053833531141365,22.00109462245893,14558.823481627933,18.868888299779734,0.9981352973917025,0.9267233727927029,0.8249484475574402,True,4.0,61.44,0.0011128162592653613,4376.21859723271,,0.9742315199998757,38609.65971831017,16552.348893201066,55162.008611511235
945,jinan,Asia/Shanghai,2023,4201071,16.38439150604205,13.958948759627779,18108.134436792494,5.329650184115293,0.9988281276131434,0.9033231864139184,0.8186216617795671,True,19.0,291.84,0.0005271164976365603,20787.038336855374,,0.988348348000045,21048.75506428716,10501.904292335243,31550.659356622404
946,jinan,Asia/Shanghai,2023,4201072,19.00751150613589,12.412432404208698,25910.462343290994,10.025700969871366,0.9957365978340594,0.9664842643439745,0.7857269300012466,False,,,,,"No feasible battery size was found within the tested range for the selected fixed PV and wind capacities. Battery-range inadequacy: annual renewable production is sufficient overall, but no module count within the tested range (0..n_max) achieved the reliability target. Consider increasing candidate_module_counts.max and re-running.",0.9791634250000243,24418.633668924216,9338.394988675089,33757.02865759931
947,jinan,Asia/Shanghai,2023,4201073,22.432415872746457,21.23934644176967,22423.21530309275,16.75425883946731,0.9929516745186522,0.9628793067763747,0.7535933748913605,True,9.0,138.24,0.0056904721093314296,9846.491843773598,,0.9704853309999635,28818.551304242486,15979.25369626215,44797.80500050464
948,jinan,Asia/Shanghai,2023,4201074,14.126623527237134,18.961934166988236,16513.89012259083,19.240445754334786,0.9958999960114998,0.9007774595156073,0.7417637868570857,True,13.0,199.68,0.0034810830601357838,14222.710441006306,,0.9752553910000188,18148.23812044275,14265.860649565282,32414.098770008033
949,jinan,Asia/Shanghai,2023,4201075,21.186264146238422,6.182806440116524,48318.897653673164,19.91897493662723,0.993280921638844,0.9649481136776782,0.7335452581923128,False,,,,,"No feasible battery size was found within the tested range for the selected fixed PV and wind capacities. Renewable-generation inadequacy: annual PV+wind production (31869 kWh) is less than annual load (48319 kWh). No finite battery can close this gap -- storage shifts energy in time, it does not create it. Increasing PV/wind capacity (a scenario input, not a battery decision variable in this optimization) would be required.",1.0013121129998126,27217.640922277227,4651.585345734095,31869.226268011324
950,jinan,Asia/Shanghai,2023,4201076,35.00087948009224,18.75630855592576,18019.766097446234,16.502722893619335,0.9922455017732995,0.9483539737271675,0.8134795149792782,True,4.0,61.44,0.004417630658949894,4376.21859723271,,0.9840584109999782,44965.04730977742,14111.159853350837,59076.20716312826
951,jinan,Asia/Shanghai,2023,4201077,21.001375488736294,6.669847560321154,43100.38039228103,19.094793811973382,0.9959932600200058,0.9668087410024094,0.8868222838085982,False,,,,,"No feasible battery size was found within the tested range for the selected fixed PV and wind capacities. Renewable-generation inadequacy: annual PV+wind production (31998 kWh) is less than annual load (43100 kWh). No finite battery can close this gap -- storage shifts energy in time, it does not create it. Increasing PV/wind capacity (a scenario input, not a battery decision variable in this optimization) would be required.",0.9670198510000318,26980.117541290383,5018.006866358486,31998.12440764887
952,jinan,Asia/Shanghai,2023,4201078,15.83825202411261,19.62424697196427,23972.192777507782,12.31276040848439,0.9914126888803396,0.9677301485251887,0.8452274766152817,True,19.0,291.84,0.008453520452028134,20787.038336855374,,0.9778261310000289,20347.138761855043,14764.146430910314,35111.285192765354
953,jinan,Asia/Shanghai,2023,4201079,18.007249288929046,12.42943380336067,26899.317073151375,16.2130058621576,0.9983312754009263,0.9089296119686114,0.7945000176560839,False,,,,,"No feasible battery size was found within the tested range for the selected fixed PV and wind capacities. Battery-range inadequacy: annual renewable production is sufficient overall, but no module count within the tested range (0..n_max) achieved the reliability target. Consider increasing candidate_module_counts.max and re-running.",1.0251465110000026,23133.613446947493,9351.18585636895,32484.799303316442
954,jinan,Asia/Shanghai,2023,4201080,20.480741372339008,9.995856172100272,39714.48883397103,19.23695249114914,0.9941321125535719,0.8807744460010465,0.8376298662951236,False,,,,,"No feasible battery size was found within the tested range for the selected fixed PV and wind capacities. Renewable-generation inadequacy: annual PV+wind production (33832 kWh) is less than annual load (39714 kWh). No finite battery can close this gap -- storage shifts energy in time, it does not create it. Increasing PV/wind capacity (a scenario input, not a battery decision variable in this optimization) would be required.",1.0035402559999511,26311.267557443454,7520.303043375079,33831.57060081854
955,jinan,Asia/Shanghai,2023,4201081,37.56233263546464,22.40675020075043,22233.166226593068,11.428963003334555,0.9903288797917161,0.9289747156884234,0.7126735960101457,True,5.0,76.8,0.00922853541811941,5470.273246540887,,0.9888312389998646,48255.70354539026,16857.540647410417,65113.244192800674
956,jinan,Asia/Shanghai,2023,4201082,38.15818498687299,22.338676697045447,18567.505057500122,15.490530197930681,0.9951121834419,0.9521221941264565,0.795130421350304,True,4.0,61.44,0.003730666440542511,4376.21859723271,,0.983105630999944,49021.18514381573,16806.326087269517,65827.51123108526
957,jinan,Asia/Shanghai,2023,4201083,15.75315911997334,17.796868002456634,13211.2130798378,13.76881986752633,0.9919143432491802,0.9416442793411204,0.8656086323456217,True,4.0,61.44,0.003753896065751697,4376.21859723271,,1.0133783879998646,20237.821324202516,13389.332369044878,33627.1536932474
958,jinan,Asia/Shanghai,2023,4201084,36.47927152744754,21.15182878323685,17984.48364939443,12.88187977924255,0.9971650539049354,0.9407202263130197,0.7231042387351875,True,5.0,76.8,0.002266952866266891,5470.273246540887,,0.9683639729998959,46864.312966502985,15913.410480585399,62777.723447088385
959,jinan,Asia/Shanghai,2023,4201085,36.866235994372715,8.213647855559245,16871.827736533418,18.515129437560624,0.9943615524518506,0.9135602643360821,0.8107313484596113,True,4.0,61.44,0.00487532007875794,4376.21859723271,,0.9696052439999221,47361.43977648472,6179.472763701722,53540.912540186444
960,jinan,Asia/Shanghai,2023,4201086,16.17884913184441,13.10538918193205,35427.04101889162,13.646720295803332,0.9965084453464936,0.9552764079643661,0.7818280663538747,False,,,,,"No feasible battery size was found within the tested range for the selected fixed PV and wind capacities. Renewable-generation inadequacy: annual PV+wind production (30644 kWh) is less than annual load (35427 kWh). No finite battery can close this gap -- storage shifts energy in time, it does not create it. Increasing PV/wind capacity (a scenario input, not a battery decision variable in this optimization) would be required.",0.9805521499999941,20784.698197224217,9859.735519662874,30644.43371688709
961,jinan,Asia/Shanghai,2023,4201087,39.20062217722109,16.654619133619594,27175.26079682185,13.489053428355632,0.9960216889988446,0.9191458116961361,0.7895419608505774,True,10.0,153.6,0.0034560185754712925,10940.546493081774,,1.02703747999999,50360.38685182236,12529.970499815216,62890.357351637576
962,jinan,Asia/Shanghai,2023,4201088,31.04203388145126,6.217251664114025,31603.222731533766,13.209917183265521,0.9968107703501554,0.9684380277102992,0.8591509573573617,False,,,,,"No feasible battery size was found within the tested range for the selected fixed PV and wind capacities. Battery-range inadequacy: annual renewable production is sufficient overall, but no module count within the tested range (0..n_max) achieved the reliability target. Consider increasing candidate_module_counts.max and re-running.",0.9710939770000095,39879.184260643364,4677.499936580366,44556.68419722373
963,jinan,Asia/Shanghai,2023,4201089,25.113658379514042,8.389063592143572,33530.438865326825,17.514483300690287,0.998391726572808,0.954277934154469,0.7377937212725126,False,,,,,"No feasible battery size was found within the tested range for the selected fixed PV and wind capacities. Battery-range inadequacy: annual renewable production is sufficient overall, but no module count within the tested range (0..n_max) achieved the reliability target. Consider increasing candidate_module_counts.max and re-running.",0.9844794069999807,32263.098925806225,6311.445400660325,38574.54432646655
964,jinan,Asia/Shanghai,2023,4201090,31.377275930479943,22.603098949716866,37240.67866507901,15.286280613923228,0.9945014605762597,0.9373278599912954,0.7588761438446042,False,,,,,"No feasible battery size was found within the tested range for the selected fixed PV and wind capacities. Battery-range inadequacy: annual renewable production is sufficient overall, but no module count within the tested range (0..n_max) achieved the reliability target. Consider increasing candidate_module_counts.max and re-running.",1.0325042920001124,40309.864141226804,17005.26207006719,57315.126211293995
965,jinan,Asia/Shanghai,2023,4201091,12.664302603572356,21.55429809490801,47725.77229566063,17.852335030654164,0.9930052219840272,0.8884177136177136,0.7560276775262813,False,,,,,"No feasible battery size was found within the tested range for the selected fixed PV and wind capacities. Renewable-generation inadequacy: annual PV+wind production (32486 kWh) is less than annual load (47726 kWh). No finite battery can close this gap -- storage shifts energy in time, it does not create it. Increasing PV/wind capacity (a scenario input, not a battery decision variable in this optimization) would be required.",1.1725716409998768,16269.618768832937,16216.205072395707,32485.823841228645
966,jinan,Asia/Shanghai,2023,4201092,38.92269923978997,16.847953449836297,10315.902532786127,5.377299134420186,0.9979399441476143,0.9380753374984969,0.8526145038127724,True,2.0,30.72,0.00026434175486892537,2188.109298616355,,1.1043783600000552,50003.34387988303,12675.424037921479,62678.76791780451
967,jinan,Asia/Shanghai,2023,4201093,33.52048002870724,13.40919552501553,41944.44984569207,19.06298667218807,0.9915495399699266,0.9487722759587818,0.7615584015231129,False,,,,,"No feasible battery size was found within the tested range for the selected fixed PV and wind capacities. Battery-range inadequacy: annual renewable production is sufficient overall, but no module count within the tested range (0..n_max) achieved the reliability target. Consider increasing candidate_module_counts.max and re-running.",1.011802403000047,43063.202774506346,10088.301810248799,53151.504584755145
968,jinan,Asia/Shanghai,2023,4201094,33.76760791052249,23.83805195794706,13637.392843079144,7.294222067463172,0.9987668750245158,0.8978070076707168,0.7157879351406409,True,4.0,61.44,0.0002863569656743632,4376.21859723271,,1.017665536999857,43380.683851052105,17934.369162678286,61315.05301373039
969,jinan,Asia/Shanghai,2023,4201095,38.565776091877005,22.852454196189377,36229.01890932524,13.2714639093133,0.998273094266725,0.9389968067600281,0.831679331863014,True,27.0,414.71999999999997,0.0014639091597582047,29539.475531320786,,1.0038143940000737,49544.810652425425,17192.862510353916,66737.67316277933
970,jinan,Asia/Shanghai,2023,4201096,35.310566926058584,18.06491354584842,30147.0754815071,10.845822468476719,0.9945282050351212,0.9270230784178475,0.7721663762236504,True,12.0,184.32,0.004949502716367702,13128.655791698131,,1.027406216999907,45362.89761714016,13590.99430585412,58953.89192299428
971,jinan,Asia/Shanghai,2023,4201097,37.9510679902037,13.08403760612784,45504.421098192164,14.076705569973882,0.9947407315188687,0.8943571540506381,0.8828655248574626,False,,,,,"No feasible battery size was found within the tested range for the selected fixed PV and wind capacities. Battery-range inadequacy: annual renewable production is sufficient overall, but no module count within the tested range (0..n_max) achieved the reliability target. Consider increasing candidate_module_counts.max and re-running.",1.0077573539999776,48755.10538547164,9843.671831096664,58598.7772165683
972,jinan,Asia/Shanghai,2023,4201098,26.699857220867386,5.121848109936349,10731.381642811328,16.664489075270716,0.9914574271804055,0.933886459206533,0.836216392386796,True,2.0,30.72,0.006141631850475835,2188.109298616355,,1.001709627000082,34300.862176433526,3853.381767973766,38154.243944407295
973,jinan,Asia/Shanghai,2023,4201099,18.380967788454903,16.38627616822825,19610.349839562987,19.194731410519257,0.9977415314071425,0.9059238512347723,0.805762898190068,True,17.0,261.12,0.002159607633332834,18598.929038239017,,0.9878778160000365,23613.723383078584,12328.084799925558,35941.80818300414
974,jinan,Asia/Shanghai,2023,4201100,25.018985714617173,24.20046515900148,25761.15120735416,13.433413319323503,0.998358359353987,0.8946529946058902,0.8100971206556676,True,22.0,337.91999999999996,0.001428560191133388,24069.202284779905,,1.0050584999999046,32141.474528954954,18207.027857633897,50348.50238658885
975,jinan,Asia/Shanghai,2023,4201101,13.170187610854889,17.34997863637001,24627.328135480187,19.51454109769401,0.9937386826303367,0.8922568873787536,0.8667999921856808,False,,,,,"No feasible battery size was found within the tested range for the selected fixed PV and wind capacities. Battery-range inadequacy: annual renewable production is sufficient overall, but no module count within the tested range (0..n_max) achieved the reliability target. Consider increasing candidate_module_counts.max and re-running.",0.9921385439999995,16919.52081768586,13053.118701904143,29972.639519590004
976,jinan,Asia/Shanghai,2023,4201102,37.968383426592595,19.784705941653172,19226.901639570315,6.670746342789322,0.9985402750038165,0.8900968899454119,0.7514140096094496,True,7.0,107.52,0.0014491160726341464,7658.382545157243,,0.9775133690000075,48777.35023840051,14884.866463022856,63662.21670142337
977,jinan,Asia/Shanghai,2023,4201103,15.479019789983715,5.149276408235359,22565.39096392176,19.612683073981437,0.9930771297522842,0.9253874391520996,0.8491871567843563,False,,,,,"No feasible battery size was found within the tested range for the selected fixed PV and wind capacities. Battery-range inadequacy: annual renewable production is sufficient overall, but no module count within the tested range (0..n_max) achieved the reliability target. Consider increasing candidate_module_counts.max and re-running.",0.97216256899992,19885.63908976851,3874.017230471552,23759.65632024006
978,jinan,Asia/Shanghai,2023,4201104,26.53240306237648,19.871830148246133,36465.43472762061,14.128445344985222,0.9958468401649057,0.9519247925870425,0.8420382789602209,False,,,,,"No feasible battery size was found within the tested range for the selected fixed PV and wind capacities. Battery-range inadequacy: annual renewable production is sufficient overall, but no module count within the tested range (0..n_max) achieved the reliability target. Consider increasing candidate_module_counts.max and re-running.",0.9971499530001893,34085.73660614478,14950.413668255904,49036.15027440069
979,jinan,Asia/Shanghai,2023,4201105,33.753247621155744,7.911952765670627,37106.94930842161,16.055328684882998,0.9926996978924715,0.9587119595058954,0.76094232066054,False,,,,,"No feasible battery size was found within the tested range for the selected fixed PV and wind capacities. Battery-range inadequacy: annual renewable production is sufficient overall, but no module count within the tested range (0..n_max) achieved the reliability target. Consider increasing candidate_module_counts.max and re-running.",0.9726655479998954,43362.235426316794,5952.4948576977,49314.7302840145
980,jinan,Asia/Shanghai,2023,4201106,17.31496358129492,22.341936309610226,19880.793524657067,11.232536936477,0.9933113054703314,0.9608255640302445,0.7910471476575929,True,9.0,138.24,0.006282872447752349,9846.491843773598,,0.9884566000000632,22244.245520825618,16808.778430907634,39053.02395173325
981,jinan,Asia/Shanghai,2023,4201107,30.82926799888647,20.88077809287658,35116.14322988705,19.155417474873722,0.9972225677633041,0.9160185964907377,0.8901623686515366,False,,,,,"No feasible battery size was found within the tested range for the selected fixed PV and wind capacities. Battery-range inadequacy: annual renewable production is sufficient overall, but no module count within the tested range (0..n_max) achieved the reliability target. Consider increasing candidate_module_counts.max and re-running.",0.9894050579998748,39605.84747260996,15709.487645309451,55315.335117919414
982,jinan,Asia/Shanghai,2023,4201108,25.737244998140024,5.4515464588979174,20400.53118611587,14.325943805558998,0.99141133412092,0.9325661240403883,0.7723196044615059,True,8.0,122.88,0.006451719344812134,8752.43719446542,,1.0012116519999381,33064.210275714155,4101.427703649775,37165.63797936393
983,jinan,Asia/Shanghai,2023,4201109,29.122081314885666,15.491248807045594,11740.943282682505,18.07268483116647,0.9941085803860826,0.8869288995279708,0.8545656473058371,True,2.0,30.72,0.004025477272285837,2188.109298616355,,1.037667951000003,37412.65315426777,11654.718069520548,49067.371223788316
984,jinan,Asia/Shanghai,2023,4201110,29.804632563492046,17.988755455384435,27076.56006942244,11.157455939314826,0.9948270477274861,0.8845534971609192,0.7597915528435841,True,14.0,215.04,0.0048480975586584025,15316.765090314486,,1.0057381859999168,38289.515382898055,13533.697371041022,51823.21275393908
985,jinan,Asia/Shanghai,2023,4201111,39.63682520687121,18.24384978256152,26757.366616692885,8.335446544106794,0.9967068842571021,0.9034261278735572,0.732474020769259,True,11.0,168.95999999999998,0.0030413669120442554,12034.601142389953,,0.9877885799999149,50920.76962380504,13725.615563138663,64646.385186943706
986,jinan,Asia/Shanghai,2023,4201112,30.579971811154405,8.560778167265239,39063.51624868668,19.041447009958247,0.9954094528308189,0.8976517017678506,0.8359087710568214,False,,,,,"No feasible battery size was found within the tested range for the selected fixed PV and wind capacities. Battery-range inadequacy: annual renewable production is sufficient overall, but no module count within the tested range (0..n_max) achieved the reliability target. Consider increasing candidate_module_counts.max and re-running.",0.9726821369999925,39285.580809542385,6440.633498172537,45726.21430771492
987,jinan,Asia/Shanghai,2023,4201113,20.292450506381932,5.985754927714428,22093.54781409994,18.583776529251978,0.9937002538815838,0.9578198804227983,0.8017318687045583,True,19.0,291.84,0.006232006428516983,20787.038336855374,,1.0549308749998545,26069.373415881255,4503.335204585078,30572.708620466332
988,jinan,Asia/Shanghai,2023,4201114,26.112320670004024,5.289282292039457,21383.34333086491,19.84417901437797,0.9905165921323851,0.9087454139341632,0.7642842949929296,True,9.0,138.24,0.00708875432404293,9846.491843773598,,1.07397044299978,33546.06374855914,3979.34954577648,37525.41329433562
989,jinan,Asia/Shanghai,2023,4201115,21.381577627982878,18.695618368846908,19909.751947318582,11.904040162040792,0.995803772101672,0.909008985249573,0.8897545161006509,True,8.0,122.88,0.004077043874652652,8752.43719446542,,1.220303210000111,27468.556901456323,14065.5000728644,41534.05697432072
990,jinan,Asia/Shanghai,2023,4201116,39.390179048280444,7.393471353750223,23752.795376032405,8.11958104709713,0.991681106360014,0.9241881854504451,0.8127654216269757,True,7.0,107.52,0.006421220736990217,7658.382545157243,,1.0979564149999987,50603.907409067935,5562.419483175864,56166.3268922438
991,jinan,Asia/Shanghai,2023,4201117,22.769561217927976,10.451097461947214,21144.862970145587,19.88192234511096,0.9983130963659123,0.8868308956890422,0.8313101303992252,True,19.0,291.84,0.0014186417103016777,20787.038336855374,,1.0710552499999721,29251.676317714817,7862.8002140588205,37114.47653177364
992,jinan,Asia/Shanghai,2023,4201118,23.70632822454533,18.77628194398324,33878.42822162214,18.33878600123626,0.9906028948285994,0.9114638120851934,0.897098825155117,False,,,,,"No feasible battery size was found within the tested range for the selected fixed PV and wind capacities. Battery-range inadequacy: annual renewable production is sufficient overall, but no module count within the tested range (0..n_max) achieved the reliability target. Consider increasing candidate_module_counts.max and re-running.",0.9789262740000595,30455.12529946814,14126.18667330593,44581.31197277407
993,jinan,Asia/Shanghai,2023,4201119,15.468560469718504,7.546668790132944,39158.88024002302,16.661527400261953,0.996050461929072,0.9498576245883933,0.8387443144186344,False,,,,,"No feasible battery size was found within the tested range for the selected fixed PV and wind capacities. Renewable-generation inadequacy: annual PV+wind production (25550 kWh) is less than annual load (39159 kWh). No finite battery can close this gap -- storage shifts energy in time, it does not create it. Increasing PV/wind capacity (a scenario input, not a battery decision variable in this optimization) would be required.",0.9987000329999773,19872.20217510981,5677.676358347986,25549.8785334578
994,jinan,Asia/Shanghai,2023,4201120,14.073120468675302,17.164437949570143,41075.0673023813,17.982749094867017,0.9922161171841534,0.8914687684844684,0.856218088716516,False,,,,,"No feasible battery size was found within the tested range for the selected fixed PV and wind capacities. Renewable-generation inadequacy: annual PV+wind production (30993 kWh) is less than annual load (41075 kWh). No finite battery can close this gap -- storage shifts energy in time, it does not create it. Increasing PV/wind capacity (a scenario input, not a battery decision variable in this optimization) would be required.",0.995400502999928,18079.503631618867,12913.528639023336,30993.0322706422
995,jinan,Asia/Shanghai,2023,4201121,17.696450351069963,5.638589566417746,43008.54254597217,12.589867007162901,0.9929396981918558,0.8810286194708394,0.7070654889415895,False,,,,,"No feasible battery size was found within the tested range for the selected fixed PV and wind capacities. Renewable-generation inadequacy: annual PV+wind production (26976 kWh) is less than annual load (43009 kWh). No finite battery can close this gap -- storage shifts energy in time, it does not create it. Increasing PV/wind capacity (a scenario input, not a battery decision variable in this optimization) would be required.",1.0148777420001807,22734.335224449944,4242.148100832936,26976.48332528288
996,jinan,Asia/Shanghai,2023,4201122,33.77869811680884,14.794117699297288,15988.881971858405,10.377584408735272,0.9914877463278376,0.8901593397862348,0.7552615641348287,True,4.0,61.44,0.003927884329364677,4376.21859723271,,0.9743436460000794,43394.93125448162,11130.23701447457,54525.168268956186
997,jinan,Asia/Shanghai,2023,4201123,26.485256423871924,9.200132156244539,23746.84325139068,12.168963259346896,0.9937802676526484,0.8915765019209161,0.7077731271071775,True,15.0,230.39999999999998,0.005824454163849667,16410.81973962266,,0.9902225669998188,34025.16810437156,6921.646396550882,40946.81450092244
998,jinan,Asia/Shanghai,2023,4201124,10.802436189455353,8.900664310761034,12244.836442023401,12.970146579054589,0.9903566453531257,0.9522381254195857,0.7985924137891621,True,6.0,92.16,0.007632257418344787,6564.3278958490655,,1.005276780000031,13877.709975716061,6696.344140195048,20574.05411591111
999,jinan,Asia/Shanghai,2023,4201125,31.838631000174328,20.014051018716824,30270.557586809307,18.88044314380199,0.9989121669646978,0.9123293217413091,0.7251728280498466,True,29.0,445.44,0.0009606302882311032,31727.584829937146,,0.9989076510000814,40902.55932042116,15057.412411196747,55959.97173161791
1000,jinan,Asia/Shanghai,2023,4201126,20.897145359436006,9.467077940285403,31240.226682470005,10.67581401878602,0.9943240447285812,0.9486868818468401,0.7548041949083704,False,,,,,"No feasible battery size was found within the tested range for the selected fixed PV and wind capacities. Battery-range inadequacy: annual renewable production is sufficient overall, but no module count within the tested range (0..n_max) achieved the reliability target. Consider increasing candidate_module_counts.max and re-running.",0.9990422110001873,26846.21482899547,7122.480938142415,33968.695767137884
1001,jinan,Asia/Shanghai,2023,4201127,26.124241739191763,11.703224986573769,41398.43456482646,14.593049486115445,0.9900765425745955,0.9394046206994696,0.7340324016133164,False,,,,,"No feasible battery size was found within the tested range for the selected fixed PV and wind capacities. Battery-range inadequacy: annual renewable production is sufficient overall, but no module count within the tested range (0..n_max) achieved the reliability target. Consider increasing candidate_module_counts.max and re-running.",1.0108398120000857,33561.37854772911,8804.828417748377,42366.20696547748
1002,jinan,Asia/Shanghai,2023,4201128,31.73421370609118,16.346773336909163,26059.307108926987,15.410996438108878,0.997709339572819,0.9500869342475866,0.8090758553143815,True,13.0,199.68,0.002220973191225568,14222.710441006306,,0.9981957669999701,40768.416160644905,12298.365158358483,53066.78131900339
1003,jinan,Asia/Shanghai,2023,4201129,31.680829607785892,13.278291087855072,41561.044862525145,17.43577837434227,0.9912356445318876,0.9014228223634552,0.7539977474698316,False,,,,,"No feasible battery size was found within the tested range for the selected fixed PV and wind capacities. Battery-range inadequacy: annual renewable production is sufficient overall, but no module count within the tested range (0..n_max) achieved the reliability target. Consider increasing candidate_module_counts.max and re-running.",0.983873008999808,40699.834498082615,9989.816896078384,50689.651394161
1004,jinan,Asia/Shanghai,2023,4201130,14.982451569462746,12.850700137948415,17721.32845798449,13.933089663899143,0.9909145389860785,0.9042927237724081,0.8331041291892713,True,9.0,138.24,0.00903125210772611,9846.491843773598,,0.989311225000165,19247.706161798593,9668.122239158663,28915.828400957256
1005,jinan,Asia/Shanghai,2023,4201131,21.956353694000477,13.429254837068154,41917.01011833557,19.767673299364798,0.9950856100492879,0.8871160454317247,0.7205805948447271,False,,,,,"No feasible battery size was found within the tested range for the selected fixed PV and wind capacities. Renewable-generation inadequacy: annual PV+wind production (38310 kWh) is less than annual load (41917 kWh). No finite battery can close this gap -- storage shifts energy in time, it does not create it. Increasing PV/wind capacity (a scenario input, not a battery decision variable in this optimization) would be required.",0.9954364490001808,28206.962146836202,10103.39327443957,38310.35542127577
1006,jinan,Asia/Shanghai,2023,4201132,39.05502166088248,18.58469825496943,40098.76473335277,15.136456365283122,0.9916165584152564,0.9203525944742286,0.8596160875238732,True,19.0,291.84,0.008279221968158933,20787.038336855374,,1.0015749730000607,50173.336291872365,13982.050205679183,64155.386497551546
1007,jinan,Asia/Shanghai,2023,4201133,16.93338832680563,17.321078857570832,36370.57228090626,9.92642155182129,0.9973695047888345,0.9596833808422706,0.871013986050799,False,,,,,"No feasible battery size was found within the tested range for the selected fixed PV and wind capacities. Renewable-generation inadequacy: annual PV+wind production (34785 kWh) is less than annual load (36371 kWh). No finite battery can close this gap -- storage shifts energy in time, it does not create it. Increasing PV/wind capacity (a scenario input, not a battery decision variable in this optimization) would be required.",0.9980518780000693,21754.042142361654,13031.376182732754,34785.418325094404
1008,jinan,Asia/Shanghai,2023,4201134,19.92394658394152,19.88680518025308,32379.630194768968,13.889424867380175,0.9942968257673261,0.9340235033171984,0.72713083160715,False,,,,,"No feasible battery size was found within the tested range for the selected fixed PV and wind capacities. Battery-range inadequacy: annual renewable production is sufficient overall, but no module count within the tested range (0..n_max) achieved the reliability target. Consider increasing candidate_module_counts.max and re-running.",0.9867754439999317,25595.96256013987,14961.680014713631,40557.6425748535
1009,jinan,Asia/Shanghai,2023,4201135,22.265416993523658,8.553435239758919,21204.22123885703,6.917218038832006,0.9919124604469982,0.9503736330208944,0.809967292435534,True,9.0,138.24,0.0076870461121104705,9846.491843773598,,0.989184079000097,28604.010623651764,6435.1091049517545,35039.11972860352
1010,jinan,Asia/Shanghai,2023,4201136,10.70929355536705,20.77048967604231,46378.73583717962,18.206439136739565,0.9974071519458599,0.9692994798520843,0.8172803911075865,False,,,,,"No feasible battery size was found within the tested range for the selected fixed PV and wind capacities. Renewable-generation inadequacy: annual PV+wind production (29385 kWh) is less than annual load (46379 kWh). No finite battery can close this gap -- storage shifts energy in time, it does not create it. Increasing PV/wind capacity (a scenario input, not a battery decision variable in this optimization) would be required.",0.9718442969999614,13758.05118397856,15626.51303038024,29384.564214358797
1011,jinan,Asia/Shanghai,2023,4201137,38.87762885544714,23.97688465002855,22529.549220137575,17.951506340838062,0.997132253990029,0.9498218899660977,0.8792561542583844,True,6.0,92.16,0.0022534078373258573,6564.3278958490655,,0.9796060789999501,49945.442707273985,18038.818836503575,67984.26154377757
1012,jinan,Asia/Shanghai,2023,4201138,21.525700297609234,13.001099317747638,35602.09236814546,16.067068067215132,0.9979176339239185,0.9588260788593354,0.844267924877252,False,,,,,"No feasible battery size was found within the tested range for the selected fixed PV and wind capacities. Battery-range inadequacy: annual renewable production is sufficient overall, but no module count within the tested range (0..n_max) achieved the reliability target. Consider increasing candidate_module_counts.max and re-running.",0.9871086739999555,27653.708896332522,9781.273868202916,37434.98276453544
1013,jinan,Asia/Shanghai,2023,4201139,21.703291373671583,6.632188630047738,35924.67220096753,15.967969994342628,0.9915676687225798,0.9424993047377892,0.7358095098295465,False,,,,,"No feasible battery size was found within the tested range for the selected fixed PV and wind capacities. Renewable-generation inadequacy: annual PV+wind production (32872 kWh) is less than annual load (35925 kWh). No finite battery can close this gap -- storage shifts energy in time, it does not create it. Increasing PV/wind capacity (a scenario input, not a battery decision variable in this optimization) would be required.",0.9909896899998785,27881.857195905384,4989.674469106124,32871.531665011506
1014,jinan,Asia/Shanghai,2023,4201140,14.121893479458295,7.947265330494915,33963.1387581734,16.681862121899048,0.9953720433132643,0.9528416307716421,0.8182954682140738,False,,,,,"No feasible battery size was found within the tested range for the selected fixed PV and wind capacities. Renewable-generation inadequacy: annual PV+wind production (24121 kWh) is less than annual load (33963 kWh). No finite battery can close this gap -- storage shifts energy in time, it does not create it. Increasing PV/wind capacity (a scenario input, not a battery decision variable in this optimization) would be required.",0.9961290139999619,18142.16150678869,5979.061985530001,24121.22349231869
1015,jinan,Asia/Shanghai,2023,4201141,33.919637420454606,24.530450022666013,25638.392318728984,7.249132653903421,0.9912185713053446,0.9337729836990938,0.8094206131710684,True,7.0,107.52,0.006731862880091573,7658.382545157243,,0.9959803690001081,43575.99363206683,18455.28935037231,62031.28298243914
1016,jinan,Asia/Shanghai,2023,4201142,35.59681525896839,16.919212198822358,12702.137269306797,12.094686277581008,0.9908129851472528,0.9165592702607596,0.7807040284606634,True,2.0,30.72,0.004647608540068922,2188.109298616355,,0.9908652379999694,45730.63608608221,12729.034992064928,58459.671078147134
1017,jinan,Asia/Shanghai,2023,4201143,36.389894145386904,18.808283433542435,16879.867134645734,12.361768161679144,0.9964971376288019,0.9643608989205577,0.8268642398436408,True,4.0,61.44,0.0018477601154968661,4376.21859723271,,0.9653014040000016,46749.49133137618,14150.262739946053,60899.75407132223
1018,jinan,Asia/Shanghai,2023,4201144,10.740262342987819,14.99403719392567,16118.465566833109,5.71669325712382,0.9953865957121343,0.9499229712259382,0.7072121110992808,True,19.0,291.84,0.004599029570758169,20787.038336855374,,0.985285187999807,13797.836269987221,11280.64485928532,25078.481129272543
1019,jinan,Asia/Shanghai,2023,4201145,19.0836901443229,11.388732790735723,17001.59552387247,7.830676971067151,0.9981132335981294,0.9505504253334045,0.7688955406982875,True,12.0,184.32,0.0014490563895001643,13128.655791698131,,1.0102412520000144,24516.49909747785,8568.222710667496,33084.72180814535
1020,jinan,Asia/Shanghai,2023,4201146,38.429306184428825,9.778454255846478,26272.818138002025,17.20287967151856,0.9939859773318326,0.9011162790617331,0.7737070935242977,True,10.0,153.6,0.004727541069217674,10940.546493081774,,0.9754743129999497,49369.49003374616,7356.74243743096,56726.23247117712
1021,jinan,Asia/Shanghai,2023,4201147,25.021632171240448,17.412887673206747,26224.259983260934,11.469564966799613,0.9923754925152128,0.928181256857567,0.7438912467539093,True,13.0,199.68,0.007548860929380043,14222.710441006306,,0.9927303199999642,32144.874387730968,13100.44781639256,45245.32220412353
1022,jinan,Asia/Shanghai,2023,4201148,36.025786543242276,19.94734140532603,26411.159536567364,16.208417705492714,0.9900629634762843,0.9110040300378157,0.7880602296293577,True,7.0,107.52,0.009138802703044712,7658.382545157243,,0.9992058140001063,46281.72835514597,15007.223963107084,61288.952318253054
1023,jinan,Asia/Shanghai,2023,4201149,14.240510014455676,24.230817409843976,42381.19827236088,19.377493295361916,0.9919604959081553,0.8816028293472704,0.7874523151476213,False,,,,,"No feasible battery size was found within the tested range for the selected fixed PV and wind capacities. Renewable-generation inadequacy: annual PV+wind production (36524 kWh) is less than annual load (42381 kWh). No finite battery can close this gap -- storage shifts energy in time, it does not create it. Increasing PV/wind capacity (a scenario input, not a battery decision variable in this optimization) would be required.",0.9948599450001439,18294.546195033818,18229.863132617265,36524.40932765108
1024,jinan,Asia/Shanghai,2023,4201150,38.00826888974744,7.766506777435178,14687.420913383936,6.034291763687631,0.9968851619903878,0.9507333880450185,0.8390752111326928,True,4.0,61.44,0.00174786121467034,4376.21859723271,,0.9671362130000034,48828.59042905773,5843.069723007719,54671.66015206545
1025,jinan,Asia/Shanghai,2023,4201151,39.09247680224777,14.494834834143987,24886.020410085745,15.09748143452055,0.9958549055117032,0.8802195352364741,0.8236947396601486,True,9.0,138.24,0.0029458163704377937,9846.491843773598,,0.9862438689999635,50221.454288577064,10905.073926601779,61126.52821517884
1026,jinan,Asia/Shanghai,2023,4201152,17.313069243071013,12.504672831758432,38253.95562939377,13.360793315160437,0.9933178962973959,0.8950669316653411,0.8010964374495506,False,,,,,"No feasible battery size was found within the tested range for the selected fixed PV and wind capacities. Renewable-generation inadequacy: annual PV+wind production (31650 kWh) is less than annual load (38254 kWh). No finite battery can close this gap -- storage shifts energy in time, it does not create it. Increasing PV/wind capacity (a scenario input, not a battery decision variable in this optimization) would be required.",0.9897485849999157,22241.811896038933,9407.791342132095,31649.60323817103
1027,jinan,Asia/Shanghai,2023,4201153,19.5809807052161,23.2585561681615,31373.865611562025,17.989459912556185,0.9935116292563516,0.9544693447409164,0.7113073804344157,False,,,,,"No feasible battery size was found within the tested range for the selected fixed PV and wind capacities. Battery-range inadequacy: annual renewable production is sufficient overall, but no module count within the tested range (0..n_max) achieved the reliability target. Consider increasing candidate_module_counts.max and re-running.",0.9738737000000128,25155.36000410126,17498.390105305385,42653.75010940665
1028,jinan,Asia/Shanghai,2023,4201154,18.94357076704045,6.563518660893988,11266.007228594957,18.782933679846785,0.9964518186995971,0.9362599058021623,0.8064985618823666,True,4.0,61.44,0.00259768396593881,4376.21859723271,,0.9951893130000826,24336.490065644644,4938.011162919625,29274.50122856427
1029,jinan,Asia/Shanghai,2023,4201155,27.08662108650526,17.77380762772907,43063.19178960413,13.953328336932923,0.9967372268679979,0.9052880246646762,0.8953523475632945,False,,,,,"No feasible battery size was found within the tested range for the selected fixed PV and wind capacities. Battery-range inadequacy: annual renewable production is sufficient overall, but no module count within the tested range (0..n_max) achieved the reliability target. Consider increasing candidate_module_counts.max and re-running.",0.9897878459998992,34797.73127728029,13371.98307917323,48169.71435645352
1030,jinan,Asia/Shanghai,2023,4201156,38.00182181985183,21.722390694176422,28563.585507620566,19.594626513224043,0.9957805056374316,0.9586292858783702,0.7492113960973651,True,11.0,168.95999999999998,0.0033924641980213185,12034.601142389953,,0.9790468989999681,48820.30798566854,16342.668205126185,65162.976190794725
1031,jinan,Asia/Shanghai,2023,4201157,24.668922228999485,5.594344267128665,10355.207730657954,15.581798314091968,0.9910646426021904,0.9293027413399736,0.839201496442004,True,2.0,30.72,0.005773745237897126,2188.109298616355,,0.989836342999979,31691.753795475153,4208.86050113463,35900.61429660978
1032,jinan,Asia/Shanghai,2023,4201158,10.967037586889179,13.97482798291364,37366.07747943359,18.34596481782275,0.9926930709054149,0.9676794876715897,0.8689082999319395,False,,,,,"No feasible battery size was found within the tested range for the selected fixed PV and wind capacities. Renewable-generation inadequacy: annual PV+wind production (24603 kWh) is less than annual load (37366 kWh). No finite battery can close this gap -- storage shifts energy in time, it does not create it. Increasing PV/wind capacity (a scenario input, not a battery decision variable in this optimization) would be required.",1.0437290790000588,14089.170651356431,10513.850899924135,24603.021551280566
1033,jinan,Asia/Shanghai,2023,4201159,29.51905216245563,12.838510144922623,38444.41504797994,17.2428990360553,0.992729698873979,0.9693547058416326,0.8817238739509278,False,,,,,"No feasible battery size was found within the tested range for the selected fixed PV and wind capacities. Battery-range inadequacy: annual renewable production is sufficient overall, but no module count within the tested range (0..n_max) achieved the reliability target. Consider increasing candidate_module_counts.max and re-running.",1.0069996319998609,37922.63499491662,9658.9511946706,47581.58618958722
1034,jinan,Asia/Shanghai,2023,4201160,24.56504321028768,19.456598315507904,30960.355784751275,16.41395828295539,0.9974428398349018,0.8820900299641339,0.7158264059401298,False,,,,,"No feasible battery size was found within the tested range for the selected fixed PV and wind capacities. Battery-range inadequacy: annual renewable production is sufficient overall, but no module count within the tested range (0..n_max) achieved the reliability target. Consider increasing candidate_module_counts.max and re-running.",0.9888127359999999,31558.30214910935,14638.017295030437,46196.319444139786
1035,jinan,Asia/Shanghai,2023,4201161,20.09402247630181,23.35227265264699,25930.943325735585,18.312683228028863,0.9941619052136857,0.9059967628280416,0.8801290366124991,True,18.0,276.48,0.005817847334050149,19692.983687547196,,1.0141364680000606,25814.4562282942,17568.896958480982,43383.35318677518
1036,jinan,Asia/Shanghai,2023,4201162,26.820123067560324,12.209685900600826,11776.280145112672,6.663996986723358,0.9912537929487738,0.9128352661369545,0.8214665911488688,True,2.0,30.72,0.006884836818243191,2188.109298616355,,1.042828793000126,34455.36570796262,9185.860266099586,43641.22597406221
1037,jinan,Asia/Shanghai,2023,4201163,19.227703432657897,6.3105526752960035,20592.34949269335,11.130224763494152,0.998930429358051,0.9153688214275845,0.7178390837494888,False,,,,,"No feasible battery size was found within the tested range for the selected fixed PV and wind capacities. Battery-range inadequacy: annual renewable production is sufficient overall, but no module count within the tested range (0..n_max) achieved the reliability target. Consider increasing candidate_module_counts.max and re-running.",1.0174266490000718,24701.51057202959,4747.694211714116,29449.204783743706
1038,jinan,Asia/Shanghai,2023,4201164,27.433444434218003,23.392801452525795,41467.827954470005,17.54327463780855,0.9983540861649209,0.9372889153046984,0.8989845461306998,False,,,,,"No feasible battery size was found within the tested range for the selected fixed PV and wind capacities. Battery-range inadequacy: annual renewable production is sufficient overall, but no module count within the tested range (0..n_max) achieved the reliability target. Consider increasing candidate_module_counts.max and re-running.",0.9944079120000424,35243.2894595228,17599.38847934976,52842.677938872555
1039,jinan,Asia/Shanghai,2023,4201165,10.998447096389524,21.696793522871246,44280.42678089047,18.750505861429474,0.9943035251187227,0.950898033125854,0.7390160798242359,False,,,,,"No feasible battery size was found within the tested range for the selected fixed PV and wind capacities. Renewable-generation inadequacy: annual PV+wind production (30453 kWh) is less than annual load (44280 kWh). No finite battery can close this gap -- storage shifts energy in time, it does not create it. Increasing PV/wind capacity (a scenario input, not a battery decision variable in this optimization) would be required.",1.0377179369997975,14129.521925428366,16323.410376486614,30452.93230191498
1040,jinan,Asia/Shanghai,2023,4201166,28.09390675534643,12.172903047269228,33846.94602647902,15.133407607374505,0.9931236180007156,0.8994614469372585,0.764337581771867,False,,,,,"No feasible battery size was found within the tested range for the selected fixed PV and wind capacities. Battery-range inadequacy: annual renewable production is sufficient overall, but no module count within the tested range (0..n_max) achieved the reliability target. Consider increasing candidate_module_counts.max and re-running.",0.9769029839999348,36091.77441067257,9158.186978380048,45249.96138905262
1041,jinan,Asia/Shanghai,2023,4201167,20.06793548305152,14.334225118129542,24424.699615472593,6.761253323126197,0.991866116560545,0.8822105255419119,0.7186154322705125,True,20.0,307.2,0.007992124758683767,21881.09298616355,,0.9911059969999769,25780.942702260196,10784.240481687848,36565.183183948044
1042,jinan,Asia/Shanghai,2023,4201168,17.989003531736344,21.399405312714613,31065.50039748801,11.36746836036659,0.9959594664956269,0.9287359504292505,0.7263027853511252,False,,,,,"No feasible battery size was found within the tested range for the selected fixed PV and wind capacities. Battery-range inadequacy: annual renewable production is sufficient overall, but no module count within the tested range (0..n_max) achieved the reliability target. Consider increasing candidate_module_counts.max and re-running.",1.04562200700002,23110.173426366317,16099.67271726068,39209.846143627
1043,jinan,Asia/Shanghai,2023,4201169,16.678700914725688,9.450447219812153,33998.10050449369,11.924365492840197,0.9934882655630477,0.9300975255593609,0.8940231571565115,False,,,,,"No feasible battery size was found within the tested range for the selected fixed PV and wind capacities. Renewable-generation inadequacy: annual PV+wind production (28537 kWh) is less than annual load (33998 kWh). No finite battery can close this gap -- storage shifts energy in time, it does not create it. Increasing PV/wind capacity (a scenario input, not a battery decision variable in this optimization) would be required.",1.0022866150000027,21426.849463106468,7109.96894761002,28536.81841071649
1044,jinan,Asia/Shanghai,2023,4201170,19.425803681676303,15.403908672670346,29214.800625764627,15.749645476187672,0.9965726124118462,0.9456163649271736,0.7403039159877489,False,,,,,"No feasible battery size was found within the tested range for the selected fixed PV and wind capacities. Battery-range inadequacy: annual renewable production is sufficient overall, but no module count within the tested range (0..n_max) achieved the reliability target. Consider increasing candidate_module_counts.max and re-running.",0.9611215410000113,24956.006664742286,11589.008412734545,36545.01507747683
1045,jinan,Asia/Shanghai,2023,4201171,23.472794090835635,21.22349382058275,25261.20682162575,19.763826759348934,0.9932830806761298,0.9247900144607771,0.7949051189605094,True,13.0,199.68,0.006129885794831634,14222.710441006306,,0.9676087220000227,30155.107884857833,15967.327102551226,46122.434987409055
1046,jinan,Asia/Shanghai,2023,4201172,23.009914074077276,21.91262736639243,16211.00950192054,13.514970596209746,0.9955674141961988,0.9566099177262434,0.8218400319852217,True,5.0,76.8,0.0023388689527192585,5470.273246540887,,1.0066065890000573,29560.453631551758,16485.79125535781,46046.24488690957
1047,jinan,Asia/Shanghai,2023,4201173,38.80061043363342,22.44335424521858,23949.59793410926,17.89859667936252,0.9986263003268411,0.9031477462832128,0.8220417613328816,True,10.0,153.6,0.0011444926132428684,10940.546493081774,,0.988278408000042,49846.498422672565,16885.07940970093,66731.5778323735
1048,jinan,Asia/Shanghai,2023,4201174,18.454117370264065,17.991345581644353,13745.712181880876,16.012820328035865,0.9937783784573581,0.9328576460808793,0.7051724805046996,True,5.0,76.8,0.0031408570948650346,5470.273246540887,,0.957343033999905,23707.697433319532,13535.646031972095,37243.343465291626
1049,jinan,Asia/Shanghai,2023,4201175,30.863243656309848,14.919827082704868,35010.040307513686,9.735019585642611,0.9913123815607927,0.9191886047796528,0.8887958242572727,True,21.0,322.56,0.0086367450771999,22975.14763547173,,0.9706312369999068,39649.49543420739,11224.81347119265,50874.308905400045
1050,jinan,Asia/Shanghai,2023,4201176,16.83382079961416,18.51678024070503,11993.741761381656,15.771496779003925,0.9921459346812135,0.92063653542064,0.7735506201189548,True,3.0,46.08,0.006061218079074069,3282.1639479245327,,1.001343123999959,21626.1293973911,13930.952626784627,35557.08202417573
1051,jinan,Asia/Shanghai,2023,4201177,13.385210299520665,11.911639050235515,24004.998331727424,12.831584585446274,0.9987511637964599,0.9223015770259567,0.8828852311265267,False,,,,,"No feasible battery size was found within the tested range for the selected fixed PV and wind capacities. Battery-range inadequacy: annual renewable production is sufficient overall, but no module count within the tested range (0..n_max) achieved the reliability target. Consider increasing candidate_module_counts.max and re-running.",1.0006662579999102,17195.756886954674,8961.62708414098,26157.383971095653
1052,jinan,Asia/Shanghai,2023,4201178,23.846729756876663,7.150866017498789,19206.115811037605,11.112765140864003,0.9929283189567316,0.9579246358779242,0.8357291204393102,True,7.0,107.52,0.005327181945367635,7658.382545157243,,0.9587746580000385,30635.496811196423,5379.897284262777,36015.394095459196
1053,jinan,Asia/Shanghai,2023,4201179,27.349253557560203,14.824591024733811,25890.824731562672,14.18288659748017,0.9911214644889994,0.8946279869395215,0.76062327067934,True,11.0,168.95999999999998,0.007892915569830159,12034.601142389953,,0.9814810949999355,35135.13084156228,11153.163378967656,46288.29422052993
1054,jinan,Asia/Shanghai,2023,4201180,15.135538493832232,18.541974380496335,10990.732856249811,7.402662375001252,0.9981234729854892,0.9697788833399879,0.7975180955656186,True,4.0,61.44,0.0011516423660877255,4376.21859723271,,1.0041010119998646,19444.3743855413,13949.90723786402,33394.28162340532
1055,jinan,Asia/Shanghai,2023,4201181,24.861102190652748,20.467975244748764,11447.583104823003,11.405322228514672,0.9908984509363347,0.9160833744390837,0.896764368225775,True,2.0,30.72,0.0030069068849372465,2188.109298616355,,1.0010956670000724,31938.644193547727,15398.918699374204,47337.56289292193
1056,jinan,Asia/Shanghai,2023,4201182,32.60899842410083,24.700917513704358,39841.94502682407,14.121651077098825,0.9967879874963452,0.9393182505673886,0.7928132059803816,False,,,,,"No feasible battery size was found within the tested range for the selected fixed PV and wind capacities. Battery-range inadequacy: annual renewable production is sufficient overall, but no module count within the tested range (0..n_max) achieved the reliability target. Consider increasing candidate_module_counts.max and re-running.",0.9824347030000808,41892.23752786361,18583.539214073862,60475.77674193747
1057,jinan,Asia/Shanghai,2023,4201183,18.7763900201563,15.403561186687098,20339.73895605722,12.30014519663218,0.9913152186532898,0.9308855589073036,0.7490567381624209,True,10.0,153.6,0.007720829367791335,10940.546493081774,,1.0070660970000063,24121.715742696408,11588.746984413412,35710.46272710982
1058,jinan,Asia/Shanghai,2023,4201184,18.80824311824709,14.980562835647769,16501.05012086323,19.435698254538785,0.9940224988385359,0.9117051306664076,0.7058393210185161,True,7.0,107.52,0.004385512653316589,7658.382545157243,,1.0294780819999687,24162.63688764735,11270.507532795202,35433.14442044255
1059,jinan,Asia/Shanghai,2023,4201185,35.297630893366986,17.516678306127687,26656.20619365189,8.682991990077136,0.9967062367680785,0.96509271181675,0.776161941130404,True,11.0,168.95999999999998,0.0029448092308448177,12034.601142389953,,1.0452702590000627,45346.278911249945,13178.533875174373,58524.812786424314
1060,jinan,Asia/Shanghai,2023,4201186,14.046282051376938,7.183894945454748,10254.478893355437,16.15933161157583,0.998832558473115,0.9693535977478211,0.8568394508685852,True,6.0,92.16,0.0,6564.3278958490655,,0.9861232589998963,18045.024763617082,5404.746336024837,23449.77109964192
1061,jinan,Asia/Shanghai,2023,4201187,14.865513348881308,24.554189118262432,23112.537720078035,10.004294142388154,0.996186032576032,0.8844144268367006,0.8651539459815119,True,26.0,399.36,0.0035023073108057124,28445.42088201261,,1.003787181000007,19097.477576149588,18473.149270501915,37570.6268466515
1062,jinan,Asia/Shanghai,2023,4201188,39.91891829463232,20.501395561798347,41267.05964829333,10.854705058498265,0.9905932925011409,0.951340069081098,0.8194316173809602,True,17.0,261.12,0.009138244333117855,18598.929038239017,,1.0407300750000559,51283.1699184649,15424.062209613978,66707.23212807887
1063,jinan,Asia/Shanghai,2023,4201189,37.280160673662536,7.3192580033366506,22204.922523764333,10.409842305850797,0.9961495173769023,0.9508970646792839,0.8922040817168841,True,7.0,107.52,0.003317181104130999,7658.382545157243,,1.042846069999996,47893.201922562715,5506.585658102231,53399.787580664946
1064,jinan,Asia/Shanghai,2023,4201190,18.862214749724632,14.872728171284946,11158.437203251937,8.794818171633318,0.9933660315730768,0.9334425585872903,0.7941690987198348,True,3.0,46.08,0.0026515420055475934,3282.1639479245327,,1.0002524459998767,24231.973344297072,11189.378979059851,35421.35232335692
1065,jinan,Asia/Shanghai,2023,4201191,34.761906152039415,9.186624377940573,31570.678449776628,18.500166477879265,0.9935275540958234,0.91868947811994,0.8969645887801372,True,16.0,245.76,0.006124019759628629,17504.87438893084,,0.9836745620000329,44658.04225272502,6911.483926769446,51569.52617949447
1066,jinan,Asia/Shanghai,2023,4201192,37.22356950507718,22.449698063091468,12575.40550316051,16.352829152224615,0.9982937481748725,0.9359213596603838,0.820175212095698,True,3.0,46.08,0.00011321984749037844,3282.1639479245327,,1.0055027180001161,47820.50019019043,16889.85213071999,64710.352320910424
1067,jinan,Asia/Shanghai,2023,4201193,11.35016162194333,22.12066044411877,11856.14243316646,9.70264409577011,0.9983327675875849,0.965477062845656,0.8983801080951845,True,5.0,76.8,0.0007827991818313441,5470.273246540887,,1.0039902829998937,14581.363722434007,16642.3032900062,31223.667012440208
1068,jinan,Asia/Shanghai,2023,4201194,12.385921074424132,13.104813536332609,44647.66433560436,15.551088987158192,0.9907420996575987,0.8943916479753559,0.7784616981415009,False,,,,,"No feasible battery size was found within the tested range for the selected fixed PV and wind capacities. Renewable-generation inadequacy: annual PV+wind production (25771 kWh) is less than annual load (44648 kWh). No finite battery can close this gap -- storage shifts energy in time, it does not create it. Increasing PV/wind capacity (a scenario input, not a battery decision variable in this optimization) would be required.",0.9984572519999801,15911.986651747487,9859.302437265644,25771.28908901313
1069,jinan,Asia/Shanghai,2023,4201195,27.099548258190733,5.267442662410826,28615.9064041702,17.657074896427545,0.9983525183638701,0.9108299233974796,0.8284873176330089,False,,,,,"No feasible battery size was found within the tested range for the selected fixed PV and wind capacities. Battery-range inadequacy: annual renewable production is sufficient overall, but no module count within the tested range (0..n_max) achieved the reliability target. Consider increasing candidate_module_counts.max and re-running.",1.0064191789999768,34814.338599583425,3962.918673789666,38777.25727337309
1070,jinan,Asia/Shanghai,2023,4201196,16.804703151065006,16.20426141969418,20161.10904612756,13.570347629411794,0.991545499055639,0.9647109301084669,0.8773834952814583,True,10.0,153.6,0.007569364261546283,10940.546493081774,,1.0388900039999953,21588.72243893719,12191.147448709919,33779.86988764711
1071,jinan,Asia/Shanghai,2023,4201197,20.107547483465197,20.53325777849885,13820.165229287782,16.10541363058136,0.9925421321665143,0.8922077591808276,0.8356382435807228,True,3.0,46.08,0.007362385749992653,3282.1639479245327,,1.008589658000119,25831.83157988537,15448.03349542442,41279.86507530979
1072,jinan,Asia/Shanghai,2023,4201198,11.415236695453437,12.568786637756356,34514.0511824171,14.850209836296145,0.997454481833489,0.9178659055237193,0.8096515562293938,False,,,,,"No feasible battery size was found within the tested range for the selected fixed PV and wind capacities. Renewable-generation inadequacy: annual PV+wind production (24121 kWh) is less than annual load (34514 kWh). No finite battery can close this gap -- storage shifts energy in time, it does not create it. Increasing PV/wind capacity (a scenario input, not a battery decision variable in this optimization) would be required.",0.979217929999777,14664.964586256117,9456.026855135404,24120.99144139152
1073,jinan,Asia/Shanghai,2023,4201199,27.35681126826452,11.24090566600638,12153.016097664464,5.06338889307657,0.9975251287450667,0.8980208640270148,0.8260509328318271,True,3.0,46.08,0.002204801383748217,3282.1639479245327,,0.9864413170000716,35144.840106712785,8457.006146837939,43601.84625355073
1074,jinan,Asia/Shanghai,2023,4201200,27.311424359317588,12.992661534810379,43339.73234802535,15.476023935400685,0.9902046731709525,0.9499024666021016,0.8013997636003525,False,,,,,"No feasible battery size was found within the tested range for the selected fixed PV and wind capacities. Battery-range inadequacy: annual renewable production is sufficient overall, but no module count within the tested range (0..n_max) achieved the reliability target. Consider increasing candidate_module_counts.max and re-running.",0.9960989290000271,35086.53230021312,9774.925769189696,44861.45806940281
1075,jinan,Asia/Shanghai,2023,4201201,12.096410904453162,10.586375606894748,27878.96009305766,14.459385564645146,0.9946148726765734,0.9486729640124252,0.7525135424935804,False,,,,,"No feasible battery size was found within the tested range for the selected fixed PV and wind capacities. Renewable-generation inadequacy: annual PV+wind production (23505 kWh) is less than annual load (27879 kWh). No finite battery can close this gap -- storage shifts energy in time, it does not create it. Increasing PV/wind capacity (a scenario input, not a battery decision variable in this optimization) would be required.",1.00205671599997,15540.05775502332,7964.575652564087,23504.633407587407
1076,jinan,Asia/Shanghai,2023,4201202,31.06470985847453,21.33194093782325,40601.99902331813,16.562698768820503,0.9979965635153595,0.887576068823244,0.8394383142748206,False,,,,,"No feasible battery size was found within the tested range for the selected fixed PV and wind capacities. Battery-range inadequacy: annual renewable production is sufficient overall, but no module count within the tested range (0..n_max) achieved the reliability target. Consider increasing candidate_module_counts.max and re-running.",0.9835430129999168,39908.315710903815,16048.916430347414,55957.232141251225
1077,jinan,Asia/Shanghai,2023,4201203,39.06034603349383,16.473012997490763,18692.652479375705,19.981307086613192,0.9915720956353933,0.9102001927637373,0.7344124376834336,True,4.0,61.44,0.007093828625222311,4376.21859723271,,0.9849103159999686,50180.17642474675,12393.340564899068,62573.51698964582
1078,jinan,Asia/Shanghai,2023,4201204,23.935386062502047,13.377520192219166,29649.63586042291,18.919751000831443,0.994304919472508,0.926316369359228,0.8773364211836936,True,30.0,460.79999999999995,0.005399287873649459,32821.63947924532,,0.9858018410000113,30749.392091428537,10064.47112506014,40813.86321648868
1079,jinan,Asia/Shanghai,2023,4201205,34.532739820444974,9.794440624508884,10517.038209154009,14.442493883030766,0.9976036484145376,0.929756510134936,0.742235384002569,True,3.0,46.08,0.001008936116052304,3282.1639479245327,,1.010814160999871,44363.636080794015,7368.76965499337,51732.40573578738
1080,jinan,Asia/Shanghai,2023,4201206,32.240652720259206,18.390785652225397,32601.301496342116,17.950042610314757,0.9970581811764513,0.9401156882280503,0.8329517338046437,True,26.0,399.36,0.002695503230745197,28445.42088201261,,0.9711768960000882,41419.02993292267,13836.161598294555,55255.19153121722
1081,jinan,Asia/Shanghai,2023,4201207,29.866079028948246,15.50329489833128,28556.86578575388,15.644006892480794,0.995494450333232,0.9240982506070489,0.7253322707822083,True,20.0,307.2,0.004354766540092371,21881.09298616355,,0.9787312799999199,38368.454634348236,11663.780850676741,50032.235485024976
1082,jinan,Asia/Shanghai,2023,4201208,31.057863659594965,17.91997141155931,23689.937038940145,10.344847493226151,0.9922205014572173,0.9665723730728517,0.8720402725737445,True,6.0,92.16,0.007462057078391777,6564.3278958490655,,0.982848279000109,39899.52051315209,13481.948241681046,53381.46875483314
1083,jinan,Asia/Shanghai,2023,4201209,26.831470882366503,13.033062931170285,39473.01054785693,12.915922641889958,0.998782659305236,0.884961035252994,0.706857146810695,False,,,,,"No feasible battery size was found within the tested range for the selected fixed PV and wind capacities. Battery-range inadequacy: annual renewable production is sufficient overall, but no module count within the tested range (0..n_max) achieved the reliability target. Consider increasing candidate_module_counts.max and re-running.",1.0099241870000242,34469.944056769906,9805.321439032368,44275.265495802276
1084,jinan,Asia/Shanghai,2023,4201210,27.0583305392012,9.065584453778134,34172.1665420077,16.721345428207663,0.9912429878506639,0.9196547401770575,0.8377334166898711,False,,,,,"No feasible battery size was found within the tested range for the selected fixed PV and wind capacities. Battery-range inadequacy: annual renewable production is sufficient overall, but no module count within the tested range (0..n_max) achieved the reliability target. Consider increasing candidate_module_counts.max and re-running.",0.9813576030001059,34761.38688202959,6820.420500647997,41581.80738267759
1085,jinan,Asia/Shanghai,2023,4201211,35.01590712018914,14.926881800727145,18246.143476240864,13.786988833784495,0.994090653618525,0.9494732884304037,0.8111152128405896,True,5.0,76.8,0.0024048352107409318,5470.273246540887,,0.9806431780000366,44984.353068888304,11230.121032295938,56214.47410118424
1086,jinan,Asia/Shanghai,2023,4201212,18.964100843739367,19.21746350585716,21304.252440087155,13.140332563118928,0.994739361874088,0.9022651791020623,0.7695762399759636,True,15.0,230.39999999999998,0.004896512483170884,16410.81973962266,,0.9816487040000084,24362.864713475003,14458.106119256134,38820.97083273114
1087,jinan,Asia/Shanghai,2023,4201213,38.26544364358137,10.011970728308672,42041.08174523943,15.0105587001821,0.9947936621927319,0.8923763382518647,0.7409141505412755,False,,,,,"No feasible battery size was found within the tested range for the selected fixed PV and wind capacities. Battery-range inadequacy: annual renewable production is sufficient overall, but no module count within the tested range (0..n_max) achieved the reliability target. Consider increasing candidate_module_counts.max and re-running.",1.0003590270000586,49158.97855486469,7532.426701820157,56691.40525668485
1088,jinan,Asia/Shanghai,2023,4201214,15.369328707712118,16.735885179475048,48935.32786873912,18.15858894162492,0.9902272669463662,0.9046353962016112,0.7314514917874044,False,,,,,"No feasible battery size was found within the tested range for the selected fixed PV and wind capacities. Renewable-generation inadequacy: annual PV+wind production (32336 kWh) is less than annual load (48935 kWh). No finite battery can close this gap -- storage shifts energy in time, it does not create it. Increasing PV/wind capacity (a scenario input, not a battery decision variable in this optimization) would be required.",0.9927940079999189,19744.720782084027,12591.110364319831,32335.831146403856
1089,jinan,Asia/Shanghai,2023,4201215,39.27033525693705,9.712204691956302,18052.527401551757,14.313129403733889,0.9950056792521731,0.9003266335403112,0.8340729729074484,True,5.0,76.8,0.002457552231058395,5470.273246540887,,1.003512277000027,50449.94608502167,7306.900103931189,57756.84618895286
1090,jinan,Asia/Shanghai,2023,4201216,12.910216338840675,5.387381320617843,13296.591628253873,10.47302338963659,0.9987751469508733,0.9292522298928427,0.8509452206030934,True,14.0,215.04,0.0009661441944000233,15316.765090314486,,1.0090049979999094,16585.540051518226,4053.1535712114687,20638.693622729694
1091,jinan,Asia/Shanghai,2023,4201217,17.565017165444498,17.861815383544833,30440.250058495498,19.34603968216154,0.9981420754301057,0.9157005339032569,0.8893739503076467,False,,,,,"No feasible battery size was found within the tested range for the selected fixed PV and wind capacities. Battery-range inadequacy: annual renewable production is sufficient overall, but no module count within the tested range (0..n_max) achieved the reliability target. Consider increasing candidate_module_counts.max and re-running.",1.0441388500000812,22565.485198464587,13438.195015650386,36003.680214114975
1092,jinan,Asia/Shanghai,2023,4201218,36.54437658250029,16.807677007382786,13284.716351581612,7.4118536098930665,0.9906918682020642,0.8897193803184155,0.8953904748786156,True,2.0,30.72,0.004009871468149417,2188.109298616355,,1.0069641830000364,46947.95234711391,12645.122376158391,59593.0747232723
1093,jinan,Asia/Shanghai,2023,4201219,16.36501897648457,18.81709164681326,35461.130307310785,14.467172972795057,0.9918603359963643,0.9321411934946149,0.8251076699169904,False,,,,,"No feasible battery size was found within the tested range for the selected fixed PV and wind capacities. Renewable-generation inadequacy: annual PV+wind production (35181 kWh) is less than annual load (35461 kWh). No finite battery can close this gap -- storage shifts energy in time, it does not create it. Increasing PV/wind capacity (a scenario input, not a battery decision variable in this optimization) would be required.",1.0300494170001002,21023.867498003077,14156.889529280235,35180.75702728331
1094,jinan,Asia/Shanghai,2023,4201220,34.221669670784166,8.517851333443678,47319.270395918036,18.268475424817805,0.9932452879244588,0.9074637637772733,0.7274973366837804,False,,,,,"No feasible battery size was found within the tested range for the selected fixed PV and wind capacities. Battery-range inadequacy: annual renewable production is sufficient overall, but no module count within the tested range (0..n_max) achieved the reliability target. Consider increasing candidate_module_counts.max and re-running.",1.026171765000072,43964.00943700886,6408.33783550266,50372.34727251152
1095,jinan,Asia/Shanghai,2023,4201221,37.48983447801868,17.55063717646544,11271.343285736126,12.664991218424156,0.9907721905304645,0.9316375616457557,0.8017923436641625,True,2.0,30.72,0.0014296443388743243,2188.109298616355,,1.0332549039999321,48162.56636918634,13204.082561705436,61366.64893089177
1096,jinan,Asia/Shanghai,2023,4201222,12.485381365081661,21.317211862335455,20492.68708665111,13.122265462500485,0.9957513498896748,0.9666074080217649,0.7987623385759692,True,24.0,368.64,0.003751969076920681,26257.311583396262,,0.9980127789999642,16039.76163172774,16037.83512732445,32077.59675905219
1097,jinan,Asia/Shanghai,2023,4201223,38.61809199587104,13.844272770347555,30957.408719610143,13.966622934770331,0.992475338037207,0.9407024291684646,0.8397123893209032,True,10.0,153.6,0.006613665355046492,10940.546493081774,,0.9975823339998442,49612.02002353519,10415.628722105132,60027.64874564032
1098,jinan,Asia/Shanghai,2023,4201224,10.61614942086487,12.267281677135191,35583.30257688151,12.82316329599308,0.9960708523612364,0.9407516974783857,0.7280347487988477,False,,,,,"No feasible battery size was found within the tested range for the selected fixed PV and wind capacities. Renewable-generation inadequacy: annual PV+wind production (22868 kWh) is less than annual load (35583 kWh). No finite battery can close this gap -- storage shifts energy in time, it does not create it. Increasing PV/wind capacity (a scenario input, not a battery decision variable in this optimization) would be required.",1.0810312880000765,13638.390464684318,9229.191991376494,22867.582456060813
1099,jinan,Asia/Shanghai,2023,4201225,11.720122102651466,17.507162808693398,36128.9721990097,13.350556027125567,0.9922118621969166,0.9529688695284029,0.7151372030992513,False,,,,,"No feasible battery size was found within the tested range for the selected fixed PV and wind capacities. Renewable-generation inadequacy: annual PV+wind production (28228 kWh) is less than annual load (36129 kWh). No finite battery can close this gap -- storage shifts energy in time, it does not create it. Increasing PV/wind capacity (a scenario input, not a battery decision variable in this optimization) would be required.",1.0409784749999744,15056.645794338834,13171.374966214273,28228.020760553107
1100,jinan,Asia/Shanghai,2023,4201226,28.96935367964078,7.408230717587443,36177.908657329186,11.265886817352447,0.996462927498939,0.8846972982229241,0.8110165976960736,False,,,,,"No feasible battery size was found within the tested range for the selected fixed PV and wind capacities. Battery-range inadequacy: annual renewable production is sufficient overall, but no module count within the tested range (0..n_max) achieved the reliability target. Consider increasing candidate_module_counts.max and re-running.",0.9867549170000984,37216.44650328339,5573.5235733980835,42789.97007668147
1101,jinan,Asia/Shanghai,2023,4201227,14.346336966402388,18.647632632209472,14798.225252467297,6.103749844278887,0.9964181051836525,0.8857178741111454,0.7449061635863032,True,9.0,138.24,0.0034054827710547557,9846.491843773598,,1.0223511389999658,18430.500318804905,14029.398384818876,32459.89870362378
1102,jinan,Asia/Shanghai,2023,4201228,31.731726376471546,6.949726987893092,46530.02434507471,14.559652737674387,0.9944397478142079,0.9236256329200447,0.7362724095689821,False,,,,,"No feasible battery size was found within the tested range for the selected fixed PV and wind capacities. Renewable-generation inadequacy: annual PV+wind production (45994 kWh) is less than annual load (46530 kWh). No finite battery can close this gap -- storage shifts energy in time, it does not create it. Increasing PV/wind capacity (a scenario input, not a battery decision variable in this optimization) would be required.",1.0324951860000056,40765.22072968193,5228.5719319925865,45993.79266167452
1103,jinan,Asia/Shanghai,2023,4201229,20.37752117363961,19.542473306342984,31637.74483417554,12.939593061503942,0.9917572130509102,0.9421326080758315,0.77840678021227,False,,,,,"No feasible battery size was found within the tested range for the selected fixed PV and wind capacities. Battery-range inadequacy: annual renewable production is sufficient overall, but no module count within the tested range (0..n_max) achieved the reliability target. Consider increasing candidate_module_counts.max and re-running.",1.0427766049999718,26178.662286182116,14702.624662704391,40881.28694888651
1104,jinan,Asia/Shanghai,2023,4201230,15.482600153156024,23.875695031926586,30271.949874624206,12.920549712685482,0.9988323471919333,0.9129765523453444,0.88860413691249,False,,,,,"No feasible battery size was found within the tested range for the selected fixed PV and wind capacities. Battery-range inadequacy: annual renewable production is sufficient overall, but no module count within the tested range (0..n_max) achieved the reliability target. Consider increasing candidate_module_counts.max and re-running.",1.0029563339999186,19890.238722744034,17962.68963057381,37852.92835331784
1105,jinan,Asia/Shanghai,2023,4201231,30.8477608340644,17.661912654895996,19376.732077699224,5.776335085816852,0.9939400545445662,0.8809153865796152,0.7142005021540766,True,6.0,92.16,0.005265224755336234,6564.3278958490655,,1.0376952750000328,39629.60491016637,13287.799784591258,52917.40469475763
1106,jinan,Asia/Shanghai,2023,4201232,27.85980267083119,19.489436661460548,16717.933276971078,15.987506190106608,0.9985475324393528,0.9468858472653576,0.8569430439150065,True,6.0,92.16,0.001082226235999667,6564.3278958490655,,1.0308685800000603,35791.0247897487,14662.722963935154,50453.747753683856
1107,jinan,Asia/Shanghai,2023,4201233,31.021377408051155,9.494748809095023,24435.597686233443,19.23900444154726,0.9959508952107311,0.9510122260540664,0.8937389237689355,True,10.0,153.6,0.0033745936976893333,10940.546493081774,,1.0163330160000896,39852.64723307475,7143.29889663832,46995.94612971307
1108,jinan,Asia/Shanghai,2023,4201234,18.861798516883326,19.482081666721236,15841.264987197823,18.42160203917775,0.9909082352793641,0.9577142020386191,0.7995618855472465,True,5.0,76.8,0.004509546326172777,5470.273246540887,,0.9831049599999915,24231.438616893673,14657.18949202742,38888.6281089211
1109,jinan,Asia/Shanghai,2023,4201235,22.859410104634055,15.013235211508626,18008.252123716848,11.865283693382203,0.997647478343088,0.9520859717996919,0.7326097068982658,True,9.0,138.24,0.0020817326851135204,9846.491843773598,,0.9843927760000497,29367.10368701185,11295.08833541884,40662.192022430696
1110,jinan,Asia/Shanghai,2023,4201236,30.202629343871852,22.136745299308508,42790.703544752374,11.38448664945772,0.990432835563115,0.9638052480676373,0.7791770231696123,False,,,,,"No feasible battery size was found within the tested range for the selected fixed PV and wind capacities. Battery-range inadequacy: annual renewable production is sufficient overall, but no module count within the tested range (0..n_max) achieved the reliability target. Consider increasing candidate_module_counts.max and re-running.",0.9724718910001684,38800.81522235197,16654.404603125655,55455.21982547763
1111,jinan,Asia/Shanghai,2023,4201237,20.82929911769031,20.19029888957626,20558.888619680904,17.52121884750938,0.9906844640473739,0.9466640080644589,0.8931578980883064,True,6.0,92.16,0.007761647642887611,6564.3278958490655,,0.9689806050000698,26759.05389146472,15190.011097771694,41949.064989236416
1112,jinan,Asia/Shanghai,2023,4201238,22.062329631810385,7.1853450711637645,33625.36311300499,15.508189227832965,0.9936359692486337,0.9165426604567478,0.8146622781428607,False,,,,,"No feasible battery size was found within the tested range for the selected fixed PV and wind capacities. Battery-range inadequacy: annual renewable production is sufficient overall, but no module count within the tested range (0..n_max) achieved the reliability target. Consider increasing candidate_module_counts.max and re-running.",0.9943412239999816,28343.107670266003,5405.83732659083,33748.94499685684
1113,jinan,Asia/Shanghai,2023,4201239,10.833522877214854,24.15731792773498,21596.228283868375,7.113362926533202,0.9900493955652113,0.9571202387247142,0.8726414751599338,True,28.0,430.08,0.00973229958811238,30633.53018062897,,0.9737787809999645,13917.64652607061,18174.56638069585,32092.21290676646
1114,jinan,Asia/Shanghai,2023,4201240,12.859198135531305,8.044826057776021,27916.089250310717,7.785562595994734,0.9966223902315308,0.885223577113515,0.8099418664771731,False,,,,,"No feasible battery size was found within the tested range for the selected fixed PV and wind capacities. Renewable-generation inadequacy: annual PV+wind production (22572 kWh) is less than annual load (27916 kWh). No finite battery can close this gap -- storage shifts energy in time, it does not create it. Increasing PV/wind capacity (a scenario input, not a battery decision variable in this optimization) would be required.",0.9778474239999468,16519.997814878992,6052.461024257049,22572.45883913604
1115,jinan,Asia/Shanghai,2023,4201241,21.483746953417125,14.29892967384503,26990.28470782407,7.297387738019805,0.9919825333677771,0.8858326929019384,0.7230571150598142,True,27.0,414.71999999999997,0.007974360757677696,29539.475531320786,,1.0000213700000131,27599.812133324765,10757.686234357747,38357.498367682514
1116,jinan,Asia/Shanghai,2023,4201242,39.33684467256745,10.59573623354504,22281.02157358257,6.906594956481816,0.9967964778404708,0.9631728529168554,0.8579501074133302,True,7.0,107.52,0.002536752162752507,7658.382545157243,,0.9639861939999719,50535.38962429238,7971.618045719219,58507.0076700116
1117,jinan,Asia/Shanghai,2023,4201243,28.378474883025156,21.264658312211523,26169.209317314337,17.892460326210312,0.9971866696467436,0.8801552179830687,0.7975588269835034,True,17.0,261.12,0.0026146583151123535,18598.929038239017,,0.9553097319999324,36457.35434791976,15998.296881061935,52455.6512289817
1118,jinan,Asia/Shanghai,2023,4201244,15.412996938244682,17.44418361380936,36380.496027653324,12.656378744714296,0.9934537324160645,0.9318577825979664,0.8286771506066477,False,,,,,"No feasible battery size was found within the tested range for the selected fixed PV and wind capacities. Renewable-generation inadequacy: annual PV+wind production (32925 kWh) is less than annual load (36380 kWh). No finite battery can close this gap -- storage shifts energy in time, it does not create it. Increasing PV/wind capacity (a scenario input, not a battery decision variable in this optimization) would be required.",0.9691148829999747,19800.82063103062,13123.993068875887,32924.8136999065
1119,jinan,Asia/Shanghai,2023,4201245,34.10446138874952,20.855016564196948,36592.030620597914,18.413488748426985,0.9975422272823588,0.8919921407396146,0.8913358882646967,False,,,,,"No feasible battery size was found within the tested range for the selected fixed PV and wind capacities. Battery-range inadequacy: annual renewable production is sufficient overall, but no module count within the tested range (0..n_max) achieved the reliability target. Consider increasing candidate_module_counts.max and re-running.",0.9695022920000156,43813.433907905855,15690.106163703884,59503.540071609736
1120,jinan,Asia/Shanghai,2023,4201246,36.75226906953761,11.418543590159196,10807.376744281579,14.059639201374312,0.9939457581917975,0.9474609996327519,0.8049199529017245,True,2.0,30.72,0.0017571679152401315,2188.109298616355,,0.9772419839998747,47215.02836502647,8590.650628973835,55805.67899400031
1121,jinan,Asia/Shanghai,2023,4201247,25.93016295734826,10.00162714614402,36078.41771990651,15.401633271468143,0.9907655353170369,0.9136534368266278,0.8488754602412583,False,,,,,"No feasible battery size was found within the tested range for the selected fixed PV and wind capacities. Battery-range inadequacy: annual renewable production is sufficient overall, but no module count within the tested range (0..n_max) achieved the reliability target. Consider increasing candidate_module_counts.max and re-running.",0.9715996859999905,33312.04876696229,7524.644789886555,40836.69355684884
1122,jinan,Asia/Shanghai,2023,4201248,34.43580565963211,8.62073755546514,30670.866377244205,14.912469457033737,0.9920132961644611,0.9265235079034592,0.8276890048781191,True,13.0,199.68,0.007409924442447143,14222.710441006306,,0.9789668840001013,44239.10637778003,6485.743467923519,50724.849845703546
1123,jinan,Asia/Shanghai,2023,4201249,16.43348534433041,12.511268205002828,18653.55240542832,18.54414356642898,0.9921311899373699,0.8908751163387217,0.7070310623054287,True,13.0,199.68,0.0074776655955702395,14222.710441006306,,0.9919035409998287,21111.825101213242,9412.75331883805,30524.578420051294
1124,jinan,Asia/Shanghai,2023,4201250,11.457302134895729,17.150835532416558,37536.97062076061,15.970063244656453,0.9920190905878163,0.9581650145765569,0.8380576334661853,False,,,,,"No feasible battery size was found within the tested range for the selected fixed PV and wind capacities. Renewable-generation inadequacy: annual PV+wind production (27622 kWh) is less than annual load (37537 kWh). No finite battery can close this gap -- storage shifts energy in time, it does not create it. Increasing PV/wind capacity (a scenario input, not a battery decision variable in this optimization) would be required.",0.9856592599999203,14719.005356166057,12903.294968454638,27622.300324620694
1125,jinan,Asia/Shanghai,2023,4201251,39.00805121523752,8.489620212194557,11066.879985850414,5.079844730606304,0.9935959893749946,0.959582802892784,0.8639524158435858,True,2.0,30.72,0.0019046234146621577,2188.109298616355,,0.9784827359999326,50112.99414213329,6387.0983755312145,56500.0925176645
1126,jinan,Asia/Shanghai,2023,4201252,37.36137394749085,15.675646386577979,27949.849355006572,10.787914641601917,0.9904177626821218,0.9618569130674638,0.7992352184569455,True,8.0,122.88,0.007646221307825254,8752.43719446542,,0.9906913410000016,47997.53526372773,11793.448124722716,59790.98338845045
1127,jinan,Asia/Shanghai,2023,4201253,10.2605079539161,8.407910864702641,28841.874081790218,17.758105811922178,0.9986860517546519,0.9335381753211461,0.742426795084604,False,,,,,"No feasible battery size was found within the tested range for the selected fixed PV and wind capacities. Renewable-generation inadequacy: annual PV+wind production (19507 kWh) is less than annual load (28842 kWh). No finite battery can close this gap -- storage shifts energy in time, it does not create it. Increasing PV/wind capacity (a scenario input, not a battery decision variable in this optimization) would be required.",1.0209515280000687,13181.50379142899,6325.624996559362,19507.128787988353
1128,jinan,Asia/Shanghai,2023,4201254,15.53754087473937,17.788879079725348,18402.765882376185,13.296311358813293,0.9975133073622952,0.9150837683615881,0.7756944379483858,True,18.0,276.48,0.00206158958667339,19692.983687547196,,0.9958836850000807,19960.820153323046,13383.32196644454,33344.14211976759
1129,jinan,Asia/Shanghai,2023,4201255,11.084210106732213,10.081691568491099,37927.65838477098,10.405868676982948,0.9914246902556093,0.8895190960384295,0.7190106756301418,False,,,,,"No feasible battery size was found within the tested range for the selected fixed PV and wind capacities. Renewable-generation inadequacy: annual PV+wind production (21825 kWh) is less than annual load (37928 kWh). No finite battery can close this gap -- storage shifts energy in time, it does not create it. Increasing PV/wind capacity (a scenario input, not a battery decision variable in this optimization) would be required.",0.9824644790001003,14239.700237367108,7584.880622483203,21824.58085985031
1130,jinan,Asia/Shanghai,2023,4201256,29.774002993536854,17.252429575870973,30740.840224083397,12.504896722387091,0.9913782316741908,0.9250543802284078,0.711987555320076,True,16.0,245.76,0.008094634658798186,17504.87438893084,,0.9749659760000213,38250.16608417838,12979.72844058797,51229.89452476635
1131,jinan,Asia/Shanghai,2023,4201257,35.85869645006366,8.505707590486516,24137.92158737323,8.562370758533808,0.991103785628741,0.9381804448776035,0.7691742046471071,True,8.0,122.88,0.00638740422664977,8752.43719446542,,0.9981283220001842,46067.07049350438,6399.201586886598,52466.27208039098
1132,jinan,Asia/Shanghai,2023,4201258,16.761521343290024,22.319955470039524,39932.717236142664,16.60641723044514,0.9903527630206496,0.9623617404307959,0.814947675594847,False,,,,,"No feasible battery size was found within the tested range for the selected fixed PV and wind capacities. Renewable-generation inadequacy: annual PV+wind production (38325 kWh) is less than annual load (39933 kWh). No finite battery can close this gap -- storage shifts energy in time, it does not create it. Increasing PV/wind capacity (a scenario input, not a battery decision variable in this optimization) would be required.",0.990563333999944,21533.247489211197,16792.241320741836,38325.488809953036
1133,jinan,Asia/Shanghai,2023,4201259,25.114084140535564,5.211706920555623,45906.488417364184,13.158357057290008,0.9974263811610649,0.9389959864664464,0.859338722702176,False,,,,,"No feasible battery size was found within the tested range for the selected fixed PV and wind capacities. Renewable-generation inadequacy: annual PV+wind production (36185 kWh) is less than annual load (45906 kWh). No finite battery can close this gap -- storage shifts energy in time, it does not create it. Increasing PV/wind capacity (a scenario input, not a battery decision variable in this optimization) would be required.",0.9855041609998807,32263.645893904162,3920.9863308385593,36184.63222474272
1134,jinan,Asia/Shanghai,2023,4201260,30.78795245673407,23.419278046716535,19019.36745358199,8.031501570993608,0.9964128740575061,0.9251255320525122,0.819832234066974,True,5.0,76.8,0.0035028090511509736,5470.273246540887,,0.9660202019999815,39552.77008326698,17619.30793481637,57172.07801808335
1135,jinan,Asia/Shanghai,2023,4201261,36.70397522580393,10.053882558034093,23073.386996956517,9.581626677391084,0.9950783734059753,0.9171584634008634,0.7215918569989804,True,9.0,138.24,0.0037775014796456036,9846.491843773598,,0.9937685330000932,47152.98606778959,7563.9587342154655,54716.944802005055
1136,jinan,Asia/Shanghai,2023,4201262,36.7386166526938,9.093532583173483,31363.200439541186,13.922073439058922,0.9903667665928279,0.8886141094888903,0.8943379420859103,True,11.0,168.95999999999998,0.008891421416136787,12034.601142389953,,1.0128693709998515,47197.48933233948,6841.447053944663,54038.93638628414
1137,jinan,Asia/Shanghai,2023,4201263,29.935370204481472,5.671303540928538,41767.96882611995,12.628142139162282,0.9906767961487063,0.9412676888243012,0.7998703611736937,False,,,,,"No feasible battery size was found within the tested range for the selected fixed PV and wind capacities. Battery-range inadequacy: annual renewable production is sufficient overall, but no module count within the tested range (0..n_max) achieved the reliability target. Consider increasing candidate_module_counts.max and re-running.",0.9688113100000919,38457.4718542662,4266.760199870642,42724.232054136846
1138,jinan,Asia/Shanghai,2023,4201264,16.147594033327696,22.554045441776392,21655.194332010164,9.268349531799617,0.9924549622361305,0.9490710199380146,0.8412237340761064,True,12.0,184.32,0.007147141511804266,13128.655791698131,,0.9673019249999015,20744.54529237292,16968.357052757856,37712.90234513077
1139,jinan,Asia/Shanghai,2023,4201265,37.09437056411072,9.586784391685594,41454.58382171234,13.59568364792144,0.992778116486874,0.8831908719166975,0.863789509970222,False,,,,,"No feasible battery size was found within the tested range for the selected fixed PV and wind capacities. Battery-range inadequacy: annual renewable production is sufficient overall, but no module count within the tested range (0..n_max) achieved the reliability target. Consider increasing candidate_module_counts.max and re-running.",0.9865281560000767,47654.520461131506,7212.541136616373,54867.06159774788
1140,jinan,Asia/Shanghai,2023,4201266,39.5815388301169,16.967681499052993,34303.57799854182,19.38443254477454,0.9974882632888749,0.9532818637871514,0.7679004739803251,True,23.0,353.28,0.002255259204130544,25163.25693408808,,1.0045244660000208,50849.74413578102,12765.500485341241,63615.244621122256
1141,jinan,Asia/Shanghai,2023,4201267,20.045901803939365,10.834759196252936,23867.830471052795,10.542631420397758,0.9912600332008253,0.9120353076431884,0.7893494070489455,True,19.0,291.84,0.008336710860372576,20787.038336855374,,0.9723523010000008,25752.63640143567,8151.44507433392,33904.08147576959
1142,jinan,Asia/Shanghai,2023,4201268,19.280420162399757,8.306939363150956,24936.415927139904,12.213616598246539,0.9964865554800042,0.9440113985327203,0.7405390062166648,False,,,,,"No feasible battery size was found within the tested range for the selected fixed PV and wind capacities. Battery-range inadequacy: annual renewable production is sufficient overall, but no module count within the tested range (0..n_max) achieved the reliability target. Consider increasing candidate_module_counts.max and re-running.",0.9649357089999739,24769.2348773062,6249.659888884775,31018.894766190977
1143,jinan,Asia/Shanghai,2023,4201269,11.099661855047113,11.075990436141385,16285.452194358033,10.93682718823541,0.9988141150723734,0.8962964233814699,0.7637747886845938,True,30.0,460.79999999999995,0.0008791344787395125,32821.63947924532,,0.982361899000125,14259.550841246746,8332.933482755976,22592.484324002722
1144,jinan,Asia/Shanghai,2023,4201270,31.75342948958717,15.183655657238432,11757.125742935397,7.425350272419825,0.9984172459929588,0.8892848493465125,0.8270185574419411,True,3.0,46.08,0.0009672151099628254,3282.1639479245327,,1.0062198949999583,40793.10235787269,11423.302804955965,52216.405162828654
1145,jinan,Asia/Shanghai,2023,4201271,32.540161346397305,19.519979142961002,14421.047576732548,19.991991656100335,0.9984770075380386,0.9606932766575724,0.8244578267884813,True,4.0,61.44,0.0006161051299408202,4376.21859723271,,1.0342144129999724,41803.803679869394,14685.701357443975,56489.50503731337
1146,jinan,Asia/Shanghai,2023,4201272,25.683739939969424,15.725571677633365,10597.477769129298,12.492042529181644,0.9956139261089393,0.9392835587897453,0.7664278930102626,True,2.0,30.72,0.003294331674866661,2188.109298616355,,0.9763385670000844,32995.47321802616,11831.009021138287,44826.48223916445
1147,jinan,Asia/Shanghai,2023,4201273,24.138470508806485,17.726212133251487,27132.220411007267,19.432027984752878,0.996348978988668,0.8801146371625801,0.7046558962964505,True,29.0,445.44,0.0035705337716649883,31727.584829937146,,0.986724428000116,31010.291299437093,13336.174986718903,44346.46628615599
1148,jinan,Asia/Shanghai,2023,4201274,39.15183200132706,22.67307758702111,29362.984477485556,17.1922592479455,0.9906329741208085,0.9315045112826394,0.884859682602894,True,7.0,107.52,0.008754907255523485,7658.382545157243,,1.0159492860000228,50297.70692492009,17057.90994234843,67355.61686726852
1149,jinan,Asia/Shanghai,2023,4201275,21.891554424722198,24.20201259326231,18827.403869164213,6.584507143000903,0.9947228610247353,0.9616522184783102,0.7622558437489488,True,6.0,92.16,0.00484543697366283,6564.3278958490655,,0.9762349840000297,28123.71560412021,18208.192057516408,46331.90766163662
1150,jinan,Asia/Shanghai,2023,4201276,34.00480958196857,8.383945317605619,39822.81584003758,13.355404120811466,0.9915751527785494,0.9446278524493847,0.8427512226912854,False,,,,,"No feasible battery size was found within the tested range for the selected fixed PV and wind capacities. Battery-range inadequacy: annual renewable production is sufficient overall, but no module count within the tested range (0..n_max) achieved the reliability target. Consider increasing candidate_module_counts.max and re-running.",1.003510088999974,43685.412890349464,6307.594707440865,49993.00759779033
1151,jinan,Asia/Shanghai,2023,4201277,25.46305687430321,9.509352752853493,15291.755689799862,19.35882572689684,0.9959023128443324,0.9528317335216046,0.8393941058100483,True,5.0,76.8,0.002718163580394297,5470.273246540887,,1.0322200720002002,32711.9653566368,7154.286057798025,39866.251414434824
1152,jinan,Asia/Shanghai,2023,4201278,34.88420995576867,8.249816394978469,29878.008981881776,15.0068715575344,0.990930509099057,0.8934961254395567,0.8267965188501893,True,12.0,184.32,0.008123125905783023,13128.655791698131,,0.9882787419999204,44815.16391373869,6206.683877225744,51021.847790964435
1153,jinan,Asia/Shanghai,2023,4201279,36.061174127614606,18.20832357883195,11448.192538243025,19.556493756354847,0.9912555621081562,0.9009306010197241,0.8949934563809449,True,2.0,30.72,0.0012466053689428754,2188.109298616355,,1.0045074580000346,46327.19019579445,13698.887705771856,60026.07790156631
1154,jinan,Asia/Shanghai,2023,4201280,33.130989899601246,23.73153360757013,42264.78771232119,14.776017125048,0.9925609769897671,0.9094193297529573,0.889454214608874,False,,,,,"No feasible battery size was found within the tested range for the selected fixed PV and wind capacities. Battery-range inadequacy: annual renewable production is sufficient overall, but no module count within the tested range (0..n_max) achieved the reliability target. Consider increasing candidate_module_counts.max and re-running.",1.0007371959998181,42562.8312883583,17854.230927321245,60417.06221567954
1155,jinan,Asia/Shanghai,2023,4201281,35.818768484669334,12.18980896884653,24930.69670482815,9.465415854138271,0.9929351712836251,0.9574600719659907,0.7021013713179693,True,9.0,138.24,0.005538260879937241,9846.491843773598,,0.9984260200001245,46015.77570092752,9170.906014278513,55186.68171520604
1156,jinan,Asia/Shanghai,2023,4201282,23.08157863328574,23.856793570558157,31705.454207312352,11.756686852158552,0.9928113282422962,0.8866521366875714,0.7448972956055026,False,,,,,"No feasible battery size was found within the tested range for the selected fixed PV and wind capacities. Battery-range inadequacy: annual renewable production is sufficient overall, but no module count within the tested range (0..n_max) achieved the reliability target. Consider increasing candidate_module_counts.max and re-running.",0.969038429999955,29652.51989797446,17948.469266154203,47600.98916412867
1157,jinan,Asia/Shanghai,2023,4201283,12.713752298106138,7.533988594308565,16540.66176505079,9.530441481264177,0.9900991501199599,0.9655129497033923,0.7247638185353948,True,15.0,230.39999999999998,0.00942384132909289,16410.81973962266,,0.9855677020000257,16333.145968354602,5668.136513675668,22001.28248203027
1158,jinan,Asia/Shanghai,2023,4201284,21.49446617078761,22.59055119429561,14262.71880763049,12.254063776311812,0.9976030523778726,0.9301266361630726,0.742068719084552,True,5.0,76.8,0.0016526342863380343,5470.273246540887,,0.9718659489999482,27613.582933468853,16995.821865880847,44609.4047993497
1159,jinan,Asia/Shanghai,2023,4201285,24.283013763011507,22.950968769308094,11763.382221499125,10.102113044656154,0.9931621310044985,0.9106114503387708,0.7975371824246781,True,2.0,30.72,0.0048921064922467904,2188.109298616355,,0.9687794829999348,31195.98361232125,17266.979167425205,48462.96277974646
1160,jinan,Asia/Shanghai,2023,4201286,13.232492511167482,24.06925693521817,46248.564672071116,17.395944564359432,0.9980350454104925,0.8932019083163337,0.8007443546039332,False,,,,,"No feasible battery size was found within the tested range for the selected fixed PV and wind capacities. Renewable-generation inadequacy: annual PV+wind production (35108 kWh) is less than annual load (46249 kWh). No finite battery can close this gap -- storage shifts energy in time, it does not create it. Increasing PV/wind capacity (a scenario input, not a battery decision variable in this optimization) would be required.",0.9614747299999635,16999.562886108175,18108.31439200926,35107.877278117434
1161,jinan,Asia/Shanghai,2023,4201287,19.537274762695702,22.747718826083172,17577.507299978657,8.299180327129585,0.9961804301071951,0.8880009693178902,0.846473435383328,True,7.0,107.52,0.0025368880500787594,7658.382545157243,,0.9887306929999795,25099.21170719158,17114.065686050148,42213.27739324173
1162,jinan,Asia/Shanghai,2023,4201288,18.04381864942367,18.218707305342946,44921.511454426414,14.144170598524859,0.991914153599575,0.8844248972985295,0.7089227943390132,False,,,,,"No feasible battery size was found within the tested range for the selected fixed PV and wind capacities. Renewable-generation inadequacy: annual PV+wind production (36887 kWh) is less than annual load (44922 kWh). No finite battery can close this gap -- storage shifts energy in time, it does not create it. Increasing PV/wind capacity (a scenario input, not a battery decision variable in this optimization) would be required.",1.0063424709999254,23180.593495710677,13706.699819985759,36887.293315696435
1163,jinan,Asia/Shanghai,2023,4201289,12.664356460420237,16.59635824939432,23928.71416162605,8.646604660938472,0.9919737590201747,0.9653723378712789,0.7237633151784149,False,,,,,"No feasible battery size was found within the tested range for the selected fixed PV and wind capacities. Battery-range inadequacy: annual renewable production is sufficient overall, but no module count within the tested range (0..n_max) achieved the reliability target. Consider increasing candidate_module_counts.max and re-running.",0.9979455430000144,16269.687957829012,12486.138386046718,28755.826343875728
1164,jinan,Asia/Shanghai,2023,4201290,19.144432323179643,14.429545240383863,10017.981042970216,18.81429781213587,0.990891887316841,0.9414223540617555,0.8257730954324977,True,2.0,30.72,0.004534564893903697,2188.109298616355,,1.0091600729999755,24594.533563655932,10855.953819009052,35450.487382664985
1165,jinan,Asia/Shanghai,2023,4201291,34.271915653142116,18.02775461124305,40775.49668863918,11.318729131827913,0.9943983404509646,0.9431495891947977,0.8136853442110102,False,,,,,"No feasible battery size was found within the tested range for the selected fixed PV and wind capacities. Battery-range inadequacy: annual renewable production is sufficient overall, but no module count within the tested range (0..n_max) achieved the reliability target. Consider increasing candidate_module_counts.max and re-running.",1.0013303850000739,44028.55961424475,13563.038076373618,57591.597690618364
1166,jinan,Asia/Shanghai,2023,4201292,25.3461565080016,9.111168121090987,20324.330432255018,10.377458615890902,0.9900835594688115,0.9175627104622213,0.7005536951527825,True,7.0,107.52,0.009594179316314897,7658.382545157243,,1.023293083999988,32561.785401751033,6854.715010904943,39416.50041265597
1167,jinan,Asia/Shanghai,2023,4201293,26.9504630776401,19.080575379446977,32485.945264605056,15.40279959807314,0.9900001185170059,0.8853497775955879,0.8396924881751111,True,19.0,291.84,0.009696582556351181,20787.038336855374,,0.982999460999963,34622.81134951936,14355.119423977572,48977.93077349693
1168,jinan,Asia/Shanghai,2023,4201294,34.08700443870312,19.354031417787887,36520.48970214206,15.6107399571734,0.9966563093321655,0.9451939748530812,0.847601695537668,False,,,,,"No feasible battery size was found within the tested range for the selected fixed PV and wind capacities. Battery-range inadequacy: annual renewable production is sufficient overall, but no module count within the tested range (0..n_max) achieved the reliability target. Consider increasing candidate_module_counts.max and re-running.",0.9707263090001561,43791.00725473654,14560.851903712957,58351.8591584495
1169,jinan,Asia/Shanghai,2023,4201295,12.220591222455425,6.265431029892494,24444.79772917756,12.913950718231934,0.9968635714852956,0.9101237036911911,0.7550234153267269,False,,,,,"No feasible battery size was found within the tested range for the selected fixed PV and wind capacities. Renewable-generation inadequacy: annual PV+wind production (20413 kWh) is less than annual load (24445 kWh). No finite battery can close this gap -- storage shifts energy in time, it does not create it. Increasing PV/wind capacity (a scenario input, not a battery decision variable in this optimization) would be required.",0.9928080700001374,15699.590142690631,4713.747299973107,20413.33744266374
1170,jinan,Asia/Shanghai,2023,4201296,10.10070741661038,9.710185156424957,23506.14235515495,9.70437341789994,0.9970699994682949,0.8842630986282826,0.7777897399310482,False,,,,,"No feasible battery size was found within the tested range for the selected fixed PV and wind capacities. Renewable-generation inadequacy: annual PV+wind production (20282 kWh) is less than annual load (23506 kWh). No finite battery can close this gap -- storage shifts energy in time, it does not create it. Increasing PV/wind capacity (a scenario input, not a battery decision variable in this optimization) would be required.",1.0212869539998337,12976.21070088918,7305.380722405376,20281.591423294558
1171,jinan,Asia/Shanghai,2023,4201297,11.125463667383237,23.612951322580187,41608.37748124385,19.732423988570204,0.9981914447852641,0.9084231494904476,0.8383166824661161,False,,,,,"No feasible battery size was found within the tested range for the selected fixed PV and wind capacities. Renewable-generation inadequacy: annual PV+wind production (32058 kWh) is less than annual load (41608 kWh). No finite battery can close this gap -- storage shifts energy in time, it does not create it. Increasing PV/wind capacity (a scenario input, not a battery decision variable in this optimization) would be required.",0.9987278539999807,14292.698000106902,17765.016486522334,32057.714486629236
1172,jinan,Asia/Shanghai,2023,4201298,19.19662262435225,22.76422375859248,26430.114798693656,10.638313128563482,0.9982266186981,0.9553066258857869,0.8932827106728604,True,28.0,430.08,0.0014714682218860463,30633.53018062897,,1.0002118689999406,24661.58157491155,17126.483041006384,41788.06461591793
1173,jinan,Asia/Shanghai,2023,4201299,11.994642567233406,9.866777560777198,22034.309914681828,11.365280914321431,0.9942581704135368,0.9062325185260064,0.8580900846290057,False,,,,,"No feasible battery size was found within the tested range for the selected fixed PV and wind capacities. Battery-range inadequacy: annual renewable production is sufficient overall, but no module count within the tested range (0..n_max) achieved the reliability target. Consider increasing candidate_module_counts.max and re-running.",0.9986809399999856,15409.31766603994,7423.191774779907,22832.50944081985
1174,jinan,Asia/Shanghai,2023,4201300,16.697324334551695,18.93034626598226,44070.7326236839,14.055473587393795,0.9931874303330354,0.8969102117976986,0.7268692388807392,False,,,,,"No feasible battery size was found within the tested range for the selected fixed PV and wind capacities. Renewable-generation inadequacy: annual PV+wind production (35693 kWh) is less than annual load (44071 kWh). No finite battery can close this gap -- storage shifts energy in time, it does not create it. Increasing PV/wind capacity (a scenario input, not a battery decision variable in this optimization) would be required.",1.0257955659999425,21450.77466058679,14242.095742990085,35692.870403576875
1175,jinan,Asia/Shanghai,2023,4201301,32.32524217447185,14.38263995167032,11852.782046694705,19.757592604139305,0.9960417286469009,0.9559764296284279,0.7876377342634022,True,2.0,30.72,0.003672726865719636,2188.109298616355,,0.9699371399999563,41527.700596833936,10820.664997382406,52348.365594216346
1176,jinan,Asia/Shanghai,2023,4201302,38.66315862424075,8.990500418482545,17405.444917552642,18.35502102155538,0.9980254535760515,0.9249117536949137,0.7251572710707956,True,6.0,92.16,0.0018783975730630688,6564.3278958490655,,0.977087825000126,49669.91637090808,6763.931622714927,56433.84799362301
1177,jinan,Asia/Shanghai,2023,4201303,24.65593489190387,16.448905442954647,49962.1624549552,15.684901916829297,0.9976373128820482,0.911174923512768,0.8017829365159935,False,,,,,"No feasible battery size was found within the tested range for the selected fixed PV and wind capacities. Renewable-generation inadequacy: annual PV+wind production (44050 kWh) is less than annual load (49962 kWh). No finite battery can close this gap -- storage shifts energy in time, it does not create it. Increasing PV/wind capacity (a scenario input, not a battery decision variable in this optimization) would be required.",0.9825488300000416,31675.069179671016,12375.203437611033,44050.27261728205
1178,jinan,Asia/Shanghai,2023,4201304,39.22806971985567,13.347771042855525,42291.616992095354,12.889836766167441,0.9920156566637706,0.9322376773489794,0.7436124056740643,False,,,,,"No feasible battery size was found within the tested range for the selected fixed PV and wind capacities. Battery-range inadequacy: annual renewable production is sufficient overall, but no module count within the tested range (0..n_max) achieved the reliability target. Consider increasing candidate_module_counts.max and re-running.",1.0525340619999497,50395.64825300524,10042.089588686933,60437.73784169217
1179,jinan,Asia/Shanghai,2023,4201305,10.090809696272235,9.717920309466866,17725.753294203612,10.563817657991507,0.9979973721342836,0.9149067766238809,0.8690375254981982,False,,,,,"No feasible battery size was found within the tested range for the selected fixed PV and wind capacities. Battery-range inadequacy: annual renewable production is sufficient overall, but no module count within the tested range (0..n_max) achieved the reliability target. Consider increasing candidate_module_counts.max and re-running.",0.9700815979999788,12963.495264309457,7311.200203394348,20274.695467703805
1180,jinan,Asia/Shanghai,2023,4201306,26.66839060394744,5.152294084451339,17549.468516128607,18.969170678120545,0.9954375610157795,0.9636592172715046,0.7620240040606906,True,7.0,107.52,0.0037027165255557053,7658.382545157243,,0.9736066230000233,34260.43753741014,3876.2875552181504,38136.72509262829
1181,jinan,Asia/Shanghai,2023,4201307,26.341387546632518,16.29299086066731,24375.115527458005,17.427088855672963,0.9923761221375405,0.9243017247560745,0.8120348997534951,True,9.0,138.24,0.006707356651782662,9846.491843773598,,0.9765212469999369,33840.34215235073,12257.90233928644,46098.24449163717
1182,jinan,Asia/Shanghai,2023,4201308,32.27563280282465,14.43270674083074,37211.315953579746,12.27941144521963,0.9959338857326273,0.9406729128587333,0.8418883121058488,False,,,,,"No feasible battery size was found within the tested range for the selected fixed PV and wind capacities. Battery-range inadequacy: annual renewable production is sufficient overall, but no module count within the tested range (0..n_max) achieved the reliability target. Consider increasing candidate_module_counts.max and re-running.",0.9854543530000228,41463.96826278235,10858.332348774082,52322.300611556435
1183,jinan,Asia/Shanghai,2023,4201309,34.698993815809786,15.814451219198347,17731.12655479573,15.194612624285831,0.9906940627514295,0.8997059520215066,0.8584315057329599,True,4.0,61.44,0.004664900978071046,4376.21859723271,,0.9647750999999971,44577.219821490304,11897.876838703582,56475.096660193885
1184,jinan,Asia/Shanghai,2023,4201310,31.777600731894076,20.51644063969524,32619.558160564553,8.825695980472421,0.9946956770507414,0.8813461800340541,0.8363601885483593,True,21.0,322.56,0.0052078830213674425,22975.14763547173,,0.9826709189999292,40824.15475055569,15435.381254540978,56259.53600509667
1185,jinan,Asia/Shanghai,2023,4201311,28.428926662275035,5.435930787630872,42680.46534531182,16.45139802743183,0.9927740137101149,0.9371838985569075,0.8202985926929947,False,,,,,"No feasible battery size was found within the tested range for the selected fixed PV and wind capacities. Renewable-generation inadequacy: annual PV+wind production (40612 kWh) is less than annual load (42680 kWh). No finite battery can close this gap -- storage shifts energy in time, it does not create it. Increasing PV/wind capacity (a scenario input, not a battery decision variable in this optimization) would be required.",0.9661902279999595,36522.168908997395,4089.679377330146,40611.84828632754
1186,jinan,Asia/Shanghai,2023,4201312,14.295408376806108,8.865186022287316,37328.245449125185,19.003274694050127,0.9951865588862888,0.931103183100359,0.8293363389407677,False,,,,,"No feasible battery size was found within the tested range for the selected fixed PV and wind capacities. Renewable-generation inadequacy: annual PV+wind production (25035 kWh) is less than annual load (37328 kWh). No finite battery can close this gap -- storage shifts energy in time, it does not create it. Increasing PV/wind capacity (a scenario input, not a battery decision variable in this optimization) would be required.",0.9818429169999945,18365.073207411333,6669.6523314906235,25034.725538901956
1187,jinan,Asia/Shanghai,2023,4201313,23.217349005343863,6.083440870026875,25860.153868987887,18.503783151768346,0.9972445212035239,0.9634681211719358,0.7305663170264821,False,,,,,"No feasible battery size was found within the tested range for the selected fixed PV and wind capacities. Battery-range inadequacy: annual renewable production is sufficient overall, but no module count within the tested range (0..n_max) achieved the reliability target. Consider increasing candidate_module_counts.max and re-running.",0.9677944790000765,29826.94183518126,4576.8284478469905,34403.77028302825
1188,jinan,Asia/Shanghai,2023,4201314,25.178732711164884,16.694563096258875,18397.02039971898,8.014553589034552,0.9970382963937853,0.9404666725346986,0.829437507363032,True,7.0,107.52,0.0024700040744745637,7658.382545157243,,0.998886174000063,32346.698836574084,12560.022023029313,44906.720859603396
1189,jinan,Asia/Shanghai,2023,4201315,18.009623739490447,15.135388484944137,10922.798139573113,6.949190789006419,0.9946642577648471,0.9078705048068721,0.8931339513793033,True,3.0,46.08,0.0018418035709499277,3282.1639479245327,,0.9769002589998763,23136.66386406312,11386.989381028054,34523.653245091176
1190,jinan,Asia/Shanghai,2023,4201316,24.14454169801032,6.671283127137013,10713.693890212497,15.878868107715071,0.9915435606424529,0.8969031132104553,0.7847614445281342,True,3.0,46.08,0.002306631158672701,3282.1639479245327,,1.008287535999898,31018.090855157752,5019.086903656782,36037.177758814534
1191,jinan,Asia/Shanghai,2023,4201317,10.118269975980452,17.52800066873074,21313.994281237377,12.415561148149903,0.9926794854343916,0.9696634670178018,0.7461684629423246,False,,,,,"No feasible battery size was found within the tested range for the selected fixed PV and wind capacities. Battery-range inadequacy: annual renewable production is sufficient overall, but no module count within the tested range (0..n_max) achieved the reliability target. Consider increasing candidate_module_counts.max and re-running.",0.9770147159999851,12998.773028598836,13187.052164801189,26185.825193400025
1192,jinan,Asia/Shanghai,2023,4201318,37.385788044677696,23.35933263659834,26840.02611737471,9.560046732850344,0.9934293199220892,0.9690405178652618,0.8237592454675212,True,7.0,107.52,0.006334767939589011,7658.382545157243,,1.0098755980000078,48028.899648032886,17574.2084813642,65603.1081293971
1193,jinan,Asia/Shanghai,2023,4201319,36.858668800132016,20.80157598165677,17905.28578023372,10.581192926409148,0.9970221623815699,0.9274383202722187,0.7348983884048158,True,5.0,76.8,0.0020470371974098457,5470.273246540887,,0.9863287900000159,47351.718327992865,15649.900565644326,63001.61889363719
1194,jinan,Asia/Shanghai,2023,4201320,21.88165608035,17.51871609019414,48929.026992353385,14.927180822846136,0.9901457564600825,0.9434507448969275,0.7501729614914461,False,,,,,"No feasible battery size was found within the tested range for the selected fixed PV and wind capacities. Renewable-generation inadequacy: annual PV+wind production (41291 kWh) is less than annual load (48929 kWh). No finite battery can close this gap -- storage shifts energy in time, it does not create it. Increasing PV/wind capacity (a scenario input, not a battery decision variable in this optimization) would be required.",1.0313202199999978,28110.999365854324,13180.066985840716,41291.066351695044
1195,jinan,Asia/Shanghai,2023,4201321,35.864767426414446,12.677798164522772,17984.60151017201,12.019207797653518,0.9922967817688351,0.9012239339648066,0.8146523601546986,True,4.0,61.44,0.006367849072900894,4376.21859723271,,1.036225980999916,46074.86977577627,9538.040811958093,55612.91058773437
1196,jinan,Asia/Shanghai,2023,4201322,36.8843470343236,24.482965060413775,12069.887521323257,16.936195697861486,0.9958114490214739,0.9035292632349318,0.8270312236565626,True,2.0,30.72,0.001352867488454845,2188.109298616355,,1.0338689190000423,47384.706728067584,18419.56441596031,65804.2711440279
1197,jinan,Asia/Shanghai,2023,4201323,13.859295750504234,6.388130165949946,49739.56300209042,14.545547876879901,0.9922790036207991,0.920503056031339,0.8900176364595681,False,,,,,"No feasible battery size was found within the tested range for the selected fixed PV and wind capacities. Renewable-generation inadequacy: annual PV+wind production (22611 kWh) is less than annual load (49740 kWh). No finite battery can close this gap -- storage shifts energy in time, it does not create it. Increasing PV/wind capacity (a scenario input, not a battery decision variable in this optimization) would be required.",1.1068129099999169,17804.80657510546,4806.059020992845,22610.865596098305
1198,jinan,Asia/Shanghai,2023,4201324,20.977874928024562,6.044729969962654,16841.56964450044,14.248305315106387,0.9969759016820762,0.9480443771082037,0.8167363170230061,True,9.0,138.24,0.0027297777881888884,9846.491843773598,,1.00468775000013,26949.926762089814,4547.704609473116,31497.63137156293
1199,jinan,Asia/Shanghai,2023,4201325,12.542744371446775,5.345772543716249,41285.6702928829,13.24064651284794,0.9970444089245836,0.894650961533145,0.7814846341542288,False,,,,,"No feasible battery size was found within the tested range for the selected fixed PV and wind capacities. Renewable-generation inadequacy: annual PV+wind production (20135 kWh) is less than annual load (41286 kWh). No finite battery can close this gap -- storage shifts energy in time, it does not create it. Increasing PV/wind capacity (a scenario input, not a battery decision variable in this optimization) would be required.",1.0110821780001515,16113.454931249127,4021.8495382025158,20135.304469451643
1200,jinan,Asia/Shanghai,2023,4201326,37.57507861233919,8.431959824943313,12461.076152501773,14.802010756726226,0.9953508270655959,0.965682745527196,0.8812936842109752,True,2.0,30.72,0.003322783134384982,2188.109298616355,,0.9985996099999284,48272.07808973561,6343.718040894346,54615.796130629955
1201,jinan,Asia/Shanghai,2023,4201327,32.48291170661713,5.383144757565043,29215.478736262405,18.441529048055582,0.9939028597930303,0.9665931147651695,0.8304975961287965,True,17.0,261.12,0.005864485854993621,18598.929038239017,,0.9919312420001916,41730.256020512796,4049.966226628786,45780.22224714158
1202,jinan,Asia/Shanghai,2023,4201328,20.45019694811568,18.79820644934468,41021.63607456455,12.77767690738131,0.9986117177493001,0.9632797772919096,0.794687410781557,False,,,,,"No feasible battery size was found within the tested range for the selected fixed PV and wind capacities. Renewable-generation inadequacy: annual PV+wind production (40415 kWh) is less than annual load (41022 kWh). No finite battery can close this gap -- storage shifts energy in time, it does not create it. Increasing PV/wind capacity (a scenario input, not a battery decision variable in this optimization) would be required.",0.9698899190000247,26272.027644028334,14142.681400876576,40414.709044904914
1203,jinan,Asia/Shanghai,2023,4201329,14.808232303339672,20.458631277679167,19725.58301572576,17.642319649986575,0.9952842990703958,0.9154683705757972,0.8112766717165089,True,16.0,245.76,0.00470558240490598,17504.87438893084,,0.9657971340000131,19023.88957033396,15391.888839922362,34415.77841025632
1204,jinan,Asia/Shanghai,2023,4201330,25.984263053737816,23.494656917998352,18574.521990462512,18.922376788275145,0.9902820693731387,0.9492282953379769,0.8839336261423131,True,4.0,61.44,0.006899864704695493,4376.21859723271,,0.9749347239999224,33381.550260346296,17676.018630263257,51057.56889060955
1205,jinan,Asia/Shanghai,2023,4201331,21.821565729595886,6.461343739905345,42186.7012597484,17.64297283537603,0.9930263164918961,0.9266733957117316,0.8618938136020299,False,,,,,"No feasible battery size was found within the tested range for the selected fixed PV and wind capacities. Renewable-generation inadequacy: annual PV+wind production (32895 kWh) is less than annual load (42187 kWh). No finite battery can close this gap -- storage shifts energy in time, it does not create it. Increasing PV/wind capacity (a scenario input, not a battery decision variable in this optimization) would be required.",0.9965701739999986,28033.802292390592,4861.140672184459,32894.94296457505
1206,jinan,Asia/Shanghai,2023,4201332,15.761289317503586,17.579515127825402,27225.226380632765,7.616236283813953,0.9974829618652586,0.9092212748979934,0.8868852231310033,False,,,,,"No feasible battery size was found within the tested range for the selected fixed PV and wind capacities. Battery-range inadequacy: annual renewable production is sufficient overall, but no module count within the tested range (0..n_max) achieved the reliability target. Consider increasing candidate_module_counts.max and re-running.",0.9826713630000086,20248.266053649764,13225.808659176197,33474.07471282596
1207,jinan,Asia/Shanghai,2023,4201333,27.06801609459406,15.290199627694767,26932.237768774365,11.01006334784458,0.9973616964735339,0.9409750764537513,0.8547380262246845,True,21.0,322.56,0.002183079174560502,22975.14763547173,,0.990991455999847,34773.82975383541,11503.460315376373,46277.290069211784
1208,jinan,Asia/Shanghai,2023,4201334,22.63252478833626,10.228744494054709,13474.608741127278,16.64983984976067,0.9937374878746593,0.9258301232887014,0.7938686470394091,True,4.0,61.44,0.003456894157676952,4376.21859723271,,1.0244111970000631,29075.627897467,7695.514723716061,36771.14262118306
1209,jinan,Asia/Shanghai,2023,4201335,22.934135691077206,18.677991541356995,34349.36463034434,19.580806979664583,0.9912501351688431,0.9316167381909445,0.7126480326804627,False,,,,,"No feasible battery size was found within the tested range for the selected fixed PV and wind capacities. Battery-range inadequacy: annual renewable production is sufficient overall, but no module count within the tested range (0..n_max) achieved the reliability target. Consider increasing candidate_module_counts.max and re-running.",1.0381126810000296,29463.102404174897,14052.238669125174,43515.34107330007
1210,jinan,Asia/Shanghai,2023,4201336,34.237552561246,17.326226665021863,27135.152639701515,17.03353481965919,0.9940950234764242,0.9005007485782103,0.7945001522220674,True,10.0,153.6,0.004994147253792995,10940.546493081774,,1.0393609200000355,43984.41392202869,13035.249094804933,57019.66301683362
1211,jinan,Asia/Shanghai,2023,4201337,12.124953899120175,22.95722219278775,39238.33498937845,16.404736793225418,0.997870439736166,0.9512415329933575,0.7863705180506879,False,,,,,"No feasible battery size was found within the tested range for the selected fixed PV and wind capacities. Renewable-generation inadequacy: annual PV+wind production (32848 kWh) is less than annual load (39238 kWh). No finite battery can close this gap -- storage shifts energy in time, it does not create it. Increasing PV/wind capacity (a scenario input, not a battery decision variable in this optimization) would be required.",1.0473838899999919,15576.726465199443,17271.683880940072,32848.41034613951
1212,jinan,Asia/Shanghai,2023,4201338,13.559092045763489,12.467295599619055,47363.38857518889,19.236357368470696,0.9969108377897141,0.8983987524764249,0.7388899716928321,False,,,,,"No feasible battery size was found within the tested range for the selected fixed PV and wind capacities. Renewable-generation inadequacy: annual PV+wind production (26799 kWh) is less than annual load (47363 kWh). No finite battery can close this gap -- storage shifts energy in time, it does not create it. Increasing PV/wind capacity (a scenario input, not a battery decision variable in this optimization) would be required.",1.0617829299999357,17419.13987224687,9379.67087823474,26798.810750481607
1213,jinan,Asia/Shanghai,2023,4201339,36.39314532642161,7.838318460222496,33365.49909329957,10.673775234186017,0.9927180990716505,0.9409643823109283,0.8919138153303876,True,15.0,230.39999999999998,0.007215261939333341,16410.81973962266,,1.0598920150000595,46753.668069538464,5897.096672507323,52650.76474204579
1214,jinan,Asia/Shanghai,2023,4201340,33.32901214720896,14.723251862031079,27628.460328088655,18.6149628248358,0.9952029638862638,0.9246975120759575,0.8365671739062845,True,11.0,168.95999999999998,0.004029213323593864,12034.601142389953,,1.025877262999984,42817.22717395693,11076.921664344594,53894.148838301524
1215,jinan,Asia/Shanghai,2023,4201341,17.114614513885794,6.274709751497594,44204.45761941376,14.108925510491853,0.9914838939110256,0.9068243133850672,0.8979867025179062,False,,,,,"No feasible battery size was found within the tested range for the selected fixed PV and wind capacities. Renewable-generation inadequacy: annual PV+wind production (26708 kWh) is less than annual load (44204 kWh). No finite battery can close this gap -- storage shifts energy in time, it does not create it. Increasing PV/wind capacity (a scenario input, not a battery decision variable in this optimization) would be required.",1.0135018519999903,21986.86040855594,4720.728072517656,26707.588481073595
1216,jinan,Asia/Shanghai,2023,4201342,29.03270897390966,17.722242819342448,12886.546528348881,19.534876013658977,0.9980350460060284,0.9293004198036898,0.7618777832901746,True,4.0,61.44,0.0006966745360371124,4376.21859723271,,1.0016204910000397,37297.83799533849,13333.188704908089,50631.02670024658
1217,jinan,Asia/Shanghai,2023,4201343,30.94165685158275,21.667487889437382,41444.856392930145,19.655710580718182,0.9957316985880025,0.9089102888402979,0.7995855226137067,False,,,,,"No feasible battery size was found within the tested range for the selected fixed PV and wind capacities. Battery-range inadequacy: annual renewable production is sufficient overall, but no module count within the tested range (0..n_max) achieved the reliability target. Consider increasing candidate_module_counts.max and re-running.",1.0082106840000051,39750.231561057066,16301.362515802517,56051.59407685958
1218,jinan,Asia/Shanghai,2023,4201344,34.48951503851849,10.306851744307547,19256.330197759657,15.872518704897061,0.9939998468386387,0.953491335567075,0.7287367172317978,True,6.0,92.16,0.004164538491021928,6564.3278958490655,,1.0020131950000177,44308.10592289085,7754.278093423757,52062.38401631461
1219,jinan,Asia/Shanghai,2023,4201345,20.070893894482204,10.361998131802023,37914.72592265094,16.389938199899742,0.994104024262979,0.9230226438759042,0.7264063765578258,False,,,,,"No feasible battery size was found within the tested range for the selected fixed PV and wind capacities. Renewable-generation inadequacy: annual PV+wind production (33581 kWh) is less than annual load (37915 kWh). No finite battery can close this gap -- storage shifts energy in time, it does not create it. Increasing PV/wind capacity (a scenario input, not a battery decision variable in this optimization) would be required.",0.985523492999846,25784.743324185085,7795.767040299902,33580.51036448499
1220,jinan,Asia/Shanghai,2023,4201346,15.394685669675006,7.051871445276827,17837.302142727767,16.934066321735052,0.9926354892062739,0.94813359558506,0.8897725109685541,True,13.0,199.68,0.007339344049723546,14222.710441006306,,1.0029874609999752,19777.296449073823,5305.419503676423,25082.715952750244
1221,jinan,Asia/Shanghai,2023,4201347,34.42652980693898,21.965307196999625,37914.91711470808,12.958337107772564,0.9974509138920904,0.9585954173729743,0.7960969185317628,False,,,,,"No feasible battery size was found within the tested range for the selected fixed PV and wind capacities. Battery-range inadequacy: annual renewable production is sufficient overall, but no module count within the tested range (0..n_max) achieved the reliability target. Consider increasing candidate_module_counts.max and re-running.",0.9976399900001525,44227.18984421343,16525.42450773948,60752.614351952914
1222,jinan,Asia/Shanghai,2023,4201348,24.094001989577897,17.09704384209455,45133.87313482061,17.7067079434022,0.9968785012895376,0.916692481835008,0.7284498508684594,False,,,,,"No feasible battery size was found within the tested range for the selected fixed PV and wind capacities. Renewable-generation inadequacy: annual PV+wind production (43816 kWh) is less than annual load (45134 kWh). No finite battery can close this gap -- storage shifts energy in time, it does not create it. Increasing PV/wind capacity (a scenario input, not a battery decision variable in this optimization) would be required.",0.9911198750000949,30953.16333292281,12862.825217242535,43815.98855016535
1223,jinan,Asia/Shanghai,2023,4201349,30.089479286735436,8.625772449769453,32452.579336344632,19.710172736950163,0.9949527879822655,0.9381001180534403,0.8355150943832348,False,,,,,"No feasible battery size was found within the tested range for the selected fixed PV and wind capacities. Battery-range inadequacy: annual renewable production is sufficient overall, but no module count within the tested range (0..n_max) achieved the reliability target. Consider increasing candidate_module_counts.max and re-running.",0.9923414999998386,38655.453227230195,6489.531430686076,45144.98465791627
1224,jinan,Asia/Shanghai,2023,4201350,34.91165073026515,13.699613562140975,29900.396042099906,7.639580208868849,0.9955321189896376,0.906618220569195,0.8015249497777399,True,16.0,245.76,0.004294030240668859,17504.87438893084,,1.005244328000117,44850.4166200072,10306.795515124366,55157.212135131565
1225,jinan,Asia/Shanghai,2023,4201351,39.598881798614556,24.97045522398624,38793.9167955859,14.177852821567903,0.9969930625778933,0.9606898844966645,0.8038610119130816,True,27.0,414.71999999999997,0.0029147658614670563,29539.475531320786,,1.0095907990000796,50872.024358751776,18786.32377079796,69658.34812954973
1226,jinan,Asia/Shanghai,2023,4201352,31.641999816260707,12.568087795121002,47643.36501834907,16.844876806453406,0.9902488232257892,0.9536693993830352,0.8545714844877317,False,,,,,"No feasible battery size was found within the tested range for the selected fixed PV and wind capacities. Battery-range inadequacy: annual renewable production is sufficient overall, but no module count within the tested range (0..n_max) achieved the reliability target. Consider increasing candidate_module_counts.max and re-running.",0.9975540959999307,40649.95051119731,9455.50108642615,50105.45159762346
1227,jinan,Asia/Shanghai,2023,4201353,25.494811851437007,14.936347934928271,43421.07613867813,11.371779337445524,0.9914351610896397,0.908160894956413,0.7530404806714979,False,,,,,"No feasible battery size was found within the tested range for the selected fixed PV and wind capacities. Battery-range inadequacy: annual renewable production is sufficient overall, but no module count within the tested range (0..n_max) achieved the reliability target. Consider increasing candidate_module_counts.max and re-running.",1.001644492999958,32752.760447227425,11237.242803219415,43990.00325044684
1228,jinan,Asia/Shanghai,2023,4201354,30.431770889543508,8.577467000816906,35790.89745731228,11.98950420895643,0.997556948364706,0.9236498868895721,0.8859607869138766,False,,,,,"No feasible battery size was found within the tested range for the selected fixed PV and wind capacities. Battery-range inadequacy: annual renewable production is sufficient overall, but no module count within the tested range (0..n_max) achieved the reliability target. Consider increasing candidate_module_counts.max and re-running.",1.0220897510000668,39095.1895522205,6453.189209618173,45548.37876183867
1229,jinan,Asia/Shanghai,2023,4201355,17.473708851505194,13.5915531009086,42028.91885844524,16.942424135591775,0.9903003860299944,0.907205849392381,0.7845701926939435,False,,,,,"No feasible battery size was found within the tested range for the selected fixed PV and wind capacities. Renewable-generation inadequacy: annual PV+wind production (32674 kWh) is less than annual load (42029 kWh). No finite battery can close this gap -- storage shifts energy in time, it does not create it. Increasing PV/wind capacity (a scenario input, not a battery decision variable in this optimization) would be required.",1.0283304700001281,22448.182927291888,10225.497084906598,32673.680012198485
1230,jinan,Asia/Shanghai,2023,4201356,27.567460403327296,7.990540176293981,23411.32082115699,18.28395530851938,0.9942889276207229,0.9469728903439095,0.796955701299268,True,10.0,153.6,0.0054105597220288825,10940.546493081774,,1.0461122080000678,35415.45754446171,6011.619472248612,41427.07701671032
1231,jinan,Asia/Shanghai,2023,4201357,23.94947729201391,17.43851050167008,20374.580487584702,8.747031489593748,0.9989041846940245,0.95820928083873,0.847550979289929,True,12.0,184.32,0.0005119595767938284,13128.655791698131,,1.0474695610000708,30767.49485944653,13119.724947991403,43887.219807437934
1232,jinan,Asia/Shanghai,2023,4201358,14.114336171665997,5.604494223695333,17016.500167883718,19.0659644676128,0.9973466079322408,0.9270768411239718,0.8937561182736755,True,23.0,353.28,0.0020305852967445396,25163.25693408808,,1.0331388839999818,18132.45275925254,4216.496740386599,22348.94949963914
1233,jinan,Asia/Shanghai,2023,4201359,14.397463087069031,16.18300880012074,17328.885055948394,9.596429072064588,0.998461215170669,0.9581450664893815,0.7203597571261172,True,19.0,291.84,0.0009763369925445286,20787.038336855374,,1.01723227399998,18496.181195076842,12175.158209078407,30671.33940415525
1234,jinan,Asia/Shanghai,2023,4201360,17.486314166828155,16.89014939164101,12454.111493632976,13.251269710271561,0.9952604229221461,0.9061870463197413,0.7586245960250246,True,4.0,61.44,0.0029983082822826615,4376.21859723271,,1.0115253510000457,22464.376766083107,12707.169819784343,35171.54658586745
1235,jinan,Asia/Shanghai,2023,4201361,16.872378063102126,23.713527403920857,25554.8456279631,13.779035946708355,0.9927141711682816,0.9432397603973414,0.7202882542117285,True,25.0,384.0,0.0070492689784812206,27351.366232704437,,0.9878253150000091,21675.66327204297,17840.684102940035,39516.347374983
1236,jinan,Asia/Shanghai,2023,4201362,15.49441199640013,13.600767299464664,21283.956242221007,14.735128229483108,0.9962154155065202,0.9273749275501085,0.822239460280554,True,27.0,414.71999999999997,0.003424364644987677,29539.475531320786,,0.9965101889999914,19905.413201162184,10232.429314047393,30137.842515209577
1237,jinan,Asia/Shanghai,2023,4201363,23.002624960610348,20.207745074503322,11683.939913850789,9.693370049838213,0.996159870372554,0.9096680597087844,0.7157070560885899,True,3.0,46.08,0.0023738612925057155,3282.1639479245327,,0.9757211339999685,29551.089428801562,15203.136596512708,44754.226025314274
1238,jinan,Asia/Shanghai,2023,4201364,20.350402854003256,19.229895435773265,14879.39461013271,15.869470463174817,0.9969791014472181,0.9371770669980429,0.7488468097116289,True,5.0,76.8,0.0028665812190167292,5470.273246540887,,1.0383087129998785,26143.82383230544,14467.459183043109,40611.28301534855
1239,jinan,Asia/Shanghai,2023,4201365,34.158860715851844,9.288850035569308,46232.83808685402,15.59968548713123,0.9904924793398235,0.9519358406795496,0.8012867080719814,False,,,,,"No feasible battery size was found within the tested range for the selected fixed PV and wind capacities. Battery-range inadequacy: annual renewable production is sufficient overall, but no module count within the tested range (0..n_max) achieved the reliability target. Consider increasing candidate_module_counts.max and re-running.",1.0168926440001087,43883.31981800612,6988.392588813035,50871.712406819155
1240,jinan,Asia/Shanghai,2023,4201366,23.57946688939154,13.410223853969736,34265.20265763668,15.86867751174442,0.9980637895415211,0.9045650331652503,0.8261552545820847,False,,,,,"No feasible battery size was found within the tested range for the selected fixed PV and wind capacities. Battery-range inadequacy: annual renewable production is sufficient overall, but no module count within the tested range (0..n_max) achieved the reliability target. Consider increasing candidate_module_counts.max and re-running.",1.032094625000127,30292.148653689394,10089.075465374557,40381.22411906395
1241,jinan,Asia/Shanghai,2023,4201367,30.5902783440439,18.495942795737854,29720.025911318797,10.865338223055517,0.9968614093536038,0.9070008823636722,0.7416106324796485,True,24.0,368.64,0.003015553782316776,26257.311583396262,,1.0162255919999552,39298.82144080252,13915.275740472453,53214.09718127498
1242,jinan,Asia/Shanghai,2023,4201368,26.374875812803715,10.35221715324354,11329.32651058156,5.773636150734581,0.9962550947374819,0.9675831261392865,0.790937676725215,True,3.0,46.08,0.0016015003699366135,3282.1639479245327,,1.0171842890001699,33883.363970518665,7788.408398723421,41671.772369242084
1243,jinan,Asia/Shanghai,2023,4201369,14.411833767542024,21.36166421058706,20457.435878948792,19.93439692405821,0.9950693774924435,0.900936929370409,0.7992009539048688,True,19.0,291.84,0.004460066901942306,20787.038336855374,,1.0113536950000253,18514.64296909339,16071.278498666146,34585.92146775954
1244,jinan,Asia/Shanghai,2023,4201370,20.06143815488946,20.589439692538956,14232.635432322231,17.855040755488226,0.9969060320483772,0.9575227423511339,0.878998749208333,True,4.0,61.44,0.0024593035154887592,4376.21859723271,,1.0083417710000049,25772.595692912604,15490.301512477095,41262.8972053897
1245,jinan,Asia/Shanghai,2023,4201371,36.101878560673136,14.276926988182964,37341.769497852525,19.431787245373783,0.9926926906714668,0.9485079601774656,0.7045528243037442,True,26.0,399.36,0.007171506868070337,28445.42088201261,,1.0403314749999026,46379.4825034559,10741.132688458525,57120.61519191443
1246,jinan,Asia/Shanghai,2023,4201372,13.123485259345845,8.237301800065563,22496.733474900335,11.044808226940676,0.9942931430165903,0.9020798211655058,0.7132430639220272,False,,,,,"No feasible battery size was found within the tested range for the selected fixed PV and wind capacities. Battery-range inadequacy: annual renewable production is sufficient overall, but no module count within the tested range (0..n_max) achieved the reliability target. Consider increasing candidate_module_counts.max and re-running.",1.0123285759998453,16859.523084021013,6197.268621084623,23056.791705105636
1247,jinan,Asia/Shanghai,2023,4201373,30.3256927552073,5.473227070685289,42378.825394349,18.93732237726802,0.9963933202229367,0.9336364465547349,0.8314037058657265,False,,,,,"No feasible battery size was found within the tested range for the selected fixed PV and wind capacities. Battery-range inadequacy: annual renewable production is sufficient overall, but no module count within the tested range (0..n_max) achieved the reliability target. Consider increasing candidate_module_counts.max and re-running.",1.0341155129999606,38958.91273861434,4117.73893982601,43076.65167844035
1248,jinan,Asia/Shanghai,2023,4201374,25.810477504831468,18.057526796353955,38688.21798950326,10.531841140944216,0.9926607997855044,0.8963928309911118,0.8115631098105369,False,,,,,"No feasible battery size was found within the tested range for the selected fixed PV and wind capacities. Battery-range inadequacy: annual renewable production is sufficient overall, but no module count within the tested range (0..n_max) achieved the reliability target. Consider increasing candidate_module_counts.max and re-running.",0.9984978580000643,33158.29085817116,13585.436943508419,46743.727801679575
1249,jinan,Asia/Shanghai,2023,4201375,37.57910296756364,22.919563014480964,24398.637086307695,8.86782709907304,0.997099144404037,0.945248201641977,0.8010679662274984,True,8.0,122.88,0.0025632852662107876,8752.43719446542,,1.0353514159999122,48277.24811191068,17243.351297081776,65520.59940899246
1250,jinan,Asia/Shanghai,2023,4201376,21.670907786165724,7.475958074903499,41405.54356368946,14.26196665372546,0.9933919351176421,0.9626909178460119,0.8319345412823724,False,,,,,"No feasible battery size was found within the tested range for the selected fixed PV and wind capacities. Renewable-generation inadequacy: annual PV+wind production (33465 kWh) is less than annual load (41406 kWh). No finite battery can close this gap -- storage shifts energy in time, it does not create it. Increasing PV/wind capacity (a scenario input, not a battery decision variable in this optimization) would be required.",1.0160234769998624,27840.254540032423,5624.477713051002,33464.73225308343
1251,jinan,Asia/Shanghai,2023,4201377,37.87716600531239,14.488249206792878,28184.712962557198,19.058589354711195,0.9986381228541918,0.9664690586990997,0.8637794787814885,True,15.0,230.39999999999998,0.001125478428079917,16410.81973962266,,1.0374989450001522,48660.16473551413,10900.119282141277,59560.28401765541
1252,jinan,Asia/Shanghai,2023,4201378,23.872184344730158,9.205985885381176,25337.635251113134,19.07446237276683,0.9932719886557227,0.9481045684141184,0.8846008702182215,True,17.0,261.12,0.006382202620572345,18598.929038239017,,0.9922690099999727,30668.197896542988,6926.050403199579,37594.24829974257
1253,jinan,Asia/Shanghai,2023,4201379,39.111764886442884,23.953482937507122,32202.303908891037,12.378201119763055,0.9988887645789118,0.8996361284122276,0.7375060523369525,True,22.0,337.91999999999996,0.0007922521470027727,24069.202284779905,,0.9866588600000341,50246.23336930964,18021.212743852277,68267.44611316192
1254,jinan,Asia/Shanghai,2023,4201380,22.138858673186043,16.022060029302565,45445.80348071138,18.692729917029915,0.993600793490876,0.934725490219089,0.7558405225365661,False,,,,,"No feasible battery size was found within the tested range for the selected fixed PV and wind capacities. Renewable-generation inadequacy: annual PV+wind production (40495 kWh) is less than annual load (45446 kWh). No finite battery can close this gap -- storage shifts energy in time, it does not create it. Increasing PV/wind capacity (a scenario input, not a battery decision variable in this optimization) would be required.",0.9909222730000238,28441.423255963942,12054.06967897433,40495.49293493827
1255,jinan,Asia/Shanghai,2023,4201381,23.532558884754295,9.397652735662858,31258.890474623007,13.673602024469929,0.9930405306251769,0.9044906470574783,0.7302051213262903,False,,,,,"No feasible battery size was found within the tested range for the selected fixed PV and wind capacities. Battery-range inadequacy: annual renewable production is sufficient overall, but no module count within the tested range (0..n_max) achieved the reliability target. Consider increasing candidate_module_counts.max and re-running.",1.038116736999882,30231.886720873656,7070.249436546072,37302.13615741973
1256,jinan,Asia/Shanghai,2023,4201382,14.186309986184792,19.229222314282353,18865.520142908135,6.769655316598407,0.9989898452078786,0.9033924851700151,0.8792096630856264,True,20.0,307.2,0.0008540374868539751,21881.09298616355,,0.9975628180000058,18224.91632082515,14466.952765432701,32691.86908625785
1257,jinan,Asia/Shanghai,2023,4201383,32.91552089234392,15.860805166888557,46361.96562240259,17.042365569559518,0.9903689619282182,0.9591348374972132,0.893713283595698,False,,,,,"No feasible battery size was found within the tested range for the selected fixed PV and wind capacities. Battery-range inadequacy: annual renewable production is sufficient overall, but no module count within the tested range (0..n_max) achieved the reliability target. Consider increasing candidate_module_counts.max and re-running.",1.0485341730000073,42286.021841023496,11932.7508632879,54218.7727043114
1258,jinan,Asia/Shanghai,2023,4201384,32.264686078753115,7.39827061694136,42295.035593484805,14.712335639353787,0.9930494368576979,0.95956274960734,0.8131133376906345,False,,,,,"No feasible battery size was found within the tested range for the selected fixed PV and wind capacities. Battery-range inadequacy: annual renewable production is sufficient overall, but no module count within the tested range (0..n_max) achieved the reliability target. Consider increasing candidate_module_counts.max and re-running.",0.9965862569999899,41449.90518856607,5566.030170740878,47015.935359306946
1259,jinan,Asia/Shanghai,2023,4201385,35.58783793058207,18.402274971684854,21540.644148197127,19.62528043791555,0.9951390499314561,0.9265079717643813,0.780701925650651,True,6.0,92.16,0.004470631405873912,6564.3278958490655,,1.0307585209998251,45719.10306172389,13844.80549658697,59563.90855831085
1260,jinan,Asia/Shanghai,2023,4201386,14.09032609233062,18.724257600723234,27231.96792023256,19.019187655334633,0.9986858745175701,0.9490876769814955,0.748498952740507,False,,,,,"No feasible battery size was found within the tested range for the selected fixed PV and wind capacities. Battery-range inadequacy: annual renewable production is sufficient overall, but no module count within the tested range (0..n_max) achieved the reliability target. Consider increasing candidate_module_counts.max and re-running.",1.007561983999949,18101.607409956658,14087.046571626617,32188.653981583273
1261,jinan,Asia/Shanghai,2023,4201387,31.47939042411899,5.40843501930111,43056.02011233571,12.404278506357937,0.9984306568489667,0.9139984037193368,0.7526347208967689,False,,,,,"No feasible battery size was found within the tested range for the selected fixed PV and wind capacities. Battery-range inadequacy: annual renewable production is sufficient overall, but no module count within the tested range (0..n_max) achieved the reliability target. Consider increasing candidate_module_counts.max and re-running.",1.010486131000107,40441.04893160057,4068.993154290304,44510.04208589088
1262,jinan,Asia/Shanghai,2023,4201388,39.85169016268118,15.613557430241505,44527.301696417526,18.66585746031513,0.9946662184150328,0.9210142532967269,0.81057719095447,False,,,,,"No feasible battery size was found within the tested range for the selected fixed PV and wind capacities. Battery-range inadequacy: annual renewable production is sufficient overall, but no module count within the tested range (0..n_max) achieved the reliability target. Consider increasing candidate_module_counts.max and re-running.",1.0017684669999198,51196.80305629932,11746.73599128882,62943.53904758814
1263,jinan,Asia/Shanghai,2023,4201389,35.43218508644242,24.293204632015993,23132.88437478865,16.0794557317977,0.9925683702956096,0.9349857737198355,0.8609579176436541,True,6.0,92.16,0.004100312837067931,6564.3278958490655,,1.039205217000017,45519.1384435599,18276.79966398488,63795.93810754478
1264,jinan,Asia/Shanghai,2023,4201390,36.594589739838796,13.974323685584935,24790.227302635663,8.801774180163317,0.9912007545337637,0.9128425811779307,0.8743955609495695,True,7.0,107.52,0.005821512862747437,7658.382545157243,,0.9889178789999278,47012.460354593655,10513.471495832026,57525.93185042568
1265,jinan,Asia/Shanghai,2023,4201391,22.438935407302697,16.535023847896085,19210.428624584223,9.215187263520797,0.991996608282738,0.9110667014854578,0.8797011510156897,True,6.0,92.16,0.005251716815757958,6564.3278958490655,,0.9830895679999685,28826.92684177508,12439.99393595567,41266.920777730746
1266,jinan,Asia/Shanghai,2023,4201392,22.947620397149954,13.356580330468635,25463.235206975573,19.461735904063616,0.9910556949259783,0.9584687878845429,0.7654322135455951,True,14.0,215.04,0.008584523628230652,15316.765090314486,,0.9799482269997952,29480.4259816257,10048.717186294003,39529.143167919705
1267,jinan,Asia/Shanghai,2023,4201393,38.6953477511606,11.304544924873177,13314.974530252819,12.800628265287738,0.9920507902137892,0.9477690833926038,0.8314611236655909,True,2.0,30.72,0.00511192614268601,2188.109298616355,,0.9833463360000678,49711.26920650282,8504.884638074127,58216.15384457694
1268,jinan,Asia/Shanghai,2023,4201394,14.974884065488684,12.26103403583264,27718.46697703719,15.033122219494523,0.9981068969028375,0.9295337961329037,0.8352736256234728,False,,,,,"No feasible battery size was found within the tested range for the selected fixed PV and wind capacities. Battery-range inadequacy: annual renewable production is sufficient overall, but no module count within the tested range (0..n_max) achieved the reliability target. Consider increasing candidate_module_counts.max and re-running.",0.9819435250001334,19237.984315397443,9224.49162803667,28462.475943434114
1269,jinan,Asia/Shanghai,2023,4201395,12.315688763182134,24.089340586951863,22608.34761422092,10.314376245318822,0.9920055850257736,0.8876203064588994,0.8580093580283703,False,,,,,"No feasible battery size was found within the tested range for the selected fixed PV and wind capacities. Battery-range inadequacy: annual renewable production is sufficient overall, but no module count within the tested range (0..n_max) achieved the reliability target. Consider increasing candidate_module_counts.max and re-running.",1.0062813219999498,15821.760370448823,18123.424167965873,33945.184538414695
1270,jinan,Asia/Shanghai,2023,4201396,17.214702451185182,10.653754706906263,17271.851064250906,19.623279204483204,0.9970293131755128,0.9636909684982631,0.8723446734107021,True,12.0,184.32,0.0026000326436792765,13128.655791698131,,0.9943255919999956,22115.441715730372,8015.267783598421,30130.709499328794
1271,jinan,Asia/Shanghai,2023,4201397,37.18890398635785,14.58068103698386,16821.65749428402,9.903205015363167,0.9926320636528353,0.944542045384122,0.7051345372614685,True,4.0,61.44,0.004763520916755078,4376.21859723271,,1.026185297999973,47775.965975268235,10969.65963585606,58745.6256111243
1272,jinan,Asia/Shanghai,2023,4201398,14.261266447539313,18.65770240509722,14937.694152017659,5.724377761556003,0.9909829364815007,0.9421606737738787,0.72786505188094,True,5.0,76.8,0.008954667051205997,5470.273246540887,,0.9820779889998903,18321.21163914412,14036.97429851651,32358.18593766063
1273,jinan,Asia/Shanghai,2023,4201399,15.544570026894172,10.306851795469099,17542.302857745635,15.793018084425949,0.9922500799577031,0.9638304781640652,0.8655282048767138,True,9.0,138.24,0.007520942951700746,9846.491843773598,,0.9908808560001034,19969.85038810238,7754.278131914743,27724.128520017122
1274,jinan,Asia/Shanghai,2023,4201400,27.652033827090197,5.178764494274263,45346.776256666664,15.916424697988312,0.9970911665688691,0.8864642684114792,0.8417120340437084,False,,,,,"No feasible battery size was found within the tested range for the selected fixed PV and wind capacities. Renewable-generation inadequacy: annual PV+wind production (39420 kWh) is less than annual load (45347 kWh). No finite battery can close this gap -- storage shifts energy in time, it does not create it. Increasing PV/wind capacity (a scenario input, not a battery decision variable in this optimization) would be required.",0.9747295560000566,35524.107614320994,3896.20235792473,39420.30997224573
1275,jinan,Asia/Shanghai,2023,4201401,34.13768420872431,24.132707123141095,33218.81891129742,12.620627779989073,0.9938285711098372,0.9431158912868179,0.8841642609429228,True,12.0,184.32,0.006097275884684083,13128.655791698131,,0.9853853940001045,43856.11471176338,18156.050637221684,62012.165348985065
1276,jinan,Asia/Shanghai,2023,4201402,27.99265146148107,9.545672830166795,10702.95801236707,14.286696774012913,0.9977813809921715,0.8859377749816069,0.7795142417922691,True,3.0,46.08,0.0014689547737649115,3282.1639479245327,,0.9717212620000737,35961.69341994744,7181.611179653741,43143.30459960118
1277,jinan,Asia/Shanghai,2023,4201403,38.20140778242708,15.033539917136105,18826.329191543722,10.304846176532727,0.9936732560957533,0.8905560562975113,0.8321584487696823,True,4.0,61.44,0.006269543969073259,4376.21859723271,,0.9905285320000985,49076.71274985935,11310.364419517708,60387.07716937705
1278,jinan,Asia/Shanghai,2023,4201404,29.36447529573267,21.238497201152736,15142.488218585224,14.242801210787452,0.9969645563947013,0.9081164654357096,0.7159431158734875,True,4.0,61.44,0.002998825135994164,4376.21859723271,,0.9684408759999314,37724.05266703117,15978.614776825325,53702.667443856495
1279,jinan,Asia/Shanghai,2023,4201405,30.223125588677615,19.941601778621315,12470.201889493406,19.908713182595704,0.990489780258388,0.9543173012295239,0.8480537866961071,True,2.0,30.72,0.0035532357887854893,2188.109298616355,,0.9831599250001091,38827.14640691229,15002.905800517296,53830.05220742959
1280,jinan,Asia/Shanghai,2023,4201406,27.752853714754597,13.777143302899743,40285.294130807306,16.097867049032693,0.9912346050194082,0.9513369225664783,0.715711399486993,False,,,,,"No feasible battery size was found within the tested range for the selected fixed PV and wind capacities. Battery-range inadequacy: annual renewable production is sufficient overall, but no module count within the tested range (0..n_max) achieved the reliability target. Consider increasing candidate_module_counts.max and re-running.",0.9743935510000483,35653.62924594671,10365.124400148501,46018.75364609521
1281,jinan,Asia/Shanghai,2023,4201407,25.016384263856043,17.901636531343886,42867.554295009104,11.946653271395807,0.9921317226980862,0.9241593653910946,0.750041622087424,False,,,,,"No feasible battery size was found within the tested range for the selected fixed PV and wind capacities. Battery-range inadequacy: annual renewable production is sufficient overall, but no module count within the tested range (0..n_max) achieved the reliability target. Consider increasing candidate_module_counts.max and re-running.",1.0074292960000548,32138.13248846095,13468.154140094346,45606.286628555295
1282,jinan,Asia/Shanghai,2023,4201408,16.880218853065173,12.074098283753838,29505.18850243641,9.041550668380461,0.9950457284523756,0.9590573199800654,0.8087454922715204,False,,,,,"No feasible battery size was found within the tested range for the selected fixed PV and wind capacities. Battery-range inadequacy: annual renewable production is sufficient overall, but no module count within the tested range (0..n_max) achieved the reliability target. Consider increasing candidate_module_counts.max and re-running.",0.984095643000046,21685.73620440557,9083.851998867372,30769.588203272942
1283,jinan,Asia/Shanghai,2023,4201409,18.605185652092956,6.239619440046297,15466.652189932945,13.41826052820786,0.9961533795429394,0.8844701149198664,0.7371099659426963,True,10.0,153.6,0.003679789035549822,10940.546493081774,,1.0162266699999236,23901.772340588832,4694.328155246267,28596.100495835097
1284,jinan,Asia/Shanghai,2023,4201410,13.797458954073674,13.149013222342568,22255.64556999795,6.375901642330392,0.995438730864847,0.9251529789418315,0.715419933790261,False,,,,,"No feasible battery size was found within the tested range for the selected fixed PV and wind capacities. Battery-range inadequacy: annual renewable production is sufficient overall, but no module count within the tested range (0..n_max) achieved the reliability target. Consider increasing candidate_module_counts.max and re-running.",0.9824587450000308,17725.365871949223,9892.555720175485,27617.92159212471
1285,jinan,Asia/Shanghai,2023,4201411,35.882334220424326,10.694261164246655,48455.231397887175,18.973079488344887,0.9939068696359687,0.9005710246394502,0.8669705425060446,False,,,,,"No feasible battery size was found within the tested range for the selected fixed PV and wind capacities. Battery-range inadequacy: annual renewable production is sufficient overall, but no module count within the tested range (0..n_max) achieved the reliability target. Consider increasing candidate_module_counts.max and re-running.",1.0059988519999479,46097.43754365721,8045.742495235781,54143.18003889299
1286,jinan,Asia/Shanghai,2023,4201412,20.838575248673404,8.271013893425964,32064.30863275765,12.341036640518986,0.9976501609093256,0.9456353241855399,0.8752278973673507,False,,,,,"No feasible battery size was found within the tested range for the selected fixed PV and wind capacities. Battery-range inadequacy: annual renewable production is sufficient overall, but no module count within the tested range (0..n_max) achieved the reliability target. Consider increasing candidate_module_counts.max and re-running.",0.9811871790000168,26770.97078254581,6222.631646915706,32993.60242946152
1287,jinan,Asia/Shanghai,2023,4201413,32.04108737162123,17.84349921295594,30007.08609108051,19.81329934244671,0.9986324834160015,0.9563967683382174,0.8550638427571056,True,23.0,353.28,0.001080678038683531,25163.25693408808,,1.0566537800000333,41162.651651113985,13424.41499010269,54587.066641216676
1288,jinan,Asia/Shanghai,2023,4201414,26.826379610810676,8.516316527705694,14191.92799254127,8.334933913779196,0.9931383791000683,0.8812648319128078,0.8384911641099712,True,4.0,61.44,0.003212239497847678,4376.21859723271,,1.0018930230000933,34463.40338494179,6407.183136589068,40870.58652153086
1289,jinan,Asia/Shanghai,2023,4201415,17.431823072124743,12.028088730967248,23396.06762335598,12.677447013177828,0.9977381974988515,0.8934450958154987,0.768145422646254,False,,,,,"No feasible battery size was found within the tested range for the selected fixed PV and wind capacities. Battery-range inadequacy: annual renewable production is sufficient overall, but no module count within the tested range (0..n_max) achieved the reliability target. Consider increasing candidate_module_counts.max and re-running.",1.038971292000042,22394.372963673115,9049.237077054964,31443.61004072808
1290,jinan,Asia/Shanghai,2023,4201416,30.760864231953505,5.884628265608736,43199.14540648895,19.427377107461396,0.9954687348232379,0.9660857533927649,0.7826123658863495,False,,,,,"No feasible battery size was found within the tested range for the selected fixed PV and wind capacities. Battery-range inadequacy: annual renewable production is sufficient overall, but no module count within the tested range (0..n_max) achieved the reliability target. Consider increasing candidate_module_counts.max and re-running.",1.0306878530000176,39517.97029175064,4427.253363099357,43945.22365484999
1291,jinan,Asia/Shanghai,2023,4201417,22.450951919654106,7.124978188268749,11417.877399990788,8.667564772018007,0.9943031579139103,0.92569141517766,0.7435150763482866,True,3.0,46.08,0.0050056970280816845,3282.1639479245327,,1.0760023079999428,28842.364255188844,5360.420781440695,34202.78503662954
1292,jinan,Asia/Shanghai,2023,4201418,28.384170239842827,8.624117496767758,23048.445610764007,7.9356427278399115,0.9962699723999112,0.926491525740008,0.8472202198145231,True,11.0,168.95999999999998,0.003609323346929489,12034.601142389953,,1.0276728489998277,36464.671078029314,6488.286339932367,42952.95741796168
1293,jinan,Asia/Shanghai,2023,4201419,23.875793547191545,8.150267953681052,30750.216998553722,18.840975241551043,0.9918036680237768,0.8896467858740978,0.8650553123965904,False,,,,,"No feasible battery size was found within the tested range for the selected fixed PV and wind capacities. Battery-range inadequacy: annual renewable production is sufficient overall, but no module count within the tested range (0..n_max) achieved the reliability target. Consider increasing candidate_module_counts.max and re-running.",1.0212083589999565,30672.83457887319,6131.789397637118,36804.62397651031
1294,jinan,Asia/Shanghai,2023,4201420,23.808095422412656,22.652221976882757,22244.93178661549,14.412980077806344,0.998309821988715,0.8954526219503115,0.8601457118610807,True,14.0,215.04,0.001336150609426596,15316.765090314486,,0.9977515109999331,30585.863924744415,17042.21938961392,47628.08331435834
1295,jinan,Asia/Shanghai,2023,4201421,28.945502495353818,21.258934892541067,16827.733798124325,11.511297055055184,0.9911595350562926,0.9664073897186828,0.7125383445920268,True,4.0,61.44,0.005997073321824334,4376.21859723271,,0.9907324140001492,37185.80528381153,15993.990911705716,53179.79619551725
1296,jinan,Asia/Shanghai,2023,4201422,11.96450193983165,22.963123843634044,22030.485925506997,13.955300492707252,0.9925872797601658,0.9383882538064778,0.7384938738540054,False,,,,,"No feasible battery size was found within the tested range for the selected fixed PV and wind capacities. Battery-range inadequacy: annual renewable production is sufficient overall, but no module count within the tested range (0..n_max) achieved the reliability target. Consider increasing candidate_module_counts.max and re-running.",0.9856077780000305,15370.596503680656,17276.123941106627,32646.720444787283
1297,jinan,Asia/Shanghai,2023,4201423,23.76608374154408,15.66984349560789,23345.7156114852,8.775509169034281,0.9912618600090409,0.9435529902677128,0.7336565431988846,True,10.0,153.6,0.007232180833034988,10940.546493081774,,0.9723129209999115,30531.892217579367,11789.082365765065,42320.97458334443
1298,jinan,Asia/Shanghai,2023,4201424,18.76379173564434,11.738175292330348,28174.671879186804,15.538530493251004,0.9938515062118833,0.9583984259291934,0.8359571293240369,False,,,,,"No feasible battery size was found within the tested range for the selected fixed PV and wind capacities. Battery-range inadequacy: annual renewable production is sufficient overall, but no module count within the tested range (0..n_max) achieved the reliability target. Consider increasing candidate_module_counts.max and re-running.",0.9749416929998915,24105.530936271054,8831.123002846722,32936.65393911778
1299,jinan,Asia/Shanghai,2023,4201425,35.154601483905395,19.327079226618814,15945.271993483984,19.668909527961354,0.9970792763919153,0.9315449591770611,0.7330461881476252,True,4.0,61.44,0.002257252249194785,4376.21859723271,,0.9888658370000485,45162.53140951108,14540.57463663501,59703.10604614609
1300,jinan,Asia/Shanghai,2023,4201426,15.180419457369235,17.286623497202832,26647.88532008045,15.137892507727187,0.9933518495240973,0.9261560654310935,0.7375916075927924,False,,,,,"No feasible battery size was found within the tested range for the selected fixed PV and wind capacities. Battery-range inadequacy: annual renewable production is sufficient overall, but no module count within the tested range (0..n_max) achieved the reliability target. Consider increasing candidate_module_counts.max and re-running.",0.9822143330000017,19502.03221239384,13005.4539658686,32507.48617826244
1301,jinan,Asia/Shanghai,2023,4201427,14.656034328814798,6.5128952739698125,42785.57219594209,13.33079377369492,0.9985242693591599,0.9474537653223395,0.8537526320498988,False,,,,,"No feasible battery size was found within the tested range for the selected fixed PV and wind capacities. Renewable-generation inadequacy: annual PV+wind production (23728 kWh) is less than annual load (42786 kWh). No finite battery can close this gap -- storage shifts energy in time, it does not create it. Increasing PV/wind capacity (a scenario input, not a battery decision variable in this optimization) would be required.",0.9690087750000203,18828.36336566085,4899.925059618698,23728.28842527955
1302,jinan,Asia/Shanghai,2023,4201428,25.271753025910463,21.309078730513015,47682.53781255267,15.826103785031565,0.990950300467983,0.9385917873328156,0.7240866424482183,False,,,,,"No feasible battery size was found within the tested range for the selected fixed PV and wind capacities. Battery-range inadequacy: annual renewable production is sufficient overall, but no module count within the tested range (0..n_max) achieved the reliability target. Consider increasing candidate_module_counts.max and re-running.",0.9818042479998894,32466.200486687885,16031.716230159123,48497.91671684701
1303,jinan,Asia/Shanghai,2023,4201429,11.052582812312115,19.42108737532978,43908.622163813714,12.717100121963394,0.9948593271968441,0.9103174461454641,0.7476926397732465,False,,,,,"No feasible battery size was found within the tested range for the selected fixed PV and wind capacities. Renewable-generation inadequacy: annual PV+wind production (28810 kWh) is less than annual load (43909 kWh). No finite battery can close this gap -- storage shifts energy in time, it does not create it. Increasing PV/wind capacity (a scenario input, not a battery decision variable in this optimization) would be required.",0.9944742350000979,14199.069178633603,14611.300921075395,28810.370099708998
1304,jinan,Asia/Shanghai,2023,4201430,32.65696210526758,21.98568816242085,22849.79032660787,9.107287773134772,0.9924101254759055,0.8845535876220121,0.7562150049680761,True,7.0,107.52,0.005672901207449977,7658.382545157243,,0.9703874140000153,41953.85567074601,16540.757965288816,58494.613636034825
1305,jinan,Asia/Shanghai,2023,4201431,10.76952750907015,20.768152449367456,20237.073161238397,15.352327840270455,0.994888695469865,0.9553717266979479,0.8920757455114043,True,27.0,414.71999999999997,0.004218406923762332,29539.475531320786,,1.0027653639999698,13835.432741760707,15624.754636444459,29460.187378205166
1306,jinan,Asia/Shanghai,2023,4201432,10.158912451047168,14.854843300304637,26959.965086359207,14.791169968222093,0.9926076967971232,0.9586325860422512,0.8468691483162787,False,,,,,"No feasible battery size was found within the tested range for the selected fixed PV and wind capacities. Renewable-generation inadequacy: annual PV+wind production (24227 kWh) is less than annual load (26960 kWh). No finite battery can close this gap -- storage shifts energy in time, it does not create it. Increasing PV/wind capacity (a scenario input, not a battery decision variable in this optimization) would be required.",1.020576783000024,13050.985739859443,11175.923438348993,24226.909178208436
1307,jinan,Asia/Shanghai,2023,4201433,22.968832779766984,12.160524990250828,42635.529899903384,16.35590447803656,0.9935910005222164,0.9107234676349114,0.7077775979325084,False,,,,,"No feasible battery size was found within the tested range for the selected fixed PV and wind capacities. Renewable-generation inadequacy: annual PV+wind production (38657 kWh) is less than annual load (42636 kWh). No finite battery can close this gap -- storage shifts energy in time, it does not create it. Increasing PV/wind capacity (a scenario input, not a battery decision variable in this optimization) would be required.",1.034989570000107,29507.677176512683,9148.874445440013,38656.5516219527
1308,jinan,Asia/Shanghai,2023,4201434,12.451217363204368,6.078369111084694,10976.619453921072,7.293085732111714,0.9977142763591251,0.9518343379680279,0.8691147695656394,True,7.0,107.52,0.0018865273485094147,7658.382545157243,,1.0146568400000433,15995.8717071452,4573.012750266766,20568.884457411965
1309,jinan,Asia/Shanghai,2023,4201435,28.714010842764157,17.4812620248134,14957.269862120665,15.484480304635802,0.9925202376978343,0.9267327996807581,0.8909445207601715,True,3.0,46.08,0.004706589602478072,3282.1639479245327,,1.020543195000073,36888.41181070087,13151.888717064128,50040.30052776499
1310,jinan,Asia/Shanghai,2023,4201436,30.848452062813788,12.266117869160373,10637.69755866767,19.820339470652627,0.9948004056290879,0.9154492193600186,0.8037699790097663,True,2.0,30.72,0.002554682934311844,2188.109298616355,,1.0573959490000107,39630.492920235825,9228.316409685016,48858.80932992084
1311,jinan,Asia/Shanghai,2023,4201437,25.599127295756496,14.404731541859874,34517.95617859883,18.284399298024596,0.9927154232286938,0.9238271760561366,0.7007287992393537,False,,,,,"No feasible battery size was found within the tested range for the selected fixed PV and wind capacities. Battery-range inadequacy: annual renewable production is sufficient overall, but no module count within the tested range (0..n_max) achieved the reliability target. Consider increasing candidate_module_counts.max and re-running.",1.0494305670001722,32886.77276230751,10837.285429897154,43724.05819220467
1312,jinan,Asia/Shanghai,2023,4201438,35.79442843954608,11.118077778262325,20851.875933134754,19.963057538165522,0.9952595364487067,0.8910738921526892,0.7531049939787142,True,7.0,107.52,0.004210243900246286,7658.382545157243,,1.0098728030000075,45984.50645007593,8364.597560508824,54349.10401058476
1313,jinan,Asia/Shanghai,2023,4201439,20.59679764798934,24.721200957413078,27224.86711659432,8.452009824392135,0.9951275787067153,0.9164283692251309,0.710992077628374,True,27.0,414.71999999999997,0.004630420842909134,29539.475531320786,,0.9980404500001896,26460.363123118652,18598.79930193693,45059.16242505558
1314,jinan,Asia/Shanghai,2023,4201440,35.827588373629766,5.313750545666078,45939.34542981906,16.877880554027033,0.9906824088912817,0.9451249970031749,0.8541883364278637,False,,,,,"No feasible battery size was found within the tested range for the selected fixed PV and wind capacities. Battery-range inadequacy: annual renewable production is sufficient overall, but no module count within the tested range (0..n_max) achieved the reliability target. Consider increasing candidate_module_counts.max and re-running.",0.9838199099999656,46027.10646547584,3997.758042162007,50024.864507637845
1315,jinan,Asia/Shanghai,2023,4201441,28.069212202860534,16.553416003122464,11987.481049918963,5.892445577341738,0.9965455978485213,0.8895008661027018,0.7483688201412955,True,3.0,46.08,0.0018158083425324114,3282.1639479245327,,0.9731969669999216,36060.04973011265,12453.831127942209,48513.880858054865
1316,jinan,Asia/Shanghai,2023,4201442,24.965097814700762,8.283273472253631,41593.582422001025,17.110670356686327,0.9975792889013481,0.8844611308697234,0.7855746322467249,False,,,,,"No feasible battery size was found within the tested range for the selected fixed PV and wind capacities. Renewable-generation inadequacy: annual PV+wind production (38304 kWh) is less than annual load (41594 kWh). No finite battery can close this gap -- storage shifts energy in time, it does not create it. Increasing PV/wind capacity (a scenario input, not a battery decision variable in this optimization) would be required.",1.0902455259999897,32072.245640848178,6231.855043729431,38304.10068457761
1317,jinan,Asia/Shanghai,2023,4201443,35.407530181430076,12.264387806133978,37832.8151329209,13.838688562850143,0.9931248775503646,0.9048764346181382,0.8305486184198814,True,30.0,460.79999999999995,0.006694188396189017,32821.63947924532,,0.9741970879999826,45487.46469744936,9227.014810500452,54714.479507949814
1318,jinan,Asia/Shanghai,2023,4201444,38.832078787745985,19.39295570028851,33719.744933119844,17.733007715890423,0.9948948281089394,0.9197323551099613,0.7378893719721417,True,15.0,230.39999999999998,0.005102254025175382,16410.81973962266,,0.9733891579999181,49886.9252934384,14590.136278669015,64477.061572107414
1319,jinan,Asia/Shanghai,2023,4201445,14.60171275354536,13.639386327436965,28238.983161100634,15.999687578460907,0.9939787650903319,0.9333843280508876,0.8665037048152492,False,,,,,"No feasible battery size was found within the tested range for the selected fixed PV and wind capacities. Battery-range inadequacy: annual renewable production is sufficient overall, but no module count within the tested range (0..n_max) achieved the reliability target. Consider increasing candidate_module_counts.max and re-running.",0.9868012699998872,18758.577342046185,10261.484033182198,29020.061375228383
1320,jinan,Asia/Shanghai,2023,4201446,39.80004086531625,11.45050630302565,46078.17854913475,17.090763077803985,0.990612060212876,0.9100743037768502,0.7438085919668767,False,,,,,"No feasible battery size was found within the tested range for the selected fixed PV and wind capacities. Battery-range inadequacy: annual renewable production is sufficient overall, but no module count within the tested range (0..n_max) achieved the reliability target. Consider increasing candidate_module_counts.max and re-running.",0.9921516530000645,51130.45006363091,8614.697522276985,59745.14758590789
1321,jinan,Asia/Shanghai,2023,4201447,29.93152817268994,16.105982724353765,29794.042103582146,16.453456457113663,0.9929997782623079,0.9144477065997939,0.8731267896450898,True,14.0,215.04,0.006619520476939455,15316.765090314486,,0.9793674099998952,38452.53605997081,12117.208252412724,50569.74431238353
1322,jinan,Asia/Shanghai,2023,4201448,39.1662552778002,20.527146815356645,18682.83899108905,6.68977448245771,0.9918828463298922,0.9180485228520606,0.7473394055495276,True,4.0,61.44,0.005896455429935011,4376.21859723271,,0.9816805959999328,50316.2362681426,15443.435960813573,65759.67222895617
1323,jinan,Asia/Shanghai,2023,4201449,37.031234442160354,18.414458035348805,26669.169791320564,9.107175992923413,0.9934259490462687,0.9228445535830057,0.8427644704351458,True,8.0,122.88,0.0051483754553103495,8752.43719446542,,0.9844588799999201,47573.41053610608,13853.971327824658,61427.381863930736
1324,jinan,Asia/Shanghai,2023,4201450,12.680246746866366,21.976658795778913,15102.4012452072,8.93675122958657,0.9989423090619532,0.8971187770639826,0.7202284375572691,True,15.0,230.39999999999998,0.0006523020530806507,16410.81973962266,,0.9790371950000463,16290.101944346765,16533.96479297141,32824.06673731817
1325,jinan,Asia/Shanghai,2023,4201451,29.15215905756395,12.862581597024498,13673.417370740348,5.0561364252356755,0.9907124541874333,0.9270462020894716,0.7461785890261884,True,3.0,46.08,0.005522638635285412,3282.1639479245327,,0.9695479179999893,37451.29352966946,9677.06116057882,47128.354690248285
1326,jinan,Asia/Shanghai,2023,4201452,33.326564029568495,22.15017266143486,15793.320708611773,10.055298061017051,0.9913191671292138,0.9058023433223752,0.7478408837501143,True,3.0,46.08,0.006011954416956828,3282.1639479245327,,0.9679700560000128,42814.08211797096,16664.50657243421,59478.58869040517
1327,jinan,Asia/Shanghai,2023,4201453,33.605947028115594,11.909593560281325,29822.591949767055,15.108426582094722,0.9974003098423697,0.9071088181290207,0.7418441335408038,True,25.0,384.0,0.0025796496142241145,27351.366232704437,,0.9809872449998238,43173.00080612458,8960.088176011166,52133.08898213575
1328,jinan,Asia/Shanghai,2023,4201454,39.353601212676026,11.402950892949939,36842.72396723502,15.167615610167063,0.9946262650103959,0.9005602700936102,0.7282914841908352,True,29.0,445.44,0.005246577242334065,31727.584829937146,,1.0022007190000295,50556.91647247226,8578.919587004217,59135.836059476474
1329,jinan,Asia/Shanghai,2023,4201455,24.610484347432934,15.21859073422754,40934.670270991905,15.647501659282902,0.9982083715095228,0.9673774505698868,0.8455702652399082,False,,,,,"No feasible battery size was found within the tested range for the selected fixed PV and wind capacities. Battery-range inadequacy: annual renewable production is sufficient overall, but no module count within the tested range (0..n_max) achieved the reliability target. Consider increasing candidate_module_counts.max and re-running.",1.0025216980000096,31616.679621672818,11449.585932811986,43066.2655544848
1330,jinan,Asia/Shanghai,2023,4201456,12.295337464907602,13.102366184342051,34352.094793627315,13.852926071749362,0.9916329940724754,0.9324650256505784,0.7699361015762888,False,,,,,"No feasible battery size was found within the tested range for the selected fixed PV and wind capacities. Renewable-generation inadequacy: annual PV+wind production (25653 kWh) is less than annual load (34352 kWh). No finite battery can close this gap -- storage shifts energy in time, it does not create it. Increasing PV/wind capacity (a scenario input, not a battery decision variable in this optimization) would be required.",0.9812760170000274,15795.61539628467,9857.461191422775,25653.076587707445
1331,jinan,Asia/Shanghai,2023,4201457,20.16780534531148,21.680140106024723,26877.3263467288,12.91093931096679,0.9950658557493103,0.9306697101866455,0.7426243027566743,True,27.0,414.71999999999997,0.004643793079775758,29539.475531320786,,0.973409004000132,25909.243852061136,16310.88131051795,42220.12516257909
1332,jinan,Asia/Shanghai,2023,4201458,19.04055552592849,12.756040696356916,38848.330910954995,14.831116993768477,0.9963188326080052,0.9600099275906385,0.7912590452620818,False,,,,,"No feasible battery size was found within the tested range for the selected fixed PV and wind capacities. Renewable-generation inadequacy: annual PV+wind production (34058 kWh) is less than annual load (38848 kWh). No finite battery can close this gap -- storage shifts energy in time, it does not create it. Increasing PV/wind capacity (a scenario input, not a battery decision variable in this optimization) would be required.",0.9963393739999447,24461.084771163645,9596.905959689611,34057.99073085326
1333,jinan,Asia/Shanghai,2023,4201459,30.085634453429943,13.830159099197365,35523.92312479506,12.122354554444208,0.9969899726460411,0.880473411095536,0.7431421911579563,False,,,,,"No feasible battery size was found within the tested range for the selected fixed PV and wind capacities. Battery-range inadequacy: annual renewable production is sufficient overall, but no module count within the tested range (0..n_max) achieved the reliability target. Consider increasing candidate_module_counts.max and re-running.",0.9970752460001222,38650.51383387644,10405.010413650452,49055.52424752689
1334,jinan,Asia/Shanghai,2023,4201460,18.893128754897337,23.907890125022323,30281.848518676714,10.465278199972119,0.993638809040523,0.9206640055089282,0.8735660780227942,False,,,,,"No feasible battery size was found within the tested range for the selected fixed PV and wind capacities. Battery-range inadequacy: annual renewable production is sufficient overall, but no module count within the tested range (0..n_max) achieved the reliability target. Consider increasing candidate_module_counts.max and re-running.",0.9794298550000349,24271.68805220651,17986.91135329781,42258.59940550433
1335,jinan,Asia/Shanghai,2023,4201461,16.08116120338244,19.925637454930346,17998.542116783472,8.945159698841213,0.9927611598418344,0.9561392274841285,0.8464167793741767,True,7.0,107.52,0.006657155527242888,7658.382545157243,,0.9752901540000494,20659.200141457215,14990.895168314151,35650.095309771365
1336,jinan,Asia/Shanghai,2023,4201462,11.630616636731709,6.906793718164021,24054.249838205644,17.640285843741587,0.9978278044785063,0.9078651582737134,0.8437784170482913,False,,,,,"No feasible battery size was found within the tested range for the selected fixed PV and wind capacities. Renewable-generation inadequacy: annual PV+wind production (20138 kWh) is less than annual load (24054 kWh). No finite battery can close this gap -- storage shifts energy in time, it does not create it. Increasing PV/wind capacity (a scenario input, not a battery decision variable in this optimization) would be required.",0.988766625999915,14941.659612010055,5196.271427318785,20137.93103932884
1337,jinan,Asia/Shanghai,2023,4201463,27.321717770549295,24.66844517518865,13785.756491587668,13.218211133603823,0.9953328388398412,0.9076901713856005,0.7093906494982941,True,3.0,46.08,0.004298822783044281,3282.1639479245327,,0.9662423249999392,35099.75607429788,18559.108907958936,53658.86498225682
1338,jinan,Asia/Shanghai,2023,4201464,11.56313607063478,14.072361084012764,37698.951577756765,15.502636787046912,0.9916287286474964,0.9572174926905208,0.7754324851939489,False,,,,,"No feasible battery size was found within the tested range for the selected fixed PV and wind capacities. Renewable-generation inadequacy: annual PV+wind production (25442 kWh) is less than annual load (37699 kWh). No finite battery can close this gap -- storage shifts energy in time, it does not create it. Increasing PV/wind capacity (a scenario input, not a battery decision variable in this optimization) would be required.",0.9951523500001258,14854.968451898925,10587.229154312468,25442.197606211394
1339,jinan,Asia/Shanghai,2023,4201465,38.93103705917254,7.363192688512736,43458.187945419275,18.625072298681715,0.9974040797352935,0.9527957027079715,0.772262003080989,False,,,,,"No feasible battery size was found within the tested range for the selected fixed PV and wind capacities. Battery-range inadequacy: annual renewable production is sufficient overall, but no module count within the tested range (0..n_max) achieved the reliability target. Consider increasing candidate_module_counts.max and re-running.",0.9923748460000752,50014.05533766827,5539.639569738298,55553.69490740657
1340,jinan,Asia/Shanghai,2023,4201466,31.40029320162919,16.586931320226007,26979.165257248736,19.896675440805197,0.9926140924633061,0.9171829619969005,0.8805722074676234,True,8.0,122.88,0.007138726089310718,8752.43719446542,,1.0219727700000476,40339.43404637037,12479.046110718466,52818.48015708884
1341,jinan,Asia/Shanghai,2023,4201467,18.670248372888224,8.053622842570755,22399.9899867794,16.389675156526863,0.9977386860873204,0.8903000488860126,0.8243425362149653,False,,,,,"No feasible battery size was found within the tested range for the selected fixed PV and wind capacities. Battery-range inadequacy: annual renewable production is sufficient overall, but no module count within the tested range (0..n_max) achieved the reliability target. Consider increasing candidate_module_counts.max and re-running.",0.9947915230000035,23985.357335083783,6059.079215467963,30044.436550551745
1342,jinan,Asia/Shanghai,2023,4201468,27.018607167842287,18.375955710267302,36842.25484507184,19.392012053997924,0.9931187628758407,0.9069790229562201,0.816245057164365,False,,,,,"No feasible battery size was found within the tested range for the selected fixed PV and wind capacities. Battery-range inadequacy: annual renewable production is sufficient overall, but no module count within the tested range (0..n_max) achieved the reliability target. Consider increasing candidate_module_counts.max and re-running.",1.0059362029999193,34710.354928004745,13825.00440918335,48535.35933718809
1343,jinan,Asia/Shanghai,2023,4201469,22.882553777159853,14.475085446251565,12771.079740179712,7.223632654303895,0.9984183744293358,0.886146230650311,0.8180291185361241,True,5.0,76.8,0.0009362469406556521,5470.273246540887,,1.0123560179999913,29396.83597790004,10890.215631392739,40287.05160929278
1344,jinan,Asia/Shanghai,2023,4201470,32.637250870536704,5.23727056881655,18909.925917335393,10.656080462740801,0.994561357023618,0.9107435765280094,0.82979985162981,True,6.0,92.16,0.0047630054627327495,6564.3278958490655,,1.0356330059998982,41928.532975563096,3940.218938681898,45868.751914245
1345,jinan,Asia/Shanghai,2023,4201471,16.791925517521378,5.50965872858038,10062.842032730166,10.182680179244514,0.9932549651927483,0.9653743705647889,0.7089561425040473,True,3.0,46.08,0.006102167657931878,3282.1639479245327,,1.0308180490001178,21572.307225795965,4145.1480084467,25717.455234242665
1346,jinan,Asia/Shanghai,2023,4201472,25.901951804055432,16.556266285276926,37971.00047590878,14.581019002109908,0.9900732554435154,0.936867190606811,0.7644775879399464,False,,,,,"No feasible battery size was found within the tested range for the selected fixed PV and wind capacities. Battery-range inadequacy: annual renewable production is sufficient overall, but no module count within the tested range (0..n_max) achieved the reliability target. Consider increasing candidate_module_counts.max and re-running.",1.02662782099992,33275.80636787639,12455.975515095408,45731.781882971794
1347,jinan,Asia/Shanghai,2023,4201473,33.18606884043406,8.767307722713982,38648.22607908717,14.382430005335914,0.9958706179679473,0.8958352918378799,0.8338348002664925,False,,,,,"No feasible battery size was found within the tested range for the selected fixed PV and wind capacities. Battery-range inadequacy: annual renewable production is sufficient overall, but no module count within the tested range (0..n_max) achieved the reliability target. Consider increasing candidate_module_counts.max and re-running.",0.999415235000015,42633.59028690657,6596.014369770425,49229.604656676995
1348,jinan,Asia/Shanghai,2023,4201474,32.10935225925745,14.788205224756112,23614.627319501808,7.498322739322639,0.9926096447259967,0.9487445526207269,0.7818801449092512,True,7.0,107.52,0.006908946616656891,7658.382545157243,,1.1041611569999077,41250.35041605231,11125.788811187093,52376.1392272394
1349,jinan,Asia/Shanghai,2023,4201475,31.081397259797725,19.801826499969735,36966.808964971584,15.103076355244227,0.9954972738389345,0.9266579780842342,0.7395633373740539,False,,,,,"No feasible battery size was found within the tested range for the selected fixed PV and wind capacities. Battery-range inadequacy: annual renewable production is sufficient overall, but no module count within the tested range (0..n_max) achieved the reliability target. Consider increasing candidate_module_counts.max and re-running.",1.0229290270001457,39929.75373763688,14897.746979168305,54827.50071680518
1350,jinan,Asia/Shanghai,2023,4201476,35.2841016076555,24.28528344975191,28659.36262400665,18.998581338269837,0.9989819508395096,0.9237576321327239,0.8448710747499937,True,16.0,245.76,0.0007113001425539881,17504.87438893084,,1.002092292000043,45328.89806307924,18270.840225387314,63599.73828846656
1351,jinan,Asia/Shanghai,2023,4201477,29.31371014751568,9.745296320014944,11883.577750172752,11.800329667616852,0.9970848449765665,0.9092621196420727,0.8568877442386369,True,3.0,46.08,0.001582244883496745,3282.1639479245327,,0.9906555110001136,37658.83552605723,7331.796327617784,44990.63185367501
1352,jinan,Asia/Shanghai,2023,4201478,29.644050458888664,18.910827036351744,21429.6355350956,12.050710742645704,0.991635334200227,0.9021922475271754,0.717970008618483,True,7.0,107.52,0.005448340954292609,7658.382545157243,,1.0352093600001808,38083.218225859426,14227.410605522378,52310.62883138181
1353,jinan,Asia/Shanghai,2023,4201479,13.80320218888624,9.21026958591673,33209.36845503348,11.618166793214597,0.99240245561309,0.957500120220792,0.8050295382683972,False,,,,,"No feasible battery size was found within the tested range for the selected fixed PV and wind capacities. Renewable-generation inadequacy: annual PV+wind production (24662 kWh) is less than annual load (33209 kWh). No finite battery can close this gap -- storage shifts energy in time, it does not create it. Increasing PV/wind capacity (a scenario input, not a battery decision variable in this optimization) would be required.",0.9985162559999026,17732.744110121926,6929.273211293231,24662.01732141516
1354,jinan,Asia/Shanghai,2023,4201480,37.69328420907381,17.699299245551355,10631.503861148665,18.702135365235428,0.9977171700211275,0.9371744100502809,0.8069547111461636,True,2.0,30.72,0.0006927807536749835,2188.109298616355,,0.9743041579999954,48423.93485243427,13315.92728929382,61739.862141728096
1355,jinan,Asia/Shanghai,2023,4201481,23.58778219955755,14.643496915336634,40768.82563369399,12.697124035380288,0.991584222288322,0.8852359810455693,0.7252372552573024,False,,,,,"No feasible battery size was found within the tested range for the selected fixed PV and wind capacities. Battery-range inadequacy: annual renewable production is sufficient overall, but no module count within the tested range (0..n_max) achieved the reliability target. Consider increasing candidate_module_counts.max and re-running.",0.968988649000039,30302.831194258775,11016.918663298567,41319.74985755734
1356,jinan,Asia/Shanghai,2023,4201482,28.512600888834605,15.642550637943213,48074.26604867761,19.930670264811866,0.9975365639082501,0.9524766530401272,0.7732105553499217,False,,,,,"No feasible battery size was found within the tested range for the selected fixed PV and wind capacities. Battery-range inadequacy: annual renewable production is sufficient overall, but no module count within the tested range (0..n_max) achieved the reliability target. Consider increasing candidate_module_counts.max and re-running.",0.9793262220000543,36629.663795175904,11768.548800953384,48398.21259612929
1357,jinan,Asia/Shanghai,2023,4201483,30.65614776366871,5.0672457246275755,30431.430559770022,10.653118077346608,0.9971314270363689,0.8835001671398779,0.7097131377636157,False,,,,,"No feasible battery size was found within the tested range for the selected fixed PV and wind capacities. Battery-range inadequacy: annual renewable production is sufficient overall, but no module count within the tested range (0..n_max) achieved the reliability target. Consider increasing candidate_module_counts.max and re-running.",0.9883238610000262,39383.442787857,3812.3020968237124,43195.74488468071
1358,jinan,Asia/Shanghai,2023,4201484,28.606272961776398,16.83277709159528,43243.60091992041,13.884003337360417,0.9985443374573235,0.908294617801098,0.77958428128096,False,,,,,"No feasible battery size was found within the tested range for the selected fixed PV and wind capacities. Battery-range inadequacy: annual renewable production is sufficient overall, but no module count within the tested range (0..n_max) achieved the reliability target. Consider increasing candidate_module_counts.max and re-running.",0.9777545900001314,36750.00274819644,12664.006225269688,49414.00897346613
1359,jinan,Asia/Shanghai,2023,4201485,33.94509909123484,5.660846047013745,16550.90906366981,10.139155717428537,0.9923021906927011,0.9144897900825629,0.8903736599634904,True,4.0,61.44,0.004469380521369926,4376.21859723271,,0.9712381490001007,43608.70381673148,4258.89258733606,47867.596404067546
1360,jinan,Asia/Shanghai,2023,4201486,13.036183823207214,13.465642173315441,28283.654864303313,9.205130777437441,0.9925065590191882,0.9443276945574388,0.8235687685301966,False,,,,,"No feasible battery size was found within the tested range for the selected fixed PV and wind capacities. Renewable-generation inadequacy: annual PV+wind production (26878 kWh) is less than annual load (28284 kWh). No finite battery can close this gap -- storage shifts energy in time, it does not create it. Increasing PV/wind capacity (a scenario input, not a battery decision variable in this optimization) would be required.",0.9951384369999232,16747.368382067943,10130.768998020363,26878.13738008831
1361,jinan,Asia/Shanghai,2023,4201487,34.38496059199459,13.101464449561044,34268.44107918692,18.403822110238767,0.9976619562454475,0.9628021053249962,0.753795004505645,False,,,,,"No feasible battery size was found within the tested range for the selected fixed PV and wind capacities. Battery-range inadequacy: annual renewable production is sufficient overall, but no module count within the tested range (0..n_max) achieved the reliability target. Consider increasing candidate_module_counts.max and re-running.",0.970146399999976,44173.78656565673,9856.78277841831,54030.56934407504
1362,jinan,Asia/Shanghai,2023,4201488,39.56263553596361,21.32779830942833,41792.31224165214,15.013679014379889,0.9988494117603486,0.9197406905241832,0.8483078609524821,False,,,,,"No feasible battery size was found within the tested range for the selected fixed PV and wind capacities. Battery-range inadequacy: annual renewable production is sufficient overall, but no module count within the tested range (0..n_max) achieved the reliability target. Consider increasing candidate_module_counts.max and re-running.",1.005074623000155,50825.45938841069,16045.799756758926,66871.2591451696
1363,jinan,Asia/Shanghai,2023,4201489,31.48743927157913,21.667324104714385,41540.766315613444,13.940508190841161,0.9912595363783869,0.9371909733309128,0.8774118567274958,False,,,,,"No feasible battery size was found within the tested range for the selected fixed PV and wind capacities. Battery-range inadequacy: annual renewable production is sufficient overall, but no module count within the tested range (0..n_max) achieved the reliability target. Consider increasing candidate_module_counts.max and re-running.",0.9572897110001577,40451.38915196676,16301.239293666304,56752.62844563306
1364,jinan,Asia/Shanghai,2023,4201490,17.196012360773835,9.91829191991862,17398.89147039884,14.472252597484122,0.991278477869788,0.9188247822835346,0.8046666478544389,True,8.0,122.88,0.008005296559114502,8752.43719446542,,0.983064038999828,22091.43086765873,7461.94819395589,29553.37906161462
1365,jinan,Asia/Shanghai,2023,4201491,17.37801641537341,10.064168369833855,14368.893973611963,15.809096854458076,0.9926626016770279,0.9266452011881771,0.7664487114734079,True,5.0,76.8,0.005810816716176152,5470.273246540887,,0.9659873979999247,22325.248447308295,7571.697183073626,29896.94563038192
1366,jinan,Asia/Shanghai,2023,4201492,24.062161929772742,10.005024414469379,45441.84177779505,12.756929303302195,0.9921003160385635,0.9206143296914447,0.7391988544280849,False,,,,,"No feasible battery size was found within the tested range for the selected fixed PV and wind capacities. Renewable-generation inadequacy: annual PV+wind production (38439 kWh) is less than annual load (45442 kWh). No finite battery can close this gap -- storage shifts energy in time, it does not create it. Increasing PV/wind capacity (a scenario input, not a battery decision variable in this optimization) would be required.",0.9865811490001306,30912.25893804041,7527.200697743419,38439.45963578383
1367,jinan,Asia/Shanghai,2023,4201493,15.361881277747553,11.01312940266888,14332.05859075787,7.82971305366336,0.9984424218569588,0.9400122371227716,0.8842205326914532,True,10.0,153.6,0.0008092958962391593,10940.546493081774,,0.9798106939999798,19735.153192764352,8285.640483217583,28020.793675981935
1368,jinan,Asia/Shanghai,2023,4201494,17.705408244033514,22.140266716018473,24490.912274159353,7.162924716837285,0.9972423639000377,0.8853685118676475,0.7809705677869933,True,30.0,460.79999999999995,0.0024318969434973777,32821.63947924532,,1.0063325159999295,22745.84328044411,16657.05391303418,39402.89719347829
1369,jinan,Asia/Shanghai,2023,4201495,34.57944005534931,17.343698508930185,30722.627815987726,10.30450882255371,0.9906755024734921,0.9691874787432309,0.7349547453450096,True,11.0,168.95999999999998,0.007327109351163464,12034.601142389953,,0.9756331789999422,44423.63109529202,13048.393897876816,57472.02499316883
1370,jinan,Asia/Shanghai,2023,4201496,17.659254249281314,9.718315249892356,46317.65626742812,16.455325890852954,0.9941159681949541,0.9659880730556673,0.7105566761572883,False,,,,,"No feasible battery size was found within the tested range for the selected fixed PV and wind capacities. Renewable-generation inadequacy: annual PV+wind production (29998 kWh) is less than annual load (46318 kWh). No finite battery can close this gap -- storage shifts energy in time, it does not create it. Increasing PV/wind capacity (a scenario input, not a battery decision variable in this optimization) would be required.",0.9841130930001327,22686.55001157787,7311.497333688406,29998.047345266277
1371,jinan,Asia/Shanghai,2023,4201497,16.535337219947365,10.535554503949385,27981.734642284813,9.841702737385187,0.9901918251489145,0.9390630407305421,0.8226855808186603,False,,,,,"No feasible battery size was found within the tested range for the selected fixed PV and wind capacities. Battery-range inadequacy: annual renewable production is sufficient overall, but no module count within the tested range (0..n_max) achieved the reliability target. Consider increasing candidate_module_counts.max and re-running.",0.9795085509999808,21242.67251058508,7926.3407991840995,29169.01330976918
1372,jinan,Asia/Shanghai,2023,4201498,37.12932109656522,14.537080802109008,23788.358471935513,12.672757743766503,0.9917522549180625,0.9362986316642308,0.8540065765580324,True,6.0,92.16,0.006608451020681321,6564.3278958490655,,1.0002241150000373,47699.42082845549,10936.85734524924,58636.27817370473
1373,jinan,Asia/Shanghai,2023,4201499,14.603851401270765,11.367664352706583,44712.03917465595,12.582976229507327,0.994786529820098,0.9450167377348017,0.8155785630442653,False,,,,,"No feasible battery size was found within the tested range for the selected fixed PV and wind capacities. Renewable-generation inadequacy: annual PV+wind production (27314 kWh) is less than annual load (44712 kWh). No finite battery can close this gap -- storage shifts energy in time, it does not create it. Increasing PV/wind capacity (a scenario input, not a battery decision variable in this optimization) would be required.",0.9752886740000122,18761.324827183133,8552.372038558795,27313.696865741927
1374,jinan,Asia/Shanghai,2023,4201500,21.475509969152377,15.784972978807428,38133.54272004235,12.56714692821394,0.9912616949217208,0.8880492426219961,0.7877717470376764,False,,,,,"No feasible battery size was found within the tested range for the selected fixed PV and wind capacities. Battery-range inadequacy: annual renewable production is sufficient overall, but no module count within the tested range (0..n_max) achieved the reliability target. Consider increasing candidate_module_counts.max and re-running.",0.9795862889998261,27589.230216737073,11875.69911854551,39464.929335282584
1375,jinan,Asia/Shanghai,2023,4201501,37.68654273546501,16.155583494169875,24328.802760713963,18.63059254281553,0.9934976894056105,0.9258231832840937,0.7232998661257442,True,8.0,122.88,0.004749473900345118,8752.43719446542,,0.9768856050000068,48415.27419349484,12154.524997849994,60569.799191344835
1376,jinan,Asia/Shanghai,2023,4201502,19.707747336093526,18.57221167536663,45446.406862311625,16.503161992298416,0.9956562857723963,0.8937318053104021,0.7146005385141126,False,,,,,"No feasible battery size was found within the tested range for the selected fixed PV and wind capacities. Renewable-generation inadequacy: annual PV+wind production (39291 kWh) is less than annual load (45446 kWh). No finite battery can close this gap -- storage shifts energy in time, it does not create it. Increasing PV/wind capacity (a scenario input, not a battery decision variable in this optimization) would be required.",0.9683811019999666,25318.21498487243,13972.656026634235,39290.871011506664
1377,jinan,Asia/Shanghai,2023,4201503,28.43866539449683,15.005513313782162,19521.466389259374,9.39154692438537,0.9935287845948126,0.9245968766910255,0.7780517938176825,True,6.0,92.16,0.005071665840777295,6564.3278958490655,,1.003569440000092,36534.680096190255,11289.278826961223,47823.95892315148
1378,jinan,Asia/Shanghai,2023,4201504,21.618750162578998,7.314656226227059,44623.616730213726,14.137311226671414,0.991314919661418,0.9181486962590142,0.783343182405909,False,,,,,"No feasible battery size was found within the tested range for the selected fixed PV and wind capacities. Renewable-generation inadequacy: annual PV+wind production (33276 kWh) is less than annual load (44624 kWh). No finite battery can close this gap -- storage shifts energy in time, it does not create it. Increasing PV/wind capacity (a scenario input, not a battery decision variable in this optimization) would be required.",0.9799060670000017,27773.248509127494,5503.123547623011,33276.37205675051
1379,jinan,Asia/Shanghai,2023,4201505,28.018626354673682,17.17739235698663,35808.885479190496,15.46854586015711,0.9909301864151612,0.907442998051553,0.7034695638345344,False,,,,,"No feasible battery size was found within the tested range for the selected fixed PV and wind capacities. Battery-range inadequacy: annual renewable production is sufficient overall, but no module count within the tested range (0..n_max) achieved the reliability target. Consider increasing candidate_module_counts.max and re-running.",0.9820489670000825,35995.06293290315,12923.274784610268,48918.33771751342
1380,jinan,Asia/Shanghai,2023,4201506,31.578605871143623,6.430960971471507,23711.3155572465,10.869848452094779,0.9964417438066651,0.897930197356363,0.8894825987380927,True,10.0,153.6,0.0035335820597447434,10940.546493081774,,0.9827828939999108,40568.50936504085,4838.282437533494,45406.79180257435
1381,jinan,Asia/Shanghai,2023,4201507,39.93285858382474,21.378202816401107,21988.500058541125,14.957999811092819,0.9907483322852814,0.9584151384135859,0.8031985742520548,True,5.0,76.8,0.00550654781502854,5470.273246540887,,0.9979457229999298,51301.07877596677,16083.7211874659,67384.79996343267
1382,jinan,Asia/Shanghai,2023,4201508,15.293174989593572,11.548331191234052,42029.70977951899,18.053401511405696,0.9946774204824098,0.9232280350279606,0.8501469493106519,False,,,,,"No feasible battery size was found within the tested range for the selected fixed PV and wind capacities. Renewable-generation inadequacy: annual PV+wind production (28335 kWh) is less than annual load (42030 kWh). No finite battery can close this gap -- storage shifts energy in time, it does not create it. Increasing PV/wind capacity (a scenario input, not a battery decision variable in this optimization) would be required.",0.9922745369999575,19646.88736792758,8688.29530038076,28335.182668308338
1383,jinan,Asia/Shanghai,2023,4201509,34.78568867555664,20.29693624791641,25377.122009368308,14.62888642413979,0.9977162391744383,0.8936584570642677,0.7776273370229926,True,12.0,184.32,0.0020186623617157555,13128.655791698131,,0.9820188889998462,44688.59526484879,15270.238867825175,59958.83413267396
1384,jinan,Asia/Shanghai,2023,4201510,23.988752216893968,24.880189308038258,21060.649590826048,14.18792241134784,0.9946673916693681,0.9557907648685393,0.757717921541032,True,7.0,107.52,0.004991227621341454,7658.382545157243,,0.9797861909999028,30817.950701743983,18718.41292547074,49536.36362721473
1385,jinan,Asia/Shanghai,2023,4201511,26.648331421344587,24.012470302103615,23303.432333442302,11.591083719652715,0.997999319830533,0.9099248971511011,0.776134752926763,True,12.0,184.32,0.0017198997449839066,13128.655791698131,,1.0063485279999895,34234.66783938739,18065.59141936121,52300.2592587486
1386,jinan,Asia/Shanghai,2023,4201512,19.12356426633095,21.190627506501457,47215.4788175112,14.466483210003585,0.9956126711813369,0.9151003257741858,0.7024967499142993,False,,,,,"No feasible battery size was found within the tested range for the selected fixed PV and wind capacities. Renewable-generation inadequacy: annual PV+wind production (40510 kWh) is less than annual load (47215 kWh). No finite battery can close this gap -- storage shifts energy in time, it does not create it. Increasing PV/wind capacity (a scenario input, not a battery decision variable in this optimization) would be required.",0.9951705449998371,24567.724718352532,15942.600392046934,40510.32511039947
1387,jinan,Asia/Shanghai,2023,4201513,15.218127964707199,7.948767091804689,14635.280112521468,14.81070974080093,0.9912271405713642,0.8877070557283048,0.7765163013123716,True,7.0,107.52,0.007369917108212876,7658.382545157243,,0.9927314869999009,19550.475704146582,5980.191823730338,25530.667527876918
1388,jinan,Asia/Shanghai,2023,4201514,17.47067988903696,7.917210912717644,15845.11502234272,8.843085601741487,0.9948316478703844,0.9482286040082126,0.870555328650428,True,7.0,107.52,0.00515101363045935,7658.382545157243,,1.0178855789999943,22444.29166962331,5956.450782889038,28400.74245251235
1389,jinan,Asia/Shanghai,2023,4201515,32.542535492165506,17.564265194083415,46304.983100779325,12.796052041013759,0.9957002115676832,0.9170458495298681,0.7654768401761491,False,,,,,"No feasible battery size was found within the tested range for the selected fixed PV and wind capacities. Battery-range inadequacy: annual renewable production is sufficient overall, but no module count within the tested range (0..n_max) achieved the reliability target. Consider increasing candidate_module_counts.max and re-running.",1.0377167350000036,41806.85370542228,13214.3354925803,55021.18919800258
1390,jinan,Asia/Shanghai,2023,4201516,12.106023455246506,13.568349232737818,23729.064115293993,19.783089789491463,0.9962213868145705,0.9449223824346028,0.8031653837924462,False,,,,,"No feasible battery size was found within the tested range for the selected fixed PV and wind capacities. Battery-range inadequacy: annual renewable production is sufficient overall, but no module count within the tested range (0..n_max) achieved the reliability target. Consider increasing candidate_module_counts.max and re-running.",1.0100872069999696,15552.406839035226,10208.039838882003,25760.44667791723
1391,jinan,Asia/Shanghai,2023,4201517,31.282427633262895,19.451419534443364,12654.355229844194,8.339097867159055,0.99011670799886,0.9258826665335714,0.8751599709672053,True,2.0,30.72,0.0036376861310703254,2188.109298616355,,0.9931847920001928,40188.01411245703,14634.121080206005,54822.13519266303
1392,jinan,Asia/Shanghai,2023,4201518,30.489174586388483,9.919583241921039,48790.56098817483,16.4801952770574,0.996065051252262,0.9000620191613903,0.8026178343266231,False,,,,,"No feasible battery size was found within the tested range for the selected fixed PV and wind capacities. Renewable-generation inadequacy: annual PV+wind production (46632 kWh) is less than annual load (48791 kWh). No finite battery can close this gap -- storage shifts energy in time, it does not create it. Increasing PV/wind capacity (a scenario input, not a battery decision variable in this optimization) would be required.",0.9977949949998219,39168.93512612411,7462.919709813818,46631.85483593793
1393,jinan,Asia/Shanghai,2023,4201519,34.67728723891,22.20520449464572,32457.20463205072,12.841907655788962,0.9962791544547688,0.9275423959881226,0.7835362076131321,True,20.0,307.2,0.0034097608260184016,21881.09298616355,,1.0195813919999637,44549.333743433686,16705.909335304415,61255.2430787381
1394,jinan,Asia/Shanghai,2023,4201520,10.126381657424384,11.240867487097454,40532.73842382179,11.264011999658834,0.994219180405723,0.921291915494145,0.7404268806518081,False,,,,,"No feasible battery size was found within the tested range for the selected fixed PV and wind capacities. Renewable-generation inadequacy: annual PV+wind production (21466 kWh) is less than annual load (40533 kWh). No finite battery can close this gap -- storage shifts energy in time, it does not create it. Increasing PV/wind capacity (a scenario input, not a battery decision variable in this optimization) would be required.",1.0094610920000378,13009.193970738183,8456.977423238874,21466.171393977056
1395,jinan,Asia/Shanghai,2023,4201521,15.284429943413835,10.56738418024701,15523.791528816248,16.03317652486638,0.9940090425053085,0.9649271534780564,0.8328649164495805,True,7.0,107.52,0.005961205316305467,7658.382545157243,,0.9805687230000331,19635.652752653932,7950.287603480742,27585.940356134673
1396,jinan,Asia/Shanghai,2023,4201522,25.941676614603153,18.132618632563357,11617.015328386566,19.259903901930358,0.9986078664937552,0.9048525881699977,0.8256590965486268,True,3.0,46.08,0.0009957696514809415,3282.1639479245327,,0.9911751869999534,33326.840170803145,13641.931690397074,46968.77186120022
1397,jinan,Asia/Shanghai,2023,4201523,16.05745732419624,15.949435892009179,40831.56956497573,19.09732587208088,0.9930529523093911,0.9424154736738485,0.8432854228694359,False,,,,,"No feasible battery size was found within the tested range for the selected fixed PV and wind capacities. Renewable-generation inadequacy: annual PV+wind production (32628 kWh) is less than annual load (40832 kWh). No finite battery can close this gap -- storage shifts energy in time, it does not create it. Increasing PV/wind capacity (a scenario input, not a battery decision variable in this optimization) would be required.",0.9995713139999225,20628.74816239655,11999.431485776398,32628.179648172947
1398,jinan,Asia/Shanghai,2023,4201524,16.634464034942237,17.580642629867846,36216.85156751107,16.461141595190515,0.9989995253170908,0.8836209132483832,0.7404610087355116,False,,,,,"No feasible battery size was found within the tested range for the selected fixed PV and wind capacities. Renewable-generation inadequacy: annual PV+wind production (34597 kWh) is less than annual load (36217 kWh). No finite battery can close this gap -- storage shifts energy in time, it does not create it. Increasing PV/wind capacity (a scenario input, not a battery decision variable in this optimization) would be required.",0.9794216729999334,21370.019079931917,13226.656926387652,34596.67600631957
1399,jinan,Asia/Shanghai,2023,4201525,14.35235295759222,8.08868104841405,28169.9464248786,18.17804834919406,0.9940385094216098,0.9401632358050972,0.7752998285060438,False,,,,,"No feasible battery size was found within the tested range for the selected fixed PV and wind capacities. Renewable-generation inadequacy: annual PV+wind production (24524 kWh) is less than annual load (28170 kWh). No finite battery can close this gap -- storage shifts energy in time, it does not create it. Increasing PV/wind capacity (a scenario input, not a battery decision variable in this optimization) would be required.",0.9993767739999839,18438.228962555695,6085.45497834003,24523.683940895724
1400,jinan,Asia/Shanghai,2023,4201526,19.589899459333452,21.684703696580844,36221.900404736785,10.26342932123804,0.9982274423512245,0.924866040860588,0.7376549494598577,False,,,,,"No feasible battery size was found within the tested range for the selected fixed PV and wind capacities. Battery-range inadequacy: annual renewable production is sufficient overall, but no module count within the tested range (0..n_max) achieved the reliability target. Consider increasing candidate_module_counts.max and re-running.",1.0042385760000343,25166.817779071145,16314.314691646794,41481.13247071794
1401,jinan,Asia/Shanghai,2023,4201527,24.496655874030434,18.493988758669516,24684.503570246492,17.6567710441309,0.9947982958254549,0.922098830194102,0.8717422846527437,True,13.0,199.68,0.004868615423987515,14222.710441006306,,1.0376837900000737,31470.446076465636,13913.805636195351,45384.25171266099
1402,jinan,Asia/Shanghai,2023,4201528,23.88753419398459,13.28820283701633,14148.65581333984,10.437378182854477,0.9935734347050678,0.8962560087302041,0.8175646403426335,True,4.0,61.44,0.003406513522948127,4376.21859723271,,0.9752062630000182,30687.917592395657,9997.273921879798,40685.19151427546
1403,jinan,Asia/Shanghai,2023,4201529,14.315262116510432,9.47379577207782,32443.679429005624,9.034753470871056,0.9957570147911552,0.9421461819628634,0.7602580821213301,False,,,,,"No feasible battery size was found within the tested range for the selected fixed PV and wind capacities. Renewable-generation inadequacy: annual PV+wind production (25518 kWh) is less than annual load (32444 kWh). No finite battery can close this gap -- storage shifts energy in time, it does not create it. Increasing PV/wind capacity (a scenario input, not a battery decision variable in this optimization) would be required.",0.9833736159998807,18390.57897636176,7127.535045564888,25518.11402192665
1404,jinan,Asia/Shanghai,2023,4201530,12.621630444901598,14.789036676578366,13715.936803672686,12.72853522285802,0.9965359605791606,0.9358296812323723,0.7896535282424035,True,9.0,138.24,0.003147824609339079,9846.491843773598,,1.0282149409999874,16214.798556828486,11126.41434736545,27341.212904193933
1405,jinan,Asia/Shanghai,2023,4201531,38.37575643692642,7.03494466164341,45200.06027647725,17.001933089618046,0.9937776472232812,0.8937580454710643,0.7311733571555282,False,,,,,"No feasible battery size was found within the tested range for the selected fixed PV and wind capacities. Battery-range inadequacy: annual renewable production is sufficient overall, but no module count within the tested range (0..n_max) achieved the reliability target. Consider increasing candidate_module_counts.max and re-running.",1.089263732000063,49300.695564417416,5292.684772375644,54593.38033679306
1406,jinan,Asia/Shanghai,2023,4201532,37.65417282228392,9.674093285565203,44964.62831951315,12.549428298954334,0.9941556117305463,0.9357560140825438,0.7430078165786466,False,,,,,"No feasible battery size was found within the tested range for the selected fixed PV and wind capacities. Battery-range inadequacy: annual renewable production is sufficient overall, but no module count within the tested range (0..n_max) achieved the reliability target. Consider increasing candidate_module_counts.max and re-running.",1.0169801639999605,48373.689104799305,7278.227289863471,55651.916394662774
1407,jinan,Asia/Shanghai,2023,4201533,22.85112022179082,23.769688776098597,19530.27715914999,18.823753383196276,0.9989478872694826,0.8846716469267947,0.8062758245182743,True,11.0,168.95999999999998,0.0005835371617883834,12034.601142389953,,0.9691335050001726,29356.453812500826,17882.936665485624,47239.39047798645
1408,jinan,Asia/Shanghai,2023,4201534,15.154578990810657,17.434285119133545,49581.70572859502,18.453213431273085,0.9983236361544572,0.8992014831980889,0.8084639197778603,False,,,,,"No feasible battery size was found within the tested range for the selected fixed PV and wind capacities. Renewable-generation inadequacy: annual PV+wind production (32585 kWh) is less than annual load (49582 kWh). No finite battery can close this gap -- storage shifts energy in time, it does not create it. Increasing PV/wind capacity (a scenario input, not a battery decision variable in this optimization) would be required.",0.991454431999955,19468.83539509746,13116.546014981379,32585.381410078837
1409,jinan,Asia/Shanghai,2023,4201535,17.04493049184852,22.988494151553024,17646.15972296986,7.309383686137997,0.9901094636854262,0.8963753074077959,0.7379525693709066,True,6.0,92.16,0.008770924095376819,6564.3278958490655,,1.005549344999963,21897.338505272797,17295.21109087845,39192.54959615125
1410,jinan,Asia/Shanghai,2023,4201536,19.690229555055204,16.293084529757543,25264.421678166742,7.815137255352037,0.995270695956018,0.9475747719980065,0.8506214249188297,True,23.0,353.28,0.0042433115913855166,25163.25693408808,,1.02111352299994,25295.71018314028,12257.972810482926,37553.68299362321
1411,jinan,Asia/Shanghai,2023,4201537,21.239380586506613,6.875061597192471,33680.321227011504,15.076107589915317,0.9971265645710452,0.9385470644267794,0.7792762790012151,False,,,,,"No feasible battery size was found within the tested range for the selected fixed PV and wind capacities. Renewable-generation inadequacy: annual PV+wind production (32458 kWh) is less than annual load (33680 kWh). No finite battery can close this gap -- storage shifts energy in time, it does not create it. Increasing PV/wind capacity (a scenario input, not a battery decision variable in this optimization) would be required.",0.9881173849998959,27285.878729014185,5172.398017997315,32458.2767470115
1412,jinan,Asia/Shanghai,2023,4201538,33.43374295924904,23.30099237956448,47962.263654325834,14.452782531883944,0.9986936043217801,0.962028015910051,0.7005228714030441,False,,,,,"No feasible battery size was found within the tested range for the selected fixed PV and wind capacities. Battery-range inadequacy: annual renewable production is sufficient overall, but no module count within the tested range (0..n_max) achieved the reliability target. Consider increasing candidate_module_counts.max and re-running.",0.9603817710001294,42951.77310503424,17530.31665209323,60482.08975712747
1413,jinan,Asia/Shanghai,2023,4201539,29.128523987380234,8.56938819668127,21807.706178339937,9.462502996033832,0.994348166756734,0.880977956019403,0.7471592816049313,True,9.0,138.24,0.005107522014367857,9846.491843773598,,0.9698384870000609,37420.929948389035,6447.111185456759,43868.04113384579
1414,jinan,Asia/Shanghai,2023,4201540,10.8736287087951,18.011171314384757,45571.50314771332,19.96682989747898,0.9940370120260389,0.9034126999264738,0.8706207193461385,False,,,,,"No feasible battery size was found within the tested range for the selected fixed PV and wind capacities. Renewable-generation inadequacy: annual PV+wind production (27520 kWh) is less than annual load (45572 kWh). No finite battery can close this gap -- storage shifts energy in time, it does not create it. Increasing PV/wind capacity (a scenario input, not a battery decision variable in this optimization) would be required.",0.9797080929999993,13969.169820376099,13550.561764621483,27519.731584997582
1415,jinan,Asia/Shanghai,2023,4201541,13.394755526214183,24.484779621122815,38593.49818872809,12.559019980511213,0.990869854835918,0.8816376342138794,0.8089064394963879,False,,,,,"No feasible battery size was found within the tested range for the selected fixed PV and wind capacities. Renewable-generation inadequacy: annual PV+wind production (35629 kWh) is less than annual load (38593 kWh). No finite battery can close this gap -- storage shifts energy in time, it does not create it. Increasing PV/wind capacity (a scenario input, not a battery decision variable in this optimization) would be required.",0.9754597060000378,17208.01948081609,18420.92958630567,35628.94906712176
1416,jinan,Asia/Shanghai,2023,4201542,22.415515223200643,21.853289887240734,35692.21918773747,11.478445197435427,0.9920340635409107,0.9232379987930805,0.7325988557572313,False,,,,,"No feasible battery size was found within the tested range for the selected fixed PV and wind capacities. Battery-range inadequacy: annual renewable production is sufficient overall, but no module count within the tested range (0..n_max) achieved the reliability target. Consider increasing candidate_module_counts.max and re-running.",0.9454080329999215,28796.839321067164,16441.149173942493,45237.98849500966
1417,jinan,Asia/Shanghai,2023,4201543,30.01037987419556,17.1145814493152,42402.85472504811,11.742939083634145,0.9925078367972477,0.955275582331218,0.8381994162919769,False,,,,,"No feasible battery size was found within the tested range for the selected fixed PV and wind capacities. Battery-range inadequacy: annual renewable production is sufficient overall, but no module count within the tested range (0..n_max) achieved the reliability target. Consider increasing candidate_module_counts.max and re-running.",0.9753393979999601,38553.83552847911,12876.019496820414,51429.85502529953
1418,jinan,Asia/Shanghai,2023,4201544,34.24328479048644,12.051904414616805,15020.14796121468,6.187242283028436,0.9975872584687836,0.9500753991063072,0.7576082690779032,True,4.0,61.44,0.0019379578907376216,4376.21859723271,,0.9671386439999878,43991.77802152607,9067.154617598386,53058.932639124454
1419,jinan,Asia/Shanghai,2023,4201545,13.490865677124347,9.944688520754362,18519.50542774703,15.995834775382974,0.9919400677592123,0.8994488669590862,0.7064536264997711,True,25.0,384.0,0.007681370467194694,27351.366232704437,,0.9529940800000531,17331.490592022976,7481.807467056862,24813.29805907984
1420,jinan,Asia/Shanghai,2023,4201546,27.905790649285542,18.779590965122146,36139.61875792336,13.528987342341177,0.9986946745395675,0.9225464660959379,0.872027301624247,False,,,,,"No feasible battery size was found within the tested range for the selected fixed PV and wind capacities. Battery-range inadequacy: annual renewable production is sufficient overall, but no module count within the tested range (0..n_max) achieved the reliability target. Consider increasing candidate_module_counts.max and re-running.",0.9492353900000126,35850.10478024028,14128.67618909258,49978.78096933286
1421,jinan,Asia/Shanghai,2023,4201547,29.380297311320163,6.68323881375672,42403.538439043565,13.765828125347273,0.995881730933929,0.8962204692061466,0.7874980188284715,False,,,,,"No feasible battery size was found within the tested range for the selected fixed PV and wind capacities. Battery-range inadequacy: annual renewable production is sufficient overall, but no module count within the tested range (0..n_max) achieved the reliability target. Consider increasing candidate_module_counts.max and re-running.",0.9895605300000625,37744.37894711313,5028.081669580163,42772.46061669329
1422,jinan,Asia/Shanghai,2023,4201548,36.417474231228525,9.308623861726307,10004.996261487746,8.862630681762127,0.9943878820425877,0.9539150238971729,0.8286581801146702,True,2.0,30.72,0.0013174510740157307,2188.109298616355,,0.9795347780000156,46784.92300861108,7003.269269956438,53788.19227856751
1423,jinan,Asia/Shanghai,2023,4201549,37.57190406871527,14.11128863255787,25632.60891828149,8.471273248935699,0.9919625623608519,0.9462498907307254,0.7160718246090618,True,8.0,122.88,0.007330617543912991,8752.43719446542,,0.9695116339999004,48267.9998063794,10616.515986451166,58884.51579283056
1424,jinan,Asia/Shanghai,2023,4201550,30.473016176237888,5.088931759555773,18229.563486996827,8.869455508474175,0.9963200906024549,0.9258382759903084,0.8494894994182326,True,7.0,107.52,0.0029049076226790554,7658.382545157243,,0.9802382730001682,39148.176685545914,3828.6174130568984,42976.79409860281
1425,jinan,Asia/Shanghai,2023,4201551,25.386015963503876,11.54769221393202,14146.425868347575,8.039331480031045,0.9936070207231111,0.92963088773636,0.8877274806381246,True,3.0,46.08,0.0061849520320738744,3282.1639479245327,,1.023619354000175,32612.992180809866,8687.814570879815,41300.806751689684
1426,jinan,Asia/Shanghai,2023,4201552,17.191605311995033,18.321698788933674,16101.836459732065,15.706296828835011,0.9901020678942958,0.9390327954936654,0.7326435313429048,True,5.0,76.8,0.009158110657964746,5470.273246540887,,1.0239099670000087,22085.769205443987,13784.184645112682,35869.95385055667
1427,jinan,Asia/Shanghai,2023,4201553,15.4097333914247,16.178152666291545,25016.461836348495,12.069577258262544,0.9927799999430064,0.9658120344575493,0.7581312200163778,False,,,,,"No feasible battery size was found within the tested range for the selected fixed PV and wind capacities. Battery-range inadequacy: annual renewable production is sufficient overall, but no module count within the tested range (0..n_max) achieved the reliability target. Consider increasing candidate_module_counts.max and re-running.",1.0104712249999466,19796.6280067498,12171.504735340293,31968.132742090093
1428,jinan,Asia/Shanghai,2023,4201554,26.261422742064997,22.087111110816902,36567.23249043284,9.84165420472581,0.9949719301503014,0.8874692013609454,0.8091372805415384,False,,,,,"No feasible battery size was found within the tested range for the selected fixed PV and wind capacities. Battery-range inadequacy: annual renewable production is sufficient overall, but no module count within the tested range (0..n_max) achieved the reliability target. Consider increasing candidate_module_counts.max and re-running.",0.9769454719998976,33737.6126988654,16617.062715413154,50354.67541427855
1429,jinan,Asia/Shanghai,2023,4201555,21.30405844945068,17.5712234199616,30226.051188763002,19.04939051997635,0.9936845201098763,0.8874244755653724,0.7603870042282954,False,,,,,"No feasible battery size was found within the tested range for the selected fixed PV and wind capacities. Battery-range inadequacy: annual renewable production is sufficient overall, but no module count within the tested range (0..n_max) achieved the reliability target. Consider increasing candidate_module_counts.max and re-running.",1.045237312000154,27368.96930303332,13219.57045858494,40588.53976161826
1430,jinan,Asia/Shanghai,2023,4201556,28.176815870897336,10.120501972141723,20759.538072225354,10.093587260335262,0.9967152760191815,0.9646119910864566,0.7700753267695559,True,9.0,138.24,0.002938305410859914,9846.491843773598,,1.014692105999984,36198.28637147283,7614.079321590443,43812.36569306327
1431,jinan,Asia/Shanghai,2023,4201557,15.864641192814757,13.41273904334206,24073.587719185045,19.850373711847638,0.9941748143266619,0.9411355017530677,0.8827576133289706,False,,,,,"No feasible battery size was found within the tested range for the selected fixed PV and wind capacities. Battery-range inadequacy: annual renewable production is sufficient overall, but no module count within the tested range (0..n_max) achieved the reliability target. Consider increasing candidate_module_counts.max and re-running.",0.9908264900000177,20381.040487662605,10090.967748133102,30472.008235795707
1432,jinan,Asia/Shanghai,2023,4201558,28.871847320916505,9.987569498397077,34296.40381333121,11.028145040976742,0.9938011488249493,0.9681392123233364,0.7557182027189705,False,,,,,"No feasible battery size was found within the tested range for the selected fixed PV and wind capacities. Battery-range inadequacy: annual renewable production is sufficient overall, but no module count within the tested range (0..n_max) achieved the reliability target. Consider increasing candidate_module_counts.max and re-running.",0.9759531939998851,37091.18170713635,7514.0686301945925,44605.25033733094
1433,jinan,Asia/Shanghai,2023,4201559,24.068054394349325,8.197340913984005,17141.76794741955,14.052266361287508,0.9967591413733744,0.937281388625516,0.7658567995805942,True,8.0,122.88,0.0026727896580188044,8752.43719446542,,0.9903815939999276,30919.82888920715,6167.204365653069,37087.03325486022
1434,jinan,Asia/Shanghai,2023,4201560,11.788545176950594,14.405277242973842,30170.78612375856,16.55977411939728,0.9957626060606276,0.9584132764840888,0.8565965757390184,False,,,,,"No feasible battery size was found within the tested range for the selected fixed PV and wind capacities. Renewable-generation inadequacy: annual PV+wind production (25982 kWh) is less than annual load (30171 kWh). No finite battery can close this gap -- storage shifts energy in time, it does not create it. Increasing PV/wind capacity (a scenario input, not a battery decision variable in this optimization) would be required.",0.9844039919998977,15144.54777905012,10837.695983798438,25982.243762848557
1435,jinan,Asia/Shanghai,2023,4201561,20.976333514328402,17.644428470493963,39891.46117820506,19.353205537591172,0.9938011694636002,0.9383453793080022,0.7785327670563268,False,,,,,"No feasible battery size was found within the tested range for the selected fixed PV and wind capacities. Battery-range inadequacy: annual renewable production is sufficient overall, but no module count within the tested range (0..n_max) achieved the reliability target. Consider increasing candidate_module_counts.max and re-running.",0.9765835339999285,26947.946533569808,13274.645697246891,40222.5922308167
1436,jinan,Asia/Shanghai,2023,4201562,37.15321860564865,11.276011188310708,43920.832445850516,15.256637854757898,0.9917591067914094,0.8913844932096076,0.8405447204017216,False,,,,,"No feasible battery size was found within the tested range for the selected fixed PV and wind capacities. Battery-range inadequacy: annual renewable production is sufficient overall, but no module count within the tested range (0..n_max) achieved the reliability target. Consider increasing candidate_module_counts.max and re-running.",0.9897253879998971,47730.12156062233,8483.417507873863,56213.53906849619
1437,jinan,Asia/Shanghai,2023,4201563,14.753845381728041,20.886580794862965,32283.80160509269,12.153005936941845,0.9924797613232927,0.9685461035432373,0.8444334221821053,False,,,,,"No feasible battery size was found within the tested range for the selected fixed PV and wind capacities. Battery-range inadequacy: annual renewable production is sufficient overall, but no module count within the tested range (0..n_max) achieved the reliability target. Consider increasing candidate_module_counts.max and re-running.",1.0168168239999886,18954.019597361104,15713.853262086712,34667.872859447816
1438,jinan,Asia/Shanghai,2023,4201564,33.34190941494631,20.374218553306765,33360.62308706387,19.09548262938317,0.9952543935304441,0.9268041026593734,0.7547420884845735,True,23.0,353.28,0.004531091010818067,25163.25693408808,,0.9903451779998704,42833.79607915564,15328.381596814042,58162.17767596968
1439,jinan,Asia/Shanghai,2023,4201565,18.452077595250202,19.737678119640872,23390.69686558422,15.930661177200168,0.9985743608293334,0.9195376693100883,0.7194651285759284,True,30.0,460.79999999999995,0.0012121808028407813,32821.63947924532,,0.9861323599998286,23705.076968309448,14849.485454441567,38554.56242275101
1440,jinan,Asia/Shanghai,2023,4201566,29.996394439883083,5.190460633909712,41480.14085089187,12.884796755580776,0.9944075898360779,0.9312497944519919,0.8032817087869432,False,,,,,"No feasible battery size was found within the tested range for the selected fixed PV and wind capacities. Battery-range inadequacy: annual renewable production is sufficient overall, but no module count within the tested range (0..n_max) achieved the reliability target. Consider increasing candidate_module_counts.max and re-running.",1.0800845430001118,38535.8686737929,3905.0018557348035,42440.8705295277
1441,jinan,Asia/Shanghai,2023,4201567,19.713318153880678,10.630178193584838,26611.898424955805,18.4236392287335,0.9912183341380906,0.9092288137017925,0.7384600855898809,False,,,,,"No feasible battery size was found within the tested range for the selected fixed PV and wind capacities. Battery-range inadequacy: annual renewable production is sufficient overall, but no module count within the tested range (0..n_max) achieved the reliability target. Consider increasing candidate_module_counts.max and re-running.",0.9662223000000267,25325.371721762313,7997.53018095282,33322.90190271513
1442,jinan,Asia/Shanghai,2023,4201568,18.21975665719414,23.47202648647854,15641.593787313801,14.104496990208249,0.9927702736188496,0.8963603449857959,0.7187874343438331,True,5.0,76.8,0.0059999288386922344,5470.273246540887,,1.0237171100000069,23406.618125962807,17658.992804751048,41065.610930713854
1443,jinan,Asia/Shanghai,2023,4201569,29.669276764860697,9.663358665184909,32912.576482841905,19.691280842529167,0.9928436563825158,0.8831449849945056,0.7285645228792841,False,,,,,"No feasible battery size was found within the tested range for the selected fixed PV and wind capacities. Battery-range inadequacy: annual renewable production is sufficient overall, but no module count within the tested range (0..n_max) achieved the reliability target. Consider increasing candidate_module_counts.max and re-running.",1.0122310420001668,38115.62604127242,7270.151183432416,45385.77722470484
1444,jinan,Asia/Shanghai,2023,4201570,27.25511047936698,23.67573119345504,21653.878197061047,12.687374217294028,0.9972613072226809,0.9422546301247865,0.8502956349558372,True,8.0,122.88,0.002288529073185636,8752.43719446542,,0.9577381159999732,35014.18679593467,17812.248424024656,52826.43521995933
1445,jinan,Asia/Shanghai,2023,4201571,33.177081245683006,15.798320406680862,31442.484316090602,15.783343706726711,0.996278834431022,0.9403051897626716,0.7764269384285327,True,22.0,337.91999999999996,0.0035556079958930123,24069.202284779905,,0.9607829849999234,42622.04407352035,11885.740949953406,54507.785023473756
1446,jinan,Asia/Shanghai,2023,4201572,34.8562793681463,9.724057787417786,16229.27865410849,10.177433286735523,0.9922844811636446,0.939686426098284,0.7462035702299922,True,4.0,61.44,0.0047467321135631025,4376.21859723271,,0.9620902680001109,44779.28195269985,7315.817686211056,52095.099638910906
1447,jinan,Asia/Shanghai,2023,4201573,29.69469515052607,15.26445589681577,16098.002723010384,8.875943961815343,0.994695541058729,0.9459794773531328,0.7796503288349352,True,4.0,61.44,0.0045816169397324856,4376.21859723271,,0.984041925999918,38148.28061827045,11484.092223804835,49632.37284207529
1448,jinan,Asia/Shanghai,2023,4201574,16.984979265341202,10.901564181875775,13804.687570935874,5.377242516353496,0.9987581638079717,0.8886768940929324,0.72497746902213,True,9.0,138.24,0.0010086290212480674,9846.491843773598,,0.9702167000000372,21820.32016241333,8201.70527496529,30022.02543737862
1449,jinan,Asia/Shanghai,2023,4201575,36.128922552389284,18.270104714385162,27442.90124981305,14.735351085887743,0.9984148634117737,0.8889439580292136,0.7487422054350664,True,17.0,261.12,0.0013888144781658677,18598.929038239017,,0.9552453379999406,46414.225469490615,13745.368252682962,60159.59372217358
1450,jinan,Asia/Shanghai,2023,4201576,36.48228842864759,8.415641905167234,18225.54620140801,13.7143797204852,0.9975944229303196,0.8871054581699901,0.8701761619511807,True,6.0,92.16,0.002227002984081686,6564.3278958490655,,0.9593429409999317,46868.18872926108,6331.441383483438,53199.63011274452
1451,jinan,Asia/Shanghai,2023,4201577,20.293615886352896,13.124532279450037,23594.44382750224,18.67219856911531,0.9911771489392456,0.9316847033058708,0.7296216161251583,True,15.0,230.39999999999998,0.00862048518508421,16410.81973962266,,0.9650238990000162,26070.870560133248,9874.13767712148,35945.008237254726
1452,jinan,Asia/Shanghai,2023,4201578,37.857838902845245,20.958626270712386,19352.770970443114,9.466674021322303,0.9934336379516641,0.9164875907765893,0.863468571726411,True,4.0,61.44,0.004697788818268482,4376.21859723271,,0.9614166119999936,48635.335528656906,15768.056103940724,64403.39163259763
1453,jinan,Asia/Shanghai,2023,4201579,26.93600065927571,13.558986297834561,38777.78627745411,11.867973145157098,0.9911541601519631,0.8896740265842575,0.7651913359590343,False,,,,,"No feasible battery size was found within the tested range for the selected fixed PV and wind capacities. Battery-range inadequacy: annual renewable production is sufficient overall, but no module count within the tested range (0..n_max) achieved the reliability target. Consider increasing candidate_module_counts.max and re-running.",0.9654600300000311,34604.23172136063,10200.995709131075,44805.22743049171
1454,jinan,Asia/Shanghai,2023,4201580,28.086107128455165,7.696826552964689,32005.366827896294,9.044144672131003,0.9962587207404746,0.8825436431058734,0.7938046862961146,False,,,,,"No feasible battery size was found within the tested range for the selected fixed PV and wind capacities. Battery-range inadequacy: annual renewable production is sufficient overall, but no module count within the tested range (0..n_max) achieved the reliability target. Consider increasing candidate_module_counts.max and re-running.",0.9712087929999598,36081.754359823164,5790.64635925314,41872.40071907631
1455,jinan,Asia/Shanghai,2023,4201581,11.567924470426977,11.610155505506409,10623.005771475164,12.036481408668969,0.9969031428163021,0.889019803397135,0.8470445383988054,True,5.0,76.8,0.002929961816276288,5470.273246540887,,0.9600790699998925,14861.120029413334,8734.80833245846,23595.928361871796
1456,jinan,Asia/Shanghai,2023,4201582,27.525858012769934,15.092105462720403,33979.330491209665,10.038456975937933,0.9963930559839146,0.9501699257728695,0.8556447731173755,False,,,,,"No feasible battery size was found within the tested range for the selected fixed PV and wind capacities. Battery-range inadequacy: annual renewable production is sufficient overall, but no module count within the tested range (0..n_max) achieved the reliability target. Consider increasing candidate_module_counts.max and re-running.",0.9643145789998471,35362.0116457472,11354.425742841247,46716.43738858845
1457,jinan,Asia/Shanghai,2023,4201583,18.083793681810654,18.07814019379705,15923.829029811055,12.431294203944006,0.9900236633405356,0.8974228083107507,0.8263468231665212,True,5.0,76.8,0.0052811602059049095,5470.273246540887,,0.9601392069998838,23231.948754469617,13600.94526944435,36832.89402391396
1458,jinan,Asia/Shanghai,2023,4201584,36.23084515609388,5.980565971720486,32342.111686973203,14.551625301575458,0.9983915188306447,0.938962941518046,0.7206065404941476,False,,,,,"No feasible battery size was found within the tested range for the selected fixed PV and wind capacities. Battery-range inadequacy: annual renewable production is sufficient overall, but no module count within the tested range (0..n_max) achieved the reliability target. Consider increasing candidate_module_counts.max and re-running.",0.9853633559998798,46545.163742059434,4499.431334733278,51044.59507679271
1459,jinan,Asia/Shanghai,2023,4201585,14.402327276334415,17.715282577739956,18624.78707052931,18.924582123159325,0.998286184807073,0.9653790274141492,0.7585905215624387,True,21.0,322.56,0.0011344380348006578,22975.14763547173,,0.9619474370001626,18502.430138066004,13327.952222389269,31830.382360455274
1460,jinan,Asia/Shanghai,2023,4201586,31.508497238809493,18.26027813869699,11424.151253510883,8.983476145194196,0.9918609005671152,0.9133727741564506,0.890610743309045,True,2.0,30.72,0.001628868117171896,2188.109298616355,,0.963168382000049,40478.4419719766,13737.97530646791,54216.41727844451
1461,jinan,Asia/Shanghai,2023,4201587,25.466097146776633,5.98939828174152,16270.548461818173,9.066741499850572,0.9911478809667077,0.96406866449857,0.7576638376174233,True,5.0,76.8,0.006377285738182215,5470.273246540887,,0.9653169559999242,32715.87114408079,4506.076253066198,37221.947397146985
1462,jinan,Asia/Shanghai,2023,4201588,25.035149935267413,24.930684758513724,32665.707077249757,11.17243662488127,0.9983681316533186,0.9000247979829947,0.7359001481677415,False,,,,,"No feasible battery size was found within the tested range for the selected fixed PV and wind capacities. Battery-range inadequacy: annual renewable production is sufficient overall, but no module count within the tested range (0..n_max) achieved the reliability target. Consider increasing candidate_module_counts.max and re-running.",1.1553539869998986,32162.240434185336,18756.402776800052,50918.64321098539
1463,jinan,Asia/Shanghai,2023,4201589,14.372896007195063,9.924864374189353,47297.72926276969,14.459432682249508,0.9903424412946196,0.8869609602030201,0.8570881121255337,False,,,,,"No feasible battery size was found within the tested range for the selected fixed PV and wind capacities. Renewable-generation inadequacy: annual PV+wind production (25932 kWh) is less than annual load (47298 kWh). No finite battery can close this gap -- storage shifts energy in time, it does not create it. Increasing PV/wind capacity (a scenario input, not a battery decision variable in this optimization) would be required.",0.9749482659999558,18464.620276459806,7466.892927753939,25931.513204213745
1464,jinan,Asia/Shanghai,2023,4201590,17.957519340028547,18.62588729582704,16095.161274330967,7.5786304374372335,0.9981135905207646,0.8906168495415738,0.7048691073310389,True,10.0,153.6,0.0014057491045533351,10940.546493081774,,0.993691187999957,23069.72620930549,14013.038453607334,37082.76466291282
1465,jinan,Asia/Shanghai,2023,4201591,33.24821344332352,12.250190970503606,25866.342088085235,16.99786317362293,0.9916194221241962,0.9385294247368932,0.7627056657675269,True,9.0,138.24,0.0062609906458360315,9846.491843773598,,0.9770508289998361,42713.426423897385,9216.333933909273,51929.760357806656
1466,jinan,Asia/Shanghai,2023,4201592,13.128053819405324,18.749920979401757,22746.565382037443,17.99906156420106,0.9982713208520871,0.9564146585728858,0.7644703494870924,False,,,,,"No feasible battery size was found within the tested range for the selected fixed PV and wind capacities. Battery-range inadequacy: annual renewable production is sufficient overall, but no module count within the tested range (0..n_max) achieved the reliability target. Consider increasing candidate_module_counts.max and re-running.",0.9576925779999783,16865.392237089833,14106.354210857968,30971.7464479478
1467,jinan,Asia/Shanghai,2023,4201593,17.097478730789685,22.856012848155995,28117.87935505845,15.616095853370236,0.9974444778126957,0.904991798938104,0.723819485586958,False,,,,,"No feasible battery size was found within the tested range for the selected fixed PV and wind capacities. Battery-range inadequacy: annual renewable production is sufficient overall, but no module count within the tested range (0..n_max) achieved the reliability target. Consider increasing candidate_module_counts.max and re-running.",0.9804395349999595,21964.846353222136,17195.539833912208,39160.38618713434
1468,jinan,Asia/Shanghai,2023,4201594,28.744826900298573,16.8038451152645,20808.002906343034,13.770600820780134,0.997113215290305,0.9115009884109715,0.7484635437851144,True,9.0,138.24,0.002548579924396598,9846.491843773598,,0.9610053840001456,36928.00068690965,12642.239482540988,49570.24016945063
1469,jinan,Asia/Shanghai,2023,4201595,19.391608875711345,5.443859023763082,30302.01976477769,9.286540647285744,0.9926083891703402,0.9634424719473388,0.7305937784106418,False,,,,,"No feasible battery size was found within the tested range for the selected fixed PV and wind capacities. Renewable-generation inadequacy: annual PV+wind production (29008 kWh) is less than annual load (30302 kWh). No finite battery can close this gap -- storage shifts energy in time, it does not create it. Increasing PV/wind capacity (a scenario input, not a battery decision variable in this optimization) would be required.",0.9715722710000136,24912.07716666103,4095.6441228494014,29007.72128951043
1470,jinan,Asia/Shanghai,2023,4201596,27.914462287051656,16.02735924308117,32921.04795014371,12.104781448249144,0.9966812340652345,0.9692969682728408,0.7551562492780711,False,,,,,"No feasible battery size was found within the tested range for the selected fixed PV and wind capacities. Battery-range inadequacy: annual renewable production is sufficient overall, but no module count within the tested range (0..n_max) achieved the reliability target. Consider increasing candidate_module_counts.max and re-running.",0.9655916230001367,35861.245088946765,12058.056500395185,47919.30158934195
1471,jinan,Asia/Shanghai,2023,4201597,34.870461184146976,15.281173751084115,29006.928033868222,9.004618754079544,0.9946431412363781,0.9036171045618644,0.8687140411435917,True,11.0,168.95999999999998,0.00463206851596205,12034.601142389953,,1.0034144819999256,44797.50109567229,11496.669768756296,56294.17086442858
1472,jinan,Asia/Shanghai,2023,4201598,21.665920805847513,7.582152636699078,19598.7011170544,13.018722012008844,0.9982465876424678,0.9070505348717302,0.7528772408198623,True,19.0,291.84,0.0015722487223414313,20787.038336855374,,0.9879052900000715,27833.84784942144,5704.372348639119,33538.22019806056
1473,jinan,Asia/Shanghai,2023,4201599,14.480751781911726,21.110592354641863,18659.846508256876,6.172238820435662,0.9967455642429001,0.9347313377168768,0.7788885477462647,True,17.0,261.12,0.0028630016538405056,18598.929038239017,,0.9726668030000383,18603.18079507551,15882.386580869195,34485.56737594471
1474,jinan,Asia/Shanghai,2023,4201600,30.781786113506037,23.227613773824057,11367.29771066591,14.415191565130032,0.9919635056731401,0.9226723983947245,0.7847962257766739,True,2.0,30.72,0.001981790404211681,2188.109298616355,,0.9629444869999588,39544.848284755186,17475.110840548186,57019.95912530337
1475,jinan,Asia/Shanghai,2023,4201601,26.333989945740633,12.712504697195843,38161.28858391984,16.799819369051335,0.9943442171124703,0.9182878385545183,0.8154837940744644,False,,,,,"No feasible battery size was found within the tested range for the selected fixed PV and wind capacities. Battery-range inadequacy: annual renewable production is sufficient overall, but no module count within the tested range (0..n_max) achieved the reliability target. Consider increasing candidate_module_counts.max and re-running.",0.9789708870000595,33830.838577611365,9564.151996312145,43394.99057392351
1476,jinan,Asia/Shanghai,2023,4201602,27.554901355171545,13.509584317093747,40306.51513770551,10.99582171630712,0.9940769850859424,0.9344786401851561,0.8973697803861329,False,,,,,"No feasible battery size was found within the tested range for the selected fixed PV and wind capacities. Battery-range inadequacy: annual renewable production is sufficient overall, but no module count within the tested range (0..n_max) achieved the reliability target. Consider increasing candidate_module_counts.max and re-running.",0.9970974689999821,35399.32314433012,10163.828521076604,45563.15166540672
1477,jinan,Asia/Shanghai,2023,4201603,17.82058333042309,9.639055998230496,17075.49066051931,15.341663214622002,0.9940418517367656,0.9149745706066847,0.7408180748297737,True,10.0,153.6,0.005374522537295318,10940.546493081774,,0.9723595719999594,22893.80679694262,7251.867264865288,30145.674061807906
1478,jinan,Asia/Shanghai,2023,4201604,10.135182926800098,18.927611321302138,47251.35096197536,14.323183412782358,0.9908658184673512,0.9690684504453253,0.8951170341753028,False,,,,,"No feasible battery size was found within the tested range for the selected fixed PV and wind capacities. Renewable-generation inadequacy: annual PV+wind production (27261 kWh) is less than annual load (47251 kWh). No finite battery can close this gap -- storage shifts energy in time, it does not create it. Increasing PV/wind capacity (a scenario input, not a battery decision variable in this optimization) would be required.",0.9637468720000015,13020.500815015916,14240.03812907015,27260.538944086067
1479,jinan,Asia/Shanghai,2023,4201605,24.047036069724662,7.157384368125919,38829.57238588818,19.42202306725156,0.9970082964372482,0.9361782569113882,0.8221663804742154,False,,,,,"No feasible battery size was found within the tested range for the selected fixed PV and wind capacities. Renewable-generation inadequacy: annual PV+wind production (36278 kWh) is less than annual load (38830 kWh). No finite battery can close this gap -- storage shifts energy in time, it does not create it. Increasing PV/wind capacity (a scenario input, not a battery decision variable in this optimization) would be required.",1.0115757159999248,30892.82699739304,5384.801313614041,36277.62831100708
1480,jinan,Asia/Shanghai,2023,4201606,39.337543426168864,6.4623867363953895,15982.240783625046,17.46217167109522,0.9913060177228779,0.9144966838236127,0.75629985121095,True,3.0,46.08,0.008245918198138035,3282.1639479245327,,0.9752451070000916,50536.287301413984,4861.925362314375,55398.21266372836
1481,jinan,Asia/Shanghai,2023,4201607,17.303341493211796,5.514439022168533,32650.050541392447,11.018592812501915,0.9949643119137331,0.9074057385847754,0.8882921710108526,False,,,,,"No feasible battery size was found within the tested range for the selected fixed PV and wind capacities. Renewable-generation inadequacy: annual PV+wind production (26378 kWh) is less than annual load (32650 kWh). No finite battery can close this gap -- storage shifts energy in time, it does not create it. Increasing PV/wind capacity (a scenario input, not a battery decision variable in this optimization) would be required.",0.9700110930000392,22229.314817704482,4148.744424381491,26378.059242085972
1482,jinan,Asia/Shanghai,2023,4201608,28.76107685386957,18.220357340802405,15829.354681902612,13.287868292788717,0.9921887899261195,0.8814806532884064,0.8733822180752235,True,3.0,46.08,0.007531607039403784,3282.1639479245327,,0.9812226720000581,36948.87673179638,13707.941211065603,50656.817942861984
1483,jinan,Asia/Shanghai,2023,4201609,24.750855136793923,20.633982018214223,38915.72128916435,19.905578915217937,0.9939415806351107,0.918479554608146,0.756351113410234,False,,,,,"No feasible battery size was found within the tested range for the selected fixed PV and wind capacities. Battery-range inadequacy: annual renewable production is sufficient overall, but no module count within the tested range (0..n_max) achieved the reliability target. Consider increasing candidate_module_counts.max and re-running.",0.9821869380000408,31797.01163841879,15523.812577619237,47320.824216038025
1484,jinan,Asia/Shanghai,2023,4201610,28.75441640209644,14.722250011105684,39150.44488566675,10.347675476621408,0.991177602674484,0.9576191906907509,0.865609388392937,False,,,,,"No feasible battery size was found within the tested range for the selected fixed PV and wind capacities. Battery-range inadequacy: annual renewable production is sufficient overall, but no module count within the tested range (0..n_max) achieved the reliability target. Consider increasing candidate_module_counts.max and re-running.",0.9737292869999692,36940.32016026069,11076.167929753625,48016.48809001432
1485,jinan,Asia/Shanghai,2023,4201611,20.530005613472326,18.807034350239984,29696.116251024472,16.414581456966502,0.9935111913179806,0.9282075311852107,0.7115632208129494,False,,,,,"No feasible battery size was found within the tested range for the selected fixed PV and wind capacities. Battery-range inadequacy: annual renewable production is sufficient overall, but no module count within the tested range (0..n_max) achieved the reliability target. Consider increasing candidate_module_counts.max and re-running.",1.0124348880001435,26374.55650806825,14149.323002038751,40523.879510107
1486,jinan,Asia/Shanghai,2023,4201612,12.926871888447778,6.050559775895515,12581.095099417877,6.571280406224547,0.9975215333107476,0.9289309411270321,0.8894776375554021,True,10.0,153.6,0.001970050186057496,10940.546493081774,,1.07623536899996,16606.937158881767,4552.090617689355,21159.02777657112
1487,jinan,Asia/Shanghai,2023,4201613,26.140009039375407,17.574226646207734,17379.35844561972,13.108715309505627,0.9934677229392299,0.9638291807926332,0.8867842431563584,True,4.0,61.44,0.005849203752584604,4376.21859723271,,1.1817822089999481,33581.634535842444,13221.829912011428,46803.46444785387
1488,jinan,Asia/Shanghai,2023,4201614,15.95495837506723,17.402617278767316,35527.032118839124,13.438026191870268,0.9911189673719564,0.9388613786956775,0.85981705698484,False,,,,,"No feasible battery size was found within the tested range for the selected fixed PV and wind capacities. Renewable-generation inadequacy: annual PV+wind production (33590 kWh) is less than annual load (35527 kWh). No finite battery can close this gap -- storage shifts energy in time, it does not create it. Increasing PV/wind capacity (a scenario input, not a battery decision variable in this optimization) would be required.",1.1099759989999711,20497.069468453737,13092.72096666306,33589.790435116796
1489,jinan,Asia/Shanghai,2023,4201615,20.356781015593903,15.291034038883144,14653.117853971116,18.960330672305417,0.9909858406785509,0.8987539396001423,0.759695695160007,True,4.0,61.44,0.007522059191831117,4376.21859723271,,1.0645458740000322,26152.017750342155,11504.088078010342,37656.1058283525
1490,jinan,Asia/Shanghai,2023,4201616,34.77370717546066,19.0131184100471,10280.577520124101,7.753423207391158,0.9967513606127271,0.9163451041900731,0.705242706493452,True,2.0,30.72,0.0010243756465219233,2188.109298616355,,1.0241633269999966,44673.202831096816,14304.368708527034,58977.57153962385
1491,jinan,Asia/Shanghai,2023,4201617,38.91750634960074,8.024658258811241,30418.665601873105,8.72474146467265,0.9966372238820282,0.9499053489142559,0.7794440807049786,True,16.0,245.76,0.0030237688729440543,17504.87438893084,,0.9854486390001966,49996.672660287935,6037.287940799091,56033.96060108703
1492,jinan,Asia/Shanghai,2023,4201618,19.093490237307204,14.338254542463844,19124.371350717527,19.886205259668998,0.9914710141558915,0.9564943394428227,0.7940199662997438,True,7.0,107.52,0.008288647014576905,7658.382545157243,,0.9765474190000987,24529.08911382101,10787.27198709995,35316.361100920956
1493,jinan,Asia/Shanghai,2023,4201619,13.873710391605654,7.369723143251612,30011.842242034214,10.302802572038154,0.992111420692017,0.9663045223449174,0.7926759481266381,False,,,,,"No feasible battery size was found within the tested range for the selected fixed PV and wind capacities. Renewable-generation inadequacy: annual PV+wind production (23368 kWh) is less than annual load (30012 kWh). No finite battery can close this gap -- storage shifts energy in time, it does not create it. Increasing PV/wind capacity (a scenario input, not a battery decision variable in this optimization) would be required.",0.9757937140000195,17823.32482460966,5544.55270552195,23367.87753013161
1494,jinan,Asia/Shanghai,2023,4201620,37.86432944116983,8.279994521296377,17338.64268920049,13.940415364136774,0.9924288807835514,0.8966444070050135,0.7189370770826622,True,5.0,76.8,0.0038458689860223403,5470.273246540887,,0.9926057530001344,48643.673815213304,6229.388151005249,54873.06196621855
1495,jinan,Asia/Shanghai,2023,4201621,12.288120109214915,20.063367708268526,21286.525854792664,19.676287299614522,0.9916480901473121,0.9119001985021463,0.7749817238964667,True,26.0,399.36,0.008144767213347828,28445.42088201261,,0.9979601300001377,15786.343379552696,15094.515431102138,30880.858810654834
1496,jinan,Asia/Shanghai,2023,4201622,26.009187166547317,10.189512426664038,26510.741969684022,11.30457049818212,0.9935257899664576,0.9602755109990136,0.8072927217939069,True,17.0,261.12,0.0060242750771621785,18598.929038239017,,0.9865942520000317,33413.569853233115,7665.99878924119,41079.5686424743
1497,jinan,Asia/Shanghai,2023,4201623,37.11240171483954,19.53484814642702,24044.802838960226,12.403455223234324,0.9935087268438476,0.9545716850380289,0.7375195623941927,True,7.0,107.52,0.005220165483878344,7658.382545157243,,0.9901110559999324,47677.68478036046,14696.887934170594,62374.57271453105
1498,jinan,Asia/Shanghai,2023,4201624,38.09236846784654,16.608489885038324,34470.318158723356,12.75202100377957,0.9949904682934042,0.9400907874780544,0.8310070510201719,True,18.0,276.48,0.0047755200656928115,19692.983687547196,,0.9955909370000882,48936.63175727948,12495.265525821833,61431.89728310131
1499,jinan,Asia/Shanghai,2023,4201625,16.424412666098927,16.64880321746148,24185.057627537703,14.555454587043181,0.9949305112224113,0.8961711940341244,0.8469467835078073,False,,,,,"No feasible battery size was found within the tested range for the selected fixed PV and wind capacities. Battery-range inadequacy: annual renewable production is sufficient overall, but no module count within the tested range (0..n_max) achieved the reliability target. Consider increasing candidate_module_counts.max and re-running.",0.9983986150000419,21100.16958249586,12525.59494146075,33625.764523956605
1500,jinan,Asia/Shanghai,2023,4201626,23.710403424384708,16.02883104572274,36905.71459699252,14.793076608757055,0.9967403593808104,0.8986076555778806,0.7220782467474713,False,,,,,"No feasible battery size was found within the tested range for the selected fixed PV and wind capacities. Battery-range inadequacy: annual renewable production is sufficient overall, but no module count within the tested range (0..n_max) achieved the reliability target. Consider increasing candidate_module_counts.max and re-running.",0.9693791479999163,30460.36064087374,12059.163799429312,42519.52444030305
1501,jinan,Asia/Shanghai,2023,4201627,30.07538724023033,9.719698933313643,14584.194741993066,6.96856239214112,0.9928152011150956,0.969260834324432,0.731452065337417,True,4.0,61.44,0.0033161325765212997,4376.21859723271,,0.9706762850000814,38637.34940963458,7312.538336926647,45949.88774656123
1502,jinan,Asia/Shanghai,2023,4201628,10.390244819421145,13.1323925848192,19893.40826869553,15.560120212386842,0.9901445051821967,0.9218411535446379,0.839345804948987,False,,,,,"No feasible battery size was found within the tested range for the selected fixed PV and wind capacities. Battery-range inadequacy: annual renewable production is sufficient overall, but no module count within the tested range (0..n_max) achieved the reliability target. Consider increasing candidate_module_counts.max and re-running.",0.970465281000088,13348.17458318937,9880.051315470395,23228.225898659766
1503,jinan,Asia/Shanghai,2023,4201629,11.401146197505486,22.948003642599446,24447.896295857958,7.478987483633638,0.9920291804642741,0.9105015335902417,0.7396750203644584,False,,,,,"No feasible battery size was found within the tested range for the selected fixed PV and wind capacities. Battery-range inadequacy: annual renewable production is sufficient overall, but no module count within the tested range (0..n_max) achieved the reliability target. Consider increasing candidate_module_counts.max and re-running.",1.0127505329999167,14646.862758066105,17264.74837788331,31911.611135949413
1504,jinan,Asia/Shanghai,2023,4201630,25.317362617456087,17.65863472998712,27337.204355332986,11.405482248426834,0.9970352956743184,0.9070915041662097,0.8245537667814484,True,25.0,384.0,0.0025650049297613045,27351.366232704437,,0.9587247580000167,32524.79436981574,13285.333663806428,45810.12803362217
1505,jinan,Asia/Shanghai,2023,4201631,36.787647551304175,9.430287301920243,34796.029200978286,19.21957670082176,0.9947681572945991,0.9679207951327417,0.7620092088369592,True,25.0,384.0,0.005015434066729571,27351.366232704437,,0.9685624430001099,47260.478511708825,7094.801793414676,54355.2803051235
1506,jinan,Asia/Shanghai,2023,4201632,26.928816779985944,11.220715024019057,10148.777002696026,19.959621506684876,0.9921605406123355,0.9675791786713058,0.8306065653294255,True,2.0,30.72,0.001946983011716494,2188.109298616355,,0.9507019420000233,34595.0027112063,8441.8158776133,43036.8185888196
1507,jinan,Asia/Shanghai,2023,4201633,37.11800826845718,24.34405494107266,32713.16825367932,19.995370164518874,0.9969059691834783,0.9271433100484217,0.8309886568381772,True,16.0,245.76,0.0029589023063533977,17504.87438893084,,0.9785042700000304,47684.887426476984,18315.056490350868,65999.94391682785
1508,jinan,Asia/Shanghai,2023,4201634,15.828140719797979,5.220652428806998,20271.573904285684,11.524562925798605,0.9920524732817558,0.9262632308187578,0.8315888284449333,True,30.0,460.79999999999995,0.00762685659714841,32821.63947924532,,0.9513665450001554,20334.14893749564,3927.716412961501,24261.86535045714
1509,jinan,Asia/Shanghai,2023,4201635,29.67381547300113,22.87528861066257,48652.76385932839,18.360425200398325,0.9955815746341223,0.8985187739132016,0.8886902318339853,False,,,,,"No feasible battery size was found within the tested range for the selected fixed PV and wind capacities. Battery-range inadequacy: annual renewable production is sufficient overall, but no module count within the tested range (0..n_max) achieved the reliability target. Consider increasing candidate_module_counts.max and re-running.",0.9594399150000754,38121.45684407771,17210.041800821873,55331.49864489958
1510,jinan,Asia/Shanghai,2023,4201636,15.245811843019196,8.028547650209303,22702.773116217402,13.604083420074323,0.9961332536878722,0.8811963409611072,0.85560445434395,False,,,,,"No feasible battery size was found within the tested range for the selected fixed PV and wind capacities. Battery-range inadequacy: annual renewable production is sufficient overall, but no module count within the tested range (0..n_max) achieved the reliability target. Consider increasing candidate_module_counts.max and re-running.",0.9614694829999735,19586.04072184064,6040.214093543202,25626.254815383843
1511,jinan,Asia/Shanghai,2023,4201637,15.250586472617265,10.929697030260424,22883.469031826062,9.986689983481138,0.9968433084198852,0.8836849925981962,0.7393035636784638,False,,,,,"No feasible battery size was found within the tested range for the selected fixed PV and wind capacities. Battery-range inadequacy: annual renewable production is sufficient overall, but no module count within the tested range (0..n_max) achieved the reliability target. Consider increasing candidate_module_counts.max and re-running.",0.9743965000000117,19592.17460901584,8222.870800127246,27815.045409143087
1512,jinan,Asia/Shanghai,2023,4201638,10.669576934573445,20.565989134235323,49348.89353460494,14.893207388998464,0.9953112526282692,0.9617259592049652,0.7509907972726966,False,,,,,"No feasible battery size was found within the tested range for the selected fixed PV and wind capacities. Renewable-generation inadequacy: annual PV+wind production (29180 kWh) is less than annual load (49349 kWh). No finite battery can close this gap -- storage shifts energy in time, it does not create it. Increasing PV/wind capacity (a scenario input, not a battery decision variable in this optimization) would be required.",0.959568999999874,13707.027902292602,15472.658671089295,29179.6865733819
1513,jinan,Asia/Shanghai,2023,4201639,11.993869154140157,15.199398099444315,20413.94812695315,11.76622422021353,0.9941066986552363,0.9086948641661262,0.7972649163166107,False,,,,,"No feasible battery size was found within the tested range for the selected fixed PV and wind capacities. Battery-range inadequacy: annual renewable production is sufficient overall, but no module count within the tested range (0..n_max) achieved the reliability target. Consider increasing candidate_module_counts.max and re-running.",0.9649137179999343,15408.324075111812,11435.14650638511,26843.47058149692
1514,jinan,Asia/Shanghai,2023,4201640,21.40455641649705,7.261186735637535,44669.0282962312,15.51910571645339,0.9903717797849986,0.8904207782744176,0.7193028941424048,False,,,,,"No feasible battery size was found within the tested range for the selected fixed PV and wind capacities. Renewable-generation inadequacy: annual PV+wind production (32961 kWh) is less than annual load (44669 kWh). No finite battery can close this gap -- storage shifts energy in time, it does not create it. Increasing PV/wind capacity (a scenario input, not a battery decision variable in this optimization) would be required.",0.9763272349998715,27498.07736859912,5462.896200821999,32960.97356942112
1515,jinan,Asia/Shanghai,2023,4201641,11.85230641026483,6.181135516810954,16284.493317448012,17.718041127948922,0.9974540996657836,0.9504831827750546,0.8229413013077146,True,28.0,430.08,0.0019115406471846036,30633.53018062897,,0.9793597479999789,15226.46077424029,4650.328239849039,19876.78901408933
1516,jinan,Asia/Shanghai,2023,4201642,31.704806596409036,19.769624216806122,45572.51481230669,15.985145444536483,0.9966281337721887,0.9523673055442136,0.8112709711855264,False,,,,,"No feasible battery size was found within the tested range for the selected fixed PV and wind capacities. Battery-range inadequacy: annual renewable production is sufficient overall, but no module count within the tested range (0..n_max) achieved the reliability target. Consider increasing candidate_module_counts.max and re-running.",0.9520839059998707,40730.637336291256,14873.519847053813,55604.15718334507
1517,jinan,Asia/Shanghai,2023,4201643,39.099934672060556,12.578625453288213,19635.70424204325,11.051742157073473,0.9927120466818601,0.9406489140635524,0.8268933522318161,True,5.0,76.8,0.003463613666676246,5470.273246540887,,0.9572500639999362,50231.03528979599,9463.42900989969,59694.46429969568
1518,jinan,Asia/Shanghai,2023,4201644,10.820287233114886,15.226463116135703,11447.987507017486,15.160448996214123,0.9984222749756453,0.9616739090854677,0.7411424224181853,True,8.0,122.88,0.0012493084362831222,8752.43719446542,,0.9479975790000026,13900.642914390826,11455.508656849153,25356.151571239978
1519,jinan,Asia/Shanghai,2023,4201645,29.770378835948716,13.629272357862911,19924.67522254269,17.70655920949418,0.9944611257598128,0.9695191909491331,0.8586715653877934,True,6.0,92.16,0.003595537583274637,6564.3278958490655,,0.9821129690001271,38245.51018924576,10253.874868458452,48499.38505770421
1520,jinan,Asia/Shanghai,2023,4201646,36.076335992077595,20.466644975953436,14236.995958024865,5.97543500980506,0.9982357089535302,0.8924377469235822,0.778245230134852,True,4.0,61.44,0.0007047922229110157,4376.21859723271,,0.9569443120001324,46346.668390714396,15397.917882205791,61744.58627292019
1521,jinan,Asia/Shanghai,2023,4201647,28.297330346677924,9.237966998039912,19011.401748311073,11.993620134370648,0.9932480558231394,0.9408918100317823,0.7150152391041255,True,7.0,107.52,0.004704081184230603,7658.382545157243,,0.9695715299999392,36353.109312652625,6950.111139440392,43303.22045209302
1522,jinan,Asia/Shanghai,2023,4201648,32.11196016381477,10.461253993763819,19401.100209353244,9.487321743219011,0.9979283878598048,0.9157449093403055,0.7487521059767948,True,9.0,138.24,0.0017789583932697694,9846.491843773598,,0.9547134809999989,41253.700747630864,7870.441400147886,49124.14214777875
1523,jinan,Asia/Shanghai,2023,4201649,26.099184210907392,12.712828235702712,41607.90079086652,19.856684274695414,0.9947391699839925,0.9206574007887565,0.7686070796627771,False,,,,,"No feasible battery size was found within the tested range for the selected fixed PV and wind capacities. Battery-range inadequacy: annual renewable production is sufficient overall, but no module count within the tested range (0..n_max) achieved the reliability target. Consider increasing candidate_module_counts.max and re-running.",1.0000351220000994,33529.1875582023,9564.395407939519,43093.58296614182
1524,jinan,Asia/Shanghai,2023,4201650,39.20016196810413,14.66566552009364,17119.874397441978,19.53823858077014,0.9986479391339942,0.9192152547101569,0.7696372026065914,True,6.0,92.16,0.0010589325163156132,6564.3278958490655,,0.9744873189999907,50359.795628829575,11033.59703711179,61393.39266594136
1525,jinan,Asia/Shanghai,2023,4201651,30.41312340065906,21.578482615712197,29941.285291341097,9.962194865795501,0.9927125460977672,0.9093938854492977,0.723606588024482,True,14.0,215.04,0.006560693107975019,15316.765090314486,,0.9726857180000934,39071.23343362141,16234.400104644565,55305.633538265974
1526,jinan,Asia/Shanghai,2023,4201652,33.35861309065626,7.099197270382729,25932.579797354112,17.524150057112976,0.9936369530612271,0.9065285618133357,0.8896507447606534,True,9.0,138.24,0.0062558874687022375,9846.491843773598,,0.9736888869999802,42855.255013322494,5341.0247125196165,48196.27972584211
1527,jinan,Asia/Shanghai,2023,4201653,13.79631260599032,22.697078055689484,12483.071949472185,11.202941192788549,0.9956854894994808,0.9133034545727513,0.8069212841922917,True,4.0,61.44,0.003427998561585148,4376.21859723271,,1.000194429999965,17723.893177646474,17075.966504433927,34799.8596820804
1528,jinan,Asia/Shanghai,2023,4201654,16.120049997615467,16.380690349336735,15382.348675969526,16.941444741343645,0.9952541092209791,0.9233738903336968,0.7109333591666163,True,7.0,107.52,0.0043920307074207295,7658.382545157243,,0.9592072099999314,20709.159928139234,12323.88235342309,33033.042281562324
1529,jinan,Asia/Shanghai,2023,4201655,24.993230077501668,16.271388607224807,20626.700536286582,15.16385511362333,0.9906908863384217,0.8987820173303647,0.8475097034648471,True,6.0,92.16,0.006782616422162437,6564.3278958490655,,0.9698371659999339,32108.38669063218,12241.650055388953,44350.03674602113
1530,jinan,Asia/Shanghai,2023,4201656,14.416666567780725,9.910976392452323,36034.21391617537,15.932625557166686,0.9904634032916109,0.8913930471926994,0.7892236011686525,False,,,,,"No feasible battery size was found within the tested range for the selected fixed PV and wind capacities. Renewable-generation inadequacy: annual PV+wind production (25977 kWh) is less than annual load (36034 kWh). No finite battery can close this gap -- storage shifts energy in time, it does not create it. Increasing PV/wind capacity (a scenario input, not a battery decision variable in this optimization) would be required.",0.971856402999947,18520.85158712242,7456.444414937716,25977.296002060135
1531,jinan,Asia/Shanghai,2023,4201657,27.78384834496589,14.075624686912215,35882.79971247032,16.339893597829384,0.9985458946275712,0.9114892641816502,0.7326209537008932,False,,,,,"No feasible battery size was found within the tested range for the selected fixed PV and wind capacities. Battery-range inadequacy: annual renewable production is sufficient overall, but no module count within the tested range (0..n_max) achieved the reliability target. Consider increasing candidate_module_counts.max and re-running.",1.074544220000007,35693.44753150128,10589.684500047195,46283.13203154848
1532,jinan,Asia/Shanghai,2023,4201658,17.922520128646116,7.9632889010358205,25769.825678916644,18.088508988523483,0.9931235390724992,0.8933940432000337,0.8045265764045939,False,,,,,"No feasible battery size was found within the tested range for the selected fixed PV and wind capacities. Battery-range inadequacy: annual renewable production is sufficient overall, but no module count within the tested range (0..n_max) achieved the reliability target. Consider increasing candidate_module_counts.max and re-running.",1.1802885940001033,23024.763304973014,5991.117191630388,29015.8804966034
1533,jinan,Asia/Shanghai,2023,4201659,39.7583144998042,8.76362437337519,41114.99807026888,17.35038415361454,0.993612045091509,0.9357596294798072,0.7864746901502377,False,,,,,"No feasible battery size was found within the tested range for the selected fixed PV and wind capacities. Battery-range inadequacy: annual renewable production is sufficient overall, but no module count within the tested range (0..n_max) achieved the reliability target. Consider increasing candidate_module_counts.max and re-running.",1.1019839260000026,51076.84489635557,6593.243231134033,57670.0881274896
1534,jinan,Asia/Shanghai,2023,4201660,17.869808096199158,13.522376001447205,13811.605465202863,15.604341704913391,0.9974627372846637,0.9076659940033435,0.8132953648759965,True,6.0,92.16,0.0021482337413904736,6564.3278958490655,,1.144659090999994,22957.045034232986,10173.452243258771,33130.497277491755
1535,jinan,Asia/Shanghai,2023,4201661,21.05513723171281,12.376851852859696,40022.91042689937,12.653986619532068,0.9918087968376889,0.9565367693248091,0.7680306418471519,False,,,,,"No feasible battery size was found within the tested range for the selected fixed PV and wind capacities. Renewable-generation inadequacy: annual PV+wind production (36361 kWh) is less than annual load (40023 kWh). No finite battery can close this gap -- storage shifts energy in time, it does not create it. Increasing PV/wind capacity (a scenario input, not a battery decision variable in this optimization) would be required.",1.0933749929999976,27049.184357676244,9311.626243308212,36360.810600984456
1536,jinan,Asia/Shanghai,2023,4201662,13.083302825152044,13.320020898457551,32958.47052678716,14.148280009086463,0.9975204706077344,0.9287266141414127,0.74474209661347,False,,,,,"No feasible battery size was found within the tested range for the selected fixed PV and wind capacities. Renewable-generation inadequacy: annual PV+wind production (26829 kWh) is less than annual load (32958 kWh). No finite battery can close this gap -- storage shifts energy in time, it does not create it. Increasing PV/wind capacity (a scenario input, not a battery decision variable in this optimization) would be required.",1.000266707000037,16807.901379612875,10021.211987831424,26829.113367444297
1537,jinan,Asia/Shanghai,2023,4201663,12.238890990562634,9.058226870223427,46382.49508092554,13.583552441930182,0.9941192119179907,0.9472908638916053,0.8805060902178317,False,,,,,"No feasible battery size was found within the tested range for the selected fixed PV and wind capacities. Renewable-generation inadequacy: annual PV+wind production (22538 kWh) is less than annual load (46382 kWh). No finite battery can close this gap -- storage shifts energy in time, it does not create it. Increasing PV/wind capacity (a scenario input, not a battery decision variable in this optimization) would be required.",0.9825431930000832,15723.099550194707,6814.885081065552,22537.98463126026
1538,jinan,Asia/Shanghai,2023,4201664,17.890289108486467,23.029512576226868,14347.785041630144,19.66524571594817,0.9914836664258965,0.9039612731742065,0.7193187880183282,True,4.0,61.44,0.006979609166457364,4376.21859723271,,0.961735740999984,22983.35664983038,17326.070977075105,40309.42762690548
1539,jinan,Asia/Shanghai,2023,4201665,34.11029520659801,24.684641240833578,21879.060342790726,9.884179406026908,0.99251081913042,0.8939345290193432,0.8574888433477386,True,5.0,76.8,0.006592976619211256,5470.273246540887,,0.970272623000028,43820.92851659714,18571.293889381563,62392.2224059787
1540,jinan,Asia/Shanghai,2023,4201666,31.454011778756783,5.449218908818039,12735.097814729657,16.910256476640384,0.9933880036877187,0.9401588689713143,0.8478363254086316,True,3.0,46.08,0.002866809495097938,3282.1639479245327,,0.9890276260000519,40408.44540830857,4099.67658982341,44508.12199813198
1541,jinan,Asia/Shanghai,2023,4201667,22.66552532575267,7.86763501401559,25467.78012316847,18.065726634779068,0.9929797720112878,0.8856384498335116,0.8918262834369564,True,25.0,384.0,0.006560105748998858,27351.366232704437,,1.0046445749999293,29118.023138621473,5919.152749036999,35037.17588765847
1542,jinan,Asia/Shanghai,2023,4201668,21.131439615329196,10.514859283968914,36373.63371392955,14.589978966011069,0.9947025528616145,0.9669256337115548,0.7944550576355379,False,,,,,"No feasible battery size was found within the tested range for the selected fixed PV and wind capacities. Renewable-generation inadequacy: annual PV+wind production (35058 kWh) is less than annual load (36374 kWh). No finite battery can close this gap -- storage shifts energy in time, it does not create it. Increasing PV/wind capacity (a scenario input, not a battery decision variable in this optimization) would be required.",0.9645115089999763,27147.208759923367,7910.7709147116875,35057.979674635055
1543,jinan,Asia/Shanghai,2023,4201669,33.87744926081997,14.339881668900842,22965.84057619235,17.359390787689488,0.9930903386354804,0.9359665712155444,0.8235829602912984,True,7.0,107.52,0.004899842665287073,7658.382545157243,,0.9783376420000423,43521.795205568356,10788.496142758599,54310.29134832695
1544,jinan,Asia/Shanghai,2023,4201670,11.58417947719801,13.456672611494318,18911.14999727826,7.993559928515838,0.9958946569976449,0.8810268995757179,0.8938157956428994,False,,,,,"No feasible battery size was found within the tested range for the selected fixed PV and wind capacities. Battery-range inadequacy: annual renewable production is sufficient overall, but no module count within the tested range (0..n_max) achieved the reliability target. Consider increasing candidate_module_counts.max and re-running.",0.9619616790000691,14882.002566062049,10124.02081938516,25006.02338544721
1545,jinan,Asia/Shanghai,2023,4201671,21.861730180144633,10.976070568898102,46798.975997498295,12.300082131602675,0.9955289272633675,0.9426265673773265,0.8742822546968927,False,,,,,"No feasible battery size was found within the tested range for the selected fixed PV and wind capacities. Renewable-generation inadequacy: annual PV+wind production (36343 kWh) is less than annual load (46799 kWh). No finite battery can close this gap -- storage shifts energy in time, it does not create it. Increasing PV/wind capacity (a scenario input, not a battery decision variable in this optimization) would be required.",0.9513047990001269,28085.400893509257,8257.759563805377,36343.16045731463
1546,jinan,Asia/Shanghai,2023,4201672,33.5748387754028,24.849458952709174,11875.432859757097,14.217957389647705,0.9964509990168514,0.9075345375555717,0.8785722769841863,True,2.0,30.72,0.0008841606699512141,2188.109298616355,,0.9587428469999395,43133.03655163347,18695.293186578303,61828.329738211774
1547,jinan,Asia/Shanghai,2023,4201673,23.709785243491353,8.289569239038935,44176.312640812,19.143884306369657,0.9908956342653187,0.9476512780439098,0.7430028438330439,False,,,,,"No feasible battery size was found within the tested range for the selected fixed PV and wind capacities. Renewable-generation inadequacy: annual PV+wind production (36696 kWh) is less than annual load (44176 kWh). No finite battery can close this gap -- storage shifts energy in time, it does not create it. Increasing PV/wind capacity (a scenario input, not a battery decision variable in this optimization) would be required.",0.9701259780001692,30459.566474169114,6236.591613894181,36696.1580880633
1548,jinan,Asia/Shanghai,2023,4201674,14.454582176038059,9.600007529643435,41784.07699942418,14.349031850870293,0.9968483589530985,0.8887995915089234,0.7916208565699425,False,,,,,"No feasible battery size was found within the tested range for the selected fixed PV and wind capacities. Renewable-generation inadequacy: annual PV+wind production (25792 kWh) is less than annual load (41784 kWh). No finite battery can close this gap -- storage shifts energy in time, it does not create it. Increasing PV/wind capacity (a scenario input, not a battery decision variable in this optimization) would be required.",0.9642572059999566,18569.561137979268,7222.489459492894,25792.05059747216
1549,jinan,Asia/Shanghai,2023,4201675,33.91318752343996,10.31585501736862,16767.558735041144,10.726758407257883,0.993000419764549,0.8966925500993983,0.8907889850712517,True,4.0,61.44,0.003953238163320222,4376.21859723271,,0.9518090050000865,43567.70755672487,7761.051634442734,51328.7591911676
