scenario_id,battery_cost_eur_per_kwh,optimal_n_modules,optimal_capacity_kwh,system_lcoe_eur_per_kwh,renewable_share
3263,300,11,2750.0,0.3020870800514271,0.7920633577361649
3302,300,14,3500.0,0.3256878050391237,0.5307192544295598
2083,300,1,250.0,0.3964710961065994,0.292274184679172
2865,300,6,1500.0,0.3707563314768968,0.4328686959136467
1758,300,16,4000.0,0.3221507757765724,0.6763504393465316
1213,300,21,5250.0,0.2735540726253612,0.8188519154183527
4065,300,16,4000.0,0.2464030576391526,0.9294338312457504
554,300,11,2750.0,0.3174368732950303,0.5782209808752499
1013,300,19,4750.0,0.2500493247594234,0.9512716544048349
1784,300,12,3000.0,0.3066291830390196,0.8581984657527137
3009,300,33,8250.0,0.2547606813363672,0.8334479658229228
4180,300,10,2500.0,0.3138191339899544,0.6399729793323572
651,300,13,3250.0,0.3275666179835713,0.6276818534888423
1375,300,23,5750.0,0.280170952455713,0.8219970404942156
3278,300,14,3500.0,0.3215854761784772,0.969421976655995
2658,300,28,7000.0,0.2461987451057825,0.8190673166574542
3945,300,13,3250.0,0.3029910920156722,0.9701572952291442
196,300,10,2500.0,0.355443731767844,0.968217430745686
1338,300,18,4500.0,0.2810245284406281,0.9548226146691118
96,300,18,4500.0,0.3425982172611777,0.5169858599368953
277,300,20,5000.0,0.2644229327211985,0.7822852598460078
3776,300,25,6250.0,0.2454567256814678,0.9159664726719006
3463,300,13,3250.0,0.2739051712874137,0.9609159021970604
4041,300,18,4500.0,0.3188433941270268,0.6292329385410069
4250,300,34,8500.0,0.2387261984660862,0.8932489032125168
2633,300,19,4750.0,0.2544956900937823,0.9504175897141054
2198,300,6,1500.0,0.3388467646169608,0.470123848572491
1696,300,28,7000.0,0.2830976446997999,0.7465007511905511
643,300,34,8500.0,0.2647832124777363,0.8395807089921004
3817,300,36,9000.0,0.2878474360884438,0.7192048959493365
4404,300,16,4000.0,0.2419278256061509,0.8964167712903057
2674,300,27,6750.0,0.28128292495073,0.7636412949908005
4419,300,17,4250.0,0.2443601311073763,0.9155872986079048
94,300,18,4500.0,0.2473803280809457,0.8599131691388913
506,300,4,1000.0,0.3730709625445141,0.377693323341327
4281,300,21,5250.0,0.2609763441982252,0.917250378150374
1815,300,18,4500.0,0.2514887019240422,0.8341122763960568
2909,300,28,7000.0,0.246745828348436,0.9102422417476438
1117,300,3,750.0,0.3948321667817968,0.3009165203867457
3261,300,32,8000.0,0.261605826686202,0.8168885729184083
4406,300,27,6750.0,0.3043110949665419,0.6800444240996706
3204,300,12,3000.0,0.3034231434501901,0.9521638622698554
278,300,14,3500.0,0.2909306410777612,0.953661664722804
4315,300,13,3250.0,0.3515205643055619,0.459400841325898
1343,300,15,3750.0,0.2904587282334265,0.9501177092884928
3208,300,29,7250.0,0.2819942011679077,0.7809099992930626
4388,300,5,1250.0,0.3899998491195242,0.3502923678381023
4477,300,13,3250.0,0.304867078738351,0.7252378931423871
2563,300,16,4000.0,0.3209531834901539,0.5796094248282229
1959,300,14,3500.0,0.2527698499391619,0.9240946084067928
2061,300,17,4250.0,0.2706969238493009,0.830980416221887
161,300,12,3000.0,0.3054735121206968,0.9596160536423416
2318,300,22,5500.0,0.3084131636436053,0.6763404734119458
4153,300,17,4250.0,0.2450752075045671,0.9122389499459336
1911,300,10,2500.0,0.3154842468002047,0.6343910527779535
2019,300,11,2750.0,0.3741338342384698,0.973881583165902
1517,300,16,4000.0,0.247198501488337,0.941486994741914
3763,300,18,4500.0,0.244820542699214,0.933027215062441
583,300,24,6000.0,0.2578416853385023,0.873412022803381
179,300,28,7000.0,0.2602681039915175,0.8704154226053529
97,300,33,8250.0,0.2466350351864207,0.8802315043031559
1808,300,16,4000.0,0.2990258521836124,0.7811056073638087
2992,300,38,9500.0,0.2877678609159534,0.7525935386039725
58,300,13,3250.0,0.325087245770933,0.948454452345717
3179,300,32,8000.0,0.2549611509257221,0.8135819156069306
4330,300,8,2000.0,0.3263429252344879,0.5926848249408038
884,300,35,8750.0,0.3014253204974168,0.6495485481243259
198,300,12,3000.0,0.3168313892671405,0.9700031533960132
2469,300,8,2000.0,0.3435356326642598,0.5279679512247828
1538,300,16,4000.0,0.3133388599296133,0.664540583548473
2119,300,15,3750.0,0.3093281893438077,0.6244217008370543
3055,300,28,7000.0,0.2981823660204251,0.7834379483608509
4807,300,14,3500.0,0.2465869439713082,0.958503604644213
3601,300,12,3000.0,0.2508702734740284,0.9246063960065932
3597,300,23,5750.0,0.2979162954957683,0.6831152997449115
1423,300,14,3500.0,0.2402994817639358,0.8946472557422752
4889,300,6,1500.0,0.363484950212154,0.4045762001774861
2921,300,18,4500.0,0.2489392418439193,0.9340873913562068
3837,300,12,3000.0,0.352391094595743,0.9725088677691964
3560,300,27,6750.0,0.2743755998444981,0.7687455490744961
4958,300,22,5500.0,0.24702627810603,0.8427714696510302
3409,300,9,2250.0,0.3473232591005702,0.4198770773805862
941,300,11,2750.0,0.2904826187419619,0.7891122816395697
2849,300,14,3500.0,0.2691704849727047,0.8653251091119931
274,300,32,8000.0,0.2856770562591075,0.7654853465463238
2892,300,18,4500.0,0.2716103030259227,0.8678670596647663
548,300,14,3500.0,0.2796952208478228,0.9578978850141124
3301,300,15,3750.0,0.3165196276356572,0.9676593536596332
538,300,1,250.0,0.4034116098612924,0.2666662943964807
4438,300,21,5250.0,0.2555837952426757,0.9145165520888692
2861,300,17,4250.0,0.2783007709777087,0.8160295744202388
3035,300,10,2500.0,0.3572215006927777,0.9779857677596984
375,300,15,3750.0,0.2825419629417575,0.8368422872928042
2783,300,26,6500.0,0.2411120281640287,0.9197617640315268
4826,300,23,5750.0,0.2777118871492627,0.7739852054599987
995,300,17,4250.0,0.2584154082582123,0.8445878158511307
3044,300,11,2750.0,0.3071162492323331,0.7863608424051153
1746,300,9,2250.0,0.3472114441864963,0.4264170200614079
1710,300,27,6750.0,0.2374824022514866,0.8640959996858133
251,300,9,2250.0,0.3537151980778432,0.5402541028900985
3169,300,5,1250.0,0.364452131856914,0.3691836342274125
1346,300,28,7000.0,0.2533956234929166,0.9009575209870878
2630,300,27,6750.0,0.3018470818480264,0.6821916599678051
1854,300,16,4000.0,0.289280562450716,0.958175594371062
3803,300,12,3000.0,0.3279210702833465,0.5979551132758292
2311,300,24,6000.0,0.3004354491242326,0.7331655830517134
2358,300,13,3250.0,0.3032883206126701,0.9691132750950666
1163,300,9,2250.0,0.3137075815662906,0.614260900274765
1336,300,23,5750.0,0.2522770246862557,0.8503308268046922
1683,300,11,2750.0,0.3035550689492239,0.8679009201827763
1703,300,28,7000.0,0.2442160608084877,0.8763345343684521
785,300,3,750.0,0.3701110846623565,0.3688533306584509
1410,300,14,3500.0,0.3037836971542542,0.9658436595161712
1791,300,18,4500.0,0.2466818446564136,0.933895964189481
531,300,22,5500.0,0.2378401220407613,0.8658694294072367
1634,300,14,3500.0,0.3404216264916059,0.9696015866640544
4311,300,15,3750.0,0.2402114754944274,0.9293190402226322
2336,300,2,500.0,0.3911066822049648,0.3088233457625811
837,300,13,3250.0,0.2755331862345562,0.938250563097466
4182,300,31,7750.0,0.2426040531780579,0.9138354525153446
241,300,13,3250.0,0.3206086438451937,0.5729923204581153
3139,300,8,2000.0,0.3556314925763044,0.4886757847400934
1852,300,35,8750.0,0.2472583631108443,0.8326728301757705
3386,300,18,4500.0,0.2398940216818335,0.9346553010788828
235,300,17,4250.0,0.3313620599641412,0.6136555686231414
163,300,19,4750.0,0.2982469765689661,0.6727298013292633
3399,300,4,1000.0,0.3696038770466824,0.3829076879229593
1719,300,12,3000.0,0.2957707157937312,0.9735752987183052
1278,300,11,2750.0,0.3027637136367136,0.7791037503582814
1234,300,11,2750.0,0.2955452699820059,0.7267543782637947
1822,300,30,7500.0,0.2458345531113336,0.8634279064736845
1041,300,19,4750.0,0.2515725094829367,0.9463352133591132
175,300,14,3500.0,0.25457084969068,0.8429096953778751
1906,300,14,3500.0,0.2945945843065829,0.8595119668260217
1112,300,30,7500.0,0.3063774227710074,0.6425530342013448
2846,300,20,5000.0,0.2454901108554667,0.8723512343730421
3203,300,14,3500.0,0.2905633884321822,0.7328607756574635
3730,300,28,7000.0,0.2708087954350884,0.8061052173114083
2947,300,8,2000.0,0.3200202003942891,0.6461021350330984
3841,300,29,7250.0,0.2603104513773016,0.8392298649331633
30,300,15,3750.0,0.2941125594190113,0.9227929118392544
619,300,18,4500.0,0.3104742028793826,0.9626497856257245
1404,300,21,5250.0,0.2579193725698616,0.8792855322137142
673,300,14,3500.0,0.288236904787421,0.7555567457677248
1000,300,17,4250.0,0.2992408028355521,0.7170854504549029
779,300,11,2750.0,0.3225207024058947,0.9583109491555916
4782,300,38,9500.0,0.2488542088623911,0.8714558903386516
2199,300,23,5750.0,0.25068878310896,0.8107451925521172
2402,300,20,5000.0,0.2508514800355669,0.9368162863001368
768,300,18,4500.0,0.3128183600928101,0.6573405142410839
3907,300,14,3500.0,0.3019453687634962,0.7911746007165001
958,300,34,8500.0,0.2539170197758634,0.8849693429115365
2448,300,19,4750.0,0.2671955941199451,0.8260950897026748
3251,300,28,7000.0,0.251431969251739,0.8569869060674268
584,300,7,1750.0,0.3354707084085979,0.5101314695757493
1366,300,18,4500.0,0.2517912454183668,0.915578028671236
3755,300,2,500.0,0.3719078436279496,0.357725890536003
4815,300,18,4500.0,0.263204153627617,0.9551594993145288
154,300,17,4250.0,0.2654337626738094,0.9641561768821528
3577,300,14,3500.0,0.2425143966330133,0.8996682974014505
4772,300,5,1250.0,0.3640794000054937,0.3918688761269948
3131,300,39,9750.0,0.2784895865525839,0.7334065798482099
21,300,8,2000.0,0.334478272852232,0.5241848008963688
358,300,31,7750.0,0.3028520150376939,0.7023270728236622
2838,300,23,5750.0,0.242599608031456,0.8923888314520383
4461,300,18,4500.0,0.2897809611331865,0.8018756087116399
2488,300,21,5250.0,0.2988422141546544,0.6627444581167405
1118,300,15,3750.0,0.3026252122947801,0.7636107349883475
3294,300,37,9250.0,0.2501298910624637,0.8618183241761566
4946,300,29,7250.0,0.2382052944702388,0.9080871407717668
4758,300,35,8750.0,0.2457501380567112,0.8557369122441081
2473,300,6,1500.0,0.3637071171092502,0.3991944702603572
943,300,12,3000.0,0.338870482434821,0.5073244568991657
4539,300,13,3250.0,0.2901488173318338,0.9704536256408002
566,300,23,5750.0,0.2608326337215058,0.7890845067597185
3047,300,32,8000.0,0.23565790480468,0.8990148779118748
885,300,13,3250.0,0.3007334175068094,0.963681354539765
4171,300,12,3000.0,0.3456131703216434,0.5437494774416001
2493,300,18,4500.0,0.3229496288647281,0.5663982042124069
3366,300,10,2500.0,0.3139744175994505,0.971527571191574
2174,300,22,5500.0,0.234756726300387,0.8908950407719983
4540,300,15,3750.0,0.2537465431459747,0.9299918262920228
1263,300,31,7750.0,0.2626646085817971,0.7739471205476753
1433,300,22,5500.0,0.3253287115231038,0.5925872610230849
4700,300,16,4000.0,0.3027964824141187,0.9719647656533936
4370,300,5,1250.0,0.3544637906188268,0.4380253776970373
2154,300,28,7000.0,0.2692710801468347,0.7794550538982148
4337,300,30,7500.0,0.2320451592862498,0.8987590359757665
1942,300,20,5000.0,0.3098408483621689,0.6147456334555819
1513,300,16,4000.0,0.2692776728245138,0.931641695896131
3412,300,29,7250.0,0.2574333371436777,0.8615197501560286
514,300,20,5000.0,0.2688999852714596,0.820254692644526
467,300,19,4750.0,0.2497550502509802,0.9212891131432892
1663,300,34,8500.0,0.2603291718351879,0.8303937524081182
807,300,14,3500.0,0.2976474733473903,0.7748704563656255
4537,300,11,2750.0,0.2951284887541329,0.9710861142479756
3342,300,34,8500.0,0.2583532659142232,0.8218017131836649
70,300,14,3500.0,0.3339312474251034,0.5374624267230288
1586,300,29,7250.0,0.2528139716271589,0.8836064684823298
4317,300,11,2750.0,0.329148362246207,0.9509756865305236
4354,300,20,5000.0,0.2311480834199812,0.933597566532632
981,300,22,5500.0,0.2585542531055104,0.9239980550581492
207,300,19,4750.0,0.2410022315074681,0.8884384635401962
3617,300,19,4750.0,0.2927684252836072,0.8245043918164242
3064,300,5,1250.0,0.3750411161948528,0.3781265296371928
3687,300,10,2500.0,0.3382506515380357,0.5762403888000882
3982,300,7,1750.0,0.3422226428031633,0.4469497993490873
3401,300,30,7500.0,0.2592213582312759,0.9279811445967112
2206,300,15,3750.0,0.2535807434462731,0.9559469921744598
4674,300,18,4500.0,0.2809725052584125,0.9187578197086644
1442,300,29,7250.0,0.2754860967607345,0.746179378393259
1149,300,27,6750.0,0.2512266804778191,0.8475233384307531
1491,300,21,5250.0,0.3093260408636545,0.690149792290357
4170,300,14,3500.0,0.2937353035759664,0.7431055239976683
4402,300,13,3250.0,0.2524902219028422,0.8844315579409326
474,300,14,3500.0,0.3174866221433,0.6946802342817195
3388,300,32,8000.0,0.2567237283058641,0.8290993934841355
2884,300,16,4000.0,0.2398559602779872,0.9377542275297656
4914,300,24,6000.0,0.2305279141973006,0.9157717790123836
2111,300,22,5500.0,0.2483880042217223,0.9408258445943516
250,300,12,3000.0,0.2323032382343147,0.9415053674093098
310,300,14,3500.0,0.2916093088626448,0.8981209644058202
3464,300,7,1750.0,0.3712705164865727,0.4180629818233095
2797,300,12,3000.0,0.2963656655347816,0.9552327297661416
3451,300,26,6500.0,0.2673860435897744,0.847371902221866
3015,300,6,1500.0,0.363122074426397,0.3823548717154743
2288,300,35,8750.0,0.2515921208889392,0.8299278691900853
656,300,23,5750.0,0.250289637391185,0.8443807956205377
446,300,12,3000.0,0.3245432709597817,0.7143454719263107
4610,300,20,5000.0,0.3174189328287162,0.6357562785157942
4237,300,15,3750.0,0.2522461743545739,0.9531821843713668
4601,300,6,1500.0,0.3537400777578515,0.448041438603601
4827,300,29,7250.0,0.2524611270517327,0.9062132595335304
4708,300,17,4250.0,0.2460012247271238,0.8294767572905741
3808,300,20,5000.0,0.2729280998315704,0.8216998634358518
2325,300,5,1250.0,0.3625931238824647,0.3881213170934791
2988,300,26,6500.0,0.3148497612348914,0.6297234194919086
2460,300,17,4250.0,0.2680724413217307,0.9525612057842576
3217,300,3,750.0,0.388958847369079,0.3355926072384017
787,300,8,2000.0,0.3632038150194607,0.4504956525663133
2645,300,16,4000.0,0.2745721198819191,0.9625465348013904
1438,300,14,3500.0,0.2900281863534971,0.9617629359860176
2062,300,30,7500.0,0.2334949157552277,0.8962687862517954
2572,300,21,5250.0,0.2791635463786488,0.7797515383461957
1153,300,14,3500.0,0.2572473553533272,0.8911869308222212
1804,300,5,1250.0,0.3519737829212604,0.4918907127423521
2619,300,38,9500.0,0.2856759809742975,0.7529357507702819
2236,300,35,8750.0,0.2934523523181009,0.7393676581945121
4290,300,13,3250.0,0.3376302448105984,0.9622567783159832
944,300,25,6250.0,0.244971081009746,0.888665500310946
4817,300,16,4000.0,0.3195229458580941,0.5948617063344523
1395,300,16,4000.0,0.2421174681423282,0.9235357798523038
1180,300,12,3000.0,0.3333396926327883,0.517977631892627
1890,300,24,6000.0,0.2277401317272624,0.9178317525467584
2024,300,15,3750.0,0.2735193902611618,0.8225134952593337
3769,300,23,5750.0,0.2546195086617359,0.9330912253227984
4397,300,12,3000.0,0.2985327134483224,0.9690731053679816
575,300,36,9000.0,0.2459748589049233,0.8655991024694043
4596,300,26,6500.0,0.2459094168255608,0.9235772282815145
2285,300,7,1750.0,0.3584869630021996,0.4183752404748138
1223,300,29,7250.0,0.2464658432059698,0.8775402537712662
3390,300,37,9250.0,0.2427654458037299,0.8862452644856341
1620,300,28,7000.0,0.2942619317208064,0.7254638705182586
1994,300,26,6500.0,0.3009310531794778,0.6922924392950733
4145,300,16,4000.0,0.3014428399690408,0.6514878512022455
4449,300,34,8500.0,0.2848166503778554,0.7151863460867685
3625,300,11,2750.0,0.3112573658601504,0.7955940948240879
1595,300,15,3750.0,0.2874898325825867,0.9225641212367284
2757,300,14,3500.0,0.3219025219080488,0.5760856962830676
4341,300,14,3500.0,0.3166045106426315,0.9721998916928944
2688,300,19,4750.0,0.240860317900937,0.9030756740221724
1996,300,28,7000.0,0.2509482546982706,0.9149057012179832
3976,300,15,3750.0,0.2503377328348246,0.8725746149568527
2275,300,12,3000.0,0.2666389470443542,0.9649432113307612
4417,300,23,5750.0,0.2785760040602937,0.873633565522431
4091,300,13,3250.0,0.2951071403913001,0.769659996912455
2386,300,16,4000.0,0.2987731503458786,0.9480516940929168
748,300,19,4750.0,0.2544355402882782,0.9072101670889136
4690,300,5,1250.0,0.375841229497141,0.3711575094400023
3145,300,12,3000.0,0.3096953750992757,0.7044239476483778
3538,300,16,4000.0,0.2749414922059346,0.7773119387507894
153,300,31,7750.0,0.2963528831776114,0.6675700822605273
2731,300,22,5500.0,0.2385990038341469,0.901355979149348
2254,300,19,4750.0,0.2722286623999541,0.7715420472012728
4814,300,20,5000.0,0.2573873375962152,0.952558059715946
2074,300,16,4000.0,0.2877365566856113,0.970519083195169
2663,300,19,4750.0,0.2550349052482031,0.9501547229208328
2171,300,22,5500.0,0.2912294209238754,0.7154995739872989
1516,300,11,2750.0,0.2764125579351017,0.8354545061901026
572,300,17,4250.0,0.2763613666948072,0.9641285987923018
3025,300,14,3500.0,0.2837652429227194,0.9680325406793364
1870,300,20,5000.0,0.2602894056866935,0.8585982472859417
1480,300,8,2000.0,0.3021246182411197,0.6838917178295594
1564,300,17,4250.0,0.3013400428632397,0.741209058889749
1403,300,6,1500.0,0.3571996863086502,0.4734171559544119
647,300,14,3500.0,0.3402766976681189,0.9653969107941542
2618,300,16,4000.0,0.2909728430610925,0.885401043606091
2941,300,24,6000.0,0.2483133930079968,0.9281322472461536
1892,300,31,7750.0,0.2819874367381468,0.7696501654832152
1776,300,11,2750.0,0.3432110636264415,0.5351558359165436
2031,300,19,4750.0,0.2581997516628818,0.8379386752704737
4116,300,33,8250.0,0.2674858444324178,0.823129451441757
3927,300,18,4500.0,0.2891575092107574,0.9572629220155442
1145,300,31,7750.0,0.2488455065971804,0.8882300872163933
413,300,20,5000.0,0.256621475034001,0.8797578192971489
208,300,20,5000.0,0.2771806510879736,0.746030715765853
4869,300,13,3250.0,0.3447452880642389,0.9759911153576568
4202,300,17,4250.0,0.2345719550636961,0.9313222627103266
2994,300,13,3250.0,0.2828569320317161,0.9611485617147516
2087,300,10,2500.0,0.317921060225532,0.7644873156627123
1786,300,13,3250.0,0.2621392245410043,0.9583896025259172
409,300,15,3750.0,0.2376263567141762,0.951296485634712
3127,300,29,7250.0,0.2969773939596541,0.6861502125697478
1951,300,17,4250.0,0.292833846798227,0.964125836207254
3472,300,28,7000.0,0.2304979332175994,0.8969785821745719
462,300,11,2750.0,0.2495139553956493,0.9369469256822897
3973,300,11,2750.0,0.2589107027547102,0.8154666705530245
847,300,42,10500.0,0.2535152026542089,0.8311927114942826
36,300,20,5000.0,0.3164652027008292,0.7036978820473649
61,300,14,3500.0,0.2989743179657664,0.7920743298377464
2194,300,18,4500.0,0.2746790136988913,0.8558415119481522
3481,300,10,2500.0,0.3083554756616274,0.9560978945319678
1294,300,4,1000.0,0.384762020145608,0.3590254083853885
2744,300,14,3500.0,0.2965722211344938,0.9593188660517528
3320,300,8,2000.0,0.3391593394549455,0.5133249863959151
4899,300,12,3000.0,0.2465193943445112,0.9043513224826594
3343,300,20,5000.0,0.2360306831780274,0.9314595556128524
423,300,15,3750.0,0.3121048945707828,0.96913812523885
4795,300,26,6500.0,0.2735004935048523,0.7867891849200108
3596,300,21,5250.0,0.2788598998677761,0.7685550644512276
828,300,14,3500.0,0.2903862520017909,0.7769334112826092
4726,300,16,4000.0,0.2611562038804526,0.9414183173464392
4642,300,24,6000.0,0.2467784228535218,0.9056037043469284
4251,300,20,5000.0,0.2629045198687812,0.8795897990572654
374,300,27,6750.0,0.2966459608741053,0.7267904548142081
282,300,29,7250.0,0.2426887231989493,0.9080227489391028
3953,300,23,5750.0,0.234810211593055,0.9257261726433096
1489,300,19,4750.0,0.3244188699342783,0.6827193390664459
2045,300,11,2750.0,0.3324480507250205,0.5315928642159815
1099,300,21,5250.0,0.2907909128800496,0.7647132850382675
3966,300,20,5000.0,0.3012141961107612,0.7314644745261969
3613,300,28,7000.0,0.2387528805992716,0.9081260604808092
92,300,20,5000.0,0.3116641087491072,0.6375248767316173
4291,300,25,6250.0,0.2519955324674681,0.8397429972023855
4516,300,11,2750.0,0.3314176930133844,0.5515517150869558
735,300,9,2250.0,0.3126135597050857,0.627408693961202
4169,300,16,4000.0,0.2545095485871552,0.9597405260701796
396,300,17,4250.0,0.2887213555562188,0.6896735102130898
3224,300,25,6250.0,0.2523127821115184,0.894678676095126
4079,300,37,9250.0,0.2524097512699618,0.8724406114902701
4293,300,21,5250.0,0.2335937656143944,0.8661407070284088
4197,300,13,3250.0,0.2429987334033443,0.9462140811554488
3818,300,21,5250.0,0.2591735314370903,0.8123308484910354
2755,300,1,250.0,0.4131892161574091,0.2594709215111448
3271,300,10,2500.0,0.3098313880529266,0.6729667745949399
238,300,10,2500.0,0.2710653855243088,0.8425173741800982
3324,300,18,4500.0,0.2670245048106634,0.7703934923232743
4800,300,16,4000.0,0.3142970190505259,0.6370584282432976
691,300,5,1250.0,0.3870067559915881,0.3738357225693387
3547,300,24,6000.0,0.2423170892312779,0.8794702122409085
2610,300,16,4000.0,0.2781831765617037,0.9123433860315876
2222,300,13,3250.0,0.322685947885227,0.9720691180123958
1228,300,14,3500.0,0.3299123692983042,0.6838978060495711
3746,300,25,6250.0,0.310167727061666,0.709756872300078
367,300,28,7000.0,0.2587679847825425,0.8737595890486345
2091,300,17,4250.0,0.2457558058689032,0.9144343208721046
4542,300,32,8000.0,0.3019644807521518,0.6478317800047035
2237,300,15,3750.0,0.324960407065493,0.5624542644733657
2190,300,12,3000.0,0.3255697565014036,0.9765932963080316
3019,300,24,6000.0,0.2715955740978183,0.7577106867851409
4992,300,30,7500.0,0.2789279804510374,0.7438265461639275
3752,300,14,3500.0,0.3165767256772854,0.9676147998740222
472,300,14,3500.0,0.3111435567613906,0.6550840527960546
334,300,9,2250.0,0.2985601018342526,0.8864577385836029
3028,300,16,4000.0,0.307647717553583,0.96724656614476
1109,300,14,3500.0,0.3134011113077194,0.6632021494588154
344,300,9,2250.0,0.3136853923950403,0.7451537876482466
716,300,30,7500.0,0.2364809131694283,0.8598092340446244
3097,300,29,7250.0,0.2381594947824803,0.9196445780438924
3415,300,18,4500.0,0.2994306834298224,0.9646349587129116
4321,300,25,6250.0,0.2758105330594108,0.794992739956254
1803,300,12,3000.0,0.2990056436884813,0.9617863912286404
4928,300,24,6000.0,0.2388216511060007,0.9281400538940164
603,300,26,6500.0,0.2261938223248969,0.9145993293678476
4510,300,7,1750.0,0.377132234993304,0.4039295970049754
4949,300,16,4000.0,0.2924318173049903,0.958766129045525
4454,300,14,3500.0,0.266805682277813,0.9665112660082248
793,300,24,6000.0,0.2479235397766652,0.8903421412922599
1492,300,12,3000.0,0.3106532513094741,0.7219306566904865
42,300,11,2750.0,0.3079361222760494,0.950784728701634
3844,300,10,2500.0,0.3395996247419738,0.4881229647144112
3873,300,26,6500.0,0.2686595035669312,0.8613173082527255
3572,300,17,4250.0,0.2571900058995184,0.8036366167127612
2200,300,5,1250.0,0.3595325112023728,0.3938263956718646
195,300,20,5000.0,0.2814295989301698,0.9442180996197111
3152,300,21,5250.0,0.2546797768666581,0.8351317516709831
2332,300,33,8250.0,0.2450611751929893,0.9100351071754996
1580,300,8,2000.0,0.3407268980573459,0.8587683456810146
4294,300,13,3250.0,0.2906725963401798,0.9670972666137708
1302,300,13,3250.0,0.268335198218095,0.9319083336342868
4017,300,25,6250.0,0.2915702158398111,0.7136193803716221
4533,300,21,5250.0,0.24259483019451,0.8991760924397513
639,300,7,1750.0,0.3401733378423782,0.4796261763797855
3929,300,19,4750.0,0.2822360625067517,0.7321103379572
1507,300,13,3250.0,0.2380949645894477,0.9066740931331668
4230,300,26,6500.0,0.2404334881143851,0.9125753249057044
266,300,18,4500.0,0.2641507254626328,0.8183760246488596
524,300,32,8000.0,0.2995800611758234,0.6898153311773823
2280,300,5,1250.0,0.3387227967727827,0.472394289002652
616,300,17,4250.0,0.2737611949873278,0.9318949958705908
3856,300,13,3250.0,0.3069721043823661,0.9723762595401458
3241,300,10,2500.0,0.3071788000106732,0.7202214594973039
3770,300,13,3250.0,0.3215398139262008,0.6343380640217589
2972,300,33,8250.0,0.2502940146596143,0.838412967663051
2287,300,12,3000.0,0.3106887011334105,0.8375057596811588
1916,300,15,3750.0,0.2762386729316811,0.809708637977665
3589,300,30,7500.0,0.2437783309781054,0.8749025131947763
2337,300,14,3500.0,0.3343643820209632,0.5487899068793023
337,300,21,5250.0,0.32575467695633,0.5645925420382518
3527,300,16,4000.0,0.2432792192300794,0.8716587727911609
800,300,13,3250.0,0.2451161305113366,0.9470650888404128
3615,300,12,3000.0,0.2610380270528561,0.8737339831286945
879,300,9,2250.0,0.2818697343518879,0.7249316982848608
82,300,8,2000.0,0.2843821845600868,0.7170416266766886
2494,300,26,6500.0,0.2613218001333419,0.896349068678814
2639,300,23,5750.0,0.2559141769556311,0.9370999548812944
4347,300,22,5500.0,0.2563668558531429,0.9068021986217428
1575,300,9,2250.0,0.3517390085421872,0.5183763574902439
2750,300,21,5250.0,0.2969915571004292,0.7022471738619542
3582,300,16,4000.0,0.330088841255915,0.538168161707537
3897,300,18,4500.0,0.2470379013104466,0.9497159131658928
4334,300,23,5750.0,0.2380195737568781,0.9361453133394616
727,300,12,3000.0,0.2966010362680088,0.9706495255024856
2028,300,11,2750.0,0.3247507291414817,0.971686515972568
495,300,18,4500.0,0.2372662124854656,0.9443196683850223
1577,300,13,3250.0,0.2935497819453613,0.7117745268012237
3422,300,13,3250.0,0.3143907515703668,0.9717430147717966
1937,300,10,2500.0,0.284108342126636,0.9552328885473936
1980,300,12,3000.0,0.288378420766977,0.9681054076077574
1508,300,22,5500.0,0.3256275654638361,0.5849403597724465
3568,300,3,750.0,0.3737122275570658,0.3515384691557524
1765,300,14,3500.0,0.2747350874027431,0.9313343620023152
3393,300,10,2500.0,0.2389440472452582,0.8437574404535302
1233,300,12,3000.0,0.2753077119526373,0.9503327268204332
2462,300,15,3750.0,0.2378727193882088,0.9214377090999936
2830,300,12,3000.0,0.2751809226448025,0.9647403364982908
427,300,15,3750.0,0.3207316044955551,0.9725004726672336
3717,300,16,4000.0,0.2638515402616604,0.9532515737331466
1056,300,17,4250.0,0.2385763413500315,0.9190502645073516
2907,300,36,9000.0,0.2452752348997193,0.8567666001575824
2620,300,14,3500.0,0.3340370725471083,0.9737146469324816
4155,300,17,4250.0,0.242950367397344,0.907311460225098
139,300,27,6750.0,0.2281961345959172,0.9061880904434998
2134,300,6,1500.0,0.339364082619171,0.5358725486214776
4569,300,30,7500.0,0.2278422451485987,0.904766291802748
2935,300,26,6500.0,0.2568983712085508,0.84010118675712
3136,300,2,500.0,0.3986786090222464,0.2914258972199471
3665,300,19,4750.0,0.2667349505761779,0.823076407197035
1139,300,14,3500.0,0.3016275512545555,0.8986737115090562
4797,300,14,3500.0,0.251667482957432,0.9353605985460904
4019,300,13,3250.0,0.3243971712066432,0.549138533167254
1023,300,20,5000.0,0.2480363296540708,0.9085373607715674
788,300,5,1250.0,0.3490498620016273,0.4884283161243592
1485,300,16,4000.0,0.3198946046834652,0.5770501160489585
4507,300,20,5000.0,0.2914745733841706,0.6982085630883688
23,300,16,4000.0,0.2715091583745991,0.8745487155955451
4130,300,28,7000.0,0.27850181626986,0.7799723374570445
2574,300,2,500.0,0.3833957506651266,0.3484942952616573
1734,300,15,3750.0,0.3303211138748007,0.5447714392175921
4638,300,8,2000.0,0.3668773349016755,0.4334734050895616
3756,300,11,2750.0,0.2864489058125308,0.7285916092752005
2650,300,3,750.0,0.3781291425986376,0.3520739588952261
1324,300,36,9000.0,0.2871155157684713,0.6925291017802823
1222,300,14,3500.0,0.259771514134762,0.8069421528840108
2347,300,2,500.0,0.3940234096976269,0.3306522400658215
4691,300,4,1000.0,0.3866916618018339,0.3668268502014875
771,300,14,3500.0,0.2936437361068932,0.9715889083618814
3293,300,23,5750.0,0.2685719484979836,0.899631443915242
2397,300,24,6000.0,0.2882454827665892,0.7216706261141881
79,300,31,7750.0,0.3031432371384164,0.6698026865053119
1449,300,18,4500.0,0.3196114477735173,0.6818842235321333
1308,300,11,2750.0,0.3062227308453369,0.7929327183840029
3729,300,13,3250.0,0.2803813487841471,0.8549725990837673
3211,300,29,7250.0,0.2417433988259038,0.8787544143625476
2710,300,28,7000.0,0.2883086066908673,0.737947906183626
471,300,1,250.0,0.3944062351626666,0.2686925621539244
4971,300,28,7000.0,0.2432391223592598,0.9156130868383846
3285,300,13,3250.0,0.2670003146170573,0.9022023303326236
3210,300,25,6250.0,0.308686507221382,0.6747777284751746
4163,300,10,2500.0,0.3766773378551947,0.972134137033508
2003,300,29,7250.0,0.2837825586646351,0.7463788143549122
1189,300,12,3000.0,0.3117332950743334,0.6242318433204609
3635,300,17,4250.0,0.2630966703062697,0.946360072259054
4117,300,10,2500.0,0.3446001313822538,0.5992184861345055
1802,300,14,3500.0,0.2841203168259889,0.8932555156011567
3651,300,16,4000.0,0.3017721788637528,0.6845967906679438
4144,300,11,2750.0,0.2614462158775427,0.9439435599767654
2080,300,16,4000.0,0.2610141154421085,0.945327849092731
2621,300,14,3500.0,0.2879112416395223,0.9323751049140552
4221,300,21,5250.0,0.2949839512459522,0.6928889467792783
343,300,28,7000.0,0.2529105571670296,0.8528749942451557
3113,300,10,2500.0,0.2923196820251733,0.9758862457173094
1613,300,11,2750.0,0.3012699080014762,0.954821490722254
3348,300,18,4500.0,0.2416042536033051,0.8481205185968939
1617,300,14,3500.0,0.3153482242718562,0.6185384931536464
76,300,18,4500.0,0.2813698350389365,0.8052025932710105
2348,300,14,3500.0,0.3029214221791582,0.9720688076589646
4962,300,9,2250.0,0.3004663556244709,0.964846404623958
176,300,11,2750.0,0.3182062151098234,0.8035024481884699
4069,300,15,3750.0,0.2330780395537535,0.8812359842975215
259,300,10,2500.0,0.350646164141173,0.5219557586368744
4579,300,13,3250.0,0.3267301322015351,0.7197775198514096
2139,300,36,9000.0,0.2577305945901742,0.8833861115972729
4773,300,5,1250.0,0.3402082413374582,0.5003389663879838
3909,300,3,750.0,0.3939455701505041,0.3367381498210007
1122,300,21,5250.0,0.2312756665595039,0.9400629699481584
4768,300,20,5000.0,0.2858075283332013,0.8181247426421204
3551,300,29,7250.0,0.2483495602722862,0.8696751439554415
4591,300,13,3250.0,0.2901195257600418,0.7626116814299668
714,300,22,5500.0,0.2272276098135759,0.9287917686577134
406,300,8,2000.0,0.3321684991579248,0.5529336923973576
1811,300,19,4750.0,0.3162865558642939,0.6935568654784836
901,300,41,10250.0,0.2785661764367955,0.7536108090841789
440,300,16,4000.0,0.3025647077218683,0.9635853809772488
2100,300,27,6750.0,0.3073220715387166,0.7103629130001977
4335,300,23,5750.0,0.290219089967004,0.7411333493457366
2898,300,6,1500.0,0.3663660642039933,0.4432440642212092
4615,300,11,2750.0,0.3375861923092948,0.4905850981499096
3373,300,21,5250.0,0.2380936127875335,0.937484872712642
4856,300,26,6500.0,0.2400116943410598,0.9210064649826812
371,300,8,2000.0,0.3542235503207434,0.4702164482234089
581,300,24,6000.0,0.263775127176413,0.8718985625530742
4684,300,38,9500.0,0.2692353587875852,0.8221198838327113
4135,300,23,5750.0,0.2415140369879832,0.860510804279527
2773,300,12,3000.0,0.3033568385234194,0.9630167306122852
4456,300,41,10250.0,0.2656310801192149,0.7944023457929242
4750,300,22,5500.0,0.2838440061404724,0.7077959336711173
2592,300,17,4250.0,0.274956639440485,0.8712483805613009
1393,300,13,3250.0,0.2818720791536058,0.9612025200690906
3826,300,12,3000.0,0.296084362614656,0.686904161212722
2926,300,22,5500.0,0.2464055768525185,0.9029799213122838
1692,300,11,2750.0,0.2721386348133372,0.9709185246671488
1766,300,6,1500.0,0.3388107961377772,0.5466223770755997
2447,300,26,6500.0,0.2760993811932525,0.7656246415094577
4675,300,18,4500.0,0.2843908584461866,0.8387504556138953
2208,300,12,3000.0,0.3189185253866923,0.6457111087871787
3286,300,2,500.0,0.3767673810560096,0.3185696157025405
2197,300,35,8750.0,0.2485884667296848,0.8807379323975144
734,300,18,4500.0,0.2494358819085323,0.9504864497358716
3668,300,15,3750.0,0.289102033498992,0.7030075989243962
2217,300,10,2500.0,0.3618446590916293,0.3909082625695602
3956,300,12,3000.0,0.3324548435730905,0.9776024667774575
2712,300,19,4750.0,0.2626067264021778,0.8024317049387093
2686,300,14,3500.0,0.3188891321704641,0.609631942989497
1810,300,17,4250.0,0.2531933407593939,0.8529400108051516
4380,300,15,3750.0,0.3148065256113928,0.6647408171138763
2477,300,38,9500.0,0.2607117931311506,0.8077949238919742
4521,300,33,8250.0,0.2579758381894427,0.8422214799007063
1795,300,23,5750.0,0.2629377201574547,0.8107372212458244
2517,300,11,2750.0,0.2592923427871324,0.9721980451814126
696,300,19,4750.0,0.2972624973833768,0.7003152996432946
1270,300,29,7250.0,0.2930225157838363,0.6789195172081663
1379,300,20,5000.0,0.27195017497375,0.9226868574865048
594,300,19,4750.0,0.2490170983592476,0.8720261170091703
4672,300,38,9500.0,0.2644262742340932,0.7835243653884172
3921,300,38,9500.0,0.2448323956593923,0.8547647221471733
4054,300,11,2750.0,0.3227562879492974,0.5580514940144163
2796,300,19,4750.0,0.2546080322121312,0.7971604515764685
3686,300,11,2750.0,0.3116347795813658,0.9696642581279484
2614,300,25,6250.0,0.2410613821004874,0.901517718398007
1274,300,20,5000.0,0.247755532173912,0.8709374440447825
3811,300,27,6750.0,0.2977419148116508,0.6962983665692859
2511,300,14,3500.0,0.252965550219059,0.908577736176624
2817,300,18,4500.0,0.321614626224554,0.6107239064533205
763,300,27,6750.0,0.2465198348261336,0.9267343380200078
3888,300,4,1000.0,0.3634194229225963,0.3736497833761186
672,300,35,8750.0,0.2908489354307442,0.7312024693583441
4340,300,13,3250.0,0.2983684662978372,0.8581578254948704
2920,300,18,4500.0,0.2850595098262245,0.7554748543510135
3654,300,20,5000.0,0.2662384780598373,0.8285176159110689
1997,300,17,4250.0,0.2429856858971413,0.944056215338311
2934,300,12,3000.0,0.3074338731961968,0.973062295279083
615,300,13,3250.0,0.2578090096767156,0.9451251804337076
3508,300,15,3750.0,0.2501945354784321,0.9513869797013432
3749,300,25,6250.0,0.3010797890554275,0.7230327736551053
4030,300,17,4250.0,0.2441384719327009,0.9104366538163844
4706,300,33,8250.0,0.2844690487635369,0.7471302665626838
970,300,18,4500.0,0.2768506760522212,0.9632352131970994
2368,300,16,4000.0,0.2601258201119836,0.9194383844742856
4338,300,28,7000.0,0.2305116883420741,0.8950597844105996
3429,300,11,2750.0,0.3076952166090784,0.7100918048266887
357,300,11,2750.0,0.3257593697556625,0.5756633625343648
1416,300,26,6500.0,0.2399179397703552,0.8609139234274692
3215,300,14,3500.0,0.2965063470569933,0.943109321930362
3445,300,14,3500.0,0.3113404146564847,0.9586640451072588
3231,300,14,3500.0,0.2972875256278689,0.9690839698065412
2545,300,8,2000.0,0.3481115330514385,0.5464658441071396
4720,300,5,1250.0,0.3538243923753378,0.4208684143053636
3166,300,30,7500.0,0.3161123852647056,0.6556426345623031
3253,300,38,9500.0,0.3007037752823779,0.7026742836404585
2094,300,10,2500.0,0.298479765211279,0.8560601858200032
3156,300,9,2250.0,0.3531856222884395,0.5024775113091573
3164,300,31,7750.0,0.3002035580664592,0.6907695586962919
3877,300,10,2500.0,0.2685786291817308,0.9591061325345052
3885,300,12,3000.0,0.2625797014699597,0.8631552661735564
2335,300,11,2750.0,0.3461575199661766,0.5143391340107866
4274,300,17,4250.0,0.2996769633953199,0.7637578334636658
2887,300,14,3500.0,0.2711668207023679,0.9638920504094488
2657,300,36,9000.0,0.2531216704117632,0.8261797841185963
2741,300,25,6250.0,0.3110545236237996,0.6596882184233734
1075,300,13,3250.0,0.2934527352444925,0.977019023976568
242,300,31,7750.0,0.2555811204694952,0.8337775333401554
4039,300,10,2500.0,0.3502771708489951,0.4147987528340398
3934,300,4,1000.0,0.3713561169942969,0.3852606621104998
4114,300,30,7500.0,0.2470710510284538,0.921945026002026
1831,300,24,6000.0,0.2285135306523848,0.9182337843445014
4754,300,15,3750.0,0.3261732395198343,0.5861991155035684
3106,300,19,4750.0,0.2518414162059926,0.9277585467042084
4440,300,14,3500.0,0.3339731015784295,0.5393275703678599
2369,300,6,1500.0,0.3476848887530446,0.4370480260175937
3504,300,21,5250.0,0.2570689468528737,0.8991145657597932
512,300,11,2750.0,0.3096618585418854,0.9678865010028488
810,300,25,6250.0,0.2460255129260748,0.8697719464884701
2716,300,29,7250.0,0.2587326265236466,0.847032359160725
2955,300,10,2500.0,0.3133987459825271,0.9481004573090356
2298,300,11,2750.0,0.2483004092359153,0.9290743323506564
3944,300,15,3750.0,0.2778854586645505,0.8757214181750728
2321,300,28,7000.0,0.2961173273596886,0.7212023392177849
1147,300,15,3750.0,0.3233693689777545,0.9686815043083326
4484,300,19,4750.0,0.2682600009105584,0.9531362693710655
4741,300,5,1250.0,0.3776981726135008,0.3536275360344837
2241,300,10,2500.0,0.3248513422006401,0.5915839469517002
1398,300,12,3000.0,0.3222378161418441,0.804246535449701
2642,300,16,4000.0,0.2701185716913044,0.9582550605241492
3914,300,12,3000.0,0.2413065920492131,0.95010166078411
1342,300,21,5250.0,0.3081236435428014,0.631898120945869
3782,300,4,1000.0,0.338297330592494,0.4922026155634118
854,300,15,3750.0,0.2598273993679629,0.8148266027241374
2832,300,22,5500.0,0.2971447420206665,0.7503969283401395
1474,300,19,4750.0,0.2795449017198493,0.9333809439161932
2086,300,29,7250.0,0.2406747370902601,0.925476202991629
3682,300,22,5500.0,0.285563237979865,0.7127524392685467
397,300,6,1500.0,0.3620644517004568,0.4549589638315751
1924,300,22,5500.0,0.2772359206058133,0.7416285970077999
1385,300,20,5000.0,0.2438118590152415,0.8788954041605977
888,300,8,2000.0,0.3274973501531196,0.5419945358533697
4873,300,23,5750.0,0.259756760954803,0.9413578514653532
465,300,19,4750.0,0.3131308889497327,0.6071467013676894
4254,300,28,7000.0,0.2461370682910148,0.8481290109287969
4890,300,8,2000.0,0.3239632725975502,0.5492800633700676
3646,300,13,3250.0,0.289781806231721,0.7721336694104651
488,300,25,6250.0,0.2421914580368628,0.9368966243353
444,300,10,2500.0,0.3129689227383781,0.7588179737303901
3991,300,30,7500.0,0.2405602061138552,0.9153331682498098
3743,300,25,6250.0,0.2741424770454862,0.8860903953128869
2698,300,19,4750.0,0.2980907318781857,0.7436343227259645
3229,300,17,4250.0,0.2730709983853722,0.9578264749131148
2302,300,14,3500.0,0.3120113094481093,0.9589466876187922
1780,300,13,3250.0,0.3020756613638944,0.7562196988902825
1300,300,12,3000.0,0.3170484233391147,0.6176695200782777
3111,300,25,6250.0,0.3022609784017783,0.7497094378706761
3685,300,10,2500.0,0.3096904947191243,0.7242626906645574
4258,300,12,3000.0,0.3271698261621453,0.5468289646883746
3754,300,18,4500.0,0.3104478873901946,0.6077332410939571
2787,300,16,4000.0,0.2362195179824995,0.9169911539170034
4322,300,19,4750.0,0.2835060201774877,0.7874466705375387
2452,300,8,2000.0,0.3408490698575038,0.4845738660728499
4124,300,16,4000.0,0.3168099941631299,0.9686364881026466
1290,300,30,7500.0,0.2771239549814802,0.7789094014243925
3554,300,20,5000.0,0.2289399559093214,0.9202168577341608
747,300,15,3750.0,0.2686971369960674,0.9098445250876912
1157,300,27,6750.0,0.2427301191699601,0.9130061396741004
626,300,13,3250.0,0.3216796199418312,0.5989086479269166
1251,300,29,7250.0,0.2794804495229897,0.7624510725135688
326,300,13,3250.0,0.2581900883119631,0.9204403478490768
4241,300,21,5250.0,0.2556015063710457,0.87991182829644
2835,300,27,6750.0,0.2537622709116944,0.8922491682820204
2897,300,18,4500.0,0.2552115263309885,0.8743426503959
4186,300,32,8000.0,0.238461845483609,0.9042524647711842
925,300,5,1250.0,0.3653775709155671,0.3866366294590501
1258,300,13,3250.0,0.3296187547482617,0.683716422356459
1301,300,16,4000.0,0.2985506974424272,0.9489686789239248
4279,300,11,2750.0,0.287578920704226,0.7383135049688285
2725,300,30,7500.0,0.2717367088990218,0.7837355095116019
1923,300,20,5000.0,0.2702314788816738,0.898100445095523
645,300,10,2500.0,0.3552936943675843,0.9813946157859128
3162,300,37,9250.0,0.2432348016272444,0.8606132633360017
2067,300,13,3250.0,0.2579516707748875,0.9435335326855904
2659,300,23,5750.0,0.2355141591222838,0.9035742947135266
4361,300,8,2000.0,0.3023893855233162,0.7614092631124144
3872,300,23,5750.0,0.2530299970194453,0.9325866413156296
2451,300,10,2500.0,0.3113700674049502,0.906311922261002
1740,300,9,2250.0,0.2652838430669673,0.8172963025636443
2995,300,13,3250.0,0.3090444326440323,0.676206642650063
741,300,13,3250.0,0.3093691903250498,0.7164403925840279
2344,300,18,4500.0,0.2734463964274823,0.9382512066884048
2794,300,14,3500.0,0.2296000258267829,0.9360626244370523
3434,300,16,4000.0,0.2675384062917897,0.9274140335346592
4280,300,21,5250.0,0.3226355359885663,0.6174200769006173
761,300,14,3500.0,0.3333537387060065,0.5665644030732461
115,300,11,2750.0,0.3451250033742047,0.5068714294793877
1793,300,13,3250.0,0.3354507132191266,0.5568887488431
3791,300,1,250.0,0.40188174052242,0.2730887676009846
1867,300,13,3250.0,0.252111127445952,0.9607206776285796
2184,300,13,3250.0,0.3182369332712206,0.5990042550607706
2870,300,23,5750.0,0.2526911928311875,0.9189786589035016
4459,300,17,4250.0,0.2443537147056175,0.8442132191741151
4977,300,25,6250.0,0.2567128978499721,0.9381494717656832
4608,300,29,7250.0,0.23051068940872,0.911387716835742
1283,300,9,2250.0,0.336503348750351,0.5780397534400807
587,300,19,4750.0,0.2650340538867849,0.9554127487448468
1849,300,7,1750.0,0.3218504092063753,0.5754872323868806
4573,300,42,10500.0,0.2562455953177454,0.8341633870758189
4450,300,22,5500.0,0.2539421316639512,0.9029559579467444
3892,300,26,6500.0,0.3130447502039686,0.6886248445436098
4913,300,14,3500.0,0.2421170098282575,0.8752420628317046
32,300,34,8500.0,0.285877931810735,0.7022981349036543
2874,300,22,5500.0,0.2649276733605757,0.9332395751356553
3397,300,14,3500.0,0.3374568399828514,0.9711867914459404
706,300,20,5000.0,0.2379916936458154,0.8693025636402661
1927,300,7,1750.0,0.3556046000535842,0.4353274886354553
2556,300,11,2750.0,0.2861320565538069,0.8644721085330793
3881,300,35,8750.0,0.2545894682215662,0.8347432945442496
663,300,20,5000.0,0.252800078310644,0.8412288205356293
2191,300,23,5750.0,0.2787401838794401,0.7590532189142489
1448,300,25,6250.0,0.3018583864706006,0.6454614278354798
4191,300,13,3250.0,0.2765071711193833,0.8350360633909022
4678,300,23,5750.0,0.2727165161366808,0.7830522052280137
2732,300,33,8250.0,0.2408295258855536,0.8835871470526724
2523,300,13,3250.0,0.3170388543683015,0.6108317996152228
257,300,30,7500.0,0.2492216188292304,0.8929866656827034
2772,300,12,3000.0,0.2888798070005453,0.970205005119182
2373,300,24,6000.0,0.2388405788743859,0.9113040574499314
3497,300,32,8000.0,0.2846014292712097,0.7209297170588088
3314,300,12,3000.0,0.2753977795100426,0.9691229767412766
1928,300,9,2250.0,0.2966648044111885,0.8602137125468858
4644,300,14,3500.0,0.3051843069601831,0.9667528818174204
611,300,11,2750.0,0.3081526185939717,0.6871192099158663
4491,300,28,7000.0,0.2771072985982609,0.795688124740724
1437,300,16,4000.0,0.2564607781688777,0.9427170737075784
1473,300,26,6500.0,0.2356867760011667,0.8777674261327512
4392,300,20,5000.0,0.2440891344793933,0.937013086578747
1397,300,21,5250.0,0.2472442139189286,0.8901269091222196
3391,300,14,3500.0,0.289288611290053,0.7636778098871553
3931,300,3,750.0,0.3783866246843151,0.3743789709737174
983,300,11,2750.0,0.3510713488193064,0.9725320237882598
1101,300,29,7250.0,0.2533875769238772,0.929063799012408
177,300,39,9750.0,0.2748964793694489,0.7764784718112709
1360,300,10,2500.0,0.3444669328772276,0.495947589142088
636,300,12,3000.0,0.2720305154099229,0.9000850277569717
986,300,14,3500.0,0.3327289765904268,0.5133946901691304
2669,300,14,3500.0,0.280783791365611,0.9421211588384728
2319,300,42,10500.0,0.2555437371260765,0.8346185411897927
4465,300,14,3500.0,0.2967048961111148,0.9683111221227402
3773,300,25,6250.0,0.2352638557014914,0.93014627111448
3989,300,25,6250.0,0.2569572413519054,0.9020557479972656
1466,300,6,1500.0,0.361107742212861,0.4355071056570369
3448,300,7,1750.0,0.3530695781411608,0.521775648322272
3675,300,23,5750.0,0.2334867488979691,0.9063232751956956
296,300,17,4250.0,0.2979132176964419,0.9701471178083444
916,300,35,8750.0,0.2487381482173907,0.8580323158493014
3418,300,9,2250.0,0.3596491147024029,0.9742550060130442
3677,300,13,3250.0,0.2397988035999151,0.8740293637644438
1757,300,18,4500.0,0.2888606983459498,0.9569047598197526
2478,300,21,5250.0,0.2662889045236118,0.9517331559391504
2382,300,4,1000.0,0.3482168551176388,0.4637135757472816
1709,300,23,5750.0,0.2955514489695663,0.6773898136865132
1728,300,24,6000.0,0.2407394839819831,0.924725258686126
4058,300,20,5000.0,0.2601799832966027,0.90344872654971
3046,300,29,7250.0,0.26526379663447,0.788425220937369
2973,300,17,4250.0,0.2452287127034309,0.9141448923109016
1011,300,9,2250.0,0.3164280501228195,0.6165857747011395
458,300,13,3250.0,0.2666468898303165,0.9547314315362084
3400,300,7,1750.0,0.3755012835477712,0.4234938378932721
702,300,15,3750.0,0.2763822176817886,0.9376631115481404
3177,300,0,0.0,0.4382535015748424,0.1882653108350751
1211,300,12,3000.0,0.3168146450726427,0.971386693845881
1486,300,14,3500.0,0.2943710124490252,0.6971564840074674
373,300,20,5000.0,0.2703881455119614,0.8835328411037322
2393,300,23,5750.0,0.3321709345231213,0.5937916883400347
4343,300,17,4250.0,0.2615891038342621,0.7925739707960174
2010,300,16,4000.0,0.2339443796162284,0.932103279085293
4412,300,29,7250.0,0.2434238196963599,0.8779905962913834
3146,300,20,5000.0,0.2523343163877302,0.907946736594175
3403,300,23,5750.0,0.3298563287447601,0.5721635465600954
3017,300,27,6750.0,0.2721092694905994,0.781406421331576
1074,300,11,2750.0,0.2942928528249985,0.9698491942876252
3899,300,12,3000.0,0.2621288204796546,0.9540302707442524
1230,300,33,8250.0,0.2746569139836216,0.7574792595961509
3384,300,11,2750.0,0.308014510795043,0.9403632736716424
4761,300,10,2500.0,0.3374516753005998,0.568569182905593
1292,300,17,4250.0,0.2308131804679153,0.8879422251372968
1903,300,17,4250.0,0.2621060132285922,0.93565855466326
4119,300,12,3000.0,0.2595797642378913,0.7864088285363616
4718,300,17,4250.0,0.2381208591522862,0.8704890307318358
2148,300,16,4000.0,0.3531444235836403,0.6401406285075341
1488,300,24,6000.0,0.270828805146914,0.9505333410479
2815,300,14,3500.0,0.2587436088877052,0.9453804652494252
4105,300,18,4500.0,0.2870453929818405,0.7177797935758078
805,300,12,3000.0,0.2659377256383258,0.9694109210844724
26,300,26,6500.0,0.2745861063967471,0.7397393559810608
2233,300,18,4500.0,0.2497277333578499,0.9260828791950628
2607,300,20,5000.0,0.2717442265942406,0.8406797674358426
225,300,39,9750.0,0.2456718415333335,0.8865709359250367
4486,300,15,3750.0,0.2836558988863071,0.9523204400149684
2570,300,10,2500.0,0.3325357377356916,0.5242665077444392
4567,300,5,1250.0,0.3687836074905003,0.3813644362483255
127,300,11,2750.0,0.3157417137020236,0.9602177003878308
3048,300,12,3000.0,0.307536668472047,0.9742450903928964
4177,300,14,3500.0,0.2880252271218024,0.9744434244427264
3439,300,29,7250.0,0.2473868419040478,0.8751373072112658
3226,300,13,3250.0,0.2902724003208786,0.8217099102760632
2666,300,16,4000.0,0.317642876641343,0.9697215250122272
2340,300,18,4500.0,0.3177282162608277,0.6388165246060276
762,300,18,4500.0,0.2771434270968615,0.9514299577386858
2700,300,16,4000.0,0.288593084694002,0.9627368875436466
2050,300,36,9000.0,0.2389338145621577,0.8926352485645022
4963,300,18,4500.0,0.3072767631068034,0.6853134919035269
3473,300,14,3500.0,0.3149764622837563,0.605255696420707
4168,300,16,4000.0,0.2670853684240623,0.9397653602364556
2011,300,27,6750.0,0.2337590313128271,0.8947658224471974
2632,300,11,2750.0,0.3005167402391661,0.6985710224328239
2316,300,32,8000.0,0.2595639964329875,0.7963026287308652
3381,300,31,7750.0,0.2422256247538818,0.8934734806528055
354,300,26,6500.0,0.3101192963989194,0.6330909292838732
2795,300,29,7250.0,0.2456512786429861,0.9133659537821724
4954,300,13,3250.0,0.3029814535375361,0.9710301522982104
1484,300,18,4500.0,0.3299626845237248,0.6500869940878281
140,300,11,2750.0,0.3280341428768837,0.5468864021410771
869,300,21,5250.0,0.3004758694310288,0.6609330104028359
4520,300,11,2750.0,0.3523300980551847,0.5470546601555779
1188,300,3,750.0,0.3881857305889734,0.3389474802352177
1606,300,28,7000.0,0.2337680723661278,0.9060970663016324
3374,300,7,1750.0,0.3675197222445568,0.3823776123521595
1276,300,27,6750.0,0.2906057098829186,0.7302548199143599
4660,300,22,5500.0,0.2679478502247672,0.7955311905460152
2259,300,25,6250.0,0.2882308819626096,0.7317066724114537
3200,300,31,7750.0,0.253536191536823,0.9165311845161208
1310,300,14,3500.0,0.2897989437663092,0.963668363145446
2721,300,16,4000.0,0.2398397335677069,0.9551967726856884
690,300,12,3000.0,0.2379114528660963,0.9485493469909436
3960,300,27,6750.0,0.2413331010585726,0.8620731712019274
4712,300,25,6250.0,0.2477269717562253,0.91107321277578
820,300,11,2750.0,0.3523306186566221,0.4948163305069694
534,300,17,4250.0,0.2576762025387944,0.936876325732814
746,300,23,5750.0,0.2287528459660638,0.8950551309002494
4920,300,24,6000.0,0.2572190882790892,0.8712945153907337
2265,300,24,6000.0,0.2476441715342535,0.8969235687268811
111,300,7,1750.0,0.3366800608465725,0.4834739029642644
1052,300,27,6750.0,0.3070494392743579,0.6923067190684922
553,300,13,3250.0,0.2580074797148256,0.9626370208261544
454,300,14,3500.0,0.3148737377691605,0.8029213171417544
2480,300,31,7750.0,0.2918013358952078,0.709737307341796
110,300,19,4750.0,0.3134618676070185,0.6395191378873017
1232,300,20,5000.0,0.245799649952857,0.9409418967708976
2102,300,22,5500.0,0.2512074644909336,0.9311336134001618
565,300,18,4500.0,0.2412513089547531,0.908722197775598
2123,300,8,2000.0,0.3243536232777854,0.5816251480679685
3465,300,4,1000.0,0.3768315604402301,0.395837621009412
1823,300,11,2750.0,0.3440620016162226,0.9634880335683976
29,300,11,2750.0,0.3260420500502328,0.9733521811918396
4253,300,15,3750.0,0.2707054202059128,0.851018975224807
4316,300,28,7000.0,0.2976179880896516,0.6886189676669339
1565,300,37,9250.0,0.2588482601884782,0.7860937038844985
3078,300,24,6000.0,0.2430720329523158,0.9173136481211006
750,300,14,3500.0,0.3314475340599326,0.5387809526933345
3426,300,13,3250.0,0.2685709836276872,0.946881875067316
3670,300,14,3500.0,0.2740235059318871,0.8467664948779469
489,300,29,7250.0,0.3074612181854218,0.6921851721154827
1894,300,36,9000.0,0.2404269773423851,0.8681829331318149
1080,300,25,6250.0,0.3061019873830922,0.671385105579349
2076,300,24,6000.0,0.3164358283841312,0.623358311416595
3354,300,9,2250.0,0.3692661842653224,0.9812395921777382
2526,300,24,6000.0,0.2494118512415101,0.9362569881719036
3498,300,11,2750.0,0.3394716631625847,0.532622086894105
3460,300,31,7750.0,0.2847807108379915,0.7218084925542756
1893,300,16,4000.0,0.2343420479247323,0.9199738306139442
2810,300,42,10500.0,0.2561464787427836,0.8384527156124442
529,300,16,4000.0,0.2356066622033654,0.923750820637424
2952,300,14,3500.0,0.2366724780377264,0.8840908234375039
4434,300,14,3500.0,0.2747530847790674,0.944309496291938
1376,300,13,3250.0,0.2992248218331783,0.974696079220134
300,300,18,4500.0,0.3125408551128906,0.6307025899848623
419,300,5,1250.0,0.3769406773294074,0.4005427243661137
4433,300,28,7000.0,0.2738591179724814,0.7445922522195769
3219,300,30,7500.0,0.306804103634464,0.6838963918415633
2503,300,23,5750.0,0.3098440008524304,0.6277743860534708
442,300,8,2000.0,0.3485874976143686,0.4293179103254733
4078,300,32,8000.0,0.278358955949965,0.7390133959853484
2249,300,27,6750.0,0.282292256006379,0.7375080640325615
2551,300,16,4000.0,0.2789618888020672,0.9539054141849684
4407,300,11,2750.0,0.318289972207787,0.9721431835744644
212,300,13,3250.0,0.2702807776833966,0.95378987956425
4218,300,8,2000.0,0.3509779921347722,0.4556051998551143
2764,300,13,3250.0,0.3118654015888661,0.9675176402534174
1787,300,23,5750.0,0.2838969906130413,0.790184464939016
732,300,18,4500.0,0.2606100533972175,0.9547213203294784
436,300,10,2500.0,0.3194070507849312,0.5783897161551144
3070,300,26,6500.0,0.2355966837137089,0.8857244935383018
3275,300,14,3500.0,0.3002805858527395,0.9533771034791096
4390,300,14,3500.0,0.3054203551682818,0.959244135389426
3341,300,28,7000.0,0.2856455449597894,0.7284727057229925
4495,300,33,8250.0,0.2408056379063813,0.8762678972908934
2082,300,24,6000.0,0.2543586523583278,0.929315891178176
589,300,10,2500.0,0.2900356080551799,0.9531535494368056
1886,300,29,7250.0,0.2620737425470573,0.8753185621871198
1986,300,11,2750.0,0.3137042003520538,0.6436288265404901
3718,300,23,5750.0,0.2311000473885734,0.895905487959759
634,300,17,4250.0,0.3148934787444286,0.6550140649635132
2826,300,28,7000.0,0.3077502310084351,0.6747527975667895
2372,300,20,5000.0,0.2589809730128934,0.8313215351842689
4500,300,28,7000.0,0.2817933951623749,0.7269549948589211
2251,300,17,4250.0,0.3139560177181268,0.9639932524856584
4362,300,15,3750.0,0.3087089469104062,0.6678094792819104
4767,300,12,3000.0,0.3361026144147935,0.5190935572587914
2913,300,24,6000.0,0.2378697384485712,0.9322515828948948
1067,300,18,4500.0,0.286885484447372,0.75093400944627
3074,300,14,3500.0,0.3188038716054797,0.9707944789168192
450,300,18,4500.0,0.3109287602680709,0.6368013885886858
757,300,6,1500.0,0.3721834937176213,0.4208479771189597
3110,300,35,8750.0,0.2501115221298241,0.8787238658963554
4385,300,25,6250.0,0.2640326204346852,0.8911749577735416
1219,300,13,3250.0,0.2801515469886207,0.909631638307942
2948,300,22,5500.0,0.2755763121057268,0.746927164312015
1168,300,22,5500.0,0.2421838375869222,0.9347647014925334
3661,300,18,4500.0,0.2684546976273018,0.8079515512339134
1499,300,24,6000.0,0.2618974074609808,0.8315360563437488
4702,300,26,6500.0,0.2394683623639256,0.8676679037697936
4025,300,14,3500.0,0.3041809585140538,0.9716000918048168
1700,300,31,7750.0,0.2589094024431976,0.8158882190475589
377,300,17,4250.0,0.2543233554445558,0.935586609302384
3075,300,23,5750.0,0.2364060022588238,0.9324106318489768
3584,300,12,3000.0,0.2990380766429118,0.9698209744464544
4864,300,9,2250.0,0.3238017318361241,0.7689124617483167
974,300,14,3500.0,0.2977438757124806,0.7678860125035817
608,300,21,5250.0,0.233152032516757,0.9386796296696788
823,300,30,7500.0,0.264400059478077,0.7846488717069756
1257,300,16,4000.0,0.2625724967123759,0.9578585623263528
1525,300,29,7250.0,0.3132715268467252,0.6268310140653689
3713,300,43,10750.0,0.2782817365528781,0.775945758224132
4094,300,7,1750.0,0.368036417842108,0.41857417572627
1365,300,24,6000.0,0.2611232144155239,0.8929811132587546
2308,300,13,3250.0,0.2787931633170885,0.961350758393406
1845,300,18,4500.0,0.319364584087274,0.629862388260751
3413,300,14,3500.0,0.2939432727174721,0.9587099761599486
1885,300,16,4000.0,0.2643398571795727,0.961356507877274
849,300,17,4250.0,0.2503525018848195,0.8979348103432985
3512,300,14,3500.0,0.2735405612395388,0.9625317009117133
4309,300,17,4250.0,0.2710551254039098,0.933578450901597
1123,300,11,2750.0,0.3111098887285558,0.9487050313904968
2937,300,24,6000.0,0.256882028482187,0.7924762594202006
1091,300,14,3500.0,0.2798653831085725,0.945746335848924
4572,300,9,2250.0,0.3271320467886949,0.8098464664282423
2312,300,31,7750.0,0.2619605711314228,0.834313794709568
143,300,7,1750.0,0.3420507103577549,0.4836136400287566
2042,300,3,750.0,0.3895828754335899,0.3108474995513308
660,300,18,4500.0,0.2907722568076844,0.6965686269363522
863,300,35,8750.0,0.2922236308333056,0.6870037566987197
3209,300,9,2250.0,0.355137405301343,0.4323311495635102
395,300,17,4250.0,0.2432344663995094,0.9058567245636172
2068,300,24,6000.0,0.2837501719361948,0.7288168659051223
4100,300,2,500.0,0.393766398447795,0.3124302600640447
2880,300,10,2500.0,0.3038341129611621,0.8838910363774735
4870,300,31,7750.0,0.2488500317079144,0.8750728923211964
2442,300,16,4000.0,0.2684718948813712,0.8240400493278355
1670,300,16,4000.0,0.2929411005078056,0.965626906661696
3857,300,8,2000.0,0.331401645844475,0.6773504944375373
2695,300,14,3500.0,0.2600316699621859,0.9527173764793616
695,300,12,3000.0,0.2681232376922042,0.9579963054738818
1932,300,3,750.0,0.3895188659048859,0.3474106584176386
4217,300,9,2250.0,0.3051710167697493,0.885187366732104
4549,300,16,4000.0,0.2542371146909956,0.934736450917258
4096,300,33,8250.0,0.2417365969449984,0.8677536649325566
1938,300,15,3750.0,0.2487481380067118,0.928708810657952
4979,300,14,3500.0,0.2637552319706404,0.9543937635928458
2476,300,38,9500.0,0.2527715930628517,0.867018445942362
658,300,28,7000.0,0.2550645350621012,0.8922283642793468
2938,300,13,3250.0,0.2915188095123989,0.9258755833734642
3239,300,11,2750.0,0.325799829759445,0.7289666513004622
2018,300,30,7500.0,0.2333304945121362,0.9091910993262148
1887,300,13,3250.0,0.2780961378324774,0.9644347444689438
667,300,17,4250.0,0.2739307997861089,0.9557216760453524
1043,300,9,2250.0,0.3162121899862763,0.6185411659121831
3269,300,31,7750.0,0.2377708740220482,0.9068503790589018
3007,300,24,6000.0,0.2552970355877106,0.9117693461497616
3794,300,19,4750.0,0.2911690163295956,0.7859883988716434
2871,300,28,7000.0,0.2539614979093155,0.8657295304729209
401,300,29,7250.0,0.2522937882664123,0.9276574034291178
2177,300,12,3000.0,0.2307168668401595,0.8907182220838251
1907,300,5,1250.0,0.3420068539110525,0.4797644575886716
475,300,20,5000.0,0.258753824686551,0.9117988183262558
414,300,14,3500.0,0.2819248544724711,0.7514034618430787
511,300,12,3000.0,0.2370119431024932,0.9303787737508946
4845,300,36,9000.0,0.2589232899932891,0.7815153289424928
4916,300,16,4000.0,0.2947098374737169,0.9709691533020324
3157,300,38,9500.0,0.2549315739136667,0.8120404952472007
758,300,2,500.0,0.3944923376307634,0.3203863908394097
3988,300,12,3000.0,0.2565086561036725,0.9478288293438912
3178,300,11,2750.0,0.2993851493273798,0.7029241240900589
1879,300,21,5250.0,0.253756766007349,0.8959813892464787
3263,220,12,3000.0,0.2869502201946372,0.7988120841770978
3302,220,18,4500.0,0.31839594039313596,0.5444031543901566
2083,220,2,500.0,0.39563668564490434,0.29546118657284937
2865,220,10,2500.0,0.36673195355002985,0.4476711666359997
1758,220,20,5000.0,0.3074594352585233,0.6933224310954706
1213,220,23,5750.0,0.2558889604371896,0.8270569744960661
4065,220,17,4250.0,0.22574550489734257,0.9365095826670619
554,220,14,3500.0,0.30821468213494985,0.5924346610769842
1013,220,21,5250.0,0.23096338379297673,0.9615334442055323
1784,220,13,3250.0,0.289475997450646,0.8651843037354668
3009,220,36,9000.0,0.2360635869014926,0.8432955536127131
4180,220,13,3250.0,0.3014810549143343,0.656459264162476
651,220,18,4500.0,0.3150514275837789,0.6482637072029328
1375,220,25,6250.0,0.2634936793653609,0.8289354263199759
3278,220,15,3750.0,0.30202791943678814,0.9764627295084863
2658,220,31,7750.0,0.22753494424985393,0.8303927597831569
3945,220,14,3500.0,0.2842882517377049,0.9778095015901554
196,220,11,2750.0,0.33815970054619604,0.9771260490818631
1338,220,19,4750.0,0.26135682060525184,0.9608216082341421
96,220,29,7250.0,0.33128154876833604,0.5552628084018245
277,220,22,5500.0,0.24792895757794725,0.7913548087363894
3776,220,27,6750.0,0.22714386848086168,0.9240260528646954
3463,220,14,3500.0,0.2545338203626983,0.9686747310338756
4041,220,20,5000.0,0.3033161439507462,0.6377620936352837
4250,220,37,9250.0,0.2176865283801349,0.9034377691578703
2633,220,21,5250.0,0.23656901984251363,0.960786723172852
2198,220,9,2250.0,0.3329559465968044,0.4902399495910822
1696,220,32,8000.0,0.2684417787658782,0.7572451312446855
643,220,36,9000.0,0.24651196097729688,0.8450909819912955
3817,220,39,9750.0,0.26995112383578784,0.7268911275106019
4404,220,17,4250.0,0.22244383757496047,0.9029353173188189
2674,220,29,7250.0,0.2644159837860512,0.7698556499331639
4419,220,18,4500.0,0.22643030600614247,0.921289635047999
94,220,19,4750.0,0.22689104595578122,0.8664450097304154
506,220,5,1250.0,0.3704285723562684,0.3816327402344398
4281,220,22,5500.0,0.2396818333730048,0.9230255027344986
1815,220,20,5000.0,0.23083907822272143,0.8461834784041853
2909,220,30,7500.0,0.226532940468246,0.9180125543616443
1117,220,4,1000.0,0.3932357589519808,0.30400206972814015
3261,220,35,8750.0,0.24574298679273993,0.8242832878270396
4406,220,32,8000.0,0.28950338363954514,0.6923808596333021
3204,220,12,3000.0,0.2852117100570472,0.9521638622698554
278,220,15,3750.0,0.27159122814217035,0.960153723152999
4315,220,18,4500.0,0.3452253012759505,0.47731001174034793
1343,220,16,4000.0,0.2718443000852094,0.9565650643615924
3208,220,33,8250.0,0.2647667609631305,0.7927772898016497
4388,220,6,1500.0,0.387480118439049,0.35303893849980983
4477,220,15,3750.0,0.2911522272716792,0.7355636862084308
2563,220,22,5500.0,0.31169187115620417,0.599589822018328
1959,220,14,3500.0,0.2352584014639895,0.9240946084067928
2061,220,18,4500.0,0.2526254802971537,0.8361448771615665
161,220,13,3250.0,0.28707951839972307,0.9681358441218783
2318,220,26,6500.0,0.29440571782174724,0.688147026380042
4153,220,17,4250.0,0.2229748746353583,0.9122389499459336
1911,220,18,4500.0,0.3025203987762476,0.6772013403955578
2019,220,12,3000.0,0.35621418341457356,0.982052013493895
1517,220,17,4250.0,0.2273828966689158,0.9490704452124625
3763,220,19,4750.0,0.22455257405337145,0.9395262029969533
583,220,26,6500.0,0.23861038032049253,0.8817674675806095
179,220,30,7500.0,0.24016140331515673,0.8780965582842339
97,220,36,9000.0,0.2256318640301171,0.8908055672253384
1808,220,18,4500.0,0.28407897474226307,0.7901916398819733
2992,220,41,10250.0,0.27003453641496944,0.7594222018900681
58,220,14,3500.0,0.30541473794141144,0.9557748646737456
3179,220,34,8500.0,0.2340904301966607,0.8210723156219207
4330,220,14,3500.0,0.315875492535067,0.6267132592371658
884,220,37,9250.0,0.2860545966192761,0.6543075867657885
198,220,13,3250.0,0.2999659600203284,0.9771167421518729
2469,220,15,3750.0,0.33680325607673195,0.5578688490638728
1538,220,20,5000.0,0.2997495091050145,0.6800466531336611
2119,220,19,4750.0,0.2982261074380765,0.6395268222184635
3055,220,31,7750.0,0.2810864266229445,0.7917234890476342
4807,220,15,3750.0,0.22901279369192004,0.9647853665888152
3601,220,12,3000.0,0.23127520639334231,0.9246063960065933
3597,220,26,6500.0,0.28459769251678757,0.6914331362156464
1423,220,15,3750.0,0.21849239651683694,0.9035854369673503
4889,220,7,1750.0,0.3601135241937424,0.4080730195965956
2921,220,20,5000.0,0.22659656004457732,0.9482278875294043
3837,220,13,3250.0,0.3347050943519454,0.9801887173875111
3560,220,31,7750.0,0.2593691840744382,0.7801725453055566
4958,220,23,5750.0,0.23073913720927866,0.8469079047393102
3409,220,13,3250.0,0.3423599064159557,0.4363400885826212
941,220,12,3000.0,0.27551177791591486,0.7959391353841194
2849,220,15,3750.0,0.25178347958908986,0.8717280539718354
274,220,34,8500.0,0.2676742952025892,0.7711039483208683
2892,220,20,5000.0,0.2528319014788285,0.879443284914951
548,220,15,3750.0,0.25887359247148123,0.9659299194255512
3301,220,16,4000.0,0.29676390458088797,0.9749477653796313
538,220,2,500.0,0.4029548523294147,0.2687365133950692
4438,220,22,5500.0,0.23696173897296438,0.9196845367739769
2861,220,19,4750.0,0.2633076857527061,0.824540246778475
3035,220,11,2750.0,0.3411639879599147,0.9856178345150947
375,220,16,4000.0,0.26647878164323163,0.8421727488445507
2783,220,27,6750.0,0.21854727486706002,0.9251773722800802
4826,220,26,6500.0,0.2595183140458877,0.7853991434264986
995,220,19,4750.0,0.24073254879396738,0.8552107273038172
3044,220,13,3250.0,0.29225255435237235,0.7996411765818308
1746,220,11,2750.0,0.3429293283439835,0.4344850393778139
1710,220,29,7250.0,0.21838614629495048,0.8724213368239024
251,220,20,5000.0,0.34511590185956276,0.5837890863346902
3169,220,6,1500.0,0.36145976326479234,0.3737498706850607
1346,220,31,7750.0,0.23453096152417127,0.9124593861897713
2630,220,32,8000.0,0.28774065676667887,0.6940211367215186
1854,220,17,4250.0,0.2711001246215325,0.9638087973503128
3803,220,14,3500.0,0.3174595964384524,0.6071442029154794
2311,220,26,6500.0,0.28452381985411596,0.7396371347896957
2358,220,14,3500.0,0.28402439880395763,0.9770373762253207
1163,220,10,2500.0,0.3013068395415699,0.6208866139145334
1336,220,25,6250.0,0.23539206260036022,0.8578218676745972
1683,220,13,3250.0,0.2878510696621147,0.8811748147579319
1703,220,30,7500.0,0.2254871314144288,0.8839528942157295
785,220,4,1000.0,0.3675307638611699,0.3744219445661925
1410,220,15,3750.0,0.2853498702228386,0.9725742801719456
1791,220,19,4750.0,0.2285711049803754,0.9396328161808284
531,220,24,6000.0,0.2169780476490086,0.8768808370748187
1634,220,15,3750.0,0.3215120205900656,0.9765250747687642
4311,220,16,4000.0,0.22213592558394496,0.9369643734586784
2336,220,3,750.0,0.3899095240226098,0.31227073316317244
837,220,14,3500.0,0.25842650428650804,0.9450646674339248
4182,220,33,8250.0,0.2234309399787161,0.92068460553105
241,220,18,4500.0,0.311928234277755,0.5918015763647817
3139,220,12,3000.0,0.34987234538394946,0.5054888554657945
1852,220,36,9000.0,0.2281710707286099,0.8356876962316434
3386,220,19,4750.0,0.21876297202616224,0.9410014883280429
235,220,24,6000.0,0.3190224810059509,0.6361604670564076
163,220,21,5250.0,0.2842327942265137,0.6802797002791052
3399,220,6,1500.0,0.3667817367292768,0.3907210135833886
1719,220,12,3000.0,0.2785258201027352,0.9735752987183052
1278,220,13,3250.0,0.28734773103326783,0.7922256245360398
1234,220,12,3000.0,0.28102319679926485,0.7331349255694106
1822,220,33,8250.0,0.22550771553797913,0.8742218529907739
1041,220,21,5250.0,0.23069727608303275,0.957908359893917
175,220,15,3750.0,0.23748038932302243,0.8500538416805121
1906,220,16,4000.0,0.2781561482996246,0.8713593988595705
1112,220,34,8500.0,0.2927154940845894,0.6520159077687893
2846,220,22,5500.0,0.22391229597869078,0.8845523126527535
3203,220,16,4000.0,0.27637514661203993,0.7427115698493154
3730,220,30,7500.0,0.2510921204985621,0.8138222900377685
2947,220,15,3750.0,0.30576591246935464,0.6929573335445949
3841,220,32,8000.0,0.24082811722061293,0.8499545612397764
30,220,16,4000.0,0.27439560144263153,0.9297514310752
619,220,19,4750.0,0.29032158002006925,0.9682870741473311
1404,220,22,5500.0,0.23863398025999683,0.8842174499827291
673,220,16,4000.0,0.2731990218419382,0.7658393544037442
1000,220,19,4750.0,0.28508779105615445,0.7253279545991225
779,220,12,3000.0,0.30448295579414025,0.9676197532498271
4782,220,39,9750.0,0.2286741356829029,0.8743329084851781
2199,220,25,6250.0,0.23356804745976542,0.8190072408034416
2402,220,21,5250.0,0.23282993545018335,0.9418765580742435
768,220,20,5000.0,0.2981934261168011,0.6652360269976887
3907,220,16,4000.0,0.28785509953822247,0.8011666981819703
958,220,36,9000.0,0.23359840689459438,0.8912909931011799
2448,220,20,5000.0,0.24799848100329952,0.8315579781658844
3251,220,30,7500.0,0.23216822416176652,0.8645350808664158
584,220,11,2750.0,0.3298210429083234,0.5302799700990708
1366,220,19,4750.0,0.23377797616791662,0.9213678025774518
3755,220,4,1000.0,0.3697486812466554,0.3675750447387157
4815,220,19,4750.0,0.2418967938556018,0.9609162810792912
154,220,17,4250.0,0.24640775758863262,0.9641561768821527
3577,220,15,3750.0,0.22053629278176132,0.9085949850426475
4772,220,8,2000.0,0.36114819195774284,0.40157405835852433
3131,220,41,10250.0,0.26225872478764856,0.7378707153990244
21,220,12,3000.0,0.32802408689726464,0.5433689208855905
358,220,33,8250.0,0.286065123649426,0.707684618535857
2838,220,25,6250.0,0.22070068917672997,0.9031208752154972
4461,220,21,5250.0,0.27294059101035917,0.8150440598302888
2488,220,22,5500.0,0.28391308236527313,0.6667724968505302
1118,220,17,4250.0,0.28855860343526685,0.7730575217151658
3294,220,40,10000.0,0.2292753596077355,0.8710150019641139
4946,220,31,7750.0,0.22034069885424964,0.9153624279135484
4758,220,38,9500.0,0.22313511250486484,0.8665753955607726
2473,220,8,2000.0,0.36042333234753104,0.40654130220210827
943,220,17,4250.0,0.3308373059201875,0.530152261419955
4539,220,14,3500.0,0.27141158577614505,0.9777877946530121
566,220,26,6500.0,0.24345214110685545,0.8010755125527971
3047,220,33,8250.0,0.21491901837449917,0.9024257828829493
885,220,14,3500.0,0.28107622823351913,0.971062282457574
4171,220,21,5250.0,0.33834158938508596,0.5729871687186919
2493,220,23,5750.0,0.3127734767451581,0.5829150962061938
3366,220,11,2750.0,0.2957545218473327,0.9809849429934215
2174,220,23,5750.0,0.21397158465110455,0.8968257009345858
4540,220,16,4000.0,0.2337430645227322,0.9377863033693126
1263,220,34,8500.0,0.2442920451458922,0.7834609797520349
1433,220,24,6000.0,0.31067825896799006,0.5994349084472269
4700,220,16,4000.0,0.284781835600005,0.9719647656533935
4370,220,6,1500.0,0.3508333748614676,0.4430562624391525
2154,220,29,7250.0,0.25003138632568306,0.7828505840973741
4337,220,32,8000.0,0.21394209229719133,0.9058581769642283
1942,220,26,6500.0,0.29859643925339124,0.63155313948738
1513,220,16,4000.0,0.2521323836065045,0.931641695896131
3412,220,30,7500.0,0.23753752558582006,0.8652891628323175
514,220,23,5750.0,0.25182138842055685,0.8328621445406666
467,220,20,5000.0,0.2271376521797222,0.9282154729322927
1663,220,36,9000.0,0.23767638743484573,0.8381340302716385
807,220,17,4250.0,0.2829594194947895,0.7893792519991294
4537,220,12,3000.0,0.2776088449744552,0.9795169557577152
3342,220,36,9000.0,0.23990049748596054,0.8276768629379239
70,220,18,4500.0,0.32597997291531244,0.5531617773881184
1586,220,32,8000.0,0.23393715122424985,0.8934214155219133
4317,220,12,3000.0,0.30987042430278233,0.9599607837015403
4354,220,21,5250.0,0.21158750870565832,0.9387331719905379
981,220,23,5750.0,0.23782454233945494,0.9295218615679102
207,220,20,5000.0,0.2216085805281894,0.893888387559911
3617,220,21,5250.0,0.27626654083540314,0.833071381819098
3064,220,6,1500.0,0.3723846297752545,0.38128745153134647
3687,220,22,5500.0,0.3273737360228498,0.6250666310511097
3982,220,8,2000.0,0.33782850281604904,0.4519505391342249
3401,220,32,8000.0,0.238096405949549,0.9355591604864675
2206,220,16,4000.0,0.2343689291644078,0.9627832771383792
4674,220,19,4750.0,0.26185489076761026,0.9243883768674731
1442,220,33,8250.0,0.2580473808805677,0.7581449655856132
1149,220,29,7250.0,0.22946327014698803,0.8566276762672913
1491,220,24,6000.0,0.29550639346460394,0.6997213258335453
4170,220,15,3750.0,0.2769176951255141,0.7485794636733116
4402,220,14,3500.0,0.23526023012720654,0.8909628215114423
474,220,16,4000.0,0.30377568160418134,0.7040945229530844
3388,220,34,8500.0,0.2354484676549289,0.8362402320726002
2884,220,17,4250.0,0.22040611275442226,0.9445196364301798
4914,220,26,6500.0,0.2112598354077852,0.9258593725186719
2111,220,24,6000.0,0.22605936248905953,0.9517261247678225
250,220,13,3250.0,0.21316462604959813,0.9501946877714421
310,220,16,4000.0,0.2730613885501544,0.9106074100794308
3464,220,11,2750.0,0.3674315361814809,0.43097269307508634
2797,220,14,3500.0,0.2797422735173351,0.969339396496904
3451,220,28,7000.0,0.24802243783527653,0.8552867110456104
3015,220,6,1500.0,0.3602621887012461,0.38235487171547433
2288,220,38,9500.0,0.2339219366986298,0.8383410889120759
656,220,25,6250.0,0.22838461363206125,0.8545975686207458
446,220,16,4000.0,0.3107162849338307,0.7352758494148834
4610,220,22,5500.0,0.3021346548299679,0.6428674513235768
4237,220,16,4000.0,0.23362136332234962,0.9605747147067191
4601,220,8,2000.0,0.34974688009588184,0.4580398927004554
4827,220,30,7500.0,0.23129086969878293,0.9102606231449976
4708,220,18,4500.0,0.22865311624971554,0.834948398697588
3808,220,23,5750.0,0.2543555304930341,0.8354522527499948
2325,220,7,1750.0,0.3595731301095824,0.3955271030688108
2988,220,28,7000.0,0.30216269635757964,0.6344981762045059
2460,220,18,4500.0,0.2508268777795246,0.9575530807243362
3217,220,6,1500.0,0.387251736843109,0.3434918016768186
787,220,12,3000.0,0.35870801481275144,0.464291534786091
2645,220,17,4250.0,0.2546754500189635,0.9689955068263756
1438,220,15,3750.0,0.2682519032022774,0.9709747056446233
2062,220,32,8000.0,0.21434849075524756,0.9039201414975688
2572,220,23,5750.0,0.262100184928019,0.7884639724081836
1153,220,15,3750.0,0.24023027963007168,0.8982464394673569
1804,220,11,2750.0,0.3461996810264741,0.5258821741236983
2619,220,41,10250.0,0.2689372540698649,0.7595251382226222
2236,220,36,9000.0,0.27646178015097816,0.7416457018249514
4290,220,14,3500.0,0.31796794175138576,0.9697268804154122
944,220,26,6500.0,0.22254512227524345,0.8942795571874347
4817,220,27,6750.0,0.3094488397082314,0.6284082164085717
1395,220,17,4250.0,0.22429038552208724,0.9301579290500186
1180,220,19,4750.0,0.3244909892280101,0.5478412457895105
1890,220,26,6500.0,0.20834142669195163,0.9276637104284522
2024,220,17,4250.0,0.25671737642548953,0.8335706121180088
3769,220,25,6250.0,0.23469810295961696,0.9427622802454997
4397,220,13,3250.0,0.27910526452443285,0.9773196592488448
575,220,38,9500.0,0.22774579719697804,0.8709878053303854
4596,220,28,7000.0,0.223376641903399,0.9335429824156642
2285,220,8,2000.0,0.35398150037857706,0.4235800282866524
1223,220,31,7750.0,0.22482140318981475,0.8867297092910961
3390,220,40,10000.0,0.2220843373338866,0.8961114425456325
1620,220,30,7500.0,0.27603363157683813,0.7322620378967672
1994,220,29,7250.0,0.28621022102520305,0.7002625467081792
4145,220,17,4250.0,0.28928131098528986,0.6554984909910448
4449,220,36,9000.0,0.2678627887344902,0.7201534987217372
3625,220,13,3250.0,0.29637982510743766,0.8084628343997216
1595,220,16,4000.0,0.2678526913469065,0.9299246994964784
2757,220,23,5750.0,0.31206516918883853,0.6061454522781909
4341,220,15,3750.0,0.29655169596614317,0.9788108628534249
2688,220,20,5000.0,0.21879327204211216,0.9101435208480163
1996,220,32,8000.0,0.23089665388524805,0.9305992448205731
3976,220,16,4000.0,0.22749311788266074,0.881291744073108
2275,220,12,3000.0,0.24894023704319007,0.9649432113307612
4417,220,25,6250.0,0.2597984314185814,0.8820504822877576
4091,220,16,4000.0,0.28049314836768674,0.7853555269995206
2386,220,17,4250.0,0.27811826229247666,0.9550432404977719
748,220,20,5000.0,0.23375078186675857,0.9136500440748011
4690,220,5,1250.0,0.3732515860397459,0.37115750944000236
3145,220,15,3750.0,0.29692838283205686,0.7200160375135864
3538,220,18,4500.0,0.2603465547954925,0.78692076168162
153,220,34,8500.0,0.28098761087490404,0.6755167961533283
2731,220,24,6000.0,0.22067000098624395,0.9108595063075254
2254,220,20,5000.0,0.25558749948519655,0.7763567152848369
4814,220,21,5250.0,0.23604599292280923,0.9578053699635121
2074,220,17,4250.0,0.26931728240223235,0.975797983737767
2663,220,20,5000.0,0.2351820656780166,0.9554490075858526
2171,220,25,6250.0,0.27406160267065927,0.727409547112597
1516,220,12,3000.0,0.2583335664180758,0.8431679435457861
572,220,17,4250.0,0.2554095518394678,0.9641285987923018
3025,220,14,3500.0,0.26462468844177434,0.9680325406793363
1870,220,22,5500.0,0.2398932170932424,0.8695764250981095
1480,220,9,2250.0,0.2889555912675844,0.6920490826309622
1564,220,20,5000.0,0.2866108015692301,0.7538743615185832
1403,220,14,3500.0,0.35165832912109224,0.5076562622366267
647,220,15,3750.0,0.320569195878456,0.9730142649152301
2618,220,17,4250.0,0.2730252390392089,0.8910983651420948
2941,220,26,6500.0,0.22909206299824705,0.937310203206075
1892,220,33,8250.0,0.26280296738367326,0.7758933806979413
1776,220,17,4250.0,0.33613804047940576,0.5568499342187195
2031,220,21,5250.0,0.239891920516523,0.848144828553481
4116,220,37,9250.0,0.2501671360125991,0.8339304752572361
3927,220,19,4750.0,0.2700247070552948,0.9625859153542872
1145,220,33,8250.0,0.22507336474593168,0.8964079941915657
413,220,21,5250.0,0.2394874433234164,0.8841457167084026
208,220,22,5500.0,0.26262773738283707,0.7532536477654656
4869,220,13,3250.0,0.3263090807125393,0.9759911153576568
4202,220,18,4500.0,0.21385382733096417,0.9385097367324027
2994,220,13,3250.0,0.2658886236014223,0.9611485617147516
2087,220,11,2750.0,0.30407888375588776,0.7714044203591386
1786,220,14,3500.0,0.24214245900417963,0.9660123668984384
409,220,15,3750.0,0.21849799448113205,0.951296485634712
3127,220,31,7750.0,0.2818596046312501,0.6914504116336843
1951,220,18,4500.0,0.2747550978635581,0.9696093800274533
3472,220,30,7500.0,0.21003806653704848,0.9061513103731885
462,220,12,3000.0,0.23042527488970846,0.945945510624966
3973,220,12,3000.0,0.24080779657947574,0.8246460786443077
847,220,44,11000.0,0.2347103930981435,0.8358027953181864
36,220,23,5750.0,0.30161753007475506,0.713959652663777
61,220,16,4000.0,0.2830288191801221,0.8028471238485845
2194,220,20,5000.0,0.2579916973363479,0.8653097470143296
3481,220,11,2750.0,0.29014710233808916,0.966668550862054
1294,220,7,1750.0,0.3820963023185474,0.36872668495779115
2744,220,15,3750.0,0.2793409780764768,0.9659244663583599
3320,220,13,3250.0,0.3333721533117387,0.5350308023424477
4899,220,13,3250.0,0.22580379952041854,0.9139717787885362
3343,220,21,5250.0,0.215685578581391,0.937780319575492
423,220,16,4000.0,0.293703958918768,0.9753394964616535
4795,220,29,7250.0,0.25755769571068277,0.796469241123928
3596,220,23,5750.0,0.26430216644015964,0.7756187122898297
828,220,15,3750.0,0.27496488990877527,0.7826259197676211
4726,220,17,4250.0,0.24395468853767951,0.947535853505026
4642,220,26,6500.0,0.2288986189550393,0.9142771196248869
4251,220,22,5500.0,0.24647582941011323,0.887938103132037
374,220,29,7250.0,0.2815294780785111,0.7321789451014753
282,220,30,7500.0,0.22485309736899425,0.9114017632069684
3953,220,24,6000.0,0.2139705193808994,0.9309649057640514
1489,220,21,5250.0,0.31122263562172664,0.6894650294901061
2045,220,16,4000.0,0.32603521717519746,0.5501537764729758
1099,220,23,5750.0,0.27414719872858617,0.7726536682763034
3966,220,22,5500.0,0.2864612247886142,0.7385431256837021
3613,220,29,7250.0,0.21741771882614955,0.9127892797941755
92,220,25,6250.0,0.299182663598332,0.6527403203902622
4291,220,27,6750.0,0.23543139269735652,0.8469178697606782
4516,220,21,5250.0,0.32320951636578116,0.5867402043493213
735,220,10,2500.0,0.3003072212290463,0.6334819491070558
4169,220,17,4250.0,0.23613785770995158,0.9656184869317952
396,220,20,5000.0,0.2736843371438639,0.7032361253140114
3224,220,26,6500.0,0.23306728501271315,0.8992123358870049
4079,220,40,10000.0,0.22946682918268013,0.8821815336664858
4293,220,23,5750.0,0.2144366490903967,0.8770986358999504
4197,220,13,3250.0,0.22184442726478365,0.9462140811554488
3818,220,22,5500.0,0.24143484944997132,0.8168236682237472
2755,220,1,250.0,0.41270934247050295,0.2594709215111448
3271,220,12,3000.0,0.2962749007958805,0.6856238030978702
238,220,10,2500.0,0.25448697815210053,0.8425173741800982
3324,220,19,4750.0,0.25176532872098206,0.7748856533422549
4800,220,29,7250.0,0.30142350381826405,0.6796811305517345
691,220,7,1750.0,0.3842424701560481,0.3803866048298099
3547,220,25,6250.0,0.2234590303850029,0.883897187737972
2610,220,17,4250.0,0.2596884414715453,0.9180053980966681
2222,220,14,3500.0,0.3055857804732101,0.9785426941252713
1228,220,17,4250.0,0.3172032933549603,0.6966913656480858
3746,220,27,6750.0,0.29581570447063,0.7151094264469591
367,220,29,7250.0,0.2410872526176561,0.8770575047428735
2091,220,18,4500.0,0.22829258116094908,0.9204549960258293
4542,220,34,8500.0,0.2876500205030645,0.6523051315583875
2237,220,21,5250.0,0.31671883732166856,0.5806544597104616
2190,220,12,3000.0,0.3074422348489712,0.9765932963080317
3019,220,26,6500.0,0.25564375946426776,0.7646065759720276
4992,220,32,8000.0,0.25999223797278653,0.7508055548178816
3752,220,15,3750.0,0.2980345295081814,0.9751348565420636
472,220,20,5000.0,0.296899205180238,0.6813642249115045
334,220,10,2500.0,0.2827135771863646,0.895384142269793
3028,220,17,4250.0,0.28963827201134196,0.9728573372464533
1109,220,16,4000.0,0.3004126062454686,0.6724106866354533
344,220,10,2500.0,0.29901227170778666,0.7532746515763074
716,220,32,8000.0,0.2172891811736753,0.8671814240346343
3097,220,30,7500.0,0.21666354070168037,0.9240097129607618
3415,220,19,4750.0,0.27934870305715803,0.9700040336432849
4321,220,27,6750.0,0.25746701521246396,0.8027708766982421
1803,220,13,3250.0,0.2809115864515811,0.9700038579852819
4928,220,25,6250.0,0.2178591982635901,0.9329004875010349
603,220,27,6750.0,0.20681107143994223,0.9193130817572045
4510,220,9,2250.0,0.3735658278145328,0.4098365036759287
4949,220,17,4250.0,0.27275698078827115,0.9655838655275731
4454,220,15,3750.0,0.24924197760784994,0.9730545764300376
793,220,25,6250.0,0.22888331332722653,0.8946564126909239
1492,220,13,3250.0,0.29722872339948403,0.727364825314617
42,220,12,3000.0,0.2879728032706082,0.9608966212510245
3844,220,14,3500.0,0.33330213550820503,0.5059512001928326
3873,220,29,7250.0,0.2488350649888477,0.8734490375852849
3572,220,18,4500.0,0.23999820166302713,0.809115009048285
2200,220,6,1500.0,0.35687392114528343,0.39758372318645196
195,220,21,5250.0,0.2620107844851525,0.9493779534123787
3152,220,23,5750.0,0.23736283758792132,0.844110861929899
2332,220,34,8500.0,0.22440589643372022,0.9136068833640791
1580,220,9,2250.0,0.32647632196738957,0.8681137760133192
4294,220,14,3500.0,0.27052926353406787,0.9752362690168903
1302,220,14,3500.0,0.2466883679387561,0.9404832478898684
4017,220,29,7250.0,0.27483570950894814,0.7271295944114469
4533,220,22,5500.0,0.21983569045460608,0.9052637316772573
639,220,11,2750.0,0.3349119918679506,0.49835577535153264
3929,220,20,5000.0,0.2673771026768487,0.7359021613047125
1507,220,14,3500.0,0.21965564422196965,0.9152922035721379
4230,220,29,7250.0,0.21834920020368315,0.9276111426770698
266,220,19,4750.0,0.24312419294953602,0.8250028093388373
524,220,34,8500.0,0.2842435328062485,0.6945765606550796
2280,220,7,1750.0,0.33351203159994464,0.4866703788648281
616,220,18,4500.0,0.2558025480094138,0.9379637763133365
3856,220,14,3500.0,0.2900353810667409,0.9789918576142513
3241,220,11,2750.0,0.2910155719916795,0.7277789842597752
3770,220,24,6000.0,0.30745855746211986,0.6788624842319663
2972,220,35,8750.0,0.22889239994033347,0.845120363859698
2287,220,14,3500.0,0.295726546075393,0.8495525915946397
1916,220,16,4000.0,0.25813394634829384,0.8159357132145139
3589,220,33,8250.0,0.2227216475820637,0.8873240660574013
2337,220,22,5500.0,0.3267175866274386,0.5742919757769016
337,220,23,5750.0,0.31399649464153645,0.5701969587866181
3527,220,17,4250.0,0.22543535656223174,0.8780318947957637
800,220,13,3250.0,0.22392877786196055,0.9470650888404127
3615,220,13,3250.0,0.24462274849634014,0.8812849249405027
879,220,10,2500.0,0.26698452018036306,0.7326507723280629
82,220,9,2250.0,0.26894564855990577,0.7275384908558536
2494,220,28,7000.0,0.24240422687638388,0.9044271506757777
2639,220,25,6250.0,0.2334271415884409,0.947892960961989
4347,220,23,5750.0,0.23832052382559074,0.9114510458198579
1575,220,15,3750.0,0.34489657823420233,0.5431628743925075
2750,220,23,5750.0,0.2817863488563618,0.708891643434171
3582,220,25,6250.0,0.31895334648426604,0.5724193179985169
3897,220,19,4750.0,0.22809133660396025,0.9550653701005962
4334,220,24,6000.0,0.2164412137425961,0.9415014280753896
727,220,12,3000.0,0.2767362104378988,0.9706495255024857
2028,220,12,3000.0,0.30623982460676125,0.9798574945646139
495,220,19,4750.0,0.21735126830135773,0.9499921930289196
1577,220,14,3500.0,0.2780744014604443,0.7173989166415053
3422,220,14,3500.0,0.29595300779005307,0.978903112879371
1937,220,11,2750.0,0.2662410022868196,0.9648326686996254
1980,220,13,3250.0,0.26887352590623453,0.97594081959864
1508,220,26,6500.0,0.31267006736631875,0.596559532314278
3568,220,4,1000.0,0.37131975738625644,0.356195545353437
1765,220,15,3750.0,0.25673219287104826,0.9387489813379201
3393,220,11,2750.0,0.22077236082261567,0.8538642613839308
1233,220,13,3250.0,0.2559426109843382,0.958315894383718
2462,220,16,4000.0,0.2189691464769976,0.9286144135914561
2830,220,13,3250.0,0.256289396286798,0.9729253010553967
427,220,16,4000.0,0.3013485719223146,0.9787580879458068
3717,220,17,4250.0,0.24564030955333335,0.9592356964445241
1056,220,18,4500.0,0.21883659086930476,0.9260226209488249
2907,220,38,9500.0,0.22331836740797173,0.8637831005144393
2620,220,14,3500.0,0.31579521061903076,0.9737146469324816
4155,220,19,4750.0,0.2219357397640332,0.9214199628891147
139,220,29,7250.0,0.2087680538268003,0.9143714896254511
2134,220,12,3000.0,0.33233829133910825,0.5711484675791306
4569,220,32,8000.0,0.2085600005831295,0.9121550109708023
2935,220,28,7000.0,0.23756429540552107,0.8484144003090928
3136,220,3,750.0,0.3973239862257837,0.2940979196947544
3665,220,21,5250.0,0.24943842268280203,0.8322881843354696
1139,220,15,3750.0,0.2826109098459048,0.9054465933202964
4797,220,15,3750.0,0.22913261836734536,0.9440810394491136
4019,220,18,4500.0,0.31676835252073726,0.5685866620731606
1023,220,21,5250.0,0.229439632328114,0.9136572132927432
788,220,7,1750.0,0.34372927448415,0.5017826807717778
1485,220,27,6750.0,0.31087024018053117,0.6081784413053795
4507,220,23,5750.0,0.27830621611408013,0.7076268723524094
23,220,17,4250.0,0.2544413180029376,0.880551461912952
4130,220,32,8000.0,0.2629471902955722,0.791094360448201
2574,220,3,750.0,0.38138982226412366,0.3536879283017619
1734,220,20,5000.0,0.32051517243641525,0.5638481715779982
4638,220,13,3250.0,0.3629817878020875,0.44857572548820923
3756,220,12,3000.0,0.27085488617029824,0.7349381678643225
2650,220,5,1250.0,0.37582476109083085,0.3600263834663231
1324,220,39,9750.0,0.27024433926842806,0.6997916866681324
1222,220,15,3750.0,0.2412064911343809,0.8139202206228027
2347,220,4,1000.0,0.3919724276946256,0.33862957089739076
4691,220,6,1500.0,0.38414274087302624,0.37408195299803615
771,220,14,3500.0,0.27597797839155364,0.9715889083618814
3293,220,25,6250.0,0.24830004052818952,0.9095811942009369
2397,220,28,7000.0,0.2737474863898171,0.732729657095629
79,220,33,8250.0,0.2903522535501869,0.6738149732139072
1449,220,20,5000.0,0.3057513012182001,0.6892468557503095
1308,220,14,3500.0,0.2925935748287782,0.8112542350932481
3729,220,15,3750.0,0.26272619174150375,0.8687963315803613
3211,220,31,7750.0,0.22210839404064578,0.8868082955972418
2710,220,31,7750.0,0.2697296588184002,0.7482693096290023
471,220,2,500.0,0.3936720231758658,0.2713180170148587
4971,220,29,7250.0,0.22520983333475755,0.9191003764234872
3285,220,14,3500.0,0.24770134341426694,0.9103072198201558
3210,220,30,7500.0,0.29496983366313034,0.6870538751608322
4163,220,11,2750.0,0.35820163021333185,0.9820287763313137
2003,220,31,7750.0,0.2676615699532925,0.7519949404812325
1189,220,14,3500.0,0.30072268356195575,0.6336849973231871
3635,220,18,4500.0,0.2451879780420204,0.9519584800804602
4117,220,21,5250.0,0.3323598582075559,0.6497544207425698
1802,220,16,4000.0,0.2679025819112324,0.9050860218785196
3651,220,17,4250.0,0.2883777104204535,0.688702618127889
4144,220,12,3000.0,0.24405036702784333,0.952466150410754
2080,220,17,4250.0,0.24224429033276576,0.9518394071927905
2621,220,15,3750.0,0.26816526936129753,0.9400967423266244
4221,220,23,5750.0,0.2803920594437162,0.6997683508290135
343,220,29,7250.0,0.22998008309177592,0.8576280120331036
3113,220,10,2500.0,0.2757472832582896,0.9758862457173094
1613,220,12,3000.0,0.2818695358249701,0.9637342913614985
3348,220,18,4500.0,0.2231228214284624,0.8481205185968939
1617,220,25,6250.0,0.3036161384162473,0.6556131504688516
76,220,21,5250.0,0.2666892712648823,0.8170738413381045
2348,220,14,3500.0,0.28529570105938645,0.9720688076589646
4962,220,10,2500.0,0.2836855869902347,0.9748489719815979
176,220,12,3000.0,0.30240637557902994,0.810705745971753
4069,220,16,4000.0,0.21333290065290172,0.8892353897502384
259,220,20,5000.0,0.34344981844546063,0.5560093427390715
4579,220,16,4000.0,0.31310187307515314,0.7347926568916536
2139,220,38,9500.0,0.23702950449405635,0.8894523127910254
4773,220,7,1750.0,0.333484474114011,0.5182095560719382
3909,220,6,1500.0,0.39213815006202396,0.3445835056331231
1122,220,22,5500.0,0.21189143939087596,0.9452279995928518
4768,220,23,5750.0,0.2685528359640018,0.8306110925435255
3551,220,31,7750.0,0.2293662802748986,0.8765672280131573
4591,220,14,3500.0,0.27494008855834023,0.7686612376327411
714,220,24,6000.0,0.2077099417945647,0.9385935973521096
406,220,12,3000.0,0.32438667845151553,0.5743598422003158
1811,220,24,6000.0,0.30132326537050147,0.7112257567263038
901,220,43,10750.0,0.2592172825339136,0.7588355220146624
440,220,17,4250.0,0.28262200373534613,0.9702465856512885
2100,220,30,7500.0,0.2921348548793195,0.7181852246570201
4335,220,26,6500.0,0.27545072312263713,0.7502987185538443
2898,220,7,1750.0,0.3624789463650279,0.44766087399234955
4615,220,14,3500.0,0.33068333450215714,0.5044355299712004
3373,220,22,5500.0,0.2171483653861735,0.9432378558775444
4856,220,28,7000.0,0.22135119822952845,0.9293083324617887
371,220,15,3750.0,0.3498615182068155,0.49209386556383405
581,220,26,6500.0,0.24440271459925075,0.8802616147331656
4684,220,40,10000.0,0.2507290189076376,0.8271233472287922
4135,220,25,6250.0,0.22230411733970787,0.8695300280317919
2773,220,12,3000.0,0.2854450373739014,0.9630167306122851
4456,220,43,10750.0,0.24836773643474463,0.7986472140778808
4750,220,24,6000.0,0.2696126752384609,0.713999001766225
2592,220,19,4750.0,0.2569180949666497,0.8830611300999482
1393,220,14,3500.0,0.26037601663186394,0.9708887253001334
3826,220,14,3500.0,0.2815055774094738,0.6984640727959731
2926,220,23,5750.0,0.22755747020107855,0.9078040971389958
1692,220,11,2750.0,0.25367342897035805,0.9709185246671488
1766,220,13,3250.0,0.3311495213043608,0.5883429562296245
2447,220,28,7000.0,0.258900117852617,0.7724583450951436
4675,220,20,5000.0,0.26885952290340664,0.8466277923968486
2208,220,13,3250.0,0.30409701225233154,0.651551104480355
3286,220,3,750.0,0.3752821212327418,0.3230197437647778
2197,220,37,9250.0,0.22911911912953184,0.8865150553210066
734,220,19,4750.0,0.23005155843656305,0.9569475867652854
3668,220,16,4000.0,0.27547897837846697,0.7073271875689584
2217,220,11,2750.0,0.3575909835492983,0.394348543428948
3956,220,12,3000.0,0.3153551308386136,0.9776024667774577
2712,220,21,5250.0,0.2445354345158735,0.8119607870731448
2686,220,24,6000.0,0.30726184745187474,0.6449786750674186
1810,220,18,4500.0,0.2309344311274453,0.8603711620404353
4380,220,20,5000.0,0.30042658390017574,0.6855819927518054
2477,220,42,10500.0,0.23912867751204006,0.8201829963256566
4521,220,35,8750.0,0.24046954891469038,0.8478751575856109
1795,220,24,6000.0,0.24247430892718147,0.8157679485700802
2517,220,11,2750.0,0.24159296893930818,0.9721980451814126
696,220,20,5000.0,0.2797177398147591,0.7049971479810899
1270,220,32,8000.0,0.2787723527433871,0.6866920331163482
1379,220,22,5500.0,0.2527945152037475,0.933002957937415
594,220,21,5250.0,0.22813256682873215,0.8841798013088868
4672,220,42,10500.0,0.2479719125882826,0.7922787301367221
3921,220,42,10500.0,0.22404794156481167,0.8670699079639118
4054,220,16,4000.0,0.31442617006051277,0.5807377323827899
2796,220,20,5000.0,0.23664755347472805,0.8028079594435855
3686,220,11,2750.0,0.29477569904371775,0.9696642581279485
2614,220,27,6750.0,0.21905515369432954,0.9121158110914442
1274,220,22,5500.0,0.225370948239776,0.8841282463596596
3811,220,29,7250.0,0.2828916297847461,0.7020342493457832
2511,220,15,3750.0,0.23355211710663878,0.9165195619239138
2817,220,23,5750.0,0.31091276386663413,0.6254018966127701
763,220,28,7000.0,0.22376846542469694,0.9312174870669198
3888,220,6,1500.0,0.3598841547516124,0.3846774368513577
672,220,37,9250.0,0.2736945971212233,0.7361368840366485
4340,220,15,3750.0,0.2812030525208255,0.8710187777190825
2920,220,21,5250.0,0.27072102189583697,0.7669988613351354
3654,220,20,5000.0,0.2496498431862749,0.8285176159110689
1997,220,17,4250.0,0.2217101052985013,0.944056215338311
2934,220,13,3250.0,0.2885457869816829,0.9803915396304621
615,220,14,3500.0,0.2400066948786122,0.9521469134043787
3508,220,16,4000.0,0.22971272275512977,0.9590274997568764
3749,220,28,7000.0,0.2852715996191542,0.7318362404738223
4030,220,18,4500.0,0.22549028978013572,0.916770366625308
4706,220,36,9000.0,0.26885006697756536,0.7537990974077184
970,220,19,4750.0,0.2591777349980663,0.9678989039389646
2368,220,17,4250.0,0.2418632912665897,0.925485957180844
4338,220,30,7500.0,0.2111035844931243,0.9031518234911926
3429,220,13,3250.0,0.29313122070642134,0.722661407306334
357,220,18,4500.0,0.3167537216628196,0.6046205248734384
1416,220,28,7000.0,0.2212805565924806,0.8686618375865365
3215,220,15,3750.0,0.27671594548628475,0.9510023341231398
3445,220,15,3750.0,0.29239224920702783,0.9658424137402665
3231,220,15,3750.0,0.2779512222587493,0.9757295199725531
2545,220,16,4000.0,0.33995760255691054,0.5824781434028992
4720,220,7,1750.0,0.34963673030400694,0.43195212533413907
3166,220,32,8000.0,0.29976237201965655,0.6607475295232272
3253,220,40,10000.0,0.2841134546336431,0.7071037546673351
2094,220,12,3000.0,0.2823043379934468,0.8718917565290363
3156,220,15,3750.0,0.34731956306766587,0.5248053509572823
3164,220,34,8500.0,0.2852511559225183,0.6980462491042201
3877,220,11,2750.0,0.25111920643126995,0.9680909030035886
3885,220,13,3250.0,0.24292963583604602,0.8712785705328323
2335,220,17,4250.0,0.3400088893413289,0.5349202185798734
4274,220,19,4750.0,0.28561195441451837,0.7719523314440037
2887,220,15,3750.0,0.2535776933302543,0.9714981111520637
2657,220,38,9500.0,0.23404054534788934,0.8322208787851543
2741,220,26,6500.0,0.29358790204227486,0.6630774769423243
1075,220,13,3250.0,0.2762931543919834,0.9770190239765679
242,220,32,8000.0,0.23371152234022952,0.8377079638469054
4039,220,11,2750.0,0.34580607462797874,0.4186153522426175
3934,220,4,1000.0,0.368424148619877,0.3852606621104998
4114,220,32,8000.0,0.223949248319056,0.9300931460670318
1831,220,25,6250.0,0.2092848175462081,0.9229380271155647
4754,220,18,4500.0,0.3156817572035345,0.5960336377522587
3106,220,20,5000.0,0.23320635481244076,0.9335462144758758
4440,220,17,4250.0,0.32519119219503845,0.5507542599821103
2369,220,8,2000.0,0.34322450490720025,0.448809647795848
3504,220,22,5500.0,0.23739501044752387,0.904263210049362
512,220,11,2750.0,0.2916765958605549,0.9678865010028489
810,220,26,6500.0,0.22778163849615007,0.873833552950457
2716,220,32,8000.0,0.24017444617453357,0.8575296982871173
2955,220,11,2750.0,0.2965944778283419,0.9564250972248856
2298,220,12,3000.0,0.23020701616174558,0.9378205575721675
3944,220,16,4000.0,0.26134632035214306,0.8817022788822148
2321,220,30,7500.0,0.2798662267983561,0.7269164814835452
1147,220,16,4000.0,0.3040851683041923,0.9751556668854485
4484,220,20,5000.0,0.2507944797040361,0.9581871503921473
4741,220,7,1750.0,0.37499644684971795,0.3609460635766639
2241,220,20,5000.0,0.3144514792403378,0.6356083194782827
1398,220,14,3500.0,0.3069927034100273,0.816592751815347
2642,220,17,4250.0,0.2487924339663803,0.9660330613299505
3914,220,13,3250.0,0.223684583058445,0.9580051383458233
1342,220,22,5500.0,0.2948922982402906,0.635129487536623
3782,220,7,1750.0,0.3328094817525706,0.5158884696018413
854,220,16,4000.0,0.24348541001268445,0.8203202458244221
2832,220,24,6000.0,0.2811254961528898,0.7574533956134322
1474,220,20,5000.0,0.26015867406963455,0.9391215025324202
2086,220,31,7750.0,0.22171092709163684,0.9326406169059511
3682,220,25,6250.0,0.2697885203120853,0.7244635068829501
397,220,9,2250.0,0.35809835367086973,0.4675683218078276
1924,220,24,6000.0,0.2608952603769469,0.7490493856430366
1385,220,22,5500.0,0.22103455658215523,0.8926822238985515
888,220,15,3750.0,0.32012514254663904,0.5745532833087704
4873,220,24,6000.0,0.2410784394551145,0.945797718517891
465,220,24,6000.0,0.30172787962330494,0.6232359462974841
4254,220,31,7750.0,0.2267970514113788,0.8592385839378632
4890,220,14,3500.0,0.3164831575831159,0.5808070479384556
3646,220,16,4000.0,0.2747186002896018,0.7883609573490382
488,220,26,6500.0,0.22303625350220027,0.9412596778676435
444,220,12,3000.0,0.2996379535081452,0.7720218413241335
3991,220,31,7750.0,0.22171234648493893,0.918980686705328
3743,220,28,7000.0,0.25435773698978814,0.898010646004278
2698,220,21,5250.0,0.2835694069020503,0.7511165757179604
3229,220,18,4500.0,0.25169809319629005,0.9650205808237982
2302,220,15,3750.0,0.2934563847893041,0.965762787739291
1780,220,16,4000.0,0.2873473532406246,0.7718971387796671
1300,220,20,5000.0,0.3058592237058498,0.6505559336528455
3111,220,27,6750.0,0.28628967042397696,0.7558123062411708
3685,220,12,3000.0,0.2966188646047481,0.7367621033258103
4258,220,16,4000.0,0.3190357029427271,0.5625831014779141
3754,220,20,5000.0,0.299366652732602,0.613737137438896
2787,220,16,4000.0,0.21511335859583752,0.9169911539170034
4322,220,21,5250.0,0.26823587233167245,0.7955085308663071
2452,220,11,2750.0,0.33491205524394413,0.5000620775663014
4124,220,17,4250.0,0.29699824524426016,0.9747497395929292
1290,220,33,8250.0,0.25926034556011307,0.7880809454591582
3554,220,22,5500.0,0.20859811055930869,0.9327604783401544
747,220,16,4000.0,0.25100719939081806,0.9162160861269404
1157,220,29,7250.0,0.22084673198781282,0.9220042504192509
626,220,17,4250.0,0.31020920425978343,0.6164613707165844
1251,220,33,8250.0,0.2648596447046579,0.7728246084864653
326,220,14,3500.0,0.23692502391203923,0.9297847119110025
4241,220,23,5750.0,0.23878955291695728,0.8891041353675632
2835,220,30,7500.0,0.23578479734637595,0.902614939984809
2897,220,20,5000.0,0.23395345074205487,0.8869036044791345
4186,220,34,8500.0,0.21755890543116405,0.9116867741682461
925,220,6,1500.0,0.3625983349969902,0.3901314201302366
1258,220,14,3500.0,0.3163757989743473,0.6887331251787372
1301,220,17,4250.0,0.2795374757590971,0.9546390177783265
4279,220,12,3000.0,0.27290025952390906,0.7451812998299971
2725,220,33,8250.0,0.2542671500528077,0.7923857451879652
1923,220,22,5500.0,0.2526328505595414,0.9074614626644641
645,220,10,2500.0,0.3384693228371077,0.9813946157859129
3162,220,39,9750.0,0.22246236354917698,0.8667759464767831
2067,220,14,3500.0,0.23695763394622651,0.9514313271157647
2659,220,24,6000.0,0.2156445602082597,0.9086161857850915
4361,220,10,2500.0,0.2878370817915947,0.7787164361662653
3872,220,24,6000.0,0.2293841429955515,0.9385599526929556
2451,220,11,2750.0,0.2946468212014513,0.9150870764663295
1740,220,10,2500.0,0.2488607963492953,0.8273759880232712
2995,220,14,3500.0,0.2960396965791957,0.6813311553534238
741,220,15,3750.0,0.2958962808318211,0.7269959134440925
2344,220,20,5000.0,0.254989919344357,0.9490071087067675
2794,220,15,3750.0,0.21033977865823483,0.9432044666403764
3434,220,18,4500.0,0.2470493158781411,0.940921624983842
4280,220,22,5500.0,0.3080204191585598,0.6205235495445464
761,220,26,6500.0,0.32432189359909486,0.601646436368368
115,220,19,4750.0,0.3392317591551424,0.5316541164122384
1793,220,22,5500.0,0.32751046745036266,0.5852123637872306
3791,220,1,250.0,0.40129261544223693,0.27308876760098466
1867,220,14,3500.0,0.23358660417040733,0.9688244895643577
2184,220,21,5250.0,0.3075643334107376,0.6318889706035646
2870,220,25,6250.0,0.23011862551910078,0.92970000377201
4459,220,18,4500.0,0.2252678681323725,0.8500068323328578
4977,220,27,6750.0,0.2350987115312105,0.9469430418255762
4608,220,30,7500.0,0.21092619387430137,0.9152505772140759
1283,220,18,4500.0,0.32549242873114675,0.6206809913906199
587,220,20,5000.0,0.24738804889010507,0.9600177124570802
1849,220,11,2750.0,0.3127838843883343,0.6024960467386239
4573,220,44,11000.0,0.23515958563347217,0.8395384075866817
4450,220,24,6000.0,0.23354905754635216,0.9128805068962352
3892,220,33,8250.0,0.29750448623127224,0.706344144470226
4913,220,15,3750.0,0.22455269599664562,0.8817598599068441
32,220,36,9000.0,0.26957588712554365,0.707478311162878
2874,220,23,5750.0,0.24610716524458423,0.9381014381116365
3397,220,15,3750.0,0.3185830671955133,0.9772959620358066
706,220,21,5250.0,0.2180392976941701,0.8749059289397251
1927,220,9,2250.0,0.3516507576457474,0.44322671885575615
2556,220,12,3000.0,0.26886605681757586,0.8719899040052628
3881,220,38,9500.0,0.2377602360306428,0.8420535622981734
663,220,22,5500.0,0.2339092306575156,0.8511188378697324
2191,220,25,6250.0,0.2611010289157746,0.7667416042680617
1448,220,27,6750.0,0.28811965085403773,0.6511472809785075
4191,220,14,3500.0,0.26147452090355794,0.8408228686862088
4678,220,25,6250.0,0.2553908588035418,0.7907273781091949
2732,220,35,8750.0,0.21894783411836968,0.891527702375709
2523,220,22,5500.0,0.3059986576647781,0.6467259063180237
257,220,32,8000.0,0.22578717224550635,0.9020819704193719
2772,220,13,3250.0,0.27084545302074065,0.9777473872104842
2373,220,25,6250.0,0.21997036523109068,0.9162221960917546
3497,220,36,9000.0,0.2680458038952763,0.7322743578512545
3314,220,13,3250.0,0.2568186012736843,0.9766374143341385
1928,220,10,2500.0,0.28046542496446464,0.8699272900107706
4644,220,14,3500.0,0.28605673618473204,0.9667528818174205
611,220,12,3000.0,0.2939758586749971,0.6935277211304469
4491,220,31,7750.0,0.26014658950240277,0.8049009663107862
1437,220,17,4250.0,0.23694702270800114,0.9494944457073612
1473,220,27,6750.0,0.21619910711824522,0.8822803668809354
4392,220,21,5250.0,0.22505081611918198,0.9423914619019724
1397,220,22,5500.0,0.2285283599969221,0.8956711039490193
3391,220,17,4250.0,0.2754450745878261,0.7777806640092711
3931,220,3,750.0,0.3757929985318182,0.3743789709737174
983,220,12,3000.0,0.3335734597384157,0.9802666768486388
1101,220,30,7500.0,0.2316114459376687,0.9333056170196384
177,220,43,10750.0,0.2573858352833668,0.7853689459316727
1360,220,16,4000.0,0.33903541704830054,0.515222674604138
636,220,13,3250.0,0.25494081353449183,0.907239550192031
986,220,22,5500.0,0.32395853723077395,0.5416784802392136
2669,220,14,3500.0,0.26193517653358867,0.9421211588384729
2319,220,45,11250.0,0.2332026206250134,0.8438424866249462
4465,220,15,3750.0,0.2787718935993964,0.9755678975660661
3773,220,27,6750.0,0.2144279540860167,0.9387775531986953
3989,220,26,6500.0,0.23715905702634196,0.9064394909198353
1466,220,10,2500.0,0.3572468713286988,0.4509372146035119
3448,220,20,5000.0,0.34552284245441117,0.5778577703818291
3675,220,25,6250.0,0.21285639479474358,0.9163179760491809
296,220,17,4250.0,0.27883338401193725,0.9701471178083443
916,220,38,9500.0,0.22769259615612403,0.8681159499781402
3418,220,10,2500.0,0.3435952864643046,0.9837631272981496
3677,220,14,3500.0,0.21960494651060666,0.882587087226074
1757,220,19,4750.0,0.2698682040859688,0.9622497148010868
2478,220,23,5750.0,0.24548147612993199,0.962009357871739
2382,220,6,1500.0,0.3439042645623995,0.4774962303671406
1709,220,26,6500.0,0.28257775717123196,0.6854487841436818
1728,220,25,6250.0,0.2200412543898191,0.9296158796284447
4058,220,23,5750.0,0.2417437452317437,0.9181968507131074
3046,220,32,8000.0,0.2473235079262164,0.7982324728054448
2973,220,18,4500.0,0.2256815424648563,0.9203107587694578
1011,220,15,3750.0,0.3049875896628559,0.6504018876100576
458,220,14,3500.0,0.2474165243928429,0.9627213192899857
3400,220,12,3000.0,0.3717018771220194,0.43893022604265297
702,220,16,4000.0,0.2583683375559733,0.9444685436931636
3177,220,0,0.0,0.43825350157484244,0.18826531083507514
1211,220,13,3250.0,0.3001606695581662,0.9788595323703533
1486,220,15,3750.0,0.27832954787002007,0.7027335335394811
373,220,21,5250.0,0.24989154519261897,0.8888391018867196
2393,220,25,6250.0,0.3190184553919609,0.5992784268352569
4343,220,18,4500.0,0.24261865298417318,0.7992787433474423
2010,220,17,4250.0,0.21445181184386367,0.9385812215591495
4412,220,31,7750.0,0.22070522353601812,0.8868003315066902
3146,220,21,5250.0,0.23326549039480185,0.9135358015442784
3403,220,28,7000.0,0.3178131036043498,0.5851294789453747
3017,220,29,7250.0,0.2547635633331521,0.7882447169404637
1074,220,11,2750.0,0.27578954484991663,0.9698491942876251
3899,220,13,3250.0,0.24289420886895988,0.9618428816031258
1230,220,35,8750.0,0.2599999492483224,0.7623256581514878
3384,220,12,3000.0,0.2911250316665193,0.9483269681800545
4761,220,17,4250.0,0.3288162705478665,0.597726667987545
1292,220,18,4500.0,0.21233384727456475,0.8939300082829204
1903,220,18,4500.0,0.24166209104066932,0.9429988347368515
4119,220,14,3500.0,0.24293174204664497,0.8010408297663862
4718,220,18,4500.0,0.21967181965620833,0.8762668163454541
2148,220,16,4000.0,0.3399812216209722,0.640140628507534
1488,220,25,6250.0,0.2495750617524295,0.9552322985673234
2815,220,15,3750.0,0.23977645403981399,0.952102472675069
4105,220,19,4750.0,0.2731359165618557,0.7214422307446955
805,220,13,3250.0,0.24839807684704515,0.9767500980955887
26,220,30,7500.0,0.25791145814235045,0.7527158018584188
2233,220,20,5000.0,0.23202024233613783,0.9367964350247535
2607,220,23,5750.0,0.2557033304180738,0.8522324774231893
225,220,41,10250.0,0.2238058131987418,0.8929346943016904
4486,220,16,4000.0,0.2646922834442423,0.9589139937248028
2570,220,18,4500.0,0.3258134366272877,0.5531787414510148
4567,220,6,1500.0,0.36565000525956215,0.38625873408586064
127,220,12,3000.0,0.29909304778188966,0.967813892487994
3048,220,13,3250.0,0.29111444419082094,0.9807419441936388
4177,220,14,3500.0,0.2709486422491492,0.9744434244427265
3439,220,32,8000.0,0.22393059793283338,0.888344677829779
3226,220,14,3500.0,0.2741046289304334,0.8280003411316927
2666,220,17,4250.0,0.29715738310288686,0.9760190556741479
2340,220,20,5000.0,0.30263103337200625,0.6468467021933855
762,220,19,4750.0,0.25901697285614045,0.9569477986421454
2700,220,17,4250.0,0.2681847717287882,0.9696711375497272
2050,220,37,9250.0,0.21778921643375457,0.8961082452879194
4963,220,20,5000.0,0.29354872878286703,0.6926571527736972
3473,220,21,5250.0,0.30493051746621347,0.6334140915451061
4168,220,17,4250.0,0.24915062742170835,0.9458883652191639
2011,220,28,7000.0,0.2151233512868768,0.8987812153906969
2632,220,12,3000.0,0.28367052279396815,0.7061377382626309
2316,220,36,9000.0,0.2423527237636727,0.8074119730141847
3381,220,33,8250.0,0.22009435397768154,0.9017587734527424
354,220,28,7000.0,0.2965668824296454,0.6383460272126731
2795,220,30,7500.0,0.22772099284270222,0.9169432716321562
4954,220,14,3500.0,0.28659101637327133,0.9776029024984826
1484,220,21,5250.0,0.3163122031724474,0.6610974879064758
140,220,16,4000.0,0.3198422052409956,0.568847530997608
869,220,23,5750.0,0.28663813134873894,0.6675180964767926
4520,220,24,6000.0,0.34322327768672267,0.591133535379998
1188,220,5,1250.0,0.3862334592267064,0.34540643144482264
1606,220,30,7500.0,0.21330916643464998,0.9147760490057926
3374,220,11,2750.0,0.36422813648869734,0.3956301042873397
1276,220,29,7250.0,0.2723289571181399,0.7374601009751007
4660,220,24,6000.0,0.2514822100966117,0.8033524742929655
2259,220,28,7000.0,0.2736945430786429,0.7405013152917846
3200,220,33,8250.0,0.23174620194334444,0.9244472911250647
1310,220,15,3750.0,0.2720107986515684,0.9700493331274643
2721,220,16,4000.0,0.22104232196404383,0.9551967726856883
690,220,12,3000.0,0.2177864343836726,0.9485493469909437
3960,220,29,7250.0,0.22339775219124666,0.8692793652173624
4712,220,26,6500.0,0.2265706250443179,0.9160840901811712
820,220,14,3500.0,0.34559609305597117,0.5077758708174502
534,220,18,4500.0,0.23804089556008948,0.9438265982053643
746,220,25,6250.0,0.20978521654986207,0.9049522866272783
4920,220,26,6500.0,0.23725344118871664,0.8804917962939666
2265,220,26,6500.0,0.22917152934113735,0.905633447879644
111,220,11,2750.0,0.3309233297827715,0.5047759844560732
1052,220,31,7750.0,0.2925693813986264,0.7019771396575818
553,220,13,3250.0,0.2374065273817625,0.9626370208261544
454,220,15,3750.0,0.2990655633079618,0.808617364886387
2480,220,35,8750.0,0.2775019994154049,0.7184651574711876
110,220,25,6250.0,0.3012168124519988,0.656953406421403
1232,220,21,5250.0,0.2241313282746284,0.9471409838994316
2102,220,24,6000.0,0.23318350389378123,0.9404215109527442
565,220,19,4750.0,0.22318153419534814,0.9144962743840653
2123,220,12,3000.0,0.31484129011106765,0.6079796818680965
3465,220,7,1750.0,0.373886288516795,0.4080810044873844
1823,220,12,3000.0,0.32491501433361186,0.9730341098541543
29,220,11,2750.0,0.30779628542522847,0.9733521811918395
4253,220,16,4000.0,0.25164756052816073,0.8571136123951351
4316,220,31,7750.0,0.28044123985304475,0.6984145405478086
1565,220,41,10250.0,0.24000701007149566,0.7961644452560687
3078,220,26,6500.0,0.22094523503081992,0.9284039586608197
750,220,19,4750.0,0.32144428973875977,0.5591414626419521
3426,220,14,3500.0,0.2510743579350496,0.9541237093252203
3670,220,16,4000.0,0.25890872814793764,0.8577718341143733
489,220,33,8250.0,0.29306958930730487,0.7009613438908433
1894,220,38,9500.0,0.22183840438917266,0.8735715713949534
1080,220,30,7500.0,0.29195211136685806,0.6843282425058854
2076,220,26,6500.0,0.30123287992025405,0.6296371212326703
3354,220,9,2250.0,0.35383748147355026,0.9812395921777382
2526,220,25,6250.0,0.22624881382115916,0.9419680345415612
3498,220,22,5500.0,0.3324859096621496,0.5670750735351389
3460,220,33,8250.0,0.2685317024750896,0.7274077714883512
1893,220,17,4250.0,0.21352767290767033,0.9273118774428941
2810,220,43,10750.0,0.2338711070307117,0.8414443158517528
529,220,17,4250.0,0.21727164874003024,0.9305014569200597
2952,220,15,3750.0,0.21657413486189742,0.8924398140232885
4434,220,15,3750.0,0.2552775721746616,0.951471912365042
1376,220,13,3250.0,0.28049628150976424,0.9746960792201339
300,220,24,6000.0,0.30129568356743586,0.64838963483387
419,220,7,1750.0,0.37354018468174716,0.4083788339022878
4433,220,31,7750.0,0.257444072422544,0.752966554467325
3219,220,32,8000.0,0.2913164036742924,0.6889384000743666
2503,220,25,6250.0,0.2973986017782291,0.6331700736291478
442,220,10,2500.0,0.34432780226557036,0.4369619453304624
4078,220,35,8750.0,0.26125064125382,0.7470791404540751
2249,220,30,7500.0,0.2646312663037315,0.7467411440555141
2551,220,16,4000.0,0.2592347940495128,0.9539054141849683
4407,220,12,3000.0,0.3005801147353499,0.9808761829248309
212,220,14,3500.0,0.24886534853026118,0.9616316409697041
4218,220,11,2750.0,0.3468616795658317,0.4659766465570109
2764,220,13,3250.0,0.29261892300893455,0.9675176402534174
1787,220,26,6500.0,0.2675576563517771,0.8002933688356196
732,220,19,4750.0,0.24176618264358488,0.9601983004454182
436,220,17,4250.0,0.3097623335854702,0.6132199583755622
3070,220,27,6750.0,0.2151437695894391,0.8907211229928965
3275,220,15,3750.0,0.2807965999208674,0.9610434956240544
4390,220,15,3750.0,0.2860940208147237,0.966867985774374
3341,220,31,7750.0,0.2714297914244117,0.7361950669235207
4495,220,36,9000.0,0.22053233346538448,0.8869311109401223
2082,220,26,6500.0,0.2355317763660575,0.938175832537819
589,220,11,2750.0,0.27284587203281246,0.9614390007025094
1886,220,30,7500.0,0.2422351954516586,0.878853106193395
1986,220,18,4500.0,0.29985533270387704,0.6789417319624604
3718,220,24,6000.0,0.21132969738875973,0.9013910113839944
634,220,20,5000.0,0.3022519081437592,0.665157109925155
2826,220,33,8250.0,0.2938826234245018,0.6860586736960583
2372,220,22,5500.0,0.24037729875207262,0.842062254052524
4500,220,31,7750.0,0.2654520181599611,0.735763785829118
2251,220,18,4500.0,0.29423014600507924,0.9700856920329524
4362,220,18,4500.0,0.2943793315750949,0.681629383621575
4767,220,18,4500.0,0.3297947851848315,0.5376962127039278
2913,220,25,6250.0,0.21705111797495544,0.937448965635424
1067,220,20,5000.0,0.2726499502839708,0.7588869028819926
3074,220,15,3750.0,0.30064953009456363,0.9773827660659951
450,220,20,5000.0,0.2966916927155886,0.6441405444090866
757,220,10,2500.0,0.3686404228205152,0.4350015975488444
3110,220,37,9250.0,0.2291938893696794,0.8853236036816644
4385,220,27,6750.0,0.24341037416136213,0.9002649163870331
1219,220,14,3500.0,0.2623277273810569,0.9162009141728322
2948,220,24,6000.0,0.2586473244114267,0.7549911798415058
1168,220,23,5750.0,0.22172739336036276,0.9400879222214875
3661,220,20,5000.0,0.24693977080019608,0.8215374987168955
1499,220,26,6500.0,0.24043773612905384,0.8412265170535287
4702,220,27,6750.0,0.22103851822498286,0.8721100678313738
4025,220,15,3750.0,0.28677571261987655,0.9779356350328146
1700,220,33,8250.0,0.2392995329284547,0.8228436202402724
377,220,18,4500.0,0.2362012992982231,0.9415136158500639
3075,220,24,6000.0,0.21536946475676683,0.9376220398399261
3584,220,13,3250.0,0.2809067820387164,0.9778267390820543
4864,220,13,3250.0,0.30919723400322763,0.7986709011646156
974,220,16,4000.0,0.28258706060668665,0.7784016544368924
608,220,22,5500.0,0.2130992876060567,0.9443239108823983
823,220,30,7500.0,0.2463572315735076,0.7846488717069757
1257,220,17,4250.0,0.2441881519912154,0.9638606569216694
1525,220,30,7500.0,0.3000769891590093,0.6291897988306601
3713,220,45,11250.0,0.25783770600002864,0.780909578874848
4094,220,9,2250.0,0.3643942184241085,0.42525824311752625
1365,220,25,6250.0,0.24225794462401706,0.8971486656943247
2308,220,14,3500.0,0.2573770457306797,0.9706514069116468
1845,220,20,5000.0,0.30824155597704245,0.6360491377142632
3413,220,15,3750.0,0.2757984003123295,0.9659140604247611
1885,220,17,4250.0,0.24537786256130745,0.9673944384377586
849,220,19,4750.0,0.2328974974595937,0.9093403012606137
3512,220,15,3750.0,0.25530317225318433,0.9686122126043308
4309,220,18,4500.0,0.25311055433691293,0.9393196893489152
1123,220,12,3000.0,0.2939839911991701,0.9562140419182462
2937,220,26,6500.0,0.23912353004748976,0.7998912432201584
1091,220,15,3750.0,0.26320611896836693,0.9518990527032303
4572,220,11,2750.0,0.31228538312806914,0.8260026659459662
2312,220,33,8250.0,0.240910767731378,0.8412769332933875
143,220,9,2250.0,0.33663253204504384,0.49373742860602965
2042,220,3,750.0,0.3881398229315892,0.31084749955133084
660,220,20,5000.0,0.2744575794875709,0.7064675576497195
863,220,37,9250.0,0.277519042593659,0.69148016278935
3209,220,14,3500.0,0.35007788626073943,0.45199210896073594
395,220,18,4500.0,0.2252428403737737,0.9115815068338257
2068,220,27,6750.0,0.2694704824220273,0.7371584982007884
4100,220,3,750.0,0.3922636977864964,0.31610750030744506
2880,220,12,3000.0,0.2883144176081527,0.8995990704771034
4870,220,33,8250.0,0.22723996290921333,0.8827819968377213
2442,220,17,4250.0,0.24934124455099488,0.8303435796111747
1670,220,17,4250.0,0.2741920577797903,0.971804527146265
3857,220,14,3500.0,0.3183813451579974,0.718241784341549
2695,220,15,3750.0,0.23967287483882857,0.9605346438696895
695,220,13,3250.0,0.24951600149066583,0.9658975637317683
1932,220,4,1000.0,0.3873583946125746,0.35130945668429336
4217,220,10,2500.0,0.28999296666060254,0.8938490709870625
4549,220,17,4250.0,0.23190733206704717,0.9426650949397269
4096,220,35,8750.0,0.22243323945659574,0.8742809467653931
1938,220,16,4000.0,0.23041974410424096,0.9362289923667726
4979,220,15,3750.0,0.24615645711677311,0.9606055169264398
2476,220,41,10250.0,0.2319735306719806,0.8763002606122898
658,220,30,7500.0,0.23466298617585993,0.900034727609504
2938,220,14,3500.0,0.2751613897323241,0.932190445171093
3239,220,13,3250.0,0.3114260007290257,0.7411499062969263
2018,220,32,8000.0,0.2141364118786183,0.9169149791807585
1887,220,14,3500.0,0.2605059933558836,0.9722926460515455
667,220,18,4500.0,0.25400625135284016,0.9619774769400739
1043,220,13,3250.0,0.30481253005052084,0.6438873441921675
3269,220,33,8250.0,0.21937870062253798,0.9140335272096919
3007,220,25,6250.0,0.23654726311158938,0.9160286463568529
3794,220,21,5250.0,0.27571360358496977,0.7937262356044241
2871,220,29,7250.0,0.22955166581255426,0.8706003846588563
401,220,31,7750.0,0.2306812350780014,0.9358467806311712
2177,220,13,3250.0,0.2125020375710853,0.8990063154280169
1907,220,9,2250.0,0.33627000447088856,0.5058522089736013
475,220,21,5250.0,0.241630753278106,0.9166668983097147
414,220,14,3500.0,0.2656489615201444,0.7514034618430787
511,220,13,3250.0,0.2164491855948835,0.9396850566623984
4845,220,38,9500.0,0.2403414755489928,0.7869061448987942
4916,220,16,4000.0,0.27674389896257506,0.9709691533020324
3157,220,41,10250.0,0.23690648569588826,0.8197425010749368
758,220,3,750.0,0.39298725460506817,0.32419934465738054
3988,220,13,3250.0,0.2369038614431261,0.9568550621537262
3178,220,12,3000.0,0.284615937912921,0.7089541153961729
1879,220,22,5500.0,0.23430384733552825,0.9012063009965843
3263,400,9,2250.0,0.31856609624242177,0.7741882153252798
3302,400,10,2500.0,0.3324065920494687,0.5097946441528407
2083,400,1,250.0,0.3971017773536422,0.292274184679172
2865,400,4,1000.0,0.374151679779504,0.42360076960172655
1758,400,8,2000.0,0.3317183461719689,0.6262563767343376
1213,400,19,4750.0,0.2937337073872288,0.8073545552000612
4065,400,15,3750.0,0.27072752920247617,0.9200118284371983
554,400,8,2000.0,0.3263410509336816,0.55457159226697
1013,400,19,4750.0,0.2727949391088946,0.9512716544048349
1784,400,10,2500.0,0.325392449515589,0.840113760933362
3009,400,32,8000.0,0.27689820520102804,0.829309037459963
4180,400,6,1500.0,0.32383505229564213,0.6043153926749014
651,400,6,1500.0,0.3358154598554324,0.5791518226118664
1375,400,21,5250.0,0.2989435091345062,0.8128754524156284
3278,400,13,3250.0,0.3449992334820036,0.9597745068450187
2658,400,27,6750.0,0.26806371573994237,0.8138829793676748
3945,400,13,3250.0,0.3253983353137409,0.9701572952291442
196,400,9,2250.0,0.37607374281462774,0.9557443588433876
1338,400,17,4250.0,0.30450723717068906,0.9472943846796313
96,400,11,2750.0,0.35244726935105003,0.47148730711183984
277,400,19,4750.0,0.2836917399487394,0.7766103648856535
3776,400,23,5750.0,0.26692356009860685,0.9049764070501685
3463,400,13,3250.0,0.2974526409777599,0.9609159021970604
4041,400,13,3250.0,0.334443792251979,0.5955211979937839
4250,400,32,8000.0,0.26386141245385664,0.8836342714539432
2633,400,18,4500.0,0.2754359835430228,0.9429763432210555
2198,400,5,1250.0,0.3443268633675256,0.4606908204720316
1696,400,25,6250.0,0.2995092843494969,0.7365337290807431
643,400,32,8000.0,0.28632191751861086,0.8325125278245582
3817,400,34,8500.0,0.3083059895634362,0.7126295588136005
4404,400,15,3750.0,0.2647814313565473,0.887694396797559
2674,400,25,6250.0,0.30087169167682,0.7560636881123506
4419,400,16,4000.0,0.2654978124720488,0.9080623559041645
94,400,17,4250.0,0.27158438536183693,0.8517457869889089
506,400,2,500.0,0.3751590226206437,0.36804683422052986
4281,400,19,4750.0,0.2858257179114145,0.9028761036469614
1815,400,17,4250.0,0.27574010830642304,0.8255609182365442
2909,400,27,6750.0,0.2701657016102373,0.9052670813262778
1117,400,2,500.0,0.39639920170160814,0.2970689468812895
3261,400,29,7250.0,0.27992329531930343,0.8065219126640353
4406,400,16,4000.0,0.3177302756857115,0.631476295096876
3204,400,11,2750.0,0.3245757869837634,0.9427911536237039
278,400,13,3250.0,0.31352793981467003,0.9449084030381167
4315,400,10,2500.0,0.358008370950149,0.4434160734276109
1343,400,14,3500.0,0.3120495737368178,0.9418338912942625
3208,400,27,6750.0,0.3018165795867507,0.7734148590750758
4388,400,3,750.0,0.3918488757719055,0.3427057173437966
4477,400,7,1750.0,0.31790436008158396,0.6755137230563046
2563,400,11,2750.0,0.32910334769320165,0.55309233493125
1959,400,13,3250.0,0.27342892767139076,0.9153686380713811
2061,400,16,4000.0,0.29161487436177463,0.8245292997750799
161,400,12,3000.0,0.327126866362264,0.9596160536423417
2318,400,14,3500.0,0.3212343450495126,0.6381935053664439
4153,400,16,4000.0,0.27118181989897255,0.9032790789562967
1911,400,7,1750.0,0.32438074857189786,0.6068924987263111
2019,400,11,2750.0,0.3953617044865546,0.973881583165902
1517,400,16,4000.0,0.27058152558427373,0.9414869947419139
3763,400,17,4250.0,0.2685291049328107,0.9247042625148724
583,400,22,5500.0,0.2797587319498215,0.8624406130592245
179,400,25,6250.0,0.28349990769720984,0.855039908100758
97,400,32,8000.0,0.2716093244568419,0.8757197098169707
1808,400,11,2750.0,0.31407863586782164,0.7467550765244135
2992,400,35,8750.0,0.3086659500344625,0.7439964369279723
58,400,12,3000.0,0.3481021977472959,0.9387921107488343
3179,400,29,7250.0,0.27918107434663525,0.7986722193923713
4330,400,4,1000.0,0.3331733975570138,0.5543465327197534
884,400,32,8000.0,0.31949516792997745,0.6404977641603329
198,400,12,3000.0,0.33723730617942094,0.9700031533960131
2469,400,5,1250.0,0.34897949512765464,0.5076906292872954
1538,400,9,2250.0,0.3240635290196015,0.6211017697917657
2119,400,11,2750.0,0.31952754967598934,0.6004190137528024
3055,400,26,6500.0,0.3179166112802741,0.7763981619942384
4807,400,13,3250.0,0.26767038949015,0.9485297588247651
3601,400,11,2750.0,0.2741470906037649,0.9132370060677656
3597,400,17,4250.0,0.3122858289089366,0.6574803904216439
1423,400,13,3250.0,0.26579390585196877,0.8824853850101273
4889,400,5,1250.0,0.366625971070165,0.40054309052141346
2921,400,18,4500.0,0.2753263152126965,0.9340873913562067
3837,400,12,3000.0,0.37356596887857146,0.9725088677691963
3560,400,25,6250.0,0.2913967923749127,0.7612240579235259
4958,400,20,5000.0,0.2658432425781113,0.8321909266509894
3409,400,8,2000.0,0.35260772926544665,0.4144084051846487
941,400,10,2500.0,0.3072404384309457,0.7808691418916661
2849,400,13,3250.0,0.28902337111233833,0.8574298909644839
274,400,29,7250.0,0.30657682766350464,0.7549157056216105
2892,400,17,4250.0,0.2929768809818681,0.86074191510917
548,400,14,3500.0,0.30437660416959694,0.9578978850141123
3301,400,14,3500.0,0.34012854192095404,0.9579981625161202
538,400,1,250.0,0.40392471987969963,0.2666662943964807
4438,400,20,5000.0,0.2778721834911557,0.9080934092742688
2861,400,15,3750.0,0.29489916082669326,0.8049121014279934
3035,400,10,2500.0,0.37684248194294484,0.9779857677596985
375,400,13,3250.0,0.3003128621230764,0.8230228347958705
2783,400,24,6000.0,0.2679567861328699,0.9055623412129095
4826,400,22,5500.0,0.29924438009069076,0.768886089361442
995,400,16,4000.0,0.2787966293686535,0.8370002334292972
3044,400,7,1750.0,0.32174689339496265,0.7452581363268594
1746,400,8,2000.0,0.3520404875499427,0.42156996108604294
1710,400,26,6500.0,0.25983675930152283,0.8587760927666563
251,400,5,1250.0,0.35960662192850684,0.5133075572052115
3169,400,5,1250.0,0.36782415931265167,0.3691836342274125
1346,400,26,6500.0,0.2753309674625272,0.8908757577211626
2630,400,19,4750.0,0.31474815768262127,0.6540740268768278
1854,400,15,3750.0,0.3107162488416685,0.9509368635984847
3803,400,8,2000.0,0.33787508627402313,0.5664508799843564
2311,400,14,3500.0,0.316277524659012,0.6825824634750168
2358,400,13,3250.0,0.3266960704924851,0.9691132750950666
1163,400,7,1750.0,0.3256132845848921,0.5937278569847789
1336,400,21,5250.0,0.27162729918782497,0.8401316292612665
1683,400,9,2250.0,0.3206056718760913,0.8490591833927874
1703,400,26,6500.0,0.2658861626898145,0.8663795102217545
785,400,2,500.0,0.37284035979836516,0.36144307254853414
1410,400,13,3250.0,0.3254034494870903,0.9566075743993963
1791,400,17,4250.0,0.26795152759264534,0.9268208055076418
531,400,21,5250.0,0.2623573853965384,0.8584740472494442
1634,400,13,3250.0,0.3629773451369351,0.9601982454047566
4311,400,14,3500.0,0.2616813377118815,0.9198031041918191
2336,400,1,250.0,0.3923294448329234,0.304143028714137
837,400,12,3000.0,0.2951342804112298,0.9290420685605223
4182,400,29,7250.0,0.26496380987032797,0.9050005725810514
241,400,9,2250.0,0.3290018504323332,0.5463835444907094
3139,400,5,1250.0,0.36008394117154047,0.47264224811024547
1852,400,33,8250.0,0.26978201000124785,0.824893602144366
3386,400,17,4250.0,0.2653238027412362,0.9258459414796197
235,400,7,1750.0,0.338817947338585,0.5610718789507391
163,400,14,3500.0,0.3123110517145508,0.6439969390566989
3399,400,2,500.0,0.3720838996826086,0.3723422602644727
1719,400,11,2750.0,0.3158354011144183,0.9639420900446424
1278,400,8,2000.0,0.3184273661044743,0.7490459480974583
1234,400,10,2500.0,0.31189938694585356,0.718900650041856
1822,400,28,7000.0,0.26950198101061995,0.8536240327093121
1041,400,18,4500.0,0.27631373546605625,0.9374554669951717
175,400,13,3250.0,0.27466983908848913,0.8333964026361754
1906,400,13,3250.0,0.312749400800425,0.8523037824338884
1112,400,22,5500.0,0.3195931308010469,0.6131751313259568
2846,400,19,4750.0,0.2707742592079122,0.8644691093883573
3203,400,11,2750.0,0.3057709607009545,0.7127930113883328
3730,400,26,6500.0,0.2933974218896723,0.7964120869584342
2947,400,5,1250.0,0.3283982385247916,0.6141328262699474
3841,400,28,7000.0,0.2829507202031058,0.8345620364178603
30,400,13,3250.0,0.3169196278759142,0.9045555645453739
619,400,17,4250.0,0.3339729487284009,0.9555163291147366
1404,400,19,4750.0,0.2804591820968878,0.8664747192647215
673,400,12,3000.0,0.3054954387354336,0.7417064222427739
1000,400,11,2750.0,0.31466994310488555,0.6800574161977724
779,400,11,2750.0,0.3432212875047348,0.9583109491555916
4782,400,34,8500.0,0.27233818910364294,0.856296022970962
2199,400,22,5500.0,0.27097455226189543,0.8052557209619781
2402,400,19,4750.0,0.2719749299339814,0.9306576808189272
768,400,13,3250.0,0.3285541124105301,0.6247394903285544
3907,400,12,3000.0,0.31720732533710694,0.7783594957322036
958,400,31,7750.0,0.2776488156842641,0.8721132559510512
2448,400,18,4500.0,0.2900264168425334,0.8190725797820553
3251,400,26,6500.0,0.2738935883317536,0.84674410097572
584,400,6,1500.0,0.34033499768959924,0.5036585042990709
1366,400,17,4250.0,0.2733651289152003,0.9081836478507184
3755,400,2,500.0,0.3737767175613388,0.357725890536003
4815,400,16,4000.0,0.28850705080277006,0.937170293350587
154,400,16,4000.0,0.2881902068679776,0.9565840750270188
3577,400,13,3250.0,0.2686338816472547,0.8875604914184789
4772,400,3,750.0,0.366694897537748,0.38303846768053984
3131,400,35,8750.0,0.29664163822736606,0.7226223291200089
21,400,5,1250.0,0.33952287980626267,0.504367024958268
358,400,28,7000.0,0.321984942109002,0.6921507596948466
2838,400,22,5500.0,0.2681347455661399,0.8852128964391941
4461,400,17,4250.0,0.30929950573106746,0.795925329265398
2488,400,20,5000.0,0.3161984522260144,0.658122727370707
1118,400,10,2500.0,0.31646490130266575,0.7297097863910691
3294,400,34,8500.0,0.2743827943398138,0.8493567254167776
4946,400,27,6750.0,0.2596574299284056,0.8983123696120392
4758,400,33,8250.0,0.27229488436289845,0.8456565948094625
2473,400,5,1250.0,0.3669556300089145,0.39456522073217437
943,400,10,2500.0,0.34687957080632387,0.49339513903872667
4539,400,12,3000.0,0.3129937913711701,0.9588068712137469
566,400,22,5500.0,0.2811969063725528,0.7836041098347137
3047,400,29,7250.0,0.2599811334123813,0.8843394044918494
885,400,12,3000.0,0.32418990454083413,0.9529903677515585
4171,400,8,2000.0,0.35064088527860726,0.525573059044763
2493,400,13,3250.0,0.3321973446544516,0.5397400586027323
3366,400,10,2500.0,0.3355000104185302,0.9715275711915741
2174,400,21,5250.0,0.25917923269773396,0.8837271799788322
4540,400,14,3500.0,0.27700430593659525,0.9202055612406911
1263,400,30,7500.0,0.2844036657214635,0.7696475822152267
1433,400,12,3000.0,0.3382509840822349,0.5294341159392324
4700,400,15,3750.0,0.32399461299648546,0.9655013661229473
4370,400,3,750.0,0.357900302152109,0.42559882235500235
2154,400,26,6500.0,0.29187108722183114,0.7702874288357995
4337,400,29,7250.0,0.2532438146128771,0.8942252921944136
1942,400,15,3750.0,0.32078096751475155,0.5903795987847198
1513,400,14,3500.0,0.2895796147652805,0.9159181368471779
3412,400,26,6500.0,0.2802723577570753,0.8473902686622622
514,400,19,4750.0,0.2886369350997698,0.8142839965435494
467,400,18,4500.0,0.2768539757375441,0.9123037018143787
1663,400,32,8000.0,0.28697327464526673,0.820849366130297
807,400,11,2750.0,0.3127338691994475,0.7535474529842296
4537,400,11,2750.0,0.31594220400525164,0.9710861142479755
3342,400,31,7750.0,0.2801980579736785,0.8093208492378632
70,400,10,2500.0,0.3415199601617902,0.5153927835938031
1586,400,27,6750.0,0.27483650761659334,0.8742374881339517
4317,400,10,2500.0,0.3511676922607643,0.9390805974892189
4354,400,19,4750.0,0.2542356104530055,0.927040704845299
981,400,21,5250.0,0.2828735974466241,0.9176589197913758
207,400,17,4250.0,0.2640076732966973,0.8729369463862543
3617,400,17,4250.0,0.311250614394306,0.8135644719568857
3064,400,3,750.0,0.37731846695812254,0.36972796239288763
3687,400,7,1750.0,0.3451921911395267,0.5567650504548798
3982,400,5,1250.0,0.3463727585488221,0.4343803299972403
3401,400,27,6750.0,0.28384075977522705,0.9129945523905902
2206,400,15,3750.0,0.27654784859896675,0.9559469921744598
4674,400,16,4000.0,0.30328704315343624,0.9037312019446792
1442,400,28,7000.0,0.2958089914062015,0.7419111254948658
1149,400,26,6500.0,0.27707181529852487,0.841683941639746
1491,400,13,3250.0,0.3237036518715524,0.6524991731882999
4170,400,12,3000.0,0.3130961752035004,0.7282594944297311
4402,400,12,3000.0,0.2722735945443384,0.8756319362907569
474,400,6,1500.0,0.32800811079492026,0.6332540601114027
3388,400,30,7500.0,0.28184733281617486,0.8197403879704309
2884,400,15,3750.0,0.26297791929613934,0.9287996886156544
4914,400,24,6000.0,0.25328695270241214,0.9157717790123835
2111,400,21,5250.0,0.27456865040941714,0.9331057257068689
250,400,12,3000.0,0.2554918047008624,0.9415053674093098
310,400,12,3000.0,0.3122568800401479,0.8802532430639317
3464,400,6,1500.0,0.3747458084996388,0.414242701285251
2797,400,12,3000.0,0.3157293615647492,0.9552327297661417
3451,400,25,6250.0,0.2898270714113586,0.8424366616758889
3015,400,4,1000.0,0.3660104693066132,0.3738933921607438
2288,400,34,8500.0,0.2723680043662897,0.8264332833681451
656,400,21,5250.0,0.2761792980907351,0.8292455513498869
446,400,6,1500.0,0.3346675876212676,0.664358271127696
4610,400,15,3750.0,0.3330411018042825,0.6079037337245184
4237,400,15,3750.0,0.2741939957943612,0.9531821843713668
4601,400,5,1250.0,0.3585189067543724,0.44143723229639786
4827,400,27,6750.0,0.2775574583145248,0.895885304941172
4708,400,16,4000.0,0.2663253396468005,0.8221583303501115
3808,400,19,4750.0,0.29471182267334367,0.8151572229406792
2325,400,5,1250.0,0.36572032708293717,0.3881213170934791
2988,400,19,4750.0,0.3280155177179166,0.6028727310748445
2460,400,15,3750.0,0.28859230034328004,0.9370788928559566
3217,400,2,500.0,0.3904234167457208,0.33210850075935905
787,400,6,1500.0,0.3672199819495451,0.4422762081726662
2645,400,15,3750.0,0.29859876296423205,0.9533417154876307
1438,400,14,3500.0,0.3155309284530528,0.9617629359860175
2062,400,29,7250.0,0.2560431587776247,0.8914190690397791
2572,400,20,5000.0,0.2989334937512521,0.7745013226002498
1153,400,13,3250.0,0.2767288608606813,0.8826267838020352
1804,400,4,1000.0,0.35630670473505466,0.48411416264015994
2619,400,34,8500.0,0.30499099011112785,0.7418799475835043
2236,400,31,7750.0,0.3129559436067755,0.7276775762968448
4290,400,12,3000.0,0.36045298893832384,0.9524428610842346
944,400,24,6000.0,0.2712904776909168,0.8822428989567273
4817,400,11,2750.0,0.3273672708661184,0.5697086450142761
1395,400,15,3750.0,0.263194138040784,0.9153585652643913
1180,400,9,2250.0,0.3412874299749713,0.4964140197146477
1890,400,23,5750.0,0.2502702698646377,0.9114018036983744
2024,400,14,3500.0,0.29261578186398335,0.8150300229993008
3769,400,22,5500.0,0.27825873620538205,0.9267171840489521
4397,400,12,3000.0,0.32224483372642543,0.9690731053679817
575,400,33,8250.0,0.26714488582538054,0.8548105935453132
4596,400,25,6250.0,0.2722481602507997,0.9171745379196776
2285,400,5,1250.0,0.36293528026870203,0.40428298258501794
1223,400,29,7250.0,0.271842149165135,0.8775402537712662
3390,400,35,8750.0,0.2668121179164459,0.8776047971697789
1620,400,25,6250.0,0.31457845094823605,0.7129565732636394
1994,400,17,4250.0,0.3149997356655341,0.6542207816239558
4145,400,11,2750.0,0.3131278855097669,0.6207757675615879
4449,400,31,7750.0,0.3046049202992583,0.7043008902670443
3625,400,8,2000.0,0.32722016965196266,0.7665316663765254
1595,400,14,3500.0,0.3102078875694236,0.9137688574842582
2757,400,11,2750.0,0.3296898086128023,0.5598853254980425
4341,400,13,3250.0,0.3405673828781563,0.9621485417294992
2688,400,18,4500.0,0.2669013418451156,0.8944380486994636
1996,400,27,6750.0,0.27444251054019403,0.9096488580532378
3976,400,14,3500.0,0.27701136079401845,0.8612128516570239
2275,400,11,2750.0,0.2870463463632836,0.9556681241249866
4417,400,21,5250.0,0.3001569791198668,0.8630027174440497
4091,400,11,2750.0,0.31103705021360206,0.7548743751610224
2386,400,16,4000.0,0.32331504827524554,0.9480516940929169
748,400,18,4500.0,0.2782213039266816,0.8994837074792169
4690,400,3,750.0,0.3778820078797014,0.362854337556766
3145,400,6,1500.0,0.3219957787528212,0.6524111602935974
3538,400,15,3750.0,0.2918515949955967,0.7712657996452965
153,400,29,7250.0,0.31404032703572593,0.6609879623210996
2731,400,21,5250.0,0.25970492880262963,0.8951636999903201
2254,400,18,4500.0,0.29124642936951084,0.7660273342765839
4814,400,19,4750.0,0.28254733396745413,0.945160949719991
2074,400,15,3750.0,0.30958166709790963,0.9630417846930532
2663,400,18,4500.0,0.2785101234498362,0.9429552225850829
2171,400,21,5250.0,0.3105155358468426,0.7106120013112527
1516,400,10,2500.0,0.2969774649390801,0.8246616197896578
572,400,16,4000.0,0.3017293814844736,0.9558338053005939
3025,400,13,3250.0,0.30728049571290333,0.9576743284802317
1870,400,19,4750.0,0.2840677325618437,0.8517185153305205
1480,400,5,1250.0,0.31524605292330826,0.6476430129723679
1564,400,10,2500.0,0.31494950969029245,0.69423550546008
1403,400,5,1250.0,0.3614976739345143,0.4675427486017111
647,400,13,3250.0,0.3632899686871464,0.9551940513323037
2618,400,14,3500.0,0.3114621342546353,0.8708828818700592
2941,400,23,5750.0,0.27074392794920044,0.9223588975574333
1892,400,29,7250.0,0.30447188220905347,0.761883455734033
1776,400,7,1750.0,0.34823100506468574,0.5153847885623231
2031,400,18,4500.0,0.279230217938158,0.8310770717435187
4116,400,31,7750.0,0.28750431381706837,0.8156021446263725
3927,400,16,4000.0,0.3117203776455683,0.9421795498360026
1145,400,29,7250.0,0.27623760557541077,0.8773716973695672
413,400,18,4500.0,0.27620397820687304,0.8678917138902237
208,400,19,4750.0,0.2942647298384765,0.7414327859894702
4869,400,12,3000.0,0.3664868398237238,0.9668826992634594
4202,400,16,4000.0,0.2589430382111231,0.9220968049196167
2994,400,12,3000.0,0.3026426216346586,0.9525741503746213
2087,400,6,1500.0,0.3308627125694477,0.7241424584129827
1786,400,12,3000.0,0.28641467251302616,0.9462499231222694
409,400,14,3500.0,0.26017941344665674,0.9424244857271561
3127,400,26,6500.0,0.3143442483120955,0.6754408406709499
1951,400,16,4000.0,0.31400097326791704,0.9570781110952661
3472,400,27,6750.0,0.2541720953276743,0.8913474987182266
462,400,10,2500.0,0.2721507982338724,0.9237483836381374
3973,400,11,2750.0,0.28082601726265755,0.8154666705530245
847,400,39,9750.0,0.27565791230271064,0.8220176625940794
36,400,9,2250.0,0.3263313159487103,0.6424783527182096
61,400,10,2500.0,0.31531045120997847,0.7578966778300629
2194,400,17,4250.0,0.2938348146975509,0.850158255452852
3481,400,10,2500.0,0.3291914746420236,0.9560978945319678
1294,400,3,750.0,0.38699056496992845,0.3549226886924176
2744,400,13,3250.0,0.3175354765413583,0.9503508420642073
3320,400,5,1250.0,0.3440454227669891,0.4953103533390252
4899,400,11,2750.0,0.2712152507383396,0.8910044213179318
3343,400,19,4750.0,0.2602351767352015,0.9232590734245253
423,400,14,3500.0,0.3339579933750023,0.9603749290920538
4795,400,24,6000.0,0.29181697841697724,0.7785604861527721
3596,400,19,4750.0,0.2951520671315273,0.759708882934635
828,400,11,2750.0,0.3078596355069334,0.7526118697164728
4726,400,15,3750.0,0.2814975500294619,0.933415532459724
4642,400,23,5750.0,0.2675146854549418,0.9002005477491248
4251,400,18,4500.0,0.2819305924317932,0.8679335237395666
374,400,22,5500.0,0.31296199491629095,0.7094488057336515
282,400,27,6750.0,0.26401276508013133,0.8993650196115663
3953,400,22,5500.0,0.25981364607480284,0.9192952669440181
1489,400,8,2000.0,0.3370030757214104,0.6217795936990889
2045,400,7,1750.0,0.3380369681184059,0.5089184553082642
1099,400,17,4250.0,0.3095584710398316,0.7429955268366852
3966,400,10,2500.0,0.31444255777254415,0.6723924825424239
3613,400,26,6500.0,0.26348167945881223,0.8966741964121637
92,400,14,3500.0,0.32314638709637095,0.6059425893601305
4291,400,24,6000.0,0.27103559815763306,0.8353541067840001
4516,400,9,2250.0,0.3379018056225983,0.5407388656748787
735,400,7,1750.0,0.3259722915510942,0.6069229916743225
4169,400,15,3750.0,0.27675694692841224,0.9508279221805583
396,400,16,4000.0,0.30605526892077295,0.6834928709057264
3224,400,24,6000.0,0.27522560484866637,0.889285064253309
4079,400,34,8500.0,0.2800030398320772,0.8582960563159951
4293,400,20,5000.0,0.25633296172325093,0.8587238261497142
4197,400,12,3000.0,0.2676030513660516,0.9350298010492251
3818,400,19,4750.0,0.28016113787250296,0.7998828242960166
2755,400,1,250.0,0.4137890582660418,0.2594709215111448
3271,400,6,1500.0,0.3220954169625931,0.6344857098976557
238,400,9,2250.0,0.2899856131780758,0.8326505328734526
3324,400,16,4000.0,0.28430942897534006,0.7589037317634506
4800,400,10,2500.0,0.3241285191405413,0.5994635712578305
691,400,3,750.0,0.3894782690020475,0.3653737700237888
3547,400,22,5500.0,0.2644718580130257,0.867814552528325
2610,400,14,3500.0,0.29963188493916104,0.8963964956073567
2222,400,12,3000.0,0.34332481707798795,0.962605566552236
1228,400,6,1500.0,0.3412941417169626,0.6249223206718475
3746,400,13,3250.0,0.3243358681698439,0.6574589492541715
367,400,25,6250.0,0.27895925527844045,0.860776082654475
2091,400,16,4000.0,0.26664942060884567,0.906670058107196
4542,400,28,7000.0,0.318085997572376,0.635984238657429
2237,400,11,2750.0,0.3326628057648738,0.5421534779580666
2190,400,11,2750.0,0.34723823782811064,0.965733933909553
3019,400,23,5750.0,0.29001121142470976,0.7535366116337714
4992,400,28,7000.0,0.3011263009959212,0.7344044275086893
3752,400,14,3500.0,0.3382269763467792,0.9676147998740222
472,400,10,2500.0,0.3223061843469891,0.6257622937892298
334,400,8,2000.0,0.3158206757329375,0.875727845996785
3028,400,15,3750.0,0.3289004890436393,0.9599821470590966
1109,400,7,1750.0,0.32412525967409944,0.6141071405274288
344,400,5,1250.0,0.326632179332464,0.6961134995169678
716,400,29,7250.0,0.25908469448454724,0.8550941380358166
3097,400,27,6750.0,0.2631346090333366,0.908650222030916
3415,400,17,4250.0,0.3231816284808283,0.9574837578778337
4321,400,23,5750.0,0.29673020004600226,0.7852245094481964
1803,400,12,3000.0,0.32021733471990554,0.9617863912286404
4928,400,22,5500.0,0.2635887807601996,0.9148502003718709
603,400,25,6250.0,0.24932055518297164,0.9088566091672712
4510,400,3,750.0,0.3800552886267286,0.389163488316694
4949,400,15,3750.0,0.3160077381312045,0.9498216760027791
4454,400,14,3500.0,0.2880780219946554,0.9665112660082247
793,400,22,5500.0,0.27036135231720637,0.8789156140933109
1492,400,6,1500.0,0.32379003384677574,0.6687554154053496
42,400,11,2750.0,0.3308589350295065,0.9507847287016339
3844,400,8,2000.0,0.3458435555091161,0.4748842275543941
3873,400,25,6250.0,0.2914895351481416,0.856270917518275
3572,400,16,4000.0,0.27721430806780084,0.7969746485701079
2200,400,3,750.0,0.3623995821857196,0.38374703509388264
195,400,19,4750.0,0.3046821309380575,0.9375189636730297
3152,400,20,5000.0,0.27482215219024,0.82915644167217
2332,400,30,7500.0,0.2692119864816018,0.8963262660074082
1580,400,6,1500.0,0.3562546931532061,0.8318515061604559
4294,400,12,3000.0,0.3149164470647286,0.9544883511823123
1302,400,12,3000.0,0.2934316037960277,0.9209087626021378
4017,400,23,5750.0,0.31075736140093274,0.7048906556767767
4533,400,19,4750.0,0.26903788462804035,0.8827798165191608
639,400,6,1500.0,0.344816457287207,0.47349964831314595
3929,400,17,4250.0,0.29950706251505277,0.7219400681450193
1507,400,13,3250.0,0.2602354565344029,0.9066740931331668
4230,400,25,6250.0,0.2664623560958364,0.905937351768874
266,400,17,4250.0,0.2886681347803866,0.8101487073491817
524,400,26,6500.0,0.31654713462367734,0.6696836130027228
2280,400,4,1000.0,0.3436060885460164,0.46238740517264565
616,400,16,4000.0,0.2947111024308809,0.924590942466262
3856,400,13,3250.0,0.32767321863612736,0.9723762595401458
3241,400,6,1500.0,0.32265411474749717,0.6736734074960264
3770,400,8,2000.0,0.3298917821059173,0.6012405704407534
2972,400,30,7500.0,0.2754696943169015,0.8237147856320999
2287,400,10,2500.0,0.3268827629356127,0.8212055543731234
1916,400,14,3500.0,0.29723362774689005,0.8014668449284472
3589,400,29,7250.0,0.2682725670483707,0.8695941826094578
2337,400,8,2000.0,0.3407923785572045,0.5175882715222597
337,400,14,3500.0,0.3357447883267675,0.5313530139489966
3527,400,15,3750.0,0.2644140843766988,0.8635071560905221
800,400,12,3000.0,0.26973298107012567,0.9360841180242289
3615,400,11,2750.0,0.2797072317969824,0.8643998465160279
879,400,8,2000.0,0.2989662202520156,0.7137004071388775
82,400,8,2000.0,0.3016196550979043,0.7170416266766886
2494,400,24,6000.0,0.2836058788134749,0.8859279763221838
2639,400,22,5500.0,0.28192357252827366,0.9299577401209116
4347,400,20,5000.0,0.277540240945986,0.895046472330498
1575,400,6,1500.0,0.35638741294884096,0.5021427950826467
2750,400,17,4250.0,0.31366006817866043,0.6824559498927887
3582,400,14,3500.0,0.33972705909160966,0.525599236610075
3897,400,17,4250.0,0.2698662285452031,0.9425698356867311
4334,400,21,5250.0,0.26304543162785193,0.9217495926168073
727,400,11,2750.0,0.32083566764157784,0.9580208211251778
2028,400,10,2500.0,0.34726905227074556,0.9586931715066809
495,400,17,4250.0,0.26073288124582694,0.9362620791770562
1577,400,12,3000.0,0.31091286450033084,0.7046433717107514
3422,400,12,3000.0,0.33671366203239855,0.9613303289767019
1937,400,10,2500.0,0.30504319690590626,0.9552328885473936
1980,400,11,2750.0,0.312171699328975,0.9547996591111807
1508,400,13,3250.0,0.33737550688282214,0.5352734749371333
3568,400,2,500.0,0.3757950453846632,0.3454519090789683
1765,400,13,3250.0,0.2959508455425045,0.9222684037779673
3393,400,10,2500.0,0.26010845312394926,0.8437574404535302
1233,400,11,2750.0,0.2983408657332849,0.9387447262223707
2462,400,14,3500.0,0.26028057259325676,0.9116735489502048
2830,400,12,3000.0,0.2984541931841887,0.9647403364982909
427,400,14,3500.0,0.3438829451393277,0.9636676808330389
3717,400,15,3750.0,0.2855304263617316,0.9447392409029521
1056,400,16,4000.0,0.2617567897825553,0.9099461562478656
2907,400,33,8250.0,0.27092342743755987,0.8425531834018727
2620,400,13,3250.0,0.3555793314297327,0.9650647283721866
4155,400,16,4000.0,0.26754452497954617,0.8977114532638879
139,400,25,6250.0,0.2512722810505295,0.894481051987957
2134,400,4,1000.0,0.3448197133307208,0.5180163244854226
4569,400,28,7000.0,0.25009950273156994,0.8946899994162597
2935,400,25,6250.0,0.27908084637867947,0.8350688247227583
3136,400,1,250.0,0.3994777683412986,0.287675768175637
3665,400,18,4500.0,0.28669476608550243,0.8168676186703318
1139,400,13,3250.0,0.32315573175104023,0.8907265242042856
4797,400,13,3250.0,0.2781513993540629,0.9230365111968282
4019,400,10,2500.0,0.3314757328107444,0.5326774291111287
1023,400,18,4500.0,0.26969736602492567,0.8948979200364271
788,400,4,1000.0,0.3535490963863037,0.4798398599836251
1485,400,10,2500.0,0.32653636349651527,0.5495738856476321
4507,400,17,4250.0,0.30655849267183843,0.6849947265323253
23,400,15,3750.0,0.29108514945980773,0.8674754561381087
4130,400,26,6500.0,0.2961999775251685,0.7728748802703121
2574,400,1,250.0,0.3852676737433903,0.3403407976145074
1734,400,10,2500.0,0.3389572610459077,0.5127906299383953
4638,400,5,1250.0,0.3707008510515971,0.42177092530197124
3756,400,10,2500.0,0.3043040649081788,0.7198774935290403
2650,400,2,500.0,0.37984153016718036,0.347154213789566
1324,400,34,8500.0,0.3067075957086799,0.6859194679624607
1222,400,13,3250.0,0.2814376940431398,0.7973378137123163
2347,400,2,500.0,0.39551820664926535,0.3306522400658215
4691,400,2,500.0,0.38904645639356467,0.35710491705161385
771,400,13,3250.0,0.31419716626101346,0.9634671584279152
3293,400,22,5500.0,0.292213205115711,0.8936605284522906
2397,400,20,5000.0,0.304504609715213,0.7057457813261021
79,400,22,5500.0,0.3167213446780484,0.6398792693908233
1449,400,8,2000.0,0.33007524629688717,0.6236520405729814
1308,400,9,2250.0,0.32049332097671085,0.7758331754068342
3729,400,12,3000.0,0.3008660457935387,0.8455701061449742
3211,400,28,7000.0,0.26463948988897523,0.8737787920986265
2710,400,27,6750.0,0.30959878298709964,0.7335911699438558
471,400,1,250.0,0.39492945962085224,0.26869256215392445
4971,400,26,6500.0,0.2643073056876357,0.9061510901360692
3285,400,12,3000.0,0.2890483403409747,0.8919428381421043
3210,400,14,3500.0,0.3201569894491327,0.6306550691240791
4163,400,10,2500.0,0.3979948501459951,0.972134137033508
2003,400,27,6750.0,0.3024682262351548,0.7396366197817379
1189,400,9,2250.0,0.32276673643004045,0.6014674264333615
3635,400,16,4000.0,0.284123073219286,0.9389275693533188
4117,400,6,1500.0,0.35145906164155566,0.5705752179578142
1802,400,13,3250.0,0.3024300314398854,0.8855439929447878
3651,400,9,2250.0,0.31488620900187436,0.6397914737386148
4144,400,11,2750.0,0.28240065210342125,0.9439435599767654
2080,400,15,3750.0,0.2834346374742022,0.9364380133152607
2621,400,13,3250.0,0.3110130208158944,0.9229016068165892
4221,400,17,4250.0,0.3107821215525711,0.6732432178727606
343,400,26,6500.0,0.2800540183062299,0.8408759475659954
3113,400,9,2250.0,0.3124285682405525,0.9629503621706755
1613,400,10,2500.0,0.32404276172660196,0.942499541691792
3348,400,16,4000.0,0.26302984640798016,0.83336962068805
1617,400,9,2250.0,0.3234243724474942,0.5894465247266785
76,400,17,4250.0,0.29761246768961314,0.8001214265473362
2348,400,13,3250.0,0.3237773931634778,0.9635844334462097
4962,400,9,2250.0,0.31970105393719767,0.964846404623958
176,400,6,1500.0,0.33146968598531046,0.7467380067599401
4069,400,15,3750.0,0.2567137319963585,0.8812359842975215
259,400,7,1750.0,0.3557399467095367,0.507639213532459
4579,400,6,1500.0,0.33658495669970145,0.6634066303977919
2139,400,32,8000.0,0.2820100719205468,0.8666248528914127
4773,400,4,1000.0,0.3464833412435706,0.48734341591631325
3909,400,2,500.0,0.39554754863917696,0.3327225118514169
1122,400,20,5000.0,0.25419810292294703,0.9334964128385376
4768,400,19,4750.0,0.3053286830900107,0.8126997795671104
3551,400,26,6500.0,0.2705698634526931,0.8554488633451682
4591,400,11,2750.0,0.30696270044135443,0.7474986140849238
714,400,21,5250.0,0.2501004299706701,0.9221117220194378
406,400,6,1500.0,0.3387492550761146,0.5370658052497586
1811,400,9,2250.0,0.3260882479755046,0.6363210380062488
901,400,39,9750.0,0.3013189916986334,0.7469037470128835
440,400,15,3750.0,0.3264697161909904,0.954670155718151
2100,400,13,3250.0,0.3202465003290431,0.6493162822297472
4335,400,20,5000.0,0.3067318082302991,0.7291997182315233
2898,400,4,1000.0,0.37021333195282613,0.4326291479885427
4615,400,9,2250.0,0.34388340832066705,0.47853837851636216
3373,400,20,5000.0,0.26301489475382933,0.9301636799402002
4856,400,24,6000.0,0.2623316964448418,0.9097402396663101
371,400,6,1500.0,0.35816162585137307,0.46191318694973027
581,400,22,5500.0,0.2860075446865968,0.8609589803313678
4684,400,35,8750.0,0.29077816896584113,0.8121830526377749
4135,400,21,5250.0,0.26397976395823475,0.8477786616869147
2773,400,11,2750.0,0.3239104735946588,0.9538228882737692
4456,400,38,9500.0,0.28585890602790953,0.7861345924274646
4750,400,20,5000.0,0.3001773303102292,0.6993973087791749
2592,400,16,4000.0,0.2953234589870558,0.8640827821834075
1393,400,13,3250.0,0.30731055676562224,0.9612025200690906
3826,400,10,2500.0,0.3116260306142022,0.6695151080430074
2926,400,21,5250.0,0.26874035814165037,0.8971329792289569
1692,400,10,2500.0,0.29370898589936656,0.9590784089537003
1766,400,4,1000.0,0.344107977276642,0.5281285696884703
2447,400,24,6000.0,0.2964559754320762,0.7568456103448674
4675,400,16,4000.0,0.30237069689488827,0.8278792677651317
2208,400,9,2250.0,0.3341406334567269,0.6184072994563876
3286,400,2,500.0,0.37834277915212855,0.3185696157025405
2197,400,33,8250.0,0.2712894443034473,0.8732099272084307
734,400,18,4500.0,0.27268564292566805,0.9504864497358717
3668,400,12,3000.0,0.30423992890475443,0.6849157150562855
2217,400,7,1750.0,0.3659796331849183,0.3776865737115991
3956,400,11,2750.0,0.35234943280316516,0.9682995403286121
2712,400,18,4500.0,0.2839756224697733,0.7959177168069426
2686,400,9,2250.0,0.32753264676262744,0.5783713499082116
1810,400,16,4000.0,0.27911862065723414,0.8437842890783173
4380,400,9,2250.0,0.32536004351487025,0.6239283714719921
2477,400,36,9000.0,0.2857032523339339,0.7995596147528756
4521,400,30,7500.0,0.27854700765574736,0.8307563672669029
1795,400,22,5500.0,0.28724808670638835,0.8043375200520093
2517,400,10,2500.0,0.279530878513305,0.9616296357263546
696,400,17,4250.0,0.3171940803734021,0.6889896910549026
1270,400,28,7000.0,0.30927010061493715,0.6756916268482587
1379,400,18,4500.0,0.29441753280225785,0.9089345810915597
594,400,18,4500.0,0.27358399113436904,0.8637679349726625
4672,400,35,8750.0,0.28323883939260575,0.7749167178499357
3921,400,37,9250.0,0.26891773006712505,0.8509287147371857
4054,400,8,2000.0,0.3302635136070607,0.5372082578220854
2796,400,18,4500.0,0.27596446976810013,0.7900898225816113
3686,400,10,2500.0,0.33088999655355383,0.9599971227249192
2614,400,24,6000.0,0.2673170734032453,0.8947578671614531
1274,400,19,4750.0,0.27356593796615447,0.8620809467488897
3811,400,21,5250.0,0.31406000655210636,0.6714474052189643
2511,400,13,3250.0,0.27562744783324755,0.8983452656188478
2817,400,10,2500.0,0.3302304657359063,0.5698497361642385
763,400,25,6250.0,0.2729979526469913,0.9147168206960281
3888,400,4,1000.0,0.3666311455458566,0.37364978337611865
672,400,31,7750.0,0.3103897114578677,0.7184496833104719
4340,400,12,3000.0,0.31729131155869883,0.8499274850600947
2920,400,16,4000.0,0.301247904454729,0.745449463970596
3654,400,18,4500.0,0.28530603033990287,0.8179256035234338
1997,400,16,4000.0,0.2682675075809217,0.9353434879740647
2934,400,11,2750.0,0.3307125546193295,0.9610635310347819
615,400,12,3000.0,0.2789296506472958,0.9350036904478534
3508,400,14,3500.0,0.27432871881864007,0.9406406147598987
3749,400,14,3500.0,0.31598096515724855,0.6704583124761273
4030,400,16,4000.0,0.2660676405055143,0.9024063645716088
4706,400,30,7500.0,0.3024215271062156,0.7383603893780981
970,400,17,4250.0,0.2975763680724622,0.9569435511540338
2368,400,15,3750.0,0.28159089444628893,0.9115936309105119
4338,400,27,6750.0,0.2540132858983931,0.8898751407308223
3429,400,6,1500.0,0.3195646796389411,0.661368765690656
357,400,8,2000.0,0.3329633075374923,0.5559543470844391
1416,400,24,6000.0,0.2613567047130726,0.8501849299592927
3215,400,13,3250.0,0.3197504519653792,0.9331593283025921
3445,400,13,3250.0,0.3334924018577409,0.9495113437880623
3231,400,13,3250.0,0.3203795540560857,0.9592867046225115
2545,400,4,1000.0,0.35384035239355577,0.5153234317761621
4720,400,4,1000.0,0.35763426860729386,0.4135226584918936
3166,400,28,7000.0,0.33510693509806216,0.6488924210352003
3253,400,30,7500.0,0.3187656690311179,0.6779164785021501
2094,400,9,2250.0,0.31621343976869826,0.8454977540814852
3156,400,6,1500.0,0.3578620120804299,0.4877525114161464
3164,400,28,7000.0,0.3168832665068715,0.6816138218528623
3877,400,10,2500.0,0.2892326916621263,0.9591061325345053
3885,400,11,2750.0,0.2849628360235377,0.8522076138823841
2335,400,8,2000.0,0.3513741864134238,0.5000891403094367
4274,400,12,3000.0,0.31394815697350925,0.7351553642761545
2887,400,14,3500.0,0.29188781645755524,0.9638920504094489
2657,400,33,8250.0,0.2755276583343287,0.8137019463799324
2741,400,22,5500.0,0.33083320237885894,0.6465781380412681
1075,400,12,3000.0,0.313376735996664,0.9689073511207169
242,400,29,7250.0,0.2812371462489084,0.8239540960480324
4039,400,7,1750.0,0.3550577780393883,0.3993888897528275
3934,400,2,500.0,0.3740574527179374,0.37212881744264303
4114,400,28,7000.0,0.2737765107425675,0.910877524476699
1831,400,22,5500.0,0.25127257879749354,0.9053417590772121
4754,400,10,2500.0,0.33594568914742845,0.5559353184111492
3106,400,18,4500.0,0.2736592770950627,0.9208381829102008
4440,400,10,2500.0,0.34168854552869593,0.5164336094729352
2369,400,5,1250.0,0.35281446172184827,0.4292103414573458
3504,400,19,4750.0,0.27985721299020017,0.8856727821986202
512,400,10,2500.0,0.33036834577507224,0.9572528116863877
810,400,23,5750.0,0.267508883524407,0.8594980660822295
2716,400,28,7000.0,0.2799445494124456,0.8426680075363656
2955,400,9,2250.0,0.3335315175235778,0.9361837092847101
2298,400,10,2500.0,0.2699626141501011,0.9163607044737289
3944,400,13,3250.0,0.29683652908660785,0.860407906317797
2321,400,24,6000.0,0.3136757947808747,0.7067213919821296
1147,400,14,3500.0,0.3459801369496778,0.9600994420773398
4484,400,18,4500.0,0.2890631044860793,0.9467203128900168
4741,400,5,1250.0,0.38086225831016896,0.3536275360344836
2241,400,6,1500.0,0.3322134442798966,0.560066774305158
1398,400,8,2000.0,0.3367473129331128,0.7683750496768926
2642,400,15,3750.0,0.29545787591476264,0.9474340664448005
3914,400,11,2750.0,0.26229536028339046,0.9387260945134589
1342,400,17,4250.0,0.3226335448288181,0.6137137156013143
3782,400,3,750.0,0.3428292990057564,0.4813552060475731
854,400,13,3250.0,0.2784250947192441,0.7992671204938007
2832,400,17,4250.0,0.3141275793892713,0.7268723725457606
1474,400,17,4250.0,0.30226928821253946,0.918741505321281
2086,400,27,6750.0,0.2625594177972035,0.9159027514390059
3682,400,21,5250.0,0.30330403776331716,0.7079956103863096
397,400,5,1250.0,0.36622599517968435,0.4497993426824286
1924,400,20,5000.0,0.29577878697105775,0.7315473060370831
1385,400,19,4750.0,0.27053280991742823,0.8696198484063444
888,400,6,1500.0,0.33350297261371686,0.5274187913657786
4873,400,21,5250.0,0.28150144362512575,0.9298995453500621
465,400,15,3750.0,0.32393824785490755,0.5871096954584771
4254,400,26,6500.0,0.26921505458752826,0.8373169254923851
4890,400,6,1500.0,0.33016445164781844,0.533299359941272
3646,400,11,2750.0,0.3066487653691691,0.7567918706226697
488,400,23,5750.0,0.2651283946832283,0.9251482266146512
444,400,6,1500.0,0.3255697006685158,0.718807484543063
3991,400,28,7000.0,0.26262760938688196,0.9062373211674315
3743,400,23,5750.0,0.2963166269192113,0.8759122041163186
2698,400,15,3750.0,0.3137610127750136,0.7235985271708996
3229,400,16,4000.0,0.2982679946011973,0.9480647184515525
2302,400,13,3250.0,0.33386846292621203,0.9500151628379566
1780,400,9,2250.0,0.31625190978978424,0.723877780849876
1300,400,7,1750.0,0.32470533131720863,0.5838013173678347
3111,400,18,4500.0,0.3191559494277008,0.7196685393045996
3685,400,6,1500.0,0.3228176543691116,0.6848624230282663
4258,400,9,2250.0,0.3348023322414319,0.527418854013553
3754,400,13,3250.0,0.32122912069104853,0.5832104439151431
2787,400,15,3750.0,0.2610594847062476,0.9078530824626567
4322,400,16,4000.0,0.30088359232307793,0.7708674630945022
2452,400,6,1500.0,0.34631878488195544,0.4701475658484413
4124,400,15,3750.0,0.3398096456462014,0.9601777565717722
1290,400,27,6750.0,0.29778551356064836,0.7670871407193299
3554,400,19,4750.0,0.25257388122978275,0.9118398796920791
747,400,13,3250.0,0.2896215207715588,0.8920627307145944
1157,400,25,6250.0,0.2684292513337703,0.9007620974262384
626,400,9,2250.0,0.33211717005266017,0.5681099531169997
1251,400,28,7000.0,0.2964400153196405,0.7593643754913086
326,400,12,3000.0,0.2828441737874243,0.908577397741232
4241,400,20,5000.0,0.2750590059673001,0.8741885757184262
2835,400,25,6250.0,0.2748801956413569,0.882832021054206
2897,400,17,4250.0,0.27945869638430587,0.8660048695705861
4186,400,30,7500.0,0.2624396384785652,0.8947530359798093
925,400,3,750.0,0.36775216495127294,0.37774290186806603
1258,400,6,1500.0,0.3395507495047561,0.6297650810966046
1301,400,15,3750.0,0.3206901000037081,0.9417645840440835
4279,400,10,2500.0,0.30436154658599457,0.7298864989654017
2725,400,28,7000.0,0.2920675892078255,0.7762840646559435
1923,400,18,4500.0,0.2903493774109472,0.885837085693798
645,400,9,2250.0,0.37520178191038583,0.9695676590872846
3162,400,34,8500.0,0.26754657163993234,0.8482166684178405
2067,400,12,3000.0,0.28269172216121263,0.9322266032763824
2659,400,21,5250.0,0.25914426585684336,0.890037859456879
4361,400,6,1500.0,0.316791672077531,0.7360464561026219
3872,400,22,5500.0,0.28072908140817326,0.9252556651986407
2451,400,9,2250.0,0.3307240649413543,0.8952701765468094
1740,400,9,2250.0,0.2838144907401179,0.8172963025636443
2995,400,6,1500.0,0.32100600831936216,0.6199830505266464
741,400,7,1750.0,0.3212104473275066,0.6677392507375046
2344,400,17,4250.0,0.2953071858521407,0.9311701101769951
2794,400,13,3250.0,0.25238786405087926,0.9257488828248295
3434,400,15,3750.0,0.29139847913133204,0.9184286044774089
4280,400,14,3500.0,0.33768148062250325,0.5790962193929714
761,400,8,2000.0,0.3395480388198876,0.5373247078136462
115,400,7,1750.0,0.3498161312722344,0.4894725949686931
1793,400,8,2000.0,0.3416295217179311,0.5321710926583882
3791,400,1,250.0,0.40261814687264874,0.27308876760098466
1867,400,13,3250.0,0.2746568518890166,0.9607206776285797
2184,400,9,2250.0,0.326687219944014,0.5710032960596871
2870,400,22,5500.0,0.27897509332813286,0.9121834484778624
4459,400,16,4000.0,0.2667316582325277,0.8367331552037166
4977,400,24,6000.0,0.2819153267769973,0.9322273903422907
4608,400,26,6500.0,0.25401277812687384,0.8947815482733585
1283,400,5,1250.0,0.3431172752350648,0.546695272101897
587,400,18,4500.0,0.2855837175027934,0.9493495916356672
1849,400,5,1250.0,0.32890880232581776,0.5546568033551489
4573,400,39,9750.0,0.2809726969569907,0.8237284010553533
4450,400,21,5250.0,0.277819232374281,0.896588379223917
3892,400,16,4000.0,0.3254375149018602,0.6460686356536045
4913,400,13,3250.0,0.26228823957329095,0.866673185647953
32,400,32,8000.0,0.3050763395289958,0.6957953412765039
2874,400,20,5000.0,0.2864419147070243,0.9212927276732265
3397,400,13,3250.0,0.35984566381829397,0.9623042547351291
706,400,19,4750.0,0.2615599545244318,0.862191830771159
1927,400,5,1250.0,0.35937277515178323,0.42488194000985946
2556,400,10,2500.0,0.3053911008374322,0.8551539365301846
3881,400,32,8000.0,0.2743940719123467,0.8244836225552576
663,400,19,4750.0,0.27450519992477274,0.8345805028607776
2191,400,21,5250.0,0.29936324109970835,0.7487363589785991
1448,400,21,5250.0,0.3173091893103656,0.6296958150619774
4191,400,11,2750.0,0.2932430587891374,0.8193061573270692
4678,400,21,5250.0,0.29236976040657897,0.7734264519433144
2732,400,32,8000.0,0.26660909379578973,0.878852279743126
2523,400,9,2250.0,0.3257307221716511,0.582863187718164
257,400,29,7250.0,0.27713461252040145,0.8875131901243902
2772,400,12,3000.0,0.3106222022840764,0.970205005119182
2373,400,23,5750.0,0.26098780798117044,0.9055398075581336
3497,400,31,7750.0,0.3035196278169499,0.7175364230038778
3314,400,11,2750.0,0.298305475429135,0.9567260459742433
1928,400,9,2250.0,0.3150842781932023,0.8602137125468858
4644,400,13,3250.0,0.3274713485629377,0.9585276478702648
611,400,6,1500.0,0.32142995780971495,0.6388207500820329
4491,400,27,6750.0,0.2964126420618198,0.7919051927217351
1437,400,15,3750.0,0.27949716262219243,0.9338561408128203
1473,400,25,6250.0,0.25891641769367685,0.8723374579689627
4392,400,19,4750.0,0.26646053472336745,0.9302134127176396
1397,400,20,5000.0,0.2693113642451231,0.8835038986294093
3391,400,12,3000.0,0.3048339273655814,0.7507896207116266
3931,400,2,500.0,0.38103578432320806,0.3670565925630359
983,400,10,2500.0,0.37212829345737247,0.9607346457144096
1101,400,27,6750.0,0.27872825883144364,0.9188676598569998
177,400,36,9000.0,0.29509961063005696,0.7679714636964103
1360,400,7,1750.0,0.3487475619273728,0.48286275775756526
636,400,11,2750.0,0.2914337698705042,0.8907227257989733
986,400,12,3000.0,0.3408752066477669,0.5014447339048408
2669,400,13,3250.0,0.3029320700539457,0.9336020187289621
2319,400,39,9750.0,0.28151828627576353,0.8226295321095032
4465,400,14,3500.0,0.31825880373855736,0.9683111221227402
3773,400,23,5750.0,0.2592855348972899,0.9176646370597923
3989,400,23,5750.0,0.2800906349634542,0.8915338658232262
1466,400,6,1500.0,0.3649776373524203,0.4355071056570369
3448,400,4,1000.0,0.3580931599414503,0.4999350570020751
3675,400,22,5500.0,0.2577656717583334,0.8997840004335196
296,400,16,4000.0,0.32078779294142645,0.9630029757144206
916,400,33,8250.0,0.27309826552615685,0.8493171858705117
3418,400,9,2250.0,0.37836248422250623,0.9742550060130442
3677,400,12,3000.0,0.26345907579070543,0.8623943123539999
1757,400,16,4000.0,0.3114730255906797,0.9416776207762567
2478,400,20,5000.0,0.2907495121692538,0.9443524322974265
2382,400,3,750.0,0.3523557959358605,0.4547010111160892
1709,400,16,4000.0,0.3093070610429531,0.6460769986427444
1728,400,23,5750.0,0.2654388689028047,0.918455583739614
4058,400,19,4750.0,0.2815473551654961,0.8967198921809957
3046,400,28,7000.0,0.28622186883093437,0.784247523073828
2973,400,16,4000.0,0.2683820991062167,0.906250635795597
1011,400,5,1250.0,0.3239137910378631,0.5797297188639102
458,400,12,3000.0,0.2891444331583347,0.9434220027422233
3400,400,7,1750.0,0.3792615451757742,0.4234938378932721
702,400,14,3500.0,0.2970798994248761,0.9291057623474923
3177,400,0,0.0,0.43825350157484244,0.18826531083507514
1211,400,12,3000.0,0.336742294349502,0.971386693845881
1486,400,12,3000.0,0.31259629632807096,0.6821179754548354
373,400,18,4500.0,0.29374145904599164,0.8704413464313554
2393,400,15,3750.0,0.3449642943442705,0.5561346405151977
4343,400,17,4250.0,0.2841577351333833,0.7925739707960174
2010,400,15,3750.0,0.256857453692847,0.9234504769219117
4412,400,27,6750.0,0.26975303040620646,0.8655660663213248
3146,400,19,4750.0,0.2751447571635725,0.9011382157479142
3403,400,16,4000.0,0.3409833134390164,0.5404946726468497
3017,400,25,6250.0,0.2918319017787842,0.7731387983700784
1074,400,11,2750.0,0.31742198779385095,0.9698491942876251
3899,400,11,2750.0,0.2851008840217423,0.9426057608884251
1230,400,31,7750.0,0.2918933135528593,0.7519759518439282
3384,400,10,2500.0,0.32768791425427396,0.9294477121116874
4761,400,6,1500.0,0.3437391351435804,0.5412213684217213
1292,400,16,4000.0,0.2524989784003656,0.8802107490011604
1903,400,17,4250.0,0.2862637764741652,0.93565855466326
4119,400,12,3000.0,0.27903954702164463,0.7864088285363615
4718,400,16,4000.0,0.2600473940856346,0.8628715209386456
2148,400,7,1750.0,0.3639271918816829,0.5853235630936233
1488,400,22,5500.0,0.2955861063050952,0.9382082210213957
2815,400,13,3250.0,0.28154620180580625,0.9357780775034457
4105,400,16,4000.0,0.3031443806768859,0.7079638378262696
805,400,11,2750.0,0.2872851797467598,0.9570826794699244
26,400,25,6250.0,0.29351630306239107,0.7353222314525569
2233,400,17,4250.0,0.2705338191331696,0.9189266498705402
2607,400,19,4750.0,0.2903808433947343,0.8355046492642257
225,400,37,9250.0,0.2716547240712935,0.8784048268510007
4486,400,14,3500.0,0.3062976934448128,0.943616037422961
2570,400,7,1750.0,0.3379664034843048,0.5077421598836349
4567,400,4,1000.0,0.3724994003119686,0.3754294053260656
127,400,10,2500.0,0.3359776310567119,0.9492764713926014
3048,400,11,2750.0,0.3277251279243821,0.9634587401042853
4177,400,13,3250.0,0.3079811027126875,0.966274656599469
3439,400,28,7000.0,0.2748022676906414,0.8690792757664945
3226,400,12,3000.0,0.30867567152063136,0.8138215727658487
2666,400,15,3750.0,0.3417460973312418,0.9611531037799458
2340,400,13,3250.0,0.3327725881730974,0.6060540813911859
762,400,17,4250.0,0.2988352233552485,0.9443140481023751
2700,400,16,4000.0,0.3130513552927407,0.9627368875436466
2050,400,33,8250.0,0.2639820717366816,0.8791474412498947
4963,400,9,2250.0,0.31883888130442595,0.6330243927803034
3473,400,10,2500.0,0.32294502502179223,0.5807998816149187
4168,400,15,3750.0,0.2878906953636826,0.9321776569641416
2011,400,25,6250.0,0.255754614316683,0.8843523477997834
2632,400,10,2500.0,0.31973370752636704,0.6889511325802979
2316,400,31,7750.0,0.2795310752015318,0.7925850477563714
3381,400,29,7250.0,0.26823756510202773,0.8826987377428602
354,400,19,4750.0,0.3238012054523955,0.604919256056919
2795,400,28,7000.0,0.2672278175503812,0.9091302481770889
4954,400,13,3250.0,0.322457195048228,0.9710301522982104
1484,400,6,1500.0,0.33808590729179727,0.5795718882505951
140,400,8,2000.0,0.33571260256536967,0.5256215580394431
869,400,19,4750.0,0.3162632544889312,0.652396802753638
4520,400,6,1500.0,0.35795697128812776,0.5181784568740555
1188,400,2,500.0,0.3897571398664217,0.33472697999147794
1606,400,27,6750.0,0.2575004357372688,0.9005507410669105
3374,400,7,1750.0,0.37122169150353557,0.3823776123521595
1276,400,25,6250.0,0.31173098092859,0.7213316314045309
4660,400,20,5000.0,0.2868870083985541,0.7851358150343002
2259,400,19,4750.0,0.30426694677022503,0.7071600797428429
3200,400,29,7250.0,0.27896036486096154,0.9064820091786668
1310,400,13,3250.0,0.31124737991230733,0.9545746301747288
2721,400,15,3750.0,0.26206903415665916,0.9475564209071665
690,400,11,2750.0,0.261088723499843,0.9368570023493017
3960,400,25,6250.0,0.26249457737752363,0.8522086818366811
4712,400,23,5750.0,0.272486628836706,0.8988292951757607
820,400,9,2250.0,0.35869297174634696,0.4835887030310979
534,400,16,4000.0,0.2806842610730108,0.928236001892011
746,400,22,5500.0,0.251102238471719,0.8883395997175728
4920,400,22,5500.0,0.2801456678102548,0.8593449388944002
2265,400,23,5750.0,0.26899356005401004,0.891568624132866
111,400,6,1500.0,0.3417330813509631,0.4764191960830103
1052,400,15,3750.0,0.32043107192540526,0.643166999982933
553,400,12,3000.0,0.2822073336980637,0.9521419135619759
454,400,8,2000.0,0.329622866986809,0.7489274087729516
2480,400,24,6000.0,0.3075964241945907,0.6870998077574306
110,400,13,3250.0,0.323839759548892,0.6119446869142426
1232,400,19,4750.0,0.2711971318109403,0.9328774528028762
2102,400,21,5250.0,0.2725885193992476,0.9249914015417123
565,400,17,4250.0,0.2622651886709537,0.9015450812814293
2123,400,6,1500.0,0.33224618974672004,0.5614862820997886
3465,400,4,1000.0,0.3798486596977965,0.395837621009412
1823,400,11,2750.0,0.36609988282165523,0.9634880335683976
29,400,10,2500.0,0.3473818378753067,0.9624405301318745
4253,400,14,3500.0,0.29294627830587705,0.8433084343623893
4316,400,25,6250.0,0.31679926873930137,0.6760584688044682
1565,400,35,8750.0,0.28106610979893076,0.778871464262477
3078,400,23,5750.0,0.26931782804452664,0.9100890431281231
750,400,11,2750.0,0.3402325243758322,0.5192951027767827
3426,400,13,3250.0,0.28953600221266557,0.9468818750673161
3670,400,13,3250.0,0.29168562293004374,0.8396059054399447
489,400,19,4750.0,0.3214331949201054,0.65868279409412
1894,400,33,8250.0,0.2623715135623006,0.8571767144518703
1080,400,16,4000.0,0.3182877548634191,0.6357540486527726
2076,400,17,4250.0,0.33314968052122784,0.5867427000425041
3354,400,8,2000.0,0.38822823115974214,0.9683229773955725
2526,400,23,5750.0,0.27639802382809686,0.9294281055961776
3498,400,7,1750.0,0.34492020793490014,0.5121699768569159
3460,400,28,7000.0,0.30319225359657115,0.7111587768840273
1893,400,15,3750.0,0.25852469748667084,0.9102101357029055
2810,400,38,9500.0,0.28228177395022824,0.822965643448931
529,400,15,3750.0,0.2568473720869987,0.9150717666830587
2952,400,13,3250.0,0.26065899432198203,0.8725596890386553
4434,400,13,3250.0,0.2983939879166119,0.934211878829491
1376,400,12,3000.0,0.3213728906397476,0.9648279940225368
300,400,10,2500.0,0.3220941159937972,0.5871846520363526
419,400,3,750.0,0.3798838521180783,0.3908011945814426
4433,400,25,6250.0,0.2919414458587382,0.732646423210602
3219,400,25,6250.0,0.32384087268565637,0.6665422956683861
2503,400,17,4250.0,0.32297474223111955,0.6017863919330966
442,400,6,1500.0,0.35251547027780056,0.4194369441323099
4078,400,30,7500.0,0.29785758676783824,0.7321842150797148
2249,400,25,6250.0,0.30269720268118133,0.7288843913698868
2551,400,14,3500.0,0.30208431373083666,0.9366651254891705
4407,400,11,2750.0,0.33913794207501374,0.9721431835744645
212,400,12,3000.0,0.29554074598815866,0.9420523118906451
4218,400,7,1750.0,0.354967476569561,0.45159139660730674
2764,400,12,3000.0,0.3344277329309211,0.9580691024802895
1787,400,21,5250.0,0.3026029866095922,0.7811351474856336
732,400,17,4250.0,0.28350769891416266,0.9473165066287969
436,400,8,2000.0,0.3274513602794453,0.5622870113924523
3070,400,25,6250.0,0.25995657570484537,0.8799230063461037
3275,400,13,3250.0,0.32294339412456163,0.943402417867392
4390,400,14,3500.0,0.3282654415905859,0.9592441353894262
3341,400,24,6000.0,0.30146435195303295,0.7152612503387159
4495,400,32,8000.0,0.26467675537939844,0.8716737213229584
2082,400,23,5750.0,0.27657965272708795,0.9237561665263712
589,400,9,2250.0,0.3104705217251934,0.9406980980597774
1886,400,26,6500.0,0.28477558807236286,0.8617153235045348
1986,400,8,2000.0,0.3237176631263535,0.6183801122683505
3718,400,22,5500.0,0.25496816383245513,0.8890969348215865
634,400,11,2750.0,0.32707235461812906,0.6192130894713996
2826,400,17,4250.0,0.3203703944032141,0.633479020413404
2372,400,20,5000.0,0.28033738581433204,0.8313215351842689
4500,400,26,6500.0,0.3003722287596894,0.7193205718972837
2251,400,16,4000.0,0.33705263448599876,0.9559553620952785
4362,400,10,2500.0,0.32125044376917283,0.6308066478105805
4767,400,8,2000.0,0.34075481019902615,0.5019604477513557
2913,400,23,5750.0,0.2625436857629391,0.9258978279922516
1067,400,15,3750.0,0.30255441506158887,0.7354482395136013
3074,400,13,3250.0,0.34062104039443025,0.9614502385476792
450,400,16,4000.0,0.327518463321324,0.6260700785898263
757,400,5,1250.0,0.3759374639065802,0.41638339234130617
3110,400,32,8000.0,0.27441255154691757,0.8656142733889023
4385,400,24,6000.0,0.28800187266452326,0.885641092931896
1219,400,11,2750.0,0.30013698110900616,0.8911851033736035
2948,400,21,5250.0,0.2949436742481435,0.741959971159408
1168,400,21,5250.0,0.2664005108252818,0.9280360866091444
3661,400,18,4500.0,0.2935767525774366,0.8079515512339134
1499,400,23,5750.0,0.28714126802648904,0.8252997253130739
4702,400,25,6250.0,0.2612614324548533,0.8625093816557283
4025,400,13,3250.0,0.32490360027846926,0.9621258055116911
1700,400,29,7250.0,0.2816652266425174,0.8065798169854591
377,400,16,4000.0,0.2753954600730928,0.9281424247994393
3075,400,21,5250.0,0.26055422496921765,0.9187039438616205
3584,400,12,3000.0,0.3208978850611136,0.9698209744464543
4864,400,5,1250.0,0.3352415316435229,0.7195972340539625
974,400,12,3000.0,0.31413104951039056,0.7542409284892058
608,400,20,5000.0,0.25664236112973443,0.9315735349267014
823,400,27,6750.0,0.28547034268854293,0.7723854964231363
1257,400,15,3750.0,0.28485990048259535,0.9497396442006427
1525,400,25,6250.0,0.32826545219107933,0.6145480772611847
3713,400,40,10000.0,0.302345653629494,0.7658549357582708
4094,400,6,1500.0,0.3715844642574191,0.414365712013134
1365,400,22,5500.0,0.28349139215242913,0.8824840050732614
2308,400,13,3250.0,0.3045641403566922,0.9613507583934061
1845,400,12,3000.0,0.32968513853948095,0.6001163016553518
3413,400,14,3500.0,0.31526524421136987,0.9587099761599486
1885,400,15,3750.0,0.2871992581887123,0.9528540187783985
849,400,17,4250.0,0.2711118916489754,0.8979348103432985
3512,400,13,3250.0,0.2948559999897424,0.9538086024845407
4309,400,16,4000.0,0.29210790734908976,0.9265572059990959
1123,400,10,2500.0,0.3316562157364611,0.9376856706490159
2937,400,23,5750.0,0.27829405819138864,0.787556440305876
1091,400,13,3250.0,0.29990156866254697,0.9375767067455332
4572,400,6,1500.0,0.34127669470699684,0.7746338610240535
2312,400,29,7250.0,0.2862901782062812,0.825258559243375
143,400,5,1250.0,0.34708502100482674,0.4687304123774382
2042,400,2,500.0,0.3912794741098878,0.30705024810285786
660,400,17,4250.0,0.3097329312909085,0.6905683966438201
863,400,31,7750.0,0.3092251769958644,0.6757183428638516
3209,400,8,2000.0,0.36057563978728724,0.4265272558769453
395,400,16,4000.0,0.2647882831905419,0.8983849663376624
2068,400,20,5000.0,0.3004433574004228,0.7123071752028645
4100,400,1,250.0,0.3949884137051173,0.3079506219716557
2880,400,10,2500.0,0.32121037195453456,0.8838910363774735
4870,400,28,7000.0,0.2737148185804567,0.8593833596611702
2442,400,15,3750.0,0.2910878728468026,0.8157426283342599
1670,400,15,3750.0,0.3157006517539528,0.9567816176781395
3857,400,5,1250.0,0.3397101632991424,0.6459566416062666
2695,400,13,3250.0,0.2840707162521942,0.94113984118604
695,400,11,2750.0,0.29056686213648525,0.9460564352050796
1932,400,2,500.0,0.39140477414568775,0.34252929542813493
4217,400,8,2000.0,0.32176226573136574,0.8747861705762852
4549,400,15,3750.0,0.2798808818415788,0.9247423570990609
4096,400,30,7500.0,0.2643625440981401,0.8543046528283471
1938,400,14,3500.0,0.2701964809985511,0.9193587471909062
4979,400,13,3250.0,0.2841135545802416,0.9460166531561315
2476,400,36,9000.0,0.2769792183089007,0.8595399909425882
658,400,26,6500.0,0.27903761539940325,0.881921457882021
2938,400,12,3000.0,0.3105349183310512,0.917457658787405
3239,400,5,1250.0,0.3363783307967523,0.6694376887237955
2018,400,28,7000.0,0.2564282696937415,0.8987515634568769
1887,400,13,3250.0,0.2988953356033509,0.9644347444689438
667,400,16,4000.0,0.29811794974210254,0.9472644264172201
1043,400,6,1500.0,0.32616560817222096,0.5854109177484157
3269,400,30,7500.0,0.25956226063931315,0.9025024625688993
3007,400,22,5500.0,0.2771816779509853,0.900971045796492
3794,400,15,3750.0,0.3082972937103825,0.7636249471529082
2871,400,26,6500.0,0.28240238790587524,0.8534663544778908
401,400,27,6750.0,0.2773244757002038,0.9172776873421934
2177,400,11,2750.0,0.25230978964897827,0.8786225599078162
1907,400,5,1250.0,0.3469086962478648,0.4797644575886716
475,400,19,4750.0,0.27860862669483977,0.9060298779731286
414,400,12,3000.0,0.30112073593509914,0.7358444795787094
511,400,11,2750.0,0.2616075234133964,0.9169121004239108
4845,400,33,8250.0,0.28054942581548803,0.7701877100725532
4916,400,15,3750.0,0.315900713158248,0.9636258856682342
3157,400,36,9000.0,0.2761765496549817,0.8050426100405912
758,400,1,250.0,0.39567965052666554,0.3154898652987542
3988,400,12,3000.0,0.2798920208250892,0.9478288293438911
3178,400,9,2250.0,0.31529886979152943,0.6859574293876898
1879,400,20,5000.0,0.2767430550303238,0.8896092572762859
