scenario_id,predicted_capacity_kwh,installed_n_modules,installed_capacity_kwh,reference_n_modules,reference_capacity_kwh,excess_capacity_kwh,undersized,oversized,lpsp_target,verified_lpsp,reliability_pass,reference_lpsp,verified_renewable_share,reference_renewable_share,renewable_share_difference,verified_system_lcoe_eur_per_kwh,reference_system_lcoe_eur_per_kwh,extra_system_lcoe_eur_per_kwh,verified_cost_eur,reference_cost_eur,cost_difference_eur,verified_curtailed_kwh,reference_curtailed_kwh,curtailed_difference_kwh
13,2223.2605,9,2250.0,9,2250.0,0.0,False,False,0.009532343201813953,0.007743573160394843,True,0.007743573160394843,0.9922564268396051,0.9922564268396051,0.0,0.3520082065831607,0.3520082065831607,0.0,339796.6757788865,339796.6757788865,0.0,2549879.3904880257,2549879.3904880257,0.0
16,3043.312,13,3250.0,12,3000.0,250.0,False,True,0.008763328629659783,0.006040416986643289,True,0.00760544603781291,0.9939595830133567,0.9923945539621871,0.0015650290511696197,0.3932589438408559,0.3835072689983565,0.009751674842499392,368852.70474100695,359139.86161859764,9712.843122409307,2025155.0303846386,2026752.8881690418,-1597.8577844032552
21,17066.297,69,17250.0,69,17250.0,0.0,False,False,0.003293306845040367,0.003139534843297463,True,0.003139534843297463,0.9968604651567026,0.9968604651567026,0.0,0.7755510798445987,0.7755510798445987,0.0,782679.8547320843,782679.8547320843,0.0,475573.9491576564,475573.9491576564,0.0
25,4251.943,18,4500.0,16,4000.0,500.0,False,True,0.005552725181343199,0.004048580145541302,True,0.005416174835730161,0.9959514198544587,0.9945838251642698,0.001367594690188878,0.3907074865245086,0.37660965376139166,0.014097832763116935,519313.9653249129,499888.2790800944,19425.6862448185,3352944.444465107,3355130.3588206465,-2185.914355539717
35,3776.2202,16,4000.0,15,3750.0,250.0,False,True,0.008311656862544425,0.006961444303466015,True,0.007959779442746007,0.993038555696534,0.992040220557254,0.0009983351392799378,0.3355917053040647,0.3282031357987145,0.007388569505350162,422302.2344570803,412589.39133467106,9712.84312240925,2715633.7989032287,2717128.980180644,-1495.1812774152495
46,6515.589,27,6750.0,25,6250.0,500.0,False,True,0.005784250228779042,0.004332801336901681,True,0.0054732373964821845,0.9956671986630983,0.9945267626035178,0.0011404360595804741,0.38021320582627527,0.36314377865100367,0.0170694271752716,422404.65885355853,402978.97260874003,19425.6862448185,1244035.184887153,1245578.309616088,-1543.1247289348394
83,6843.468,28,7000.0,27,6750.0,250.0,False,True,0.007788702313045182,0.006731034965434639,True,0.007417603409074375,0.9932689650345654,0.9925823965909256,0.0006865684436397901,0.3291221935543645,0.3236045201646431,0.0055176733897214225,556787.0075280501,547074.1644056409,9712.843122409191,2926812.2877509384,2928177.5690007107,-1365.2812497722916
90,2537.45,11,2750.0,10,2500.0,250.0,False,True,0.0014326408892719744,0.00022169639750348858,True,0.000943446957008531,0.9997783036024965,0.9990565530429915,0.0007217505595050744,0.5023252988862987,0.4909800527893514,0.011345246096947315,417020.186550519,407307.34342810983,9712.843122409191,2996931.0328486334,2997685.5297070853,-754.4968584519811
106,2369.0557,10,2500.0,9,2250.0,250.0,False,True,0.006948857281840803,0.0045657984073203236,True,0.006282435126425299,0.9954342015926797,0.9937175648735747,0.001716636719105047,0.3620375415535748,0.3513746958607217,0.01066284569285314,312048.78896946047,302335.9458470512,9712.84312240925,2784775.065404809,2786424.5154940817,-1649.4500892725773
109,16390.209,66,16500.0,66,16500.0,0.0,False,False,0.004164420833169591,0.003866027236235299,True,0.003866027236235299,0.9961339727637647,0.9961339727637647,0.0,0.7164743291983753,0.7164743291983753,0.0,833362.5518473629,833362.5518473629,0.0,1146230.5793761457,1146230.5793761457,0.0
112,2595.9475,11,2750.0,10,2500.0,250.0,False,True,0.003792143364003242,0.0026877098617238975,True,0.0036431627197320753,0.997312290138276,0.9963568372802679,0.0009554528580081323,0.4151108066181554,0.40609551051469767,0.009015296103457748,428727.9272664493,419015.0841440401,9712.843122409191,3216605.7098349486,3217706.278721072,-1100.568886123132
113,9611.765,39,9750.0,40,10000.0,-250.0,True,False,0.005599915286763957,0.005617635665393577,False,0.005335482293934979,0.9943823643346065,0.994664517706065,-0.0002821533714585378,0.4016836063645015,0.40797452022703223,-0.006290913862530723,608972.5973199194,618685.4404423288,-9712.843122409424,1505404.1449804872,1504866.8912379504,537.2537425367627
115,4522.0635,19,4750.0,19,4750.0,0.0,False,False,0.004580925473499198,0.0038353720757344978,True,0.0038353720757344978,0.9961646279242655,0.9961646279242655,0.0,0.3580838823174933,0.3580838823174933,0.0,376294.0865112541,376294.0865112541,0.0,1594796.8841585233,1594796.8841585233,0.0
116,6250.2827,26,6500.0,25,6250.0,250.0,False,True,0.0031953224581460216,0.0021929466174229104,True,0.0028690951184306415,0.9978070533825771,0.9971309048815694,0.0006761485010077228,0.5326974011144114,0.5224956696158884,0.010201731498522992,490158.00945429946,480445.1663318902,9712.84312240925,1892340.7800588938,1893090.4156917315,-749.6356328376569
138,1749.125,7,1750.0,7,1750.0,0.0,False,False,0.008933632728806762,0.00522891223390597,True,0.00522891223390597,0.994771087766094,0.994771087766094,0.0,0.427590675192548,0.427590675192548,0.0,354934.7601084756,354934.7601084756,0.0,3433539.613082605,3433539.613082605,0.0
156,6145.2705,25,6250.0,25,6250.0,0.0,False,False,0.005674517663564971,0.005040677098533303,True,0.005040677098533303,0.9949593229014667,0.9949593229014667,0.0,0.34307495604877664,0.34307495604877664,0.0,479843.1054376515,479843.1054376515,0.0,1861912.2406992125,1861912.2406992125,0.0
161,4375.003,18,4500.0,18,4500.0,0.0,False,False,0.009510562232498798,0.008688159308720956,True,0.008688159308720956,0.9913118406912791,0.9913118406912791,0.0,0.3959034417824452,0.3959034417824452,0.0,403359.0633381697,403359.0633381697,0.0,1783028.70193158,1783028.70193158,0.0
167,2734.9646,11,2750.0,11,2750.0,0.0,False,False,0.0036345952522419678,0.0025929470271781477,True,0.0025929470271781477,0.9974070529728218,0.9974070529728218,0.0,0.37995266503609687,0.37995266503609687,0.0,482321.699350009,482321.699350009,0.0,4243911.480128435,4243911.480128435,0.0
169,2674.706,11,2750.0,11,2750.0,0.0,False,False,0.002871790814532038,0.0020787798858817315,True,0.0020787798858817315,0.9979212201141183,0.9979212201141183,0.0,0.41823448748977315,0.41823448748977315,0.0,386192.2889497628,386192.2889497628,0.0,2673838.9385373066,2673838.9385373066,0.0
170,3069.346,13,3250.0,12,3000.0,250.0,False,True,0.0024803826631210057,0.001368358839824042,True,0.002239905058022107,0.998631641160176,0.9977600949419779,0.0008715462181980715,0.4087138900216173,0.40141648707984506,0.007297402941772224,519078.3568538021,509365.5137313928,9712.843122409307,4662368.799531458,4663618.385272965,-1249.5857415068895
174,5213.418,21,5250.0,21,5250.0,0.0,False,False,0.0020498925636731613,0.0019541914055792977,True,0.0019541914055792977,0.9980458085944207,0.9980458085944207,0.0,0.39646491171317316,0.39646491171317316,0.0,333219.5283705814,333219.5283705814,0.0,1232701.5831601291,1232701.5831601291,0.0
185,6938.1885,28,7000.0,28,7000.0,0.0,False,False,0.005520725834733176,0.004762514285309227,True,0.004762514285309227,0.9952374857146907,0.9952374857146907,0.0,0.35602610070968804,0.35602610070968804,0.0,489886.71578069136,489886.71578069136,0.0,1919790.1291563914,1919790.1291563914,0.0
187,3481.4065,14,3500.0,14,3500.0,0.0,False,False,0.008227181572129205,0.008219919692277455,True,0.008219919692277455,0.9917800803077226,0.9917800803077226,0.0,0.42401877353631556,0.42401877353631556,0.0,440075.68799188215,440075.68799188215,0.0,2623267.007939369,2623267.007939369,0.0
195,2458.033,10,2500.0,10,2500.0,0.0,False,False,0.004175930907338032,0.0030934386206879472,True,0.0030934386206879472,0.9969065613793121,0.9969065613793121,0.0,0.45427944906527773,0.45427944906527773,0.0,501656.2947728153,501656.2947728153,0.0,4514922.9879079005,4514922.9879079005,0.0
196,7065.532,29,7250.0,29,7250.0,0.0,False,False,0.0016909881825734052,0.001330112925623561,True,0.001330112925623561,0.9986698870743764,0.9986698870743764,0.0,0.42342653300149047,0.42342653300149047,0.0,560889.4917599652,560889.4917599652,0.0,2288976.8907581484,2288976.8907581484,0.0
198,1916.938,8,2000.0,8,2000.0,0.0,False,False,0.005686539559333625,0.004532433140872659,True,0.004532433140872659,0.9954675668591273,0.9954675668591273,0.0,0.41712036289210674,0.41712036289210674,0.0,439878.46768793184,439878.46768793184,0.0,3630784.668928973,3630784.668928973,0.0
201,5316.654,22,5500.0,22,5500.0,0.0,False,False,0.009273054167133976,0.009192214306293764,True,0.009192214306293764,0.9908077856937062,0.9908077856937062,0.0,0.35558506568111564,0.35558506568111564,0.0,323545.8331852845,323545.8331852845,0.0,660320.4898950299,660320.4898950299,0.0
205,10290.321,42,10500.0,42,10500.0,0.0,False,False,0.0010242033170804188,0.0009725154249765976,True,0.0009725154249765976,0.9990274845750234,0.9990274845750234,0.0,0.455838038303923,0.455838038303923,0.0,729558.6241536725,729558.6241536725,0.0,2857238.2542202733,2857238.2542202733,0.0
206,14235.279,57,14250.0,56,14000.0,250.0,False,True,0.004352985189033598,0.004114632156078351,True,0.004262830063291221,0.9958853678439217,0.9957371699367088,0.00014819790721287696,0.5532128570002692,0.5462534984043154,0.006959358595953868,763178.4306933514,753465.5875709421,9712.843122409307,1252755.0135367773,1253048.59859423,-293.5850574525539
213,5883.406,24,6000.0,24,6000.0,0.0,False,False,0.007792607412016372,0.006761759148143615,True,0.006761759148143615,0.9932382408518564,0.9932382408518564,0.0,0.3463465985995159,0.3463465985995159,0.0,449793.6345333144,449793.6345333144,0.0,1674431.0852690197,1674431.0852690197,0.0
214,4013.7954,17,4250.0,15,3750.0,500.0,False,True,0.005666676152330852,0.0040769408671076065,True,0.005440786661303552,0.9959230591328924,0.9945592133386965,0.001363845794195906,0.38169540130478957,0.3676329959788971,0.01406240532589248,509046.42026920547,489620.73402438697,19425.6862448185,3408388.31913141,3410495.8499795035,-2107.530848093331
218,10635.108,43,10750.0,43,10750.0,0.0,False,False,0.00781637168326943,0.007782357055655597,True,0.007782357055655597,0.9922176429443444,0.9922176429443444,0.0,0.3163541467716783,0.3163541467716783,0.0,626639.3326084423,626639.3326084423,0.0,1551791.0327304986,1551791.0327304986,0.0
221,2662.5376,11,2750.0,11,2750.0,0.0,False,False,0.002222751908615206,0.001674369772694503,True,0.001674369772694503,0.9983256302273055,0.9983256302273055,0.0,0.3945905805796435,0.3945905805796435,0.0,386384.9917562219,386384.9917562219,0.0,3578893.634000767,3578893.634000767,0.0
225,1628.6838,7,1750.0,6,1500.0,250.0,False,True,0.008598923225873967,0.002338571759668004,True,0.008000640250276433,0.997661428240332,0.9919993597497235,0.005662068490608463,0.5112395411608411,0.5041922066513993,0.007047334509441838,501129.3939614637,491416.5508390545,9712.843122409191,5233598.8644287735,5239578.921762551,-5980.057333777659
239,2804.3142,12,3000.0,11,2750.0,250.0,False,True,0.007135745008434391,0.004745880885003707,True,0.006354458606594771,0.9952541191149963,0.9936455413934052,0.0016085777215910646,0.341768495490923,0.3303383425270338,0.011430152963889162,277459.59991601936,267746.7567936101,9712.84312240925,1505400.3436278505,1506959.1592241884,-1558.8155963378958
242,5254.6523,22,5500.0,21,5250.0,250.0,False,True,0.0030982463172748442,0.002156029857152967,True,0.0026207230685829246,0.997843970142847,0.997379276931417,0.00046469321142994513,0.413216680675613,0.4050918837852724,0.008124796890340624,482773.1215652942,473060.278442885,9712.843122409191,2456849.987102168,2457525.735254225,-675.7481520567089
245,4805.3,20,5000.0,19,4750.0,250.0,False,True,0.0035442035316424203,0.0029774754422837004,True,0.0035256877867750726,0.9970225245577163,0.9964743122132249,0.0005482123444914277,0.38861387205165954,0.3795813335959114,0.00903253845574814,408445.30115951307,398732.45803710376,9712.843122409307,1790052.3875489468,1790769.5687123048,-717.1811633580364
266,1689.7251,7,1750.0,7,1750.0,0.0,False,False,0.00505333831534438,0.0024446379153185574,True,0.0024446379153185574,0.9975553620846814,0.9975553620846814,0.0,0.41495871682175417,0.41495871682175417,0.0,331895.7130716734,331895.7130716734,0.0,3207315.30913248,3207315.30913248,0.0
267,18834.615,76,19000.0,72,18000.0,1000.0,False,True,0.0020889650367755808,0.0013798257889074805,True,0.0020343164895942024,0.9986201742110925,0.9979656835104058,0.0006544907006866829,0.809998076214761,0.7751174441659755,0.034880632048785554,889255.332309084,850403.9598194472,38851.372489636764,816597.0639851389,817665.4992770293,-1068.4352918904042
269,7390.545,30,7500.0,30,7500.0,0.0,False,False,0.0045496752076470415,0.004404983844854741,True,0.004404983844854741,0.9955950161551452,0.9955950161551452,0.0,0.34176022246564614,0.34176022246564614,0.0,526976.0419252578,526976.0419252578,0.0,2136654.9960542466,2136654.9960542466,0.0
281,1999.3881,8,2000.0,8,2000.0,0.0,False,False,0.008592140547699634,0.0060463319880818345,True,0.0060463319880818345,0.9939536680119182,0.9939536680119182,0.0,0.40523409563294555,0.40523409563294555,0.0,403613.0795852336,403613.0795852336,0.0,3983770.46869057,3983770.46869057,0.0
282,5399.726,22,5500.0,22,5500.0,0.0,False,False,0.005896136354553438,0.005557050291724688,True,0.005557050291724688,0.9944429497082753,0.9944429497082753,0.0,0.4641370728345979,0.4641370728345979,0.0,505639.0613626891,505639.0613626891,0.0,2398775.832788081,2398775.832788081,0.0
285,1892.4773,8,2000.0,8,2000.0,0.0,False,False,0.008272951550871377,0.00515496000976395,True,0.00515496000976395,0.9948450399902361,0.9948450399902361,0.0,0.37585676383131067,0.37585676383131067,0.0,342791.42374793114,342791.42374793114,0.0,3117303.1629777797,3117303.1629777797,0.0
287,3142.1802,13,3250.0,11,2750.0,500.0,False,True,0.003817915700331409,0.002579380824990689,True,0.0037302086482841816,0.9974206191750093,0.9962697913517158,0.0011508278232935654,0.4005343213819371,0.37921347119944415,0.021320850182492967,357593.3104743032,338167.62422948465,19425.686244818557,3165970.8430453334,3167237.0591268535,-1266.2160815200768
288,2100.0237,9,2250.0,8,2000.0,250.0,False,True,0.008950186767302415,0.006620267567987729,True,0.008340312761233882,0.9933797324320123,0.9916596872387661,0.0017200451932462002,0.3299964139779459,0.31846503081241484,0.01153138316553104,265269.74543860345,255556.90231619417,9712.843122409278,1820641.6961218005,1822249.610157379,-1607.9140355784912
297,2084.5605,9,2250.0,8,2000.0,250.0,False,True,0.00810851353756925,0.006004613255100682,True,0.007848907998262203,0.9939953867448993,0.9921510920017378,0.0018442947431615009,0.3165236718350213,0.3057308492659533,0.010792822569067995,270626.87864459335,260914.03552218407,9712.843122409278,2277087.1604476366,2278847.6855053883,-1760.5250577516854
305,2053.349,9,2250.0,8,2000.0,250.0,False,True,0.008093489846873414,0.003690540209321142,True,0.007779884753033406,0.9963094597906789,0.9922201152469666,0.004089344543712237,0.4428893861174963,0.43623854036239057,0.0066508457551057165,509598.35282974166,499885.50970733236,9712.843122409307,4686558.676012243,4691989.201215469,-5430.525203226134
321,9047.353,37,9250.0,36,9000.0,250.0,False,True,0.00889844378071436,0.007503722059597044,True,0.008202546467434919,0.992496277940403,0.9917974535325651,0.0006988244078378614,0.31570438915704063,0.31065916739835736,0.0050452217586832715,582524.8681639994,572812.0250415902,9712.843122409191,1601328.415183428,1602807.4645715477,-1479.049388119718
323,2991.7585,12,3000.0,12,3000.0,0.0,False,False,0.0028673964161491927,0.0022043136551742975,True,0.0022043136551742975,0.9977956863448257,0.9977956863448257,0.0,0.5064088481012106,0.5064088481012106,0.0,416902.069271144,416902.069271144,0.0,2741241.876474945,2741241.876474945,0.0
327,5042.2646,21,5250.0,21,5250.0,0.0,False,False,0.0040240555892552266,0.003553110841055201,True,0.003553110841055201,0.9964468891589447,0.9964468891589447,0.0,0.40085379603005356,0.40085379603005356,0.0,426899.5007655205,426899.5007655205,0.0,1826203.1389683932,1826203.1389683932,0.0
328,4711.5815,19,4750.0,19,4750.0,0.0,False,False,0.006180712395085219,0.005480669642803846,True,0.005480669642803846,0.9945193303571962,0.9945193303571962,0.0,0.3535179183254596,0.3535179183254596,0.0,595821.3177673366,595821.3177673366,0.0,4309592.5591109935,4309592.5591109935,0.0
332,2375.0894,10,2500.0,10,2500.0,0.0,False,False,0.005243950949476384,0.004506316732556555,True,0.004506316732556555,0.9954936832674435,0.9954936832674435,0.0,0.4306840747666609,0.4306840747666609,0.0,405109.5954985155,405109.5954985155,0.0,2893650.7136502564,2893650.7136502564,0.0
338,2807.9385,12,3000.0,11,2750.0,250.0,False,True,0.004893769235282619,0.003266799966415318,True,0.004150239677529086,0.9967332000335847,0.995849760322471,0.0008834397111137093,0.37620458064180406,0.3676265787481165,0.00857800189368757,410386.43362181936,400673.59049941006,9712.843122409307,3162283.929524416,3163370.239258672,-1086.3097342560068
341,6196.2197,25,6250.0,23,5750.0,500.0,False,True,0.002830084128946808,0.0021008654992409285,True,0.0028263201747105752,0.9978991345007591,0.9971736798252894,0.0007254546754696944,0.36839969906247677,0.3538657312760549,0.014533967786421853,483828.6564450711,464402.9702002526,19425.6862448185,2520847.1429861793,2522020.1919035045,-1173.0489173252136
348,5888.383,24,6000.0,24,6000.0,0.0,False,False,0.007596178510263174,0.007375370850441653,True,0.007375370850441653,0.9926246291495584,0.9926246291495584,0.0,0.4014181031101311,0.4014181031101311,0.0,445591.8554607682,445591.8554607682,0.0,1563140.0230609607,1563140.0230609607,0.0
353,6967.3184,28,7000.0,28,7000.0,0.0,False,False,0.00547395277168683,0.005170702698622279,True,0.005170702698622279,0.9948292973013777,0.9948292973013777,0.0,0.3230152524460338,0.3230152524460338,0.0,489005.287485213,489005.287485213,0.0,1788717.7993925516,1788717.7993925516,0.0
356,9197.261,37,9250.0,36,9000.0,250.0,False,True,0.00543245845950957,0.004780141411392902,True,0.005125503695720484,0.9952198585886071,0.9948744963042795,0.0003453622843275772,0.37230947778027323,0.3652978289883703,0.007011648791902914,506580.75070889894,496867.90758648975,9712.843122409191,1056777.930107399,1057338.4684177232,-560.5383103243075
359,5830.0425,24,6000.0,22,5500.0,500.0,False,True,0.0026092737262831678,0.0019375180044138688,True,0.0025367680973885595,0.9980624819955861,0.9974632319026114,0.0005992500929746791,0.3607384027482281,0.3473449071723584,0.013393495575869718,515186.5365993214,495760.8503545029,19425.6862448185,2779574.3444908066,2780614.8009462953,-1040.4564554886892
360,4948.073,20,5000.0,19,4750.0,250.0,False,True,0.0018829377054158103,0.0010339593116887038,True,0.0016290637815650011,0.9989660406883113,0.998370936218435,0.0005951044698763175,0.4203260017994826,0.40969292787889566,0.010633073920586933,375334.13015808834,365621.2870356791,9712.84312240925,1463940.7460520067,1464616.775880844,-676.0298288373742
364,4861.9297,20,5000.0,20,5000.0,0.0,False,False,0.0053946804486372235,0.0049847747632143155,True,0.0049847747632143155,0.9950152252367856,0.9950152252367856,0.0,0.3655439445870276,0.3655439445870276,0.0,518433.8137268813,518433.8137268813,0.0,2972946.266961786,2972946.266961786,0.0
371,8347.463,34,8500.0,34,8500.0,0.0,False,False,0.0033820132898599864,0.003213904488079785,True,0.003213904488079785,0.9967860955119202,0.9967860955119202,0.0,0.3536375467839864,0.3536375467839864,0.0,529150.0967004702,529150.0967004702,0.0,1603502.105698338,1603502.105698338,0.0
392,8288.277,34,8500.0,33,8250.0,250.0,False,True,0.005601815637697238,0.0048831299926237895,True,0.005224086685993049,0.9951168700073763,0.9947759133140069,0.0003409566933693098,0.35168495181492504,0.3455606809235211,0.006124270891403938,547179.4301645451,537466.5870421359,9712.843122409191,1769268.973980662,1769944.1631771605,-675.1891964985989
397,12688.472,51,12750.0,53,13250.0,-500.0,True,False,0.0047479121028995985,0.00498697411861341,False,0.004731960181784887,0.9950130258813866,0.9952680398182151,-0.0002550139368284743,0.49001504719589595,0.5040883043092315,-0.014073257113335513,670227.8783100304,689653.5645548489,-19425.6862448185,1097895.584774766,1097371.6491367356,523.9356380302925
401,5753.5146,24,6000.0,23,5750.0,250.0,False,True,0.004100003988500189,0.0033375810484735187,True,0.003826207141443991,0.9966624189515265,0.996173792858556,0.0004886260929705122,0.44529164986282577,0.4364556610000638,0.00883598886276199,477907.6104404074,468194.7673179981,9712.843122409307,1954433.7158958497,1955086.5349106367,-652.8190147869755
412,4031.5608,17,4250.0,16,4000.0,250.0,False,True,0.006688694529668582,0.005462677983984715,True,0.006255819370018032,0.9945373220160153,0.9937441806299819,0.0007931413860333691,0.38704677198924275,0.3793437869827886,0.007702985006454166,469592.08985655336,459879.2467341441,9712.84312240925,2635639.286515167,2636714.1972860293,-1074.9107708623633
415,1699.3815,7,1750.0,7,1750.0,0.0,False,False,0.00589141961391737,0.003160174095322284,True,0.003160174095322284,0.9968398259046777,0.9968398259046777,0.0,0.42849306268470666,0.42849306268470666,0.0,373315.2091523977,373315.2091523977,0.0,3606493.6679232433,3606493.6679232433,0.0
437,4394.018,18,4500.0,18,4500.0,0.0,False,False,0.006716919323870196,0.006229961928382543,True,0.006229961928382543,0.9937700380716175,0.9937700380716175,0.0,0.3526360783467046,0.3526360783467046,0.0,507646.63225741405,507646.63225741405,0.0,3017608.969099613,3017608.969099613,0.0
440,2021.6735,9,2250.0,8,2000.0,250.0,False,True,0.007854065318786407,0.005012437955483053,True,0.0068937823022384445,0.994987562044517,0.9931062176977615,0.0018813443467554647,0.3921439771456995,0.3818323857809886,0.010311591364710881,345204.0883650276,335491.2452426184,9712.84312240925,2445965.9604571257,2447842.784133377,-1876.8236762513407
460,2466.9023,10,2500.0,10,2500.0,0.0,False,False,0.005909346381475,0.003794305858104212,True,0.003794305858104212,0.9962056941418957,0.9962056941418957,0.0,0.3798399917472954,0.3798399917472954,0.0,435333.0558520488,435333.0558520488,0.0,4007284.3212484727,4007284.3212484727,0.0
461,5280.8516,22,5500.0,21,5250.0,250.0,False,True,0.005260638125912043,0.0042969340582260235,True,0.004986149437501018,0.9957030659417739,0.995013850562499,0.0006892153792749101,0.3871884379628454,0.3798330128588666,0.0073554251039787966,493637.6914749604,483924.8483525512,9712.843122409191,2376069.055041124,2377116.508643413,-1047.4536022888497
463,20824.29,84,21000.0,74,18500.0,2500.0,False,True,0.001224853049126784,0.0,True,0.001127502166522728,1.0,0.9988724978334773,0.001127502166522687,0.9555073333490252,0.853152703075677,0.10235463027334812,898277.3594029973,801148.9281789048,97128.43122409249,313545.0297648258,315395.89006571326,-1850.8603008874343
471,2792.5532,12,3000.0,11,2750.0,250.0,False,True,0.00931553595262602,0.007324246177552907,True,0.008969764946864264,0.9926757538224471,0.9910302350531357,0.0016455187693114048,0.3388187389579702,0.33153288382441776,0.007285855133552455,420001.94286816777,410289.09974575846,9712.843122409307,2781813.526091885,2784056.0705971117,-2242.5445052268915
474,1699.0146,7,1750.0,7,1750.0,0.0,False,False,0.006054241808202354,0.0022563947269684933,True,0.0022563947269684933,0.9977436052730315,0.9977436052730315,0.0,0.4539647853356666,0.4539647853356666,0.0,377894.3470675263,377894.3470675263,0.0,4121975.275735534,4121975.275735534,0.0
475,6400.0474,26,6500.0,25,6250.0,250.0,False,True,0.00786881006262996,0.006460925243900199,True,0.007315425915781618,0.9935390747560998,0.9926845740842184,0.0008545006718814196,0.3787121020892666,0.37065941739492647,0.008052684694340118,439393.54513405706,429680.70201164787,9712.843122409191,1367881.1514252294,1369068.423907009,-1187.272481779568
478,7035.246,29,7250.0,28,7000.0,250.0,False,True,0.0025117367111251454,0.002150154447570851,True,0.0024854700558927362,0.9978498455524292,0.9975145299441073,0.00033531560832189555,0.36824851718293583,0.3630599396135438,0.0051885775693920055,673512.1918532589,663799.3487308496,9712.843122409307,4121076.8838353837,4121789.8063478586,-712.9225124749355
486,2648.4487,11,2750.0,11,2750.0,0.0,False,False,0.0023969476221273878,0.0018310905942621055,True,0.0018310905942621055,0.9981689094057379,0.9981689094057379,0.0,0.45131664009541955,0.45131664009541955,0.0,442005.50226490916,442005.50226490916,0.0,3412949.665579438,3412949.665579438,0.0
490,3691.935,15,3750.0,16,4000.0,-250.0,True,False,0.0019745464239484534,0.002017726650221638,False,0.0017053667440642267,0.9979822733497784,0.9982946332559358,-0.00031235990615741116,0.39617653151928556,0.404780623957882,-0.008604092438596445,440739.33371721406,450452.1768396233,-9712.84312240925,3769302.165437488,3768857.9380916813,444.2273458065465
516,2781.9878,12,3000.0,11,2750.0,250.0,False,True,0.004739577077853996,0.0034146692750165334,True,0.004410878453202687,0.9965853307249835,0.9955891215467974,0.0009962091781861027,0.39968867086724336,0.3893002883030961,0.010388382564147258,360204.1680738849,350491.3249514756,9712.843122409307,2305360.467945495,2306423.8876310475,-1063.4196855523624
519,2090.4397,9,2250.0,8,2000.0,250.0,False,True,0.003840129627445954,0.001952426548814267,True,0.0036389279310989793,0.9980475734511858,0.996361072068901,0.0016865013822847663,0.46622277176335875,0.45582711850621704,0.010395653257141702,405551.23264404637,395838.3895216371,9712.84312240925,3421653.175188949,3423336.8392093442,-1683.664020395372
530,1831.3688,8,2000.0,7,1750.0,250.0,False,True,0.007949209786210831,0.0022625766396664657,True,0.005828800426083077,0.9977374233603336,0.994171199573917,0.003566223786416578,0.4253131285142386,0.4164551819092606,0.008857946604977962,399265.9274797685,389553.08435735933,9712.843122409191,4240471.2456133505,4244082.10249687,-3610.856883519329
551,1820.0774,8,2000.0,7,1750.0,250.0,False,True,0.007479762302165627,0.0031256896429538907,True,0.006603173773654554,0.9968743103570461,0.9933968262263454,0.003477484130700703,0.39991701180951844,0.39164291318061045,0.008274098628907989,402926.3412231464,393213.4981007372,9712.843122409191,3666097.776710564,3669963.7039610166,-3865.9272504528053
555,5823.088,24,6000.0,24,6000.0,0.0,False,False,0.005105171891060634,0.004613019221323791,True,0.004613019221323791,0.9953869807786762,0.9953869807786762,0.0,0.3597822268126967,0.3597822268126967,0.0,647517.4905121762,647517.4905121762,0.0,4326631.164236852,4326631.164236852,0.0
564,4085.0803,17,4250.0,16,4000.0,250.0,False,True,0.0067450348072516375,0.005102899699195602,True,0.006103320902051531,0.9948971003008044,0.9938966790979484,0.0010004212028559278,0.3440954664665286,0.3322668569990095,0.011828609467519124,274785.98134758254,265073.1382251732,9712.843122409307,976799.7304108965,977696.5588461917,-896.8284352952614
574,3629.0796,15,3750.0,14,3500.0,250.0,False,True,0.006502310594389549,0.004753581188434434,True,0.0060315674379584246,0.9952464188115656,0.9939684325620416,0.0012779862495240213,0.36773634695882024,0.3612737726906138,0.006462574268206456,515668.01711624605,505955.1739938368,9712.84312240925,4211334.558650352,4213346.53140016,-2011.9727498078719
585,4439.911,18,4500.0,17,4250.0,250.0,False,True,0.0010521127305174183,0.0003494901106742787,True,0.0008138962813578127,0.9996505098893257,0.9991861037186421,0.00046440617068355117,0.4420019882795663,0.4341406537106808,0.007861334568885547,532442.5039379672,522729.66081555793,9712.843122409307,3471782.2866975972,3472487.137371984,-704.8506743866019
597,2673.9912,11,2750.0,11,2750.0,0.0,False,False,0.007229726381150381,0.006198522235804081,True,0.006198522235804081,0.9938014777641959,0.9938014777641959,0.0,0.4163192142728925,0.4163192142728925,0.0,430192.09977057856,430192.09977057856,0.0,3045936.466168631,3045936.466168631,0.0
603,6123.7754,25,6250.0,25,6250.0,0.0,False,False,0.008822851060754422,0.008288356291953377,True,0.008288356291953377,0.9917116437080467,0.9917116437080467,0.0,0.33841144238439064,0.33841144238439064,0.0,462386.6011569701,462386.6011569701,0.0,1728384.4181072987,1728384.4181072987,0.0
614,5740.538,23,5750.0,23,5750.0,0.0,False,False,0.005958148263234375,0.005703752153342377,True,0.005703752153342377,0.9942962478466576,0.9942962478466576,0.0,0.3534776729194311,0.3534776729194311,0.0,386856.6351196501,386856.6351196501,0.0,1274970.9316575315,1274970.9316575315,0.0
629,1646.5352,7,1750.0,6,1500.0,250.0,False,True,0.007839459387664394,0.0030670714920883915,True,0.006674216772709114,0.9969329285079116,0.9933257832272909,0.0036071452806206716,0.3858344567444392,0.3751087860272369,0.010725670717202318,310153.017350393,300440.1742279838,9712.843122409191,2914892.4965918083,2917968.1325334506,-3075.6359416423365
636,4167.691,17,4250.0,17,4250.0,0.0,False,False,0.006751944176860647,0.005930357774292785,True,0.005930357774292785,0.9940696422257073,0.9940696422257073,0.0,0.3349314272835054,0.3349314272835054,0.0,393868.9932071585,393868.9932071585,0.0,2455666.4498255067,2455666.4498255067,0.0
639,5117.6494,21,5250.0,21,5250.0,0.0,False,False,0.006363046938772765,0.005854433178482712,True,0.005854433178482712,0.9941455668215173,0.9941455668215173,0.0,0.3010950743432647,0.3010950743432647,0.0,442154.15887887497,442154.15887887497,0.0,2498010.7627532547,2498010.7627532547,0.0
669,2488.0188,10,2500.0,10,2500.0,0.0,False,False,0.0013092381802282116,0.0010489854452004012,True,0.0010489854452004012,0.9989510145547996,0.9989510145547996,0.0,0.5055881647149698,0.5055881647149698,0.0,501784.76337071887,501784.76337071887,0.0,4673057.958190985,4673057.958190985,0.0
685,1701.0922,7,1750.0,7,1750.0,0.0,False,False,0.0029163216508352185,0.0021378616533973866,True,0.0021378616533973866,0.9978621383466026,0.9978621383466026,0.0,0.4635227338273417,0.4635227338273417,0.0,407397.9263313826,407397.9263313826,0.0,3672332.1068028286,3672332.1068028286,0.0
690,1679.1643,7,1750.0,7,1750.0,0.0,False,False,0.006601342309014435,0.004314272461544011,True,0.004314272461544011,0.995685727538456,0.995685727538456,0.0,0.4498662602435557,0.4498662602435557,0.0,383378.4280500725,383378.4280500725,0.0,3161594.0866174866,3161594.0866174866,0.0
709,6738.996,27,6750.0,28,7000.0,-250.0,True,False,0.009779775314578631,0.009966956648316538,False,0.009153772066440743,0.9900330433516835,0.9908462279335593,-0.0008131845818757366,0.3509879945612769,0.3573971207016052,-0.006409126140328292,508616.0163782873,518328.8595006965,-9712.843122409191,1719610.179686337,1718245.3188265548,1364.8608597822022
710,6707.1865,27,6750.0,27,6750.0,0.0,False,False,0.008138448844316803,0.007744191875649291,True,0.007744191875649291,0.9922558081243507,0.9922558081243507,0.0,0.29615950236579935,0.29615950236579935,0.0,467068.75554047694,467068.75554047694,0.0,1527401.8263691776,1527401.8263691776,0.0
725,4564.9507,19,4750.0,18,4500.0,250.0,False,True,0.004983964067549973,0.0035016605931737677,True,0.0043136286048333855,0.9964983394068262,0.9956863713951666,0.000811968011659614,0.36177271210806533,0.35303680930982323,0.008735902798242101,389407.25976016326,379694.41663775407,9712.843122409191,1803641.1120057642,1804620.894326678,-979.7823209138587
748,1935.7792,8,2000.0,8,2000.0,0.0,False,False,0.005741616921039583,0.003898436326309629,True,0.003898436326309629,0.9961015636736904,0.9961015636736904,0.0,0.34651145668318534,0.34651145668318534,0.0,279561.53845478303,279561.53845478303,0.0,2193829.544242082,2193829.544242082,0.0
749,11257.927,46,11500.0,42,10500.0,1000.0,False,True,0.0023789612719770092,0.0006009521839100899,True,0.002273768489653224,0.9993990478160899,0.9977262315103468,0.001672816305743119,0.6586867567778769,0.6209168832323374,0.03776987354553951,659402.9004822245,620551.5279925875,38851.372489637,1463565.5549946325,1465755.22111256,-2189.666117927525
752,2534.5635,11,2750.0,10,2500.0,250.0,False,True,0.0041030416352163535,0.0027855212675471463,True,0.003510942784034366,0.9972144787324528,0.9964890572159656,0.0007254215164872457,0.37675563348948216,0.36611449051709705,0.01064114297238511,335491.8818549704,325779.03873256117,9712.84312240925,3091419.481944712,3092180.153601729,-760.6716570169665
754,9002.846,37,9250.0,36,9000.0,250.0,False,True,0.0014650272319833846,0.0008228375643772451,True,0.0012025018721936677,0.9991771624356227,0.9987974981278064,0.00037966430781632976,0.5780479962967108,0.5687548346590175,0.009293161637693226,590422.4332512531,580709.5901288439,9712.843122409191,1699702.843635277,1700184.0811045994,-481.2374693225138
763,5504.5938,23,5750.0,22,5500.0,250.0,False,True,0.009316588822751992,0.008068602787197642,True,0.008937944513777338,0.9919313972128023,0.9910620554862226,0.0008693417265797088,0.3357244055716839,0.3298806879163766,0.0058437176553073344,531702.132075609,521989.28895319975,9712.843122409307,2775261.827806068,2776760.000762129,-1498.1729560610838
766,3229.4302,13,3250.0,13,3250.0,0.0,False,False,0.005972801705420361,0.005004299487396077,True,0.005004299487396077,0.9949957005126039,0.9949957005126039,0.0,0.3771401969689565,0.3771401969689565,0.0,517916.20919609745,517916.20919609745,0.0,3922068.556418649,3922068.556418649,0.0
794,9850.878,40,10000.0,39,9750.0,250.0,False,True,0.0018019194645791936,0.0016732105835872712,True,0.001780242820955124,0.9983267894164127,0.9982197571790449,0.0001070322373678545,0.4064204817510756,0.4007342344773026,0.005686247273772982,689012.6105465663,679299.767424157,9712.843122409307,2702759.3580834256,2703034.7593396776,-275.4012562520802
797,9094.747,37,9250.0,36,9000.0,250.0,False,True,0.008259391643361425,0.00740042339958767,True,0.007875105515644576,0.9925995766004123,0.9921248944843555,0.00047468211605683486,0.41595844654793107,0.40977545079191574,0.00618299575601533,633353.9858142314,623641.1426918223,9712.843122409191,1857522.8714945102,1858350.9043680253,-828.0328735150397
808,5028.624,21,5250.0,20,5000.0,250.0,False,True,0.0025603178598901932,0.002158364066948391,True,0.002542534679912246,0.9978416359330516,0.9974574653200877,0.00038417061296391886,0.3525183850418246,0.34388893932897263,0.008629445712851957,390780.29317008366,381067.4500476744,9712.84312240925,1727729.1471809293,1728241.5818864633,-512.4347055340186
811,2603.7554,11,2750.0,10,2500.0,250.0,False,True,0.004645472223915426,0.0016380933912570317,True,0.0035623634068528255,0.998361906608743,0.9964376365931472,0.0019242700155958081,0.46164296821335316,0.4539980299138032,0.00764493829954993,526276.1537808165,516563.3106584073,9712.843122409191,5028058.2511210935,5030592.6750079645,-2534.4238868709654
813,3581.8486,15,3750.0,15,3750.0,0.0,False,False,0.009679422089910239,0.008443734539530585,True,0.008443734539530585,0.9915562654604694,0.9915562654604694,0.0,0.32391154531183713,0.32391154531183713,0.0,452521.20122756204,452521.20122756204,0.0,2822765.49704549,2822765.49704549,0.0
828,2270.328,10,2500.0,9,2250.0,250.0,False,True,0.0011909827263232309,0.0,True,0.0005581418673180944,1.0,0.9994418581326819,0.0005581418673180627,0.5432522432534196,0.5318931069194878,0.011359136333931819,452687.0390443122,442974.19592190295,9712.84312240925,3770417.7927994076,3771011.008268811,-593.2154694031924
842,5793.1685,24,6000.0,23,5750.0,250.0,False,True,0.006398206343095181,0.004903891503517374,True,0.00563568936985795,0.9950961084964827,0.9943643106301421,0.0007317978663405889,0.4025809847371448,0.3933813350567744,0.009199649680370403,412080.2021014015,402367.3589789922,9712.843122409307,1341676.8665153524,1342590.2385008743,-913.371985521866
862,6711.9053,27,6750.0,27,6750.0,0.0,False,False,0.007907253004389991,0.007209981280615972,True,0.007209981280615972,0.992790018719384,0.992790018719384,0.0,0.34659718504936865,0.34659718504936865,0.0,594931.2602672994,594931.2602672994,0.0,2655321.8296608925,2655321.8296608925,0.0
867,7736.642,31,7750.0,32,8000.0,-250.0,True,False,0.00833804997174925,0.008574446984252339,False,0.007747031469600865,0.9914255530157476,0.9922529685303991,-0.0008274155146514861,0.3412844143284872,0.3469403859867922,-0.0056559716583050035,557536.2575604363,567249.1006828455,-9712.843122409191,1993040.2892111288,1991540.0887241645,1500.2004869643133
871,2216.5317,9,2250.0,9,2250.0,0.0,False,False,0.004007628895074777,0.0017260218964087535,True,0.0017260218964087535,0.9982739781035912,0.9982739781035912,0.0,0.42489272840583525,0.42489272840583525,0.0,466171.95645198534,466171.95645198534,0.0,4623217.633307927,4623217.633307927,0.0
876,18003.832,73,18250.0,75,18750.0,-500.0,True,False,0.003771693782081642,0.003968514190059609,False,0.0037033536133835553,0.9960314858099404,0.9962966463866164,-0.00026516057667602677,0.6007383872500244,0.6142355303906332,-0.013497143140608792,854259.8059788712,873685.4922236894,-19425.686244818266,755206.8651006491,754651.3775410117,555.487559637404
880,18946.01,76,19000.0,79,19750.0,-750.0,True,False,0.0016104541254340354,0.0019062842618560577,False,0.0016021648993871274,0.998093715738144,0.9983978351006129,-0.00030411936246887983,0.5815484019258403,0.5983884614551047,-0.016840059529264373,995481.0437307319,1024619.5730979597,-29138.529367227806,1764372.702664184,1763577.3310536663,795.3716105176136
882,3282.759,14,3500.0,13,3250.0,250.0,False,True,0.003662115922805964,0.0027095896936822315,True,0.003485434292414204,0.9972904103063178,0.9965145657075858,0.0007758445987320339,0.3577710255297582,0.3492195475364737,0.008551477993284484,393847.1159453945,384134.2728229853,9712.843122409191,2610011.2930559255,2611005.159605895,-993.8665499696508
884,4801.9634,20,5000.0,19,4750.0,250.0,False,True,0.003771343573896191,0.002938714665366332,True,0.0036041036792790852,0.9970612853346337,0.9963958963207209,0.000665389013912776,0.3573704142566673,0.35024097534995036,0.007129438906716967,471411.32088803535,461698.4777656261,9712.84312240925,2632640.4874066915,2633638.819749184,-998.3323424924165
885,4462.4346,18,4500.0,18,4500.0,0.0,False,False,0.007859974303915607,0.007511483907399369,True,0.007511483907399369,0.9924885160926006,0.9924885160926006,0.0,0.45728213273049784,0.45728213273049784,0.0,473977.15303431265,473977.15303431265,0.0,2471276.154498964,2471276.154498964,0.0
887,6692.077,27,6750.0,28,7000.0,-250.0,True,False,0.001572791506453397,0.0015923020000494271,False,0.0011960354440754225,0.9984076979999505,0.9988039645559246,-0.00039626655597402305,0.43415837994297923,0.4410443038772073,-0.006885923934228044,597213.9778131127,606926.8209355219,-9712.843122409191,2937417.339869242,2936743.300106977,674.0397622650489
892,1828.4512,8,2000.0,7,1750.0,250.0,False,True,0.009730693559745207,0.0028507307351764164,True,0.007664295611224655,0.9971492692648236,0.9923357043887754,0.004813564876048226,0.467301762845916,0.45952084056736403,0.007780922278551983,453920.12410464894,444207.28098223964,9712.843122409307,4346797.980210794,4351844.824128851,-5046.843918057159
893,7681.833,31,7750.0,31,7750.0,0.0,False,False,0.0045003989837729685,0.004100038695695524,True,0.004100038695695524,0.9958999613043045,0.9958999613043045,0.0,0.3339978446390055,0.3339978446390055,0.0,599271.6986107193,599271.6986107193,0.0,2471339.823965104,2471339.823965104,0.0
894,4798.2153,20,5000.0,18,4500.0,500.0,False,True,0.006904358841067215,0.004867993794059705,True,0.006587032856612964,0.9951320062059403,0.993412967143387,0.0017190390625533292,0.4127370178659,0.39211410932807217,0.020622908537827833,376413.1417397271,356987.4554949086,19425.6862448185,1333798.0111338363,1335708.2113436896,-1910.2002098532394
898,2132.6458,9,2250.0,9,2250.0,0.0,False,False,0.0040180973852359525,0.0015433758153146672,True,0.0015433758153146672,0.9984566241846853,0.9984566241846853,0.0,0.46743663883181163,0.46743663883181163,0.0,466751.310514528,466751.310514528,0.0,4526193.03226869,4526193.03226869,0.0
913,3999.228,16,4000.0,16,4000.0,0.0,False,False,0.009805372864809425,0.009007826282044575,True,0.009007826282044575,0.9909921737179554,0.9909921737179554,0.0,0.2820538113549348,0.2820538113549348,0.0,396838.88607933803,396838.88607933803,0.0,2578486.1428412967,2578486.1428412967,0.0
917,1917.1643,8,2000.0,7,1750.0,250.0,False,True,0.0015157577246998066,0.00022593617206960578,True,0.001389963993761479,0.9997740638279304,0.9986100360062385,0.0011640278216918931,0.49779000763769926,0.4865007232326563,0.011289284405042954,407816.5817988231,398103.7386764139,9712.843122409191,3957251.407626041,3958377.1140321223,-1125.7064060810953
926,3232.937,13,3250.0,13,3250.0,0.0,False,False,0.0020867677710135757,0.0017614269028395399,True,0.0017614269028395399,0.9982385730971605,0.9982385730971605,0.0,0.37758879379402904,0.37758879379402904,0.0,431944.84548510844,431944.84548510844,0.0,3276530.738898781,3276530.738898781,0.0
940,16565.03,67,16750.0,62,15500.0,1250.0,False,True,0.005762862266592839,0.00515367201995938,True,0.005755902371956349,0.9948463279800406,0.9942440976280437,0.000602230351996913,0.4697456854181131,0.44608187672080846,0.023663808697304667,953161.988963923,904597.7733518768,48564.21561204619,1863262.2291142475,1864995.83109468,-1733.6019804324023
941,5210.075,21,5250.0,21,5250.0,0.0,False,False,0.0021225422055032306,0.0019244369263544132,True,0.0019244369263544132,0.9980755630736455,0.9980755630736455,0.0,0.4028010784953377,0.4028010784953377,0.0,346192.76409516763,346192.76409516763,0.0,1263245.652232363,1263245.652232363,0.0
956,1855.3818,8,2000.0,7,1750.0,250.0,False,True,0.007834098734424422,0.002040479490468815,True,0.006432158756671487,0.9979595205095312,0.9935678412433285,0.004391679266202653,0.46020793156394324,0.4511507220621788,0.009057209501764418,404790.50613100675,395077.66300859745,9712.843122409307,4367112.060717788,4371237.729081182,-4125.668363394216
958,6106.3916,25,6250.0,24,6000.0,250.0,False,True,0.0035002399643280224,0.002867734829242907,True,0.0033954088018954467,0.9971322651707571,0.9966045911981045,0.0005276739726526314,0.3688960144547754,0.36308962479333107,0.005806389661444311,597317.5014761579,587604.6583537487,9712.843122409191,3692771.210262373,3693724.136521548,-952.926259174943
976,4067.2107,17,4250.0,16,4000.0,250.0,False,True,0.009825275976405035,0.008098170245645403,True,0.00925770596616258,0.9919018297543546,0.9907422940338374,0.0011595357205171908,0.3793564961867973,0.37213175630396267,0.007224739882834619,481037.1043283934,471324.26120598416,9712.84312240925,2581270.5129206087,2582973.5308271125,-1703.0179065037519
984,8578.315,35,8750.0,35,8750.0,0.0,False,False,0.0072176520007002365,0.006622193258777831,True,0.006622193258777831,0.9933778067412222,0.9933778067412222,0.0,0.29509843812001585,0.29509843812001585,0.0,601277.0554191205,601277.0554191205,0.0,2481751.143524741,2481751.143524741,0.0
985,4835.054,20,5000.0,18,4500.0,500.0,False,True,0.002035525921822434,0.0014759915579365163,True,0.0018691728912961717,0.9985240084420635,0.9981308271087038,0.0003931813333596379,0.40668396871466067,0.38503856278525184,0.021645405929408834,362440.1542513682,343014.4680065497,19425.6862448185,1960422.381297925,1960925.1197140538,-502.73841612879187
992,12249.536,49,12250.0,50,12500.0,-250.0,True,False,0.0023991306354171904,0.0025806335116534363,False,0.002391596981929324,0.9974193664883466,0.9976084030180706,-0.0001890365297240182,0.5589035559688947,0.5679431710744433,-0.009039615105548515,593461.3853720784,603174.2284944877,-9712.843122409307,709118.9843206368,708842.8992978835,276.0850227533374
997,5028.7104,21,5250.0,21,5250.0,0.0,False,False,0.007415432450237791,0.006699889435105973,True,0.006699889435105973,0.993300110564894,0.993300110564894,0.0,0.3501530258321484,0.3501530258321484,0.0,560594.8605298824,560594.8605298824,0.0,2990798.7906059576,2990798.7906059576,0.0
1001,3743.074,15,3750.0,15,3750.0,0.0,False,False,0.003882331833179653,0.003458309157238539,True,0.003458309157238539,0.9965416908427615,0.9965416908427615,0.0,0.3575190374065917,0.3575190374065917,0.0,493493.0360739867,493493.0360739867,0.0,3418890.0062834313,3418890.0062834313,0.0
1004,3993.0469,16,4000.0,16,4000.0,0.0,False,False,0.0028441373023195826,0.002537512717821302,True,0.002537512717821302,0.9974624872821787,0.9974624872821787,0.0,0.38539099432918467,0.38539099432918467,0.0,359721.08980716777,359721.08980716777,0.0,1729871.6160519298,1729871.6160519298,0.0
1021,2585.3306,11,2750.0,10,2500.0,250.0,False,True,0.004227738344269816,0.002745906058204162,True,0.0039033403301905072,0.9972540939417959,0.9960966596698095,0.001157434271986335,0.41726607823036244,0.40890825276152837,0.008357825468834068,458859.8752251096,449147.0321027004,9712.843122409191,3744231.7407125738,3745614.937245453,-1383.1965328790247
1037,3917.298,16,4000.0,16,4000.0,0.0,False,False,0.009675301328786023,0.00890497372474587,True,0.00890497372474587,0.9910950262752541,0.9910950262752541,0.0,0.327828776112956,0.327828776112956,0.0,533669.8721468095,533669.8721468095,0.0,3426533.7205941696,3426533.7205941696,0.0
1043,2294.6973,10,2500.0,9,2250.0,250.0,False,True,0.008763162986102802,0.004599732565531626,True,0.00711682872149284,0.9954002674344684,0.9928831712785071,0.002517096155961296,0.35673262411752454,0.3491782670946296,0.00755435702289492,410661.4857133278,400948.6425909186,9712.84312240925,3799343.412952065,3802460.3532373263,-3116.9402852612548
1052,3441.6528,14,3500.0,14,3500.0,0.0,False,False,0.004382505614678789,0.0034829855282357694,True,0.0034829855282357694,0.9965170144717642,0.9965170144717642,0.0,0.43908815379044147,0.43908815379044147,0.0,407834.318397262,407834.318397262,0.0,2348992.1040050904,2348992.1040050904,0.0
1058,7069.9814,29,7250.0,28,7000.0,250.0,False,True,0.009598944299679557,0.008905220371676572,True,0.009585063120330464,0.9910947796283234,0.9904149368796695,0.0006798427486538472,0.3616407523554637,0.3543695928164053,0.007271159539058436,467453.7914921407,457740.94836973137,9712.843122409307,1259459.3145101801,1260531.063479604,-1071.7489694238175
1064,4391.937,18,4500.0,17,4250.0,250.0,False,True,0.002008981486220418,0.0014478421897171064,True,0.0018206115901055462,0.998552157810283,0.9981793884098945,0.00037276940038843964,0.4208968583911703,0.410446494712076,0.010450363679094299,385539.81738897634,375826.97426656703,9712.843122409307,1986449.7624899582,1986902.7709129076,-453.00842294935137
1072,6862.3145,28,7000.0,27,6750.0,250.0,False,True,0.006435650545363547,0.005475798593095165,True,0.0062772449781310045,0.9945242014069048,0.993722755021869,0.0008014463850357645,0.31889049423777793,0.31317710709362695,0.005713387144150983,519184.7119956295,509471.8688732203,9712.843122409191,1964870.5636365628,1966340.8360683918,-1470.272431829013
1073,3013.2334,13,3250.0,12,3000.0,250.0,False,True,0.0034534423758187938,0.0019165399455125006,True,0.0027205878723318097,0.9980834600544874,0.9972794121276682,0.0008040479268192069,0.35853692145115595,0.3491575328008461,0.00937938865030985,360473.33249620616,350760.48937379685,9712.843122409307,2710360.3342882185,2711284.7230164194,-924.3887282009237
1093,5519.2065,23,5750.0,23,5750.0,0.0,False,False,0.0027498755866095514,0.002744664577811832,True,0.002744664577811832,0.9972553354221881,0.9972553354221881,0.0,0.3749623688292704,0.3749623688292704,0.0,361450.3120788585,361450.3120788585,0.0,1142398.453333346,1142398.453333346,0.0
1098,2641.1553,11,2750.0,10,2500.0,250.0,False,True,0.00481397788251503,0.0032659386028780287,True,0.004712822164596098,0.996734061397122,0.9952871778354039,0.0014468835617180709,0.3622527311254854,0.35325683925944035,0.008995891866045047,370030.42858466285,360317.58546225366,9712.843122409191,3131149.135618809,3132751.032929663,-1601.8973108539358
1100,5478.4175,22,5500.0,23,5750.0,-250.0,True,False,0.007295681414196786,0.007323898056231126,False,0.006325342332487671,0.9926761019437689,0.9936746576675123,-0.0009985557237434106,0.2921039406506646,0.29815740874152463,-0.006053468090860048,446558.3078095465,456271.1509319557,-9712.84312240925,2014443.5113024581,2012770.2448176336,1673.266484824475
1102,16749.863,67,16750.0,67,16750.0,0.0,False,False,0.0021456774018517866,0.002117134625841046,True,0.002117134625841046,0.9978828653741589,0.9978828653741589,0.0,0.6325220507155256,0.6325220507155256,0.0,895187.8681871599,895187.8681871599,0.0,1554207.2738978805,1554207.2738978805,0.0
1105,8053.933,33,8250.0,33,8250.0,0.0,False,False,0.002310591110841975,0.002148711491322751,True,0.002148711491322751,0.9978512885086772,0.9978512885086772,0.0,0.49167883282398045,0.49167883282398045,0.0,565857.9798926528,565857.9798926528,0.0,1854433.6848389134,1854433.6848389134,0.0
1117,5542.7466,23,5750.0,22,5500.0,250.0,False,True,0.00987674862320942,0.008572165871766924,True,0.009543168837281598,0.9914278341282331,0.9904568311627184,0.0009710029655146668,0.30659231338408277,0.2994143498318401,0.00717796355224265,398581.1175126212,388868.274390212,9712.843122409191,1511858.1089761537,1513337.1252470866,-1479.0162709329743
1119,6183.1216,25,6250.0,25,6250.0,0.0,False,False,0.004128144120628452,0.004047496044660559,True,0.004047496044660559,0.9959525039553394,0.9959525039553394,0.0,0.3794080871357626,0.3794080871357626,0.0,584151.9484618306,584151.9484618306,0.0,3004170.5466151764,3004170.5466151764,0.0
1124,3878.704,16,4000.0,15,3750.0,250.0,False,True,0.005022417931607959,0.0040399181329515985,True,0.0049626203563914815,0.9959600818670484,0.9950373796436085,0.0009227022234399307,0.35577586595817223,0.3496180810889041,0.006157784869268157,533132.0821572053,523419.239034796,9712.843122409307,4178681.9029798424,4180310.17363935,-1628.270659507718
1125,2202.306,9,2250.0,9,2250.0,0.0,False,False,0.008117809820359034,0.007050809206321938,True,0.007050809206321938,0.992949190793678,0.992949190793678,0.0,0.32999796964143185,0.32999796964143185,0.0,329214.9074971476,329214.9074971476,0.0,2703487.935368293,2703487.935368293,0.0
1127,2381.1758,10,2500.0,10,2500.0,0.0,False,False,0.009427539195676404,0.006335992327821832,True,0.006335992327821832,0.9936640076721782,0.9936640076721782,0.0,0.4209593714702621,0.4209593714702621,0.0,477809.3778873652,477809.3778873652,0.0,3946687.9879501713,3946687.9879501713,0.0
1129,15401.37,62,15500.0,61,15250.0,250.0,False,True,0.002226709615237965,0.00203215261927707,True,0.0021401015657191514,0.997967847380723,0.9978598984342808,0.00010794894644217123,0.5764002208808382,0.5702874015602338,0.006112819320604368,906709.682462658,896996.8393402488,9712.843122409191,2162208.143066353,2162457.9738955772,-249.83082922408357
1132,4905.997,20,5000.0,20,5000.0,0.0,False,False,0.00782465826342238,0.006977568403645909,True,0.006977568403645909,0.9930224315963541,0.9930224315963541,0.0,0.3130517194186363,0.3130517194186363,0.0,338001.677673318,338001.677673318,0.0,1240861.9339695848,1240861.9339695848,0.0
1134,10130.55,41,10250.0,40,10000.0,250.0,False,True,0.009749238834373841,0.009203954596277637,True,0.009718637663249274,0.9907960454037223,0.9902813623367507,0.0005146830669716662,0.3283895882369319,0.32370178875335237,0.004687799483579502,656842.824853912,647129.9817315028,9712.843122409191,1673589.003209184,1674794.369043411,-1205.3658342270646
1138,7355.547,30,7500.0,29,7250.0,250.0,False,True,0.007791295873348814,0.006958531864353086,True,0.0075665808663683744,0.9930414681356469,0.9924334191336316,0.0006080490020152762,0.36721861064537253,0.3595897801189563,0.007628830526416219,454418.6290550126,444705.7859326033,9712.843122409307,1076753.0754616794,1077638.7163874544,-885.6409257750493
1141,2344.4526,10,2500.0,9,2250.0,250.0,False,True,0.004603469550468198,0.002301510459223991,True,0.0035044856105207853,0.997698489540776,0.9964955143894793,0.001202975151296748,0.3875926468725882,0.37603795970762605,0.011554687164962163,313507.3940993563,303794.55097694707,9712.84312240925,2613784.677287303,2614915.6105535,-1130.9332661968656
1144,9387.677,38,9500.0,36,9000.0,500.0,False,True,0.0032296811121311775,0.002025505156720001,True,0.003053502162295288,0.99797449484328,0.9969464978377047,0.0010279970055753207,0.5065134783999894,0.491270385748378,0.01524309265161139,624756.0547022476,605330.3684574291,19425.6862448185,1833081.010320038,1834532.7528490445,-1451.742529006442
1153,2192.8845,9,2250.0,9,2250.0,0.0,False,False,0.0012050375704514282,0.0005021823823700155,True,0.0005021823823700155,0.99949781761763,0.99949781761763,0.0,0.519237226578512,0.519237226578512,0.0,457354.8817515572,457354.8817515572,0.0,4070544.7796413377,4070544.7796413377,0.0
1158,2534.1099,11,2750.0,9,2250.0,500.0,False,True,0.003486223159945623,0.0012816318960514757,True,0.003301643383784604,0.9987183681039485,0.9966983566162154,0.00202001148773312,0.40654132912034163,0.38339429849491263,0.023147030625429,330122.2337946595,310696.54754984105,19425.68624481844,2657965.707360916,2659794.08374044,-1828.3763795243576
1159,3733.2139,15,3750.0,15,3750.0,0.0,False,False,0.004315687629947607,0.0038047383521908223,True,0.0038047383521908223,0.9961952616478091,0.9961952616478091,0.0,0.36170288221572394,0.36170288221572394,0.0,524461.0337526009,524461.0337526009,0.0,4194595.340564188,4194595.340564188,0.0
1164,1883.196,8,2000.0,8,2000.0,0.0,False,False,0.00866853194872197,0.004332176599553367,True,0.004332176599553367,0.9956678234004467,0.9956678234004467,0.0,0.3562502609064132,0.3562502609064132,0.0,328005.1089251307,328005.1089251307,0.0,3435177.520351096,3435177.520351096,0.0
1167,3712.2065,15,3750.0,14,3500.0,250.0,False,True,0.0070602965837087694,0.005550358154037246,True,0.006409266473668178,0.9944496418459627,0.9935907335263319,0.0008589083196308689,0.38462332853170494,0.37698650171950676,0.007636826812198183,469176.57563741284,459463.73251500353,9712.843122409307,2946334.027581263,2947491.0184429544,-1156.9908616915345
1171,3508.3296,15,3750.0,14,3500.0,250.0,False,True,0.008568440184267168,0.006921863355613754,True,0.007964595698275066,0.9930781366443863,0.992035404301725,0.001042732342661279,0.3365266271286081,0.3291523730112355,0.007374254117372581,423405.159425288,413692.3163028787,9712.84312240925,2650379.554467788,2651914.7435334707,-1535.1890656827018
1176,2210.3486,9,2250.0,9,2250.0,0.0,False,False,0.0017350244694154249,0.0006504201922350349,True,0.0006504201922350349,0.999349579807765,0.999349579807765,0.0,0.4356260958576824,0.4356260958576824,0.0,425773.7438156143,425773.7438156143,0.0,4187457.330992639,4187457.330992639,0.0
1178,6607.1367,27,6750.0,26,6500.0,250.0,False,True,0.0019808145524932153,0.0016954944393039937,True,0.0019316311554527198,0.998304505560696,0.9980683688445473,0.00023613671614874931,0.3967450557259653,0.39066847423075923,0.006076581495206068,624660.2598449788,614947.4167225696,9712.843122409191,3535877.644050015,3536368.8073647628,-491.1633147476241
1188,2105.7935,9,2250.0,8,2000.0,250.0,False,True,0.005654133218811808,0.002235518980256347,True,0.00442053677114959,0.9977644810197437,0.9955794632288504,0.0021850177908933066,0.4212065937763058,0.41161822563526157,0.009588368141044246,390009.60654808127,380296.76342567196,9712.843122409307,3609727.2755862437,3611912.128121906,-2184.8525356622413
1208,2525.5625,11,2750.0,10,2500.0,250.0,False,True,0.008690160928409796,0.005833407833751283,True,0.007250024539109891,0.9941665921662487,0.99274997546089,0.001416616705358642,0.4042185285137912,0.3956846097950159,0.00853391871877529,431547.90716530697,421835.0640428978,9712.843122409191,2996982.5162858884,2998763.73654533,-1781.2202594415285
1211,6979.5527,28,7000.0,28,7000.0,0.0,False,False,0.007803104666906369,0.007410383141430936,True,0.007410383141430936,0.9925896168585691,0.9925896168585691,0.0,0.31884891645781205,0.31884891645781205,0.0,510788.63437345496,510788.63437345496,0.0,2013579.0530488724,2013579.0530488724,0.0
1212,2276.4763,10,2500.0,9,2250.0,250.0,False,True,0.007832745635408367,0.00471253208773707,True,0.006558919486054691,0.995287467912263,0.9934410805139453,0.0018463873983176615,0.3579577812684273,0.3480851569539072,0.009872624314520129,330544.4301498059,320831.58702739666,9712.84312240925,2905608.57960741,2907565.669691231,-1957.090083821211
1214,1764.2166,8,2000.0,7,1750.0,250.0,False,True,0.003051166865270405,0.000510625013766153,True,0.0019250172375453111,0.9994893749862338,0.9980749827624547,0.0014143922237791484,0.5813568040960893,0.5707916221459197,0.010565181950169533,496497.6991001152,486784.855977706,9712.843122409191,5156519.478968102,5157916.085975506,-1396.6070074047893
1222,3950.0032,16,4000.0,15,3750.0,250.0,False,True,0.0028500637717520094,0.002233370249115143,True,0.0025907393661182758,0.9977666297508848,0.9974092606338817,0.0003573691170031257,0.37037757165227575,0.35941879435792784,0.01095877729434791,324456.91198864894,314744.0688662397,9712.84312240925,2012946.799366855,2013355.7842927102,-408.984925855184
1225,5680.2075,23,5750.0,22,5500.0,250.0,False,True,0.0012756210889386388,0.0011316022660291425,True,0.0012657623130214442,0.9988683977339708,0.9987342376869786,0.00013416004699229322,0.39669164191969547,0.38936784940410735,0.007323792515588123,522364.0234386717,512651.1803162624,9712.843122409307,3463177.1013869653,3463427.0590037997,-249.9576168344356
1232,3573.4285,15,3750.0,14,3500.0,250.0,False,True,0.0067193733021071456,0.005135233739003242,True,0.006314586819617054,0.9948647662609967,0.993685413180383,0.0011793530806137875,0.36984256094884893,0.36419459752510297,0.005647963423745961,590855.8043219015,581142.9611994922,9712.843122409307,4662022.776809892,4664169.569885727,-2146.7930758353323
1237,3053.713,13,3250.0,12,3000.0,250.0,False,True,0.007879117370491184,0.005928582053879947,True,0.0070329010760185355,0.9940714179461201,0.9929670989239815,0.001104319022138589,0.3705070950833562,0.3610627600503251,0.009444335033031104,365517.1066100977,355804.2634876884,9712.843122409307,2067078.508595983,2068342.5000676685,-1263.9914716854692
1239,6311.227,26,6500.0,25,6250.0,250.0,False,True,0.005697811602161984,0.004954441976208541,True,0.005590778906062549,0.9950455580237915,0.9944092210939375,0.0006363369298539867,0.3616874619183445,0.3546770116849836,0.007010450233360888,485406.03208790516,475693.1889654959,9712.84312240925,1739853.6616459505,1740813.8444024445,-960.1827564940322
1261,19066.49,77,19250.0,75,18750.0,500.0,False,True,0.0072996063969194,0.0070256173983577926,True,0.007220826050562813,0.9929743826016422,0.9927791739494372,0.0001952086522050145,0.5112471752172137,0.5010466055054191,0.010200569711794616,964293.5585748604,944867.8723300418,19425.686244818615,1091266.2645639763,1091792.2957854231,-526.031221446814
1270,1805.7758,8,2000.0,7,1750.0,250.0,False,True,0.009277902319551168,0.0059874578163397665,True,0.008849578825607015,0.9940125421836602,0.991150421174393,0.0028621210092671934,0.32908697497155587,0.31847864471470355,0.010608330256852316,277334.00500149734,267621.16187908815,9712.843122409191,2575011.71189821,2577742.4664389854,-2730.754540775437
1271,1647.8491,7,1750.0,7,1750.0,0.0,False,False,0.008040240992030045,0.004275318102300493,True,0.004275318102300493,0.9957246818976995,0.9957246818976995,0.0,0.4377300983693185,0.4377300983693185,0.0,403837.8792710464,403837.8792710464,0.0,3382626.8629985163,3382626.8629985163,0.0
1273,5822.2725,24,6000.0,24,6000.0,0.0,False,False,0.002057791225126393,0.001664723077165425,True,0.001664723077165425,0.9983352769228345,0.9983352769228345,0.0,0.3753394701766684,0.3753394701766684,0.0,666873.808464975,666873.808464975,0.0,4478068.9209920615,4478068.9209920615,0.0
1274,7404.427,30,7500.0,31,7750.0,-250.0,True,False,0.0011119742816275702,0.0012737884341814517,False,0.0011031265481564428,0.9987262115658185,0.9988968734518435,-0.000170661886024992,0.41607017006341607,0.42452738972187454,-0.00845721965845847,473779.21615229384,483492.05927470303,-9712.843122409191,1723190.5310889063,1722907.575797966,282.9552909403574
1275,2330.6562,10,2500.0,9,2250.0,250.0,False,True,0.004724015641043411,0.003019730061740098,True,0.0041577855099980965,0.9969802699382599,0.9958422144900019,0.0011380554482580685,0.4109410420308855,0.4016157926119169,0.009325249418968617,407965.0825743628,398252.23945195356,9712.84312240925,2992665.806312292,2994028.6653708806,-1362.8590585887432
1276,1480.9469,6,1500.0,6,1500.0,0.0,False,False,0.008580364344598412,0.005105428007504019,True,0.005105428007504019,0.994894571992496,0.994894571992496,0.0,0.42143970634351785,0.42143970634351785,0.0,353822.2967425874,353822.2967425874,0.0,3294860.808621267,3294860.808621267,0.0
1287,7860.4272,32,8000.0,31,7750.0,250.0,False,True,0.007681917388547621,0.00725222759225147,True,0.0076495443844424044,0.9927477724077485,0.9923504556155576,0.0003973167921909049,0.4630229287599003,0.45248179632756336,0.010541132432336953,419434.33701110666,409721.49388869747,9712.843122409191,591887.4274861112,592364.6646758647,-477.23718975356314
1288,3973.7793,16,4000.0,16,4000.0,0.0,False,False,0.009316944645590186,0.00808218472476739,True,0.00808218472476739,0.9919178152752326,0.9919178152752326,0.0,0.3286920494813439,0.3286920494813439,0.0,530324.9900757633,530324.9900757633,0.0,3975743.2178572016,3975743.2178572016,0.0
1292,3263.956,14,3500.0,13,3250.0,250.0,False,True,0.009341752758240562,0.007475849818353825,True,0.008943829790971674,0.9925241501816462,0.9910561702090284,0.0014679799726178278,0.3484724481713208,0.34073215604188206,0.0077402921294387195,410547.8611667995,400835.01804439025,9712.84312240925,2437922.0520250825,2439841.1501738452,-1919.0981487627141
1294,9357.278,38,9500.0,37,9250.0,250.0,False,True,0.009863668439928808,0.009022115416636224,True,0.00953119798813949,0.9909778845833638,0.9904688020118605,0.0005090825715032832,0.5309429539577747,0.520372711145552,0.010570242812222741,475841.62249397056,466128.77937156125,9712.843122409307,486129.513098584,486679.83966717357,-550.3265685895458
1295,5961.9697,24,6000.0,24,6000.0,0.0,False,False,0.0038139847882011635,0.0031798124601337733,True,0.0031798124601337733,0.9968201875398662,0.9968201875398662,0.0,0.3289509235003712,0.3289509235003712,0.0,538334.446455197,538334.446455197,0.0,3350259.937968109,3350259.937968109,0.0
1302,2456.858,10,2500.0,10,2500.0,0.0,False,False,0.006144545812894031,0.0035591119613530057,True,0.0035591119613530057,0.9964408880386469,0.9964408880386469,0.0,0.43668436418339446,0.43668436418339446,0.0,525212.3980131653,525212.3980131653,0.0,5043975.021354262,5043975.021354262,0.0
1304,5601.5254,23,5750.0,23,5750.0,0.0,False,False,0.00729202924298078,0.00723165518012308,True,0.00723165518012308,0.992768344819877,0.992768344819877,0.0,0.47622363449842003,0.47622363449842003,0.0,445035.77795389737,445035.77795389737,0.0,1653262.5038708018,1653262.5038708018,0.0
1313,12525.921,51,12750.0,51,12750.0,0.0,False,False,0.004391723023301042,0.004253382890251695,True,0.004253382890251695,0.9957466171097483,0.9957466171097483,0.0,0.4424468068939311,0.4424468068939311,0.0,843069.5517994566,843069.5517994566,0.0,2518469.4663631683,2518469.4663631683,0.0
1317,3729.4453,15,3750.0,15,3750.0,0.0,False,False,0.0011999018848591891,0.0009408906455848322,True,0.0009408906455848322,0.9990591093544152,0.9990591093544152,0.0,0.39066504114876033,0.39066504114876033,0.0,465174.64925485966,465174.64925485966,0.0,3556189.2667862065,3556189.2667862065,0.0
1325,5968.035,24,6000.0,23,5750.0,250.0,False,True,0.0049390703838512184,0.004290675760266111,True,0.004775822120394255,0.9957093242397339,0.9952241778796057,0.0004851463601281969,0.36075105452644646,0.3517551083382837,0.00899594618816274,382217.8068260781,372504.9637036688,9712.843122409307,1320959.6047146372,1321582.7938762042,-623.1891615670174
1328,7173.202,29,7250.0,28,7000.0,250.0,False,True,0.006994930138531252,0.005953309116547774,True,0.006707562993383715,0.9940466908834522,0.9932924370066163,0.0007542538768359197,0.3401736116613363,0.3335833608640913,0.006590250797245012,482811.20608967444,473098.36296726513,9712.843122409307,1595015.6837262348,1596286.646596213,-1270.962869978277
1334,2716.9248,11,2750.0,11,2750.0,0.0,False,False,0.005609203703819232,0.004060173044866189,True,0.004060173044866189,0.9959398269551338,0.9959398269551338,0.0,0.3736727299416833,0.3736727299416833,0.0,468890.15780875727,468890.15780875727,0.0,4289241.7355995,4289241.7355995,0.0
1340,1978.8604,8,2000.0,8,2000.0,0.0,False,False,0.009454842690301613,0.005716288438937636,True,0.005716288438937636,0.9942837115610623,0.9942837115610623,0.0,0.4136600497226235,0.4136600497226235,0.0,455187.5778029647,455187.5778029647,0.0,4234953.966167808,4234953.966167808,0.0
1346,4758.449,20,5000.0,19,4750.0,250.0,False,True,0.0019825425756387904,0.0016778922520940018,True,0.0018554559982153123,0.998322107747906,0.9981445440017847,0.00017756374612132308,0.37375124780525165,0.36493520449725975,0.008816043307991905,408761.0708556946,399048.2277332853,9712.843122409307,2235090.4686351563,2235366.100906767,-275.63227161066607
1348,7619.144,31,7750.0,31,7750.0,0.0,False,False,0.008721849348717226,0.00849038285954602,True,0.00849038285954602,0.9915096171404539,0.9915096171404539,0.0,0.3407860403878537,0.3407860403878537,0.0,552049.7607089619,552049.7607089619,0.0,1980811.7839172713,1980811.7839172713,0.0
1350,6998.45,28,7000.0,28,7000.0,0.0,False,False,0.008382497305427616,0.007971121021426974,True,0.007971121021426974,0.9920288789785731,0.9920288789785731,0.0,0.2994774043608901,0.2994774043608901,0.0,471649.2848747554,471649.2848747554,0.0,1714098.3539427838,1714098.3539427838,0.0
1376,1642.1101,7,1750.0,7,1750.0,0.0,False,False,0.0080856913686852,0.0022741302208530967,True,0.0022741302208530967,0.9977258697791469,0.9977258697791469,0.0,0.5012931932500186,0.5012931932500186,0.0,436612.43770343484,436612.43770343484,0.0,4847516.094092687,4847516.094092687,0.0
1380,13055.095,53,13250.0,50,12500.0,750.0,False,True,0.00569046739702983,0.005315397407051204,True,0.005620392372742601,0.9946846025929488,0.9943796076272574,0.0003049949656913631,0.4442912006035897,0.4265539225135268,0.01773727809006287,724532.203172755,695393.6738055273,29138.52936722769,1360730.9245630472,1361496.5286668339,-765.604103786638
1388,7719.355,31,7750.0,31,7750.0,0.0,False,False,0.005904435188836987,0.005559709610172713,True,0.005559709610172713,0.9944402903898273,0.9944402903898273,0.0,0.34711570682868254,0.34711570682868254,0.0,513667.577212607,513667.577212607,0.0,1561135.2936566111,1561135.2936566111,0.0
1397,2093.6494,9,2250.0,8,2000.0,250.0,False,True,0.005193692367671199,0.0015085792361141765,True,0.0041529823631375005,0.9984914207638859,0.9958470176368625,0.002644403127023409,0.4763754224036902,0.4687627773153377,0.0076126450883524655,522577.28522144875,512864.44209903944,9712.843122409307,5158697.597702403,5161925.978608092,-3228.3809056896716
1422,2273.593,10,2500.0,9,2250.0,250.0,False,True,0.00608303070754479,0.0017699251669050476,True,0.0041148322309536595,0.998230074833095,0.9958851677690463,0.0023449070640486624,0.5031276306100056,0.4952583985827867,0.007869232027218953,541016.5007954283,531303.657673019,9712.843122409307,5198620.917688264,5201478.575401455,-2857.6577131915838
1429,3349.0872,14,3500.0,14,3500.0,0.0,False,False,0.008977338809840973,0.007927033432205558,True,0.007927033432205558,0.9920729665677944,0.9920729665677944,0.0,0.32443905166962794,0.32443905166962794,0.0,484368.32515034726,484368.32515034726,0.0,3410350.5203075334,3410350.5203075334,0.0
1452,2453.986,10,2500.0,10,2500.0,0.0,False,False,0.0011112368464167854,0.0006126432349717855,True,0.0006126432349717855,0.9993873567650282,0.9993873567650282,0.0,0.49220123403789845,0.49220123403789845,0.0,477178.54727498925,477178.54727498925,0.0,4123087.3745326456,4123087.3745326456,0.0
1454,8265.616,34,8500.0,32,8000.0,500.0,False,True,0.006053237645344156,0.004842778758584185,True,0.005903801212908133,0.9951572212414158,0.9940961987870919,0.0010610224543239344,0.33670436718022345,0.32568894213143784,0.01101542504878561,575631.7324404067,556206.0461955883,19425.686244818382,1868831.0817805217,1871017.9876239602,-2186.9058434385806
1455,2097.5881,9,2250.0,9,2250.0,0.0,False,False,0.008965286546791962,0.005916678605185153,True,0.005916678605185153,0.9940833213948148,0.9940833213948148,0.0,0.3902031187910104,0.3902031187910104,0.0,462317.2920318145,462317.2920318145,0.0,3766558.9711862747,3766558.9711862747,0.0
1467,3936.4531,16,4000.0,16,4000.0,0.0,False,False,0.007730888075978215,0.00693044131601187,True,0.00693044131601187,0.9930695586839882,0.9930695586839882,0.0,0.35427155384985437,0.35427155384985437,0.0,404551.9099463703,404551.9099463703,0.0,2297678.840287209,2297678.840287209,0.0
1475,4547.102,19,4750.0,18,4500.0,250.0,False,True,0.006368915137509146,0.005170952123221953,True,0.00580143858088299,0.9948290478767781,0.994198561419117,0.0006304864576610614,0.36463793167655517,0.3545428643607731,0.01009506731578208,343193.0357226811,333480.19260027184,9712.84312240925,1143434.629866553,1144136.8339995104,-702.204132957384
1501,2344.2808,10,2500.0,9,2250.0,250.0,False,True,0.009765955734946985,0.005081724183334592,True,0.009600558893586911,0.9949182758166654,0.9903994411064131,0.004518834710252273,0.41325187829155413,0.4067948896580754,0.006456988633478711,483327.6284105322,473614.78528812295,9712.84312240925,4481129.9230148615,4487092.964442879,-5963.04142801743
1503,1986.5764,8,2000.0,8,2000.0,0.0,False,False,0.007011790929221218,0.003167751917274123,True,0.003167751917274123,0.9968322480827259,0.9968322480827259,0.0,0.4304584646401937,0.4304584646401937,0.0,474680.4298968718,474680.4298968718,0.0,4696508.657035397,4696508.657035397,0.0
1507,8728.817,35,8750.0,40,10000.0,-1250.0,True,False,0.009860263678745596,0.013297193690897057,False,0.009784806541271663,0.9867028063091029,0.9902151934587283,-0.003512387149625429,0.5378292777686178,0.5781935181156854,-0.04036424034706765,615694.2398349957,664258.4554470419,-48564.21561204619,2005208.4355678884,2000302.4534669928,4905.982100895606
1512,2576.4429,11,2750.0,10,2500.0,250.0,False,True,0.003032678356121199,0.0019285185960125463,True,0.00292866090298892,0.9980714814039875,0.9970713390970111,0.001000142306976426,0.45211434692302366,0.4429004877010109,0.009213859222012732,454696.8151960275,444983.9720736183,9712.843122409191,3762203.5594324553,3763376.5138280946,-1172.9543956392445
1516,9316.933,38,9500.0,38,9500.0,0.0,False,False,0.002173520126329209,0.0017669776576594483,True,0.0017669776576594483,0.9982330223423406,0.9982330223423406,0.0,0.5721725464447198,0.5721725464447198,0.0,598651.6710977075,598651.6710977075,0.0,1670952.688683731,1670952.688683731,0.0
1520,2130.082,9,2250.0,8,2000.0,250.0,False,True,0.005907290588842429,0.002797471321738319,True,0.005429561814130483,0.9972025286782616,0.9945704381858695,0.002632090492392103,0.40703758812085605,0.3992208260792942,0.007816762041561842,445690.14044535975,435977.29732295044,9712.843122409307,3967042.9104636386,3970129.8536220277,-3086.943158389069
1536,4934.25,20,5000.0,20,5000.0,0.0,False,False,0.002280597589419564,0.0022048855502217438,True,0.0022048855502217438,0.9977951144497783,0.9977951144497783,0.0,0.3818313053961182,0.3818313053961182,0.0,601300.4600891026,601300.4600891026,0.0,4285737.094515193,4285737.094515193,0.0
1537,4374.4834,18,4500.0,17,4250.0,250.0,False,True,0.006608521420846003,0.005572046786184721,True,0.006535161898577361,0.9944279532138153,0.9934648381014226,0.0009631151123926651,0.3807613266079353,0.3717277417415241,0.009033584866411204,393701.25039954286,383988.4072771336,9712.84312240925,1757088.4312020326,1758269.7405163995,-1181.3093143668957
1538,1688.1494,7,1750.0,7,1750.0,0.0,False,False,0.0036483999375780396,0.0015356565972073674,True,0.0015356565972073674,0.9984643434027927,0.9984643434027927,0.0,0.5786520182265227,0.5786520182265227,0.0,473290.8488576972,473290.8488576972,0.0,4831562.677601889,4831562.677601889,0.0
1549,2446.7993,10,2500.0,10,2500.0,0.0,False,False,0.004492668003045042,0.003204042497745803,True,0.003204042497745803,0.9967959575022542,0.9967959575022542,0.0,0.42009667608577433,0.42009667608577433,0.0,412514.2675577677,412514.2675577677,0.0,3498453.310218194,3498453.310218194,0.0
1553,2752.9004,12,3000.0,11,2750.0,250.0,False,True,0.003922638875037188,0.0027597599702691026,True,0.0037387053047579217,0.9972402400297309,0.996261294695242,0.0009789453344888344,0.4644009847206265,0.4531490835549759,0.011251901165650613,385633.5245914195,375920.6814690102,9712.843122409307,2444898.345591047,2445856.0419003777,-957.6963093308732
1561,2638.188,11,2750.0,11,2750.0,0.0,False,False,0.008670139594464832,0.007408242223661937,True,0.007408242223661937,0.992591757776338,0.992591757776338,0.0,0.30788030571889957,0.30788030571889957,0.0,311318.87546018255,311318.87546018255,0.0,2118361.168458081,2118361.168458081,0.0
1562,4359.6753,18,4500.0,17,4250.0,250.0,False,True,0.009966607851834008,0.008344678644736753,True,0.009378492508838134,0.9916553213552632,0.9906215074911618,0.001033813864101396,0.3126597592745146,0.3046532195995234,0.008006539674991209,364820.08646522765,355107.24334281834,9712.843122409307,1876805.9992843245,1878213.7990725136,-1407.7997881891206
1569,2954.5261,12,3000.0,12,3000.0,0.0,False,False,0.00912508105215959,0.006996126173553716,True,0.006996126173553716,0.9930038738264463,0.9930038738264463,0.0,0.34243751073659684,0.34243751073659684,0.0,414657.3606000036,414657.3606000036,0.0,3735769.2323487317,3735769.2323487317,0.0
1571,8265.325,34,8500.0,33,8250.0,250.0,False,True,0.0034185240655415505,0.0028214837208616513,True,0.003198414522740687,0.9971785162791383,0.9968015854772593,0.0003769308018790607,0.37300594845321194,0.36818357713981537,0.004822371313396578,730205.8527893929,720493.0096669837,9712.843122409191,3870084.0854692655,3870990.654498445,-906.5690291794017
1577,4135.596,17,4250.0,16,4000.0,250.0,False,True,0.006018852980419598,0.005042683706766755,True,0.005844722127654422,0.9949573162932333,0.9941552778723456,0.000802038420887663,0.36594608946129487,0.35988784154436937,0.006058247916925497,559889.4706813551,550176.6275589458,9712.843122409307,3826651.334782495,3827997.5368107697,-1346.2020282745361
1584,1520.9728,7,1750.0,6,1500.0,250.0,False,True,0.008072359776504556,0.0010144144153003381,True,0.005043565986461532,0.9989855855846996,0.9949564340135385,0.004029151571161127,0.48720277813220303,0.477715059550546,0.009487718581657034,414572.7760352952,404859.932912886,9712.843122409191,4408552.956513894,4412355.4612096185,-3802.504695724696
1588,8174.9326,33,8250.0,33,8250.0,0.0,False,False,0.007956468358927049,0.0077052650676436695,True,0.0077052650676436695,0.9922947349323563,0.9922947349323563,0.0,0.3096112514132898,0.3096112514132898,0.0,562592.7796536192,562592.7796536192,0.0,2246003.0163001823,2246003.0163001823,0.0
1589,2046.8076,9,2250.0,8,2000.0,250.0,False,True,0.008894106284779602,0.004537071431209829,True,0.007305287753912927,0.9954629285687902,0.9926947122460871,0.0027682163227030765,0.39210516118391253,0.3823676805404068,0.009737480643505714,352609.29629192123,342896.453169512,9712.84312240925,2782800.3410679176,2785488.934226495,-2688.593158577569
1605,4282.948,18,4500.0,18,4500.0,0.0,False,False,0.009342218037922012,0.008361229083509102,True,0.008361229083509102,0.9916387709164909,0.9916387709164909,0.0,0.29102138543015993,0.29102138543015993,0.0,338260.8444072469,338260.8444072469,0.0,1510725.340156707,1510725.340156707,0.0
1610,2564.7463,11,2750.0,10,2500.0,250.0,False,True,0.003063894663107969,0.0021782989109186204,True,0.0030254370510548584,0.9978217010890814,0.9969745629489452,0.000847138140136261,0.4162559864163172,0.406908604512779,0.009347381903538232,417114.91882143734,407402.07569902815,9712.843122409191,3396036.4198124595,3397070.2741148323,-1033.8543023727834
1626,6405.218,26,6500.0,26,6500.0,0.0,False,False,0.008936593386476788,0.008373219427878961,True,0.008373219427878961,0.9916267805721211,0.9916267805721211,0.0,0.2972206417161936,0.2972206417161936,0.0,521620.0318233808,521620.0318233808,0.0,2443645.5663423915,2443645.5663423915,0.0
1632,1706.3969,7,1750.0,7,1750.0,0.0,False,False,0.0046216936685475885,0.0021941993109654274,True,0.0021941993109654274,0.9978058006890346,0.9978058006890346,0.0,0.4954985418830149,0.4954985418830149,0.0,424400.420005018,424400.420005018,0.0,3986345.0387399765,3986345.0387399765,0.0
1640,15593.291,63,15750.0,62,15500.0,250.0,False,True,0.004545122619914799,0.004261834063411656,True,0.0044346292140168405,0.9957381659365884,0.9955653707859832,0.00017279515060519834,0.6628315657598467,0.6542493863087765,0.008582179451070204,740362.2852992506,730649.4421768414,9712.843122409191,612056.4217612706,612327.7532872485,-271.3315259779338
1642,6236.493,25,6250.0,25,6250.0,0.0,False,False,0.005933470628891047,0.0053834150625041875,True,0.0053834150625041875,0.9946165849374958,0.9946165849374958,0.0,0.3426923552951053,0.3426923552951053,0.0,589821.0423645936,589821.0423645936,0.0,3270724.1783209555,3270724.1783209555,0.0
1647,3259.526,14,3500.0,14,3500.0,0.0,False,False,0.004573151873286441,0.003811638503070649,True,0.003811638503070649,0.9961883614969294,0.9961883614969294,0.0,0.3744639701734867,0.3744639701734867,0.0,392470.50674773095,392470.50674773095,0.0,2328588.9456493943,2328588.9456493943,0.0
1648,4553.4863,19,4750.0,19,4750.0,0.0,False,False,0.006935140372329562,0.005989643739886791,True,0.005989643739886791,0.9940103562601132,0.9940103562601132,0.0,0.3231916267536287,0.3231916267536287,0.0,424702.7375549495,424702.7375549495,0.0,2712661.2944541327,2712661.2944541327,0.0
1651,3018.8774,13,3250.0,12,3000.0,250.0,False,True,0.0078026280434599915,0.005964260273015389,True,0.006951505804743341,0.9940357397269846,0.9930484941952566,0.0009872455317279094,0.40360856615854623,0.39496759182151325,0.00864097433703298,433973.3011129156,424260.45799050643,9712.843122409191,2786050.461019155,2787265.648237823,-1215.1872186679393
1665,3540.9055,15,3750.0,15,3750.0,0.0,False,False,0.007122420588067224,0.006587506627817219,True,0.006587506627817219,0.9934124933721827,0.9934124933721827,0.0,0.36950559039875325,0.36950559039875325,0.0,469436.15720822255,469436.15720822255,0.0,2835215.2244649576,2835215.2244649576,0.0
1685,2581.1396,11,2750.0,10,2500.0,250.0,False,True,0.003021165903179801,0.002148962910107569,True,0.0029521242348176722,0.9978510370898924,0.9970478757651823,0.0008031613247101443,0.41582003444167737,0.4058365685668741,0.009983465874803255,391731.1079694197,382018.2648470105,9712.843122409191,2865303.535557824,2866202.5658912766,-899.0303334523924
1698,5704.7,23,5750.0,22,5500.0,250.0,False,True,0.00929349926148959,0.008227308634796758,True,0.008982217435956718,0.9917726913652033,0.9910177825640433,0.0007549088011600258,0.40852119703612044,0.3996405958863855,0.008880601149734935,432007.66503887554,422294.8219164663,9712.84312240925,1486428.1635697156,1487406.9685083432,-978.8049386276398
1699,4094.8691,17,4250.0,17,4250.0,0.0,False,False,0.006896883138677756,0.005778089492171113,True,0.005778089492171113,0.9942219105078289,0.9942219105078289,0.0,0.32678580347542097,0.32678580347542097,0.0,347543.12439817266,347543.12439817266,0.0,1887841.706017322,1887841.706017322,0.0
1700,3201.2107,13,3250.0,13,3250.0,0.0,False,False,0.008879186415788443,0.007887458478091025,True,0.007887458478091025,0.992112541521909,0.992112541521909,0.0,0.3121449719825819,0.3121449719825819,0.0,419575.57784964936,419575.57784964936,0.0,2957114.4515077355,2957114.4515077355,0.0
1702,3336.2007,14,3500.0,13,3250.0,250.0,False,True,0.004411278553219211,0.003109165733119742,True,0.004411110200239918,0.9968908342668803,0.9955888897997601,0.0013019444671201752,0.3465873706092879,0.334910667953074,0.0116767026562139,277886.87590227334,268174.03277986415,9712.843122409191,1448006.4621148268,1449153.4956176244,-1147.0335027975962
1705,4716.028,19,4750.0,18,4500.0,250.0,False,True,0.0028734794561889876,0.002017992671920911,True,0.0025425125397523724,0.9979820073280791,0.9974574874602476,0.0005245198678314189,0.3599218174939305,0.35274939956097373,0.007172417932956754,475122.52089117694,465409.6777687677,9712.84312240925,3510135.040393812,3510924.5660923887,-789.5256985765882
1718,2470.403,10,2500.0,10,2500.0,0.0,False,False,0.003634984594356405,0.0034503593460970534,True,0.0034503593460970534,0.996549640653903,0.996549640653903,0.0,0.39189849173788854,0.39189849173788854,0.0,376594.61707572953,376594.61707572953,0.0,2772671.5661900435,2772671.5661900435,0.0
1719,5485.0625,22,5500.0,22,5500.0,0.0,False,False,0.0015810802656623935,0.0012738972021649865,True,0.0012738972021649865,0.998726102797835,0.998726102797835,0.0,0.4253046062372563,0.4253046062372563,0.0,539623.9911402096,539623.9911402096,0.0,2827533.06007669,2827533.06007669,0.0
1730,5371.3955,22,5500.0,21,5250.0,250.0,False,True,0.008948700100478768,0.007853166829299324,True,0.008742488156922544,0.9921468331707006,0.9912575118430774,0.0008893213276232048,0.3544456188448194,0.3453719282720429,0.009073690572776516,366895.0475437066,357182.2044212974,9712.843122409191,1056074.673440393,1057189.1884765734,-1114.5150361803826
1736,18066.717,73,18250.0,68,17000.0,1250.0,False,True,0.003273590031578011,0.0026705601030090876,True,0.003237213136129433,0.997329439896991,0.9967627868638705,0.0005666530331204234,0.5538156117191765,0.5229505372926776,0.030865074426498884,863084.8038103625,814520.588198316,48564.21561204642,1024204.7592308124,1025490.8864378273,-1286.1272070148261
1739,2030.9277,9,2250.0,8,2000.0,250.0,False,True,0.003431757446949013,0.0015635154259336672,True,0.003076796598930612,0.9984364845740663,0.9969232034010694,0.001513281172996872,0.4645921434353149,0.45574957411101114,0.008842569324303773,473340.60837129893,463627.7652488897,9712.84312240925,4263615.038858894,4265327.988295011,-1712.9494361169636
1751,2125.4336,9,2250.0,8,2000.0,250.0,False,True,0.006418841522187191,0.004152014252374729,True,0.006009472727474423,0.9958479857476252,0.9939905272725256,0.0018574584750996603,0.3490522490311943,0.3386765646922821,0.010375684338912228,308001.38185903337,298288.53873662406,9712.843122409307,2858385.3500998802,2860241.8229839327,-1856.472884052433
1766,4131.4263,17,4250.0,16,4000.0,250.0,False,True,0.007522798659186369,0.006395862520748352,True,0.007313208341246164,0.9936041374792517,0.9926867916587538,0.0009173458204978502,0.378337013033212,0.36963271790311747,0.00870429513009452,406246.6589557233,396533.81583331403,9712.84312240925,1978513.2584010703,1979661.7116536573,-1148.4532525870018
1779,4058.2393,17,4250.0,16,4000.0,250.0,False,True,0.006229205778050417,0.004530888772681467,True,0.005588477737723172,0.9954691112273185,0.9944115222622768,0.0010575889650417114,0.3348836616675538,0.32734779304416045,0.007535868623393338,412584.9119953793,402872.06887297006,9712.84312240925,2948342.483994467,2949849.4349329425,-1506.9509384753183
1796,4463.218,18,4500.0,18,4500.0,0.0,False,False,0.003126089270638177,0.0030043234785159492,True,0.0030043234785159492,0.996995676521484,0.996995676521484,0.0,0.3885208668980679,0.3885208668980679,0.0,393936.82777915825,393936.82777915825,0.0,1867997.5083705941,1867997.5083705941,0.0
1797,2197.7402,9,2250.0,9,2250.0,0.0,False,False,0.005791490844554437,0.003641935068829701,True,0.003641935068829701,0.9963580649311703,0.9963580649311703,0.0,0.3643982480591492,0.3643982480591492,0.0,376777.68493381754,376777.68493381754,0.0,3616217.3750317344,3616217.3750317344,0.0
1824,3333.0442,14,3500.0,13,3250.0,250.0,False,True,0.0036185151005747596,0.002547879514866343,True,0.003438226621494856,0.9974521204851337,0.9965617733785052,0.0008903471066284974,0.39685862907051267,0.39045851298330153,0.0064001160872111384,571170.073021079,561457.2298986698,9712.843122409191,4735783.845804022,4737226.350265243,-1442.504461221397
1838,2503.4436,11,2750.0,10,2500.0,250.0,False,True,0.005064690171628028,0.0013651321614069993,True,0.0028642938689919504,0.998634867838593,0.9971357061310081,0.0014991617075849062,0.4681241799420517,0.45977960647140503,0.008344573470646655,503255.9516809687,493543.1085585595,9712.843122409191,4765010.304720631,4766897.654854368,-1887.3501337375492
1839,5053.0127,21,5250.0,21,5250.0,0.0,False,False,0.006628213404535788,0.006370571386807303,True,0.006370571386807303,0.9936294286131927,0.9936294286131927,0.0,0.32284867218402863,0.32284867218402863,0.0,439426.81018459774,439426.81018459774,0.0,1998451.700690422,1998451.700690422,0.0
1850,3329.8545,14,3500.0,14,3500.0,0.0,False,False,0.009949513052361803,0.009004621036761582,True,0.009004621036761582,0.9909953789632384,0.9909953789632384,0.0,0.3936556426621804,0.3936556426621804,0.0,433636.03814420494,433636.03814420494,0.0,2515386.457429259,2515386.457429259,0.0
1859,4572.957,19,4750.0,18,4500.0,250.0,False,True,0.00429858344539924,0.003360287951484753,True,0.0040112847769873845,0.9966397120485152,0.9959887152230126,0.0006509968255026255,0.40992699233590524,0.40294795755552837,0.006979034780376869,549768.8817485352,540056.038626126,9712.843122409191,3392276.5808985857,3393274.2656935677,-997.6847949819639
1866,1953.752,8,2000.0,8,2000.0,0.0,False,False,0.0026491430676790495,0.0006686569636404042,True,0.0006686569636404042,0.9993313430363596,0.9993313430363596,0.0,0.511441681474484,0.511441681474484,0.0,413567.31461729784,413567.31461729784,0.0,4362548.547772803,4362548.547772803,0.0
1872,1864.604,8,2000.0,8,2000.0,0.0,False,False,0.00919847919140837,0.0046431656921608186,True,0.0046431656921608186,0.9953568343078392,0.9953568343078392,0.0,0.3964793819164357,0.3964793819164357,0.0,359586.3938237695,359586.3938237695,0.0,3297955.6527360156,3297955.6527360156,0.0
1879,2176.5796,9,2250.0,9,2250.0,0.0,False,False,0.0013448063588882286,0.0010607787805267165,True,0.0010607787805267165,0.9989392212194733,0.9989392212194733,0.0,0.4348017281213928,0.4348017281213928,0.0,419000.26118885406,419000.26118885406,0.0,3588343.538450096,3588343.538450096,0.0
1881,3803.3623,16,4000.0,15,3750.0,250.0,False,True,0.005494464713182379,0.004408013632430202,True,0.005336419570147008,0.9955919863675698,0.994663580429853,0.0009284059377168141,0.3520924623757002,0.346046533018126,0.006045929357574198,536979.282350745,527266.4392283359,9712.843122409191,3987623.670838651,3989278.5709534124,-1654.9001147616655
1891,1804.3147,8,2000.0,7,1750.0,250.0,False,True,0.002966518844904842,0.0007848862814191362,True,0.001955004177824046,0.9992151137185808,0.998044995822176,0.0011701178964048653,0.44045278850500325,0.4291743254463664,0.011278463058636834,363129.9172642169,353417.07414180774,9712.843122409191,3629695.67035846,3630867.202434836,-1171.5320763760246
1894,2834.9355,12,3000.0,11,2750.0,250.0,False,True,0.006181237806040629,0.00451156069933929,True,0.005889003845515541,0.9954884393006607,0.9941109961544845,0.0013774431461761605,0.36309421757355675,0.354074570385062,0.00901964718849474,370855.3883925919,361142.54527018266,9712.84312240925,3031049.036113143,3032699.19325349,-1650.1571403471753
1895,6597.5947,27,6750.0,27,6750.0,0.0,False,False,0.009643528111808353,0.008893203398220844,True,0.008893203398220844,0.9911067966017791,0.9911067966017791,0.0,0.31820350936774366,0.31820350936774366,0.0,540663.8738443435,540663.8738443435,0.0,2271737.0638440023,2271737.0638440023,0.0
1898,4075.3445,17,4250.0,17,4250.0,0.0,False,False,0.0019073346523299506,0.0014579777826235203,True,0.0014579777826235203,0.9985420222173765,0.9985420222173765,0.0,0.4193226185612054,0.4193226185612054,0.0,593387.5508636279,593387.5508636279,0.0,4489255.167238573,4489255.167238573,0.0
1910,8757.113,36,9000.0,35,8750.0,250.0,False,True,0.007835340580706784,0.007090583731735711,True,0.007694334076247197,0.9929094162682643,0.9923056659237528,0.0006037503445115444,0.32777377511257794,0.32295265246396204,0.004821122648615894,634502.5667697727,624789.7236473634,9712.843122409307,2857917.1990598645,2859258.0423180973,-1340.8432582328096
1914,3537.1929,15,3750.0,14,3500.0,250.0,False,True,0.004902077863481846,0.0030731400486957152,True,0.004154572586381113,0.9969268599513043,0.9958454274136189,0.001081432537685334,0.33928584081367014,0.33126620272634777,0.008019638087322367,393297.0828958919,383584.23977348267,9712.84312240925,2609391.680422782,2610848.6352811307,-1456.9548583487049
1916,6432.7627,26,6500.0,26,6500.0,0.0,False,False,0.008496767813493622,0.008173037062318056,True,0.008173037062318056,0.9918269629376819,0.9918269629376819,0.0,0.34197896998001026,0.34197896998001026,0.0,578872.6523963213,578872.6523963213,0.0,2500691.826034585,2500691.826034585,0.0
1918,2089.7036,9,2250.0,8,2000.0,250.0,False,True,0.00947516868182885,0.006651484193461207,True,0.009171336469745951,0.9933485158065388,0.990828663530254,0.0025198522762848174,0.3311638541988673,0.3214203505084934,0.009743503690373911,304629.7540594326,294916.91093702335,9712.84312240925,2453840.5402255375,2456318.4513645875,-2477.911139050033
1922,4244.75,17,4250.0,17,4250.0,0.0,False,False,0.002493325309246175,0.002431277482442016,True,0.002431277482442016,0.997568722517558,0.997568722517558,0.0,0.3926259509782528,0.3926259509782528,0.0,485368.95657173044,485368.95657173044,0.0,3569823.4065148826,3569823.4065148826,0.0
1923,16469.428,66,16500.0,62,15500.0,1000.0,False,True,0.002312438895026414,0.0015714467122449614,True,0.0022828406143036695,0.998428553287755,0.9977171593856964,0.0007113939020586546,0.6802470637255081,0.6455151284124617,0.034731935313046414,750983.9445453417,712132.5720557048,38851.37248963688,596458.4323002985,597571.5359578019,-1113.1036575033795
1927,6324.947,26,6500.0,25,6250.0,250.0,False,True,0.008074687660608815,0.006876531164112547,True,0.007913038226931166,0.9931234688358874,0.9920869617730689,0.001036507062818548,0.305701256636507,0.29994042115597896,0.005760835480528026,488852.1148750766,479139.27175266726,9712.843122409307,1898408.9951092997,1900239.4600921306,-1830.4649828309193
1934,1891.9546,8,2000.0,8,2000.0,0.0,False,False,0.00937030068262601,0.004616543740827615,True,0.004616543740827615,0.9953834562591724,0.9953834562591724,0.0,0.4124759854069258,0.4124759854069258,0.0,366640.7557095458,366640.7557095458,0.0,3088215.2417376917,3088215.2417376917,0.0
1938,4041.518,17,4250.0,17,4250.0,0.0,False,False,0.008133178969939148,0.007437331065715115,True,0.007437331065715115,0.9925626689342849,0.9925626689342849,0.0,0.3466852793538542,0.3466852793538542,0.0,379920.03534850234,379920.03534850234,0.0,1824624.5752924625,1824624.5752924625,0.0
1946,2497.2175,10,2500.0,10,2500.0,0.0,False,False,0.008835228048604815,0.007693039427391471,True,0.007693039427391471,0.9923069605726085,0.9923069605726085,0.0,0.31210509023689825,0.31210509023689825,0.0,271745.3519878164,271745.3519878164,0.0,1631494.4092660116,1631494.4092660116,0.0
1959,3114.0232,13,3250.0,12,3000.0,250.0,False,True,0.006274022532617218,0.004545411375300669,True,0.0060015359874418805,0.9954545886246994,0.9939984640125581,0.0014561246121412852,0.36795535441677524,0.3615710073092908,0.006384347107484423,516963.2142364426,507250.3711140333,9712.843122409307,4268074.951377634,4270467.812772064,-2392.8613944295794
1962,5846.875,24,6000.0,24,6000.0,0.0,False,False,0.0020015443631575813,0.001703150125409236,True,0.001703150125409236,0.9982968498745908,0.9982968498745908,0.0,0.3842380382795854,0.3842380382795854,0.0,580843.3084332217,580843.3084332217,0.0,3772838.4391107336,3772838.4391107336,0.0
1963,16097.136,65,16250.0,62,15500.0,750.0,False,True,0.005771484061668053,0.005352491452259213,True,0.005749128365004294,0.9946475085477408,0.9942508716349957,0.00039663691274505197,0.6291482439158029,0.6068967157020394,0.022251528213763527,815009.7131206039,785871.1837533762,29138.52936722769,1019287.1598398548,1020077.2678696387,-790.1080297839362
1969,1595.4624,7,1750.0,6,1500.0,250.0,False,True,0.0044772407610438325,0.000797799218500477,True,0.0029848820500513094,0.9992022007814996,0.9970151179499487,0.0021870828315508906,0.43991739558955517,0.42902204071757566,0.010895354871979512,361052.92659867054,351340.0834762613,9712.84312240925,3757332.0497693745,3759305.866639342,-1973.816869967617
1974,3151.9487,13,3250.0,13,3250.0,0.0,False,False,0.0013640303887175742,0.0007956354513339297,True,0.0007956354513339297,0.9992043645486661,0.9992043645486661,0.0,0.41560211364085275,0.41560211364085275,0.0,426392.6812754541,426392.6812754541,0.0,3209884.728347911,3209884.728347911,0.0
1990,7474.128,30,7500.0,31,7750.0,-250.0,True,False,0.008267044441682025,0.008319449609747004,False,0.007790776637433885,0.991680550390253,0.9922092233625661,-0.0005286729723130712,0.4442524028380776,0.4520103284079298,-0.00775792556985222,539443.6832254117,549156.5263478209,-9712.843122409191,1736013.417476513,1735259.2209134982,754.1965630147606
1996,7838.156,32,8000.0,31,7750.0,250.0,False,True,0.002688239551208227,0.002270960490635646,True,0.0026433292703180325,0.9977290395093643,0.9973566707296819,0.000372368779682386,0.3952734109200305,0.3895380995818638,0.005735311338166682,652853.0601258441,643140.2170034349,9712.843122409191,2772366.8073804555,2773135.1247469587,-768.3173665031791
1999,8613.016,35,8750.0,33,8250.0,500.0,False,True,0.009300997102527964,0.007870401999783375,True,0.009281893159800245,0.9921295980002166,0.9907181068401998,0.00141149116001682,0.29266110545903756,0.28358057026145717,0.009080535197580397,599446.8186880847,580021.1324432661,19425.686244818615,2277356.11335547,2280700.9574694494,-3344.8441139794886
2002,2193.6997,9,2250.0,9,2250.0,0.0,False,False,0.007150997010744176,0.004259794548940849,True,0.004259794548940849,0.9957402054510591,0.9957402054510591,0.0,0.3894616462613481,0.3894616462613481,0.0,457184.20357722975,457184.20357722975,0.0,4251221.173576904,4251221.173576904,0.0
2015,5550.54,23,5750.0,22,5500.0,250.0,False,True,0.007050926158287618,0.0058458381607718055,True,0.006677876026797764,0.9941541618392282,0.9933221239732022,0.0008320378660260364,0.3526077610573431,0.34730410320622274,0.005303657851120358,612195.8424875678,602482.9993651585,9712.843122409307,3610143.0572523475,3611842.031180674,-1698.9739283267409
2020,7255.592,30,7500.0,27,6750.0,750.0,False,True,0.009463203029561384,0.007220717199646745,True,0.009112980710221175,0.9927792828003532,0.9908870192897788,0.0018922635105743657,0.4822235852561955,0.4531317470537276,0.029091838202467912,469071.6917332787,439933.1623660509,29138.529367227806,1156563.5356642217,1158870.3315636646,-2306.7958994428627
2022,3699.0835,15,3750.0,15,3750.0,0.0,False,False,0.008344958214565601,0.00752732619565872,True,0.00752732619565872,0.9924726738043412,0.9924726738043412,0.0,0.3337514703537078,0.3337514703537078,0.0,535841.6130770224,535841.6130770224,0.0,3682734.487355061,3682734.487355061,0.0
2027,8298.167,34,8500.0,35,8750.0,-250.0,True,False,0.001721356508972982,0.0017737690800345954,False,0.0016529252957720075,0.9982262309199654,0.998347074704228,-0.00012084378426258091,0.38381736291087626,0.3896274988841553,-0.0058101359732790625,636463.1279104161,646175.9710328255,-9712.843122409424,3023293.7865395644,3023001.384296865,292.40224269917235
2029,2249.2454,9,2250.0,9,2250.0,0.0,False,False,0.007893077813221017,0.006893001848340693,True,0.006893001848340693,0.9931069981516593,0.9931069981516593,0.0,0.3869549768184063,0.3869549768184063,0.0,359517.2630069047,359517.2630069047,0.0,2513207.985375364,2513207.985375364,0.0
2031,6092.501,25,6250.0,23,5750.0,500.0,False,True,0.004536525347533238,0.003212840323058751,True,0.004250241605509181,0.9967871596769412,0.9957497583944909,0.0010374012824503343,0.3782440106748201,0.36254268956292784,0.015701321111892264,456982.15020467807,437556.46395985957,19425.6862448185,1819941.347111311,1821499.8530655229,-1558.5059542118106
2034,3642.937,15,3750.0,14,3500.0,250.0,False,True,0.003178461440103031,0.0022717581240304114,True,0.002762708035400285,0.9977282418759695,0.9972372919645998,0.0004909499113697757,0.36455407607777734,0.3559893514115592,0.00856472466621816,405137.1700333656,395424.3269109563,9712.843122409307,3404295.483303804,3404973.525037062,-678.0417332579382
2045,11646.839,47,11750.0,47,11750.0,0.0,False,False,0.002308597521085587,0.0021885104221907405,True,0.0021885104221907405,0.9978114895778093,0.9978114895778093,0.0,0.48201130096522093,0.48201130096522093,0.0,736822.5769824968,736822.5769824968,0.0,2054706.8889943939,2054706.8889943939,0.0
2056,4991.0024,20,5000.0,20,5000.0,0.0,False,False,0.009528479229772624,0.009111819756888599,True,0.009111819756888599,0.9908881802431114,0.9908881802431114,0.0,0.3016805326205759,0.3016805326205759,0.0,488063.4669130556,488063.4669130556,0.0,2735023.5557994163,2735023.5557994163,0.0
2059,4227.379,17,4250.0,16,4000.0,250.0,False,True,0.008902124609958428,0.0077786338856564,True,0.00873310702301441,0.9922213661143436,0.9912668929769856,0.0009544731373580806,0.32046580106940414,0.31316711708334194,0.007298683986062204,409560.5112738009,399847.66815139167,9712.84312240925,2899300.1734639592,2900697.640659511,-1397.4671955518425
2061,6845.0195,28,7000.0,26,6500.0,500.0,False,True,0.002027793931987376,0.0011071496067663375,True,0.0018840845328079428,0.9988928503932336,0.998115915467192,0.0007769349260415837,0.4959576465187833,0.4761995540572228,0.019758092461560517,478641.1245267568,459215.43828193843,19425.686244818382,1580871.9746710244,1581810.4895604732,-938.5148894488811
2066,7288.6377,30,7500.0,29,7250.0,250.0,False,True,0.001008804904438776,0.0004900163822195959,True,0.000860338808175341,0.9995099836177804,0.9991396611918246,0.00037032242595580467,0.505134816995272,0.4956638626041145,0.009470954391157471,508182.1434688992,498469.3003464899,9712.843122409307,1664526.998169771,1665016.736996176,-489.73882640502416
2077,1942.2485,8,2000.0,8,2000.0,0.0,False,False,0.002927988888752786,0.0009980465010458008,True,0.0009980465010458008,0.9990019534989542,0.9990019534989542,0.0,0.5263688300699382,0.5263688300699382,0.0,474987.2612660293,474987.2612660293,0.0,4940934.592389643,4940934.592389643,0.0
2085,17217.727,69,17250.0,71,17750.0,-500.0,True,False,0.0025922485622758007,0.003149624868989208,False,0.002578520830901788,0.9968503751310108,0.9974214791690982,-0.0005711040380873555,0.7370386395995034,0.752409212902113,-0.015370573302609603,906075.9491854485,925501.6354302671,-19425.686244818615,1524719.88213246,1523807.737552296,912.1445801639929
2087,2157.9883,9,2250.0,9,2250.0,0.0,False,False,0.004954029145270433,0.0018926709351503692,True,0.0018926709351503692,0.9981073290648497,0.9981073290648497,0.0,0.4984787631869088,0.4984787631869088,0.0,490081.106232677,490081.106232677,0.0,5026235.340296002,5026235.340296002,0.0
2093,2801.113,12,3000.0,11,2750.0,250.0,False,True,0.006646140771669251,0.004106608071437135,True,0.006130213382880025,0.9958933919285629,0.99386978661712,0.0020236053114428554,0.3852894317319189,0.3792876282762846,0.00600180345563428,552566.6367583438,542853.7936359346,9712.843122409191,4663761.41578358,4666966.512195264,-3205.0964116835967
2094,3891.9395,16,4000.0,16,4000.0,0.0,False,False,0.004064518841256359,0.0033620384939169238,True,0.0033620384939169238,0.9966379615060831,0.9966379615060831,0.0,0.3653570692804986,0.3653570692804986,0.0,412128.3676883078,412128.3676883078,0.0,2833824.4521499146,2833824.4521499146,0.0
2102,2411.5627,10,2500.0,10,2500.0,0.0,False,False,0.0014304220681512492,0.0008876405884271297,True,0.0008876405884271297,0.9991123594115728,0.9991123594115728,0.0,0.40155786831730705,0.40155786831730705,0.0,363373.14935065276,363373.14935065276,0.0,3234899.683215337,3234899.683215337,0.0
2110,20168.447,81,20250.0,80,20000.0,250.0,False,True,0.0018315047590363731,0.0015681124056303474,True,0.0017201581240620953,0.9984318875943696,0.9982798418759379,0.00015204571843174808,0.6955380916389786,0.6884820217835023,0.007056069855476355,943406.3052161138,933693.4620937048,9712.843122408958,812765.91031109,813062.4424755448,-296.5321644548094
2123,5773.564,24,6000.0,23,5750.0,250.0,False,True,0.0035498091673795695,0.0030499690357621042,True,0.0034218205804134034,0.9969500309642378,0.9965781794195866,0.00037185154465124715,0.3444338489671933,0.3360703670039548,0.008363481963238495,394098.0006301281,384385.15750771883,9712.84312240925,1379835.329006486,1380353.5052085845,-518.1762020983733
2126,14015.013,57,14250.0,51,12750.0,1500.0,False,True,0.00925281342409523,0.006972852214883751,True,0.009172264379845689,0.9930271477851162,0.9908277356201544,0.002199412164961889,0.4956927474226765,0.46160428700190403,0.03408846042077246,822751.8686284606,764474.8098940051,58277.058734455495,1642374.4012138804,1646650.0807832335,-4275.679569353117
2141,3919.8623,16,4000.0,16,4000.0,0.0,False,False,0.00463044358910758,0.0038259047219075925,True,0.0038259047219075925,0.9961740952780924,0.9961740952780924,0.0,0.3818161853087194,0.3818161853087194,0.0,354452.26665562403,354452.26665562403,0.0,1717122.7044835975,1717122.7044835975,0.0
2142,3206.7217,13,3250.0,13,3250.0,0.0,False,False,0.007805012011770418,0.006874500221266871,True,0.006874500221266871,0.9931254997787331,0.9931254997787331,0.0,0.3191822914642122,0.3191822914642122,0.0,383029.05002388475,383029.05002388475,0.0,2799027.0184775456,2799027.0184775456,0.0
2145,5778.793,24,6000.0,23,5750.0,250.0,False,True,0.006365107076198417,0.005484886397836416,True,0.006275229386498499,0.9945151136021636,0.9937247706135015,0.0007903429886620961,0.3382924835770188,0.3322749083981546,0.0060175751788641985,523077.51098211564,513364.66785970633,9712.843122409307,3032483.67830388,3033882.1491578743,-1398.4708539941348
2158,4290.6387,18,4500.0,17,4250.0,250.0,False,True,0.00469094242228163,0.00345513124514676,True,0.004055990890796743,0.9965448687548533,0.9959440091092032,0.0006008596456500426,0.38214867223901433,0.37617896135335216,0.005969710885662172,599005.0735184471,589292.2303960379,9712.843122409191,4610538.242335325,4611638.4412174355,-1100.198882110417
2165,6102.773,25,6250.0,23,5750.0,500.0,False,True,0.0032940616396376354,0.0024171288725881286,True,0.0031752887148198314,0.9975828711274118,0.9968247112851801,0.0007581598422317093,0.4119882032257454,0.392242160220413,0.019746043005332392,399276.35965516325,379850.6734103447,19425.686244818557,1178095.1340098851,1178997.208102668,-902.074092782801
2166,5204.122,21,5250.0,21,5250.0,0.0,False,False,0.00864270988425242,0.008167667577517662,True,0.008167667577517662,0.9918323324224824,0.9918323324224824,0.0,0.3276337926420666,0.3276337926420666,0.0,521010.8797631466,521010.8797631466,0.0,2938295.542578743,2938295.542578743,0.0
2169,6844.1826,28,7000.0,28,7000.0,0.0,False,False,0.007501875429158034,0.007119640579303113,True,0.007119640579303113,0.9928803594206969,0.9928803594206969,0.0,0.31904646610845877,0.31904646610845877,0.0,462490.46020473883,462490.46020473883,0.0,1610832.6650610461,1610832.6650610461,0.0
2171,2252.647,10,2500.0,9,2250.0,250.0,False,True,0.003651676496821965,0.0009633744938350929,True,0.00227442185835689,0.9990366255061649,0.9977255781416431,0.0013110473645218113,0.48950057936467645,0.4811221772923613,0.008378402072315161,527697.6874697392,517984.84434733004,9712.843122409191,5014347.464139956,5015889.685298979,-1542.2211590232328
2177,1492.5579,6,1500.0,6,1500.0,0.0,False,False,0.005834502591583246,0.0019849904308724825,True,0.0019849904308724825,0.9980150095691275,0.9980150095691275,0.0,0.47916263923826213,0.47916263923826213,0.0,386136.1789356428,386136.1789356428,0.0,3675301.387926204,3675301.387926204,0.0
2185,8502.502,35,8750.0,32,8000.0,750.0,False,True,0.0023415380787403794,0.0019466706132619874,True,0.002313478550082072,0.998053329386738,0.9976865214499179,0.0003668079368200905,0.40018994446728257,0.3798302050836129,0.02035973938366964,568845.0848167344,539706.5554495066,29138.529367227806,2492421.505830885,2493180.8674305314,-759.3615996465087
2195,3181.0544,13,3250.0,12,3000.0,250.0,False,True,0.0039532749698187875,0.0026906930762846944,True,0.003944996504302822,0.9973093069237153,0.9960550034956972,0.001254303428018133,0.407180186423831,0.4004619708234052,0.0067182156004258475,547624.9770879339,537912.1339655246,9712.843122409307,4861800.692776667,4863653.809821172,-1853.117044504732
2199,3069.332,13,3250.0,13,3250.0,0.0,False,False,0.004418970333621597,0.0036863115361419753,True,0.0036863115361419753,0.996313688463858,0.996313688463858,0.0,0.41217546252058923,0.41217546252058923,0.0,353016.83902375784,353016.83902375784,0.0,2058013.9457855488,2058013.9457855488,0.0
2202,4601.9595,19,4750.0,19,4750.0,0.0,False,False,0.004775939646045946,0.004173601624777273,True,0.004173601624777273,0.9958263983752227,0.9958263983752227,0.0,0.3414360090337698,0.3414360090337698,0.0,369932.80216910783,369932.80216910783,0.0,1590091.8273122483,1590091.8273122483,0.0
2209,5838.54,24,6000.0,21,5250.0,750.0,False,True,0.002968270559963626,0.0020175491059784435,True,0.0029086698259548904,0.9979824508940216,0.9970913301740452,0.0008911207199764348,0.36928451529404155,0.3451517770382573,0.02413273825578427,440261.75904413697,411123.22967690916,29138.529367227806,2275842.2880183044,2277203.832166665,-1361.544148360379
2211,6511.338,27,6750.0,25,6250.0,500.0,False,True,0.005802745975918455,0.00418468767846637,True,0.005747972685034727,0.9958153123215336,0.9942520273149653,0.0015632850065683268,0.3109349993363261,0.30123563781900314,0.00969936151732298,593784.1902624154,574358.504017597,19425.6862448185,3293604.418326728,3296904.624633912,-3300.206307183951
2221,7355.2783,30,7500.0,30,7500.0,0.0,False,False,0.005122856995977809,0.004989896950799838,True,0.004989896950799838,0.9950101030492001,0.9950101030492001,0.0,0.5207245005311115,0.5207245005311115,0.0,545761.9287226936,545761.9287226936,0.0,1895695.3690642496,1895695.3690642496,0.0
2225,2718.7861,11,2750.0,11,2750.0,0.0,False,False,0.003406821395486981,0.002794424442325095,True,0.002794424442325095,0.9972055755576749,0.9972055755576749,0.0,0.358989360975192,0.358989360975192,0.0,356669.3636871863,356669.3636871863,0.0,2883846.3675680594,2883846.3675680594,0.0
2231,13314.858,54,13500.0,57,14250.0,-750.0,True,False,0.0019547682845200143,0.0023282896354869863,False,0.0019162665527059045,0.997671710364513,0.9980837334472941,-0.0004120230827810989,0.5256858232460461,0.5457152245958864,-0.020029401349840326,756251.947809113,785390.4771763408,-29138.529367227806,1594332.4021371386,1593485.2275804472,847.1745566914324
2253,2418.2397,10,2500.0,10,2500.0,0.0,False,False,0.006921549097409163,0.0034187062852266592,True,0.0034187062852266592,0.9965812937147733,0.9965812937147733,0.0,0.4243007514870625,0.4243007514870625,0.0,533532.4329617149,533532.4329617149,0.0,4849295.751952051,4849295.751952051,0.0
2257,6716.5303,27,6750.0,26,6500.0,250.0,False,True,0.005217573884362836,0.004278699467866431,True,0.004892197481782558,0.9957213005321336,0.9951078025182174,0.0006134980139161916,0.3695723322270856,0.3628573703076374,0.0067149619194482035,517342.6766293044,507629.8335068952,9712.84312240925,2244617.243327921,2245653.6086457884,-1036.3653178676032
2279,4769.126,20,5000.0,19,4750.0,250.0,False,True,0.0010371679230012365,0.0007118887344686599,True,0.0009415474598136652,0.9992881112655313,0.9990584525401863,0.00022965872534497223,0.43657774016630363,0.4249549289095203,0.011622811256783327,361795.145661033,352082.3025386237,9712.843122409307,1606795.9327978159,1607075.7649858561,-279.8321880402509
2280,16133.193,65,16250.0,65,16250.0,0.0,False,False,0.005444870599114804,0.005397791529475893,True,0.005397791529475893,0.9946022084705242,0.9946022084705242,0.0,0.5239860301454615,0.5239860301454615,0.0,881554.2482009098,881554.2482009098,0.0,1495495.546860317,1495495.546860317,0.0
2293,2933.3066,12,3000.0,12,3000.0,0.0,False,False,0.006785062889819393,0.005558393269582234,True,0.005558393269582234,0.9944416067304178,0.9944416067304178,0.0,0.32700019221631377,0.32700019221631377,0.0,383333.0899692705,383333.0899692705,0.0,3341663.414995922,3341663.414995922,0.0
2301,2297.0322,10,2500.0,9,2250.0,250.0,False,True,0.006300673016903957,0.003247393982717315,True,0.0049987206117168975,0.9967526060172827,0.9950012793882831,0.0017513266289995721,0.3890505641657815,0.381272234183502,0.007778329982279508,447287.02619608474,437574.1830736755,9712.84312240925,3793701.562257021,3796060.5206396775,-2358.958382656332
2313,4199.5723,17,4250.0,16,4000.0,250.0,False,True,0.004028794370787625,0.0027200715164210666,True,0.0037066836007329388,0.9972799284835789,0.9962933163992671,0.0009866120843118331,0.3395879633478368,0.3324531548364809,0.0071348085113558946,441920.5236842579,432207.6805618486,9712.84312240925,2943570.1731440243,2945005.9444878073,-1435.7713437830098
2314,7716.826,31,7750.0,29,7250.0,500.0,False,True,0.003764613714977383,0.0031789883545995054,True,0.0036947155181070676,0.9968210116454005,0.9963052844818929,0.0005157271635075622,0.4111460901294652,0.393283999888086,0.01786209024137919,442100.49595067184,422674.80970585335,19425.6862448185,1130168.970518224,1130918.9018897978,-749.9313715738244
2336,3277.7615,14,3500.0,13,3250.0,250.0,False,True,0.009534988063368388,0.007031616300346243,True,0.00858300641659218,0.9929683836996538,0.9914169935834078,0.0015513901162459431,0.31597867464249785,0.3048542298856758,0.01112444475682206,264556.4712430464,254843.62812063718,9712.84312240922,1163431.4140832266,1164901.3406639837,-1469.9265807571355
2338,2957.4668,12,3000.0,12,3000.0,0.0,False,False,0.005579867985565201,0.004692463382370864,True,0.004692463382370864,0.9953075366176292,0.9953075366176292,0.0,0.3580653631814871,0.3580653631814871,0.0,401319.834442573,401319.834442573,0.0,2894573.1027457216,2894573.1027457216,0.0
2340,15595.45,63,15750.0,64,16000.0,-250.0,True,False,0.0038073669987304104,0.0038577594307913766,False,0.0037576184819822496,0.9961422405692086,0.9962423815180178,-0.00010014094880916868,0.47178919663824864,0.4769880120120737,-0.00519881537382505,873378.7848934237,883091.6280158329,-9712.843122409191,1759856.4471510514,1759579.0396279404,277.4075231109746
2359,4718.274,19,4750.0,19,4750.0,0.0,False,False,0.009859741217282392,0.009445077990631719,True,0.009445077990631719,0.9905549220093682,0.9905549220093682,0.0,0.3134200369608635,0.3134200369608635,0.0,474434.12650857016,474434.12650857016,0.0,2547494.1245659646,2547494.1245659646,0.0
2371,12858.659,52,13000.0,51,12750.0,250.0,False,True,0.006868287033852782,0.006651454127333582,True,0.00677137775353584,0.9933485458726664,0.9932286222464641,0.00011992362620227848,0.38838679006483934,0.38300923379383006,0.005377556271009276,695516.6051098411,685803.7619874318,9712.843122409307,1072000.741370972,1072297.9735604054,-297.23218943341635
2382,3713.5361,15,3750.0,15,3750.0,0.0,False,False,0.0033554380774656334,0.0029844184298380796,True,0.0029844184298380796,0.9970155815701619,0.9970155815701619,0.0,0.37286273306740003,0.37286273306740003,0.0,458890.723367161,458890.723367161,0.0,2958584.4497551094,2958584.4497551094,0.0
2384,3150.1465,13,3250.0,13,3250.0,0.0,False,False,0.008504626308014629,0.0062464215454709985,True,0.0062464215454709985,0.993753578454529,0.993753578454529,0.0,0.3822557951050497,0.3822557951050497,0.0,513393.8654755143,513393.8654755143,0.0,4407268.229879246,4407268.229879246,0.0
2403,6165.908,25,6250.0,24,6000.0,250.0,False,True,0.0030560726060495647,0.0022976581074978237,True,0.0028508687939036636,0.9977023418925022,0.9971491312060964,0.0005532106864057917,0.34234809242308245,0.337007663021273,0.0053404294018094545,601591.432623789,591878.5895013796,9712.843122409307,3672779.9870424783,3673886.8948019594,-1106.9077594811097
2404,6710.839,27,6750.0,27,6750.0,0.0,False,False,0.004473564159751198,0.004177715058935514,True,0.004177715058935514,0.9958222849410645,0.9958222849410645,0.0,0.4008196953948054,0.4008196953948054,0.0,557918.1803540606,557918.1803540606,0.0,2377760.7266879193,2377760.7266879193,0.0
2407,4943.927,20,5000.0,19,4750.0,250.0,False,True,0.004553491854146774,0.00359070890043939,True,0.004518095056313458,0.9964092910995606,0.9954819049436865,0.0009273861558740659,0.33712795822829755,0.3310906406300245,0.006037317598273029,516032.60866901756,506319.7655466083,9712.84312240925,3438841.1238957625,3440451.7758505484,-1610.6519547859207
2410,5028.9365,21,5250.0,20,5000.0,250.0,False,True,0.006776312178412014,0.005688364900713651,True,0.006532777312163374,0.9943116350992863,0.9934672226878366,0.0008444124114497242,0.4441733006603305,0.4349408570716902,0.009232443588640282,449309.42382850806,439596.5807060988,9712.84312240925,1906456.922010586,1907451.1564102368,-994.2343996509444
2411,14737.724,59,14750.0,60,15000.0,-250.0,True,False,0.006003721781305038,0.006050519175863023,False,0.005912267223542164,0.9939494808241369,0.9940877327764578,-0.00013825195232086696,0.5266689129585617,0.5337071513216834,-0.007038238363121785,719222.7108074308,728935.5539298401,-9712.843122409307,714415.6036233141,714135.9252456462,279.6783776679076
2416,9286.795,38,9500.0,37,9250.0,250.0,False,True,0.009996420105226833,0.008874073045592054,True,0.00959009596662644,0.9911259269544079,0.9904099040333736,0.0007160229210343427,0.32921202507217545,0.32448849793514034,0.004723527137035111,644941.0842011191,635228.24107871,9712.843122409191,1985199.9869319543,1986874.4830158174,-1674.4960838630795
2445,7906.9717,32,8000.0,31,7750.0,250.0,False,True,0.006241577480665228,0.0057459550227756655,True,0.006212528511549989,0.9942540449772244,0.99378747148845,0.0004665734887743245,0.419060134019861,0.412179907273299,0.006880226746561968,575412.2877477065,565699.4446252973,9712.843122409191,1879533.7793628844,1880319.6081905079,-785.8288276235107
2449,5041.5093,21,5250.0,20,5000.0,250.0,False,True,0.007385607418659568,0.006339421097820371,True,0.007246749611303512,0.9936605789021796,0.9927532503886964,0.0009073285134831854,0.3601357564841831,0.35402362289365574,0.006112133590527369,543547.075470672,533834.2323482628,9712.843122409191,3121083.7723439336,3122640.9323955243,-1557.160051590763
2452,1600.2844,7,1750.0,6,1500.0,250.0,False,True,0.007182967822217168,0.0034984635950498794,True,0.006715223881663178,0.9965015364049501,0.9932847761183369,0.0032167602866132183,0.37684679765589024,0.36618517038953435,0.010661627266355889,309046.6759602418,299333.8328378326,9712.843122409191,2746562.554415593,2749474.429948642,-2911.875533048995
2460,7522.288,31,7750.0,30,7500.0,250.0,False,True,0.00861771727383076,0.00711689098103618,True,0.007935000028364184,0.9928831090189638,0.9920649999716358,0.0008181090473280417,0.3054718745127524,0.3007375626329197,0.004734311879832698,595530.7016548812,585817.858532472,9712.843122409191,2502837.4036304546,2504655.686244071,-1818.2826136164367
2465,1863.4229,8,2000.0,7,1750.0,250.0,False,True,0.009033134289215594,0.005135689560373554,True,0.008461092574837032,0.9948643104396264,0.9915389074251629,0.0033254030144634905,0.3547781203936926,0.344365157111377,0.010412963282315613,297984.7773669177,288271.9342445084,9712.843122409307,2491303.496177789,2494445.414172629,-3141.9179948400706
2466,2512.2266,11,2750.0,10,2500.0,250.0,False,True,0.0019266292081899783,0.000860170426450217,True,0.001830810506637394,0.9991398295735497,0.9981691894933626,0.0009706400801871018,0.4089022188636066,0.39801286372962924,0.010889355133977374,352216.9061012069,342504.06297879765,9712.84312240925,2484887.3033148227,2485875.917972441,-988.6146576181054
2475,5565.7607,23,5750.0,22,5500.0,250.0,False,True,0.006955401136260364,0.005771291194482467,True,0.006602927809385341,0.9942287088055175,0.9933970721906147,0.0008316366149028198,0.4117104868173273,0.4041528152476264,0.007557671569700886,506460.9505076234,496748.10738521407,9712.843122409307,2199907.967554327,2201102.16621912,-1194.1986647928134
2477,6406.3047,26,6500.0,26,6500.0,0.0,False,False,0.005159238086503981,0.004741600259588665,True,0.004741600259588665,0.9952583997404113,0.9952583997404113,0.0,0.341430100792495,0.341430100792495,0.0,649216.0809727613,649216.0809727613,0.0,3934468.211842347,3934468.211842347,0.0
2479,19277.87,78,19500.0,74,18500.0,1000.0,False,True,0.0068981639877148115,0.006472737389012379,True,0.006880490300238745,0.9935272626109877,0.9931195096997613,0.0004077529112264111,0.5153660139333637,0.4952201675289333,0.0201458464044304,983959.3592785848,945107.9867889478,38851.372489637,1142084.385461343,1143225.8036082005,-1141.4181468575262
2484,2429.1816,10,2500.0,10,2500.0,0.0,False,False,0.009668036234802835,0.006962088523072229,True,0.006962088523072229,0.9930379114769278,0.9930379114769278,0.0,0.36718620195780094,0.36718620195780094,0.0,429510.18447746884,429510.18447746884,0.0,3596942.630143001,3596942.630143001,0.0
2487,6222.0195,25,6250.0,25,6250.0,0.0,False,False,0.002047275732317999,0.0016848756707459162,True,0.0016848756707459162,0.9983151243292541,0.9983151243292541,0.0,0.4234488902982736,0.4234488902982736,0.0,550944.9373408867,550944.9373408867,0.0,2540994.174762952,2540994.174762952,0.0
2491,2362.103,10,2500.0,10,2500.0,0.0,False,False,0.00656692783498436,0.00549012949963644,True,0.00549012949963644,0.9945098705003635,0.9945098705003635,0.0,0.31648647580927985,0.31648647580927985,0.0,288788.99274959177,288788.99274959177,0.0,2382879.9850037135,2382879.9850037135,0.0
2493,4631.297,19,4750.0,19,4750.0,0.0,False,False,0.0016460209775598367,0.0011661267471672668,True,0.0011661267471672668,0.9988338732528327,0.9988338732528327,0.0,0.43191233799286494,0.43191233799286494,0.0,480894.6022664395,480894.6022664395,0.0,2634397.623194434,2634397.623194434,0.0
2496,2311.4077,10,2500.0,9,2250.0,250.0,False,True,0.009181002164771246,0.006270338027026503,True,0.008585623566208794,0.9937296619729735,0.9914143764337912,0.0023152855391823657,0.3506102037570552,0.34249373490363355,0.008116468853421654,382011.73359076533,372298.8904683561,9712.84312240925,3037880.48135324,3040774.6007958627,-2894.119442622643
2501,4092.897,17,4250.0,16,4000.0,250.0,False,True,0.008132115480980029,0.006956951918099172,True,0.007806328455139468,0.9930430480819008,0.9921936715448605,0.0008493765370403139,0.3264278030110959,0.32072634797129784,0.005701455039798076,530565.3051388721,520852.4620164629,9712.84312240925,3829202.299391983,3830723.5186476232,-1521.2192556401715
2502,3465.0332,14,3500.0,14,3500.0,0.0,False,False,0.006691977761173584,0.00538985705183959,True,0.00538985705183959,0.9946101429481604,0.9946101429481604,0.0,0.3461636050767505,0.3461636050767505,0.0,479971.78350595257,479971.78350595257,0.0,3967364.445620962,3967364.445620962,0.0
2506,6651.934,27,6750.0,27,6750.0,0.0,False,False,0.0033511953887973567,0.003130792012200149,True,0.003130792012200149,0.9968692079877999,0.9968692079877999,0.0,0.36604383732938117,0.36604383732938117,0.0,490896.9645481892,490896.9645481892,0.0,1939867.9340575344,1939867.9340575344,0.0
2512,8667.014,35,8750.0,36,9000.0,-250.0,True,False,0.009366897653037554,0.009481949034399936,False,0.009073264717030278,0.9905180509656001,0.9909267352829697,-0.0004086843173696231,0.38290411420851367,0.38972499502515295,-0.006820880816639285,532692.3594766053,542405.2025990146,-9712.843122409307,1180187.4756804057,1179508.664204649,678.811475756811
2522,6014.2925,25,6250.0,24,6000.0,250.0,False,True,0.0018964235309496535,0.0013263404026692884,True,0.0015892738108960953,0.9986736595973307,0.9984107261891039,0.00026293340822680644,0.3787961419501497,0.3732698538079801,0.0055262881421696,654128.5264678188,644415.6833454096,9712.843122409191,4307970.49967945,4308542.75317547,-572.253496020101
2525,1716.1344,7,1750.0,7,1750.0,0.0,False,False,0.008966381416197433,0.0042416507536724365,True,0.0042416507536724365,0.9957583492463276,0.9957583492463276,0.0,0.5784720340055627,0.5784720340055627,0.0,479112.7764768745,479112.7764768745,0.0,5025819.626385639,5025819.626385639,0.0
2529,2906.6885,12,3000.0,12,3000.0,0.0,False,False,0.008231955282316239,0.006969096253299914,True,0.006969096253299914,0.9930309037467001,0.9930309037467001,0.0,0.3618315169086088,0.3618315169086088,0.0,335038.1747539001,335038.1747539001,0.0,1904558.9711385877,1904558.9711385877,0.0
2532,14813.538,60,15000.0,60,15000.0,0.0,False,False,0.0027260206580551616,0.00261065001495025,True,0.00261065001495025,0.9973893499850498,0.9973893499850498,0.0,0.6670531457958582,0.6670531457958582,0.0,774515.4380959827,774515.4380959827,0.0,1217141.3587343176,1217141.3587343176,0.0
2536,2265.0796,10,2500.0,9,2250.0,250.0,False,True,0.009874938779420361,0.0034926084980573223,True,0.007147128241448962,0.9965073915019427,0.9928528717585511,0.0036545197433915932,0.44728040670679103,0.44060721613658077,0.006673190570210263,524109.3586822917,514396.51555988245,9712.84312240925,4783202.87086997,4787731.926160421,-4529.055290451273
2542,3961.073,16,4000.0,16,4000.0,0.0,False,False,0.009848436574665609,0.009082554217338253,True,0.009082554217338253,0.9909174457826617,0.9909174457826617,0.0,0.2973349701443338,0.2973349701443338,0.0,460718.3768225606,460718.3768225606,0.0,3139196.3216056223,3139196.3216056223,0.0
2548,7760.7007,32,8000.0,31,7750.0,250.0,False,True,0.0062677321774827766,0.005347405576828891,True,0.005838218900118695,0.9946525944231711,0.9941617810998813,0.0004908133232898182,0.3505768509696886,0.344514747633416,0.006062103336272606,546380.0831217198,536667.2399993106,9712.843122409191,1734221.8966018367,1735167.430721486,-945.5341196493246
2551,4319.432,18,4500.0,17,4250.0,250.0,False,True,0.006903139270485581,0.006028941733000138,True,0.0068431555363283,0.9939710582669998,0.9931568444636717,0.0008142138033281343,0.38118249047351066,0.3741525046441088,0.007029985829401841,504651.9419999636,494939.0988775543,9712.843122409307,2880424.993966357,2881638.0363968676,-1213.0424305107445
2566,3088.5923,13,3250.0,12,3000.0,250.0,False,True,0.009546572936856346,0.005858979902970547,True,0.007785823888345461,0.9941410200970294,0.9922141761116545,0.0019268439853749042,0.351732324163332,0.346036904365974,0.005695419797357992,536641.952954051,526929.1098316417,9712.843122409307,4624549.7497417815,4627843.600702483,-3293.850960701704
2567,2188.8525,9,2250.0,9,2250.0,0.0,False,False,0.008437117990770404,0.00626301155146945,True,0.00626301155146945,0.9937369884485305,0.9937369884485305,0.0,0.35165018697910366,0.35165018697910366,0.0,370263.0579028377,370263.0579028377,0.0,3429491.6894542538,3429491.6894542538,0.0
2580,10398.644,42,10500.0,41,10250.0,250.0,False,True,0.0034930718134528194,0.0031487041113913245,True,0.00330632056945363,0.9968512958886087,0.9966936794305463,0.00015761645806233737,0.35087032732365864,0.3457764124950341,0.005093914828624535,661919.1686293765,652206.3255069673,9712.843122409191,2242885.8502312843,2243267.0836487217,-381.23341743741184
2596,5439.674,22,5500.0,21,5250.0,250.0,False,True,0.004787480621268991,0.004157325736709694,True,0.0043860969508869125,0.9958426742632903,0.9956139030491131,0.00022877121417719248,0.33815215799315107,0.32816013663429955,0.009992021358851522,326242.7374176133,316529.8942952041,9712.843122409191,803876.1823145648,804176.8165163137,-300.6342017488787
2601,7536.7256,31,7750.0,30,7500.0,250.0,False,True,0.007820216420073245,0.0064131981148158705,True,0.007179503980978299,0.9935868018851841,0.9928204960190217,0.0007663058661624422,0.2916437298006006,0.2866487243493502,0.004995005451250423,543068.2990949003,533355.4559724911,9712.843122409191,2002192.1424433938,2003769.32622518,-1577.1837817861233
2604,4339.468,18,4500.0,17,4250.0,250.0,False,True,0.003480844738429578,0.002518069239123449,True,0.003096986375842703,0.9974819307608765,0.9969030136241573,0.0005789171367192036,0.37819361026261766,0.37070421658307257,0.007489393679545098,476775.2561760098,467062.4130536005,9712.84312240925,3391127.321801365,3391955.3212770983,-827.999475733377
2612,4371.2656,18,4500.0,17,4250.0,250.0,False,True,0.004015188285470428,0.0029545322997901633,True,0.003793522046528488,0.9970454677002099,0.9962064779534715,0.00083898974673835,0.47395341213708175,0.46258825802625964,0.011365154110822118,391634.69305318856,381921.8499307793,9712.84312240925,1780993.1534539247,1781822.4182830895,-829.2648291648366
2639,3755.8496,16,4000.0,15,3750.0,250.0,False,True,0.0064860850286145855,0.004700664844134637,True,0.005535700385828093,0.9952993351558653,0.9944642996141719,0.0008350355416933963,0.3713861088211925,0.3626674973746552,0.008718611446537294,399785.2376490283,390072.39452661906,9712.84312240925,2022500.252588341,2023504.2808077885,-1004.0282194474712
2640,11474.249,46,11500.0,47,11750.0,-250.0,True,False,0.0026919363753031833,0.0029655161896132653,False,0.002597777176636714,0.9970344838103867,0.9974022228233633,-0.00036773901297659783,0.6379570357631623,0.6466828873238603,-0.00872585156069794,691222.8088434411,700935.6519658505,-9712.843122409424,1729299.9473441183,1728787.0887051835,512.8586389347911
2644,3148.7883,13,3250.0,12,3000.0,250.0,False,True,0.0036355557677372197,0.0022408610047278993,True,0.0032652868539933626,0.9977591389952721,0.9967347131460066,0.0010244258492655423,0.3540043293349278,0.342644224020641,0.011360105314286828,293580.57923409354,283867.7361116843,9712.84312240925,1932229.6218087834,1933200.4063879156,-970.7845791322179
2655,2094.5017,9,2250.0,8,2000.0,250.0,False,True,0.0036049784492562242,0.0018596243990168181,True,0.003112881077529264,0.9981403756009832,0.9968871189224707,0.0012532566785125043,0.39537559418856244,0.3841657580295628,0.01120983615899962,328443.22928901244,318730.3861666032,9712.84312240925,2985596.664019573,2986833.3708238616,-1236.7068042885512
2671,9411.092,38,9500.0,37,9250.0,250.0,False,True,0.003044014241558979,0.0026294256040948353,True,0.002924882701137702,0.9973705743959052,0.9970751172988623,0.0002954570970428172,0.45914106391534737,0.45220953708962114,0.006931526825726231,631175.8491819012,621463.006059492,9712.843122409191,1892618.0454523626,1893146.4055876615,-528.3601352989208
2677,1731.4999,7,1750.0,7,1750.0,0.0,False,False,0.008726485593953393,0.00433870128481524,True,0.00433870128481524,0.9956612987151847,0.9956612987151847,0.0,0.41648803863779965,0.41648803863779965,0.0,345080.0510895862,345080.0510895862,0.0,3276355.179465955,3276355.179465955,0.0
2698,4097.3506,17,4250.0,16,4000.0,250.0,False,True,0.007406736230377242,0.005797455942085188,True,0.007275730483999952,0.9942025440579149,0.992724269516,0.001478274541914848,0.30941579845112294,0.3002994634542402,0.009116334996882747,314269.0224120067,304556.17928959744,9712.84312240925,1236752.3251985007,1238461.82394533,-1709.4987468293402
2699,7392.0947,30,7500.0,32,8000.0,-500.0,True,False,0.004392440426313149,0.004673458732499714,False,0.004258503220174824,0.9953265412675003,0.9957414967798252,-0.00041495551232484384,0.43542538777501283,0.4548974463375315,-0.019472058562518657,430198.50369839673,449624.1899432152,-19425.6862448185,891644.0084007159,891073.6482989775,570.3601017383626
2700,3736.107,15,3750.0,15,3750.0,0.0,False,False,0.005795173444548385,0.004805803849570964,True,0.004805803849570964,0.995194196150429,0.995194196150429,0.0,0.3656266444043145,0.3656266444043145,0.0,430991.52070204297,430991.52070204297,0.0,2887775.094150004,2887775.094150004,0.0
2706,1777.5367,8,2000.0,7,1750.0,250.0,False,True,0.003144515336572451,0.0011536991210305727,True,0.002551412190870814,0.9988463008789694,0.9974485878091292,0.0013977130698402673,0.4573277373090317,0.44622980488786684,0.011097932421164858,378930.0809776584,369217.2378552491,9712.843122409307,3279933.337498318,3281216.275980812,-1282.9384824940935
2716,4865.329,20,5000.0,19,4750.0,250.0,False,True,0.0034073962686588244,0.002593547326104101,True,0.003399267304067952,0.9974064526738959,0.9966007326959321,0.0008057199779638591,0.3743892031809045,0.3668683892460901,0.007520813934814408,465178.6926360418,455465.84951363254,9712.84312240925,2991292.132275515,2992501.800843435,-1209.6685679201037
2723,1790.2319,8,2000.0,7,1750.0,250.0,False,True,0.006543777785925631,0.0027940315084756385,True,0.005115516809869107,0.9972059684915243,0.9948844831901309,0.0023214853013934222,0.48459352147239215,0.473920908221086,0.01067261325130614,399696.1878533497,389983.3447309404,9712.843122409307,3317808.757043476,3319990.4136451697,-2181.656601693481
2731,2101.434,9,2250.0,8,2000.0,250.0,False,True,0.00550528225381719,0.0036775818270496376,True,0.005125000925662955,0.9963224181729503,0.9948749990743371,0.001447419098613234,0.3970284351577491,0.38736729802139086,0.009661137136358244,377182.76343194256,367469.92030953325,9712.843122409307,2876164.283969233,2877777.6258336133,-1613.3418643805198
2736,4254.3125,18,4500.0,17,4250.0,250.0,False,True,0.00397437156721081,0.0025254997750046274,True,0.0030741900531321485,0.9974745002249954,0.9969258099468679,0.0005486902781275393,0.35902945465278485,0.35145503725952426,0.007574417393260591,448932.926791569,439220.08366915974,9712.84312240925,3327370.6443468397,3328193.1932714307,-822.5489245909266
2740,2404.2964,10,2500.0,9,2250.0,250.0,False,True,0.0014848168621760527,0.0003284257219999146,True,0.0010637840356374354,0.9996715742780001,0.9989362159643626,0.0007353583136375796,0.4975128988097201,0.48713446097325047,0.010378437836469634,450066.73168095696,440353.8885585477,9712.84312240925,4585265.1719408315,4586025.420643684,-760.2487028529868
2743,2179.6746,9,2250.0,9,2250.0,0.0,False,False,0.0061619043507330495,0.0038730983365563936,True,0.0038730983365563936,0.9961269016634436,0.9961269016634436,0.0,0.39570602449316444,0.39570602449316444,0.0,399405.24322389596,399405.24322389596,0.0,3423734.44972391,3423734.44972391,0.0
2748,2599.0117,11,2750.0,10,2500.0,250.0,False,True,0.004942753716107973,0.0027339140610134825,True,0.004028748119044955,0.9972660859389865,0.995971251880955,0.0012948340580314355,0.38495731239732656,0.37598778536164945,0.008969527035677105,395342.2731810872,385629.43005867803,9712.843122409191,3837189.217254272,3838693.7793974,-1504.5621431278996
2755,5467.755,22,5500.0,22,5500.0,0.0,False,False,0.004262520554318749,0.003920704377065533,True,0.003920704377065533,0.9960792956229345,0.9960792956229345,0.0,0.34613817916602263,0.34613817916602263,0.0,530655.4390642974,530655.4390642974,0.0,3129867.380100025,3129867.380100025,0.0
2775,8282.209,34,8500.0,31,7750.0,750.0,False,True,0.003379299668283653,0.002836013477789871,True,0.0032829462753441604,0.9971639865222102,0.9967170537246558,0.0004469327975543669,0.41193719622633906,0.3888935182453482,0.023043677980990884,516980.51573514176,487841.98636791407,29138.52936722769,1391034.2558224164,1391854.1720763883,-819.9162539718673
2780,3036.8413,13,3250.0,13,3250.0,0.0,False,False,0.007363395838900222,0.005846147069641169,True,0.005846147069641169,0.9941538529303589,0.9941538529303589,0.0,0.3350447817634822,0.3350447817634822,0.0,321218.9921801563,321218.9921801563,0.0,1686531.3669293588,1686531.3669293588,0.0
2798,5880.5635,24,6000.0,24,6000.0,0.0,False,False,0.003860569984820761,0.0033271440596975843,True,0.0033271440596975843,0.9966728559403024,0.9966728559403024,0.0,0.3711398448281758,0.3711398448281758,0.0,591140.5570261062,591140.5570261062,0.0,3108315.454145038,3108315.454145038,0.0
2800,3453.6543,14,3500.0,14,3500.0,0.0,False,False,0.005319955591136849,0.004685526171082713,True,0.004685526171082713,0.9953144738289172,0.9953144738289172,0.0,0.361583079097681,0.361583079097681,0.0,472907.1671242911,472907.1671242911,0.0,3371683.174618601,3371683.174618601,0.0
2806,2208.1147,9,2250.0,8,2000.0,250.0,False,True,0.003794814444421979,0.0017713475454532762,True,0.0037794781722213368,0.9982286524545467,0.9962205218277786,0.0020081306267680787,0.43868608272089854,0.42766235923486845,0.01102372348603009,358538.49076335336,348825.6476409441,9712.84312240925,3487469.081508995,3489382.8202480646,-1913.7387390695512
2824,3490.6929,14,3500.0,14,3500.0,0.0,False,False,0.0031069892295098045,0.002921701128005408,True,0.002921701128005408,0.9970782988719946,0.9970782988719946,0.0,0.394460576214,0.394460576214,0.0,566014.9175630328,566014.9175630328,0.0,4657823.451356231,4657823.451356231,0.0
2832,11604.027,47,11750.0,46,11500.0,250.0,False,True,0.0023217017257092243,0.0020693555235334303,True,0.0021970400239603597,0.9979306444764666,0.9978029599760396,0.00012768450042699442,0.46050166500356354,0.45360613792055327,0.006895527083010278,643235.5210850018,633522.6779625925,9712.843122409307,1413337.3413254963,1413605.807341079,-268.4660155826714
2844,2637.4778,11,2750.0,10,2500.0,250.0,False,True,0.007617352195542826,0.005054110687249549,True,0.007080547343297454,0.9949458893127504,0.9929194526567026,0.0020264366560478475,0.33904009465426355,0.3320072942334679,0.007032800420795626,427168.12316655344,417455.28004414425,9712.843122409191,3917692.6821735096,3920563.7598881586,-2871.077714649029
2856,1779.9906,8,2000.0,7,1750.0,250.0,False,True,0.0037271827168360305,0.0006141557892990141,True,0.0021819471590787975,0.999385844210701,0.9978180528409212,0.001567791369779803,0.4573628841549197,0.4469155458662831,0.010447338288636587,398467.7908959553,388754.9477735461,9712.843122409191,4313668.801763537,4315237.445341559,-1568.643578021787
2857,1854.0659,8,2000.0,7,1750.0,250.0,False,True,0.008223699093361625,0.002205648475612781,True,0.006336114092351236,0.9977943515243872,0.9936638859076488,0.004130465616738466,0.4366044837657929,0.42767631921245186,0.008928164553341056,396377.28700488445,386664.44388247514,9712.843122409307,4269834.985324234,4273814.228915654,-3979.2435914203525
2859,2578.6362,11,2750.0,11,2750.0,0.0,False,False,0.005158967993033947,0.004339338704345755,True,0.004339338704345755,0.9956606612956542,0.9956606612956542,0.0,0.4176685437779092,0.4176685437779092,0.0,406634.06074812484,406634.06074812484,0.0,2729200.4915102683,2729200.4915102683,0.0
2862,3837.906,16,4000.0,15,3750.0,250.0,False,True,0.002814968058209799,0.0017914166049170697,True,0.0023253484326462128,0.9982085833950829,0.9976746515673538,0.000533931827729095,0.38814710200780284,0.3781551186835774,0.009991983324225462,369817.3147495632,360104.4716271539,9712.84312240925,2369170.3703713464,2369783.555150655,-613.1847793087363
2864,4078.7097,17,4250.0,15,3750.0,500.0,False,True,0.009035305945628402,0.0066894248307693745,True,0.00899753731631765,0.9933105751692306,0.9910024626836823,0.002308112485548297,0.38489875701549503,0.3712929756367134,0.013605781378781656,516771.0889299453,497345.4026851269,19425.68624481844,3166343.091656585,3169972.063224747,-3628.9715681616217
2865,5893.942,24,6000.0,23,5750.0,250.0,False,True,0.0027917297724854295,0.002281918171761509,True,0.002625826101026533,0.9977180818282385,0.9973741738989734,0.00034390792926508595,0.38458786189979977,0.3778432465276482,0.006744615372151541,543348.3473900561,533635.5042676468,9712.843122409307,2741821.4091377705,2742445.5645536454,-624.1554158749059
2871,7952.6177,32,8000.0,32,8000.0,0.0,False,False,0.009597848666828002,0.009304705617931014,True,0.009304705617931014,0.9906952943820689,0.9906952943820689,0.0,0.455154295538705,0.455154295538705,0.0,596899.8335980232,596899.8335980232,0.0,2047947.6747200084,2047947.6747200084,0.0
2874,1594.1027,7,1750.0,6,1500.0,250.0,False,True,0.007798534143410363,0.0011799981465345135,True,0.005053241369969293,0.9988200018534655,0.9949467586300307,0.0038732432234348524,0.5200054427748413,0.5101529565267015,0.009852486248139836,426914.94530991255,417202.10218750336,9712.843122409191,4419031.023323043,4422397.565507926,-3366.5421848827973
2883,6054.9004,25,6250.0,24,6000.0,250.0,False,True,0.005169493390079993,0.004065900425580534,True,0.004771737447491893,0.9959340995744195,0.9952282625525081,0.0007058370219114041,0.35881725838178913,0.35309620737487335,0.005721051006915778,583648.0455898806,573935.2024674712,9712.843122409307,3106345.1291065235,3107630.9291955624,-1285.8000890389085
2905,3820.9817,16,4000.0,15,3750.0,250.0,False,True,0.006558444460657564,0.004869577371484999,True,0.006143932124843858,0.995130422628515,0.9938560678751561,0.0012743547533589084,0.32678005600705334,0.3179734568770713,0.008806599129982051,344479.56743303745,334766.7243106282,9712.84312240925,1880460.1566746123,1882005.1218441215,-1544.9651695091743
2912,6760.4297,28,7000.0,27,6750.0,250.0,False,True,0.0024223706434526315,0.002039267082367069,True,0.0022855929237176596,0.997960732917633,0.9977144070762823,0.0002463258413506475,0.37324732030781876,0.36765193542227853,0.005595384885540233,637567.4349883331,627854.591865924,9712.843122409191,3491251.7124205614,3491779.0894415807,-527.377021019347
2913,7879.8647,32,8000.0,32,8000.0,0.0,False,False,0.005351039659108436,0.005129385217115488,True,0.005129385217115488,0.9948706147828845,0.9948706147828845,0.0,0.3424703215218759,0.3424703215218759,0.0,603544.4248369399,603544.4248369399,0.0,2773504.7172871865,2773504.7172871865,0.0
2926,11587.136,47,11750.0,44,11000.0,750.0,False,True,0.007457671196394622,0.006567813558886136,True,0.007400251497268239,0.9934321864411139,0.9925997485027318,0.0008324379383820579,0.37060953788638434,0.3556973618648988,0.014912176021485535,709983.8211360765,680845.2917688487,29138.529367227806,1639041.4493611865,1640942.4131317427,-1900.9637705562636
2933,2868.5745,12,3000.0,11,2750.0,250.0,False,True,0.005311456902065248,0.0038719392924132148,True,0.004964700512600647,0.9961280607075867,0.9950352994873993,0.0010927612201874215,0.4077334232609729,0.3995901134047524,0.008143309856220471,461478.2059886311,451765.36286622187,9712.84312240925,3351135.496921498,3352510.6298291064,-1375.132907608524
2955,4134.9854,17,4250.0,16,4000.0,250.0,False,True,0.006992607202600198,0.005726994899899257,True,0.006746655723896426,0.9942730051001007,0.9932533442761036,0.0010196608239971816,0.4250352848557602,0.41504688633686626,0.009988398518893937,396416.737522657,386703.8944002477,9712.84312240925,1892819.855999423,1893914.796030399,-1094.9400309759658
2968,1854.5754,8,2000.0,8,2000.0,0.0,False,False,0.0028575673414308334,0.001341149701124883,True,0.001341149701124883,0.9986588502988751,0.9986588502988751,0.0,0.45244903888436594,0.45244903888436594,0.0,436713.09522409306,436713.09522409306,0.0,4071341.3961275993,4071341.3961275993,0.0
2969,2170.7085,9,2250.0,9,2250.0,0.0,False,False,0.0048540085622423845,0.0020491820054354157,True,0.0020491820054354157,0.9979508179945645,0.9979508179945645,0.0,0.4574108326287941,0.4574108326287941,0.0,422732.69416550256,422732.69416550256,0.0,3861709.0710676135,3861709.0710676135,0.0
2981,13317.013,54,13500.0,53,13250.0,250.0,False,True,0.007674495997056607,0.007403589167098182,True,0.007529013272631883,0.9925964108329018,0.9924709867273681,0.0001254241055337335,0.4275230358167413,0.42154866252062645,0.005974373296114832,688903.8099260401,679190.9668036308,9712.843122409307,833035.7424649844,833314.3288589347,-278.5863939502742
2982,8698.942,35,8750.0,35,8750.0,0.0,False,False,0.0014892504381099902,0.0014075399092025888,True,0.0014075399092025888,0.9985924600907974,0.9985924600907974,0.0,0.4028980891178111,0.4028980891178111,0.0,723506.0117694614,723506.0117694614,0.0,3979177.411852984,3979177.411852984,0.0
2983,13461.415,54,13500.0,59,14750.0,-1250.0,True,False,0.005990428781399548,0.00695585486845879,False,0.005949265134390257,0.9930441451315412,0.9940507348656098,-0.0010065897340686414,0.5888625019883484,0.6347661494698991,-0.045903647481550625,614381.1887156523,662945.4043276985,-48564.21561204619,329084.10010746255,327616.7620214899,1467.3380859726458
2990,3771.237,16,4000.0,15,3750.0,250.0,False,True,0.008582067136830407,0.006617428036558355,True,0.007711740893221585,0.9933825719634416,0.9922882591067784,0.001094312856663171,0.3653618578272267,0.35796466409700994,0.0073971937302167445,455456.5110999366,445743.66797752737,9712.84312240925,2716769.5509606376,2718328.415720203,-1558.864759565331
3006,6583.9785,27,6750.0,25,6250.0,500.0,False,True,0.004917737879902018,0.00394032050193808,True,0.004812597922368137,0.996059679498062,0.9951874020776319,0.0008722774204300565,0.4094705382673516,0.39469669387633594,0.014773844391015645,526092.182000613,506666.49575579446,19425.6862448185,2092034.2046545064,2093343.57875625,-1309.3741017435677
3015,3565.4204,15,3750.0,14,3500.0,250.0,False,True,0.00916813600496802,0.0071653450747664596,True,0.00860033213271457,0.9928346549252336,0.9913996678672854,0.0014349870579482005,0.38436606019866926,0.37539641155859993,0.008969648640069328,392472.5386990243,382759.69557661505,9712.84312240925,2055464.1963244413,2057201.9792869329,-1737.782962491503
3032,3724.3647,15,3750.0,15,3750.0,0.0,False,False,0.0027216432707596327,0.0022131832749794087,True,0.0022131832749794087,0.9977868167250206,0.9977868167250206,0.0,0.42751901933247777,0.42751901933247777,0.0,493861.0390029497,493861.0390029497,0.0,3569419.5710282144,3569419.5710282144,0.0
3040,2152.2407,9,2250.0,8,2000.0,250.0,False,True,0.0024993060887937846,0.0008700211087449414,True,0.002477886570866297,0.9991299788912551,0.9975221134291337,0.0016078654621214383,0.49038011728788644,0.4805791226101642,0.009800994677722219,450427.1459733209,440714.3028509116,9712.84312240925,4441834.534857986,4443550.215006982,-1715.6801489964128
3043,6629.575,27,6750.0,26,6500.0,250.0,False,True,0.006037220109011199,0.005149072332583404,True,0.00564256197309466,0.9948509276674166,0.9943574380269053,0.0004934896405112132,0.39969744054264666,0.39293240996773604,0.006765030574910624,557791.7732220269,548078.9300996176,9712.843122409307,2356077.0765746855,2356891.1869195416,-814.1103448560461
3055,2293.1807,10,2500.0,9,2250.0,250.0,False,True,0.009160929860673406,0.004216046920296989,True,0.006309197891462197,0.995783953079703,0.9936908021085378,0.0020931509711652474,0.3524216485551515,0.3443078922611741,0.008113756293977425,387328.73882671446,377615.8957043052,9712.84312240925,3476425.894519466,3478888.1071202364,-2462.2126007704064
3057,2916.4956,12,3000.0,12,3000.0,0.0,False,False,0.005642476513276429,0.0039469184745033305,True,0.0039469184745033305,0.9960530815254967,0.9960530815254967,0.0,0.3876607586790511,0.3876607586790511,0.0,533251.423159982,533251.423159982,0.0,4507814.204355286,4507814.204355286,0.0
3059,4185.55,17,4250.0,16,4000.0,250.0,False,True,0.003029150551604798,0.002150617386566029,True,0.0027698327432812107,0.9978493826134339,0.9972301672567188,0.0006192153567151637,0.3502909944391058,0.34214973331057236,0.008141261128533417,407288.9244098553,397576.0812874461,9712.843122409191,2972557.4125899523,2973397.9101754865,-840.4975855341181
3069,1788.1855,8,2000.0,7,1750.0,250.0,False,True,0.002470493591937184,0.0005561484093445379,True,0.0018539706947873864,0.9994438515906554,0.9981460293052126,0.00129782228544284,0.4386792207943049,0.427929942096949,0.010749278697355868,376898.3401825479,367185.4970601386,9712.843122409307,3457037.857322812,3458339.6256684465,-1301.768345634453
3070,4357.5156,18,4500.0,17,4250.0,250.0,False,True,0.003090597323496036,0.0021923873824145693,True,0.0026264060414942676,0.9978076126175854,0.9973735939585058,0.0004340186590796602,0.3894891886677073,0.37772716989173816,0.011762018775969163,317201.5764934862,307488.7333710769,9712.843122409307,1289072.7297696834,1289536.1094476995,-463.3796780160628
3088,2806.5105,12,3000.0,11,2750.0,250.0,False,True,0.004342632533637647,0.0026570911514723476,True,0.0038312514906378,0.9973429088485276,0.9961687485093622,0.0011741603391653976,0.415103661565325,0.407248089710184,0.00785557185514102,483722.48365112976,474009.6405287205,9712.84312240925,4018451.022900126,4020017.188451117,-1566.1655509909615
3090,1533.7651,7,1750.0,6,1500.0,250.0,False,True,0.005020939892562026,0.0011683950675569486,True,0.003901116559797946,0.998831604932443,0.996098883440202,0.0027327214922410192,0.5241316636721722,0.5146875863979921,0.009444077274180174,469102.95320282655,459390.1100804173,9712.84312240925,4501222.967177705,4504019.807219108,-2796.8400414027274
3097,4774.9814,20,5000.0,18,4500.0,500.0,False,True,0.00994026863027242,0.007742525372247424,True,0.009747998470753912,0.9922574746277526,0.9902520015292461,0.002005473098506516,0.3437014718270526,0.32564327356251815,0.01805819826453442,356727.26441644295,337301.57817162445,19425.6862448185,1122650.6908441808,1125123.6159346653,-2472.925090484554
3110,12390.56,50,12500.0,51,12750.0,-250.0,True,False,0.0035437255848640437,0.0037292157079975748,False,0.0035435711768323423,0.9962707842920024,0.9964564288231677,-0.00018564453116520774,0.5733100005505376,0.5820386292470568,-0.008728628696519247,630125.1845320745,639838.0276544837,-9712.843122409191,813688.6127652262,813394.0700575616,294.54270766454283
3116,3141.4824,13,3250.0,12,3000.0,250.0,False,True,0.004811751936012798,0.0037510722197606917,True,0.004699486583295957,0.9962489277802393,0.995300513416704,0.0009484143635353215,0.3552214258442666,0.34792379886282965,0.007297626981436933,452258.47845199413,442545.63532958494,9712.843122409191,3554347.414062271,3555703.681617395,-1356.2675551241264
3121,2333.6812,10,2500.0,9,2250.0,250.0,False,True,0.007362079202059224,0.0038302630740773094,True,0.00667974863120815,0.9961697369259227,0.9933202513687919,0.0028494855571308264,0.39832201082052815,0.39129345409611627,0.007028556724411883,474830.68944932905,465117.8463269198,9712.84312240925,4117302.8758460274,4121077.068021645,-3774.1921756174415
3130,2326.3306,10,2500.0,9,2250.0,250.0,False,True,0.008142755864638196,0.005166156913220616,True,0.007618173639757768,0.9948338430867794,0.9923818263602422,0.002452016726537165,0.3515500322484328,0.34379385897569925,0.007756173272733535,396877.4055903384,387164.56246792915,9712.84312240925,3448702.130311666,3451716.2250718325,-3014.094760166481
3131,6447.192,26,6500.0,26,6500.0,0.0,False,False,0.0048811780842356045,0.004671386609497488,True,0.004671386609497488,0.9953286133905025,0.9953286133905025,0.0,0.37241232040117644,0.37241232040117644,0.0,544981.2970101542,544981.2970101542,0.0,2475700.316339426,2475700.316339426,0.0
3145,4550.428,19,4750.0,18,4500.0,250.0,False,True,0.0010801103971319614,0.0005664015658800534,True,0.0007928792106908567,0.9994335984341199,0.9992071207893092,0.00022647764481076305,0.42985782840915016,0.42095450199950313,0.008903326409647028,463970.75812640827,454257.915003999,9712.84312240925,2947462.522239499,2947801.614873384,-339.09263388533145
3152,11385.78,46,11500.0,44,11000.0,500.0,False,True,0.0028615233570954413,0.0024184666405533723,True,0.0027319434453911807,0.9975815333594467,0.9972680565546088,0.00031347680483784224,0.5100891965785893,0.4958726156260726,0.01421658095251671,689434.6844924932,670008.9982476747,19425.6862448185,1663466.1612996366,1664072.217961242,-606.0566616053693
3175,3296.4146,14,3500.0,13,3250.0,250.0,False,True,0.004635432844959597,0.0035054687061302553,True,0.004245265300569569,0.9964945312938698,0.9957547346994304,0.0007397965944393459,0.37630300303169895,0.36773384889704774,0.008569154134651202,413357.4019209083,403644.55879849906,9712.84312240925,2748046.751010212,2748974.6823301073,-927.9313198952004
3206,2685.242,11,2750.0,11,2750.0,0.0,False,False,0.001937175694474047,0.001193219396195482,True,0.001193219396195482,0.9988067806038046,0.9988067806038046,0.0,0.4379216877227509,0.4379216877227509,0.0,432540.4329901189,432540.4329901189,0.0,4068344.1538513405,4068344.1538513405,0.0
3217,2133.8062,9,2250.0,9,2250.0,0.0,False,False,0.009055843601839975,0.005163480503120179,True,0.005163480503120179,0.9948365194968798,0.9948365194968798,0.0,0.386940621593631,0.386940621593631,0.0,438618.3554296991,438618.3554296991,0.0,4002910.05529173,4002910.05529173,0.0
3226,12326.892,50,12500.0,47,11750.0,750.0,False,True,0.009621902043259967,0.007967026971299326,True,0.009265094902071724,0.9920329730287006,0.9907349050979283,0.001298067930772362,0.4569467270278487,0.4384199049181039,0.018526822109744823,697089.6909898412,667951.1616226134,29138.529367227806,1169817.0999687715,1172227.589097142,-2410.4891283705365
3238,1822.2692,8,2000.0,7,1750.0,250.0,False,True,0.007313039131773169,0.0019002782375858484,True,0.005586998732392705,0.9980997217624141,0.9944130012676073,0.0036867204948067833,0.46569191859884806,0.4568309759213517,0.008860942677496375,428805.3955572073,419092.552434798,9712.843122409307,4072750.733147789,4076409.080772624,-3658.3476248350926
3245,6639.0645,27,6750.0,28,7000.0,-250.0,True,False,0.0035425105445836547,0.0037485988350174308,False,0.0035349787843085042,0.9962514011649826,0.9964650212156915,-0.000213620050708907,0.4381036479359728,0.4486997350443887,-0.01059608710841592,397971.6609525031,407684.5040749123,-9712.843122409191,944993.8203858315,944703.0126643213,290.8077215101803
3249,3533.999,15,3750.0,15,3750.0,0.0,False,False,0.0037628568981463717,0.003024987568351033,True,0.003024987568351033,0.996975012431649,0.996975012431649,0.0,0.3669506255820946,0.3669506255820946,0.0,400556.6612393883,400556.6612393883,0.0,2281189.5594736207,2281189.5594736207,0.0
3254,3065.7166,13,3250.0,12,3000.0,250.0,False,True,0.0021344051089101646,0.0010775011446915968,True,0.0018318698641292084,0.9989224988553084,0.9981681301358708,0.0007543687194375703,0.4182000350238887,0.4065685795198838,0.011631455504004906,340236.6371860998,330523.79406369047,9712.843122409307,1959285.6477191292,1960035.3291819263,-749.6814627971034
3262,2014.1204,9,2250.0,8,2000.0,250.0,False,True,0.0027645032502794376,0.000783845551806681,True,0.002097442738194318,0.9992161544481933,0.9979025572618057,0.0013135971863876827,0.526473228790839,0.5165205714961247,0.009952657294714284,480972.64969204244,471259.8065696332,9712.84312240925,4514274.793206427,4515580.151179135,-1305.3579727075994
3281,13604.152,55,13750.0,53,13250.0,500.0,False,True,0.003959982014205554,0.0033459067841552343,True,0.003942325907135021,0.9966540932158447,0.9960576740928649,0.0005964191229798077,0.5744941644407829,0.5611664230347679,0.013327741406015003,816767.1638856654,797341.4776408467,19425.686244818615,1912457.0494505516,1913484.7698735122,-1027.720422960585
3291,9922.602,40,10000.0,40,10000.0,0.0,False,False,0.0077823816998170425,0.007387547454733059,True,0.007387547454733059,0.992612452545267,0.992612452545267,0.0,0.5625377785110776,0.5625377785110776,0.0,598530.3393492039,598530.3393492039,0.0,1413557.3562877765,1413557.3562877765,0.0
3297,2089.5498,9,2250.0,8,2000.0,250.0,False,True,0.003831875351299585,0.0019369054611559284,True,0.0036462354973806456,0.9980630945388441,0.9963537645026194,0.0017093300362247543,0.4144725214323403,0.40601865793828423,0.00845386349405608,440004.948305607,430292.10518319777,9712.84312240925,3951540.2098325184,3953487.258220721,-1947.0483882026747
3300,5359.0654,22,5500.0,21,5250.0,250.0,False,True,0.008518625447096029,0.007602242548377493,True,0.008441707809538792,0.9923977574516225,0.9915582921904612,0.0008394652611612985,0.33559121434298095,0.33017294285078336,0.0054182714921975905,572094.5181197394,562381.6749973302,9712.843122409191,3329940.8938578833,3331574.848775668,-1633.9549177847803
3303,6841.667,28,7000.0,27,6750.0,250.0,False,True,0.005546504778551564,0.004697761025756089,True,0.005476254141411764,0.9953022389742439,0.9945237458585883,0.0007784931156555874,0.35381864103027383,0.34753890535201937,0.006279735678254461,524543.7817133114,514830.93859090225,9712.843122409191,2177490.86157371,2178796.3871180043,-1305.5255442941561
3305,2510.5698,11,2750.0,10,2500.0,250.0,False,True,0.0069889876055323485,0.0050471593677776285,True,0.006648554099557566,0.9949528406322223,0.9933514459004424,0.0016013947317798927,0.32656051202731634,0.31620817271256907,0.010352339314747272,292030.9945633711,282318.15144096187,9712.84312240925,1949922.689065833,1951552.3140374564,-1629.6249716232996
3307,3323.4065,14,3500.0,13,3250.0,250.0,False,True,0.003148911323218373,0.0022458420220463123,True,0.002845806580374368,0.9977541579779536,0.9971541934196256,0.0005999645583280033,0.4130308848384996,0.4057205585963063,0.007310326242193299,531049.6513067225,521336.80818431324,9712.843122409307,4175662.1887560813,4176560.2051587477,-898.016402666457
3309,3459.8823,14,3500.0,14,3500.0,0.0,False,False,0.00720977021635516,0.0061269307167758314,True,0.0061269307167758314,0.9938730692832242,0.9938730692832242,0.0,0.36698834697094795,0.36698834697094795,0.0,519810.808707563,519810.808707563,0.0,3682201.0197842834,3682201.0197842834,0.0
3310,7812.8535,32,8000.0,30,7500.0,500.0,False,True,0.008906422830727623,0.007708889353536011,True,0.008743821831983046,0.992291110646464,0.9912561781680169,0.0010349324784471037,0.4120687150544197,0.3980198991006503,0.014048815953769445,553425.8072474423,534000.1210026238,19425.6862448185,1733992.8722920762,1735707.350586851,-1714.4782947746571
3314,13721.118,55,13750.0,55,13750.0,0.0,False,False,0.0018605923533876467,0.0017390536577962883,True,0.0017390536577962883,0.9982609463422037,0.9982609463422037,0.0,0.5672616199933534,0.5672616199933534,0.0,722761.4929088044,722761.4929088044,0.0,1309473.1598023786,1309473.1598023786,0.0
3330,1709.7554,7,1750.0,7,1750.0,0.0,False,False,0.007510467263025178,0.004434831168262245,True,0.004434831168262245,0.9955651688317377,0.9955651688317377,0.0,0.44707064887672165,0.44707064887672165,0.0,426523.2228462687,426523.2228462687,0.0,3993737.8655376174,3993737.8655376174,0.0
3333,5330.995,22,5500.0,22,5500.0,0.0,False,False,0.0011201495198631672,0.0010115688293664998,True,0.0010115688293664998,0.9989884311706335,0.9989884311706335,0.0,0.40336969521841853,0.40336969521841853,0.0,465779.9889109873,465779.9889109873,0.0,2551548.334558394,2551548.334558394,0.0
3337,2207.3467,9,2250.0,9,2250.0,0.0,False,False,0.0055978808961070214,0.004390311597971995,True,0.004390311597971995,0.995609688402028,0.995609688402028,0.0,0.37414560660849633,0.37414560660849633,0.0,368140.4272601724,368140.4272601724,0.0,3014158.2655891664,3014158.2655891664,0.0
3341,4224.786,17,4250.0,17,4250.0,0.0,False,False,0.005106449831576043,0.004604326187078333,True,0.004604326187078333,0.9953956738129217,0.9953956738129217,0.0,0.4462257563180242,0.4462257563180242,0.0,427318.7021788145,427318.7021788145,0.0,2210098.7965985877,2210098.7965985877,0.0
3350,7437.294,30,7500.0,30,7500.0,0.0,False,False,0.003779827690401638,0.003150082354155139,True,0.003150082354155139,0.9968499176458449,0.9968499176458449,0.0,0.482112844816905,0.482112844816905,0.0,574838.4753124343,574838.4753124343,0.0,2173031.038448918,2173031.038448918,0.0
3354,8120.411,33,8250.0,33,8250.0,0.0,False,False,0.003805119572620197,0.0036423321653756783,True,0.0036423321653756783,0.9963576678346243,0.9963576678346243,0.0,0.40401291927056365,0.40401291927056365,0.0,649487.1183175754,649487.1183175754,0.0,2562980.368934514,2562980.368934514,0.0
3355,4906.233,20,5000.0,20,5000.0,0.0,False,False,0.0027701711483095748,0.002385004797262178,True,0.002385004797262178,0.9976149952027378,0.9976149952027378,0.0,0.3812125181231029,0.3812125181231029,0.0,554415.7095803433,554415.7095803433,0.0,3471679.9467010433,3471679.9467010433,0.0
3382,2008.3438,9,2250.0,8,2000.0,250.0,False,True,0.006210445359074002,0.0018240241441471645,True,0.0035948480553126094,0.9981759758558528,0.9964051519446874,0.0017708239111654533,0.43147450957563654,0.42148943886256535,0.009985070713071198,390470.0652757152,380757.2221533059,9712.843122409307,4084068.969928895,4085953.233351089,-1884.263422193937
3390,2470.5422,10,2500.0,10,2500.0,0.0,False,False,0.009435666718352387,0.007350248596875648,True,0.007350248596875648,0.9926497514031244,0.9926497514031244,0.0,0.3590699931147613,0.3590699931147613,0.0,413047.0913222707,413047.0913222707,0.0,3658744.783593825,3658744.783593825,0.0
3397,8733.204,35,8750.0,33,8250.0,500.0,False,True,0.0035905680485533997,0.0029098012466564887,True,0.0034267116524801526,0.9970901987533435,0.9965732883475198,0.0005169104058236895,0.38690243214326575,0.3746398713744142,0.012262560768851571,603353.7201878587,583928.0339430401,19425.686244818615,2149644.8655758137,2150647.51996859,-1002.6543927760795
3404,7033.975,29,7250.0,28,7000.0,250.0,False,True,0.0020080194234169957,0.0017547113005470859,True,0.0019828393023837544,0.998245288699453,0.9980171606976163,0.00022812800183669157,0.3760804216465058,0.3708130494819926,0.005267372164513173,682498.6053365464,672785.7622141371,9712.843122409307,3817374.3549164203,3817875.168149077,-500.8132326565683
3405,8938.422,36,9000.0,37,9250.0,-250.0,True,False,0.0041060209066036135,0.004112484843911215,False,0.0038227181503237046,0.9958875151560888,0.9961772818496762,-0.00028976669358748985,0.36476047254195154,0.3703083060250522,-0.005547833483100673,626436.4569355748,636149.300057984,-9712.843122409191,2522265.268294881,2521630.4635992013,634.8046956798062
3412,3227.3862,13,3250.0,13,3250.0,0.0,False,False,0.006021544960912006,0.004419599589707324,True,0.004419599589707324,0.9955804004102927,0.9955804004102927,0.0,0.37439030485926517,0.37439030485926517,0.0,508672.59680056584,508672.59680056584,0.0,4424061.093417155,4424061.093417155,0.0
3422,2854.2349,12,3000.0,11,2750.0,250.0,False,True,0.005121557373168439,0.003430033988352102,True,0.004817873428868333,0.9965699660116479,0.9951821265711317,0.0013878394405162364,0.37091200337319136,0.36144526176006314,0.009466741613128216,361341.561347706,351628.7182252967,9712.843122409307,2987897.778383144,2989475.1745861587,-1577.396203014534
3430,2079.1519,9,2250.0,9,2250.0,0.0,False,False,0.007234406152057837,0.005243328962786949,True,0.005243328962786949,0.9947566710372131,0.9947566710372131,0.0,0.3572207123565408,0.3572207123565408,0.0,358987.0714912037,358987.0714912037,0.0,2733025.3457028996,2733025.3457028996,0.0
3433,5440.8115,22,5500.0,23,5750.0,-250.0,True,False,0.0016940087938077664,0.0017685785048308503,False,0.001454630442443899,0.9982314214951692,0.9985453695575561,-0.0003139480623869373,0.415316147141472,0.42324422884842816,-0.007928081706956136,500409.8236038552,510122.6667262645,-9712.843122409307,2576647.0234722365,2576145.486517052,501.5369551843032
3443,3535.3623,15,3750.0,14,3500.0,250.0,False,True,0.004086608192065189,0.00284378125499933,True,0.003712753883379175,0.9971562187450007,0.9962872461166208,0.0008689726283799271,0.36564045746354934,0.3569830816578724,0.008657375805676937,395988.2558792777,386275.4127568684,9712.843122409307,3134108.470716375,3135242.126531168,-1133.6558147929609
3465,7149.3306,29,7250.0,29,7250.0,0.0,False,False,0.004427643023801164,0.004423210648834216,True,0.004423210648834216,0.9955767893511658,0.9955767893511658,0.0,0.4379574999973945,0.4379574999973945,0.0,460865.72365327296,460865.72365327296,0.0,1280982.9267008116,1280982.9267008116,0.0
3472,16109.162,65,16250.0,76,19000.0,-2750.0,True,False,0.007613043450832024,0.011668795619395307,False,0.0073493823086467815,0.9883312043806047,0.9926506176913532,-0.004319413310748477,0.7433180837825613,0.8420900559982999,-0.09877197221573863,775161.6001031207,882002.8744496224,-106841.27434650168,686507.6543565185,680666.989727101,5840.664629417472
3479,5629.754,23,5750.0,22,5500.0,250.0,False,True,0.009144832033179173,0.0077217960360298175,True,0.00853501361372785,0.9922782039639702,0.9914649863862721,0.0008132175776980333,0.2936087693793936,0.2881964201772516,0.005412349202142008,504869.6148895278,495156.7717671186,9712.843122409191,3000221.1865638644,3001806.3391117225,-1585.1525478581898
3490,1803.56,8,2000.0,7,1750.0,250.0,False,True,0.00606248467188597,0.0012747869428491557,True,0.004150096451922008,0.9987252130571509,0.995849903548078,0.0028753095090728875,0.5205336899704645,0.5120108626184998,0.008522827351964635,505743.18075783865,496030.33763542946,9712.843122409191,5113770.249373631,5116952.911201127,-3182.661827496253
3508,5707.3154,23,5750.0,23,5750.0,0.0,False,False,0.0027117447437872144,0.002284214926461657,True,0.002284214926461657,0.9977157850735383,0.9977157850735383,0.0,0.35159275702614906,0.35159275702614906,0.0,547553.5037954269,547553.5037954269,0.0,3220139.40228697,3220139.40228697,0.0
3514,5368.042,22,5500.0,21,5250.0,250.0,False,True,0.003603623718295146,0.0027601556444268303,True,0.0031476153239924152,0.9972398443555732,0.9968523846760076,0.0003874596795656604,0.34391621432240743,0.3358085491739826,0.008107665148424814,405480.5128653295,395767.66974292026,9712.84312240925,2041804.7219278035,2042393.7289168686,-589.0069890650921
3518,4442.05,18,4500.0,18,4500.0,0.0,False,False,0.003629711594173024,0.002940173921275929,True,0.002940173921275929,0.9970598260787241,0.9970598260787241,0.0,0.3595667318016081,0.3595667318016081,0.0,441430.7156182568,441430.7156182568,0.0,2880310.978218342,2880310.978218342,0.0
3519,1934.9087,8,2000.0,8,2000.0,0.0,False,False,0.009619842012680846,0.0055480255408896255,True,0.0055480255408896255,0.9944519744591104,0.9944519744591104,0.0,0.3974185855746106,0.3974185855746106,0.0,375161.01844078803,375161.01844078803,0.0,3636316.3465498127,3636316.3465498127,0.0
3525,4833.675,20,5000.0,20,5000.0,0.0,False,False,0.006012138328221006,0.0052215478589101045,True,0.0052215478589101045,0.9947784521410898,0.9947784521410898,0.0,0.34807569803251526,0.34807569803251526,0.0,488500.295360593,488500.295360593,0.0,3384720.176983812,3384720.176983812,0.0
3527,6190.9043,25,6250.0,25,6250.0,0.0,False,False,0.006792664528363024,0.006445319224101701,True,0.006445319224101701,0.9935546807758983,0.9935546807758983,0.0,0.3245291899873073,0.3245291899873073,0.0,531145.2106669932,531145.2106669932,0.0,3134430.1866254658,3134430.1866254658,0.0
3538,18782.105,76,19000.0,80,20000.0,-1000.0,True,False,0.005804619429640612,0.007265568088345093,False,0.005583004438095244,0.9927344319116549,0.9944169955619048,-0.0016825636502498797,0.6625456303223246,0.6868503715206947,-0.024304741198370117,1010677.2846372207,1049528.6571268577,-38851.372489637,1646907.8031185067,1643921.1656303192,2986.6374881875236
3542,11328.8545,46,11500.0,44,11000.0,500.0,False,True,0.005418467739992439,0.004963293885996721,True,0.005323028999254169,0.9950367061140033,0.9946769710007458,0.00035973511325748664,0.5840771294126145,0.5648187540982418,0.01925837531437269,582970.1193423411,563544.4330975227,19425.686244818382,775552.6739864373,776095.0761428834,-542.4021564461291
3543,2572.2969,11,2750.0,10,2500.0,250.0,False,True,0.008802071594324001,0.005779168092122263,True,0.007609519169859366,0.9942208319078777,0.9923904808301406,0.0018303510777371024,0.35521086038558597,0.3456928796294762,0.009517980756109767,339764.8333404845,330051.9902180752,9712.84312240925,2674803.3790780753,2676779.773206167,-1976.3941280916333
3551,2846.9275,12,3000.0,11,2750.0,250.0,False,True,0.00875265513350798,0.006959578042878225,True,0.00836179187330188,0.9930404219571217,0.9916382081266981,0.0014022138304236043,0.31050378508897464,0.30279543727694935,0.007708347812025285,370686.93221242365,360974.0890900144,9712.84312240925,3077490.4049962247,3079441.421399749,-1951.016403524205
3581,8365.946,34,8500.0,33,8250.0,250.0,False,True,0.0013756351575295866,0.0012400053843691044,True,0.0013442622314639651,0.9987599946156309,0.998655737768536,0.000104256847094919,0.4184964032917758,0.41257649750921316,0.005919905782562629,681671.6823526508,671958.8392302415,9712.843122409307,3584986.7526177564,3585243.639511836,-256.8868940798566
3600,3167.0037,13,3250.0,12,3000.0,250.0,False,True,0.008640101470937966,0.0071033488745581705,True,0.008435299612796456,0.9928966511254418,0.9915647003872036,0.001331950738238219,0.3042620359011402,0.29583125467439503,0.008430781226745176,334772.5794155909,325059.73629318166,9712.84312240925,2280637.464330875,2282388.8898657914,-1751.425534916576
3607,3656.7837,15,3750.0,14,3500.0,250.0,False,True,0.004732794125253181,0.0037120644949799014,True,0.0047205038767125255,0.9962879355050202,0.9952794961232875,0.0010084393817326731,0.354570684174322,0.3473458267685133,0.007224857405808749,454552.4760622822,444839.6329398729,9712.843122409307,3303959.6470059287,3305426.109620676,-1466.46261474723
3608,14313.415,58,14500.0,56,14000.0,500.0,False,True,0.002134630606750454,0.0016088065925422609,True,0.0020142246134399063,0.9983911934074577,0.9979857753865601,0.0004054180208976632,0.7349258991253456,0.7154301446472121,0.019495754478133454,721532.6502779138,702106.9640330952,19425.686244818615,929648.1126219286,930245.4195640169,-597.3069420882966
3638,2279.9087,10,2500.0,9,2250.0,250.0,False,True,0.009757887461921189,0.002962956429021054,True,0.006413499603924651,0.997037043570979,0.9935865003960753,0.0034505431749036752,0.4298790615016932,0.4234250090933968,0.006454052408296385,527227.6307685976,517514.7876461884,9712.843122409191,5059678.888933115,5064194.176973805,-4515.288040690124
3649,3240.6455,13,3250.0,13,3250.0,0.0,False,False,0.009961968305296054,0.009657747848423054,True,0.009657747848423054,0.9903422521515769,0.9903422521515769,0.0,0.4716776901296047,0.4716776901296047,0.0,405096.3759828729,405096.3759828729,0.0,2341406.8751821574,2341406.8751821574,0.0
3653,2702.2786,11,2750.0,11,2750.0,0.0,False,False,0.006601771426466563,0.005882642042307391,True,0.005882642042307391,0.9941173579576926,0.9941173579576926,0.0,0.41076052527358237,0.41076052527358237,0.0,363473.72778223024,363473.72778223024,0.0,2223785.8394459747,2223785.8394459747,0.0
3659,1773.3516,8,2000.0,7,1750.0,250.0,False,True,0.005477172485154447,0.0012511311848597863,True,0.003567150609053059,0.9987488688151402,0.9964328493909469,0.0023160194241933496,0.552632741635109,0.5422284200656333,0.010404321569475683,460278.7102342539,450565.8671118446,9712.843122409307,4322327.10756927,4324534.488036944,-2207.3804676737636
3660,14037.548,57,14250.0,54,13500.0,750.0,False,True,0.0013450790065595575,0.0008400359909197581,True,0.0012260998411319926,0.9991599640090802,0.998773900158868,0.000386063850212226,0.5679920094541545,0.5462639488057335,0.021728060648421033,754380.4747976046,725241.9454303768,29138.529367227806,1453054.5422261537,1453799.2428637133,-744.7006375596393
3679,1969.5663,8,2000.0,8,2000.0,0.0,False,False,0.002329348593992031,0.0015578870786851309,True,0.0015578870786851309,0.9984421129213149,0.9984421129213149,0.0,0.5584315333343034,0.5584315333343034,0.0,506090.2289077648,506090.2289077648,0.0,5370349.316559741,5370349.316559741,0.0
3684,13029.601,53,13250.0,52,13000.0,250.0,False,True,0.008378509838292802,0.008138387320118195,True,0.008358230199976835,0.9918616126798818,0.9916417698000232,0.00021984287985865603,0.39009359431501717,0.38484699521289495,0.005246599102122218,710613.1900654705,700900.3469430613,9712.843122409191,1068722.208006466,1069216.3904739926,-494.1824675265234
3697,15424.302,62,15500.0,64,16000.0,-500.0,True,False,0.007689946204460396,0.008128008994401303,False,0.007600021974409674,0.9918719910055986,0.9923999780255903,-0.0005279870199916825,0.5501297533462237,0.561920473576321,-0.011790720230097307,883936.3954680362,903362.0817128546,-19425.686244818382,1735248.8496187371,1734201.9660732585,1046.883545478573
3761,2497.3965,10,2500.0,10,2500.0,0.0,False,False,0.0074149336535536126,0.0060095760661963765,True,0.0060095760661963765,0.9939904239338037,0.9939904239338037,0.0,0.3548087575393818,0.3548087575393818,0.0,439620.66845341155,439620.66845341155,0.0,3809794.6165035646,3809794.6165035646,0.0
3762,2204.683,9,2250.0,9,2250.0,0.0,False,False,0.004817888544899174,0.0019765024028548833,True,0.0019765024028548833,0.9980234975971451,0.9980234975971451,0.0,0.4549445553916807,0.4549445553916807,0.0,437149.0495687106,437149.0495687106,0.0,4304773.676838394,4304773.676838394,0.0
3766,3063.4893,13,3250.0,12,3000.0,250.0,False,True,0.003434846277194037,0.0020383618309785393,True,0.0030169028835524475,0.9979616381690215,0.9969830971164475,0.0009785410525740001,0.40525498422221135,0.39795718243492884,0.00729780178728251,511988.8917550505,502276.0486326413,9712.843122409191,4539615.45817736,4541001.541858099,-1386.0836807396263
3767,2675.711,11,2750.0,10,2500.0,250.0,False,True,0.009228485189000435,0.007488107835001968,True,0.008958573631814966,0.992511892164998,0.991041426368185,0.0014704657968129808,0.3217291084565676,0.31358393758761843,0.00814517086894917,362948.88779787836,353236.0446754691,9712.84312240925,2689602.589664245,2691570.4202096965,-1967.830545451492
3773,2401.0317,10,2500.0,9,2250.0,250.0,False,True,0.005914186784561792,0.002883112737545443,True,0.005281740312626806,0.9971168872624545,0.9947182596873732,0.002398627575081358,0.4074586434063631,0.3996662660599887,0.007792377346374446,452098.7445212121,442385.9013988029,9712.84312240925,4470570.364295822,4473560.793667715,-2990.429371893406
3779,1700.8289,7,1750.0,7,1750.0,0.0,False,False,0.006141568173641199,0.0023836464549867155,True,0.0023836464549867155,0.9976163535450133,0.9976163535450133,0.0,0.4994056825230367,0.4994056825230367,0.0,447279.54104105977,447279.54104105977,0.0,4905958.278810113,4905958.278810113,0.0
3780,3489.7573,14,3500.0,14,3500.0,0.0,False,False,0.00854875173316838,0.00782692671269611,True,0.00782692671269611,0.9921730732873039,0.9921730732873039,0.0,0.33079131163582187,0.33079131163582187,0.0,378363.9108445008,378363.9108445008,0.0,2457814.8057312486,2457814.8057312486,0.0
3787,4615.97,19,4750.0,18,4500.0,250.0,False,True,0.0014967492055415477,0.0012989079720449755,True,0.0014854264050677627,0.998701092027955,0.9985145735949322,0.00018651843302275317,0.4023745533749029,0.3923454253684006,0.010029128006502297,386858.5500067569,377145.7068843477,9712.843122409191,2104094.8139443332,2104348.034862687,-253.220918353647
3798,3498.0552,14,3500.0,13,3250.0,250.0,False,True,0.009160042404537605,0.008042425693489666,True,0.009151493047584216,0.9919575743065103,0.9908485069524158,0.0011090673540945506,0.29554290227075675,0.2883661600603052,0.007176742210451559,382784.8256016671,373071.98247925786,9712.84312240925,2710025.3032468567,2711598.3615628546,-1573.0583159979433
3804,2949.0938,12,3000.0,12,3000.0,0.0,False,False,0.006637990580601771,0.00635393035009382,True,0.00635393035009382,0.9936460696499062,0.9936460696499062,0.0,0.42500774231680233,0.42500774231680233,0.0,382472.64201240067,382472.64201240067,0.0,2282861.5283496277,2282861.5283496277,0.0
3806,2397.969,10,2500.0,10,2500.0,0.0,False,False,0.006151296662396777,0.004744901524453934,True,0.004744901524453934,0.995255098475546,0.995255098475546,0.0,0.34509097025423024,0.34509097025423024,0.0,290698.8053537392,290698.8053537392,0.0,1916741.704700015,1916741.704700015,0.0
3810,10996.634,44,11000.0,47,11750.0,-750.0,True,False,0.0011196866468452527,0.0013658972910567753,False,0.0010029807753379066,0.9986341027089433,0.9989970192246621,-0.0003629165157188474,0.41383395465781936,0.43167169703730257,-0.017837742379483212,670117.7660039773,699256.2953712051,-29138.529367227806,2563367.64262347,2562503.100207085,864.542416385375
3817,3817.363,16,4000.0,16,4000.0,0.0,False,False,0.0077510028702078015,0.0067465101945762265,True,0.0067465101945762265,0.9932534898054238,0.9932534898054238,0.0,0.309983092056398,0.309983092056398,0.0,355167.75237595825,355167.75237595825,0.0,1901336.8757680678,1901336.8757680678,0.0
3842,5140.9194,21,5250.0,20,5000.0,250.0,False,True,0.002770953527895581,0.0022647754064320743,True,0.002709069394951804,0.9977352245935679,0.9972909306050481,0.00044429398851975055,0.3499330415470776,0.34387036927889203,0.006062672268185576,546807.410127419,537094.5670050099,9712.843122409191,3804749.815694854,3805597.25694673,-847.4412518758327
3844,2596.0654,11,2750.0,10,2500.0,250.0,False,True,0.005575637856831572,0.0037959133147285845,True,0.005481409900764096,0.9962040866852714,0.9945185900992359,0.001685496586035451,0.36916147840331814,0.36110350318168544,0.008057975221632707,413615.78071622975,403902.93759382056,9712.843122409191,3667625.868316876,3669783.5643404443,-2157.696023568511
3853,13050.91,53,13250.0,54,13500.0,-250.0,True,False,0.0031321156573561604,0.003192033534355319,False,0.0030540523742998405,0.9968079664656447,0.9969459476257002,-0.00013798116005547811,0.46766136500167066,0.4740733860586297,-0.006412021056959039,701230.5195047883,710943.3626271975,-9712.843122409191,1216407.697324054,1216113.216327911,294.48099614307284
3854,5273.091,22,5500.0,21,5250.0,250.0,False,True,0.005150443697428786,0.004157276159025708,True,0.004970447708439661,0.9958427238409743,0.9950295522915603,0.0008131715494139602,0.34145965702741815,0.3361627964409721,0.005296860586446073,595284.4931639719,585571.6500415627,9712.843122409191,3947567.9150948464,3949255.7122580423,-1687.797163195908
3858,1558.8296,7,1750.0,6,1500.0,250.0,False,True,0.0049472686532962,0.000876174015790376,True,0.003113609437208308,0.9991238259842097,0.9968863905627917,0.002237435421417966,0.5619756691936078,0.551181354280532,0.010794314913075698,453782.51174513006,444069.66862272087,9712.843122409191,4591944.02646465,4594018.772926442,-2074.7464617919177
3879,5080.043,21,5250.0,20,5000.0,250.0,False,True,0.009311810144633559,0.007723088332370459,True,0.00893317370802598,0.9922769116676295,0.9910668262919741,0.0012100853756554786,0.34021072193819196,0.331195895542814,0.009014826395377984,350834.61587983946,341121.7727574302,9712.84312240925,1061989.564586114,1063352.5790001275,-1363.0144140135963
3883,4212.832,17,4250.0,17,4250.0,0.0,False,False,0.0058136400487359685,0.005681302369828013,True,0.005681302369828013,0.994318697630172,0.994318697630172,0.0,0.3647161232173648,0.3647161232173648,0.0,457640.8545836441,457640.8545836441,0.0,2608405.1591705093,2608405.1591705093,0.0
3884,3311.3765,14,3500.0,13,3250.0,250.0,False,True,0.0020636139473724224,0.0017506916140139401,True,0.0019529035679935573,0.998249308385986,0.9980470964320064,0.00020221195397962521,0.4130307879863673,0.40305258257807863,0.009978205408288643,398783.5893588603,389070.7462364511,9712.843122409191,3601975.9222663036,3602250.9205831727,-274.99831686913967
3896,1794.1205,8,2000.0,7,1750.0,250.0,False,True,0.0035171387349282046,0.0007707289798124403,True,0.002370652850388052,0.9992292710201875,0.9976293471496119,0.0015999238705756147,0.6205518831123722,0.6100407566271465,0.010511126485225675,524667.1800217765,514954.3368993673,9712.843122409191,5476662.252300659,5478154.922032775,-1492.6697321161628
3904,4598.4263,19,4750.0,18,4500.0,250.0,False,True,0.005842425737422774,0.004471244101989982,True,0.0054346606423616665,0.99552875589801,0.9945653393576384,0.0009634165403716866,0.32694658822236394,0.3200269922377575,0.0069195959846064525,439265.33705274516,429552.4939303359,9712.84312240925,3120914.884618809,3122391.294688253,-1476.4100694442168
3909,2076.775,9,2250.0,8,2000.0,250.0,False,True,0.00851287235826037,0.0037576727458989104,True,0.007313203826187483,0.9962423272541011,0.9926867961738125,0.0035555310802886098,0.40646691341895885,0.3984897166832482,0.007977196735710679,420022.16398516065,410309.32086275134,9712.843122409307,3884353.082099572,3888579.496032388,-4226.413932816125
3910,2698.8096,11,2750.0,11,2750.0,0.0,False,False,0.004860957073810956,0.0034962902645487336,True,0.0034962902645487336,0.9965037097354512,0.9965037097354512,0.0,0.41044700323910593,0.41044700323910593,0.0,469431.1448363555,469431.1448363555,0.0,3897536.0863673533,3897536.0863673533,0.0
3925,1903.8159,8,2000.0,8,2000.0,0.0,False,False,0.0067001462840293735,0.0032874937165844895,True,0.0032874937165844895,0.9967125062834155,0.9967125062834155,0.0,0.4035592712677751,0.4035592712677751,0.0,399515.6834261678,399515.6834261678,0.0,4113440.192949321,4113440.192949321,0.0
3940,2650.3984,11,2750.0,11,2750.0,0.0,False,False,0.009995191795864833,0.007607785850518378,True,0.007607785850518378,0.9923922141494816,0.9923922141494816,0.0,0.3655609107742593,0.3655609107742593,0.0,515703.4946908718,515703.4946908718,0.0,4325636.428434856,4325636.428434856,0.0
3943,4472.633,18,4500.0,18,4500.0,0.0,False,False,0.0015976952141881773,0.0010151796420145812,True,0.0010151796420145812,0.9989848203579854,0.9989848203579854,0.0,0.4285440151723177,0.4285440151723177,0.0,474818.7063077502,474818.7063077502,0.0,2786961.9167829077,2786961.9167829077,0.0
3963,6690.3184,27,6750.0,27,6750.0,0.0,False,False,0.008282080728964414,0.007849899423538738,True,0.007849899423538738,0.9921501005764612,0.9921501005764612,0.0,0.31317827665428877,0.31317827665428877,0.0,589618.8900045315,589618.8900045315,0.0,2994254.3114677817,2994254.3114677817,0.0
3971,7282.788,30,7500.0,29,7250.0,250.0,False,True,0.005081003282831564,0.004191365265600847,True,0.004853540361464915,0.9958086347343992,0.9951464596385351,0.0006621750958640815,0.3404638662035112,0.33521538308223825,0.005248483121272962,604393.5672844909,594680.7241620816,9712.843122409307,2680888.7055621366,2682201.8511372367,-1313.1455751000904
3981,2767.787,12,3000.0,11,2750.0,250.0,False,True,0.0019055983890547967,0.0007630585134099622,True,0.001535982430153503,0.99923694148659,0.9984640175698465,0.0007729239167435509,0.4321354625258627,0.42273267126585234,0.009402791260010368,431383.19048955245,421670.34736714314,9712.843122409307,3288695.425996925,3289588.432420304,-893.0064233788289
3989,3426.15,14,3500.0,14,3500.0,0.0,False,False,0.004075826702030216,0.003776504830704478,True,0.003776504830704478,0.9962234951692955,0.9962234951692955,0.0,0.39988694080646026,0.39988694080646026,0.0,436756.5714430137,436756.5714430137,0.0,2727558.446235106,2727558.446235106,0.0
3997,2615.259,11,2750.0,10,2500.0,250.0,False,True,0.003914762152891216,0.0023897131645720274,True,0.003596374252618588,0.997610286835428,0.9964036257473814,0.0012066610880465678,0.3747888309025366,0.36660784129420776,0.008180989608328859,422088.07362420217,412375.230501793,9712.843122409191,4039411.69586471,4040925.92754156,-1514.2316768500023
3999,2978.6047,12,3000.0,12,3000.0,0.0,False,False,0.0018615181947624349,0.0011001952320877691,True,0.0011001952320877691,0.9988998047679122,0.9988998047679122,0.0,0.46063284158605483,0.46063284158605483,0.0,520917.1444876259,520917.1444876259,0.0,4340212.59597959,4340212.59597959,0.0
4001,5797.8013,24,6000.0,24,6000.0,0.0,False,False,0.0010520568247311957,0.0007441037992255712,True,0.0007441037992255712,0.9992558962007744,0.9992558962007744,0.0,0.5516093014754108,0.5516093014754108,0.0,486597.5104668434,486597.5104668434,0.0,2060309.8632156218,2060309.8632156218,0.0
4027,5273.6147,22,5500.0,21,5250.0,250.0,False,True,0.0085086429304424,0.007031315612506842,True,0.008262160702471514,0.9929686843874932,0.9917378392975285,0.0012308450899647383,0.3205951992281235,0.31323508559278196,0.007360113635341559,401875.98311462917,392163.13999222,9712.843122409191,1431305.182684598,1433130.2040676312,-1825.021383033134
4036,1576.3278,7,1750.0,6,1500.0,250.0,False,True,0.006890416880722783,0.004225229874834455,True,0.006620212124209981,0.9957747701251656,0.9933797878757901,0.00239498224937551,0.4452602467726368,0.4348642893000268,0.010395957472610018,377975.2195364861,368262.3764140769,9712.843122409191,3001383.0068924865,3003620.5974839856,-2237.5905914991163
4040,3486.2666,14,3500.0,14,3500.0,0.0,False,False,0.0032487939043578384,0.002759974552262606,True,0.002759974552262606,0.9972400254477374,0.9972400254477374,0.0,0.3879669416872021,0.3879669416872021,0.0,390786.3595413867,390786.3595413867,0.0,2325788.7439107527,2325788.7439107527,0.0
4046,18599.164,75,18750.0,64,16000.0,2750.0,False,True,0.004809751171406806,0.0029262899169707813,True,0.004744631528874803,0.9970737100830293,0.9952553684711252,0.001818341611904084,0.7824620447293998,0.6911169891823988,0.09134505554700101,902746.6476894489,795905.3733429472,106841.27434650168,957342.8299856485,960390.1568315313,-3047.3268458828097
4057,2670.1152,11,2750.0,11,2750.0,0.0,False,False,0.003593247238696806,0.0031476773143656943,True,0.0031476773143656943,0.9968523226856343,0.9968523226856343,0.0,0.41786911918398956,0.41786911918398956,0.0,418152.7851880028,418152.7851880028,0.0,2979451.7137959315,2979451.7137959315,0.0
4058,3119.6284,13,3250.0,12,3000.0,250.0,False,True,0.0014287171344059546,0.001013208312342325,True,0.0012355381083964845,0.9989867916876577,0.9987644618916035,0.00022232979605418812,0.4579369482241093,0.44667143433401224,0.011265513890097056,391368.2253234262,381655.3822010169,9712.843122409307,3763434.321961558,3763710.801370889,-276.47940933099017
4060,6075.0684,25,6250.0,24,6000.0,250.0,False,True,0.005234426645330803,0.004497107441748176,True,0.0052309891875082625,0.9955028925582519,0.9947690108124917,0.0007338817457601676,0.34171552855716797,0.33634157335604553,0.005373955201122438,590374.4733024301,580661.6301800208,9712.843122409307,3218968.8500780826,3220465.6581371506,-1496.808059067931
4067,7266.2163,30,7500.0,30,7500.0,0.0,False,False,0.0060430307572137965,0.005198882631467528,True,0.005198882631467528,0.9948011173685325,0.9948011173685325,0.0,0.31712913164070977,0.31712913164070977,0.0,595895.600584324,595895.600584324,0.0,2560441.0482694404,2560441.0482694404,0.0
4090,12537.411,51,12750.0,54,13500.0,-750.0,True,False,0.0035384089743055736,0.003866514704009916,False,0.0034843294282952764,0.9961334852959901,0.9965156705717048,-0.00038218527571465266,0.4623771589425968,0.48048325463630287,-0.01810609569370608,736613.7107665885,765752.2401338163,-29138.529367227806,1596162.988462842,1595280.011209881,882.9772529611364
4091,5319.623,22,5500.0,20,5000.0,500.0,False,True,0.0024344010944725714,0.002043805449882707,True,0.002389827910389232,0.9979561945501173,0.9976101720896108,0.0003460224605065232,0.3862434454953711,0.370326739118366,0.015916706377005096,467621.84258466435,448196.1563398459,19425.68624481844,3128792.376524399,3129404.0115630263,-611.6350386273116
4094,12644.276,51,12750.0,49,12250.0,500.0,False,True,0.006267536804579588,0.006039502001961642,True,0.006258141259468603,0.9939604979980383,0.9937418587405314,0.00021863925750686963,0.38992286405966514,0.3788264785805823,0.011096385479082815,677523.4571716059,658097.7709267875,19425.686244818382,1147423.8445601552,1147998.5199218849,-574.6753617296927
4099,5575.336,23,5750.0,23,5750.0,0.0,False,False,0.0017856213382687613,0.001286058813088103,True,0.001286058813088103,0.9987139411869119,0.9987139411869119,0.0,0.46122782691840564,0.46122782691840564,0.0,507872.9910116844,507872.9910116844,0.0,2334025.5895451456,2334025.5895451456,0.0
4105,10083.714,41,10250.0,37,9250.0,1000.0,False,True,0.007169425700757626,0.005886218987076207,True,0.007053984308489855,0.9941137810129238,0.9929460156915102,0.0011677653214136052,0.5073146903895165,0.47313440296433756,0.034180287425178923,567418.0375866172,528566.6650969802,38851.372489637,1019067.4999724547,1020710.9598805917,-1643.4599081369815
4113,8417.357,34,8500.0,33,8250.0,250.0,False,True,0.005318075220446805,0.00476397932432734,True,0.0051218156975198674,0.9952360206756726,0.9948781843024801,0.0003578363731925327,0.3454467692969354,0.3392579247116299,0.006188844585305497,531669.0816545567,521956.2385321475,9712.843122409191,1556841.4242117761,1557512.9412888056,-671.5170770294499
4116,6826.1274,28,7000.0,26,6500.0,500.0,False,True,0.005888942759577409,0.004337068102857376,True,0.0057357004798072,0.9956629318971426,0.9942642995201928,0.0013986323769498155,0.31465823688664896,0.30407148803759887,0.010586748849050087,554976.9088806089,535551.2226357904,19425.6862448185,3004681.3621305185,3007417.256533064,-2735.894402545411
4120,14450.867,58,14500.0,72,18000.0,-3500.0,True,False,0.009605071178550362,0.016582269418037695,False,0.009297466592844016,0.9834177305819624,0.990702533407156,-0.007284802825193615,0.6143749592434032,0.7249702464049504,-0.1105952871615472,720408.3203605291,856388.1240742586,-135979.8037137295,749311.371355216,738714.8159915936,10596.555363622378
4122,1810.0315,8,2000.0,7,1750.0,250.0,False,True,0.008525968859885213,0.0014062159864097986,True,0.0037064306681041004,0.9985937840135902,0.996293569331896,0.0023002146816942792,0.4226528024559241,0.413544020136631,0.00910878231929313,408012.39584233915,398299.55271992984,9712.843122409307,4306884.114274323,4309272.783349419,-2388.669075096026
4128,14122.464,57,14250.0,56,14000.0,250.0,False,True,0.0051696741308151495,0.004947282808379409,True,0.0050640688904233285,0.9950527171916206,0.9949359311095767,0.00011678608204390706,0.4642038417305183,0.45852556636014197,0.005678275370376351,786578.4194559238,776865.5763335144,9712.843122409424,1419676.6512191747,1419974.5442561745,-297.8930369997397
4134,2650.672,11,2750.0,11,2750.0,0.0,False,False,0.005338021266016346,0.004240304868736793,True,0.004240304868736793,0.9957596951312632,0.9957596951312632,0.0,0.33843640421934856,0.33843640421934856,0.0,314139.3216771408,314139.3216771408,0.0,2191405.024347266,2191405.024347266,0.0
4139,4821.938,20,5000.0,20,5000.0,0.0,False,False,0.009397131193007557,0.009026561373114094,True,0.009026561373114094,0.9909734386268859,0.9909734386268859,0.0,0.3150807298689895,0.3150807298689895,0.0,470463.3340445714,470463.3340445714,0.0,2203766.64552047,2203766.64552047,0.0
4179,1812.8815,8,2000.0,7,1750.0,250.0,False,True,0.005906634382394027,0.0019697261163647457,True,0.004704370984989298,0.9980302738836353,0.9952956290150107,0.002734644868624625,0.43531259394500205,0.4256427873588009,0.009669806586201146,390189.13756154885,380476.29443913966,9712.843122409191,3785134.3439307204,3787888.4586460777,-2754.114715357311
4186,5246.375,21,5250.0,21,5250.0,0.0,False,False,0.004202775603240783,0.003916125829166787,True,0.003916125829166787,0.9960838741708332,0.9960838741708332,0.0,0.3467464010885491,0.3467464010885491,0.0,470365.62742420123,470365.62742420123,0.0,2726024.34423449,2726024.34423449,0.0
4196,2137.524,9,2250.0,8,2000.0,250.0,False,True,0.009050388248080243,0.004517769640393601,True,0.00854637689439277,0.9954822303596064,0.9914536231056073,0.004028607253999117,0.3805628634416296,0.37288369069809135,0.007679172743538243,402293.2211257665,392580.3780033572,9712.843122409307,3771738.9733589655,3776280.942352797,-4541.968993831426
4198,8025.51,33,8250.0,32,8000.0,250.0,False,True,0.004802379855563643,0.0043412178005739046,True,0.0047346500110755484,0.995658782199426,0.9952653499889245,0.0003934322105015875,0.3848509184410915,0.37722111487565,0.007629803565441462,480532.60110816505,470819.7579857558,9712.84312240925,1284293.421354903,1284919.4967540386,-626.0753991357051
4201,8285.955,34,8500.0,33,8250.0,250.0,False,True,0.0014056227095413654,0.0011833865094294145,True,0.0013150926324126764,0.9988166134905706,0.9986849073675873,0.00013170612298329942,0.4134814373513491,0.40709004862940323,0.00639138872194589,623124.5387607287,613411.6956383195,9712.843122409191,2522297.1865335954,2522577.786447854,-280.59991425834596
4203,5324.6406,22,5500.0,21,5250.0,250.0,False,True,0.008781816003641252,0.007687461920184364,True,0.008487125187086997,0.9923125380798157,0.991512874812913,0.0007996632669027282,0.306092191989435,0.30056925185130523,0.005522940138129762,515688.60551737715,505975.76239496795,9712.843122409191,3244734.010376335,3246310.78174133,-1576.7713649948128
4214,4567.9526,19,4750.0,18,4500.0,250.0,False,True,0.009013954937317603,0.007394099931546885,True,0.008578359090644097,0.9926059000684531,0.9914216409093559,0.0011842591590971452,0.34555780655141477,0.33782100670619297,0.007736799845221798,412335.5758333536,402622.7327109444,9712.84312240925,1900394.6232088525,1901970.5351405279,-1575.9119316753931
4228,2393.4,10,2500.0,10,2500.0,0.0,False,False,0.004240648128456814,0.001939252643112341,True,0.001939252643112341,0.9980607473568877,0.9980607473568877,0.0,0.461899743456459,0.461899743456459,0.0,486458.40547248395,486458.40547248395,0.0,4636687.842911596,4636687.842911596,0.0
4259,4689.5605,19,4750.0,19,4750.0,0.0,False,False,0.0059629152961951926,0.005288870032822887,True,0.005288870032822887,0.9947111299671771,0.9947111299671771,0.0,0.3886942367905282,0.3886942367905282,0.0,426371.37302613095,426371.37302613095,0.0,2035229.2657393317,2035229.2657393317,0.0
4278,7321.556,30,7500.0,29,7250.0,250.0,False,True,0.004826995969153369,0.0039497425806230835,True,0.004371129297290737,0.9960502574193769,0.9956288707027092,0.00042138671666769323,0.33936632590242394,0.33316142591019615,0.006204899992227786,519428.24139047996,509715.39826807077,9712.843122409191,2339560.473027667,2340336.58030741,-776.1072797430679
4281,2184.8806,9,2250.0,9,2250.0,0.0,False,False,0.006032890030957194,0.003273917448001594,True,0.003273917448001594,0.9967260825519985,0.9967260825519985,0.0,0.4100249365151406,0.4100249365151406,0.0,342457.0504792255,342457.0504792255,0.0,3581462.215078648,3581462.215078648,0.0
4291,4445.204,18,4500.0,18,4500.0,0.0,False,False,0.001221286672468791,0.001080731700047532,True,0.001080731700047532,0.9989192682999525,0.9989192682999525,0.0,0.3820256412374991,0.3820256412374991,0.0,499351.79455153365,499351.79455153365,0.0,3525946.6289945105,3525946.6289945105,0.0
4292,2002.8625,9,2250.0,8,2000.0,250.0,False,True,0.006796280576033209,0.0028397157777309942,True,0.004657810431410298,0.997160284222269,0.9953421895685897,0.0018180946536793252,0.3916057676690215,0.38274025867811917,0.008865508990902327,397727.35642460774,388014.5133021985,9712.84312240925,3342368.7692167405,3344368.2369004292,-1999.4676836887375
4296,5437.1104,22,5500.0,21,5250.0,250.0,False,True,0.0018969115699871697,0.001496252063417173,True,0.001801832830670271,0.9985037479365828,0.9981981671693297,0.0003055807672530664,0.3652091283073848,0.3583050253132292,0.006904102994155559,505751.5348787458,496038.6917563366,9712.843122409191,2804998.9250937537,2805522.9573380305,-524.032244276721
4304,3170.8853,13,3250.0,13,3250.0,0.0,False,False,0.00586740639688077,0.004886209092384537,True,0.004886209092384537,0.9951137909076154,0.9951137909076154,0.0,0.308786742015015,0.308786742015015,0.0,307876.3696716601,307876.3696716601,0.0,2123620.907170197,2123620.907170197,0.0
4307,3684.2048,15,3750.0,15,3750.0,0.0,False,False,0.007791899107791211,0.00744995642608951,True,0.00744995642608951,0.9925500435739105,0.9925500435739105,0.0,0.35142685041930166,0.35142685041930166,0.0,443601.6620009793,443601.6620009793,0.0,2693966.7926411773,2693966.7926411773,0.0
4309,3461.35,14,3500.0,13,3250.0,250.0,False,True,0.009401794109811568,0.0076104071647065796,True,0.009075108683188492,0.9923895928352934,0.9909248913168115,0.0014647015184818812,0.3456923896650027,0.3386249994698723,0.0070673901951304186,443713.0723975325,434000.22927512333,9712.843122409191,2692799.869575112,2694842.260984149,-2042.3914090367034
4310,2142.7031,9,2250.0,9,2250.0,0.0,False,False,0.008109873255793154,0.003638704474250909,True,0.003638704474250909,0.996361295525749,0.996361295525749,0.0,0.5030715527657583,0.5030715527657583,0.0,516970.0273477649,516970.0273477649,0.0,5060918.113146881,5060918.113146881,0.0
4312,14705.466,59,14750.0,62,15500.0,-750.0,True,False,0.009368533615512598,0.010379441703106942,False,0.009114650181610501,0.9896205582968931,0.9908853498183895,-0.001264791521496389,0.5491603868385483,0.5679261236116742,-0.018765736773125874,820955.8733786149,850094.4027458427,-29138.529367227806,1459476.2830116935,1457192.960234447,2283.3227772465907
4317,2976.2952,12,3000.0,12,3000.0,0.0,False,False,0.00870618677786017,0.006943387402918033,True,0.006943387402918033,0.993056612597082,0.993056612597082,0.0,0.35116800851524665,0.35116800851524665,0.0,454969.5166145894,454969.5166145894,0.0,3983069.555107772,3983069.555107772,0.0
4318,13359.917,54,13500.0,45,11250.0,2250.0,False,True,0.0019261969098571807,0.0004403779939205693,True,0.0017934378012731597,0.9995596220060794,0.9982065621987268,0.0013530598073525635,0.5673770431078449,0.4929530739646753,0.07442396914316957,660497.6294679957,573082.0413663125,87415.58810168318,1020426.8021108508,1022795.7610376563,-2368.958926805528
4334,18069.057,73,18250.0,73,18250.0,0.0,False,False,0.006068641195655755,0.006051637284737817,True,0.006051637284737817,0.9939483627152622,0.9939483627152622,0.0,0.5357429201563723,0.5357429201563723,0.0,938510.7477608601,938510.7477608601,0.0,1301102.580563405,1301102.580563405,0.0
4335,1869.6611,8,2000.0,7,1750.0,250.0,False,True,0.00979664204080477,0.0034813373891689633,True,0.00833169416146736,0.996518662610831,0.9916683058385326,0.004850356772298392,0.44154570213112926,0.43287391365271827,0.008671788478410991,397882.64273466216,388169.799612253,9712.843122409191,3560857.0970656653,3565582.1919344105,-4725.094868745189
4338,1799.9541,8,2000.0,7,1750.0,250.0,False,True,0.0030814695619592047,0.0006957775080952688,True,0.0023736254478357007,0.9993042224919048,0.9976263745521643,0.0016778479397404622,0.555936884096183,0.5448811297554439,0.011055754340739132,451081.76427767833,441368.921155269,9712.843122409307,4387878.826395966,4389433.83211503,-1555.0057190638036
4355,4173.751,17,4250.0,16,4000.0,250.0,False,True,0.008599421181286426,0.007525154699140284,True,0.008412204952797184,0.9924748453008597,0.9915877950472028,0.0008870502536568736,0.32758511710930366,0.32085811401697134,0.006727003092332318,453647.4741249734,443934.63100256416,9712.84312240925,2934138.504261767,2935522.7010890087,-1384.1968272416852
4365,2956.1406,12,3000.0,12,3000.0,0.0,False,False,0.008006754348318768,0.005901596345105562,True,0.005901596345105562,0.9940984036548944,0.9940984036548944,0.0,0.355126448824885,0.355126448824885,0.0,548360.0483047819,548360.0483047819,0.0,4457484.787544816,4457484.787544816,0.0
4390,1701.4653,7,1750.0,7,1750.0,0.0,False,False,0.00825201650978602,0.004233164717046004,True,0.004233164717046004,0.995766835282954,0.995766835282954,0.0,0.44920044885136584,0.44920044885136584,0.0,374451.73640433606,374451.73640433606,0.0,3955256.850491342,3955256.850491342,0.0
4397,3144.0278,13,3250.0,12,3000.0,250.0,False,True,0.0038485330901123493,0.002631304783997926,True,0.0032026958159244645,0.997368695216002,0.9967973041840755,0.0005713910319264937,0.36392146521413965,0.35464224110364584,0.009279224110493811,372765.629117743,363052.7859953337,9712.843122409307,3300043.396048751,3300721.6559112025,-678.2598624513485
4402,3605.366,15,3750.0,15,3750.0,0.0,False,False,0.008270419817296815,0.00737896006853647,True,0.00737896006853647,0.9926210399314636,0.9926210399314636,0.0,0.34443103463731617,0.34443103463731617,0.0,363270.8407618891,363270.8407618891,0.0,1883729.6200800128,1883729.6200800128,0.0
4404,4768.812,20,5000.0,19,4750.0,250.0,False,True,0.003064824096324026,0.002049624400494018,True,0.002552922803450451,0.997950375599506,0.9974470771965496,0.0005032984029563758,0.37960198225613684,0.37305556755401637,0.006546414702120473,547476.7869436534,537763.9438212442,9712.843122409191,3970015.827362335,3970847.3239319315,-831.4965695966966
4433,4250.9707,18,4500.0,17,4250.0,250.0,False,True,0.006401469042156216,0.005184275834707096,True,0.006198212406535886,0.994815724165293,0.9938017875934642,0.0010139365718287996,0.33720251163191806,0.3306111240317103,0.0065913876002077765,472723.45764704153,463010.6145246322,9712.843122409307,2784142.4650228415,2785807.924332736,-1665.4593098945916
4438,1877.9596,8,2000.0,7,1750.0,250.0,False,True,0.004687509624477948,0.00121577353669132,True,0.0044985722940680435,0.9987842264633087,0.995501427705932,0.0032827987573766926,0.47255728222222554,0.4640625844505203,0.00849469777170525,458072.41837884125,448359.57525643206,9712.843122409191,4720739.343628826,4724204.300218494,-3464.956589668058
4441,6407.96,26,6500.0,25,6250.0,250.0,False,True,0.0028154595576715957,0.0024659165038819846,True,0.0026215908835491267,0.997534083496118,0.9973784091164509,0.0001556743796671256,0.3558753936049747,0.3483576179428863,0.007517775662088444,456484.1424477957,446771.29932538647,9712.84312240925,2069527.2072300098,2069827.6737833107,-300.46655330085196
4447,5888.8574,24,6000.0,24,6000.0,0.0,False,False,0.008841133133939638,0.008557241237706964,True,0.008557241237706964,0.991442758762293,0.991442758762293,0.0,0.3210247701142024,0.3210247701142024,0.0,515746.5556732062,515746.5556732062,0.0,2328677.3447604836,2328677.3447604836,0.0
4448,2445.9226,10,2500.0,10,2500.0,0.0,False,False,0.0016792719499627573,0.0010675936293607087,True,0.0010675936293607087,0.9989324063706393,0.9989324063706393,0.0,0.4249157137828088,0.4249157137828088,0.0,399558.697214516,399558.697214516,0.0,3396878.007219808,3396878.007219808,0.0
4451,5416.226,22,5500.0,22,5500.0,0.0,False,False,0.0028418553977112015,0.0025911205406712046,True,0.0025911205406712046,0.9974088794593288,0.9974088794593288,0.0,0.3944746267622353,0.3944746267622353,0.0,531964.4107444361,531964.4107444361,0.0,2786888.6757785305,2786888.6757785305,0.0
4454,5663.5425,23,5750.0,23,5750.0,0.0,False,False,0.0025965213475556137,0.0022579376639352876,True,0.0022579376639352876,0.9977420623360647,0.9977420623360647,0.0,0.3705259646990232,0.3705259646990232,0.0,396821.14763416344,396821.14763416344,0.0,1427110.5705076433,1427110.5705076433,0.0
4473,1544.688,7,1750.0,6,1500.0,250.0,False,True,0.004891821566689214,0.0007304992673844097,True,0.0032237626832235305,0.9992695007326156,0.9967762373167764,0.0024932634158391087,0.5328755647769455,0.522446527569835,0.010429037207110525,441142.01665106823,431429.17352865904,9712.843122409191,4601987.014178534,4604355.871069019,-2368.8568904846907
4474,10184.704,41,10250.0,43,10750.0,-500.0,True,False,0.005210880786595595,0.0059078051698950845,False,0.004943571030064478,0.9940921948301049,0.9950564289699355,-0.0009642341398305998,0.3448080000030351,0.35516881128799305,-0.010360811284957971,625683.0027549919,645108.6889998104,-19425.6862448185,2130199.972098265,2128227.01318533,1972.9589129346423
4478,12267.55,50,12500.0,50,12500.0,0.0,False,False,0.0023377913750878276,0.002197219510550384,True,0.002197219510550384,0.9978027804894496,0.9978027804894496,0.0,0.6108141272135355,0.6108141272135355,0.0,632434.9265913079,632434.9265913079,0.0,934998.5982600241,934998.5982600241,0.0
4486,3821.5732,16,4000.0,15,3750.0,250.0,False,True,0.008465554242010787,0.00698779152049226,True,0.008114407551601,0.9930122084795078,0.991885592448399,0.0011266160311087514,0.320822727382894,0.3125557152979857,0.00826701208490832,361428.67760558566,351715.8344831764,9712.84312240925,2083186.5196182835,2084700.7965880113,-1514.2769697278272
4502,1824.5256,8,2000.0,7,1750.0,250.0,False,True,0.008457901062283169,0.002236312844144713,True,0.006635516296966323,0.9977636871558553,0.9933644837030337,0.004399203452821632,0.5185603734630689,0.5106203739037434,0.007939999559325561,494212.44418274006,484499.60106033075,9712.843122409307,4935660.060087661,4940153.803492424,-4493.743404762819
4509,2634.0483,11,2750.0,11,2750.0,0.0,False,False,0.0037435137141339503,0.003025811889686087,True,0.003025811889686087,0.9969741881103139,0.9969741881103139,0.0,0.3569284800913182,0.3569284800913182,0.0,355779.32155585,355779.32155585,0.0,2640956.714430917,2640956.714430917,0.0
4511,8184.0586,33,8250.0,34,8500.0,-250.0,True,False,0.004049662469837401,0.004138072344948974,False,0.003779172115428601,0.995861927655051,0.9962208278845714,-0.00035890022952045353,0.3642597902595317,0.3709327956359789,-0.006673005376447216,519782.75159418397,529495.5947165932,-9712.843122409191,1737427.0069955343,1736809.7893890452,617.2176064890809
4529,5062.4575,21,5250.0,20,5000.0,250.0,False,True,0.004656536657672405,0.0037085890013116483,True,0.004358738920669816,0.9962914109986883,0.9956412610793302,0.0006501499193581894,0.38677410389441,0.37712206340152304,0.009652040492886982,379533.58462722914,369820.7415048199,9712.84312240925,1441301.6714300325,1442078.367507971,-776.6960779384244
4530,13495.801,54,13500.0,53,13250.0,250.0,False,True,0.004688969207510385,0.004259362071014363,True,0.004547070910217802,0.9957406379289856,0.9954529290897822,0.0002877088392033711,0.6442452754097496,0.6360403696175824,0.00820490579216726,745939.8919605736,736227.0488381643,9712.843122409307,1466596.5922479297,1467029.4660857753,-432.8738378456328
4533,8710.549,35,8750.0,35,8750.0,0.0,False,False,0.009184491610512824,0.008837138206692111,True,0.008837138206692111,0.9911628617933079,0.9911628617933079,0.0,0.32772832545225417,0.32772832545225417,0.0,634709.2814804318,634709.2814804318,0.0,2396593.002368112,2396593.002368112,0.0
4547,5756.7773,24,6000.0,23,5750.0,250.0,False,True,0.008098153787131968,0.006957860357507698,True,0.007854460542076195,0.9930421396424923,0.9921455394579238,0.0008966001845684968,0.29558126161066334,0.28889032621541405,0.006690935395249287,412978.95179073117,403266.10866832186,9712.843122409307,1615390.3238107213,1616874.6143223066,-1484.2905115853064
4559,3325.4092,14,3500.0,13,3250.0,250.0,False,True,0.004930026292755962,0.0030362076426886,True,0.004058651371842518,0.9969637923573114,0.9959413486281575,0.0010224437291538324,0.35701059405101154,0.34565520942590844,0.011355384625103104,296125.1260186957,286412.28289628646,9712.84312240925,1460901.76680189,1461863.1079935674,-961.3411916773766
4563,6676.121,27,6750.0,27,6750.0,0.0,False,False,0.007137812290287204,0.006798247783837933,True,0.006798247783837933,0.993201752216162,0.993201752216162,0.0,0.31198073226369594,0.31198073226369594,0.0,539576.8174850496,539576.8174850496,0.0,2882108.461248236,2882108.461248236,0.0
4564,1771.4769,8,2000.0,7,1750.0,250.0,False,True,0.009791994795764758,0.0027381112968470982,True,0.005945344733716173,0.9972618887031529,0.9940546552662838,0.003207233436869128,0.39914339294674034,0.38951660311205266,0.009626789834687677,356341.79228723305,346628.94916482375,9712.843122409307,3870710.6409516986,3873799.5080721984,-3088.8671204997227
4566,4977.029,20,5000.0,20,5000.0,0.0,False,False,0.005780486127212381,0.004938781958740902,True,0.004938781958740902,0.9950612180412591,0.9950612180412591,0.0,0.33045738540240854,0.33045738540240854,0.0,408377.04788647324,408377.04788647324,0.0,2276539.0535513433,2276539.0535513433,0.0
4572,1847.939,8,2000.0,7,1750.0,250.0,False,True,0.005846179694935394,0.0015755494724034502,True,0.003455009924294254,0.9984244505275965,0.9965449900757057,0.001879460451890802,0.4298053550149959,0.41932985745851614,0.010475497556479751,370589.0528567713,360876.20973436197,9712.843122409307,4001320.3146670405,4003094.4041929753,-1774.0895259347744
4573,2804.3936,12,3000.0,11,2750.0,250.0,False,True,0.004558741896990348,0.0019174399822327712,True,0.0033301604866421168,0.9980825600177672,0.9966698395133579,0.001412720504409326,0.4289002238177914,0.4211492074572929,0.007751016360498519,499074.8727469598,489362.02962455055,9712.84312240925,4655005.955397091,4656866.171132598,-1860.2157355071977
4585,16086.016,65,16250.0,65,16250.0,0.0,False,False,0.004490865789396392,0.004342386083761934,True,0.004342386083761934,0.9956576139162381,0.9956576139162381,0.0,0.7012300292596066,0.7012300292596066,0.0,727103.8217172513,727103.8217172513,0.0,399876.91448932374,399876.91448932374,0.0
4587,3530.585,15,3750.0,14,3500.0,250.0,False,True,0.001863110389741185,0.0012206469827885167,True,0.001528943861809747,0.9987793530172114,0.9984710561381902,0.0003082968790212304,0.42344515233119984,0.41500670181390426,0.008438450517295581,480106.37898022286,470393.53585781355,9712.843122409307,4199952.958135125,4200416.095143859,-463.1370087340474
4605,2953.4473,12,3000.0,12,3000.0,0.0,False,False,0.006515744753491592,0.004876785044041148,True,0.004876785044041148,0.9951232149559589,0.9951232149559589,0.0,0.35588986470410644,0.35588986470410644,0.0,418557.60129811254,418557.60129811254,0.0,3394736.7628589636,3394736.7628589636,0.0
4616,4068.9756,17,4250.0,16,4000.0,250.0,False,True,0.0023571647206097612,0.00152741312277095,True,0.0021791180492351744,0.9984725868772291,0.9978208819507648,0.0006517049264642694,0.41808226947440114,0.40845783300450583,0.009624436469895303,410550.20053508785,400837.35741267854,9712.843122409307,2188638.0279591004,2189393.1496290658,-755.1216699653305
4620,6762.729,28,7000.0,27,6750.0,250.0,False,True,0.00218448959557338,0.0015930616847535247,True,0.001981379305801859,0.9984069383152465,0.9980186206941981,0.0003883176210484063,0.49918828834482504,0.48902470234576995,0.010163585999055091,468286.43900723674,458573.59588482755,9712.843122409191,1481543.9656840456,1482026.9261355402,-482.96045149466954
4626,8191.6953,33,8250.0,33,8250.0,0.0,False,False,0.0039039149934896322,0.0036899328530110988,True,0.0036899328530110988,0.9963100671469889,0.9963100671469889,0.0,0.3694599450522779,0.3694599450522779,0.0,634709.1426035415,634709.1426035415,0.0,2453166.958362405,2453166.958362405,0.0
4630,5028.1514,21,5250.0,19,4750.0,500.0,False,True,0.009927117500775573,0.00807808824635798,True,0.009633468570930897,0.991921911753642,0.990366531429069,0.0015553803245729192,0.33812658522082184,0.32744388487985143,0.010682700340970408,586660.7942576301,567235.1080128117,19425.686244818382,3912894.580989596,3916084.1987413997,-3189.617751803715
4642,5971.083,24,6000.0,24,6000.0,0.0,False,False,0.0046402004292666055,0.003974928613613448,True,0.003974928613613448,0.9960250713863865,0.9960250713863865,0.0,0.33249520084477113,0.33249520084477113,0.0,456920.1090912004,456920.1090912004,0.0,2279265.7101477487,2279265.7101477487,0.0
4651,3701.7544,15,3750.0,15,3750.0,0.0,False,False,0.006123551697888807,0.005838770219116422,True,0.005838770219116422,0.9941612297808836,0.9941612297808836,0.0,0.34549020658964225,0.34549020658964225,0.0,539121.0528096891,539121.0528096891,0.0,3923951.4431866445,3923951.4431866445,0.0
4657,5078.744,21,5250.0,20,5000.0,250.0,False,True,0.0042970537783791896,0.003605511685512462,True,0.004211842826574133,0.9963944883144875,0.9957881571734258,0.0006063311410616778,0.32649496952024026,0.31890792772471455,0.0075870417955257174,407550.6366177467,397837.7934953375,9712.84312240925,1961619.769341524,1962515.6317888147,-895.8624472906813
4663,1669.1787,7,1750.0,7,1750.0,0.0,False,False,0.004672788560845187,0.0010899539080931465,True,0.0010899539080931465,0.9989100460919068,0.9989100460919068,0.0,0.4756855922858158,0.4756855922858158,0.0,435692.7209754663,435692.7209754663,0.0,4554938.248279173,4554938.248279173,0.0
4664,1681.22,7,1750.0,7,1750.0,0.0,False,False,0.007883376804548203,0.0029817766361365547,True,0.0029817766361365547,0.9970182233638635,0.9970182233638635,0.0,0.43011874704462816,0.43011874704462816,0.0,349221.670070278,349221.670070278,0.0,3508168.088589933,3508168.088589933,0.0
4666,6838.7217,28,7000.0,29,7250.0,-250.0,True,False,0.009148724732398028,0.009175072281963185,False,0.008422338417783849,0.9908249277180368,0.9915776615822162,-0.0007527338641794001,0.3477806021081763,0.35548033330796386,-0.007699731199787563,423842.78148248437,433555.6246048937,-9712.843122409307,975590.863285885,974548.7199331326,1042.1433527523186
4673,3921.8403,16,4000.0,16,4000.0,0.0,False,False,0.004165208623579164,0.0033477263103716464,True,0.0033477263103716464,0.9966522736896284,0.9966522736896284,0.0,0.4602354863752417,0.4602354863752417,0.0,418248.38043507695,418248.38043507695,0.0,2273006.4723751307,2273006.4723751307,0.0
4679,1550.0298,7,1750.0,6,1500.0,250.0,False,True,0.0052191715121200355,0.0005062412039816285,True,0.0035522822082462175,0.9994937587960183,0.9964477177917538,0.0030460410042645325,0.49181954875079564,0.4813233695534642,0.010496179197331423,399309.968584641,389597.12546223175,9712.84312240925,4350637.050000861,4353491.519106719,-2854.4691058574244
4680,8965.504,36,9000.0,34,8500.0,500.0,False,True,0.004855594745733605,0.004162042923759973,True,0.00469494455788175,0.99583795707624,0.9953050554421182,0.0005329016341217852,0.44375081730841553,0.4297796537376629,0.01397116357075262,607004.6087397296,587578.9224949111,19425.6862448185,1867908.6451618802,1868855.1011822554,-946.456020375248
4682,18274.588,74,18500.0,75,18750.0,-250.0,True,False,0.004820349834392945,0.0048289314002095025,False,0.004716280552901132,0.9951710685997905,0.9952837194470988,-0.00011265084730827102,0.5493511013158116,0.5550734070693233,-0.005722305753511736,922322.0705298368,932034.913652246,-9712.843122409191,1114846.9396169877,1114568.4666118312,278.4730051564984
4683,2562.54,11,2750.0,10,2500.0,250.0,False,True,0.0013590593305432552,0.00015129251976962724,True,0.0007992941607989256,0.9998487074802304,0.9992007058392011,0.0006480016410292944,0.47832577106704144,0.46873386111323645,0.009591909953804989,469487.2467648466,459774.4036424374,9712.843122409191,4488318.784139004,4489070.862887414,-752.0787484105676
4686,7136.62,29,7250.0,29,7250.0,0.0,False,False,0.00795605878682859,0.007352488633169167,True,0.007352488633169167,0.9926475113668308,0.9926475113668308,0.0,0.33669755485484903,0.33669755485484903,0.0,587463.6269949912,587463.6269949912,0.0,2679473.9632178703,2679473.9632178703,0.0
4700,1827.0403,8,2000.0,7,1750.0,250.0,False,True,0.005159618793671994,0.0007751123033979298,True,0.002526224591773746,0.9992248876966021,0.9974737754082262,0.0017511122883758778,0.5338261730883296,0.5241739558673605,0.009652217220969095,490498.5133970347,480785.67027462553,9712.843122409191,4965444.984328037,4967177.196971556,-1732.212643519044
4725,2610.3154,11,2750.0,10,2500.0,250.0,False,True,0.0011782625960121695,0.0006228277021951165,True,0.0009723671446757666,0.9993771722978049,0.9990276328553243,0.0003495394424806175,0.4000935363647343,0.38868635544449415,0.011407180920240179,336654.5147855761,326941.67166316684,9712.84312240925,2720324.0871331934,2720720.3388454346,-396.25171224121004
4727,3027.2917,13,3250.0,12,3000.0,250.0,False,True,0.004582283041915214,0.0026037890749792186,True,0.003665535132029318,0.9973962109250207,0.9963344648679707,0.001061746057050006,0.3980749337598821,0.390906917027825,0.007168016732057136,509805.63165795326,500092.78853554407,9712.843122409191,4260079.688207899,4261680.493376771,-1600.8051688717678
4743,2321.4429,10,2500.0,9,2250.0,250.0,False,True,0.005580229437214035,0.003123719391093981,True,0.004760753132075147,0.996876280608906,0.9952392468679249,0.0016370337409811198,0.35193572817976704,0.3425600584170045,0.00937566976276255,343954.9717385728,334242.12861616357,9712.84312240925,3116352.2379156537,3118128.107938527,-1775.8700228733942
4749,2983.961,12,3000.0,12,3000.0,0.0,False,False,0.0037395420163955917,0.0027061816011740548,True,0.0027061816011740548,0.9972938183988259,0.9972938183988259,0.0,0.3327343171829992,0.3327343171829992,0.0,331159.82585463894,331159.82585463894,0.0,2487697.892656008,2487697.892656008,0.0
4752,2560.3384,11,2750.0,10,2500.0,250.0,False,True,0.004356392804422016,0.0031132946615294427,True,0.004190093316117303,0.9968867053384706,0.9958099066838827,0.0010767986545878738,0.3982127917180353,0.3900506841852526,0.00816210753278268,450610.12977671734,440897.28665430815,9712.843122409191,3656902.512087495,3658320.161395512,-1417.6493080169894
4760,5956.663,24,6000.0,24,6000.0,0.0,False,False,0.008486746656927835,0.008236907397721559,True,0.008236907397721559,0.9917630926022785,0.9917630926022785,0.0,0.3521358692715296,0.3521358692715296,0.0,347446.37330781616,347446.37330781616,0.0,692490.4079344498,692490.4079344498,0.0
4764,2984.1028,12,3000.0,12,3000.0,0.0,False,False,0.0029071988471566224,0.0027831107280974583,True,0.0027831107280974583,0.9972168892719026,0.9972168892719026,0.0,0.37105794771833867,0.37105794771833867,0.0,395722.4836585842,395722.4836585842,0.0,2849303.913783553,2849303.913783553,0.0
4774,1929.2249,8,2000.0,8,2000.0,0.0,False,False,0.00947305829258882,0.006188741761562488,True,0.006188741761562488,0.9938112582384375,0.9938112582384375,0.0,0.41712756494027614,0.41712756494027614,0.0,392593.608724904,392593.608724904,0.0,3061099.805109882,3061099.805109882,0.0
4785,5651.0815,23,5750.0,23,5750.0,0.0,False,False,0.001970624830554213,0.0019353013226614084,True,0.0019353013226614084,0.9980646986773386,0.9980646986773386,0.0,0.4020734104255045,0.4020734104255045,0.0,539617.6382698754,539617.6382698754,0.0,2741864.0994398505,2741864.0994398505,0.0
4801,5079.1543,21,5250.0,20,5000.0,250.0,False,True,0.009488994599861189,0.008366142294657932,True,0.009122401941892264,0.9916338577053421,0.9908775980581077,0.0007562596472343586,0.30962743501687917,0.3041992781892789,0.005428156827600283,531321.9573810683,521609.11425865896,9712.843122409307,3301459.815308729,3302934.512206941,-1474.696898211725
4810,8767.748,36,9000.0,35,8750.0,250.0,False,True,0.006595002755309776,0.0059396318628905,True,0.006281108087428263,0.9940603681371095,0.9937188919125718,0.00034147622453772897,0.4064777483542723,0.39970902496307864,0.006768723391193665,571682.220013303,561969.3768908938,9712.843122409191,1525314.5750934286,1525910.028850485,-595.4537570565008
4817,6136.839,25,6250.0,25,6250.0,0.0,False,False,0.003648037438945151,0.0031696502325004594,True,0.0031696502325004594,0.9968303497674995,0.9968303497674995,0.0,0.35500750198256686,0.35500750198256686,0.0,571163.4487162186,571163.4487162186,0.0,2846180.7586652804,2846180.7586652804,0.0
4824,2617.7961,11,2750.0,10,2500.0,250.0,False,True,0.005024761682874024,0.002744883637005648,True,0.00389173057819598,0.9972551163629944,0.996108269421804,0.0011468469411903826,0.4065611697151156,0.3962345067612309,0.01032666295388468,366234.69860607747,356521.8554836683,9712.843122409191,3662251.341799961,3663460.909018041,-1209.567218080163
4834,2055.06,9,2250.0,8,2000.0,250.0,False,True,0.002646273672468946,0.0006922395577077042,True,0.002128647671918084,0.9993077604422923,0.9978713523280819,0.001436408114210419,0.5280059763258117,0.5189991719019379,0.009006804423873804,525841.9206914929,516129.07756908366,9712.843122409191,5169748.47889811,5171328.34791976,-1579.8690216504037
4842,2692.067,11,2750.0,11,2750.0,0.0,False,False,0.009807846258667374,0.008142560134007534,True,0.008142560134007534,0.9918574398659925,0.9918574398659925,0.0,0.3491983727288195,0.3491983727288195,0.0,491631.4486239635,491631.4486239635,0.0,3795308.4266696945,3795308.4266696945,0.0
4848,1954.8964,8,2000.0,8,2000.0,0.0,False,False,0.009837008711060746,0.004598502808362984,True,0.004598502808362984,0.9954014971916371,0.9954014971916371,0.0,0.44273683450045054,0.44273683450045054,0.0,464359.695877017,464359.695877017,0.0,4771932.116249442,4771932.116249442,0.0
4856,7434.251,30,7500.0,27,6750.0,750.0,False,True,0.008523550745762387,0.005999705891805108,True,0.00797283791309634,0.9940002941081949,0.9920271620869037,0.001973132021291235,0.4360179304632167,0.41004737963477295,0.02597055082844374,474338.3521506344,445199.8227834066,29138.529367227806,1184025.261467189,1186688.0846250867,-2662.8231578976847
4859,15029.456,61,15250.0,58,14500.0,750.0,False,True,0.005559079157595237,0.004519431394685195,True,0.005410599421591126,0.9954805686053148,0.9945894005784088,0.0008911680269059197,0.7105337306554502,0.6832641638932319,0.027269566762218367,742575.0141865904,713436.4848193628,29138.52936722769,776143.7516048608,777367.4593894763,-1223.7077846155735
4860,4714.323,19,4750.0,19,4750.0,0.0,False,False,0.008641486995324854,0.007727387091553553,True,0.007727387091553553,0.9922726129084465,0.9922726129084465,0.0,0.3060550712873818,0.3060550712873818,0.0,342500.26962491,342500.26962491,0.0,1361151.9778766627,1361151.9778766627,0.0
4861,7219.1094,29,7250.0,30,7500.0,-250.0,True,False,0.0014431096189517767,0.0014812100584035153,False,0.0013186682299082466,0.9985187899415965,0.9986813317700918,-0.00016254182849528842,0.39631336603246614,0.4042704188616999,-0.007957052829233757,479795.10995451733,489507.9530769265,-9712.843122409191,1987229.8543106318,1986941.9109414355,287.9433691962622
4865,1802.6731,8,2000.0,7,1750.0,250.0,False,True,0.008429651867797205,0.00458959368042336,True,0.0073105322665188615,0.9954104063195767,0.9926894677334811,0.002720938586095567,0.3481108993324049,0.33707247327623263,0.011038426056172279,282709.09219132765,272996.2490689184,9712.84312240925,2507725.2821835275,2510182.783599701,-2457.501416173298
4877,12226.78,49,12250.0,44,11000.0,1250.0,False,True,0.007942906913514847,0.006972604131160922,True,0.007794368396700481,0.993027395868839,0.9922056316032996,0.0008217642655394819,0.47686082611950403,0.4380190064084844,0.03884181971101963,590710.0661843611,542145.8505723149,48564.21561204619,539159.7275161017,540608.6442730428,-1448.916756941122
4882,3655.738,15,3750.0,15,3750.0,0.0,False,False,0.007130003613937008,0.006484516204039789,True,0.006484516204039789,0.9935154837959602,0.9935154837959602,0.0,0.3580381602163842,0.3580381602163842,0.0,393262.77865291404,393262.77865291404,0.0,2283963.3174408968,2283963.3174408968,0.0
4898,1472.9159,6,1500.0,6,1500.0,0.0,False,False,0.005033153922962774,0.0017957587251101919,True,0.0017957587251101919,0.9982042412748898,0.9982042412748898,0.0,0.5930976572647492,0.5930976572647492,0.0,483057.5017242576,483057.5017242576,0.0,5145808.93690389,5145808.93690389,0.0
4904,2610.0425,11,2750.0,10,2500.0,250.0,False,True,0.0034697088570470047,0.0022282443632806333,True,0.0028223394309850633,0.9977717556367194,0.9971776605690149,0.0005940950677044698,0.3642489901509889,0.3546715473721072,0.009577442778881673,361429.1485795945,351716.30545718526,9712.84312240925,3342976.8269705847,3343668.7720756223,-691.945105037652
4911,3907.7734,16,4000.0,16,4000.0,0.0,False,False,0.008680620745279644,0.008035779562642665,True,0.008035779562642665,0.9919642204373573,0.9919642204373573,0.0,0.3468147726967298,0.3468147726967298,0.0,423626.11670224654,423626.11670224654,0.0,2356589.022181085,2356589.022181085,0.0
4926,3501.4028,15,3750.0,14,3500.0,250.0,False,True,0.006909642530001037,0.00537200343724109,True,0.006846937298785827,0.9946279965627589,0.9931530627012142,0.001474933861544736,0.3139962922605672,0.304524546390044,0.009471745870523185,307336.16290641006,297623.3197840008,9712.84312240925,1464240.1672254875,1465897.4521696537,-1657.2849441661965
4929,17571.95,71,17750.0,72,18000.0,-250.0,True,False,0.001278974023540047,0.0012818036150174124,False,0.0011528231232138266,0.9987181963849826,0.9988471768767861,-0.0001289804918035431,0.6046037823025575,0.610860484831345,-0.006256702528787517,926893.8098050551,936606.6529274645,-9712.843122409307,1571130.3018239804,1570856.886792732,273.41503124847077
4936,2533.791,11,2750.0,10,2500.0,250.0,False,True,0.008871534996525599,0.006305426325727302,True,0.00794984665575865,0.9936945736742727,0.9920501533442414,0.0016444203300313154,0.31479469608337957,0.3038659094787708,0.010928786604608776,267463.9282153102,257751.08509290096,9712.84312240925,1591503.35908597,1593041.0075460258,-1537.6484600557014
4939,3353.4119,14,3500.0,14,3500.0,0.0,False,False,0.0062804189201319804,0.005613062287406863,True,0.005613062287406863,0.9943869377125931,0.9943869377125931,0.0,0.3432758008119921,0.3432758008119921,0.0,516589.03689983004,516589.03689983004,0.0,3947952.964556471,3947952.964556471,0.0
4951,3428.3066,14,3500.0,14,3500.0,0.0,False,False,0.004488476116971563,0.0038668878904718285,True,0.0038668878904718285,0.9961331121095282,0.9961331121095282,0.0,0.3883979227301867,0.3883979227301867,0.0,421397.0222561265,421397.0222561265,0.0,2687791.065358815,2687791.065358815,0.0
4961,12947.524,52,13000.0,54,13500.0,-500.0,True,False,0.009424457268327191,0.010386366800901202,False,0.009359127948416025,0.9896136331990988,0.990640872051584,-0.001027238852485235,0.6212429542743539,0.6368893640218601,-0.015646409747506196,740031.3084047891,759456.9946496077,-19425.686244818615,1493832.948443664,1492287.6944617638,1545.2539819001686
4966,3794.2974,16,4000.0,15,3750.0,250.0,False,True,0.004795714338051593,0.003901247495782611,True,0.004631542870441209,0.9960987525042174,0.9953684571295588,0.0007302953746586294,0.3868173122916636,0.3794931393475976,0.00732417294406601,494198.6270884915,484485.78396608226,9712.84312240925,3179304.686507363,3180358.4457594845,-1053.759252121672
4968,6896.4575,28,7000.0,27,6750.0,250.0,False,True,0.008135563938867385,0.006858623363835823,True,0.0076164920316061065,0.9931413766361642,0.9923835079683939,0.0007578686677702784,0.43602322343089,0.4287701712010914,0.007253052229798607,558692.1783735168,548979.3352511076,9712.843122409191,2150310.098718966,2151464.084352262,-1153.9856332959607
4975,3275.1243,14,3500.0,13,3250.0,250.0,False,True,0.007941563829697018,0.006041741362570677,True,0.007287247444072212,0.9939582586374294,0.9927127525559278,0.001245506081501535,0.35416586063186956,0.347680111727132,0.006485748904737576,497001.77687002206,487288.9337476129,9712.843122409191,3459834.937429934,3461890.482700452,-2055.5452705184
4977,2866.5962,12,3000.0,11,2750.0,250.0,False,True,0.00261307190295601,0.0016780390747695132,True,0.0025377337697383945,0.9983219609252305,0.9974622662302616,0.0008596946949689377,0.39665578425729753,0.3892090809730792,0.0074467032842183145,495081.137047015,485368.2939246057,9712.843122409307,4380313.70755931,4381505.7212859085,-1192.0137265985832
4988,1779.3162,8,2000.0,7,1750.0,250.0,False,True,0.00300692027970495,0.0008809141080331852,True,0.002610834189100148,0.9991190858919669,0.9973891658108999,0.0017299200810669824,0.4844228770519425,0.47488529581060135,0.009537581241341131,454170.41858580813,444457.5754633988,9712.843122409307,4195449.727355717,4197264.325190366,-1814.5978346494958
4990,12099.087,49,12250.0,47,11750.0,500.0,False,True,0.0028147975645965717,0.0025523852155180373,True,0.002793648643988134,0.997447614784482,0.9972063513560119,0.0002412634284700843,0.4066731756225291,0.3948797838106384,0.011793391811890708,664477.0970582133,645051.4108133948,19425.6862448185,1486085.5234776002,1486640.8681091086,-555.3446315084584
4995,3994.7651,16,4000.0,16,4000.0,0.0,False,False,0.0080058413596924,0.0073225252373758445,True,0.0073225252373758445,0.9926774747626241,0.9926774747626241,0.0,0.3096321879925424,0.3096321879925424,0.0,455618.40000702965,455618.40000702965,0.0,3340809.851326215,3340809.851326215,0.0
