scenario_id,predicted_capacity_kwh,installed_n_modules,installed_capacity_kwh,reference_n_modules,reference_capacity_kwh,excess_capacity_kwh,undersized,oversized,lpsp_target,verified_lpsp,reliability_pass,reference_lpsp,verified_renewable_share,reference_renewable_share,renewable_share_difference,verified_system_lcoe_eur_per_kwh,reference_system_lcoe_eur_per_kwh,extra_system_lcoe_eur_per_kwh,verified_cost_eur,reference_cost_eur,cost_difference_eur,verified_curtailed_kwh,reference_curtailed_kwh,curtailed_difference_kwh,verified_lpsp_battery_alone,reference_lpsp_battery_alone,lean_on_diesel_difference
14,2859.512,12,3000.0,12,3000.0,0.0,False,False,0.004294223994870228,0.0,True,0.0,0.9505850672887681,0.9505850672887681,0.0,0.3294497735390081,0.3294497735390081,0.0,535124.4293459976,535124.4293459976,0.0,2560464.3564666896,2560464.3564666896,0.0,0.04941493271123193,0.04941493271123193,0.0
17,6339.262,26,6500.0,25,6250.0,250.0,False,True,0.006167061222638437,0.0,True,0.0,0.934911156277387,0.9308325747413607,0.004078581536026249,0.23824358713260535,0.2376256292695999,0.0006179578630054472,848828.0337623567,846626.3377414227,2201.6960209340323,2136292.846959351,2151833.7241793773,-15540.877220026217,0.06508884372261305,0.06916742525863924,-0.0040785815360261934
23,3997.0247,16,4000.0,16,4000.0,0.0,False,False,0.002253528385066983,0.0,True,0.0,0.8745487155955451,0.8745487155955451,0.0,0.27150915837459916,0.27150915837459916,0.0,682037.2412154835,682037.2412154835,0.0,1429705.8287212208,1429705.8287212208,0.0,0.1254512844044548,0.1254512844044548,0.0
26,6645.717,27,6750.0,26,6500.0,250.0,False,True,0.005806133623168952,0.0,True,0.0,0.7435262613300411,0.7397393559810608,0.003786905348980296,0.27465002859452814,0.2745861063967471,6.392219778106334e-05,1187793.5508688036,1187517.1031485167,276.44772028690204,269493.06152235897,287181.93288433907,-17688.8713619801,0.25647373866995893,0.2602606440189392,-0.003786905348980296
32,8464.616,34,8500.0,34,8500.0,0.0,False,False,0.0030510244080605986,0.0,True,0.0,0.7022981349036543,0.7022981349036543,0.0,0.285877931810735,0.285877931810735,0.0,1573706.3473872957,1573706.3473872957,0.0,216921.1095379009,216921.1095379009,0.0,0.29770186509634566,0.29770186509634566,0.0
43,7850.863,32,8000.0,31,7750.0,250.0,False,True,0.0010871050210635724,0.0,True,0.0,0.9088136645804612,0.9049951619678998,0.0038185026125614474,0.25635193086578345,0.2562000422109463,0.0001518886548371734,1097147.078185865,1096497.01796084,650.0602250250522,2298822.2484784797,2317182.3266051505,-18360.078126670793,0.0911863354195388,0.09500483803210028,-0.003818502612561475
51,4974.9673,20,5000.0,20,5000.0,0.0,False,False,0.006867717189314448,0.0,True,0.0,0.9575031760368008,0.9575031760368008,0.0,0.27501616400853635,0.27501616400853635,0.0,739323.7031926963,739323.7031926963,0.0,3204716.139101394,3204716.139101394,0.0,0.0424968239631992,0.0424968239631992,0.0
79,7945.752,32,8000.0,31,7750.0,250.0,False,True,0.005351865376279186,0.0,True,0.0,0.6718989384861771,0.669802686505312,0.0020962519808650493,0.30330766821801736,0.30314323713841645,0.00016443107960090186,1959431.239682225,1958368.9803729313,1062.2593092937022,490733.4317202285,505991.22677254624,-15257.795052317728,0.3281010615138229,0.33019731349468795,-0.0020962519808650493
84,5102.4087,21,5250.0,21,5250.0,0.0,False,False,0.0032365827048576046,0.0,True,0.0,0.8951404716530541,0.8951404716530541,0.0,0.25299142651890405,0.25299142651890405,0.0,656752.1025508062,656752.1025508062,0.0,1058291.5573911276,1058291.5573911276,0.0,0.10485952834694588,0.10485952834694588,0.0
90,1355.2207,6,1500.0,5,1250.0,250.0,False,True,0.004808251373521588,0.0,True,0.0,0.509793025747592,0.5023475561846753,0.007445469562916696,0.34957474291021673,0.34927901552173674,0.0002957273884799938,1090562.5031806557,1089639.9273722465,922.5758084091358,407599.8716070213,431998.12013172044,-24398.248524699127,0.49020697425240795,0.49765244381532475,-0.007445469562916807
95,9032.478,37,9250.0,37,9250.0,0.0,False,False,0.004623449238335575,0.0,True,0.0,0.6971691705898165,0.6971691705898165,0.0,0.3004074476596535,0.3004074476596535,0.0,1692480.362387172,1692480.362387172,0.0,289705.6060329329,289705.6060329329,0.0,0.30283082941018347,0.30283082941018347,0.0
96,5370.047,22,5500.0,18,4500.0,1000.0,False,True,0.005532242658046194,0.0,True,0.0,0.5348918325693448,0.5169858599368953,0.01790597263244953,0.34289693191600956,0.3425982172611777,0.00029871465483188864,1788996.0964017706,1787437.6124910335,1558.4839107370935,179651.2619801541,281032.9711651687,-101381.7091850146,0.46510816743065514,0.4830141400631047,-0.017905972632449585
99,5896.5293,24,6000.0,23,5750.0,250.0,False,True,0.009784266800248353,0.0,True,0.0,0.9325137003379509,0.9267317250506012,0.005781975287349694,0.24036134852886734,0.2403469248969489,1.4423631918447644e-05,725646.8471909205,725603.3024900327,43.5447008877527,1770645.9617750444,1789537.9635460111,-18892.001770966686,0.06748629966204908,0.07326827494939882,-0.005781975287349736
100,3795.8435,16,4000.0,16,4000.0,0.0,False,False,0.006902730297429827,0.0,True,0.0,0.9291313134795416,0.9291313134795416,0.0,0.2337125348660505,0.2337125348660505,0.0,513727.79302639153,513727.79302639153,0.0,1191180.6408442217,1191180.6408442217,0.0,0.07086868652045841,0.07086868652045841,0.0
132,4900.1846,20,5000.0,21,5250.0,-250.0,True,False,0.005746996149968431,0.0,True,0.0,0.6740374749612035,0.6776670643672895,-0.0036295894060860423,0.3185740932321071,0.31842934014353724,0.00014475308856987112,1347247.1096836012,1346634.9501127617,612.1595708394889,841336.6526877158,824718.2280210309,16618.424666684936,0.3259625250387965,0.3223329356327105,0.0036295894060860423
139,6720.591,27,6750.0,27,6750.0,0.0,False,False,0.0011345797295120308,0.0,True,0.0,0.9061880904434998,0.9061880904434998,0.0,0.22819613459591725,0.22819613459591725,0.0,844107.8191657462,844107.8191657462,0.0,1296704.0877160497,1296704.0877160497,0.0,0.0938119095565002,0.0938119095565002,0.0
144,4415.2363,18,4500.0,18,4500.0,0.0,False,False,0.0016599656072684432,0.0,True,0.0,0.9008116432430673,0.9008116432430673,0.0,0.27099533225808015,0.27099533225808015,0.0,733990.312694825,733990.312694825,0.0,1800236.7133531566,1800236.7133531566,0.0,0.0991883567569327,0.0991883567569327,0.0
149,1857.205,8,2000.0,7,1750.0,250.0,False,True,0.009097413413542754,0.0,True,0.0,0.5319462808738145,0.5254827693522934,0.006463511521521026,0.3442652637933221,0.3441649353081863,0.00010032848513580328,1109965.0180956053,1109641.5433784868,323.4747171185445,468204.1511388149,490144.2469743243,-21940.09583550936,0.46805371912618554,0.47451723064770657,-0.006463511521521026
150,7092.0312,29,7250.0,28,7000.0,250.0,False,True,0.008679310901131165,0.0,True,0.0,0.8916130395712949,0.8871964042990826,0.004416635272212255,0.2318289188381156,0.2317436201819486,8.529865616699328e-05,863490.5787028868,863172.8677531686,317.7109497182537,1155279.2663528747,1173405.9829683097,-18126.71661543497,0.10838696042870512,0.11280359570091736,-0.004416635272212241
152,1544.0165,7,1750.0,7,1750.0,0.0,False,False,0.008368106871107228,0.0,True,0.0,0.5832219256623923,0.5832219256623923,0.0,0.32499400204936607,0.32499400204936607,0.0,812783.0743227741,812783.0743227741,0.0,462231.71452540316,462231.71452540316,0.0,0.41677807433760766,0.41677807433760766,0.0
156,1188.7765,5,1250.0,5,1250.0,0.0,False,False,0.0010827121100399628,0.0,True,0.0,0.46725411069546174,0.46725411069546174,0.0,0.3394409354449325,0.3394409354449325,0.0,852190.738726943,852190.738726943,0.0,97924.87169479612,97924.87169479612,0.0,0.5327458893045383,0.5327458893045383,0.0
157,5842.207,24,6000.0,23,5750.0,250.0,False,True,0.0024015487817580228,0.0,True,0.0,0.6208063701881366,0.6175898020492612,0.0032165681388753864,0.3147428848157443,0.3147328635760822,1.0021239662094672e-05,1690073.9851710848,1690020.174148599,53.8110224858392,239870.86744908456,257866.0744366594,-17995.206987574842,0.3791936298118635,0.3824101979507388,-0.0032165681388752754
168,1904.4391,8,2000.0,7,1750.0,250.0,False,True,0.004164420833169591,0.0,True,0.0,0.6221681374803859,0.6135658204069765,0.008602317073409416,0.32168381494898013,0.3216159562249198,6.785872406034343e-05,830377.4055837663,830202.2387005944,175.16688317188527,717515.188223411,741729.9097356527,-24214.721512241755,0.3778318625196141,0.38643417959302356,-0.008602317073409471
170,4994.2876,20,5000.0,21,5250.0,-250.0,True,False,0.006119641385729957,0.0,True,0.0,0.869654913354744,0.8756370277207073,-0.005982114365963298,0.2420900736919153,0.2418500269401892,0.0002400467517260918,756100.1570096443,755350.4385932637,749.7184163805796,945047.8360643057,924993.7676482039,20054.068416101858,0.13034508664525607,0.12436297227929272,0.0059821143659633536
175,3592.2927,15,3750.0,14,3500.0,250.0,False,True,0.004580925473499198,0.0,True,0.0,0.8500538416805121,0.8429096953778751,0.007144146302637044,0.2547499118698327,0.25457084969068,0.00017906217915270028,573112.7592514211,572709.9217437708,402.83750765025616,695641.4796687597,713700.1444541237,-18058.664785363944,0.14994615831948785,0.15709030462212492,-0.007144146302637072
177,9679.548,39,9750.0,39,9750.0,0.0,False,False,0.007774596252285049,0.0,True,0.0,0.7764784718112709,0.7764784718112709,0.0,0.2748964793694489,0.2748964793694489,0.0,1639127.292105747,1639127.292105747,0.0,877955.919476826,877955.919476826,0.0,0.2235215281887291,0.2235215281887291,0.0
179,6793.673,28,7000.0,28,7000.0,0.0,False,False,0.001020993468952236,0.0,True,0.0,0.8704154226053528,0.8704154226053528,0.0,0.26026810399151756,0.26026810399151756,0.0,959254.5897116076,959254.5897116076,0.0,1310749.2741771834,1310749.2741771834,0.0,0.1295845773946472,0.1295845773946472,0.0
183,3562.2952,15,3750.0,15,3750.0,0.0,False,False,0.0017901519363220375,0.0,True,0.0,0.6645392885496273,0.6645392885496273,0.0,0.30670771928744894,0.30670771928744894,0.0,1024546.8170933175,1024546.8170933175,0.0,552147.8666547253,552147.8666547253,0.0,0.3354607114503727,0.3354607114503727,0.0
184,9229.644,37,9250.0,38,9500.0,-250.0,True,False,0.004247086060571448,0.0,True,0.0,0.8938691690387981,0.897295521411288,-0.0034263523724898937,0.25685443457965995,0.2566799177329084,0.0001745168467515712,1196024.5886082724,1195211.9631997105,812.6254085619003,1962793.642787047,1945808.959017225,16984.683769821888,0.10613083096120193,0.10270447858871198,0.003426352372489949
188,3827.9097,16,4000.0,16,4000.0,0.0,False,False,0.009765843368035987,0.0,True,0.0,0.9666391283843018,0.9666391283843018,0.0,0.30772949848998604,0.30772949848998604,0.0,649754.7375049585,649754.7375049585,0.0,3456973.2996038226,3456973.2996038226,0.0,0.03336087161569823,0.03336087161569823,0.0
195,5102.292,21,5250.0,20,5000.0,250.0,False,True,0.008744510368340452,0.0,True,0.0,0.9493779534123787,0.9442180996197113,0.005159853792667479,0.2818888176193482,0.28142959893016983,0.0004592186891783645,771327.5419193082,770070.9896881173,1256.552231190959,2961383.7057034047,2976189.0138160344,-14805.30811262969,0.05062204658762124,0.05578190038028879,-0.005159853792667549
198,3112.2825,13,3250.0,12,3000.0,250.0,False,True,0.0028223451635214225,0.0,True,0.0,0.9771167421518729,0.9700031533960131,0.007113588755859879,0.3176510880109714,0.31683138926714055,0.0008196987438308656,604784.425767496,603223.779345051,1560.6464224449592,3692629.812790734,3706829.4440634805,-14199.63127274625,0.02288325784812709,0.029996846603986948,-0.007113588755859858
199,8506.266,35,8750.0,34,8500.0,250.0,False,True,0.009095301987249615,0.0,True,0.0,0.797565779604126,0.7943548559088403,0.00321092369528575,0.27199333108041507,0.2719858532538171,7.477826597990234e-06,1295758.8550012799,1295723.2311130322,35.62388824764639,705246.5277015613,722117.6139816943,-16871.086280132993,0.20243422039587405,0.2056451440911597,-0.003210923695285639
203,1860.9615,8,2000.0,8,2000.0,0.0,False,False,0.006088562418871235,0.0,True,0.0,0.577022359112882,0.577022359112882,0.0,0.33280506191215237,0.33280506191215237,0.0,969351.9874309122,969351.9874309122,0.0,634149.4945660338,634149.4945660338,0.0,0.42297764088711803,0.42297764088711803,0.0
210,2963.6616,12,3000.0,12,3000.0,0.0,False,False,0.008933632728806762,0.0,True,0.0,0.968460136449295,0.968460136449295,0.0,0.29919214488078316,0.29919214488078316,0.0,479098.06934667943,479098.06934667943,0.0,2679983.255942664,2679983.255942664,0.0,0.031539863550705025,0.031539863550705025,0.0
214,6473.2544,26,6500.0,26,6500.0,0.0,False,False,0.008656950444037581,0.0,True,0.0,0.8923271876887539,0.8923271876887539,0.0,0.24175745328813772,0.24175745328813772,0.0,826752.24299023,826752.24299023,0.0,1115871.0919797826,1115871.0919797826,0.0,0.10767281231124613,0.10767281231124613,0.0
218,6701.46,27,6750.0,27,6750.0,0.0,False,False,0.008846361341354747,0.0,True,0.0,0.7946486710902121,0.7946486710902121,0.0,0.2625625613985881,0.2625625613985881,0.0,1009728.2263434924,1009728.2263434924,0.0,353316.3518761088,353316.3518761088,0.0,0.20535132890978788,0.20535132890978788,0.0
220,2819.5237,12,3000.0,11,2750.0,250.0,False,True,0.009453635338582789,0.0,True,0.0,0.8436895408478441,0.8355102184114748,0.008179322436369318,0.2960130697838855,0.2958844775504579,0.00012859223342759352,542226.0903403154,541990.5397140188,235.55062629655004,1123896.2623773008,1140057.9896182837,-16161.727240982931,0.1563104591521559,0.16448978158852523,-0.008179322436369318
227,4681.7617,19,4750.0,17,4250.0,500.0,False,True,0.0017554750182835477,0.0,True,0.0,0.5722890457753301,0.5662033809339794,0.0060856648413507575,0.3260366462458857,0.3260313892427345,5.257003151182271e-06,1987335.3934219833,1987303.3496976169,32.04372436646372,353104.2652670463,391908.9270743431,-38804.6618072968,0.42771095422466987,0.43379661906602063,-0.0060856648413507575
229,4146.23,17,4250.0,17,4250.0,0.0,False,False,0.005124352855030989,0.0,True,0.0,0.8796562947118222,0.8796562947118222,0.0,0.25293427776158633,0.25293427776158633,0.0,620219.5160648901,620219.5160648901,0.0,950095.4483136921,950095.4483136921,0.0,0.12034370528817782,0.12034370528817782,0.0
230,1907.7253,8,2000.0,7,1750.0,250.0,False,True,0.003594545920703962,0.0,True,0.0,0.48904463173056034,0.4842400322873843,0.004804599443176016,0.35623386079751085,0.3558911170459074,0.00034274375160342485,1673398.6497628433,1671788.6205256903,1610.0292371530086,789803.4081525921,813394.9493581064,-23591.541205514222,0.5109553682694397,0.5157599677126157,-0.004804599443176016
238,2442.7957,10,2500.0,10,2500.0,0.0,False,False,0.0036308718092792347,0.0,True,0.0,0.8425173741800982,0.8425173741800982,0.0,0.2710653855243088,0.2710653855243088,0.0,423493.12273531524,423493.12273531524,0.0,608744.9488066746,608744.9488066746,0.0,0.15748262581990174,0.15748262581990174,0.0
240,4771.5054,20,5000.0,19,4750.0,250.0,False,True,0.005674517663564971,0.0,True,0.0,0.7864900725637856,0.7817857182837223,0.0047043542800632165,0.2746995251249152,0.2745195420253969,0.00017998309951827718,901450.5054587028,900859.8751838198,590.6302748830058,656910.8590529547,673346.7985271036,-16435.93947414891,0.2135099274362144,0.21821428171627763,-0.004704354280063244
247,3008.5254,13,3250.0,12,3000.0,250.0,False,True,0.009510562232498798,0.0,True,0.0,0.7932863871259679,0.7867821220526865,0.00650426507328139,0.3019675251309992,0.3016460740132205,0.00032145111777870383,655235.1342690826,654537.6219580243,697.5123110582354,1064475.5165028768,1080071.9623907586,-15596.445887881797,0.20671361287403214,0.21321787794731353,-0.00650426507328139
251,2098.3167,9,2250.0,9,2250.0,0.0,False,False,0.009939557942529653,0.0,True,0.0,0.5402541028900985,0.5402541028900985,0.0,0.35371519807784324,0.35371519807784324,0.0,1328458.3281411724,1328458.3281411724,0.0,793630.2988534297,793630.2988534297,0.0,0.4597458971099016,0.4597458971099016,0.0
270,7118.4307,29,7250.0,28,7000.0,250.0,False,True,0.0053655425058452,0.0,True,0.0,0.9245998697574571,0.9204377233539383,0.004162146403518863,0.2550746145668966,0.2550082522138915,6.636235300511162e-05,988678.6164350421,988421.3935065123,257.2229285298381,2456661.9906369173,2473582.417437616,-16920.426800698508,0.07540013024254293,0.0795622766460617,-0.004162146403518779
283,5114.829,21,5250.0,20,5000.0,250.0,False,True,0.005096349696794844,0.0,True,0.0,0.8338052258408015,0.8284338476070234,0.00537137823377809,0.25968531147668217,0.2595028165446009,0.00018249493208127854,785432.9555804613,784880.9893060965,551.9662743648514,685766.0864031292,703097.4932472382,-17331.406844109064,0.1661947741591985,0.17156615239297654,-0.005371378233778035
287,3457.9387,14,3500.0,14,3500.0,0.0,False,False,0.008227181572129205,0.0,True,0.0,0.8461672280140291,0.8461672280140291,0.0,0.31557323464924236,0.31557323464924236,0.0,702122.8868171808,702122.8868171808,0.0,1749063.3204785776,1749063.3204785776,0.0,0.15383277198597095,0.15383277198597095,0.0
290,3667.7898,15,3750.0,15,3750.0,0.0,False,False,0.007860570621661234,0.0,True,0.0,0.9688589145242493,0.9688589145242493,0.0,0.30836465330095086,0.30836465330095086,0.0,586941.8645415647,586941.8645415647,0.0,3605983.747071913,3605983.747071913,0.0,0.031141085475750643,0.031141085475750643,0.0
291,4778.5923,20,5000.0,19,4750.0,250.0,False,True,0.006785959636930405,0.0,True,0.0,0.9196122481991517,0.9137624298262632,0.005849818372888449,0.2473683841149255,0.24660494069998196,0.0007634434149435543,594121.6196215644,592288.005193437,1833.6144281274173,1133563.048718286,1148303.724072975,-14740.675354689127,0.08038775180084837,0.08623757017373684,-0.005849818372888477
293,3252.2883,14,3500.0,13,3250.0,250.0,False,True,0.007166093695502362,0.0,True,0.0,0.7443011688939347,0.7391721636912512,0.005129005202683556,0.3017263517985238,0.3010381880498193,0.0006881637487045067,787048.8866171602,785253.8212905829,1795.0653265772853,972816.8293087562,986766.8234199598,-13949.994111203589,0.2556988311060653,0.26082783630874884,-0.005129005202683556
296,4074.8904,17,4250.0,17,4250.0,0.0,False,False,0.008931005892139798,0.0,True,0.0,0.9701471178083443,0.9701471178083443,0.0,0.2979132176964419,0.2979132176964419,0.0,687510.3102360269,687510.3102360269,0.0,3883563.967220463,3883563.967220463,0.0,0.02985288219165566,0.02985288219165566,0.0
305,3171.8718,13,3250.0,13,3250.0,0.0,False,False,0.006084210242360388,0.0,True,0.0,0.950303166521826,0.950303166521826,0.0,0.26153252062214105,0.26153252062214105,0.0,433151.44084385154,433151.44084385154,0.0,1631230.0302288926,1631230.0302288926,0.0,0.049696833478173996,0.049696833478173996,0.0
308,3436.1025,14,3500.0,14,3500.0,0.0,False,False,0.005641159701830767,0.0,True,0.0,0.9743388638202716,0.9743388638202716,0.0,0.2959875328714218,0.2959875328714218,0.0,632504.8187639699,632504.8187639699,0.0,3852902.937591499,3852902.937591499,0.0,0.025661136179728445,0.025661136179728445,0.0
309,2594.64,11,2750.0,11,2750.0,0.0,False,False,0.009273054167133976,0.0,True,0.0,0.7395237220592288,0.7395237220592288,0.0,0.2809178296156739,0.2809178296156739,0.0,519151.60213669616,519151.60213669616,0.0,198812.52194852207,198812.52194852207,0.0,0.26047627794077116,0.26047627794077116,0.0
315,274.07706,2,500.0,1,250.0,250.0,False,True,0.006373335324065588,0.0,True,0.0,0.2849821427070849,0.28176827514005975,0.0032138675670251304,0.3974207030779422,0.396831659922435,0.000589043155507174,1768309.0064616578,1765688.080302022,2620.9261596358847,35866.563648763884,51412.93755097247,-15546.373902208587,0.7150178572929151,0.7182317248599402,-0.0032138675670251304
318,2327.3628,10,2500.0,9,2250.0,250.0,False,True,0.001587185640588018,0.0,True,0.0,0.9605297741367144,0.9503492612126347,0.010180512924079621,0.3106005857041483,0.3102142264764961,0.00038635922765217767,470654.7833746679,470069.33110263443,585.4522720334935,2327430.09550716,2343716.966005331,-16286.870498171076,0.039470225863285635,0.04965073878736524,-0.010180512924079607
321,3491.877,14,3500.0,14,3500.0,0.0,False,False,0.009764115791060846,0.0,True,0.0,0.8061558849726644,0.8061558849726644,0.0,0.29080929196745553,0.29080929196745553,0.0,720104.3287303597,720104.3287303597,0.0,1204024.6740598872,1204024.6740598872,0.0,0.1938441150273355,0.1938441150273355,0.0
325,6414.663,26,6500.0,26,6500.0,0.0,False,False,0.004893754968873565,0.0,True,0.0,0.9442827670563136,0.9442827670563136,0.0,0.2617540672143178,0.2617540672143178,0.0,879498.5825233583,879498.5825233583,0.0,2997902.909948357,2997902.909948357,0.0,0.05571723294368641,0.05571723294368641,0.0
330,4696.853,19,4750.0,18,4500.0,250.0,False,True,0.007792607412016372,0.0,True,0.0,0.7821123050885864,0.7767458042305984,0.005366500857988066,0.27823878564273413,0.27803037904784017,0.00020840659489396174,832688.3422433326,832064.6414835197,623.7007598129567,592760.1632689708,610885.0885638341,-18124.925294863293,0.21788769491141355,0.2232541957694016,-0.005366500857988038
353,5590.8516,23,5750.0,23,5750.0,0.0,False,False,0.007426675460467602,0.0,True,0.0,0.9136425583109462,0.9136425583109462,0.0,0.24846426426004273,0.24846426426004273,0.0,653011.2768338905,653011.2768338905,0.0,1228202.7281223594,1228202.7281223594,0.0,0.08635744168905382,0.08635744168905382,0.0
360,4299.307,18,4500.0,17,4250.0,250.0,False,True,0.00877056037498325,0.0,True,0.0,0.9159661783924591,0.9086779772658253,0.007288201126633753,0.24785851352512553,0.24735693413343937,0.0005015793916861577,542685.6978495147,541587.4908186856,1098.2070308290422,1026418.2804050327,1043272.8804002615,-16854.59999522881,0.08403382160754089,0.09132202273417472,-0.0072882011266338365
366,4183.7056,17,4250.0,17,4250.0,0.0,False,False,0.0036084975355116233,0.0,True,0.0,0.9198421997759636,0.9198421997759636,0.0,0.234181325565995,0.234181325565995,0.0,561902.2421260851,561902.2421260851,0.0,1156776.0366257776,1156776.0366257776,0.0,0.08015780022403639,0.08015780022403639,0.0
371,2159.6196,9,2250.0,8,2000.0,250.0,False,True,0.007984590474769182,0.0,True,0.0,0.4739539727847196,0.4702164482234089,0.003737524561310712,0.35423265563171574,0.3542235503207434,9.105310972368219e-06,2150200.553806475,2150145.28435465,55.26945182494819,692426.4851403448,717426.0124308724,-24999.527290527592,0.5260460272152804,0.5297835517765911,-0.003737524561310712
376,6344.5146,26,6500.0,27,6750.0,-250.0,True,False,0.004334350857369218,0.0,True,0.0,0.6669284113612183,0.6695950106417032,-0.0026665992804849603,0.30463804204706557,0.3046285075891233,9.534457942272923e-06,1736336.4525946334,1736282.109326243,54.343268390512094,841049.5984107368,824810.7933063621,16238.805104374653,0.3330715886387817,0.3304049893582968,0.002666599280484905
378,3846.6233,16,4000.0,15,3750.0,250.0,False,True,0.007787937911509557,0.0,True,0.0,0.6416348202124109,0.6369211157041246,0.004713704508286343,0.3114901943980461,0.31141792440497706,7.226999306902959e-05,959752.2334517257,959529.5577832552,222.6756684704451,144547.08270873583,159538.11394867662,-14991.031239940785,0.3583651797875891,0.3630788842958755,-0.004713704508286398
414,3157.222,13,3250.0,14,3500.0,-250.0,True,False,0.0060069738296556485,0.0,True,0.0,0.7444295257825668,0.7514034618430787,-0.006973936060511887,0.2822887071445273,0.2819248544724711,0.0003638526720561863,628914.8103975905,628104.1781318736,810.6322657169076,281581.0124785144,264338.02077036176,17242.991708152636,0.2555704742174332,0.24859653815692123,0.006973936060511943
415,2525.5818,11,2750.0,10,2500.0,250.0,False,True,0.00505333831534438,0.0,True,0.0,0.9755827738996403,0.9656980980459464,0.009884675853693903,0.2897646261107115,0.2890439436917173,0.0007206824189942007,436171.06134426524,435086.24702512624,1084.8143191389972,2518539.4238010906,2534538.007563873,-15998.583762782626,0.024417226100359648,0.03430190195405356,-0.009884675853693913
416,2125.7344,9,2250.0,8,2000.0,250.0,False,True,0.0020889650367755808,0.0,True,0.0,0.635187587254079,0.6267988206884152,0.008388766565663786,0.32217724300689565,0.3219728772991387,0.0002043657077569483,766938.7858218055,766452.295881337,486.48994046845473,414685.48851683224,436715.647559516,-22030.15904268378,0.364812412745921,0.3732011793115848,-0.008388766565663786
422,4329.949,18,4500.0,18,4500.0,0.0,False,False,0.006756563257030002,0.0,True,0.0,0.6882055736737789,0.6882055736737789,0.0,0.3149877494209559,0.3149877494209559,0.0,1173173.1609660075,1173173.1609660075,0.0,1049480.3037686255,1049480.3037686255,0.0,0.3117944263262211,0.3117944263262211,0.0
426,3557.5706,15,3750.0,14,3500.0,250.0,False,True,0.0030760303643367903,0.0,True,0.0,0.9130875295405714,0.903289707290053,0.009797822250518395,0.23403574364289578,0.2339094821962139,0.00012626144668187456,432777.25011029455,432543.76833165943,233.48177863511955,764640.3966934956,783562.0459795954,-18921.649286099826,0.08691247045942857,0.09671029270994697,-0.009797822250518395
429,9086.401,37,9250.0,36,9000.0,250.0,False,True,0.0038794523011291826,0.0,True,0.0,0.7682697306628475,0.7655756812830891,0.0026940493797584786,0.28297954974360773,0.2828349211956797,0.00014462854792801627,1539058.8730853726,1538272.272604201,786.6004811716266,724293.711587952,740858.000265047,-16564.28867709497,0.23173026933715243,0.2344243187169109,-0.0026940493797584786
432,2094.4211,9,2250.0,7,1750.0,500.0,False,True,0.00921139379734115,0.0,True,0.0,0.4984117445049421,0.4879447285497912,0.010467015955150871,0.3576295628645186,0.3576083278401979,2.123502432066493e-05,1518104.0093879034,1518013.8686979043,90.14068999909796,591405.13892184,637256.6301593829,-45851.49123754294,0.5015882554950579,0.5120552714502088,-0.010467015955150871
450,4446.79,18,4500.0,18,4500.0,0.0,False,False,0.005650637661204216,0.0,True,0.0,0.6368013885886858,0.6368013885886858,0.0,0.3109287602680709,0.3109287602680709,0.0,1054071.98383557,1054071.98383557,0.0,95867.12124898894,95867.12124898894,0.0,0.36319861141131415,0.36319861141131415,0.0
472,3530.1826,15,3750.0,14,3500.0,250.0,False,True,0.0017220032617395464,0.0,True,0.0,0.6604033329518876,0.6550840527960546,0.0053192801558329394,0.31118576749967897,0.31114355676139066,4.221073828830635e-05,1022272.1622503417,1022133.4963240467,138.66592629498336,466036.6536345469,484674.5342506169,-18637.880616070004,0.3395966670481124,0.3449159472039453,-0.005319280155832884
478,3367.782,14,3500.0,14,3500.0,0.0,False,False,0.008341416439885951,0.0,True,0.0,0.9461691267791341,0.9461691267791341,0.0,0.2853071049772489,0.2853071049772489,0.0,584740.4946065197,584740.4946065197,0.0,2392639.122892785,2392639.122892785,0.0,0.05383087322086587,0.05383087322086587,0.0
486,4310.952,18,4500.0,17,4250.0,250.0,False,True,0.008093489846873414,0.0,True,0.0,0.9614295106413238,0.9558328047742294,0.005596705867094376,0.2858519229014364,0.28506711225169584,0.0007848106497405638,727143.674085224,725147.2904558218,1996.3836294022622,3322824.159117565,3339038.893936095,-16214.734818529803,0.03857048935867622,0.04416719522577065,-0.005596705867094431
497,2890.8894,12,3000.0,12,3000.0,0.0,False,False,0.008455262386340423,0.0,True,0.0,0.9783955554112255,0.9783955554112255,0.0,0.348315378582466,0.348315378582466,0.0,610712.8986745013,610712.8986745013,0.0,4477697.207078366,4477697.207078366,0.0,0.02160444458877449,0.02160444458877449,0.0
505,4683.7744,19,4750.0,20,5000.0,-250.0,True,False,0.008765219724645945,0.0,True,0.0,0.7284559829570518,0.7324505044496241,-0.003994521492572289,0.2851869422689967,0.2850146437288206,0.0001722985401760857,1048184.9870221838,1047551.7155909552,633.2714312286116,546226.250501466,530230.0285425186,15996.221958947368,0.27154401704294817,0.2675494955503759,0.003994521492572289
511,2891.6016,12,3000.0,12,3000.0,0.0,False,False,0.009114313652919592,0.0,True,0.0,0.9303787737508946,0.9303787737508946,0.0,0.23701194310249324,0.23701194310249324,0.0,365545.3200585457,365545.3200585457,0.0,898547.4593326565,898547.4593326565,0.0,0.06962122624910536,0.06962122624910536,0.0
518,3805.3606,16,4000.0,15,3750.0,250.0,False,True,0.008269658792861567,0.0,True,0.0,0.8988208306740441,0.8907166780492446,0.008104152624799466,0.2536682858905341,0.2534183669702606,0.00024991892027348417,514719.2735868139,514212.1621651114,507.11142170248786,886002.0224276813,903600.5180452601,-17598.495617578854,0.10117916932595597,0.1092833219507554,-0.008104152624799424
527,5715.5483,23,5750.0,23,5750.0,0.0,False,False,0.003341134856503558,0.0,True,0.0,0.7171347131029131,0.7171347131029131,0.0,0.293389922910025,0.293389922910025,0.0,1324339.4727320555,1324339.4727320555,0.0,757867.6340594362,757867.6340594362,0.0,0.2828652868970869,0.2828652868970869,0.0
534,4337.8086,18,4500.0,17,4250.0,250.0,False,True,0.004893769235282619,0.0,True,0.0,0.9438265982053643,0.9368763257328141,0.006950272472550201,0.2577458549964538,0.2576762025387944,6.965245765938599e-05,609822.9383805195,609658.1416803133,164.79670020623598,1994283.617471877,2011659.1184542824,-17375.500982405385,0.05617340179463566,0.0631236742671859,-0.006950272472550242
535,2647.9377,11,2750.0,11,2750.0,0.0,False,False,0.008848521572214385,0.0,True,0.0,0.9595489922838895,0.9595489922838895,0.0,0.2453769310913235,0.2453769310913235,0.0,374422.80599840026,374422.80599840026,0.0,1705958.2577711635,1705958.2577711635,0.0,0.04045100771611057,0.04045100771611057,0.0
543,7731.8438,31,7750.0,31,7750.0,0.0,False,False,0.0033876685999035816,0.0,True,0.0,0.8760822511928981,0.8760822511928981,0.0,0.24419959161808372,0.24419959161808372,0.0,1099986.3480283117,1099986.3480283117,0.0,1472765.33064447,1472765.33064447,0.0,0.12391774880710191,0.12391774880710191,0.0
544,9243.257,37,9250.0,36,9000.0,250.0,False,True,0.008262251132852616,0.0,True,0.0,0.7904596476781299,0.7876727762233122,0.0027868714548177076,0.2690675995021958,0.26894089917312697,0.00012670032906880735,1554952.9610985515,1554220.7545741606,732.2065243909601,910837.6768924213,928865.7605573584,-18028.08366493706,0.20954035232187007,0.2123272237766878,-0.0027868714548177353
553,3155.3376,13,3250.0,13,3250.0,0.0,False,False,0.008273262486402588,0.0,True,0.0,0.9626370208261544,0.9626370208261544,0.0,0.2580074797148256,0.2580074797148256,0.0,421699.86120667536,421699.86120667536,0.0,1993564.0197438872,1993564.0197438872,0.0,0.03736297917384556,0.03736297917384556,0.0
555,4179.446,17,4250.0,17,4250.0,0.0,False,False,0.0016076793714145943,0.0,True,0.0,0.9395657514514039,0.9395657514514039,0.0,0.23036005822868905,0.23036005822868905,0.0,527812.6918232986,527812.6918232986,0.0,1572120.113902538,1572120.113902538,0.0,0.06043424854859612,0.06043424854859612,0.0
561,2512.157,11,2750.0,10,2500.0,250.0,False,True,0.006490773706207986,0.0,True,0.0,0.49711847738444936,0.49346212717249527,0.003656350211954096,0.34588710211307466,0.3456988523915206,0.00018824972155406794,1998248.0529618042,1997160.5026100622,1087.5503517419565,540651.1367691599,563907.03747208,-23255.900702920044,0.5028815226155506,0.5065378728275047,-0.003656350211954096
567,2786.5642,12,3000.0,11,2750.0,250.0,False,True,0.0034084411007051507,0.0,True,0.0,0.9701733140632792,0.9614718807247358,0.008701433338543452,0.31013527819347836,0.30947898387873013,0.0006562943147482292,502497.4221082949,501434.0596839158,1063.3624243790982,2704500.7464984898,2720284.3743608203,-15783.627862330526,0.02982668593672075,0.0385281192752642,-0.008701433338543448
582,6930.9453,28,7000.0,27,6750.0,250.0,False,True,0.007611701055097786,0.0,True,0.0,0.9240320355121727,0.91996188531086,0.004070150201312739,0.23174230608721968,0.2313630231370063,0.00037928295021338876,889882.3054351939,888425.8722450404,1456.4331901535625,1722969.2302263244,1739193.8371806745,-16224.606954350136,0.07596796448782722,0.08003811468913996,-0.004070150201312739
586,7640.871,31,7750.0,30,7500.0,250.0,False,True,0.0064614098133621845,0.0,True,0.0,0.8804541475654581,0.8756468757861579,0.004807271779300293,0.24777853686272955,0.24762100627826553,0.0001575305844640218,866261.918959222,865711.1741363637,550.7448228583671,975143.0145594992,994064.6283698343,-18921.613810335053,0.1195458524345418,0.12435312421384215,-0.004807271779300348
589,2392.4321,10,2500.0,10,2500.0,0.0,False,False,0.006602774652161636,0.0,True,0.0,0.9531535494368057,0.9531535494368057,0.0,0.29003560805517997,0.29003560805517997,0.0,440656.7294049251,440656.7294049251,0.0,1984570.9895030274,1984570.9895030274,0.0,0.04684645056319421,0.04684645056319421,0.0
594,4765.9766,20,5000.0,19,4750.0,250.0,False,True,0.006812518825305425,0.0,True,0.0,0.8787336265901846,0.8720261170091703,0.006707509581014293,0.2491433490427202,0.2490170983592476,0.00012625068347260626,616779.3439697918,616466.7977427817,312.5462270100834,697138.5834947058,715166.5038840508,-18027.920389344916,0.1212663734098154,0.12797388299082962,-0.006707509581014223
598,355.73828,2,500.0,1,250.0,250.0,False,True,0.005823092222273618,0.0,True,0.0,0.31504148833649925,0.3107316216643291,0.004309866672170148,0.38979616624000024,0.3897915652832553,4.600956744926776e-06,1559101.7556810891,1559083.3528327288,18.40284836036153,68176.44519976771,87736.37631592661,-19559.9311161589,0.6849585116635007,0.6892683783356709,-0.004309866672170148
599,2774.0442,12,3000.0,11,2750.0,250.0,False,True,0.0076482089608927994,0.0,True,0.0,0.9736954549529641,0.9647469608229017,0.008948494130062379,0.31521824620526573,0.31451472901090777,0.000703517194357961,525513.439841137,524340.5770857441,1172.862755392911,3044623.4821691466,3061499.198989655,-16875.71682050824,0.02630454504703593,0.03525303917709833,-0.0089484941300624
613,4535.802,19,4750.0,18,4500.0,250.0,False,True,0.0065168570819136296,0.0,True,0.0,0.9583335333043864,0.952527176145032,0.005806357159354403,0.24603427843759737,0.24598841412270073,4.586431489664311e-05,670428.1476038035,670303.1701906051,124.97741319844499,2724762.405556756,2741558.0157182897,-16795.61016153358,0.041666466695613615,0.04747282385496801,-0.005806357159354396
615,3060.9763,13,3250.0,13,3250.0,0.0,False,False,0.008466966366601603,0.0,True,0.0,0.9451251804337077,0.9451251804337077,0.0,0.25780900967671566,0.25780900967671566,0.0,494349.95608036226,494349.95608036226,0.0,1787476.2884782045,1787476.2884782045,0.0,0.05487481956629224,0.05487481956629224,0.0
622,4942.0186,20,5000.0,19,4750.0,250.0,False,True,0.007336750551356852,0.0,True,0.0,0.6632358665909139,0.6597092174834889,0.0035266491074250617,0.30789364800676544,0.3077983711788438,9.527682792165315e-05,1386842.4667592375,1386413.3122381382,429.15452109929174,792880.838159459,810485.3973456144,-17604.559186155442,0.336764133409086,0.34029078251651107,-0.0035266491074250617
624,4010.239,17,4250.0,17,4250.0,0.0,False,False,0.0047479121028995985,0.0,True,0.0,0.6788126512924999,0.6788126512924999,0.0,0.30164093148549087,0.30164093148549087,0.0,962256.9413682382,962256.9413682382,0.0,290713.061608511,290713.061608511,0.0,0.3211873487075001,0.3211873487075001,0.0
625,7574.751,31,7750.0,32,8000.0,-250.0,True,False,0.0048327687386954254,0.0,True,0.0,0.8484550835831206,0.8528913920303541,-0.004436308447233528,0.24174216322047354,0.2417330608761157,9.10234435783086e-06,982467.759734618,982430.7667676054,36.99296701257117,664349.4324729946,645518.6749597345,18830.757513260003,0.15154491641687934,0.1471086079696459,0.004436308447233445
626,3180.9988,13,3250.0,13,3250.0,0.0,False,False,0.0038068694821343785,0.0,True,0.0,0.5989086479269166,0.5989086479269166,0.0,0.32167961994183125,0.32167961994183125,0.0,1095946.3125917225,1095946.3125917225,0.0,222979.77548124857,222979.77548124857,0.0,0.4010913520730834,0.4010913520730834,0.0
633,4368.164,18,4500.0,17,4250.0,250.0,False,True,0.008587311119660379,0.0,True,0.0,0.7457433416869819,0.7415551876022499,0.004188154084731943,0.2961295272891861,0.2955051682833107,0.00062435900587543,961391.6462333743,959364.6496755029,2026.9965578713454,912120.5686812154,926200.3354928207,-14079.76681160531,0.2542566583130181,0.25844481239775,-0.004188154084731943
643,8541.572,35,8750.0,34,8500.0,250.0,False,True,0.005498539423740345,0.0,True,0.0,0.842470398490603,0.8395807089921004,0.0028896894985026567,0.2651940579550046,0.2647832124777363,0.000410845477268329,1300799.3515125846,1298784.1195932736,2015.231919310987,1406467.2466388298,1421628.1560701367,-15160.909431306878,0.157529601509397,0.1604192910078997,-0.002889689498502712
650,5821.9414,24,6000.0,24,6000.0,0.0,False,False,0.0016416406460130206,0.0,True,0.0,0.8852554633720161,0.8852554633720161,0.0,0.26619764518869093,0.26619764518869093,0.0,923744.1348906076,923744.1348906076,0.0,1846475.8695764602,1846475.8695764602,0.0,0.11474453662798388,0.11474453662798388,0.0
655,7035.6475,29,7250.0,28,7000.0,250.0,False,True,0.0027774322366960202,0.0,True,0.0,0.847148485417425,0.8435930337847666,0.0035554516326584684,0.2502068482068506,0.2501096856462627,9.716256058789341e-05,1160839.1518930092,1160388.364453589,450.7874394201208,1303173.4454795737,1321222.1675097952,-18048.722030221485,0.15285151458257493,0.15640696621523345,-0.003555451632658524
657,2819.3704,12,3000.0,11,2750.0,250.0,False,True,0.00589141961391737,0.0,True,0.0,0.9715986920706738,0.9622221323425821,0.009376559728091705,0.2919987232284312,0.29189524791528443,0.00010347531314675029,501542.2368121974,501364.505761059,177.73105113842757,2767441.4257162316,2785667.5408335133,-18226.115117281675,0.028401307929326207,0.037777867657417905,-0.009376559728091698
676,1555.7693,7,1750.0,6,1500.0,250.0,False,True,0.0025928480541399512,0.0,True,0.0,0.3893870972253929,0.3860867475468448,0.003300349678548087,0.3790037320750699,0.3787850889730255,0.0002186431020443913,2291965.179420626,2290642.9698110726,1322.209609553218,496673.7199023884,517273.8759162169,-20600.15601382847,0.6106129027746071,0.6139132524531552,-0.003300349678548087
680,3161.3745,13,3250.0,13,3250.0,0.0,False,False,0.0091870148527472,0.0,True,0.0,0.9718854873176075,0.9718854873176075,0.0,0.3128236930825868,0.3128236930825868,0.0,574897.1095989613,574897.1095989613,0.0,3641949.517208471,3641949.517208471,0.0,0.02811451268239256,0.02811451268239256,0.0
691,1101.3344,5,1250.0,5,1250.0,0.0,False,False,0.007306929094585191,0.0,True,0.0,0.3738357225693387,0.3738357225693387,0.0,0.3870067559915881,0.3870067559915881,0.0,1904367.2426786383,1904367.2426786383,0.0,233345.53036793479,233345.53036793479,0.0,0.6261642774306613,0.6261642774306613,0.0
705,1879.9874,8,2000.0,7,1750.0,250.0,False,True,0.0012488362035399936,0.0,True,0.0,0.5507301266544955,0.5436571640296626,0.007072962624832924,0.330016164904484,0.3299420123988947,7.415250558928665e-05,1072758.7272230233,1072517.6852500055,241.04197301785462,312277.8250848076,337219.4456245384,-24941.620539730822,0.44926987334550456,0.4563428359703374,-0.007072962624832868
718,2509.2397,11,2750.0,9,2250.0,500.0,False,True,0.001667232412415176,0.0,True,0.0,0.8647371519651007,0.8494352464107621,0.015301905554338635,0.31851456070037404,0.31666756792825956,0.0018469927721144752,551672.8900127285,548473.8656472976,3199.0243654309306,1585416.4633414673,1612957.496354822,-27541.033013354754,0.1352628480348993,0.15056475358923793,-0.015301905554338635
720,3830.105,16,4000.0,15,3750.0,250.0,False,True,0.008454500944360954,0.0,True,0.0,0.8004167357740447,0.7953641301335128,0.005052605640531893,0.2755293157747717,0.27523330151202574,0.0002960142627459472,763254.4015362037,762434.4009917134,820.0005444902927,824057.1882147589,838598.941544892,-14541.753330133157,0.19958326422595532,0.2046358698664872,-0.005052605640531893
724,8172.8,33,8250.0,32,8000.0,250.0,False,True,0.0020034364846404085,0.0,True,0.0,0.7938718677288993,0.7908208916043789,0.0030509761245204325,0.2707323964436493,0.2706903467532563,4.204969039300899e-05,1441717.6611091155,1441493.7360004839,223.92510863160715,1035563.7135460018,1053901.4845180805,-18337.770972078666,0.20612813227110074,0.20917910839562115,-0.003050976124520405
725,4955.215,20,5000.0,20,5000.0,0.0,False,False,0.00842790436460683,0.0,True,0.0,0.9580470785555938,0.9580470785555938,0.0,0.2764334473785733,0.2764334473785733,0.0,715017.657535076,715017.657535076,0.0,3290692.8409588886,3290692.8409588886,0.0,0.04195292144440625,0.04195292144440625,0.0
733,4558.0312,19,4750.0,19,4750.0,0.0,False,False,0.005260638125912043,0.0,True,0.0,0.8320573570567301,0.8320573570567301,0.0,0.2802560233139719,0.2802560233139719,0.0,816394.6393954691,816394.6393954691,0.0,1187131.9087798733,1187131.9087798733,0.0,0.1679426429432699,0.1679426429432699,0.0
734,4641.458,19,4750.0,18,4500.0,250.0,False,True,0.004994320747826797,0.0,True,0.0,0.9569475867652854,0.9504864497358717,0.006461137029413644,0.24968468996214435,0.24943588190853233,0.00024880805361202074,625851.1359017317,625227.482112634,623.653789097676,2566737.0924851354,2584789.2933438895,-18052.200858754106,0.04305241323471463,0.049513550264128306,-0.006461137029413679
742,7693.031,31,7750.0,30,7500.0,250.0,False,True,0.007524661962793,0.0,True,0.0,0.9125095968492966,0.9082829977694433,0.004226599079853233,0.2336922624440409,0.23344970074860377,0.0002425616954371268,962736.425997332,961737.1503803015,999.2756170304492,1630231.2070583585,1648796.3880602666,-18565.181001908146,0.08749040315070347,0.09171700223055664,-0.004226599079853163
751,6320.711,26,6500.0,26,6500.0,0.0,False,False,0.0028133303532563714,0.0,True,0.0,0.9008412218137014,0.9008412218137014,0.0,0.2590366928635158,0.2590366928635158,0.0,912107.3527671552,912107.3527671552,0.0,1778904.2701820908,1778904.2701820908,0.0,0.09915877818629854,0.09915877818629854,0.0
755,7591.87,31,7750.0,31,7750.0,0.0,False,False,0.007986703835538789,0.0,True,0.0,0.8590814107404201,0.8590814107404201,0.0,0.23819750380164614,0.23819750380164614,0.0,972764.8522620874,972764.8522620874,0.0,713886.4897672182,713886.4897672182,0.0,0.14091858925957987,0.14091858925957987,0.0
776,2585.4705,11,2750.0,10,2500.0,250.0,False,True,0.00874443789184376,0.0,True,0.0,0.9811847861773291,0.9717753739635712,0.009409412213757906,0.3337925668812551,0.33369280837718635,9.975850406873654e-05,561113.338406685,560945.6419604296,167.6964462554315,3986166.5920336177,4003794.126133545,-17627.534099927172,0.018815213822670974,0.028224626036428842,-0.009409412213757868
787,1892.5625,8,2000.0,8,2000.0,0.0,False,False,0.0018085552147359962,0.0,True,0.0,0.4504956525663133,0.4504956525663133,0.0,0.36320381501946075,0.36320381501946075,0.0,1979841.1334995641,1979841.1334995641,0.0,768283.2176624617,768283.2176624617,0.0,0.5495043474336867,0.5495043474336867,0.0
794,4177.436,17,4250.0,17,4250.0,0.0,False,False,0.009305937248570428,0.0,True,0.0,0.9561515600288313,0.9561515600288313,0.0,0.2602726978620592,0.2602726978620592,0.0,641934.1925343003,641934.1925343003,0.0,2783912.005310874,2783912.005310874,0.0,0.043848439971168676,0.043848439971168676,0.0
798,4368.424,18,4500.0,18,4500.0,0.0,False,False,0.0029617036062148383,0.0,True,0.0,0.9278488871056202,0.9278488871056202,0.0,0.25065777032144865,0.25065777032144865,0.0,639083.9568243328,639083.9568243328,0.0,1743469.4850098048,1743469.4850098048,0.0,0.07215111289437977,0.07215111289437977,0.0
800,3013.743,13,3250.0,13,3250.0,0.0,False,False,0.008456439357547252,0.0,True,0.0,0.9470650888404127,0.9470650888404127,0.0,0.24511613051133663,0.24511613051133663,0.0,389541.43135931366,389541.43135931366,0.0,1259170.7855371595,1259170.7855371595,0.0,0.05293491115958729,0.05293491115958729,0.0
807,3632.3674,15,3750.0,14,3500.0,250.0,False,True,0.004715700929604161,0.0,True,0.0,0.7801304951911665,0.7748704563656255,0.005260038825541047,0.29778590443353403,0.2976474733473903,0.0001384310861437532,808696.5484604652,808320.6114537185,375.9370067466516,1155539.8491547029,1171176.8143313122,-15636.965176609345,0.2198695048088335,0.2251295436343745,-0.005260038825541019
809,2110.6829,9,2250.0,9,2250.0,0.0,False,False,0.006973683508104012,0.0,True,0.0,0.42195395491153875,0.42195395491153875,0.0,0.3542269257807641,0.3542269257807641,0.0,1956514.918454211,1956514.918454211,0.0,163079.23216819568,163079.23216819568,0.0,0.5780460450884612,0.5780460450884612,0.0
817,3337.825,14,3500.0,13,3250.0,250.0,False,True,0.0019649539939715632,0.0,True,0.0,0.9688885648561912,0.9609608091764656,0.00792775567972559,0.30003147700155886,0.29968434463171684,0.0003471323698420181,558304.0677941181,557658.1175222244,645.9502718936419,2915570.5742721055,2931508.0780096604,-15937.503737554885,0.031111435143808763,0.0390391908235344,-0.007927755679725638
828,3583.511,15,3750.0,14,3500.0,250.0,False,True,0.001538784829331008,0.0,True,0.0,0.7826259197676211,0.7769334112826092,0.0056925084850119045,0.2910450196740172,0.29038625200179097,0.0006587676722262237,703196.9664231646,701605.3108462851,1591.6555768795079,851089.4788956275,865476.4612002082,-14386.982304580626,0.21737408023237895,0.22306658871739088,-0.005692508485011932
831,3781.656,16,4000.0,15,3750.0,250.0,False,True,0.003784584493479848,0.0,True,0.0,0.7138826075449798,0.7088603562016647,0.005022251343315132,0.2963267029873299,0.2962759591704661,5.074381686376306e-05,862457.2482198263,862309.558618399,147.68960142729338,468242.6151891636,484028.38258543826,-15785.767396274663,0.2861173924550202,0.29113964379833535,-0.005022251343315132
833,3872.1624,16,4000.0,15,3750.0,250.0,False,True,0.003020898552781981,0.0,True,0.0,0.9304778186877461,0.9229362198458864,0.007541598841859787,0.2759308101832707,0.2758828644237158,4.794575955491265e-05,582193.1287721314,582091.9668477052,101.16192442621104,1860983.6846679347,1878018.8972265364,-17035.21255860175,0.06952218131225382,0.07706378015411368,-0.007541598841859856
838,9665.681,39,9750.0,40,10000.0,-250.0,True,False,0.007307309328533185,0.0,True,0.0,0.8464209691085396,0.8499683327399644,-0.003547363631424827,0.2555389142777583,0.25526160655958524,0.000277307718173081,1256669.1329058828,1255305.41086484,1363.7220410427544,974486.792986066,956053.0724667844,18433.720519281575,0.1535790308914604,0.1500316672600356,0.003547363631424799
842,5180.885,21,5250.0,21,5250.0,0.0,False,False,0.0067280113442772516,0.0,True,0.0,0.7902721902636552,0.7902721902636552,0.0,0.2594382667160392,0.2594382667160392,0.0,886553.5882080104,886553.5882080104,0.0,347900.4703131204,347900.4703131204,0.0,0.20972780973634475,0.20972780973634475,0.0
857,3045.8533,13,3250.0,12,3000.0,250.0,False,True,0.002218619007828382,0.0,True,0.0,0.9679388438272204,0.9602828645467859,0.007655979280434488,0.2710975072290984,0.2695466724258337,0.0015508348032647334,430467.53144857695,428005.00777482823,2462.523673748714,2044870.7464189916,2058657.747418045,-13787.000999053475,0.03206115617277956,0.03971713545321408,-0.007655979280434516
862,4143.4316,17,4250.0,17,4250.0,0.0,False,False,0.0038466204570606344,0.0,True,0.0,0.80664659583803,0.80664659583803,0.0,0.2673505436420395,0.2673505436420395,0.0,583714.869823124,583714.869823124,0.0,243102.1205874519,243102.1205874519,0.0,0.19335340416197005,0.19335340416197005,0.0
877,1314.4429,6,1500.0,5,1250.0,250.0,False,True,0.00739230320287676,0.0,True,0.0,0.46170363238799106,0.4557365774792258,0.005967054908765257,0.3608543630322704,0.36055312179061333,0.0003012412416570909,1306291.2193343677,1305200.7273542476,1090.491980120074,402969.05020387465,425513.60687043006,-22544.556666555407,0.5382963676120089,0.5442634225207742,-0.005967054908765257
879,2215.2024,9,2250.0,9,2250.0,0.0,False,False,0.0022857236408747594,0.0,True,0.0,0.7249316982848608,0.7249316982848608,0.0,0.2818697343518879,0.2818697343518879,0.0,457214.53478278406,457214.53478278406,0.0,120941.33862824799,120941.33862824799,0.0,0.27506830171513924,0.27506830171513924,0.0
881,2719.139,11,2750.0,11,2750.0,0.0,False,False,0.005199594370911997,0.0,True,0.0,0.9684043671565753,0.9684043671565753,0.0,0.29452342258092107,0.29452342258092107,0.0,465262.24231516896,465262.24231516896,0.0,2757925.565741133,2757925.565741133,0.0,0.03159563284342472,0.03159563284342472,0.0
888,2048.683,9,2250.0,8,2000.0,250.0,False,True,0.006021234909667994,0.0,True,0.0,0.5482005164364971,0.5419945358533697,0.006205980583127491,0.327581546622299,0.32749735015311965,8.419646917934287e-05,1238216.609024875,1237898.3570731578,318.25195171730593,388897.73787723796,414043.0639995722,-25145.326122334227,0.4517994835635028,0.45800546414663035,-0.006205980583127546
889,6533.5244,27,6750.0,27,6750.0,0.0,False,False,0.007000221737691992,0.0,True,0.0,0.8697856698526909,0.8697856698526909,0.0,0.24573476560555121,0.24573476560555121,0.0,976612.685497098,976612.685497098,0.0,1100528.2231775112,1100528.2231775112,0.0,0.13021433014730915,0.13021433014730915,0.0
893,9846.206,40,10000.0,41,10250.0,-250.0,True,False,0.005373734989604029,0.0,True,0.0,0.8558265575731285,0.8593933103802107,-0.0035667528070821852,0.25128957419561054,0.25125787702800534,3.169716760520469e-05,1220096.4457905157,1219942.5452490367,153.90054147900082,936447.2388358931,917172.5492102767,19274.68962561642,0.14417344242687147,0.14060668961978923,0.0035667528070822407
896,5584.9243,23,5750.0,22,5500.0,250.0,False,True,0.004934144250689609,0.0,True,0.0,0.7952305301310084,0.7914754427837773,0.0037550873472310675,0.2899040265416621,0.2894135136006947,0.0004905129409673581,1046456.647959288,1044686.0601750871,1770.5877842009068,1202113.6539103084,1216711.4189319178,-14597.765021609375,0.2047694698689916,0.20852455721622268,-0.0037550873472310675
903,4170.9443,17,4250.0,16,4000.0,250.0,False,True,0.0022613139126795856,0.0,True,0.0,0.6826144249881072,0.6779315583471406,0.004682866640966621,0.30006803837646906,0.29966709031830596,0.00040094805816309753,915207.141467298,913984.2503917483,1222.8910755497636,155852.41320995672,171913.31629348843,-16060.90308353171,0.31738557501189274,0.32206844165285947,-0.004682866640966732
911,2978.1345,12,3000.0,12,3000.0,0.0,False,False,0.0029151550234336465,0.0,True,0.0,0.9602240259801667,0.9602240259801667,0.0,0.2576266362745865,0.2576266362745865,0.0,447097.4294042122,447097.4294042122,0.0,2115257.401218449,2115257.401218449,0.0,0.03977597401983335,0.03977597401983335,0.0
912,5777.706,24,6000.0,23,5750.0,250.0,False,True,0.008364665799773019,0.0,True,0.0,0.9302208193207848,0.9249095620094596,0.0053112573113252015,0.2675936588581412,0.26733898975185866,0.0002546691062825235,783702.7373186192,782956.8867758381,745.8505427810596,2150375.301468499,2167673.365019377,-17298.06355087785,0.06977918067921522,0.0750904379905404,-0.005311257311325174
915,4117.12,17,4250.0,17,4250.0,0.0,False,False,0.007697809307298797,0.0,True,0.0,0.9353006150576382,0.9353006150576382,0.0,0.23372377760207733,0.23372377760207733,0.0,541973.5680391904,541973.5680391904,0.0,1669001.4277922949,1669001.4277922949,0.0,0.06469938494236187,0.06469938494236187,0.0
926,6493.7246,26,6500.0,26,6500.0,0.0,False,False,0.002283760825561587,0.0,True,0.0,0.9303233022662423,0.9303233022662423,0.0,0.2581929696141347,0.2581929696141347,0.0,883572.5538859112,883572.5538859112,0.0,2461685.6964986743,2461685.6964986743,0.0,0.06967669773375774,0.06967669773375774,0.0
944,6159.351,25,6250.0,25,6250.0,0.0,False,False,0.0056518332432660134,0.0,True,0.0,0.888665500310946,0.888665500310946,0.0,0.244971081009746,0.244971081009746,0.0,729024.9398587928,729024.9398587928,0.0,882937.7331327975,882937.7331327975,0.0,0.11133449968905397,0.11133449968905397,0.0
952,5803.872,24,6000.0,24,6000.0,0.0,False,False,0.006315479890123599,0.0,True,0.0,0.7373581520574591,0.7373581520574591,0.0,0.29407445280875094,0.29407445280875094,0.0,1184607.2961902851,1184607.2961902851,0.0,702894.6810624292,702894.6810624292,0.0,0.26264184794254086,0.26264184794254086,0.0
960,4738.709,19,4750.0,19,4750.0,0.0,False,False,0.008781665861909427,0.0,True,0.0,0.6733212229826012,0.6733212229826012,0.0,0.3067273608620113,0.3067273608620113,0.0,1097006.5116423292,1097006.5116423292,0.0,279251.9223240265,279251.9223240265,0.0,0.3266787770173988,0.3266787770173988,0.0
964,7826.288,32,8000.0,32,8000.0,0.0,False,False,0.0037211655689779466,0.0,True,0.0,0.8839093194014245,0.8839093194014245,0.0,0.24524375630139397,0.24524375630139397,0.0,1025195.059216064,1025195.059216064,0.0,1259234.1494041209,1259234.1494041209,0.0,0.11609068059857548,0.11609068059857548,0.0
969,5253.283,22,5500.0,21,5250.0,250.0,False,True,0.008822851060754422,0.0,True,0.0,0.7854614383848929,0.7806767863367461,0.00478465204814682,0.2756284226105387,0.2753217484508189,0.0003066741597197997,881819.5224710603,880838.3781517735,981.1443192868028,554624.9772748904,571086.2653003501,-16461.28802545974,0.2145385616151071,0.21932321366325386,-0.004784652048146765
977,4000.119,17,4250.0,16,4000.0,250.0,False,True,0.0018864094792353514,0.0,True,0.0,0.885693702994498,0.8789826352069452,0.006711067787552816,0.28186174014027526,0.2814974341978481,0.00036430594242714553,637541.7056127308,636717.6837650539,824.0218476769514,1416091.5716608884,1433184.3972425552,-17092.82558166678,0.11430629700550204,0.12101736479305478,-0.0067110677875527325
978,6948.282,28,7000.0,28,7000.0,0.0,False,False,0.008380577875803819,0.0,True,0.0,0.9080849679066507,0.9080849679066507,0.0,0.24211386544591296,0.24211386544591296,0.0,843353.4748480562,843353.4748480562,0.0,1383481.0405303685,1383481.0405303685,0.0,0.09191503209334932,0.09191503209334932,0.0
990,5892.6816,24,6000.0,24,6000.0,0.0,False,False,0.006488808682019398,0.0,True,0.0,0.7425647771719919,0.7425647771719919,0.0,0.2945694074205295,0.2945694074205295,0.0,1167088.2726995612,1167088.2726995612,0.0,829722.7503211165,829722.7503211165,0.0,0.2574352228280081,0.2574352228280081,0.0
996,5193.7666,21,5250.0,20,5000.0,250.0,False,True,0.007571119216448596,0.0,True,0.0,0.9511942033700057,0.9443857536865675,0.006808449683438189,0.2570879757674892,0.2568940964622519,0.0001938793052372878,621466.5628821636,620997.8925560617,468.6703261018265,2317641.3008166454,2336057.2054790817,-18415.90466243634,0.04880579662999426,0.05561424631343253,-0.006808449683438272
1001,5772.8516,24,6000.0,25,6250.0,-250.0,True,False,0.0032596406191895966,0.0,True,0.0,0.6699168288764332,0.6734104033195518,-0.0034935744431185967,0.3027358605873394,0.3025150889657373,0.0002207716216021116,1472269.373785743,1471195.7140730973,1073.659712645691,539589.8907053409,520661.63742530113,18928.25328003976,0.3300831711235668,0.3265895966804481,0.003493574443118652
1018,6016.3164,25,6250.0,23,5750.0,500.0,False,True,0.005260830016007634,0.0,True,0.0,0.628051528873517,0.6217845747149238,0.006266954158593241,0.3202428666307485,0.32010461834224085,0.00013824828850766968,1745639.8946270477,1744886.304920829,753.5897062188014,292262.28687789536,329399.20082954277,-37136.91395164741,0.371948471126483,0.3782154252850762,-0.006266954158593185
1020,6372.791,26,6500.0,26,6500.0,0.0,False,False,0.006363046938772765,0.0,True,0.0,0.8792543809089829,0.8792543809089829,0.0,0.23276544054783993,0.23276544054783993,0.0,812717.4052711029,812717.4052711029,0.0,815410.0876209676,815410.0876209676,0.0,0.12074561909101707,0.12074561909101707,0.0
1024,1063.3118,5,1250.0,5,1250.0,0.0,False,False,0.009536596708389244,0.0,True,0.0,0.3901840380759669,0.3901840380759669,0.0,0.36767900854371793,0.36767900854371793,0.0,1748047.7579298797,1748047.7579298797,0.0,144918.40854133328,144918.40854133328,0.0,0.6098159619240331,0.6098159619240331,0.0
1025,7841.2354,32,8000.0,32,8000.0,0.0,False,False,0.0014541053724288489,0.0,True,0.0,0.7512325382056952,0.7512325382056952,0.0,0.2885336743606677,0.2885336743606677,0.0,1366307.9245135384,1366307.9245135384,0.0,493829.4640279896,493829.4640279896,0.0,0.24876746179430478,0.24876746179430478,0.0
1027,9985.72,40,10000.0,41,10250.0,-250.0,True,False,0.006387954908490978,0.0,True,0.0,0.8033609897778115,0.8065245707880008,-0.0031635810101893203,0.2619678573702326,0.26186415792273865,0.00010369944749394344,1411842.958123756,1411284.0829389323,558.8751848237589,563461.2277268271,545206.5769846874,18254.650742139784,0.19663901022218852,0.19347542921199926,0.0031635810101892647
1029,1215.4353,5,1250.0,6,1500.0,-250.0,True,False,0.002479529392265589,0.0,True,0.0,0.4371915017749176,0.4421731295993594,-0.004981627824441781,0.3581759483531929,0.358118034345963,5.791400722987561e-05,1565160.4167386417,1564907.3435992876,253.07313935412094,337913.2027144208,314463.28366345365,23449.919050967146,0.5628084982250824,0.5578268704006406,0.004981627824441781
1032,3226.6465,13,3250.0,14,3500.0,-250.0,True,False,0.006611996312281154,0.0,True,0.0,0.9417232534958336,0.9520051123701108,-0.010281858874277128,0.24336997055907972,0.24300686079153394,0.0003631097675457773,448260.04016948957,447591.23292670574,668.8072427838342,1813869.9332592075,1793663.966489857,20205.96676935046,0.058276746504166414,0.04799488762988918,0.010281858874277232
1034,3609.0488,15,3750.0,16,4000.0,-250.0,True,False,0.005297447138385647,0.0,True,0.0,0.5567172935568383,0.5609915940367884,-0.004274300479950144,0.3307441104978686,0.3305898366724688,0.00015427382539984213,1586481.668660581,1585741.6627521385,740.0059084426612,231330.3185015294,210114.9149459788,21215.403555550613,0.44328270644316164,0.4390084059632116,0.004274300479950033
1038,3965.432,16,4000.0,16,4000.0,0.0,False,False,0.006999580235450997,0.0,True,0.0,0.9476457212549867,0.9476457212549867,0.0,0.24326640576313927,0.24326640576313927,0.0,570689.5698027584,570689.5698027584,0.0,2157598.5585283414,2157598.5585283414,0.0,0.052354278745013284,0.052354278745013284,0.0
1044,4254.0654,18,4500.0,17,4250.0,250.0,False,True,0.007726041415406004,0.0,True,0.0,0.926325430372938,0.919343058437535,0.0069823719354029645,0.2707296069368953,0.2703144403363266,0.0004151666005686727,612278.1030886136,611339.1684019422,938.9346866713604,1724600.0762300093,1741540.6777613086,-16940.601531299297,0.07367456962706204,0.08065694156246489,-0.0069823719354028535
1046,1990.4917,8,2000.0,9,2250.0,-250.0,True,False,0.004041077363961976,0.0,True,0.0,0.4825859940306011,0.4883440366826869,-0.005758042652085793,0.3334553142149965,0.33333077845895887,0.0001245357560376581,1593228.8693523768,1592633.8452117273,595.0241406494752,313636.19962051895,283523.18916166195,30113.010458856996,0.5174140059693989,0.5116559633173131,0.005758042652085793
1047,5135.6123,21,5250.0,22,5500.0,-250.0,True,False,0.005294411315501235,0.0,True,0.0,0.8271333286181398,0.8313237523026475,-0.004190423684507727,0.282254651466735,0.28205113908674634,0.00020351237998866845,981180.8213597753,980473.3664316935,707.4549280817155,1551685.1263144054,1536454.5542537333,15230.5720606721,0.17286667138186018,0.16867624769735248,0.004190423684507699
1049,5350.285,22,5500.0,21,5250.0,250.0,False,True,0.0077604126700687726,0.0,True,0.0,0.9114326492065405,0.9060147458768877,0.005417903329652862,0.2781360156862135,0.27804301405860665,9.300162760683683e-05,782081.7208213113,781820.2125345169,261.50828679441474,1958886.4129905896,1975192.28942414,-16305.87643355038,0.0885673507934595,0.09398525412311232,-0.005417903329652821
1052,6519.454,27,6750.0,27,6750.0,0.0,False,False,0.0027352031607575933,0.0,True,0.0,0.6923067190684922,0.6923067190684922,0.0,0.30704943927435796,0.30704943927435796,0.0,1593581.6140594939,1593581.6140594939,0.0,793799.2937890855,793799.2937890855,0.0,0.3076932809315078,0.3076932809315078,0.0
1057,3832.7039,16,4000.0,16,4000.0,0.0,False,False,0.004870492381718439,0.0,True,0.0,0.6925673792391718,0.6925673792391718,0.0,0.2980469780611357,0.2980469780611357,0.0,971791.4353560698,971791.4353560698,0.0,476006.6842891246,476006.6842891246,0.0,0.3074326207608282,0.3074326207608282,0.0
1073,7400.5713,30,7500.0,30,7500.0,0.0,False,False,0.0058465768019594355,0.0,True,0.0,0.8876347688177778,0.8876347688177778,0.0,0.25185612889758346,0.25185612889758346,0.0,1002900.0707185455,1002900.0707185455,0.0,1551569.0775534406,1551569.0775534406,0.0,0.1123652311822222,0.1123652311822222,0.0
1075,3174.7063,13,3250.0,13,3250.0,0.0,False,False,0.0018433072082020274,0.0,True,0.0,0.9770190239765679,0.9770190239765679,0.0,0.29345273524449256,0.29345273524449256,0.0,575824.2430280697,575824.2430280697,0.0,3650770.2944332473,3650770.2944332473,0.0,0.02298097602343204,0.02298097602343204,0.0
1090,1593.2761,7,1750.0,7,1750.0,0.0,False,False,0.006259941321000384,0.0,True,0.0,0.520032473467541,0.520032473467541,0.0,0.3339170597133578,0.3339170597133578,0.0,1122558.7697027933,1122558.7697027933,0.0,300000.10078490875,300000.10078490875,0.0,0.479967526532459,0.479967526532459,0.0
1095,5440.032,22,5500.0,22,5500.0,0.0,False,False,0.0045977401644772264,0.0,True,0.0,0.8728453229217398,0.8728453229217398,0.0,0.269266159608948,0.269266159608948,0.0,864306.5311535943,864306.5311535943,0.0,1564207.2739045513,1564207.2739045513,0.0,0.12715467707826023,0.12715467707826023,0.0
1096,2993.9983,12,3000.0,12,3000.0,0.0,False,False,0.001603135261298183,0.0,True,0.0,0.5185614135654943,0.5185614135654943,0.0,0.34261509709014204,0.34261509709014204,0.0,2013282.3698583716,2013282.3698583716,0.0,638644.3877552841,638644.3877552841,0.0,0.48143858643450566,0.48143858643450566,0.0
1097,3529.8372,15,3750.0,14,3500.0,250.0,False,True,0.0060955521355388065,0.0,True,0.0,0.9398843005144568,0.9325242995812989,0.0073600009331579175,0.29232257500596126,0.292090748924106,0.00023182608185523534,617526.3649807555,617036.6364073366,489.72857341892086,2319285.337603699,2336515.271434918,-17229.933831219096,0.06011569948554322,0.06747570041870109,-0.007360000933157869
1101,7365.402,30,7500.0,29,7250.0,250.0,False,True,0.008064840305152754,0.0,True,0.0,0.9333056170196384,0.9290637990124081,0.004241818007230336,0.2536416516168235,0.2533875769238772,0.00025407469294630447,894619.5445806676,893723.3976558854,896.1469247821951,2263962.861718136,2280285.8740782607,-16323.012360124849,0.06669438298036158,0.0709362009875919,-0.004241818007230322
1102,2607.9756,11,2750.0,11,2750.0,0.0,False,False,0.006655037809599973,0.0,True,0.0,0.7467263332248567,0.7467263332248567,0.0,0.31751409265191366,0.31751409265191366,0.0,709869.626122051,709869.626122051,0.0,1207510.9224206412,1207510.9224206412,0.0,0.2532736667751433,0.2532736667751433,0.0
1103,4358.0815,18,4500.0,18,4500.0,0.0,False,False,0.0069690565751467926,0.0,True,0.0,0.9324806208571867,0.9324806208571867,0.0,0.2323484857911712,0.2323484857911712,0.0,545723.3335260176,545723.3335260176,0.0,1335451.9454944823,1335451.9454944823,0.0,0.0675193791428132,0.0675193791428132,0.0
1106,2595.32,11,2750.0,11,2750.0,0.0,False,False,0.009710453587142842,0.0,True,0.0,0.9780418417705403,0.9780418417705403,0.0,0.30892294105227674,0.30892294105227674,0.0,494089.9349903738,494089.9349903738,0.0,3529827.020290911,3529827.020290911,0.0,0.021958158229459693,0.021958158229459693,0.0
1108,8569.953,35,8750.0,33,8250.0,500.0,False,True,0.007493267938765813,0.0,True,0.0,0.7723687018534836,0.7673062814328329,0.005062420420650748,0.27347863734694156,0.27330860716210786,0.0001700301848336916,1618555.6299169618,1617549.3234807875,1006.3064361743163,737730.1834233509,769736.3023666712,-32006.118943320238,0.22763129814651636,0.2326937185671671,-0.005062420420650748
1116,4227.1934,17,4250.0,17,4250.0,0.0,False,False,0.005035256022700829,0.0,True,0.0,0.9634515887979671,0.9634515887979671,0.0,0.29719386531179287,0.29719386531179287,0.0,722705.1065893186,722705.1065893186,0.0,3637458.738917024,3637458.738917024,0.0,0.03654841120203288,0.03654841120203288,0.0
1117,831.0021,4,1000.0,3,750.0,250.0,False,True,0.008537142395922959,0.0,True,0.0,0.30400206972814015,0.30091652038674577,0.003085549341394378,0.3950561003164026,0.39483216678179683,0.00022393353460575804,2248438.5998771894,2247164.0953128724,1274.5045643169433,47420.37659013948,66145.06212707478,-18724.6855369353,0.6959979302718599,0.6990834796132542,-0.003085549341394378
1123,2620.5237,11,2750.0,11,2750.0,0.0,False,False,0.006601342309014435,0.0,True,0.0,0.9487050313904969,0.9487050313904969,0.0,0.31110988872855583,0.31110988872855583,0.0,517813.0502562354,517813.0502562354,0.0,2414774.740584526,2414774.740584526,0.0,0.05129496860950308,0.05129496860950308,0.0
1126,2987.213,12,3000.0,12,3000.0,0.0,False,False,0.007452090676925982,0.0,True,0.0,0.9696601181531149,0.9696601181531149,0.0,0.3125288668684802,0.3125288668684802,0.0,559434.8033924059,559434.8033924059,0.0,3569669.975586337,3569669.975586337,0.0,0.03033988184688508,0.03033988184688508,0.0
1128,3561.7134,15,3750.0,15,3750.0,0.0,False,False,0.003172533588525983,0.0,True,0.0,0.9484857224354278,0.9484857224354278,0.0,0.24881890555989625,0.24881890555989625,0.0,494174.8870549144,494174.8870549144,0.0,2237894.3993415367,2237894.3993415367,0.0,0.05151427756457216,0.05151427756457216,0.0
1135,2449.5327,10,2500.0,9,2250.0,250.0,False,True,0.002513222369951551,0.0,True,0.0,0.6933703236737477,0.6846207995614441,0.008749524112303675,0.3029936412443044,0.3027435662394425,0.0002500750048619049,515502.26320069004,515076.79476364027,425.4684370497707,164992.3290602023,181260.7746072897,-16268.445547087409,0.30662967632625227,0.31537920043855594,-0.008749524112303675
1149,6757.7637,28,7000.0,27,6750.0,250.0,False,True,0.007073223166916387,0.0,True,0.0,0.8524828977155822,0.8475233384307531,0.0049595592848290515,0.251532142256656,0.2512266804778191,0.00030546177883689074,838567.855524912,837549.4949029812,1018.3606219307985,516469.90270732145,533946.3971644586,-17476.49445713719,0.14751710228441783,0.15247666156924686,-0.004959559284829024
1161,2837.7246,12,3000.0,11,2750.0,250.0,False,True,0.003921476853887551,0.0,True,0.0,0.9370916216493412,0.9276241256033245,0.00946749604601671,0.2659316456941806,0.2657581719351686,0.00017347375901199946,450740.1933701753,450446.1644460222,294.0289241531282,1436438.8905053963,1453641.1648155972,-17202.27431020094,0.06290837835065882,0.0723758743966755,-0.009467496046016682
1162,3648.6824,15,3750.0,15,3750.0,0.0,False,False,0.008324166007854794,0.0,True,0.0,0.869103900014872,0.869103900014872,0.0,0.2560919288245681,0.2560919288245681,0.0,474928.06953535124,474928.06953535124,0.0,478258.91020581516,478258.91020581516,0.0,0.130896099985128,0.130896099985128,0.0
1170,4116.753,17,4250.0,17,4250.0,0.0,False,False,0.004983964067549973,0.0,True,0.0,0.8730500641322805,0.8730500641322805,0.0,0.2586224820166378,0.2586224820166378,0.0,601045.3988412537,601045.3988412537,0.0,835964.0626042669,835964.0626042669,0.0,0.12694993586771952,0.12694993586771952,0.0
1172,2171.6367,9,2250.0,9,2250.0,0.0,False,False,0.007025362042593186,0.0,True,0.0,0.5190821714173732,0.5190821714173732,0.0,0.3286759877557235,0.3286759877557235,0.0,1198736.5169891356,1198736.5169891356,0.0,176069.49199034207,176069.49199034207,0.0,0.4809178285826267,0.4809178285826267,0.0
1173,2556.2458,11,2750.0,10,2500.0,250.0,False,True,0.006457523628095152,0.0,True,0.0,0.9356694368734495,0.9255488757541508,0.01012056111929871,0.2727759899111673,0.2724150209661222,0.0003609689450451148,429458.5867450804,428890.27714771294,568.309597367479,1432287.6979264359,1448956.9879293377,-16669.290002901806,0.0643305631265505,0.07445112424584927,-0.010120561119298765
1174,4872.2812,20,5000.0,19,4750.0,250.0,False,True,0.004459614683969604,0.0,True,0.0,0.6846954474196882,0.6811802369501685,0.0035152104695197472,0.2933494270974208,0.2931172885762195,0.0002321385212012972,1180596.234093675,1179661.983542617,934.2505510579795,296242.90024527366,311837.81276277604,-15594.91251750238,0.3153045525803118,0.31881976304983145,-0.0035152104695196362
1181,4323.007,18,4500.0,18,4500.0,0.0,False,False,0.004862782277108346,0.0,True,0.0,0.9640864866962511,0.9640864866962511,0.0,0.2725524871820073,0.2725524871820073,0.0,630884.1138455634,630884.1138455634,0.0,3197468.3646658505,3197468.3646658505,0.0,0.035913513303748916,0.035913513303748916,0.0
1183,4521.5957,19,4750.0,19,4750.0,0.0,False,False,0.0027768279813096264,0.0,True,0.0,0.8819606010324309,0.8819606010324309,0.0,0.2561991364034619,0.2561991364034619,0.0,675802.4994849726,675802.4994849726,0.0,1048784.8218822232,1048784.8218822232,0.0,0.1180393989675691,0.1180393989675691,0.0
1187,2777.166,12,3000.0,11,2750.0,250.0,False,True,0.005654766841615588,0.0,True,0.0,0.9790792130109408,0.9694154819348368,0.009663731076103965,0.34372056738303985,0.3433434084242194,0.000377158958820456,520444.3883439759,519873.3132258174,571.0751181584783,3610494.1498479247,3626159.545683792,-15665.395835867152,0.020920786989059147,0.030584518065163206,-0.009663731076104059
1210,3670.6975,15,3750.0,15,3750.0,0.0,False,False,0.0070373211872100105,0.0,True,0.0,0.9560561464457344,0.9560561464457344,0.0,0.2742219409987618,0.2742219409987618,0.0,525934.075088729,525934.075088729,0.0,2248073.9561029114,2248073.9561029114,0.0,0.043943853554265604,0.043943853554265604,0.0
1220,2557.8928,11,2750.0,11,2750.0,0.0,False,False,0.00902873847421859,0.0,True,0.0,0.6578248829040769,0.6578248829040769,0.0,0.31574079952954326,0.31574079952954326,0.0,802775.6052745001,802775.6052745001,0.0,524224.0088081044,524224.0088081044,0.0,0.34217511709592313,0.34217511709592313,0.0
1221,5656.703,23,5750.0,23,5750.0,0.0,False,False,0.005972801705420361,0.0,True,0.0,0.9175205306554233,0.9175205306554233,0.0,0.26375169010468963,0.26375169010468963,0.0,845695.8955380367,845695.8955380367,0.0,2313228.7444769586,2313228.7444769586,0.0,0.08247946934457669,0.08247946934457669,0.0
1235,2765.5857,12,3000.0,12,3000.0,0.0,False,False,0.00837115089503604,0.0,True,0.0,0.5189799791580937,0.5189799791580937,0.0,0.33699643696068204,0.33699643696068204,0.0,2035665.4262755145,2035665.4262755145,0.0,766220.9107859845,766220.9107859845,0.0,0.4810200208419063,0.4810200208419063,0.0
1260,4091.8438,17,4250.0,15,3750.0,500.0,False,True,0.006764197860028576,0.0,True,0.0,0.6143348176039789,0.6059128013191035,0.008422016284875378,0.3171746560673343,0.317054101762706,0.00012055430462831751,1576674.8856956218,1576075.6103725971,599.2753230247181,747213.107978323,793517.9943921682,-46304.88641384523,0.3856651823960211,0.3940871986808965,-0.008422016284875378
1270,7709.464,31,7750.0,29,7250.0,500.0,False,True,0.007347370109960005,0.0,True,0.0,0.684337974521623,0.6789195172081665,0.005418457313456582,0.29315617954677325,0.2930225157838363,0.00013366376293694193,1664347.0760580816,1663588.2215343155,758.8545237660874,241318.37981182293,273712.12312341563,-32393.743311592698,0.31566202547837696,0.32108048279183354,-0.005418457313456582
1272,7476.7666,30,7500.0,30,7500.0,0.0,False,False,0.0018019194645791936,0.0,True,0.0,0.8362525385835395,0.8362525385835395,0.0,0.26013590648498264,0.26013590648498264,0.0,1077391.8662571523,1077391.8662571523,0.0,848887.5188565184,848887.5188565184,0.0,0.16374746141646052,0.16374746141646052,0.0
1281,7155.8857,29,7250.0,28,7000.0,250.0,False,True,0.006075300278286178,0.0,True,0.0,0.822572298359968,0.8190100374785731,0.0035622608813948853,0.26592054461214804,0.2656223139262261,0.0002982306859219408,1159738.420315209,1158437.7702090465,1300.6501061625313,1040802.3377339358,1057749.1689326516,-16946.831198715838,0.17742770164003197,0.18098996252142688,-0.003562260881394913
1293,4127.744,17,4250.0,17,4250.0,0.0,False,False,0.0030898402197008235,0.0,True,0.0,0.92996486343505,0.92996486343505,0.0,0.2315663451610061,0.2315663451610061,0.0,538215.2275688988,538215.2275688988,0.0,1305814.9382409393,1305814.9382409393,0.0,0.07003513656494993,0.07003513656494993,0.0
1305,6428.407,26,6500.0,25,6250.0,250.0,False,True,0.009410301217414152,0.0,True,0.0,0.7638581498188333,0.7601658555508044,0.0036922942680288617,0.28207559505599494,0.2818351507073573,0.0002404443486376251,1165663.7279705992,1164670.103351118,993.6246194811538,695941.1203652404,712019.185603258,-16078.065238017589,0.2361418501811668,0.23983414444919562,-0.003692294268028834
1321,2746.661,11,2750.0,11,2750.0,0.0,False,False,0.0011909827263232309,0.0,True,0.0,0.9595508551899883,0.9595508551899883,0.0,0.3425208576348634,0.3425208576348634,0.0,547318.8076747354,547318.8076747354,0.0,3041465.195185611,3041465.195185611,0.0,0.04044914481001175,0.04044914481001175,0.0
1330,6575.402,27,6750.0,27,6750.0,0.0,False,False,0.003307807505559035,0.0,True,0.0,0.8733986255108196,0.8733986255108196,0.0,0.2478327175170321,0.2478327175170321,0.0,955120.3317939697,955120.3317939697,0.0,1240973.5362128457,1240973.5362128457,0.0,0.12660137448918038,0.12660137448918038,0.0
1335,3346.4143,14,3500.0,14,3500.0,0.0,False,False,0.00809229827278457,0.0,True,0.0,0.9198059599290931,0.9198059599290931,0.0,0.2879235323813191,0.2879235323813191,0.0,563268.3641748126,563268.3641748126,0.0,1817288.8228194676,1817288.8228194676,0.0,0.08019404007090697,0.08019404007090697,0.0
1340,2166.231,9,2250.0,9,2250.0,0.0,False,False,0.009156888932149165,0.0,True,0.0,0.9816808346825345,0.9816808346825345,0.0,0.3870272184584652,0.3870272184584652,0.0,585531.3021892146,585531.3021892146,0.0,4779064.914325312,4779064.914325312,0.0,0.01831916531746543,0.01831916531746543,0.0
1344,4163.2764,17,4250.0,17,4250.0,0.0,False,False,0.0017334697336207627,0.0,True,0.0,0.7509112666346807,0.7509112666346807,0.0,0.28586305059601075,0.28586305059601075,0.0,928087.2835029312,928087.2835029312,0.0,751914.145392716,751914.145392716,0.0,0.2490887333653193,0.2490887333653193,0.0
1345,3294.219,14,3500.0,13,3250.0,250.0,False,True,0.0039019937926192405,0.0,True,0.0,0.6868711194499391,0.681014287564998,0.005856831884941016,0.292052778046323,0.2916713203855649,0.00038145766075808885,719473.4605642753,718533.737733764,939.7228305112803,101451.38083891787,116383.50179557546,-14932.120956657585,0.313128880550061,0.3189857124350019,-0.005856831884940905
1351,4109.703,17,4250.0,17,4250.0,0.0,False,False,0.0010838886965823802,0.0,True,0.0,0.8605621468865694,0.8605621468865694,0.0,0.27472531182305565,0.27472531182305565,0.0,707342.3520011695,707342.3520011695,0.0,1275803.5421529734,1275803.5421529734,0.0,0.13943785311343057,0.13943785311343057,0.0
1360,2478.7124,10,2500.0,10,2500.0,0.0,False,False,0.005718533977781437,0.0,True,0.0,0.49594758914208803,0.49594758914208803,0.0,0.3444669328772276,0.3444669328772276,0.0,2000065.2919486049,2000065.2919486049,0.0,632195.5715944374,632195.5715944374,0.0,0.504052410857912,0.504052410857912,0.0
1361,5081.8955,21,5250.0,20,5000.0,250.0,False,True,0.006674960007398978,0.0,True,0.0,0.9319168554931765,0.9256631826520895,0.006253672841087021,0.2602020660574023,0.26005815755629824,0.00014390850110407305,697428.8624196362,697043.1393401147,385.72307952155825,1968425.7933526048,1986316.0064679394,-17890.21311533451,0.06808314450682347,0.07433681734791049,-0.006253672841087021
1362,6152.3867,25,6250.0,23,5750.0,500.0,False,True,0.007907253004389991,0.0,True,0.0,0.7694875083112601,0.7622194124037918,0.007268095907468353,0.283183643806401,0.2829415605271265,0.00024208327927449647,1198497.855610534,1197473.3038843474,1024.551726186648,1078030.7202359214,1111541.6470494247,-33510.92681350326,0.23051249168873988,0.2377805875962083,-0.007268095907468408
1370,6467.177,26,6500.0,27,6750.0,-250.0,True,False,0.00833804997174925,0.0,True,0.0,0.7546896130881362,0.7582165537274239,-0.0035269406392877123,0.2871847636123161,0.2871295577943653,5.52058179508208e-05,1146855.332702708,1146634.8715406437,220.46116206422448,591784.5903655627,576924.0470114311,14860.54335413163,0.24531038691186374,0.24178344627257603,0.0035269406392877123
1371,8304.255,34,8500.0,34,8500.0,0.0,False,False,0.0032154840490992154,0.0,True,0.0,0.7586230774755263,0.7586230774755263,0.0,0.2881756706148314,0.2881756706148314,0.0,1518262.4676973196,1518262.4676973196,0.0,706836.4897421327,706836.4897421327,0.0,0.2413769225244737,0.2413769225244737,0.0
1375,5644.694,23,5750.0,23,5750.0,0.0,False,False,0.0017585749065928136,0.0,True,0.0,0.8219970404942156,0.8219970404942156,0.0,0.28017095245571305,0.28017095245571305,0.0,1024098.9770779493,1024098.9770779493,0.0,1429952.8778009824,1429952.8778009824,0.0,0.17800295950578437,0.17800295950578437,0.0
1391,6017.2256,25,6250.0,24,6000.0,250.0,False,True,0.0025071111381705924,0.0,True,0.0,0.9378334344382774,0.9324762836208518,0.005357150817425604,0.24981236434990148,0.24961116662132707,0.00020119772857440932,751450.1127428142,750844.8982802944,605.2144625198562,2106428.9744898225,2123679.517296048,-17250.542806225363,0.06216656556172257,0.06752371637914828,-0.0053571508174257085
1392,5222.6064,21,5250.0,23,5750.0,-500.0,True,False,0.0016104541254340354,0.0,True,0.0,0.6867238198584077,0.6940957183498285,-0.007371898491420836,0.30246152574887886,0.3022769719476968,0.00018455380118204134,1267710.669725414,1266937.1471350032,773.5225904106628,579728.7059224192,544929.6936103397,34799.01231207955,0.3132761801415923,0.3059042816501715,0.007371898491420836
1397,5262.9697,22,5500.0,21,5250.0,250.0,False,True,0.003771343573896191,0.0,True,0.0,0.8956711039490193,0.8901269091222196,0.0055441948267996866,0.24728334617277936,0.24724421391892867,3.913225385068775e-05,751304.3577009328,751185.4648062041,118.89289472869132,1198500.0724555152,1216309.9551363713,-17809.882680856157,0.10432889605098067,0.10987309087778045,-0.005544194826799784
1412,6578.1367,27,6750.0,26,6500.0,250.0,False,True,0.0045003989837729685,0.0,True,0.0,0.7915907521733725,0.7878398565902737,0.0037508955830988233,0.26821270524909413,0.26808928082568984,0.00012342442340429471,1192461.8176312307,1191913.0781069936,548.7395242371131,677240.7243824494,695849.7045687456,-18608.98018629616,0.20840924782662745,0.21216014340972633,-0.003750895583098879
1413,2422.7268,10,2500.0,9,2250.0,250.0,False,True,0.006904358841067215,0.0,True,0.0,0.7878097052457883,0.7798310046722265,0.007978700573561759,0.29274906655101063,0.2924411330884713,0.00030793346253932263,539393.5809532314,538826.2099449777,567.3710082537727,781455.2404810572,797963.8021787014,-16508.56169764418,0.21219029475421167,0.2201689953277735,-0.007978700573561842
1420,6307.754,26,6500.0,25,6250.0,250.0,False,True,0.0011183527701812412,0.0,True,0.0,0.7641925188440815,0.7609685419353092,0.003223976908772297,0.29204563884060114,0.2917211734710071,0.00032446536959401806,1275446.4221414742,1274029.3895283511,1417.0326131230686,1225455.306204986,1241119.284637857,-15663.978432870936,0.2358074811559185,0.23903145806469084,-0.0032239769087723247
1426,2536.6672,11,2750.0,11,2750.0,0.0,False,False,0.006428328388796034,0.0,True,0.0,0.9369798896395176,0.9369798896395176,0.0,0.31013056146150547,0.31013056146150547,0.0,488895.41534084204,488895.41534084204,0.0,2008363.8711874173,2008363.8711874173,0.0,0.06302011036048244,0.06302011036048244,0.0
1427,10015.818,41,10250.0,41,10250.0,0.0,False,False,0.004757020938324419,0.0,True,0.0,0.8491843027789365,0.8491843027789365,0.0,0.2613348272934787,0.2613348272934787,0.0,1432202.7266504918,1432202.7266504918,0.0,1337664.7225519721,1337664.7225519721,0.0,0.15081569722106342,0.15081569722106342,0.0
1436,3449.1995,14,3500.0,14,3500.0,0.0,False,False,0.006967121589803615,0.0,True,0.0,0.9324848230975051,0.9324848230975051,0.0,0.2403920831396747,0.2403920831396747,0.0,489658.0027602906,489658.0027602906,0.0,1301801.9424285581,1301801.9424285581,0.0,0.06751517690249484,0.06751517690249484,0.0
1438,3601.73,15,3750.0,14,3500.0,250.0,False,True,0.008588820716482592,0.0,True,0.0,0.9709747056446233,0.9617629359860175,0.009211769658605817,0.29011139643046796,0.2900281863534971,8.321007697087435e-05,515621.5566641392,515473.66550941113,147.89115472807316,3096314.6762812743,3113746.272908533,-17431.596627258696,0.029025294355376693,0.0382370640139825,-0.009211769658605803
1469,4105.832,17,4250.0,17,4250.0,0.0,False,False,0.0020867677710135757,0.0,True,0.0,0.943191316503349,0.943191316503349,0.0,0.24779220161300797,0.24779220161300797,0.0,623834.5265135209,623834.5265135209,0.0,2013098.4017588787,2013098.4017588787,0.0,0.05680868349665097,0.05680868349665097,0.0
1479,8300.752,34,8500.0,32,8000.0,500.0,False,True,0.002280818345441027,0.0,True,0.0,0.7048337653439829,0.6987640255919194,0.0060697397520634855,0.2877735785713843,0.2876193436387227,0.00015423493266158994,1573966.6344641314,1573123.0523705864,843.5820935450029,230317.13710425212,265428.1279120745,-35110.99080782238,0.29516623465601705,0.30123597440808064,-0.0060697397520635965
1480,2094.7063,9,2250.0,8,2000.0,250.0,False,True,0.004791740570434966,0.0,True,0.0,0.6920490826309622,0.6838917178295594,0.008157364801402833,0.302585165099526,0.30212461824111975,0.0004605468584062411,517515.03476519184,516727.35595297813,787.6788122137077,269908.4750237084,284518.73516030784,-14610.26013659942,0.30795091736903774,0.31610828217044057,-0.008157364801402833
1483,3098.7854,13,3250.0,14,3500.0,-250.0,True,False,0.006292570066389391,0.0,True,0.0,0.5577039160829227,0.5630450509203874,-0.005341134837464678,0.3359078493143249,0.33563292465015904,0.00027492466416584316,1282848.0960255766,1281798.14562193,1049.950403646566,162989.6357024954,141353.76975088243,21635.86595161297,0.44229608391707737,0.43695494907961263,0.005341134837464734
1485,3953.0305,16,4000.0,16,4000.0,0.0,False,False,0.001775180609353555,0.0,True,0.0,0.5770501160489585,0.5770501160489585,0.0,0.3198946046834652,0.3198946046834652,0.0,1865305.128786599,1865305.128786599,0.0,797360.4128673857,797360.4128673857,0.0,0.4229498839510415,0.4229498839510415,0.0
1489,4266.123,18,4500.0,19,4750.0,-250.0,True,False,0.007304285886765238,0.0,True,0.0,0.6789209722628247,0.6827193390664459,-0.0037983668036212226,0.3245519612845844,0.32441886993427826,0.00013309135030614705,1217624.5091231586,1217125.1891084416,499.32001471705735,960469.7576969799,944744.9392494238,15724.818447556114,0.32107902773717534,0.3172806609335541,0.0037983668036212226
1501,3102.6184,13,3250.0,13,3250.0,0.0,False,False,0.004269220619465552,0.0,True,0.0,0.7181591103462431,0.7181591103462431,0.0,0.31483298995428216,0.31483298995428216,0.0,775354.2760263524,775354.2760263524,0.0,821527.3106891698,821527.3106891698,0.0,0.28184088965375687,0.28184088965375687,0.0
1514,2144.4128,9,2250.0,8,2000.0,250.0,False,True,0.0012568073171783656,0.0,True,0.0,0.4663449248997107,0.4597428918010873,0.006602033098623394,0.34154223145633195,0.3413112380047946,0.0002309934515373202,1378928.4746668264,1377995.8712624738,932.6034043526743,140644.6729533277,168500.18733897616,-27855.51438564845,0.5336550751002893,0.5402571081989127,-0.006602033098623394
1519,3185.2495,13,3250.0,13,3250.0,0.0,False,False,0.007834098734424422,0.0,True,0.0,0.9721965682488893,0.9721965682488893,0.0,0.3055681712033015,0.3055681712033015,0.0,531491.0827362422,531491.0827362422,0.0,3538714.8890846083,3538714.8890846083,0.0,0.027803431751110684,0.027803431751110684,0.0
1532,4923.2104,20,5000.0,20,5000.0,0.0,False,False,0.008522465023221626,0.0,True,0.0,0.6804315627975399,0.6804315627975399,0.0,0.31447944875579353,0.31447944875579353,0.0,1349706.7391059499,1349706.7391059499,0.0,1114163.7669812974,1114163.7669812974,0.0,0.31956843720246003,0.31956843720246003,0.0
1533,6441.465,26,6500.0,27,6750.0,-250.0,True,False,0.003823521998084445,0.0,True,0.0,0.8760132521868641,0.8807271463111346,-0.004713894124270479,0.24625350130552898,0.24585420569122313,0.00039929561430585014,954844.2539666437,953295.9912173519,1548.26274929184,1203295.416988918,1182498.0073852993,20797.409603618784,0.12398674781313594,0.1192728536888654,0.0047138941242705484
1534,5676.301,23,5750.0,23,5750.0,0.0,False,False,0.0066158403755528505,0.0,True,0.0,0.738336900512035,0.738336900512035,0.0,0.2888161048626056,0.2888161048626056,0.0,1020373.643085182,1020373.643085182,0.0,405751.8232724015,405751.8232724015,0.0,0.26166309948796496,0.26166309948796496,0.0
1536,2783.1504,12,3000.0,11,2750.0,250.0,False,True,0.005703031099659195,0.0,True,0.0,0.9714208419693566,0.9624840403356442,0.008936801633712466,0.28067888845514766,0.2802018939840781,0.0004769944710695806,488860.32158819155,488029.53708634933,830.7845018422231,2643996.9147040397,2661057.3472344745,-17060.432530434802,0.02857915803064342,0.03751595966435584,-0.008936801633712424
1541,3579.9883,15,3750.0,14,3500.0,250.0,False,True,0.0034889000298056194,0.0,True,0.0,0.9672370903162938,0.9591923376222461,0.008044752694047697,0.285283526123223,0.28463643108985653,0.0006470950333664627,526017.5301910829,524824.3896831963,1193.1405078865355,2622471.0690938365,2638889.328706298,-16418.259612461552,0.03276290968370621,0.04080766237775387,-0.008044752694047662
1543,10349.43,42,10500.0,42,10500.0,0.0,False,False,0.009643793817510349,0.0,True,0.0,0.8608950673959971,0.8608950673959971,0.0,0.2524100019952528,0.2524100019952528,0.0,1420362.928558432,1420362.928558432,0.0,1335560.4507726377,1335560.4507726377,0.0,0.13910493260400295,0.13910493260400295,0.0
1553,9898.451,40,10000.0,40,10000.0,0.0,False,False,0.004538059258564431,0.0,True,0.0,0.746782061737463,0.746782061737463,0.0,0.27882587765985556,0.27882587765985556,0.0,1616505.2926624627,1616505.2926624627,0.0,394271.2921054186,394271.2921054186,0.0,0.253217938262537,0.253217938262537,0.0
1558,3318.1482,14,3500.0,15,3750.0,-250.0,True,False,0.009666760674696406,0.0,True,0.0,0.7012768681890679,0.7066685672604205,-0.005391699071352618,0.3064063722049491,0.30637446763543946,3.190456950963316e-05,837055.9557242433,836968.797256452,87.15846779127605,653044.6042636371,636678.7074185461,16365.896845091018,0.29872313181093213,0.2933314327395795,0.005391699071352618
1564,4352.7046,18,4500.0,17,4250.0,250.0,False,True,0.00573490122357001,0.0,True,0.0,0.7458804503005094,0.741209058889749,0.00467139141076045,0.3014210599101576,0.30134004286323973,8.101704691787504e-05,998415.6313554907,998147.2735769295,268.3577785611851,1135833.7300654938,1153321.4316686627,-17487.701603168854,0.2541195496994905,0.258790941110251,-0.004671391410760506
1578,3423.3596,14,3500.0,14,3500.0,0.0,False,False,0.0031745841310736322,0.0,True,0.0,0.962834117656411,0.962834117656411,0.0,0.3161256831824134,0.3161256831824134,0.0,574944.4226810103,574944.4226810103,0.0,2955754.9169540694,2955754.9169540694,0.0,0.03716588234358893,0.03716588234358893,0.0
1589,5196.94,21,5250.0,21,5250.0,0.0,False,False,0.003882331833179653,0.0,True,0.0,0.9116524789721048,0.9116524789721048,0.0,0.24907092228028402,0.24907092228028402,0.0,802240.4147860543,802240.4147860543,0.0,1816198.2488740021,1816198.2488740021,0.0,0.08834752102789527,0.08834752102789527,0.0
1593,3181.1091,13,3250.0,13,3250.0,0.0,False,False,0.004081455606578577,0.0,True,0.0,0.9695961084727307,0.9695961084727307,0.0,0.29274834890831647,0.29274834890831647,0.0,569581.6800634087,569581.6800634087,0.0,3555650.3157204147,3555650.3157204147,0.0,0.030403891527269328,0.030403891527269328,0.0
1600,9578.942,39,9750.0,39,9750.0,0.0,False,False,0.005787743339828011,0.0,True,0.0,0.8183914294740788,0.8183914294740788,0.0,0.2690769340669629,0.2690769340669629,0.0,1495350.1000482375,1495350.1000482375,0.0,1295633.227263796,1295633.227263796,0.0,0.1816085705259212,0.1816085705259212,0.0
1616,7383.333,30,7500.0,30,7500.0,0.0,False,False,0.008506041907834438,0.0,True,0.0,0.905802213900666,0.905802213900666,0.0,0.24898884059683934,0.24898884059683934,0.0,912082.6237104659,912082.6237104659,0.0,1588434.674403976,1588434.674403976,0.0,0.09419778609933409,0.09419778609933409,0.0
1617,3969.8772,16,4000.0,14,3500.0,500.0,False,True,0.009007630403762401,0.0,True,0.0,0.6273312603584472,0.6185384931536464,0.008792767204800822,0.31558041494870387,0.3153482242718562,0.0002321906768476545,1435760.596324849,1434704.2246082898,1056.371716559166,790585.8071704344,836074.459459547,-45488.652289112564,0.3726687396415528,0.38146150684635355,-0.008792767204800767
1629,3468.0144,14,3500.0,14,3500.0,0.0,False,False,0.00846025920365956,0.0,True,0.0,0.5798704482733457,0.5798704482733457,0.0,0.32540842583248325,0.32540842583248325,0.0,1660727.478400012,1660727.478400012,0.0,750114.5603808378,750114.5603808378,0.0,0.4201295517266543,0.4201295517266543,0.0
1634,3485.0088,14,3500.0,14,3500.0,0.0,False,False,0.002252450227917202,0.0,True,0.0,0.9696015866640544,0.9696015866640544,0.0,0.34042162649160584,0.34042162649160584,0.0,671007.6630689343,671007.6630689343,0.0,4196778.794762008,4196778.794762008,0.0,0.030398413335945607,0.030398413335945607,0.0
1647,5305.2734,22,5500.0,21,5250.0,250.0,False,True,0.002034618176886771,0.0,True,0.0,0.7808026834459174,0.7765936354895894,0.004209047956328038,0.2831495358246974,0.2828485478752249,0.0003009879494724754,1006642.2508786274,1005572.1901912178,1070.0606874095974,885261.5103680611,901687.2171630764,-16425.706795015256,0.21919731655408264,0.2234063645104106,-0.004209047956327955
1654,9285.841,38,9500.0,37,9250.0,250.0,False,True,0.0026657936328220444,0.0,True,0.0,0.7284148662765035,0.7255691777658473,0.0028456885106562524,0.2875844730281258,0.28753410362164966,5.036940647612509e-05,1599466.7902735965,1599186.6493047324,280.14096886408515,306490.1187991637,323487.58945544605,-16997.470656282327,0.2715851337234965,0.27443082223415266,-0.0028456885106561414
1662,1333.1417,6,1500.0,6,1500.0,0.0,False,False,0.0029741807480043736,0.0,True,0.0,0.448654547133577,0.448654547133577,0.0,0.35413468800671755,0.35413468800671755,0.0,1510779.9990370455,1510779.9990370455,0.0,258154.204106326,258154.204106326,0.0,0.551345452866423,0.551345452866423,0.0
1665,3933.7273,16,4000.0,16,4000.0,0.0,False,False,0.0022829475009740197,0.0,True,0.0,0.6367491122772628,0.6367491122772628,0.0,0.3104023353404319,0.3104023353404319,0.0,1224951.107901523,1224951.107901523,0.0,355730.89629638544,355730.89629638544,0.0,0.36325088772273717,0.36325088772273717,0.0
1666,8037.503,33,8250.0,33,8250.0,0.0,False,False,0.0033589128514182054,0.0,True,0.0,0.8927927373918981,0.8927927373918981,0.0,0.2639448967796288,0.2639448967796288,0.0,1122754.4845951376,1122754.4845951376,0.0,2077359.8408559398,2077359.8408559398,0.0,0.10720726260810187,0.10720726260810187,0.0
1675,6337.8555,26,6500.0,25,6250.0,250.0,False,True,0.004303427340565991,0.0,True,0.0,0.8466803323329235,0.8427992046456401,0.0038811276872834366,0.2750194814934578,0.2748047445919976,0.00021473690146017743,1022994.4300570244,1022195.6697185618,798.76033846254,1484958.4773970973,1501050.511962694,-16092.034565596841,0.1533196676670765,0.15720079535435996,-0.0038811276872834644
1684,4115.0967,17,4250.0,15,3750.0,500.0,False,True,0.005661460478348812,0.0,True,0.0,0.4912420941026483,0.4822155597415535,0.009026534361094796,0.3476004453141849,0.34719411877391093,0.0004063265402739491,1909069.2404945104,1906837.6394994874,2231.6009950230364,209373.5048853793,261811.07983422006,-52437.574948840745,0.5087579058973517,0.5177844402584465,-0.009026534361094796
1694,3205.642,13,3250.0,12,3000.0,250.0,False,True,0.009727176859923636,0.0,True,0.0,0.6386547456910916,0.632906308639485,0.0057484370516065475,0.32113544112164705,0.3209456072240592,0.0001898338975878655,1144020.576701844,1143344.3078844333,676.2688174108043,938754.3410329159,960331.6657961961,-21577.324763280223,0.3613452543089084,0.3670936913605149,-0.005748437051606492
1697,4228.76,17,4250.0,16,4000.0,250.0,False,True,0.009420490501051648,0.0,True,0.0,0.7836280347538067,0.7788880291115886,0.004740005642218104,0.28925171013245,0.28886567142998626,0.0003860387024637313,930290.2049939805,929048.6288474258,1241.5761465546675,1339434.6845007236,1355210.5701225097,-15775.885621786118,0.21637196524619323,0.22111197088841142,-0.004740005642218187
1699,5137.115,21,5250.0,21,5250.0,0.0,False,False,0.0026516441606991847,0.0,True,0.0,0.9493237111877026,0.9493237111877026,0.0,0.25854982889076084,0.25854982889076084,0.0,762155.9925411638,762155.9925411638,0.0,2708756.942186957,2708756.942186957,0.0,0.05067628881229739,0.05067628881229739,0.0
1717,1630.4718,7,1750.0,6,1500.0,250.0,False,True,0.00311871447700518,0.0,True,0.0,0.4567350684043374,0.45189870026673007,0.00483636813760735,0.363442116523712,0.36336391750882197,7.819901489003467e-05,1643889.9245093851,1643536.221493582,353.7030158031266,662433.8751343209,686257.8277808113,-23823.95264649042,0.5432649315956626,0.5481012997332699,-0.00483636813760735
1721,2217.144,9,2250.0,8,2000.0,250.0,False,True,0.004570986352477546,0.0,True,0.0,0.5156070764253564,0.5103503203788877,0.005256756046468691,0.35400863452418896,0.35384194198668584,0.0001666925375031214,1573478.5573323441,1572737.6512982836,740.906034060521,835589.4215194322,860823.7587125793,-25234.337193147046,0.48439292357464353,0.4896496796211123,-0.005256756046468747
1723,4151.755,17,4250.0,16,4000.0,250.0,False,True,0.009528816992284805,0.0,True,0.0,0.9364629468455214,0.9285096815500444,0.007953265295477019,0.2599834689639995,0.25996735617975814,1.6112784241351097e-05,558239.7789682768,558205.1813950184,34.59757325844839,1636850.0553034064,1655498.1264267843,-18648.071123377886,0.06353705315447855,0.07149031844995551,-0.007953265295476963
1728,6006.3604,25,6250.0,24,6000.0,250.0,False,True,0.007896210467745579,0.0,True,0.0,0.9296158796284447,0.924725258686126,0.004890620942318735,0.24118225478081903,0.2407394839819831,0.0004427707988359231,738711.622367156,737355.469795143,1356.152572012972,1642465.026656751,1658977.043089526,-16512.01643277495,0.07038412037155527,0.07527474131387397,-0.0048906209423187075
1730,7115.981,29,7250.0,29,7250.0,0.0,False,False,0.006085643715012634,0.0,True,0.0,0.8914738132003903,0.8914738132003903,0.0,0.2410080631678331,0.2410080631678331,0.0,1023566.0049884282,1023566.0049884282,0.0,1605558.2879966774,1605558.2879966774,0.0,0.10852618679960968,0.10852618679960968,0.0
1732,5515.598,23,5750.0,22,5500.0,250.0,False,True,0.006110864952425188,0.0,True,0.0,0.9242418555749063,0.9186650896655655,0.005576765909340864,0.23379264331314067,0.23372752003750624,6.512327563443221e-05,703401.5741248098,703205.6406089204,195.9335158894537,1445695.0805319631,1463757.9394628427,-18062.858930879505,0.07575814442509363,0.08133491033443457,-0.005576765909340947
1739,3539.6323,15,3750.0,14,3500.0,250.0,False,True,0.00588473887637142,0.0,True,0.0,0.5641175598138384,0.5599451168352736,0.004172442978564783,0.3258876760257982,0.3257987946446817,8.888138111651234e-05,1819867.6556040444,1819371.3117328926,496.3438711517956,603690.7990269326,628489.4262796313,-24798.62725269876,0.4358824401861617,0.44005488316472635,-0.004172442978564672
1740,2391.256,10,2500.0,9,2250.0,250.0,False,True,0.006641594986492749,0.0,True,0.0,0.8273759880232712,0.8172963025636443,0.010079685459626897,0.2653324831698737,0.2652838430669673,4.864010290639431e-05,417222.24119165493,417145.7570292035,76.48416245140834,486557.5510174675,503437.055936162,-16879.504918694496,0.17262401197672883,0.18270369743635576,-0.010079685459626925
1741,5767.3994,24,6000.0,24,6000.0,0.0,False,False,0.004580614589837162,0.0,True,0.0,0.8907621250403376,0.8907621250403376,0.0,0.2319674097599794,0.2319674097599794,0.0,790091.6156507537,790091.6156507537,0.0,1008297.5463723345,1008297.5463723345,0.0,0.10923787495966239,0.10923787495966239,0.0
1744,8592.976,35,8750.0,35,8750.0,0.0,False,False,0.003889380964281597,0.0,True,0.0,0.8749573821995623,0.8749573821995623,0.0,0.2423499440817696,0.2423499440817696,0.0,1195864.1103015256,1195864.1103015256,0.0,1352460.1781001138,1352460.1781001138,0.0,0.1250426178004377,0.1250426178004377,0.0
1746,2223.01,9,2250.0,9,2250.0,0.0,False,False,0.0069621514108195726,0.0,True,0.0,0.4264170200614079,0.4264170200614079,0.0,0.34721144418649635,0.34721144418649635,0.0,1962703.4858960917,1962703.4858960917,0.0,157525.10753058313,157525.10753058313,0.0,0.5735829799385921,0.5735829799385921,0.0
1747,6629.7793,27,6750.0,26,6500.0,250.0,False,True,0.003531553457748804,0.0,True,0.0,0.888931599513593,0.883454355134628,0.005477244378965018,0.23454283385514374,0.23435905012864236,0.00018378372650137975,787146.8524383213,786530.0577170027,616.7947213186417,1061524.317141338,1081191.9541898647,-19667.637048526667,0.11106840048640695,0.116545644865372,-0.005477244378965046
1751,5555.3506,23,5750.0,23,5750.0,0.0,False,False,0.0026282065138047983,0.0,True,0.0,0.7109254382545517,0.7109254382545517,0.0,0.2942263524267964,0.2942263524267964,0.0,1319351.52039193,1319351.52039193,0.0,547755.344429653,547755.344429653,0.0,0.2890745617454483,0.2890745617454483,0.0
1767,5136.784,21,5250.0,21,5250.0,0.0,False,False,0.003821369563580368,0.0,True,0.0,0.9090790203343954,0.9090790203343954,0.0,0.2376875213986286,0.2376875213986286,0.0,680709.9008821558,680709.9008821558,0.0,1211232.4223251804,1211232.4223251804,0.0,0.09092097966560465,0.09092097966560465,0.0
1770,6654.6006,27,6750.0,27,6750.0,0.0,False,False,0.0026111314053689494,0.0,True,0.0,0.6565471642622795,0.6565471642622795,0.0,0.30699212600972914,0.30699212600972914,0.0,1748134.2657662786,1748134.2657662786,0.0,368193.26233509614,368193.26233509614,0.0,0.3434528357377204,0.3434528357377204,0.0
1773,8948.996,36,9000.0,37,9250.0,-250.0,True,False,0.007582529253835624,0.0,True,0.0,0.8506983664532684,0.8541467920261733,-0.003448425572904923,0.2400281311507259,0.2400049227641928,2.320838653310786e-05,1239182.9651534029,1239063.1482090196,119.8169443833176,853320.5403738051,834788.2888906578,18532.251483147265,0.1493016335467317,0.1458532079738267,0.003448425572905006
1786,3265.755,14,3500.0,13,3250.0,250.0,False,True,0.008045626243531445,0.0,True,0.0,0.9660123668984384,0.9583896025259171,0.007622764372521296,0.26310610793991374,0.26213922454100436,0.0009668833989093795,455100.3758710222,453427.93655856204,1672.4393124601338,2116003.1047895546,2130582.1486975444,-14579.043907989748,0.03398763310156156,0.041610397474082926,-0.007622764372521365
1788,3385.9055,14,3500.0,14,3500.0,0.0,False,False,0.0012526288171575972,0.0,True,0.0,0.9318201976624039,0.9318201976624039,0.0,0.2922468846780131,0.2922468846780131,0.0,577453.9086635453,577453.9086635453,0.0,2064208.49124008,2064208.49124008,0.0,0.06817980233759617,0.06817980233759617,0.0
1807,6367.3115,26,6500.0,26,6500.0,0.0,False,False,0.0016102517480304224,0.0,True,0.0,0.9216381667791165,0.9216381667791165,0.0,0.26338922462788916,0.26338922462788916,0.0,856489.7998533006,856489.7998533006,0.0,2216431.835449646,2216431.835449646,0.0,0.0783618332208835,0.0783618332208835,0.0
1808,3925.6375,16,4000.0,16,4000.0,0.0,False,False,0.005188879593401197,0.0,True,0.0,0.7811056073638087,0.7811056073638087,0.0,0.2990258521836124,0.2990258521836124,0.0,869464.1371208617,869464.1371208617,0.0,1372548.112715933,1372548.112715933,0.0,0.21889439263619123,0.21889439263619123,0.0
1813,2728.8,11,2750.0,11,2750.0,0.0,False,False,0.0010370060785992452,0.0,True,0.0,0.956847088983399,0.956847088983399,0.0,0.29664788525885366,0.29664788525885366,0.0,492173.1960859485,492173.1960859485,0.0,2353018.0646907035,2353018.0646907035,0.0,0.04315291101660105,0.04315291101660105,0.0
1815,4358.9775,18,4500.0,18,4500.0,0.0,False,False,0.00782465826342238,0.0,True,0.0,0.8341122763960568,0.8341122763960568,0.0,0.25148870192404227,0.25148870192404227,0.0,589730.4791416164,589730.4791416164,0.0,313915.5188484333,313915.5188484333,0.0,0.16588772360394322,0.16588772360394322,0.0
1822,7364.4854,30,7500.0,30,7500.0,0.0,False,False,0.007228645795536615,0.0,True,0.0,0.8634279064736844,0.8634279064736844,0.0,0.24583455311133368,0.24583455311133368,0.0,966195.0938276973,966195.0938276973,0.0,878182.8795288396,878182.8795288396,0.0,0.1365720935263156,0.1365720935263156,0.0
1831,5961.334,24,6000.0,24,6000.0,0.0,False,False,0.0038420889829096083,0.0,True,0.0,0.9182337843445014,0.9182337843445014,0.0,0.2285135306523848,0.2285135306523848,0.0,754131.5578010834,754131.5578010834,0.0,1460770.5716372253,1460770.5716372253,0.0,0.08176621565549859,0.08176621565549859,0.0
1833,2956.4587,12,3000.0,12,3000.0,0.0,False,False,0.004603469550468198,0.0,True,0.0,0.9597007841765545,0.9597007841765545,0.0,0.27011060864189845,0.27011060864189845,0.0,413685.39239278884,413685.39239278884,0.0,1926801.244153657,1926801.244153657,0.0,0.040299215823445554,0.040299215823445554,0.0
1835,4145.956,17,4250.0,17,4250.0,0.0,False,False,0.002115234952319245,0.0,True,0.0,0.9517794854270393,0.9517794854270393,0.0,0.24495559742964185,0.24495559742964185,0.0,542582.912336105,542582.912336105,0.0,2031320.455751279,2031320.455751279,0.0,0.048220514572960685,0.048220514572960685,0.0
1849,1914.5372,8,2000.0,7,1750.0,250.0,False,True,0.001955902934126841,0.0,True,0.0,0.5836992930811165,0.5754872323868806,0.008212060694235856,0.3220126035118144,0.32185040920637537,0.0001621943054390118,874451.2505942824,874010.7988489667,440.45174531568773,289191.6858332119,313133.5919762793,-23941.906143067405,0.4163007069188836,0.4245127676131194,-0.008212060694235801
1859,6385.5186,26,6500.0,24,6000.0,500.0,False,True,0.004315687629947607,0.0,True,0.0,0.938684584593124,0.9287838941076613,0.009900690485462715,0.24499222734542692,0.24482049475621254,0.0001717325892143795,839829.9940925434,839241.2971328555,588.6969596878625,2386527.952828842,2422321.7590945736,-35793.80626573134,0.061315415406876,0.07121610589233872,-0.009900690485462715
1860,8938.19,36,9000.0,36,9000.0,0.0,False,False,0.001955144630052752,0.0,True,0.0,0.8817314371195513,0.8817314371195513,0.0,0.2387830038878545,0.2387830038878545,0.0,1079519.965233435,1079519.965233435,0.0,1092068.7451869403,1092068.7451869403,0.0,0.1182685628804487,0.1182685628804487,0.0
1862,8085.875,33,8250.0,32,8000.0,250.0,False,True,0.002735370059199549,0.0,True,0.0,0.7506824514008292,0.7480405314160632,0.002641919984766039,0.2772704180134836,0.27692865975681064,0.000341758256672986,1553826.8258927949,1551911.6084275008,1915.2174652940594,464503.9398163798,479852.1185351268,-15348.178718746989,0.2493175485991708,0.25195946858393675,-0.002641919984765956
1864,7917.1274,32,8000.0,31,7750.0,250.0,False,True,0.006597029219315598,0.0,True,0.0,0.7298655991227233,0.727324577853838,0.002541021268885335,0.28567874529245885,0.28546527102252656,0.00021347426993229002,1609766.9022803935,1608563.9992997264,1202.9029806670733,468838.4841644014,483742.51428252895,-14904.030118127528,0.2701344008772767,0.2726754221461621,-0.0025410212688853906
1870,4853.565,20,5000.0,20,5000.0,0.0,False,False,0.004529176241482635,0.0,True,0.0,0.8585982472859417,0.8585982472859417,0.0,0.2602894056866935,0.2602894056866935,0.0,690656.0748490043,690656.0748490043,0.0,834285.7977388229,834285.7977388229,0.0,0.14140175271405836,0.14140175271405836,0.0
1871,3352.701,14,3500.0,14,3500.0,0.0,False,False,0.00598268450510564,0.0,True,0.0,0.9707283336719483,0.9707283336719483,0.0,0.28668390551656214,0.28668390551656214,0.0,543157.4320617955,543157.4320617955,0.0,3098537.4904118637,3098537.4904118637,0.0,0.02927166632805163,0.02927166632805163,0.0
1872,4722.6226,19,4750.0,18,4500.0,250.0,False,True,0.0070602965837087694,0.0,True,0.0,0.8792393115574051,0.8734378757839283,0.005801435773476804,0.2808869103281117,0.2807480161110593,0.0001388942170523766,773795.6917667376,773413.0618085067,382.6299582308857,1728907.274137927,1745504.2851386955,-16597.011000768514,0.12076068844259487,0.12656212421607171,-0.005801435773476846
1874,2964.9807,12,3000.0,12,3000.0,0.0,False,False,0.0095977282018882,0.0,True,0.0,0.9673373507896625,0.9673373507896625,0.0,0.295055215398317,0.295055215398317,0.0,507271.0299825465,507271.0299825465,0.0,2907928.105728347,2907928.105728347,0.0,0.03266264921033742,0.03266264921033742,0.0
1886,6955.1543,28,7000.0,29,7250.0,-250.0,True,False,0.009376806984604746,0.0,True,0.0,0.8711696115718685,0.8753185621871198,-0.0041489506152513345,0.2621497016703253,0.2620737425470573,7.595912326802123e-05,1004147.9431310613,1003856.9864871833,290.9566438780166,1471555.326731813,1455005.662838515,16549.663893298013,0.12883038842813152,0.12468143781288016,0.004148950615251362
1894,8734.738,35,8750.0,36,9000.0,-250.0,True,False,0.0033879540918195783,0.0,True,0.0,0.8649497074398947,0.8681829331318149,-0.003233225691920194,0.24066639319746036,0.24042697734238516,0.00023941585507519791,1210482.2875459706,1209278.0951031628,1204.1924428078346,1111884.7903656163,1094248.8421910955,17635.94817452086,0.13505029256010528,0.13181706686818503,0.0032332256919202496
1897,6446.7246,26,6500.0,26,6500.0,0.0,False,False,0.009759086230881175,0.0,True,0.0,0.8559619161587768,0.8559619161587768,0.0,0.2513258417828612,0.2513258417828612,0.0,819676.8723853782,819676.8723853782,0.0,584921.5544956226,584921.5544956226,0.0,0.14403808384122316,0.14403808384122316,0.0
1905,635.1617,3,750.0,3,750.0,0.0,False,False,0.0067362109523579905,0.0,True,0.0,0.3885629293606815,0.3885629293606815,0.0,0.3797388989033287,0.3797388989033287,0.0,1081515.4333403585,1081515.4333403585,0.0,87498.78357294259,87498.78357294259,0.0,0.6114370706393185,0.6114370706393185,0.0
1907,1384.0659,6,1500.0,5,1250.0,250.0,False,True,0.002392561079232358,0.0,True,0.0,0.4879412004003033,0.4797644575886716,0.008176742811631721,0.34211898902898036,0.3420068539110525,0.00011213511792784736,1129829.6440778226,1129459.323854626,370.3202231966425,209645.61168035163,237513.53039129428,-27867.918710942642,0.5120587995996967,0.5202355424113284,-0.008176742811631721
1912,2950.4119,12,3000.0,12,3000.0,0.0,False,False,0.005275046602644773,0.0,True,0.0,0.9679152642573184,0.9679152642573184,0.0,0.34376676549318647,0.34376676549318647,0.0,579746.2803959148,579746.2803959148,0.0,3376182.588177624,3376182.588177624,0.0,0.032084735742681544,0.032084735742681544,0.0
1918,6005.3584,25,6250.0,25,6250.0,0.0,False,False,0.009759190195390954,0.0,True,0.0,0.6812610119215523,0.6812610119215523,0.0,0.30355874077367573,0.30355874077367573,0.0,1487421.7183589838,1487421.7183589838,0.0,493609.1240696869,493609.1240696869,0.0,0.31873898807844764,0.31873898807844764,0.0
1919,9765.715,40,10000.0,40,10000.0,0.0,False,False,0.005352441213220205,0.0,True,0.0,0.8736442901235548,0.8736442901235548,0.0,0.25635211484306014,0.25635211484306014,0.0,1175346.836751534,1175346.836751534,0.0,1050997.195839644,1050997.195839644,0.0,0.12635570987644515,0.12635570987644515,0.0
1926,5854.726,24,6000.0,23,5750.0,250.0,False,True,0.0016518954753219628,0.0,True,0.0,0.9251413161959691,0.9202932118748747,0.004848104321094393,0.23909467469018655,0.23889352831987778,0.00020114637030876903,819525.1245286091,818835.6716815752,689.4528470338555,1831777.9513180992,1849356.8767405802,-17578.92542248103,0.07485868380403092,0.07970678812512534,-0.004848104321094421
1934,3159.0745,13,3250.0,13,3250.0,0.0,False,False,0.001768393093207976,0.0,True,0.0,0.9630174558543863,0.9630174558543863,0.0,0.2918408533963438,0.2918408533963438,0.0,503726.6320869274,503726.6320869274,0.0,2474447.2495299033,2474447.2495299033,0.0,0.03698254414561373,0.03698254414561373,0.0
1941,7226.245,29,7250.0,29,7250.0,0.0,False,False,0.009663125208709378,0.0,True,0.0,0.8970429970747739,0.8970429970747739,0.0,0.25249419891671837,0.25249419891671837,0.0,1031261.9239293697,1031261.9239293697,0.0,1906614.631509853,1906614.631509853,0.0,0.10295700292522617,0.10295700292522617,0.0
1946,2482.0706,10,2500.0,10,2500.0,0.0,False,False,0.007210787208021152,0.0,True,0.0,0.9283140850046013,0.9283140850046013,0.0,0.31770786227789055,0.31770786227789055,0.0,520824.5087259706,520824.5087259706,0.0,2184655.0332897273,2184655.0332897273,0.0,0.07168591499539863,0.07168591499539863,0.0
1954,3504.9583,15,3750.0,14,3500.0,250.0,False,True,0.003680084832389796,0.0,True,0.0,0.9498158235177806,0.943051062946177,0.006764760571603579,0.2816694483323013,0.2807769500197581,0.0008924983125431774,575480.8036099512,573657.3341170265,1823.4694929246325,2234768.515668516,2249895.522406305,-15127.00673778914,0.050184176482219386,0.05694893705382299,-0.006764760571603606
1957,6240.7197,25,6250.0,25,6250.0,0.0,False,False,0.0012756210889386388,0.0,True,0.0,0.9323178047225175,0.9323178047225175,0.0,0.24521668265815175,0.24521668265815175,0.0,741631.1471872975,741631.1471872975,0.0,1934385.9110774654,1934385.9110774654,0.0,0.06768219527748258,0.06768219527748258,0.0
1962,2734.9602,11,2750.0,11,2750.0,0.0,False,False,0.0073499172849668115,0.0,True,0.0,0.970609979737162,0.970609979737162,0.0,0.3017891240908446,0.3017891240908446,0.0,535863.2955100911,535863.2955100911,0.0,3204075.596118374,3204075.596118374,0.0,0.02939002026283799,0.02939002026283799,0.0
1965,4778.0137,20,5000.0,21,5250.0,-250.0,True,False,0.0064616872033683714,0.0,True,0.0,0.6953592810696214,0.6990965505516288,-0.003737269482007366,0.31268921759945056,0.3125835877412475,0.00010562985820306015,1254180.6297293338,1253756.9537129481,423.676016385667,1008450.3553761204,991955.359134922,16494.996241198387,0.30464071893037853,0.3009034494483712,0.0037372694820073105
1971,4681.156,19,4750.0,19,4750.0,0.0,False,False,0.008239485387668832,0.0,True,0.0,0.8113497416579367,0.8113497416579367,0.0,0.2650015946544511,0.2650015946544511,0.0,845392.0633417809,845392.0633417809,0.0,784191.2240168235,784191.2240168235,0.0,0.18865025834206334,0.18865025834206334,0.0
1972,4901.755,20,5000.0,20,5000.0,0.0,False,False,0.009368477421018429,0.0,True,0.0,0.7841232353590614,0.7841232353590614,0.0,0.2714102839323641,0.2714102839323641,0.0,843240.2753191453,843240.2753191453,0.0,386686.7256161866,386686.7256161866,0.0,0.21587676464093863,0.21587676464093863,0.0
1973,3516.8533,15,3750.0,14,3500.0,250.0,False,True,0.0071348446714609715,0.0,True,0.0,0.4787487878530844,0.4743687404932172,0.00438004735986719,0.3402334072383688,0.34012443849837404,0.00010896873999477474,1964749.38755786,1964120.1246441873,629.2629136727192,187539.08663823124,214179.05711495376,-26639.97047672252,0.5212512121469156,0.5256312595067828,-0.00438004735986719
1978,3129.6648,13,3250.0,13,3250.0,0.0,False,False,0.007879117370491184,0.0,True,0.0,0.8707700958384282,0.8707700958384282,0.0,0.2768814616301506,0.2768814616301506,0.0,572017.2459921626,572017.2459921626,0.0,1230375.27275682,1230375.27275682,0.0,0.1292299041615718,0.1292299041615718,0.0
1988,822.82605,4,1000.0,3,750.0,250.0,False,True,0.007911129521282034,0.0,True,0.0,0.3410385804372047,0.33765496196899814,0.0033836184682065618,0.38883156099186456,0.38872370994687444,0.00010785104499011489,2022529.0759634469,2021968.0827307752,560.9932326716371,233216.34573132772,253010.12776558477,-19793.78203425705,0.6589614195627953,0.6623450380310019,-0.0033836184682065618
2011,6623.461,27,6750.0,27,6750.0,0.0,False,False,0.006955217241084832,0.0,True,0.0,0.8947658224471974,0.8947658224471974,0.0,0.2337590313128271,0.2337590313128271,0.0,894204.7768885358,894204.7768885358,0.0,1241117.349382881,1241117.349382881,0.0,0.10523417755280264,0.10523417755280264,0.0
2018,7635.828,31,7750.0,30,7500.0,250.0,False,True,0.0032824586002762057,0.0,True,0.0,0.9133738772595228,0.9091910993262148,0.004182777933308013,0.23350825544819803,0.23333049451213628,0.00017776093606175492,972543.4839210217,971803.1236295591,740.3602914626244,1711907.4009404387,1731370.7286075219,-19463.327667083126,0.08662612274047725,0.09080890067378519,-0.0041827779333079435
2021,2558.4412,11,2750.0,10,2500.0,250.0,False,True,0.004061816059558798,0.0,True,0.0,0.9761527556796004,0.9668420314141923,0.009310724265408021,0.3448269001236088,0.34427336244604984,0.0005535376775589462,517321.7462807422,516491.30910230766,830.4371784345713,3162459.1963465447,3178092.961297771,-15633.764951226301,0.023847244320399592,0.03315796858580772,-0.009310724265408125
2022,4192.7197,17,4250.0,17,4250.0,0.0,False,False,0.002717150460816442,0.0,True,0.0,0.9415145531606053,0.9415145531606053,0.0,0.24333596959086162,0.24333596959086162,0.0,529093.5907493948,529093.5907493948,0.0,1867381.6984352192,1867381.6984352192,0.0,0.05848544683939474,0.05848544683939474,0.0
2024,3835.3298,16,4000.0,15,3750.0,250.0,False,True,0.008923010916087604,0.0,True,0.0,0.8285799251543151,0.8225134952593337,0.006066429894981407,0.27369373268883673,0.27351939026116184,0.0001743424276748895,673318.7276102637,672889.8247617503,428.9028485134477,877181.2377018908,893580.2571278345,-16399.019425943727,0.17142007484568494,0.17748650474066627,-0.006066429894981323
2052,835.0941,4,1000.0,3,750.0,250.0,False,True,0.009625011956513219,0.0,True,0.0,0.3580080879841455,0.3541841347359862,0.0038239532481593175,0.39190623919260525,0.3916634757022169,0.00024276349038837575,1856422.0776376033,1855272.1303845823,1149.947253020946,147864.7026484126,168420.07616447686,-20555.373516064254,0.6419919120158545,0.6458158652640138,-0.0038239532481593175
2057,2962.989,12,3000.0,12,3000.0,0.0,False,False,0.006102497589224765,0.0,True,0.0,0.9636064555868499,0.9636064555868499,0.0,0.3119759822753476,0.3119759822753476,0.0,553484.0634891209,553484.0634891209,0.0,3007097.5331350947,3007097.5331350947,0.0,0.03639354441315009,0.03639354441315009,0.0
2063,5963.2637,24,6000.0,24,6000.0,0.0,False,False,0.0034567731130817902,0.0,True,0.0,0.7757942246450256,0.7757942246450256,0.0,0.27142854974425473,0.27142854974425473,0.0,977543.1851670728,977543.1851670728,0.0,383296.08852451027,383296.08852451027,0.0,0.2242057753549744,0.2242057753549744,0.0
2092,7920.8975,32,8000.0,31,7750.0,250.0,False,True,0.006343337410655181,0.0,True,0.0,0.9190978822313972,0.9147506617481772,0.0043472204832200045,0.24192779948794668,0.24181934228073612,0.00010845720721056051,897324.9109909601,896922.636618141,402.2743728191126,1585251.9519373039,1601998.5254785272,-16746.573541223304,0.08090211776860277,0.08524933825182283,-0.00434722048322006
2101,3093.1897,13,3250.0,13,3250.0,0.0,False,False,0.002478988945479599,0.0,True,0.0,0.9281788492664809,0.9281788492664809,0.0,0.24678428407666408,0.24678428407666408,0.0,399075.9007025115,399075.9007025115,0.0,951063.3825746796,951063.3825746796,0.0,0.07182115073351908,0.07182115073351908,0.0
2104,5135.0024,21,5250.0,20,5000.0,250.0,False,True,0.0064936132510812206,0.0,True,0.0,0.9532496932860403,0.9475633685908611,0.005686324695179157,0.2722081278595096,0.271776741463591,0.0004313863959186093,790028.4925391588,788776.4816357761,1252.0109033826739,3218169.6841367087,3236390.5194331184,-18220.83529640967,0.046750306713959716,0.05243663140913892,-0.005686324695179205
2107,2508.6638,11,2750.0,10,2500.0,250.0,False,True,0.0027853994116839864,0.0,True,0.0,0.9818669708208576,0.9736265291639995,0.00824044165685811,0.31977495958151064,0.3186892283668891,0.0010857312146215214,525613.8525692682,523829.2370155089,1784.6155537593295,3599975.370564172,3614705.2949762633,-14729.924412091263,0.01813302917914234,0.026373470836000536,-0.008240441656858197
2117,4588.1533,19,4750.0,19,4750.0,0.0,False,False,0.0049390703838512184,0.0,True,0.0,0.8527441613838707,0.8527441613838707,0.0,0.252972624620937,0.252972624620937,0.0,575937.7953068212,575937.7953068212,0.0,408940.3246083703,408940.3246083703,0.0,0.14725583861612931,0.14725583861612931,0.0
2131,4943.261,20,5000.0,20,5000.0,0.0,False,False,0.005609203703819232,0.0,True,0.0,0.9505762552122671,0.9505762552122671,0.0,0.2508985725526005,0.2508985725526005,0.0,715747.6308816199,715747.6308816199,0.0,2763149.9003803497,2763149.9003803497,0.0,0.049423744787732975,0.049423744787732975,0.0
2138,2426.28,10,2500.0,9,2250.0,250.0,False,True,0.003664182709756436,0.0,True,0.0,0.5094146560370527,0.5022511985497098,0.007163457487342928,0.33789982882969477,0.3377345038005239,0.00016532502917088188,1151518.364580451,1150954.9585323497,563.406048101373,153964.36101082937,180641.83525117274,-26677.474240343377,0.49058534396294723,0.49774880145029027,-0.007163457487343039
2157,4398.5327,18,4500.0,18,4500.0,0.0,False,False,0.0058578136129000535,0.0,True,0.0,0.9548476468011944,0.9548476468011944,0.0,0.2498569297300441,0.2498569297300441,0.0,588671.7078617252,588671.7078617252,0.0,2334573.602282036,2334573.602282036,0.0,0.04515235319880565,0.04515235319880565,0.0
2164,3233.785,13,3250.0,13,3250.0,0.0,False,False,0.00932707905314123,0.0,True,0.0,0.9501691405974945,0.9501691405974945,0.0,0.25722191406756933,0.25722191406756933,0.0,472968.424225865,472968.424225865,0.0,1808665.8721647486,1808665.8721647486,0.0,0.04983085940250551,0.04983085940250551,0.0
2167,3295.871,14,3500.0,13,3250.0,250.0,False,True,0.001480056358784454,0.0,True,0.0,0.7787278220648443,0.7717575776996245,0.006970244365219758,0.26822426636503427,0.2681216034395884,0.0001026629254458622,568439.5553372612,568221.9849120311,217.5704252300784,194842.45484253136,210826.99452474742,-15984.53968221607,0.22127217793515572,0.22824242230037547,-0.006970244365219758
2170,5363.825,22,5500.0,23,5750.0,-250.0,True,False,0.005672797059666834,0.0,True,0.0,0.7128432502952882,0.7161282602239338,-0.0032850099286456658,0.29851373754382476,0.2982588000240241,0.0002549375198006576,1292062.0953185267,1290958.644908776,1103.450409750687,673112.4046622687,657691.1611566583,15421.243505610386,0.28715674970471183,0.2838717397760662,0.0032850099286456103
2173,6017.6895,25,6250.0,25,6250.0,0.0,False,False,0.006329669829378215,0.0,True,0.0,0.8822149907191105,0.8822149907191105,0.0,0.24190948708449944,0.24190948708449944,0.0,835747.4306495455,835747.4306495455,0.0,1000137.7683528926,1000137.7683528926,0.0,0.11778500928088953,0.11778500928088953,0.0
2174,5488.841,22,5500.0,22,5500.0,0.0,False,False,0.0053378483215336114,0.0,True,0.0,0.8908950407719983,0.8908950407719983,0.0,0.23475672630038705,0.23475672630038705,0.0,658854.1154180095,658854.1154180095,0.0,822111.1327994305,822111.1327994305,0.0,0.10910495922800166,0.10910495922800166,0.0
2181,4405.3955,18,4500.0,18,4500.0,0.0,False,False,0.007907939852498824,0.0,True,0.0,0.7154953487823952,0.7154953487823952,0.0,0.3008139958875864,0.3008139958875864,0.0,1066228.7555152515,1066228.7555152515,0.0,872422.9796231238,872422.9796231238,0.0,0.2845046512176049,0.2845046512176049,0.0
2191,5694.7935,23,5750.0,23,5750.0,0.0,False,False,0.0037979266410199664,0.0,True,0.0,0.7590532189142489,0.7590532189142489,0.0,0.27874018387944016,0.27874018387944016,0.0,987159.2114569906,987159.2114569906,0.0,382238.897389114,382238.897389114,0.0,0.2409467810857511,0.2409467810857511,0.0
2201,5753.4336,24,6000.0,23,5750.0,250.0,False,True,0.004518766536416807,0.0,True,0.0,0.7914235990334987,0.787655317117638,0.0037682819158606495,0.27677284174798317,0.27657444440475076,0.00019839734323240377,1110973.8022617532,1110177.4298670576,796.3723946956452,1032486.6698627842,1048846.5222356583,-16359.85237287404,0.2085764009665013,0.21234468288236197,-0.0037682819158606773
2210,2881.1697,12,3000.0,12,3000.0,0.0,False,False,0.004726674187743973,0.0,True,0.0,0.9785332453274876,0.9785332453274876,0.0,0.34476112502124756,0.34476112502124756,0.0,620050.759034059,620050.759034059,0.0,4213554.057340963,4213554.057340963,0.0,0.021466754672512356,0.021466754672512356,0.0
2213,2396.2078,10,2500.0,9,2250.0,250.0,False,True,0.0012580651412683608,0.0,True,0.0,0.8979234722329611,0.8872045333401206,0.01071893889284048,0.2649443224559793,0.26457586917784004,0.0003684532781392802,398153.51344095136,397599.8085497874,553.7048911639722,913278.264359189,930818.1787942192,-17539.914435030194,0.10207652776703892,0.11279546665987944,-0.010718938892840521
2215,5539.374,23,5750.0,23,5750.0,0.0,False,False,0.007068052925429225,0.0,True,0.0,0.8943925956557133,0.8943925956557133,0.0,0.22930588625807302,0.22930588625807302,0.0,743147.609344682,743147.609344682,0.0,939014.6642013539,939014.6642013539,0.0,0.10560740434428671,0.10560740434428671,0.0
2220,4411.0557,18,4500.0,18,4500.0,0.0,False,False,0.009944273002898019,0.0,True,0.0,0.9380689574389921,0.9380689574389921,0.0,0.25836515567893037,0.25836515567893037,0.0,656918.4614712237,656918.4614712237,0.0,2131894.302539356,2131894.302539356,0.0,0.06193104256100795,0.06193104256100795,0.0
2238,4399.504,18,4500.0,18,4500.0,0.0,False,False,0.0018909702208094181,0.0,True,0.0,0.9586820234217662,0.9586820234217662,0.0,0.25839938762156167,0.25839938762156167,0.0,611063.3718169256,611063.3718169256,0.0,2714137.490248662,2714137.490248662,0.0,0.04131797657823373,0.04131797657823373,0.0
2244,5802.3486,24,6000.0,23,5750.0,250.0,False,True,0.006593175572644827,0.0,True,0.0,0.9151176957014462,0.909861092199933,0.005256603501513135,0.2442612077062555,0.24417149080093173,8.971690532377785e-05,739453.7580206172,739182.1573705482,271.60065006895456,1359159.523963142,1376993.0057240261,-17833.48176088417,0.08488230429855376,0.0901389078000669,-0.005256603501513149
2245,3183.027,13,3250.0,13,3250.0,0.0,False,False,0.005847883615959781,0.0,True,0.0,0.9368447034896458,0.9368447034896458,0.0,0.30399636713944467,0.30399636713944467,0.0,527535.7516483676,527535.7516483676,0.0,2019449.9781087535,2019449.9781087535,0.0,0.06315529651035422,0.06315529651035422,0.0
2251,4226.511,17,4250.0,17,4250.0,0.0,False,False,0.00608303070754479,0.0,True,0.0,0.9639932524856585,0.9639932524856585,0.0,0.31395601771812676,0.31395601771812676,0.0,726912.7692766042,726912.7692766042,0.0,3996539.7958771028,3996539.7958771028,0.0,0.0360067475143415,0.0360067475143415,0.0
2275,2880.067,12,3000.0,12,3000.0,0.0,False,False,0.005028720972458212,0.0,True,0.0,0.9649432113307612,0.9649432113307612,0.0,0.2666389470443542,0.2666389470443542,0.0,468250.5810280373,468250.5810280373,0.0,2228364.1812218344,2228364.1812218344,0.0,0.03505678866923875,0.03505678866923875,0.0
2276,3116.1013,13,3250.0,12,3000.0,250.0,False,True,0.005265094133465764,0.0,True,0.0,0.9759044902068598,0.9676737785108603,0.008230711695999426,0.30862493258251134,0.30857890143275973,4.603114975160194e-05,616328.0923562367,616236.1675383745,91.92481786210556,3831574.1317082485,3849257.091201826,-17682.95949357748,0.02409550979314019,0.032326221489139696,-0.008230711695999506
2287,2954.9058,12,3000.0,12,3000.0,0.0,False,False,0.008985590448012393,0.0,True,0.0,0.8375057596811589,0.8375057596811589,0.0,0.3106887011334105,0.3106887011334105,0.0,664536.5612983126,664536.5612983126,0.0,1762135.2404116713,1762135.2404116713,0.0,0.1624942403188411,0.1624942403188411,0.0
2292,3379.0232,14,3500.0,13,3250.0,250.0,False,True,0.0044836388904200275,0.0,True,0.0,0.8802131239548339,0.8725922313062506,0.007620892648583233,0.2877303440397151,0.2870264722870676,0.0007038717526474669,561610.5094630865,560236.6475059115,1373.8619571749587,1265974.2288192967,1281812.5479443143,-15838.319125017617,0.11978687604516615,0.12740776869374937,-0.007620892648583219
2295,7125.591,29,7250.0,29,7250.0,0.0,False,False,0.0031305220320664295,0.0,True,0.0,0.6945676945996131,0.6945676945996131,0.0,0.30270224983676264,0.30270224983676264,0.0,1737038.932659328,1737038.932659328,0.0,924418.3561101262,924418.3561101262,0.0,0.3054323054003869,0.3054323054003869,0.0
2297,4401.727,18,4500.0,18,4500.0,0.0,False,False,0.006371621428350793,0.0,True,0.0,0.896112141618281,0.896112141618281,0.0,0.22708589430247303,0.22708589430247303,0.0,569660.5730372954,569660.5730372954,0.0,726985.5148668536,726985.5148668536,0.0,0.10388785838171896,0.10388785838171896,0.0
2304,6307.281,26,6500.0,25,6250.0,250.0,False,True,0.006053237645344156,0.0,True,0.0,0.7470989623892763,0.7437930590106967,0.003305903378579611,0.2832349826852694,0.28306541914568645,0.0001695635395829731,1189524.709450939,1188812.579832473,712.1296184659004,387881.7484057237,403463.97313140146,-15582.224725677748,0.2529010376107237,0.25620694098930336,-0.0033059033785796665
2305,4376.9697,18,4500.0,17,4250.0,250.0,False,True,0.008965286546791962,0.0,True,0.0,0.9343784232374459,0.9281744433992618,0.006203979838184104,0.2726417914755007,0.27251784529809536,0.00012394617740535407,723193.3843112868,722864.6120602496,328.7722510372987,2421196.575305509,2439396.146016458,-18199.570710949134,0.06562157676255406,0.07182555660073825,-0.006203979838184187
2307,5514.585,23,5750.0,23,5750.0,0.0,False,False,0.006345528617368035,0.0,True,0.0,0.8909330852414935,0.8909330852414935,0.0,0.2486598644118819,0.2486598644118819,0.0,796293.9794360604,796293.9794360604,0.0,1246434.8757594563,1246434.8757594563,0.0,0.1090669147585065,0.1090669147585065,0.0
2312,7517.5264,31,7750.0,31,7750.0,0.0,False,False,0.007522863927106771,0.0,True,0.0,0.834313794709568,0.834313794709568,0.0,0.26196057113142285,0.26196057113142285,0.0,1029067.0582196581,1029067.0582196581,0.0,609251.4879833565,609251.4879833565,0.0,0.16568620529043201,0.16568620529043201,0.0
2313,2787.5662,12,3000.0,11,2750.0,250.0,False,True,0.0038577588284022246,0.0,True,0.0,0.9779634751844716,0.9687980387459532,0.009165436438518415,0.29685907485082413,0.2959470019962624,0.0009120728545617407,465804.4430954152,464373.3007653548,1431.1423300603637,2970344.2978721512,2985584.356058056,-15240.058185904752,0.02203652481552843,0.031201961254046794,-0.009165436438518363
2323,5198.4736,21,5250.0,21,5250.0,0.0,False,False,0.007556607734447995,0.0,True,0.0,0.9467742891907686,0.9467742891907686,0.0,0.265481791738455,0.265481791738455,0.0,746145.4051763819,746145.4051763819,0.0,2788968.29477866,2788968.29477866,0.0,0.05322571080923144,0.05322571080923144,0.0
2329,6326.4893,26,6500.0,26,6500.0,0.0,False,False,0.0018572172930023667,0.0,True,0.0,0.9161196022749019,0.9161196022749019,0.0,0.23490731509878843,0.23490731509878843,0.0,839818.6088652044,839818.6088652044,0.0,1580588.8693368328,1580588.8693368328,0.0,0.08388039772509813,0.08388039772509813,0.0
2330,5261.3467,22,5500.0,22,5500.0,0.0,False,False,0.00400638673214837,0.0,True,0.0,0.9062288242408437,0.9062288242408437,0.0,0.24666760034981566,0.24666760034981566,0.0,654649.1721734358,654649.1721734358,0.0,986035.2641308316,986035.2641308316,0.0,0.09377117575915629,0.09377117575915629,0.0
2339,2671.0386,11,2750.0,10,2500.0,250.0,False,True,0.006368915137509146,0.0,True,0.0,0.7922046206278665,0.7844592286002381,0.007745392027628362,0.2794598859372909,0.27909644337511735,0.00036344256217352156,539259.488689176,538558.1721134956,701.3165756803937,547777.342892891,563618.2183524771,-15840.875459586037,0.20779537937213355,0.21554077139976197,-0.007745392027628417
2347,651.5813,3,750.0,2,500.0,250.0,False,True,0.0014236689471291974,0.0,True,0.0,0.3350567506533979,0.3306522400658215,0.004404510587576405,0.3941377111165415,0.3940234096976269,0.00011430141891460854,1707343.4856840316,1706848.3496503963,495.13603363535367,122333.73082883823,142808.09448435978,-20474.36365552155,0.6649432493466021,0.6693477599341785,-0.004404510587576405
2364,4781.889,20,5000.0,20,5000.0,0.0,False,False,0.006919867582895645,0.0,True,0.0,0.9441055277570087,0.9441055277570087,0.0,0.24957620020666127,0.24957620020666127,0.0,640107.5111396456,640107.5111396456,0.0,2050840.0767021796,2050840.0767021796,0.0,0.0558944722429913,0.0558944722429913,0.0
2374,3798.759,16,4000.0,15,3750.0,250.0,False,True,0.007011790929221218,0.0,True,0.0,0.9700062391354838,0.9640112921791817,0.005994946956302094,0.2761160370533229,0.275593375818806,0.0005226612345168857,662870.5761616194,661615.8255960279,1254.750565591501,3438034.5773230107,3453413.1908932966,-15378.613570285961,0.029993760864516238,0.03598870782081833,-0.005994946956302094
2402,4881.892,20,5000.0,20,5000.0,0.0,False,False,0.006330392038033206,0.0,True,0.0,0.9368162863001368,0.9368162863001368,0.0,0.25085148003556695,0.25085148003556695,0.0,739726.9310982663,739726.9310982663,0.0,2300649.9888930134,2300649.9888930134,0.0,0.0631837136998632,0.0631837136998632,0.0
2404,6630.0796,27,6750.0,26,6500.0,250.0,False,True,0.008370348994641619,0.0,True,0.0,0.8411648043425114,0.8374917233182284,0.003673081024282987,0.26387078770870576,0.2636923949617867,0.00017839274691905382,1070728.3668533443,1070004.489169779,723.8776835652534,1360695.6823236411,1376378.707697629,-15683.025373987854,0.1588351956574886,0.16250827668177154,-0.0036730810242829315
2414,1463.5707,6,1500.0,7,1750.0,-250.0,True,False,0.0011779638786085789,0.0,True,0.0,0.49555685246203107,0.5029883339798183,-0.007431481517787275,0.34121989629087773,0.34107253143085736,0.0001473648600203714,1111529.8272827824,1111049.783653479,480.04362930334173,198313.08133419458,173040.94859682553,25272.132737369044,0.5044431475379689,0.49701166602018165,0.007431481517787275
2417,4190.2793,17,4250.0,17,4250.0,0.0,False,False,0.007689900413211825,0.0,True,0.0,0.9676964241860131,0.9676964241860131,0.0,0.27911023381773775,0.27911023381773775,0.0,692772.020992887,692772.020992887,0.0,3659008.7903880235,3659008.7903880235,0.0,0.032303575813986914,0.032303575813986914,0.0
2418,3643.2024,15,3750.0,15,3750.0,0.0,False,False,0.00694292269493435,0.0,True,0.0,0.8428796311194222,0.8428796311194222,0.0,0.27465112267692326,0.27465112267692326,0.0,673261.4130709775,673261.4130709775,0.0,1100310.261441134,1100310.261441134,0.0,0.15712036888057776,0.15712036888057776,0.0
2422,3229.0383,13,3250.0,13,3250.0,0.0,False,False,0.006608521420846003,0.0,True,0.0,0.8150987317088066,0.8150987317088066,0.0,0.2865538249904346,0.2865538249904346,0.0,631916.9528950205,631916.9528950205,0.0,970629.5874604384,970629.5874604384,0.0,0.18490126829119335,0.18490126829119335,0.0
2423,2638.758,11,2750.0,10,2500.0,250.0,False,True,0.0036483999375780396,0.0,True,0.0,0.9801613167718609,0.9704813997680344,0.009679917003826533,0.37083083947767126,0.37081990500496337,1.093447270789083e-05,577162.877591278,577145.8591260881,17.018465189961717,4105408.0221464382,4121652.7760652206,-16244.753918782342,0.01983868322813913,0.029518600231965644,-0.009679917003826515
2451,2415.8157,10,2500.0,10,2500.0,0.0,False,False,0.003922638875037188,0.0,True,0.0,0.9063119222610021,0.9063119222610021,0.0,0.3113700674049502,0.3113700674049502,0.0,496989.79416788934,496989.79416788934,0.0,1811867.3918673783,1811867.3918673783,0.0,0.09368807773899787,0.09368807773899787,0.0
2460,4189.9873,17,4250.0,17,4250.0,0.0,False,False,0.0032892807940784197,0.0,True,0.0,0.9525612057842575,0.9525612057842575,0.0,0.26807244132173075,0.26807244132173075,0.0,687076.192364505,687076.192364505,0.0,2806771.4295342467,2806771.4295342467,0.0,0.04743879421574253,0.04743879421574253,0.0
2462,3725.1946,15,3750.0,15,3750.0,0.0,False,False,0.008670139594464832,0.0,True,0.0,0.9214377090999937,0.9214377090999937,0.0,0.23787271938820884,0.23787271938820884,0.0,509827.99476407224,509827.99476407224,0.0,1103908.3177327714,1103908.3177327714,0.0,0.07856229090000638,0.07856229090000638,0.0
2463,5510.252,23,5750.0,22,5500.0,250.0,False,True,0.009966607851834008,0.0,True,0.0,0.8873165306666824,0.8811772084123369,0.006139322254345436,0.24848569511564805,0.24789527657499064,0.000590418540657417,647996.9736168638,646457.2897033282,1539.6839135356713,673973.3788877886,691661.705996437,-17688.327108648373,0.11268346933331765,0.11882279158766311,-0.006139322254345464
2464,5677.662,23,5750.0,22,5500.0,250.0,False,True,0.006037871922572768,0.0,True,0.0,0.9066758769125963,0.9018268353367394,0.004849041575856972,0.2517644682051257,0.2516172053992222,0.00014726280590349194,869706.2453357134,869197.5342260282,508.7111096851295,1846891.6224150977,1864360.1122323882,-17468.489817290567,0.09332412308740372,0.09817316466326066,-0.004849041575856944
2470,2688.1077,11,2750.0,11,2750.0,0.0,False,False,0.009309698395051025,0.0,True,0.0,0.7533442577979164,0.7533442577979164,0.0,0.28096108510694284,0.28096108510694284,0.0,496793.6495939025,496793.6495939025,0.0,142045.9086875377,142045.9086875377,0.0,0.24665574220208367,0.24665574220208367,0.0
2480,7739.377,31,7750.0,31,7750.0,0.0,False,False,0.004696345934823154,0.0,True,0.0,0.709737307341796,0.709737307341796,0.0,0.29180133589520785,0.29180133589520785,0.0,1734118.9750066546,1734118.9750066546,0.0,758031.4733152213,758031.4733152213,0.0,0.29026269265820404,0.29026269265820404,0.0
2484,5135.328,21,5250.0,21,5250.0,0.0,False,False,0.005486923624102968,0.0,True,0.0,0.9387891736652327,0.9387891736652327,0.0,0.25480965626759416,0.25480965626759416,0.0,762860.380776486,762860.380776486,0.0,2443979.9527804167,2443979.9527804167,0.0,0.061210826334767224,0.061210826334767224,0.0
2495,5707.8774,23,5750.0,24,6000.0,-250.0,True,False,0.0033450229010379973,0.0,True,0.0,0.644580290695512,0.6476023088879557,-0.003022018192443632,0.31137531322736545,0.3113542206643682,2.1092562997260256e-05,1601477.9371297262,1601369.453017972,108.4841117542237,400440.318940475,383992.47790762666,16447.841032848344,0.3554197093044879,0.3523976911120444,0.0030220181924435208
2498,4041.5627,17,4250.0,17,4250.0,0.0,False,False,0.0027680956752241803,0.0,True,0.0,0.9613498150864421,0.9613498150864421,0.0,0.24563506084481113,0.24563506084481113,0.0,562858.2315546431,562858.2315546431,0.0,2575153.8466861914,2575153.8466861914,0.0,0.038650184913557914,0.038650184913557914,0.0
2519,3011.1033,13,3250.0,12,3000.0,250.0,False,True,0.0020384504145619653,0.0,True,0.0,0.973721483432736,0.9658548970128555,0.007866586419880472,0.32303833307030294,0.32211800631917503,0.000920326751127909,544560.9555771915,543009.5173615653,1551.4382156262873,3138885.969627366,3154003.501063281,-15117.531435915269,0.026278516567263953,0.03414510298714449,-0.007866586419880535
2525,2251.939,10,2500.0,9,2250.0,250.0,False,True,0.006340918304633569,0.0,True,0.0,0.6308873463229241,0.6225772876477899,0.008310058675134235,0.3181684219746737,0.31772437583016844,0.00044404614450527236,711692.9552261406,710699.6935099766,993.26171616395,200297.81095042877,221295.95604958409,-20998.145099155314,0.3691126536770759,0.37742271235221014,-0.008310058675134235
2531,3168.1934,13,3250.0,13,3250.0,0.0,False,False,0.00605858930117964,0.0,True,0.0,0.957940321493288,0.957940321493288,0.0,0.2583109348193518,0.2583109348193518,0.0,485690.5097083035,485690.5097083035,0.0,2043468.5971015308,2043468.5971015308,0.0,0.042059678506712043,0.042059678506712043,0.0
2547,4695.498,19,4750.0,19,4750.0,0.0,False,False,0.00957009410237275,0.0,True,0.0,0.7348167556803215,0.7348167556803215,0.0,0.2901260208311583,0.2901260208311583,0.0,1035054.6492242799,1035054.6492242799,0.0,611224.6005253296,611224.6005253296,0.0,0.26518324431967855,0.26518324431967855,0.0
2555,8014.9326,33,8250.0,32,8000.0,250.0,False,True,0.007543992648262443,0.0,True,0.0,0.8326283452358358,0.8291846678708679,0.0034436773649679786,0.26186489134513735,0.26170793730934566,0.00015695403579168987,1152041.6900806273,1151351.19051908,690.4995615473017,911977.3032631837,928842.7590569912,-16865.455793807516,0.16737165476416418,0.17081533212913214,-0.003443677364967951
2559,3228.4475,13,3250.0,13,3250.0,0.0,False,False,0.005495655602510974,0.0,True,0.0,0.9633711697316538,0.9633711697316538,0.0,0.2929549791190008,0.2929549791190008,0.0,587771.6679470909,587771.6679470909,0.0,3046003.7518406254,3046003.7518406254,0.0,0.03662883026834615,0.03662883026834615,0.0
2570,2601.1301,11,2750.0,10,2500.0,250.0,False,True,0.006101717026045783,0.0,True,0.0,0.5288729462427146,0.5242665077444392,0.004606438498275467,0.3325782041306182,0.33253573773569167,4.2466394926554685e-05,1721703.1030123846,1721483.2614141959,219.8415981887374,534880.0063202545,559771.7208205536,-24891.714500299073,0.47112705375728536,0.47573349225556083,-0.004606438498275467
2575,8643.776,35,8750.0,35,8750.0,0.0,False,False,0.002812698768623223,0.0,True,0.0,0.8230086331604233,0.8230086331604233,0.0,0.2584430838007799,0.2584430838007799,0.0,1258385.3359867185,1258385.3359867185,0.0,618735.7753012048,618735.7753012048,0.0,0.17699136683957672,0.17699136683957672,0.0
2577,1491.8949,6,1500.0,6,1500.0,0.0,False,False,0.003323465885714416,0.0,True,0.0,0.41996500648216695,0.41996500648216695,0.0,0.35215119944656725,0.35215119944656725,0.0,1772241.6596798485,1772241.6596798485,0.0,206589.43207062408,206589.43207062408,0.0,0.580034993517833,0.580034993517833,0.0
2591,2312.291,10,2500.0,10,2500.0,0.0,False,False,0.002187517341477374,0.0,True,0.0,0.9823225102206681,0.9823225102206681,0.0,0.35732706207963255,0.35732706207963255,0.0,548390.6229162827,548390.6229162827,0.0,4084430.910846725,4084430.910846725,0.0,0.017677489779331944,0.017677489779331944,0.0
2594,1071.0035,5,1250.0,4,1000.0,250.0,False,True,0.008969158054967785,0.0,True,0.0,0.47821626064216116,0.47054933432210166,0.007666926320059497,0.34698486336122925,0.34666648984301457,0.0003183735182146763,1053667.4166263454,1052700.6315072197,966.7851191256195,284712.57737080794,310050.0394992429,-25337.46212843497,0.5217837393578388,0.5294506656778983,-0.007666926320059497
2605,3416.0718,14,3500.0,13,3250.0,250.0,False,True,0.0070485751244764305,0.0,True,0.0,0.970237064056354,0.9626797767568976,0.007557287299456372,0.29861567317647036,0.29851808532734986,9.758784912050622e-05,647303.8373525072,647092.2979227689,211.53942973830272,3604606.1723111854,3622774.744642947,-18168.572331761476,0.029762935943645957,0.03732022324310238,-0.007557287299456421
2614,6394.468,26,6500.0,25,6250.0,250.0,False,True,0.006935140372329562,0.0,True,0.0,0.907213373087576,0.901517718398007,0.0056956546895690074,0.24134868684934532,0.24106138210048744,0.0002873047488578806,732569.8578343281,731697.7967439053,872.0610904227942,1200793.6703899568,1219875.565842481,-19081.895452524303,0.092786626912424,0.09848228160199296,-0.005695654689568966
2623,2833.2458,12,3000.0,11,2750.0,250.0,False,True,0.0035438462609608257,0.0,True,0.0,0.9722581924302691,0.9639366800157205,0.008321512414548593,0.3245845085961381,0.32406784130606664,0.0005166672900714375,566450.6298409597,565548.9647764593,901.665064500412,3287523.3451763066,3303259.216606755,-15735.871430448256,0.027741807569730863,0.03606331998427944,-0.008321512414548576
2642,4078.909,17,4250.0,16,4000.0,250.0,False,True,0.00817380060544004,0.0,True,0.0,0.9660330613299505,0.9582550605241494,0.007778000805801044,0.27052810383537845,0.2701185716913045,0.0004095321440739652,548028.8064252342,547199.1868443931,829.6195808410412,2807944.00962917,2825261.437573623,-17317.427944452967,0.03396693867004949,0.04174493947585059,-0.0077780008058011
2653,8174.8228,33,8250.0,33,8250.0,0.0,False,False,0.005348130438666998,0.0,True,0.0,0.8709187780313581,0.8709187780313581,0.0,0.2409683870948364,0.2409683870948364,0.0,1131352.2456025826,1131352.2456025826,0.0,1071048.767869839,1071048.767869839,0.0,0.1290812219686419,0.1290812219686419,0.0
2654,6162.571,25,6250.0,25,6250.0,0.0,False,False,0.005188412485209626,0.0,True,0.0,0.7388091307845948,0.7388091307845948,0.0,0.28854227167022467,0.28854227167022467,0.0,1239497.2757132659,1239497.2757132659,0.0,617987.7208777273,617987.7208777273,0.0,0.26119086921540524,0.26119086921540524,0.0
2659,5595.884,23,5750.0,23,5750.0,0.0,False,False,0.008998557497701176,0.0,True,0.0,0.9035742947135267,0.9035742947135267,0.0,0.23551415912228385,0.23551415912228385,0.0,714897.7693393375,714897.7693393375,0.0,1057949.8618050825,1057949.8618050825,0.0,0.09642570528647336,0.09642570528647336,0.0
2662,2457.803,10,2500.0,10,2500.0,0.0,False,False,0.006187305638750029,0.0,True,0.0,0.8799111906850184,0.8799111906850184,0.0,0.31455151777196844,0.31455151777196844,0.0,543434.6851171982,543434.6851171982,0.0,1807366.1140838852,1807366.1140838852,0.0,0.12008880931498156,0.12008880931498156,0.0
2663,4589.457,19,4750.0,19,4750.0,0.0,False,False,0.0038929952326464123,0.0,True,0.0,0.950154722920833,0.950154722920833,0.0,0.25503490524820305,0.25503490524820305,0.0,639862.1148875969,639862.1148875969,0.0,2458248.932516704,2458248.932516704,0.0,0.04984527707916701,0.04984527707916701,0.0
2664,6003.3203,25,6250.0,24,6000.0,250.0,False,True,0.006297770216591614,0.0,True,0.0,0.8030152249122349,0.7987278649044152,0.004287360007819707,0.2584754718896937,0.25832324466625695,0.00015222722343677386,968766.1677527635,968195.6200609521,570.5476918113418,401926.3151538209,419021.9634462768,-17095.64829245588,0.1969847750877651,0.2012721350955849,-0.00428736000781979
2669,3475.4783,14,3500.0,14,3500.0,0.0,False,False,0.003021165903179801,0.0,True,0.0,0.9421211588384729,0.9421211588384729,0.0,0.28078379136561105,0.28078379136561105,0.0,540176.5618840221,540176.5618840221,0.0,1963634.287455838,1963634.287455838,0.0,0.05787884116152712,0.05787884116152712,0.0
2672,4535.5327,19,4750.0,18,4500.0,250.0,False,True,0.005712409859976009,0.0,True,0.0,0.9578981767320421,0.9514213869414406,0.0064767897906015115,0.27020196394738877,0.2699046413697158,0.0002973225776729538,637735.265386484,637033.5195878688,701.7457986151567,2725504.4665384796,2742399.848706144,-16895.382167664357,0.04210182326795782,0.04857861305855933,-0.0064767897906015115
2680,3332.6675,14,3500.0,14,3500.0,0.0,False,False,0.004314324835384853,0.0,True,0.0,0.834594474824662,0.834594474824662,0.0,0.2425137441078158,0.2425137441078158,0.0,498416.4922500308,498416.4922500308,0.0,281538.4665042163,281538.4665042163,0.0,0.165405525175338,0.165405525175338,0.0
2683,8902.981,36,9000.0,35,8750.0,250.0,False,True,0.006170569118209235,0.0,True,0.0,0.898329877899952,0.8947802979567131,0.003549579943238901,0.24504370242461382,0.24483392851218394,0.00020977391242987808,1166809.5314996438,1165810.6639586245,998.8675410193391,1825071.534030248,1843760.8140023614,-18689.279972113436,0.10167012210004794,0.10521970204328691,-0.00354957994323897
2685,2396.7544,10,2500.0,10,2500.0,0.0,False,False,0.0038894130345248357,0.0,True,0.0,0.5454155136655965,0.5454155136655965,0.0,0.34266898204158397,0.34266898204158397,0.0,1523698.6063358753,1523698.6063358753,0.0,761201.2506639448,761201.2506639448,0.0,0.45458448633440346,0.45458448633440346,0.0
2686,3724.0664,15,3750.0,14,3500.0,250.0,False,True,0.004338524124169796,0.0,True,0.0,0.6143317486928647,0.609631942989497,0.004699805703367699,0.3189297980147621,0.3188891321704642,4.066584429790465e-05,1411557.5964441195,1411377.6126928618,179.9837512576487,618652.7992645393,640992.687591288,-22339.88832674874,0.38566825130713533,0.39036805701050303,-0.004699805703367699
2688,4801.429,20,5000.0,19,4750.0,250.0,False,True,0.006896883138677756,0.0,True,0.0,0.9101435208480163,0.9030756740221725,0.0070678468258438265,0.24138223111622745,0.24086031790093704,0.0005219132152904093,553546.5913653651,552349.7208253234,1196.8705400417093,839314.458929041,856394.0341704906,-17079.575241449522,0.0898564791519837,0.09692432597782755,-0.00706784682584384
2704,6704.209,27,6750.0,27,6750.0,0.0,False,False,0.006564887677746767,0.0,True,0.0,0.7854936617882771,0.7854936617882771,0.0,0.26623519054549627,0.26623519054549627,0.0,951682.5312108158,951682.5312108158,0.0,319984.09540264844,319984.09540264844,0.0,0.21450633821172294,0.21450633821172294,0.0
2710,7164.998,29,7250.0,28,7000.0,250.0,False,True,0.00895909409401019,0.0,True,0.0,0.7417255909658758,0.737947906183626,0.003777684782249713,0.2885142546230218,0.28830860669086733,0.00020564793215449573,1204904.9818380708,1204046.1465674136,858.8352706572041,276276.45774470526,293886.81156987627,-17610.353825171012,0.25827440903412424,0.26205209381637395,-0.003777684782249713
2722,2980.9558,12,3000.0,12,3000.0,0.0,False,False,0.0012489543138559656,0.0,True,0.0,0.9397358339018831,0.9397358339018831,0.0,0.24184825896088533,0.24184825896088533,0.0,367907.3656714089,367907.3656714089,0.0,1138387.979657746,1138387.979657746,0.0,0.06026416609811688,0.06026416609811688,0.0
2753,4113.9287,17,4250.0,18,4500.0,-250.0,True,False,0.007739405575809655,0.0,True,0.0,0.6339567595914843,0.637949907487144,-0.003993147895659632,0.31319232498354516,0.3128596402954722,0.0003326846880729595,1325746.8290899356,1324338.5708565237,1408.258233411936,465939.4746516027,448340.3809428692,17599.093708733504,0.3660432404085157,0.3620500925128561,0.003993147895659632
2758,3994.5413,16,4000.0,16,4000.0,0.0,False,False,0.007439132104054003,0.0,True,0.0,0.7377231956090495,0.7377231956090495,0.0,0.29480699263467813,0.29480699263467813,0.0,904788.615902791,904788.615902791,0.0,695073.2419896633,695073.2419896633,0.0,0.26227680439095047,0.26227680439095047,0.0
2767,6213.1553,25,6250.0,24,6000.0,250.0,False,True,0.009970179514773636,0.0,True,0.0,0.907413050536289,0.901440851709949,0.005972198826339925,0.23862221814871223,0.2385730726445632,4.914550414902852e-05,707061.9903425211,706916.3671970756,145.6231454454828,1187227.5126937763,1206090.9718762746,-18863.459182498278,0.09258694946371104,0.098559148290051,-0.005972198826339953
2776,1641.8019,7,1750.0,7,1750.0,0.0,False,False,0.008055959513252553,0.0,True,0.0,0.6168770771994436,0.6168770771994436,0.0,0.32192270621409724,0.32192270621409724,0.0,684115.0744770912,684115.0744770912,0.0,404291.02712684614,404291.02712684614,0.0,0.38312292280055643,0.38312292280055643,0.0
2778,3298.1504,14,3500.0,13,3250.0,250.0,False,True,0.0016656700034998195,0.0,True,0.0,0.9662567255860446,0.9581734604717973,0.008083265114247284,0.32056141808958605,0.32006655226588065,0.0004948658237053927,568671.7599598094,567793.8744657045,877.8854941048194,2918321.633289059,2934282.595510775,-15960.962221716065,0.03374327441395547,0.04182653952820272,-0.00808326511424725
2787,3917.8508,16,4000.0,16,4000.0,0.0,False,False,0.008670041646006377,0.0,True,0.0,0.9169911539170034,0.9169911539170034,0.0,0.23621951798249952,0.23621951798249952,0.0,463811.6517846576,463811.6517846576,0.0,868259.2946040352,868259.2946040352,0.0,0.08300884608299665,0.08300884608299665,0.0
2792,4338.7515,18,4500.0,18,4500.0,0.0,False,False,0.0011402355308204326,0.0,True,0.0,0.9243492116106526,0.9243492116106526,0.0,0.24479791750259608,0.24479791750259608,0.0,626490.6460791758,626490.6460791758,0.0,1568332.15955914,1568332.15955914,0.0,0.07565078838934737,0.07565078838934737,0.0
2801,6227.9053,25,6250.0,25,6250.0,0.0,False,False,0.008978121818921547,0.0,True,0.0,0.8582775084739701,0.8582775084739701,0.0,0.24677057961806723,0.24677057961806723,0.0,876181.9645885512,876181.9645885512,0.0,853512.8614600365,853512.8614600365,0.0,0.14172249152602992,0.14172249152602992,0.0
2807,2319.7935,10,2500.0,9,2250.0,250.0,False,True,0.0020770325560147684,0.0,True,0.0,0.6048753459875743,0.5974119475298927,0.007463398457681625,0.31860957979134413,0.3185035889063353,0.00010599088500884424,922202.5577325902,921895.7713976799,306.7863349103136,310176.8769980562,333307.31022929476,-23130.433231238567,0.3951246540124257,0.4025880524701073,-0.007463398457681625
2819,2731.8772,11,2750.0,11,2750.0,0.0,False,False,0.0029411753894440507,0.0,True,0.0,0.9684555622275883,0.9684555622275883,0.0,0.2732330655061487,0.2732330655061487,0.0,451170.06820478063,451170.06820478063,0.0,2495661.6698650466,2495661.6698650466,0.0,0.03154443777241172,0.03154443777241172,0.0
2834,6729.9067,27,6750.0,25,6250.0,500.0,False,True,0.0017871498405590547,0.0,True,0.0,0.6751829558261728,0.6691758082133646,0.0060071476128081835,0.29375839336688747,0.29367685782015357,8.153554673390184e-05,1504177.8465260735,1503760.3470916036,417.4994344699662,212453.478291789,247026.53240836234,-34573.05411657333,0.3248170441738271,0.33082419178663536,-0.006007147612808239
2835,6700.666,27,6750.0,27,6750.0,0.0,False,False,0.006995019456497165,0.0,True,0.0,0.8922491682820204,0.8922491682820204,0.0,0.2537622709116944,0.2537622709116944,0.0,1008884.8912033744,1008884.8912033744,0.0,1936664.2447245605,1936664.2447245605,0.0,0.1077508317179796,0.1077508317179796,0.0
2843,5452.5127,22,5500.0,22,5500.0,0.0,False,False,0.0025040881651560154,0.0,True,0.0,0.9296708354098565,0.9296708354098565,0.0,0.2468190053294276,0.2468190053294276,0.0,657580.3410939715,657580.3410939715,0.0,1636904.6605558218,1636904.6605558218,0.0,0.07032916459014346,0.07032916459014346,0.0
2847,4490.3345,18,4500.0,18,4500.0,0.0,False,False,0.009700157081969252,0.0,True,0.0,0.9506324928531324,0.9506324928531324,0.0,0.2559095511935286,0.2559095511935286,0.0,599400.0927379503,599400.0927379503,0.0,2460050.0427697524,2460050.0427697524,0.0,0.049367507146867565,0.049367507146867565,0.0
2850,5227.746,21,5250.0,21,5250.0,0.0,False,False,0.009268170327809577,0.0,True,0.0,0.6004167864344467,0.6004167864344467,0.0,0.31775762293918075,0.31775762293918075,0.0,1924950.9088780624,1924950.9088780624,0.0,463646.90418237867,463646.90418237867,0.0,0.39958321356555326,0.39958321356555326,0.0
2860,2849.4922,12,3000.0,12,3000.0,0.0,False,False,0.007567342968867963,0.0,True,0.0,0.878848699376105,0.878848699376105,0.0,0.2654877851448907,0.2654877851448907,0.0,484334.1908927413,484334.1908927413,0.0,863180.6086659209,863180.6086659209,0.0,0.12115130062389502,0.12115130062389502,0.0
2865,1569.7502,7,1750.0,6,1500.0,250.0,False,True,0.005303687396683188,0.0,True,0.0,0.436934092864967,0.43286869591364674,0.004065396951320244,0.37091631859171986,0.3707563314768968,0.00015998711482306804,1839050.8478413033,1838257.6111342313,793.2367070720065,679937.566599908,701364.1480502185,-21426.58145031042,0.563065907135033,0.5671313040863533,-0.004065396951320244
2876,6723.464,27,6750.0,27,6750.0,0.0,False,False,0.0058180948994828174,0.0,True,0.0,0.878318264713296,0.878318264713296,0.0,0.2550404215541427,0.2550404215541427,0.0,1027843.1715014395,1027843.1715014395,0.0,1610552.374003279,1610552.374003279,0.0,0.12168173528670405,0.12168173528670405,0.0
2887,3565.07,15,3750.0,14,3500.0,250.0,False,True,0.005407762293158425,0.0,True,0.0,0.9714981111520637,0.9638920504094489,0.0076060607426148286,0.2713385468347005,0.27116682070236797,0.000171726132332517,593545.5157733681,593169.8696406084,375.6461327596335,3342409.1458343053,3360669.4898181683,-18260.343983863015,0.028501888847936287,0.036107949590551074,-0.007606060742614787
2890,5319.003,22,5500.0,22,5500.0,0.0,False,False,0.0019772654378880095,0.0,True,0.0,0.9052477209335001,0.9052477209335001,0.0,0.23030617125511008,0.23030617125511008,0.0,664594.0177983523,664594.0177983523,0.0,1115231.335369946,1115231.335369946,0.0,0.09475227906649986,0.09475227906649986,0.0
2915,5698.414,23,5750.0,23,5750.0,0.0,False,False,0.0062651967610636294,0.0,True,0.0,0.921190426149351,0.921190426149351,0.0,0.24302583145371998,0.24302583145371998,0.0,685572.2502073733,685572.2502073733,0.0,1451605.340098801,1451605.340098801,0.0,0.07880957385064905,0.07880957385064905,0.0
2925,7651.7812,31,7750.0,30,7500.0,250.0,False,True,0.005751163148631999,0.0,True,0.0,0.9216210138680998,0.9176390998965805,0.0039819139715192575,0.2413229394613993,0.2409492003073142,0.00037373915408508984,973820.3731453125,972312.208180546,1508.1649647665909,2013017.779422218,2030340.3731109146,-17322.593688696623,0.07837898613190022,0.08236090010341945,-0.00398191397151923
2932,8420.719,34,8500.0,34,8500.0,0.0,False,False,0.007724715382280811,0.0,True,0.0,0.8344719651237087,0.8344719651237087,0.0,0.26432599621731634,0.26432599621731634,0.0,1215828.135534254,1215828.135534254,0.0,1015362.6444149276,1015362.6444149276,0.0,0.16552803487629125,0.16552803487629125,0.0
2934,2984.7986,12,3000.0,12,3000.0,0.0,False,False,0.0023992992866064267,0.0,True,0.0,0.973062295279083,0.973062295279083,0.0,0.30743387319619686,0.30743387319619686,0.0,506218.99559141573,506218.99559141573,0.0,3401670.8075803947,3401670.8075803947,0.0,0.026937704720917065,0.026937704720917065,0.0
2937,5837.941,24,6000.0,24,6000.0,0.0,False,False,0.0033058383932720314,0.0,True,0.0,0.7924762594202005,0.7924762594202005,0.0,0.256882028482187,0.256882028482187,0.0,900086.5392167647,900086.5392167647,0.0,300024.1594442973,300024.1594442973,0.0,0.20752374057979947,0.20752374057979947,0.0
2943,1745.0724,7,1750.0,7,1750.0,0.0,False,False,0.009970007115475354,0.0,True,0.0,0.4439561385221603,0.4439561385221603,0.0,0.369310556916886,0.369310556916886,0.0,1886947.0137441834,1886947.0137441834,0.0,484609.00649248506,484609.00649248506,0.0,0.5560438614778397,0.5560438614778397,0.0
2945,2998.609,12,3000.0,12,3000.0,0.0,False,False,0.006083393544028426,0.0,True,0.0,0.9654808843524127,0.9654808843524127,0.0,0.31131950679116904,0.31131950679116904,0.0,566891.6352465149,566891.6352465149,0.0,3097047.052606808,3097047.052606808,0.0,0.03451911564758729,0.03451911564758729,0.0
2962,6286.044,26,6500.0,25,6250.0,250.0,False,True,0.0059337822490656,0.0,True,0.0,0.9363712532289443,0.9317127885257697,0.0046584647031746584,0.2622405790016,0.26206328744557156,0.00017729155602846935,904396.0230243636,903784.5929444026,611.4300799609628,2797347.7146087927,2814107.7574412324,-16760.042832439765,0.06362874677105565,0.06828721147423039,-0.004658464703174742
2968,4682.8604,19,4750.0,19,4750.0,0.0,False,False,0.008937824062847044,0.0,True,0.0,0.7939627552497355,0.7939627552497355,0.0,0.2559240205086873,0.2559240205086873,0.0,700423.7657008511,700423.7657008511,0.0,247303.93650212584,247303.93650212584,0.0,0.20603724475026453,0.20603724475026453,0.0
2978,3523.7234,15,3750.0,14,3500.0,250.0,False,True,0.0014926005375800466,0.0,True,0.0,0.9704980539654103,0.9630385344563693,0.007459519509041002,0.29372290223407355,0.2928334757194475,0.000889426514626035,550507.177677082,548840.1790311006,1666.9986459814245,2897420.9812520943,2912864.3574829297,-15443.376230835449,0.02950194603458968,0.036961465543630674,-0.007459519509040995
2984,5452.88,22,5500.0,23,5750.0,-250.0,True,False,0.00598269087377401,0.0,True,0.0,0.6539369785274107,0.656925751910377,-0.0029887733829663254,0.3193061364118621,0.31919552611241486,0.00011061029944725576,1596662.4068060834,1596109.3096783,553.0971277833451,877195.9402413778,861441.6811111437,15754.259130234132,0.3460630214725892,0.34307424808962295,0.00298877338296627
2997,6802.279,28,7000.0,27,6750.0,250.0,False,True,0.004760902540796197,0.0,True,0.0,0.8972898576281763,0.8924100042205467,0.004879853407629531,0.2351869574394146,0.23496975765789888,0.0002171997815157145,818697.8029362506,817941.7194107814,756.0835254691774,1096143.6675304011,1114890.6336082073,-18746.966077806195,0.10271014237182369,0.10758999577945323,-0.004879853407629545
3001,3452.8157,14,3500.0,11,2750.0,750.0,False,True,0.003267637780904553,0.0,True,0.0,0.6429890473465761,0.6264528948068335,0.01653615253974261,0.3193534146154525,0.31886938866920045,0.00048402594625207573,1227679.9815328529,1225819.256275001,1860.725257851882,1031151.5542432533,1102315.4476187406,-71163.8933754873,0.35701095265342386,0.3735471051931664,-0.016536152539742555
3002,6466.177,26,6500.0,26,6500.0,0.0,False,False,0.008675196064479418,0.0,True,0.0,0.8179790825826571,0.8179790825826571,0.0,0.25949355328691187,0.25949355328691187,0.0,900126.6055259793,900126.6055259793,0.0,481112.3498494311,481112.3498494311,0.0,0.18202091741734291,0.18202091741734291,0.0
3017,6677.399,27,6750.0,27,6750.0,0.0,False,False,0.009643528111808353,0.0,True,0.0,0.781406421331576,0.781406421331576,0.0,0.2721092694905994,0.2721092694905994,0.0,1139945.4693164004,1139945.4693164004,0.0,670080.4828079795,670080.4828079795,0.0,0.21859357866842397,0.21859357866842397,0.0
3018,8625.855,35,8750.0,35,8750.0,0.0,False,False,0.004027630985089181,0.0,True,0.0,0.86412664510364,0.86412664510364,0.0,0.25881946566111147,0.25881946566111147,0.0,1190369.421178887,1190369.421178887,0.0,1384446.2706300463,1384446.2706300463,0.0,0.13587335489636004,0.13587335489636004,0.0
3021,6089.7676,25,6250.0,24,6000.0,250.0,False,True,0.0019073346523299506,0.0,True,0.0,0.9367906166545324,0.9321091779169841,0.004681438737548338,0.26744631423032794,0.2670899241515654,0.00035639007876253626,886644.3300217758,885462.8172253845,1181.5127963912673,2758480.969326809,2774966.5742801237,-16485.604953314643,0.06320938334546754,0.06789082208301589,-0.004681438737548352
3027,6804.824,28,7000.0,27,6750.0,250.0,False,True,0.0031266496422481804,0.0,True,0.0,0.7810557338754895,0.777630854066361,0.0034248798091285337,0.2768491661053147,0.27663039453138333,0.00021877157393135338,1237386.2706057285,1236408.4640051536,977.8066005748697,973176.1462342113,989155.894265883,-15979.748031671741,0.21894426612451048,0.22236914593363902,-0.0034248798091285337
3039,2725.7527,11,2750.0,11,2750.0,0.0,False,False,0.007628031275140557,0.0,True,0.0,0.8877867491737134,0.8877867491737134,0.0,0.25581787968712266,0.25581787968712266,0.0,411897.5258311987,411897.5258311987,0.0,750591.8306689565,750591.8306689565,0.0,0.11221325082628662,0.11221325082628662,0.0
3040,4426.922,18,4500.0,18,4500.0,0.0,False,False,0.004902077863481846,0.0,True,0.0,0.9234498380529705,0.9234498380529705,0.0,0.23604683167058743,0.23604683167058743,0.0,605921.3222883017,605921.3222883017,0.0,1343720.4468603248,1343720.4468603248,0.0,0.07655016194702942,0.07655016194702942,0.0
3044,2712.6736,11,2750.0,11,2750.0,0.0,False,False,0.003354636475027206,0.0,True,0.0,0.7863608424051153,0.7863608424051153,0.0,0.30711624923233316,0.30711624923233316,0.0,646627.622017491,646627.622017491,0.0,1239515.1482674773,1239515.1482674773,0.0,0.2136391575948847,0.2136391575948847,0.0
3053,7300.4214,30,7500.0,29,7250.0,250.0,False,True,0.0072083397659191695,0.0,True,0.0,0.9110844601038061,0.9066221907656276,0.004462269338178504,0.24904024421114396,0.2489806599896999,5.958422144405895e-05,925716.5374649409,925495.0547911768,221.4826737641124,1759274.1254889427,1776541.1069952329,-17266.981506290147,0.08891553989619393,0.09337780923437249,-0.004462269338178559
3065,3002.5376,13,3250.0,12,3000.0,250.0,False,True,0.008132362166924811,0.0,True,0.0,0.5331520981176563,0.5291977457167765,0.003954352400879824,0.3351710526689429,0.33508317590034264,8.787676860028126e-05,1914136.5912706635,1913634.7336759786,501.8575946849305,553926.2585604638,577734.2963654998,-23808.03780503606,0.46684790188234376,0.4708022542832236,-0.003954352400879824
3095,5514.1455,23,5750.0,22,5500.0,250.0,False,True,0.008542451473487978,0.0,True,0.0,0.784811940798712,0.7800299543692422,0.004781986429469809,0.27760298388809235,0.2771957748350362,0.00040720905305613453,857766.3704806432,856508.1338919196,1258.2365887236083,366446.7715757386,382435.98543787305,-15989.213862134435,0.21518805920128803,0.21997004563075787,-0.004781986429469837
3098,4197.471,17,4250.0,17,4250.0,0.0,False,False,0.005028363026610028,0.0,True,0.0,0.9432164810391148,0.9432164810391148,0.0,0.25190264753676395,0.25190264753676395,0.0,542762.2652112497,542762.2652112497,0.0,1761565.1264973185,1761565.1264973185,0.0,0.056783518960885175,0.056783518960885175,0.0
3103,7591.1714,31,7750.0,31,7750.0,0.0,False,False,0.002348618719818396,0.0,True,0.0,0.8347918158733952,0.8347918158733952,0.0,0.25272492496685317,0.25272492496685317,0.0,1029408.2320909165,1029408.2320909165,0.0,590835.8483911185,590835.8483911185,0.0,0.16520818412660476,0.16520818412660476,0.0
3106,4685.959,19,4750.0,19,4750.0,0.0,False,False,0.005235385891841027,0.0,True,0.0,0.9277585467042084,0.9277585467042084,0.0,0.25184141620599265,0.25184141620599265,0.0,684108.2485202426,684108.2485202426,0.0,1883360.2288667262,1883360.2288667262,0.0,0.07224145329579158,0.07224145329579158,0.0
3109,3383.1306,14,3500.0,14,3500.0,0.0,False,False,0.005117918526757803,0.0,True,0.0,0.932424503603802,0.932424503603802,0.0,0.26787610814916896,0.26787610814916896,0.0,579992.1616216237,579992.1616216237,0.0,1940219.5582891,1940219.5582891,0.0,0.06757549639619793,0.06757549639619793,0.0
3113,2362.2642,10,2500.0,10,2500.0,0.0,False,False,0.0044772407610438325,0.0,True,0.0,0.9758862457173094,0.9758862457173094,0.0,0.2923196820251733,0.2923196820251733,0.0,456864.89574890095,456864.89574890095,0.0,3035647.079159338,3035647.079159338,0.0,0.024113754282690587,0.024113754282690587,0.0
3114,1337.5646,6,1500.0,6,1500.0,0.0,False,False,0.001799716195809431,0.0,True,0.0,0.4625053951070067,0.4625053951070067,0.0,0.3527432534386819,0.3527432534386819,0.0,1392341.8634269007,1392341.8634269007,0.0,461315.8626855042,461315.8626855042,0.0,0.5374946048929933,0.5374946048929933,0.0
3116,7251.477,30,7500.0,30,7500.0,0.0,False,False,0.00881333159043296,0.0,True,0.0,0.8811590917766603,0.8811590917766603,0.0,0.24083805455952986,0.24083805455952986,0.0,1049752.5923737425,1049752.5923737425,0.0,1335997.1034407904,1335997.1034407904,0.0,0.1188409082233397,0.1188409082233397,0.0
3128,4793.2334,20,5000.0,20,5000.0,0.0,False,False,0.003596666019794248,0.0,True,0.0,0.7978019723961836,0.7978019723961836,0.0,0.27466886499168963,0.27466886499168963,0.0,837825.9859843352,837825.9859843352,0.0,653645.1641586362,653645.1641586362,0.0,0.20219802760381647,0.20219802760381647,0.0
3135,2917.1863,12,3000.0,12,3000.0,0.0,False,False,0.006531716304645552,0.0,True,0.0,0.9747083001187233,0.9747083001187233,0.0,0.2957678775154481,0.2957678775154481,0.0,488917.80219921103,488917.80219921103,0.0,3216000.0167108723,3216000.0167108723,0.0,0.025291699881276646,0.025291699881276646,0.0
3137,3874.1855,16,4000.0,16,4000.0,0.0,False,False,0.009614106028114855,0.0,True,0.0,0.6614896060370932,0.6614896060370932,0.0,0.30890806644951724,0.30890806644951724,0.0,1069665.3669721887,1069665.3669721887,0.0,326318.80638830224,326318.80638830224,0.0,0.33851039396290683,0.33851039396290683,0.0
3143,3193.5635,13,3250.0,13,3250.0,0.0,False,False,0.0016927274466620457,0.0,True,0.0,0.9569291655409456,0.9569291655409456,0.0,0.24485400710599606,0.24485400710599606,0.0,464103.3462781821,464103.3462781821,0.0,2127249.1873916434,2127249.1873916434,0.0,0.043070834459054304,0.043070834459054304,0.0
3165,4201.6084,17,4250.0,17,4250.0,0.0,False,False,0.0012525053948837517,0.0,True,0.0,0.8942133285712214,0.8942133285712214,0.0,0.2458250136968257,0.2458250136968257,0.0,492515.0467444237,492515.0467444237,0.0,657746.8067177825,657746.8067177825,0.0,0.1057866714287786,0.1057866714287786,0.0
3168,4318.943,18,4500.0,17,4250.0,250.0,False,True,0.007150997010744176,0.0,True,0.0,0.9602271749010076,0.9543281916347356,0.005898983266272029,0.25975764376250515,0.2593940623273234,0.0003635814351817257,679120.7196877289,678170.1579165747,950.5617711541709,2874245.551074468,2890819.5342233414,-16573.983148873318,0.03977282509899243,0.04567180836526439,-0.005898983266271959
3181,4687.3145,19,4750.0,20,5000.0,-250.0,True,False,0.002689011170411204,0.0,True,0.0,0.6932060808926783,0.6970519949264977,-0.0038459140338193976,0.2951090976735988,0.29500850018808217,0.00010059748551660697,1176590.7740164818,1176189.6949773023,401.07903917948715,580532.6466131187,564623.9136566153,15908.732956503402,0.30679391910732173,0.30294800507350234,0.0038459140338193976
3184,523.8221,3,750.0,1,250.0,500.0,False,True,0.0011426373253944355,0.0,True,0.0,0.2740513081070416,0.2695162681246217,0.004535039982419886,0.40817206603229367,0.4078149058777558,0.00035716015453785,2627046.099376377,2624747.3722734866,2298.7271028906107,79143.85429665999,109742.02146588764,-30598.167169227643,0.7259486918929584,0.7304837318753783,-0.004535039982419886
3185,4933.856,20,5000.0,17,4250.0,750.0,False,True,0.003625324364755822,0.0,True,0.0,0.5324096349480674,0.518901067257195,0.013508567690872386,0.3364826355897533,0.33621840277154746,0.0002642328182058118,1839339.783634651,1837895.3883427037,1444.395291947294,204199.90049585298,284986.8018611885,-80786.9013653355,0.4675903650519326,0.481098932742805,-0.013508567690872442
3188,6425.122,26,6500.0,25,6250.0,250.0,False,True,0.009539361087111176,0.0,True,0.0,0.9218480252248256,0.9169187717468777,0.004929253477947815,0.25058250035935287,0.25055879303612943,2.3707323223431942e-05,866134.4706232031,866052.5266334171,81.94398978597019,1980601.2191938385,1999641.5652705277,-19040.346076689195,0.07815197477517447,0.08308122825312228,-0.004929253477947815
3192,2733.2192,11,2750.0,11,2750.0,0.0,False,False,0.003454557040914019,0.0,True,0.0,0.9731479094669953,0.9731479094669953,0.0,0.32732060727301515,0.32732060727301515,0.0,497884.51070418855,497884.51070418855,0.0,3229575.2003119127,3229575.2003119127,0.0,0.026852090533004712,0.026852090533004712,0.0
3197,4076.7893,17,4250.0,17,4250.0,0.0,False,False,0.007315145350796359,0.0,True,0.0,0.9574364436699276,0.9574364436699276,0.0,0.25757385673698624,0.25757385673698624,0.0,615246.2542620035,615246.2542620035,0.0,2697999.607545601,2697999.607545601,0.0,0.04256355633007231,0.04256355633007231,0.0
3221,4407.7744,18,4500.0,18,4500.0,0.0,False,False,0.0051120502297503645,0.0,True,0.0,0.9571617550467342,0.9571617550467342,0.0,0.2499349193437485,0.2499349193437485,0.0,588288.4378483777,588288.4378483777,0.0,2477265.097741143,2477265.097741143,0.0,0.042838244953265825,0.042838244953265825,0.0
3225,6363.1426,26,6500.0,25,6250.0,250.0,False,True,0.00862184137360078,0.0,True,0.0,0.9327464416205721,0.9281577162566313,0.004588725363940727,0.25535822015310383,0.25517299508930424,0.0001852250637995878,910337.7338818245,909677.4169171453,660.3169646792812,2593015.2377609974,2610181.523665859,-17166.28590486152,0.06725355837942788,0.07184228374336869,-0.00458872536394081
3227,3961.509,16,4000.0,16,4000.0,0.0,False,False,0.004393285663905622,0.0,True,0.0,0.8247382616557271,0.8247382616557271,0.0,0.2501303452786859,0.2501303452786859,0.0,643267.9162826004,643267.9162826004,0.0,443660.010440225,443660.010440225,0.0,0.17526173834427297,0.17526173834427297,0.0
3231,3427.7905,14,3500.0,14,3500.0,0.0,False,False,0.00598516745726041,0.0,True,0.0,0.9690839698065414,0.9690839698065414,0.0,0.29728752562786903,0.29728752562786903,0.0,564332.3996858872,564332.3996858872,0.0,3275561.8635305334,3275561.8635305334,0.0,0.030916030193458618,0.030916030193458618,0.0
3235,6403.3584,26,6500.0,25,6250.0,250.0,False,True,0.002214094556726831,0.0,True,0.0,0.7989994030297516,0.7945826924695201,0.004416710560231518,0.267047434427511,0.2669511340964175,9.630033109347957e-05,987072.6452846667,986716.6957030576,355.94958160910755,387115.3404665794,404162.4726036105,-17047.13213703106,0.20100059697024836,0.20541730753048,-0.004416710560231629
3245,7621.9316,31,7750.0,31,7750.0,0.0,False,False,0.006064182782064997,0.0,True,0.0,0.8373889757270874,0.8373889757270874,0.0,0.2411656827448941,0.2411656827448941,0.0,1110621.7503477987,1110621.7503477987,0.0,643220.2445233273,643220.2445233273,0.0,0.16261102427291266,0.16261102427291266,0.0
3247,4753.4346,20,5000.0,19,4750.0,250.0,False,True,0.001116233282814405,0.0,True,0.0,0.9191941921493922,0.9122379219273091,0.006956270222083116,0.23258512031093553,0.23247629445189166,0.00010882585904387065,586169.9805402656,585895.7134177912,274.26712247438263,1180867.0234104143,1200240.6235845983,-19373.600174183957,0.08080580785060772,0.08776207807269085,-0.00695627022208313
3250,1851.2367,8,2000.0,8,2000.0,0.0,False,False,0.001966783280587192,0.0,True,0.0,0.4524668348326867,0.4524668348326867,0.0,0.3420565600086016,0.3420565600086016,0.0,1505512.6609483897,1505512.6609483897,0.0,179646.93893104023,179646.93893104023,0.0,0.5475331651673133,0.5475331651673133,0.0
3252,1678.3727,7,1750.0,7,1750.0,0.0,False,False,0.009137606091339623,0.0,True,0.0,0.4034387984644452,0.4034387984644452,0.0,0.3607283195290726,0.3607283195290726,0.0,2095390.1955865398,2095390.1955865398,0.0,166315.365393303,166315.365393303,0.0,0.5965612015355548,0.5965612015355548,0.0
3253,9676.513,39,9750.0,38,9500.0,250.0,False,True,0.008863713763511027,0.0,True,0.0,0.7049577702487237,0.7026742836404585,0.0022834866082652727,0.300790602222644,0.30070377528237796,8.6826940266016e-05,1845188.634567082,1844655.997968168,532.6365989139304,435962.42589200253,451673.92060721875,-15711.49471521622,0.2950422297512762,0.2973257163595415,-0.0022834866082653282
3254,5759.118,24,6000.0,23,5750.0,250.0,False,True,0.003692372122559795,0.0,True,0.0,0.8728627394970666,0.8683345444636403,0.004528195033426274,0.2570685283471522,0.25702140454027916,4.712380687305062e-05,968981.2062213103,968803.5801092413,177.62611206900328,1673708.62696399,1691715.9982699014,-18007.371305911336,0.1271372605029334,0.13166545553635964,-0.004528195033426247
3256,4046.0952,17,4250.0,16,4000.0,250.0,False,True,0.003832268101654379,0.0,True,0.0,0.9642560317026628,0.9574206736315826,0.006835358071080266,0.2661063147938084,0.2653877824114896,0.0007185323823188372,541194.4527347485,539733.1355175207,1461.31721722777,2574139.9418995436,2589916.797905893,-15776.856006349437,0.035743968297337156,0.042579326368417436,-0.00683535807108028
3259,6677.944,27,6750.0,26,6500.0,250.0,False,True,0.008902124609958428,0.0,True,0.0,0.9137628522806239,0.9077315666341242,0.0060312856464996845,0.2475698880999291,0.2474648689799599,0.00010501911996921298,726716.239660276,726407.9667093845,308.27295089152176,1436090.1050185661,1455318.1507110922,-19228.045692526037,0.08623714771937607,0.09226843336587578,-0.006031285646499712
3268,3405.1604,14,3500.0,14,3500.0,0.0,False,False,0.008397895038540382,0.0,True,0.0,0.9572629322984495,0.9572629322984495,0.0,0.2619888462735203,0.2619888462735203,0.0,560238.2698948162,560238.2698948162,0.0,2503890.7784526623,2503890.7784526623,0.0,0.04273706770155046,0.04273706770155046,0.0
3274,3725.2249,15,3750.0,15,3750.0,0.0,False,False,0.006446628368460439,0.0,True,0.0,0.8379916312272402,0.8379916312272402,0.0,0.26350695159803106,0.26350695159803106,0.0,627039.408713893,627039.408713893,0.0,828881.7164314424,828881.7164314424,0.0,0.16200836877275987,0.16200836877275987,0.0
3276,5058.5435,21,5250.0,21,5250.0,0.0,False,False,0.0031710776757856163,0.0,True,0.0,0.8716975955181543,0.8716975955181543,0.0,0.2535579018586278,0.2535579018586278,0.0,762545.992113064,762545.992113064,0.0,1091585.2617841908,1091585.2617841908,0.0,0.1283024044818457,0.1283024044818457,0.0
3277,1356.6228,6,1500.0,6,1500.0,0.0,False,False,0.006819544467690397,0.0,True,0.0,0.3571682054000851,0.3571682054000851,0.0,0.3747821268064803,0.3747821268064803,0.0,2162517.7430785466,2162517.7430785466,0.0,100713.3622030929,100713.3622030929,0.0,0.6428317945999149,0.6428317945999149,0.0
3286,666.67676,3,750.0,2,500.0,250.0,False,True,0.00823735223793376,0.0,True,0.0,0.3230197437647778,0.3185696157025405,0.004450128062237324,0.37717259894808464,0.3767673810560096,0.0004052178920750382,1550261.398554421,1548595.8649026142,1665.5336518068798,52285.18284838141,72562.40046350092,-20277.21761511951,0.6769802562352222,0.6814303842974595,-0.004450128062237324
3288,3039.4778,13,3250.0,12,3000.0,250.0,False,True,0.002927988888752786,0.0,True,0.0,0.9783539612570237,0.9700472687317221,0.008306692525301584,0.33269151125305796,0.332191839350497,0.0004996719025609497,600103.4472927753,599202.1473764871,901.299916288117,4034124.1709866696,4051184.8045061203,-17060.63351945067,0.021646038742976336,0.029952731268277952,-0.008306692525301616
3295,533.0521,3,750.0,2,500.0,250.0,False,True,0.008299516544130747,0.0,True,0.0,0.34106932245083976,0.3364807610454218,0.004588561405417968,0.384057064652334,0.38369073030233575,0.0003663343499982763,1520548.938444244,1519098.5568257992,1450.3816184448078,72493.25297757637,92488.81161536589,-19995.558637789523,0.6589306775491602,0.6635192389545782,-0.004588561405417968
3312,8173.243,33,8250.0,32,8000.0,250.0,False,True,0.009910197393797615,0.0,True,0.0,0.7420084416828738,0.7388596576777404,0.0031487840051334093,0.28134373109382604,0.2812451713814771,9.855971234895566e-05,1407883.0429396585,1407389.8364722757,493.2064673828427,280733.9758207265,298202.43726371275,-17468.46144298627,0.2579915583171262,0.26114034232225963,-0.0031487840051334093
3316,3599.3035,15,3750.0,14,3500.0,250.0,False,True,0.0033030817378771893,0.0,True,0.0,0.9736585504676928,0.9656274779423367,0.008031072525356064,0.32430896430777223,0.32398761117590247,0.00032135313186976155,629619.1512073224,628995.2705614157,623.8806459066691,3878386.9776451346,3896116.0691830013,-17729.09153786674,0.026341449532307246,0.034372522057663314,-0.008031072525356068
3331,5569.0938,23,5750.0,22,5500.0,250.0,False,True,0.008788804036031217,0.0,True,0.0,0.6832157319609566,0.6799831103348064,0.003232621626150234,0.29564116922596406,0.29532073306897333,0.00032043615699073325,1246149.857424423,1244799.1948208585,1350.6626035645604,268705.7143583741,283778.12018501374,-15072.405826639617,0.31678426803904336,0.32001688966519354,-0.0032326216261501783
3340,854.42944,4,1000.0,3,750.0,250.0,False,True,0.009653082929459211,0.0,True,0.0,0.3459149739405134,0.34167073558383665,0.004244238356676755,0.3792026959072356,0.3791589972177415,4.369868949410938e-05,1780082.2066566586,1779877.0729367188,205.1337199397385,84223.84770934384,105774.63470885795,-21550.786999514108,0.6540850260594866,0.6583292644161634,-0.004244238356676755
3357,5200.3657,21,5250.0,22,5500.0,-250.0,True,False,0.002948025902527407,0.0,True,0.0,0.7180675894343422,0.7215395839024623,-0.0034719944681200765,0.2935066790514384,0.293447385849367,5.929320207137545e-05,1247819.4731293826,1247567.392964093,252.08016528957523,819286.8257852134,803273.1111226587,16013.714662554674,0.2819324105656578,0.2784604160975377,0.003471994468120132
3381,7721.204,31,7750.0,31,7750.0,0.0,False,False,0.006365107076198417,0.0,True,0.0,0.8934734806528054,0.8934734806528054,0.0,0.2422256247538818,0.2422256247538818,0.0,901048.1586692643,901048.1586692643,0.0,1186363.304466358,1186363.304466358,0.0,0.10652651934719458,0.10652651934719458,0.0
3382,3058.3147,13,3250.0,12,3000.0,250.0,False,True,0.004576498611819968,0.0,True,0.0,0.9702518712676674,0.961717217747066,0.008534653520601454,0.2682317342454633,0.2678659584059463,0.0003657758395170241,501507.4609781058,500823.5772718048,683.8837063009851,2643505.168457147,2660747.488338184,-17242.319881036878,0.02974812873233254,0.038282782252933995,-0.008534653520601454
3393,2540.9458,11,2750.0,10,2500.0,250.0,False,True,0.0026379646710046334,0.0,True,0.0,0.8538642613839308,0.8437574404535302,0.010106820930400606,0.23939703799586376,0.23894404724525822,0.0004529907506055364,366216.4181615227,365523.4578327908,692.9603287319187,235451.68330538322,251933.34117887868,-16481.657873495453,0.14613573861606924,0.15624255954646982,-0.010106820930400578
3398,4282.768,18,4500.0,17,4250.0,250.0,False,True,0.0057420344709118165,0.0,True,0.0,0.9358682457504457,0.9279730852774876,0.00789516047295813,0.246918043591941,0.2465296105922395,0.00038843299970151013,496770.685967265,495989.2034765284,781.4824907365837,1270658.5027078944,1288365.3119490817,-17706.809241187293,0.06413175424955425,0.07202691472251248,-0.007895160472958226
3403,5202.5825,21,5250.0,23,5750.0,-500.0,True,False,0.008361969550605197,0.0,True,0.0,0.5649784221823246,0.5721635465600954,-0.007185124377770746,0.3302816523769565,0.3298563287447601,0.0004253236321963838,1837829.2472633729,1835462.5635400196,2366.683723353315,219005.7534888712,177323.4481236337,41682.305365237524,0.4350215778176754,0.4278364534399047,0.007185124377770746
3407,2403.2476,10,2500.0,9,2250.0,250.0,False,True,0.003108213137046234,0.0,True,0.0,0.5251618366593982,0.5203404322834635,0.004821404375934701,0.3451068945974301,0.34492370836237274,0.0001831862350573643,1691291.9552438469,1690394.2003438026,897.7549000442959,841957.1764254579,866552.8704304072,-24595.6940049493,0.4748381633406018,0.4796595677165365,-0.004821404375934701
3409,2286.3582,10,2500.0,9,2250.0,250.0,False,True,0.008821244793463245,0.0,True,0.0,0.42475004239585656,0.4198770773805862,0.004872965015270347,0.34744067660871825,0.34732325910057016,0.00011741750814808771,1860943.433062145,1860314.5275959012,628.9054662438575,144985.80307746876,173800.31050969302,-28814.507432224258,0.5752499576041434,0.5801229226194138,-0.004872965015270347
3410,7411.126,30,7500.0,30,7500.0,0.0,False,False,0.008022938920227984,0.0,True,0.0,0.7845706299350677,0.7845706299350677,0.0,0.2601350875181946,0.2601350875181946,0.0,1235034.9976864317,1235034.9976864317,0.0,449280.10230242944,449280.10230242944,0.0,0.21542937006493235,0.21542937006493235,0.0
3414,5634.71,23,5750.0,22,5500.0,250.0,False,True,0.0016129346567588243,0.0,True,0.0,0.9528626326385143,0.9479864606664963,0.004876171972018062,0.2631169027635631,0.262902829232745,0.000214073530818093,839385.8305785101,838702.9011027399,682.9294757702155,3214431.327823108,3230923.582813587,-16492.254990478978,0.04713736736148569,0.05201353933350378,-0.00487617197201809
3425,4537.4863,19,4750.0,18,4500.0,250.0,False,True,0.001467306783877187,0.0,True,0.0,0.9595026065298417,0.9535194755675764,0.005983130962265215,0.2649373818837217,0.2645956391546102,0.00034174272911147163,648653.4703462586,647816.7722343211,836.6981119374977,2778839.5085587576,2795339.843307889,-16500.334749131463,0.040497393470158356,0.046480524432423544,-0.005983130962265187
3438,4469.427,18,4500.0,18,4500.0,0.0,False,False,0.00814389438862062,0.0,True,0.0,0.9198858019426204,0.9198858019426204,0.0,0.2507821156581273,0.2507821156581273,0.0,678551.8345005625,678551.8345005625,0.0,1729431.528939867,1729431.528939867,0.0,0.08011419805737958,0.08011419805737958,0.0
3439,7278.9814,30,7500.0,29,7250.0,250.0,False,True,0.0023415380787403794,0.0,True,0.0,0.880278020004198,0.8751373072112658,0.005140712792932156,0.24758462026801398,0.2473868419040478,0.00019777836396617232,825920.5892147729,825260.8179304175,659.7712843554327,927812.0042350977,946158.0207233896,-18346.016488291905,0.11972197999580197,0.1248626927887342,-0.0051407127929322255
3456,2711.8713,11,2750.0,12,3000.0,-250.0,True,False,0.00894922771541562,0.0,True,0.0,0.5696580529440143,0.5760349031574374,-0.0063768502134231575,0.3235786257384612,0.3232536151590083,0.000325010579452889,1158675.6755290232,1157511.8722900355,1163.8032389876898,252582.48015836763,228776.20050551053,23806.279652857105,0.4303419470559857,0.4239650968425626,0.006376850213423102
3459,7124.52,29,7250.0,29,7250.0,0.0,False,False,0.0018405921050419494,0.0,True,0.0,0.9088521975854517,0.9088521975854517,0.0,0.23129285696216584,0.23129285696216584,0.0,924462.7095484341,924462.7095484341,0.0,1464451.9273007913,1464451.9273007913,0.0,0.09114780241454833,0.09114780241454833,0.0
3473,3783.5596,16,4000.0,14,3500.0,500.0,False,True,0.007838580603552803,0.0,True,0.0,0.6147211047826475,0.605255696420707,0.009465408361940542,0.3154208773269425,0.31497646228375636,0.00044441504318615266,1430971.1357361833,1428954.9562604437,2016.1794757395983,692958.5320724675,740966.4720379462,-48007.93996547873,0.3852788952173524,0.3947443035792931,-0.009465408361940653
3475,2998.4302,12,3000.0,12,3000.0,0.0,False,False,0.00948378019649998,0.0,True,0.0,0.9516592243806862,0.9516592243806862,0.0,0.2858641660291409,0.2858641660291409,0.0,522857.23930210277,522857.23930210277,0.0,2332732.5326875728,2332732.5326875728,0.0,0.0483407756193138,0.0483407756193138,0.0
3478,4412.6367,18,4500.0,18,4500.0,0.0,False,False,0.0038887870575116112,0.0,True,0.0,0.9580648984840839,0.9580648984840839,0.0,0.29439076758183486,0.29439076758183486,0.0,686492.8164327692,686492.8164327692,0.0,3075670.1630812874,3075670.1630812874,0.0,0.041935101515916014,0.041935101515916014,0.0
3493,3513.6863,15,3750.0,14,3500.0,250.0,False,True,0.003277067329815031,0.0,True,0.0,0.9739342603057606,0.9670261476336368,0.006908112672123767,0.28114258765303235,0.2804985673315075,0.0006440203215248297,570745.0405993873,569437.6207323938,1307.4198669934412,3204180.6505861054,3219635.4031378604,-15454.752551754937,0.02606573969423939,0.03297385236636317,-0.006908112672123778
3501,2797.571,12,3000.0,11,2750.0,250.0,False,True,0.0053283328107159855,0.0,True,0.0,0.9748001488653459,0.9673351294153187,0.007465019450027199,0.2736065592144647,0.2719879146450116,0.0016186445694530982,433772.89766825363,431206.7159685076,2566.1816997460555,2317706.9833157468,2330248.5319720698,-12541.548656322993,0.02519985113465411,0.0326648705846813,-0.007465019450027192
3518,3414.8137,14,3500.0,14,3500.0,0.0,False,False,0.0060195598649389614,0.0,True,0.0,0.946166836548023,0.946166836548023,0.0,0.24133808270450174,0.24133808270450174,0.0,502987.0081880454,502987.0081880454,0.0,1828983.1466169218,1828983.1466169218,0.0,0.053833163451976924,0.053833163451976924,0.0
3526,942.62256,4,1000.0,4,1000.0,0.0,False,False,0.006806748898712356,0.0,True,0.0,0.3937921309092357,0.3937921309092357,0.0,0.3760125699066523,0.3760125699066523,0.0,1594151.986000284,1594151.986000284,0.0,186419.00363964343,186419.00363964343,0.0,0.6062078690907643,0.6062078690907643,0.0
3535,1040.8994,5,1250.0,4,1000.0,250.0,False,True,0.005245575743719755,0.0,True,0.0,0.3920300632900643,0.38776012115977976,0.004269942130284532,0.37572331046009616,0.3754820612745118,0.00024124918558438013,1678554.722458723,1677476.934766349,1077.7876923740841,240424.7345771208,261536.65683178592,-21111.922254665114,0.6079699367099357,0.6122398788402202,-0.004269942130284532
3545,4697.692,19,4750.0,20,5000.0,-250.0,True,False,0.0024470205180544546,0.0,True,0.0,0.8540313034168926,0.8621894232156124,-0.008158119798719832,0.2555797314789675,0.25553321932437095,4.651215459655633e-05,566655.7913331075,566552.6674209842,103.12391212326474,453981.79101320636,434141.9513059118,19839.839707294537,0.14596869658310738,0.1378105767843876,0.008158119798719776
3554,5121.2812,21,5250.0,20,5000.0,250.0,False,True,0.006272340368146834,0.0,True,0.0,0.9271820604430787,0.9202168577341608,0.0069652027089178725,0.22900823736369896,0.22893995590932148,6.828145437748345e-05,626419.6088855274,626232.8346347944,186.77425073296763,1421491.7238610932,1441348.1660918873,-19856.442230794113,0.07281793955692124,0.07978314226583914,-0.0069652027089179
3559,4925.7637,20,5000.0,20,5000.0,0.0,False,False,0.006921549097409163,0.0,True,0.0,0.9544352383859116,0.9544352383859116,0.0,0.2729809181357899,0.2729809181357899,0.0,780205.835546182,780205.835546182,0.0,3348033.141105913,3348033.141105913,0.0,0.04556476161408839,0.04556476161408839,0.0
3563,8486.301,34,8500.0,34,8500.0,0.0,False,False,0.00403312011383683,0.0,True,0.0,0.8730882117609968,0.8730882117609968,0.0,0.244573209799523,0.244573209799523,0.0,1181763.83746384,1181763.83746384,0.0,1493856.669079347,1493856.669079347,0.0,0.12691178823900323,0.12691178823900323,0.0
3567,6840.5845,28,7000.0,26,6500.0,500.0,False,True,0.00896990979220802,0.0,True,0.0,0.930192836491741,0.9216115896202095,0.0085812468715315,0.2430909097696108,0.24260079965992126,0.000490110109689551,927629.6458982145,925759.3963362982,1870.2495619163383,2275730.981456451,2312084.9808260542,-36353.999369603116,0.06980716350825897,0.07838841037979048,-0.008581246871531514
3568,788.4949,4,1000.0,3,750.0,250.0,False,True,0.0065879085892286415,0.0,True,0.0,0.356195545353437,0.3515384691557524,0.004657076197684629,0.3737343749594919,0.3737122275570658,2.2147402426120344e-05,1603576.878279887,1603481.850728706,95.0275511809159,67729.04364156158,89033.90363778401,-21304.859996222425,0.643804454646563,0.6484615308442476,-0.004657076197684629
3580,9533.463,39,9750.0,37,9250.0,500.0,False,True,0.007529846467411616,0.0,True,0.0,0.8242212913370528,0.8191232388783055,0.005098052458747282,0.24853321448457846,0.24808385744333006,0.0004493570412484049,1505660.8272014535,1502938.537966037,2722.289235416567,941209.9127822232,973269.5284443806,-32059.61566215742,0.17577870866294715,0.1808767611216945,-0.005098052458747365
3585,4169.832,17,4250.0,17,4250.0,0.0,False,False,0.008035564533511952,0.0,True,0.0,0.9232575308267577,0.9232575308267577,0.0,0.25537425424485566,0.25537425424485566,0.0,672648.2732600323,672648.2732600323,0.0,1935365.5397480347,1935365.5397480347,0.0,0.07674246917324234,0.07674246917324234,0.0
3586,7166.0664,29,7250.0,27,6750.0,500.0,False,True,0.0022341828528136265,0.0,True,0.0,0.8107265197695599,0.804020338085765,0.006706181683794887,0.2832692862407044,0.2829055654425895,0.0003637207981149193,1215858.467695043,1214297.2923973827,1561.1752976602875,1312291.599365129,1342900.383669982,-30608.784304853063,0.18927348023044016,0.19597966191423502,-0.00670618168379486
3599,9186.431,37,9250.0,36,9000.0,250.0,False,True,0.009619671980565236,0.0,True,0.0,0.7784269344003204,0.7755450442617255,0.002881890138594856,0.2790410353910436,0.2786619687054128,0.00037906668563075785,1505123.5541578236,1503078.9007743532,2044.6533834703732,743194.1422264922,760884.9288576106,-17690.78663111839,0.2215730655996796,0.22445495573827445,-0.002881890138594856
3603,4279.5684,18,4500.0,17,4250.0,250.0,False,True,0.007199597473202424,0.0,True,0.0,0.7534052236353945,0.748701466025142,0.004703757610252546,0.30430861046709995,0.3042720977636287,3.651270347126978e-05,908301.142489013,908192.1592754673,108.98321354575455,946961.1160215479,962058.86850728,-15097.752485732082,0.2465947763646055,0.251298533974858,-0.004703757610252518
3616,2645.467,11,2750.0,10,2500.0,250.0,False,True,0.0055538202020776195,0.0,True,0.0,0.977815478851473,0.9677726831383293,0.010042795713143704,0.37275196873031263,0.37264030746887605,0.00011166126143657973,559823.0794966472,559655.3793730213,167.70012362592388,3867092.5531720053,3883197.1462560464,-16104.59308404103,0.02218452114852698,0.03222731686167069,-0.010042795713143711
3617,4781.163,20,5000.0,19,4750.0,250.0,False,True,0.007850928010794789,0.0,True,0.0,0.8291423471204568,0.8245043918164243,0.004637955304032437,0.29299902630796426,0.29276842528360725,0.00023060102435701335,919496.7095078002,918773.0317339275,723.6777738726232,1636126.545997032,1652676.4213745706,-16549.875377538614,0.17085765287954327,0.17549560818357568,-0.0046379553040324095
3620,2453.8289,10,2500.0,11,2750.0,-250.0,True,False,0.006611663673044443,0.0,True,0.0,0.9572346358907607,0.970140928977089,-0.012906293086328291,0.26073443799872686,0.2598352714694298,0.0008991665292970574,410551.41500390467,409135.5909426088,1415.8240612958907,2498220.272787546,2476810.654455704,21409.61833184166,0.04276536410923922,0.029859071022911004,0.012906293086328218
3626,4957.0264,20,5000.0,20,5000.0,0.0,False,False,0.009581696299627573,0.0,True,0.0,0.7200108921883954,0.7200108921883954,0.0,0.31279437752067507,0.31279437752067507,0.0,1175044.2662095507,1175044.2662095507,0.0,1265809.2051223223,1265809.2051223223,0.0,0.27998910781160463,0.27998910781160463,0.0
3630,2792.5596,12,3000.0,12,3000.0,0.0,False,False,0.0018416261491376318,0.0,True,0.0,0.9195730326420632,0.9195730326420632,0.0,0.29287233012857095,0.29287233012857095,0.0,478376.04894591734,478376.04894591734,0.0,1544887.448757119,1544887.448757119,0.0,0.08042696735793672,0.08042696735793672,0.0
3631,2714.3135,11,2750.0,11,2750.0,0.0,False,False,0.006506092277078435,0.0,True,0.0,0.87757387668253,0.87757387668253,0.0,0.292643918700275,0.292643918700275,0.0,542929.187274007,542929.187274007,0.0,1546576.1036886575,1546576.1036886575,0.0,0.12242612331747,0.12242612331747,0.0
3635,4173.5376,17,4250.0,17,4250.0,0.0,False,False,0.006300673016903957,0.0,True,0.0,0.9463600722590539,0.9463600722590539,0.0,0.26309667030626976,0.26309667030626976,0.0,668137.3425529131,668137.3425529131,0.0,2472851.8010656997,2472851.8010656997,0.0,0.053639927740946114,0.053639927740946114,0.0
3641,1086.2025,5,1250.0,5,1250.0,0.0,False,False,0.0035443053544007563,0.0,True,0.0,0.4144257683604583,0.4144257683604583,0.0,0.36243023585370854,0.36243023585370854,0.0,1373181.370446994,1373181.370446994,0.0,103487.05447723398,103487.05447723398,0.0,0.5855742316395417,0.5855742316395417,0.0
3651,3630.9177,15,3750.0,16,4000.0,-250.0,True,False,0.004616345452988613,0.0,True,0.0,0.6799011857345525,0.6845967906679437,-0.004695604933391162,0.3020100498819331,0.30177217886375285,0.0002378710181802357,968687.274156441,967924.310711046,762.9634453949984,499563.28394430486,483843.271145969,15720.012798335869,0.32009881426544756,0.31540320933205634,0.0046956049333912175
3652,4759.1035,20,5000.0,19,4750.0,250.0,False,True,0.0072160163802456045,0.0,True,0.0,0.9547045350518084,0.9490066143357963,0.0056979207160121614,0.2662704636663807,0.2657876098774312,0.0004828537889494666,689132.1036336862,687882.4342458597,1249.6693878264632,2673769.0503789494,2689539.3168361303,-15770.266457180958,0.045295464948191574,0.050993385664203736,-0.0056979207160121614
3654,4910.666,20,5000.0,20,5000.0,0.0,False,False,0.006112478277317757,0.0,True,0.0,0.8285176159110689,0.8285176159110689,0.0,0.2662384780598373,0.2662384780598373,0.0,831390.9180203681,831390.9180203681,0.0,962931.7117356182,962931.7117356182,0.0,0.17148238408893116,0.17148238408893116,0.0
3661,4543.5225,19,4750.0,18,4500.0,250.0,False,True,0.003764613714977383,0.0,True,0.0,0.8153784162121418,0.8079515512339134,0.00742686497822842,0.2684959245847936,0.2684546976273018,4.1226957491813376e-05,622845.2568091357,622749.620292618,95.63651651761029,279977.4976579616,299069.7807872591,-19092.283129297488,0.18462158378785815,0.19204844876608665,-0.0074268649782285034
3668,3386.1091,14,3500.0,15,3750.0,-250.0,True,False,0.004623337501815983,0.0,True,0.0,0.6978856978487836,0.7030075989243962,-0.0051219010756126115,0.28915894218590543,0.289102033498992,5.69086869134372e-05,839710.7643723947,839545.502884625,165.26148776966147,325595.6513723909,310130.4883640243,15465.163008366595,0.3021143021512164,0.2969924010756038,0.005121901075612556
3670,3589.3977,15,3750.0,14,3500.0,250.0,False,True,0.003990028546083546,0.0,True,0.0,0.8528137709163082,0.8467664948779468,0.0060472760383614155,0.27437915063945995,0.2740235059318871,0.00035564470757282196,689668.6727711227,688774.7381814201,893.9345897025196,1295227.1168611438,1311812.3175303584,-16585.200669214595,0.14718622908369186,0.1532335051220532,-0.006047276038361332
3671,4690.378,19,4750.0,20,5000.0,-250.0,True,False,0.008290457944477247,0.0,True,0.0,0.6324205150196276,0.6362323366590075,-0.0038118216393798754,0.3085188588318851,0.3083988071438115,0.000120051688073608,1173130.3456196385,1172673.8539845557,456.49163508275524,97865.04788138985,81772.82160846743,16092.226272922417,0.36757948498037246,0.3637676633409926,0.0038118216393798754
3683,3649.6526,15,3750.0,15,3750.0,0.0,False,False,0.003714783863375981,0.0,True,0.0,0.970988838840381,0.970988838840381,0.0,0.28890114577626863,0.28890114577626863,0.0,636859.4243855891,636859.4243855891,0.0,3482350.4500578493,3482350.4500578493,0.0,0.029011161159618968,0.029011161159618968,0.0
3684,4205.6562,17,4250.0,17,4250.0,0.0,False,False,0.009555220430100042,0.0,True,0.0,0.9466143682979048,0.9466143682979048,0.0,0.24710537276149985,0.24710537276149985,0.0,555566.8682810345,555566.8682810345,0.0,1935880.4201640792,1935880.4201640792,0.0,0.053385631702095225,0.053385631702095225,0.0
3688,2212.3923,9,2250.0,10,2500.0,-250.0,True,False,0.00848921216891163,0.0,True,0.0,0.554144555987906,0.5597708213307924,-0.00562626534288635,0.355705203677221,0.35545529291186073,0.000249910765360295,1368758.8752038702,1367797.214889206,961.6603146642447,1042526.5487527901,1018699.8343995473,23826.714353242773,0.445855444012094,0.4402291786692076,0.005626265342886405
3692,7972.329,32,8000.0,33,8250.0,-250.0,True,False,0.007458900987402428,0.0,True,0.0,0.6869698647184205,0.690529727213913,-0.0035598624954925606,0.2990512712117638,0.29886669268259847,0.00018457852916531348,1411237.5229312398,1410366.4878567858,871.0350744540337,216357.6284454392,198717.66933803304,17639.959107406146,0.3130301352815795,0.309470272786087,0.003559862495492505
3698,4891.184,20,5000.0,19,4750.0,250.0,False,True,0.0035861510840089483,0.0,True,0.0,0.8416499895813969,0.8364197627300721,0.005230226851324793,0.26750831893717636,0.2674389574083739,6.936152880243629e-05,782644.336507045,782441.4067144152,202.9297926297877,861131.7851609493,878404.8491721973,-17273.064011247945,0.15835001041860303,0.1635802372699279,-0.005230226851324876
3720,668.0836,3,750.0,2,500.0,250.0,False,True,0.00231293670954702,0.0,True,0.0,0.3156811665218766,0.3118718455171283,0.0038093210047482895,0.39241306168463186,0.392180816664376,0.00023224502025587235,1902579.277362479,1901453.258363742,1126.0189987369813,121328.8474125679,140814.0410373835,-19485.193624815583,0.6843188334781234,0.6881281544828717,-0.0038093210047482895
3725,3728.2834,15,3750.0,15,3750.0,0.0,False,False,0.008678204865175232,0.0,True,0.0,0.9597660777483691,0.9597660777483691,0.0,0.282636823645348,0.282636823645348,0.0,584288.7012776209,584288.7012776209,0.0,2938393.610609399,2938393.610609399,0.0,0.04023392225163088,0.04023392225163088,0.0
3734,2542.6528,11,2750.0,11,2750.0,0.0,False,False,0.00936107274411957,0.0,True,0.0,0.6291023984636978,0.6291023984636978,0.0,0.3108057357291014,0.3108057357291014,0.0,828303.9095814698,828303.9095814698,0.0,186028.89461094094,186028.89461094094,0.0,0.37089760153630225,0.37089760153630225,0.0
3750,0.0,0,0.0,0,0.0,0.0,False,False,0.0027726556440962336,0.0,True,0.0,0.19049611317847237,0.19049611317847237,0.0,0.42036263580135275,0.42036263580135275,0.0,2182991.942766185,2182991.942766185,0.0,5671.691918335594,5671.691918335594,0.0,0.8095038868215276,0.8095038868215276,0.0
3752,3627.14,15,3750.0,14,3500.0,250.0,False,True,0.0034807011768224205,0.0,True,0.0,0.9751348565420636,0.9676147998740222,0.007520056668041342,0.3165918872248903,0.31657672567728545,1.5161547604836123e-05,662811.4586968665,662779.7167354027,31.74196146382019,4149149.939613851,4165848.0666326513,-16698.12701880047,0.024865143457936445,0.03238520012597776,-0.007520056668041314
3754,4416.4185,18,4500.0,18,4500.0,0.0,False,False,0.006868287033852782,0.0,True,0.0,0.6077332410939571,0.6077332410939571,0.0,0.31044788739019463,0.31044788739019463,0.0,1381287.1462653542,1381287.1462653542,0.0,160301.49527253024,160301.49527253024,0.0,0.3922667589060429,0.3922667589060429,0.0
3755,567.79065,3,750.0,2,500.0,250.0,False,True,0.009235937270202998,0.0,True,0.0,0.36335218509909617,0.357725890536003,0.005626294563093159,0.37206466130113564,0.37190784362794965,0.00015681767318598272,1289120.5490273028,1288577.2109842654,543.3380430373363,85668.9799456101,107129.83577109357,-21460.855825483464,0.6366478149009038,0.642274109463997,-0.005626294563093159
3773,6303.635,26,6500.0,25,6250.0,250.0,False,True,0.005905674164329966,0.0,True,0.0,0.934911640692136,0.9301462711144801,0.004765369577655831,0.23554605829344002,0.23526385570149141,0.0002822025919486104,751754.7996812533,750854.1386618463,900.6610194069799,1790855.0487125744,1807620.8516284018,-16765.80291582737,0.06508835930786404,0.06985372888551994,-0.004765369577655901
3779,1622.0161,7,1750.0,7,1750.0,0.0,False,False,0.002688790753700432,0.0,True,0.0,0.5842583658330591,0.5842583658330591,0.0,0.3316878702228187,0.3316878702228187,0.0,870810.7790938466,870810.7790938466,0.0,573544.5266789182,573544.5266789182,0.0,0.4157416341669409,0.4157416341669409,0.0
3786,6423.172,26,6500.0,25,6250.0,250.0,False,True,0.0034519672082440334,0.0,True,0.0,0.7500307707871362,0.7460567915301051,0.003973979257031135,0.27426421461206324,0.2742621775983377,2.0370137255310006e-06,1145970.0453346341,1145961.5339919687,8.511342665413395,305765.1772409139,324149.8012308897,-18384.62398997578,0.2499692292128638,0.2539432084698949,-0.0039739792570310795
3789,2244.8494,9,2250.0,8,2000.0,250.0,False,True,0.0026575239764383696,0.0,True,0.0,0.5472202008614319,0.5414692345831614,0.005750966278270431,0.3330004888795824,0.3329707105610391,2.9778318543283167e-05,1375942.8993527459,1375819.856692682,123.04266006383114,547020.7725437623,573679.1270869481,-26658.354543185793,0.45277979913856814,0.45853076541683857,-0.005750966278270431
3794,4667.2417,19,4750.0,19,4750.0,0.0,False,False,0.004473564159751198,0.0,True,0.0,0.7859883988716434,0.7859883988716434,0.0,0.2911690163295956,0.2911690163295956,0.0,948682.2345242945,948682.2345242945,0.0,1177893.4998070216,1177893.4998070216,0.0,0.21401160112835665,0.21401160112835665,0.0
3800,4196.2246,17,4250.0,17,4250.0,0.0,False,False,0.009808651349290765,0.0,True,0.0,0.9460725969727586,0.9460725969727586,0.0,0.24308963984721146,0.24308963984721146,0.0,609004.6026740836,609004.6026740836,0.0,2074223.442914271,2074223.442914271,0.0,0.053927403027241444,0.053927403027241444,0.0
3809,6028.3193,25,6250.0,25,6250.0,0.0,False,False,0.004056600962223378,0.0,True,0.0,0.6010434312798781,0.6010434312798781,0.0,0.32329120506277603,0.32329120506277603,0.0,1761023.5625905958,1761023.5625905958,0.0,123006.59416747424,123006.59416747424,0.0,0.39895656872012186,0.39895656872012186,0.0
3811,6922.664,28,7000.0,27,6750.0,250.0,False,True,0.009996420105226833,0.0,True,0.0,0.6993235478413828,0.6962983665692859,0.003025181272096944,0.2978180024192351,0.29774191481165085,7.608760758426314e-05,1477339.4231203771,1476961.9871649211,377.43595545599237,428713.9351873444,445758.8835935171,-17044.94840617274,0.3006764521586172,0.3037016334307141,-0.0030251812720968885
3814,3738.4324,15,3750.0,15,3750.0,0.0,False,False,0.006688656154969608,0.0,True,0.0,0.6395786881317906,0.6395786881317906,0.0,0.3070772591812461,0.3070772591812461,0.0,864320.500056919,864320.500056919,0.0,99346.64628385329,99346.64628385329,0.0,0.3604213118682093,0.3604213118682093,0.0
3828,4335.1294,18,4500.0,16,4000.0,500.0,False,True,0.007215664718717596,0.0,True,0.0,0.5858004982600281,0.5773099282676625,0.008490569992365637,0.32442781226622924,0.3242300313583881,0.00019778090784111635,1648041.8015077503,1647037.1058825958,1004.6956251545344,333690.13657737954,378476.4427575043,-44786.30618012475,0.4141995017399719,0.4226900717323375,-0.008490569992365637
3829,9272.0205,38,9500.0,37,9250.0,250.0,False,True,0.004735638010391785,0.0,True,0.0,0.8174772700746209,0.8137673716328421,0.003709898441778825,0.2528922665572005,0.25279021367969556,0.0001020528775049212,1231257.359827761,1230760.4946676274,496.86516013368964,589528.3580121826,608576.950024175,-19048.592011992354,0.18252272992537905,0.18623262836715793,-0.0037098984417788805
3833,6061.9546,25,6250.0,25,6250.0,0.0,False,False,0.008556522007190814,0.0,True,0.0,0.6147528040304824,0.6147528040304824,0.0,0.3094505548367857,0.3094505548367857,0.0,1874385.7243447308,1874385.7243447308,0.0,248786.3209094971,248786.3209094971,0.0,0.38524719596951756,0.38524719596951756,0.0
3842,4004.7385,17,4250.0,16,4000.0,250.0,False,True,0.0054632433107232314,0.0,True,0.0,0.8540539767861718,0.8485465080763772,0.005507468709794572,0.27719227337561725,0.27695019943668947,0.00024207393892777818,785435.2182021086,784749.2921669874,685.9260351211997,1580828.5558463556,1597352.9718220015,-16524.415975645883,0.1459460232138282,0.15145349192362273,-0.005507468709794516
3849,5109.1514,21,5250.0,21,5250.0,0.0,False,False,0.004606372061292996,0.0,True,0.0,0.8647876926481636,0.8647876926481636,0.0,0.2566381247823105,0.2566381247823105,0.0,695870.0153951627,695870.0153951627,0.0,800331.7536598702,800331.7536598702,0.0,0.1352123073518364,0.1352123073518364,0.0
3853,7122.746,29,7250.0,28,7000.0,250.0,False,True,0.009147292578023603,0.0,True,0.0,0.7728856181924466,0.7696135994868771,0.0032720187055694794,0.2767947149565004,0.276709153236154,8.55617203463499e-05,1306996.530091552,1306592.5163385477,404.0137530043721,724588.9285310362,741688.6005092562,-17099.671978219994,0.22711438180755333,0.23038640051312284,-0.003272018705569507
3857,2337.0745,10,2500.0,8,2000.0,500.0,False,True,0.008425805997322566,0.0,True,0.0,0.6933950033720173,0.6773504944375373,0.016044508934480062,0.3319883036655681,0.33140164584447507,0.0005866578210930173,761813.9046947777,760467.7003843486,1346.2043104290497,1156512.4926298023,1196944.4822423928,-40431.98961259052,0.30660499662798274,0.3226495055624627,-0.01604450893447995
3860,2849.8025,12,3000.0,11,2750.0,250.0,False,True,0.009263916524943627,0.0,True,0.0,0.959677165168988,0.949816002842157,0.009861162326831097,0.25114336470950654,0.2510868988440999,5.646586540664078e-05,406982.0903017755,406890.58640733466,91.50389444082975,1718225.6418863332,1735585.8552945287,-17360.213408195414,0.040322834831012,0.0501839971578431,-0.009861162326831104
3862,599.2687,3,750.0,2,500.0,250.0,False,True,0.0042777794091117816,0.0,True,0.0,0.3568102132171773,0.35114474312580835,0.005665470091368974,0.37355667906920054,0.3732078482304984,0.00034883083870212994,1225727.9420411803,1224583.3454377726,1144.5966034077574,72887.6687478045,92176.0333103522,-19288.364562547693,0.6431897867828227,0.6488552568741917,-0.005665470091368974
3864,7444.502,30,7500.0,28,7000.0,500.0,False,True,0.0016389726914963765,0.0,True,0.0,0.9006061333690993,0.8912512732799839,0.009354860089115458,0.23075312371357862,0.23055492923621468,0.0001981944773639388,916243.1643952476,915456.2006818939,786.9637133537326,1260739.483403511,1302044.6326058195,-41305.149202308385,0.09939386663090065,0.10874872672001615,-0.0093548600891155
3866,3813.2507,16,4000.0,17,4250.0,-250.0,True,False,0.006241577480665228,0.0,True,0.0,0.7204273207849026,0.7249237044222978,-0.00449638363739524,0.30540475929231087,0.3052628425517096,0.0001419167406012667,980023.5089991605,979568.1076411986,455.401357961935,926124.012415301,910107.932860879,16016.07955442206,0.2795726792150974,0.27507629557770213,0.00449638363739524
3872,5564.4272,23,5750.0,23,5750.0,0.0,False,False,0.0035496507246007836,0.0,True,0.0,0.9325866413156295,0.9325866413156295,0.0,0.25302999701944534,0.25302999701944534,0.0,657755.2898635673,657755.2898635673,0.0,2040839.7662299054,2040839.7662299054,0.0,0.06741335868437053,0.06741335868437053,0.0
3882,1497.1852,6,1500.0,5,1250.0,250.0,False,True,0.008293840321330959,0.0,True,0.0,0.4192329179662869,0.41500567137752953,0.004227246588757394,0.3635018230022096,0.363499671972649,2.1510295606375074e-06,1917712.3013470022,1917700.95324477,11.348102232208475,277607.3068553816,301169.1591455785,-23561.852290196926,0.5807670820337131,0.5849943286224705,-0.004227246588757394
3898,2432.9363,10,2500.0,10,2500.0,0.0,False,False,0.008197430913119974,0.0,True,0.0,0.5500660523934366,0.5500660523934366,0.0,0.329300386983217,0.329300386983217,0.0,1474182.9647220452,1474182.9647220452,0.0,626832.905929367,626832.905929367,0.0,0.4499339476065633,0.4499339476065633,0.0
3899,2981.672,12,3000.0,12,3000.0,0.0,False,False,0.009033134289215594,0.0,True,0.0,0.9540302707442523,0.9540302707442523,0.0,0.26212882047965463,0.26212882047965463,0.0,427312.0169193328,427312.0169193328,0.0,1746819.419921917,1746819.419921917,0.0,0.0459697292557477,0.0459697292557477,0.0
3901,8710.849,35,8750.0,36,9000.0,-250.0,True,False,0.0010209251828487975,0.0,True,0.0,0.8395806918731311,0.8440842167948546,-0.004503524921723456,0.25555121172370737,0.2551077968827751,0.0004434148409322991,1073135.2173647995,1071273.1871341579,1862.0302306415979,690291.2521342906,670003.589229675,20287.66290461563,0.1604193081268689,0.15591578320514546,0.0045035249217234286
3911,5143.2314,21,5250.0,20,5000.0,250.0,False,True,0.0028498429317052043,0.0,True,0.0,0.9442466458589914,0.9387977439473636,0.005448901911627835,0.2676556384374625,0.26731717678394007,0.000338461653522415,767866.755870634,766895.7565171584,970.9993534756359,2700302.070136134,2717237.79184694,-16935.72171080578,0.05575335414100859,0.06120225605263641,-0.005448901911627821
3915,767.2113,4,1000.0,4,1000.0,0.0,False,False,0.001196971696318827,0.0,True,0.0,0.4503466306968228,0.4503466306968228,0.0,0.35498418409685784,0.35498418409685784,0.0,949760.2703081942,949760.2703081942,0.0,138331.13238710008,138331.13238710008,0.0,0.5496533693031772,0.5496533693031772,0.0
3918,6696.404,27,6750.0,27,6750.0,0.0,False,False,0.008194806683584965,0.0,True,0.0,0.8942040258227157,0.8942040258227157,0.0,0.22902047126550268,0.22902047126550268,0.0,873800.712927252,873800.712927252,0.0,1140088.1571973606,1140088.1571973606,0.0,0.1057959741772843,0.1057959741772843,0.0
3921,9461.35,38,9500.0,38,9500.0,0.0,False,False,0.0070776015608176035,0.0,True,0.0,0.8547647221471733,0.8547647221471733,0.0,0.24483239565939238,0.24483239565939238,0.0,1227831.405002044,1227831.405002044,0.0,910909.7780058153,910909.7780058153,0.0,0.1452352778528268,0.1452352778528268,0.0
3927,4455.954,18,4500.0,18,4500.0,0.0,False,False,0.009940319057919589,0.0,True,0.0,0.9572629220155442,0.9572629220155442,0.0,0.28915750921075745,0.28915750921075745,0.0,710258.5161654853,710258.5161654853,0.0,3228770.0572355124,3228770.0572355124,0.0,0.042737077984455835,0.042737077984455835,0.0
3928,3340.0017,14,3500.0,13,3250.0,250.0,False,True,0.005731287706734811,0.0,True,0.0,0.9574363507559718,0.9496855805024901,0.007750770253481698,0.3072235928973341,0.3070549794356004,0.00016861346173369096,601955.5192366106,601625.1481119486,330.37112466199324,2820930.9071916426,2837811.2668240257,-16880.3596323831,0.04256364924402825,0.05031441949750997,-0.007750770253481719
3945,3231.2278,13,3250.0,13,3250.0,0.0,False,False,0.0035484001523643505,0.0,True,0.0,0.9701572952291442,0.9701572952291442,0.0,0.30299109201567215,0.30299109201567215,0.0,569127.9343044882,569127.9343044882,0.0,3636498.0880854465,3636498.0880854465,0.0,0.029842704770855835,0.029842704770855835,0.0
3948,5526.6094,23,5750.0,23,5750.0,0.0,False,False,0.002543491680315979,0.0,True,0.0,0.8964720332472548,0.8964720332472548,0.0,0.2510077073273608,0.2510077073273608,0.0,786834.9168243853,786834.9168243853,0.0,1372963.1375060477,1372963.1375060477,0.0,0.10352796675274527,0.10352796675274527,0.0
3950,5128.577,21,5250.0,21,5250.0,0.0,False,False,0.0030037438062208155,0.0,True,0.0,0.9442007616482335,0.9442007616482335,0.0,0.24954151863738783,0.24954151863738783,0.0,693477.4059332325,693477.4059332325,0.0,2257151.5861991574,2257151.5861991574,0.0,0.0557992383517665,0.0557992383517665,0.0
3955,805.81305,4,1000.0,4,1000.0,0.0,False,False,0.006004603905524375,0.0,True,0.0,0.3758314354424187,0.3758314354424187,0.0,0.37438033165572876,0.37438033165572876,0.0,1540700.7703009683,1540700.7703009683,0.0,201722.80624769558,201722.80624769558,0.0,0.6241685645575813,0.6241685645575813,0.0
3968,5264.674,22,5500.0,21,5250.0,250.0,False,True,0.0033511953887973567,0.0,True,0.0,0.8326633401347602,0.8281146657764322,0.004548674358327953,0.2591117517840738,0.2583759124399469,0.0007358393441269095,804236.9714249321,801953.0564673848,2283.9149575473275,660173.6644536642,675428.0024769014,-15254.338023237186,0.16733665986523982,0.17188533422356775,-0.0045486743583279254
3970,4495.165,18,4500.0,17,4250.0,250.0,False,True,0.009788102953371625,0.0,True,0.0,0.7866656663403127,0.7816731580115522,0.004992508328760414,0.29059410480148345,0.2905371209748107,5.698382667274071e-05,878959.916248777,878787.5572824653,172.3589663116727,1048970.7986738905,1066156.855807466,-17186.057133575436,0.2133343336596874,0.21832684198844773,-0.004992508328760331
3975,3399.5845,14,3500.0,15,3750.0,-250.0,True,False,0.009366897653037554,0.0,True,0.0,0.6531979998283031,0.6582137563044235,-0.005015756476120403,0.311705669870794,0.3114625909453463,0.00024307892544772614,1021759.6602781685,1020962.8565485821,796.8037295864196,429604.61482125847,412073.180664079,17531.434157179494,0.34680200017169693,0.3417862436955765,0.005015756476120459
3979,4807.3633,20,5000.0,19,4750.0,250.0,False,True,0.0013900961782116195,0.0,True,0.0,0.7389187274736788,0.7343986859306548,0.004520041543023989,0.2834392875825993,0.2833568777756295,8.240980696977429e-05,932147.8603903527,931876.8389455233,271.02144482941367,254841.394887966,270737.20138988184,-15895.806501915853,0.26108127252632124,0.2656013140693451,-0.004520041543023878
3997,5278.013,22,5500.0,21,5250.0,250.0,False,True,0.006209792296476002,0.0,True,0.0,0.8975991697475761,0.8922033449113382,0.005395824836237906,0.26441977183076437,0.26440880069575834,1.097113500603264e-05,808336.4115746297,808302.8726004437,33.53897418605629,1710239.8940364996,1728680.4969805998,-18440.602944100276,0.10240083025242387,0.10779665508866182,-0.005395824836237947
4001,3347.741,14,3500.0,13,3250.0,250.0,False,True,0.003176974393658605,0.0,True,0.0,0.9488472962591834,0.9410031953808363,0.007844100878347082,0.27785837570175237,0.27746294261844195,0.0003954330833104147,534869.6272904614,534108.4296286872,761.197661774233,2063608.3410190055,2079484.653943413,-15876.312924407423,0.051152703740816624,0.058996804619163686,-0.007844100878347061
4011,4282.065,18,4500.0,18,4500.0,0.0,False,False,0.00835871181327641,0.0,True,0.0,0.8446771533291151,0.8446771533291151,0.0,0.27480801010697425,0.27480801010697425,0.0,755532.6513860915,755532.6513860915,0.0,1185661.6369206088,1185661.6369206088,0.0,0.15532284667088495,0.15532284667088495,0.0
4023,7928.84,32,8000.0,32,8000.0,0.0,False,False,0.005928039287222964,0.0,True,0.0,0.7623441997746684,0.7623441997746684,0.0,0.2785608748691287,0.2785608748691287,0.0,1491343.24941213,1491343.24941213,0.0,924998.3396529871,924998.3396529871,0.0,0.2376558002253316,0.2376558002253316,0.0
4035,3153.5745,13,3250.0,13,3250.0,0.0,False,False,0.003046832387547993,0.0,True,0.0,0.9467230596967905,0.9467230596967905,0.0,0.26576006719662426,0.26576006719662426,0.0,503595.45776741114,503595.45776741114,0.0,1892097.312571169,1892097.312571169,0.0,0.05327694030320951,0.05327694030320951,0.0
4038,4742.6055,19,4750.0,19,4750.0,0.0,False,False,0.006903139270485581,0.0,True,0.0,0.8418541719994815,0.8418541719994815,0.0,0.28407270403319357,0.28407270403319357,0.0,870550.7067155398,870550.7067155398,0.0,1602062.4058450332,1602062.4058450332,0.0,0.15814582800051843,0.15814582800051843,0.0
4053,2943.907,12,3000.0,12,3000.0,0.0,False,False,0.0024849709455894153,0.0,True,0.0,0.9236544564663559,0.9236544564663559,0.0,0.291976805438152,0.291976805438152,0.0,507975.0973586839,507975.0973586839,0.0,1794746.1161507186,1794746.1161507186,0.0,0.07634554353364408,0.07634554353364408,0.0
4054,2842.2131,12,3000.0,11,2750.0,250.0,False,True,0.0020204519597447623,0.0,True,0.0,0.5636587992353888,0.5580514940144163,0.005607305220972414,0.322900289946016,0.3227562879492975,0.00014400199671849023,1410167.5899960324,1409538.7056159624,628.884380070027,371234.7594864308,397597.8501874899,-26363.09070105909,0.4363412007646113,0.4419485059855837,-0.005607305220972414
4059,3272.4705,14,3500.0,13,3250.0,250.0,False,True,0.002578069120722004,0.0,True,0.0,0.5944387285767931,0.5903782361734216,0.004060492403371585,0.33034208451397634,0.3299309118419228,0.00041117267205353913,1141837.2360228319,1140416.0054579268,1421.2305649050977,109463.59121091371,124587.07594078388,-15123.484729870164,0.4055612714232068,0.40962176382657844,-0.0040604924033716405
4074,3624.8108,15,3750.0,15,3750.0,0.0,False,False,0.00999578114356281,0.0,True,0.0,0.9690173729033735,0.9690173729033735,0.0,0.3049680918711211,0.3049680918711211,0.0,570623.2640617243,570623.2640617243,0.0,3255311.547156669,3255311.547156669,0.0,0.03098262709662647,0.03098262709662647,0.0
4092,7898.621,32,8000.0,32,8000.0,0.0,False,False,0.0034930718134528194,0.0,True,0.0,0.7853562021697722,0.7853562021697722,0.0,0.2627702393984687,0.2627702393984687,0.0,1238471.1930405344,1238471.1930405344,0.0,397317.6446699114,397317.6446699114,0.0,0.21464379783022774,0.21464379783022774,0.0
4094,1642.1863,7,1750.0,7,1750.0,0.0,False,False,0.002678822311141249,0.0,True,0.0,0.41857417572626987,0.41857417572626987,0.0,0.36803641784210805,0.36803641784210805,0.0,2044514.49901229,2044514.49901229,0.0,209190.08184371184,209190.08184371184,0.0,0.5814258242737301,0.5814258242737301,0.0
4099,3033.91,13,3250.0,13,3250.0,0.0,False,False,0.0013668157220227961,0.0,True,0.0,0.6235113081667563,0.6235113081667563,0.0,0.31784461738353215,0.31784461738353215,0.0,823202.0964059294,823202.0964059294,0.0,60566.75428487002,60566.75428487002,0.0,0.37648869183324374,0.37648869183324374,0.0
4105,4342.1855,18,4500.0,18,4500.0,0.0,False,False,0.006221988813076784,0.0,True,0.0,0.7177797935758078,0.7177797935758078,0.0,0.2870453929818405,0.2870453929818405,0.0,973481.8933458194,973481.8933458194,0.0,299690.69262530236,299690.69262530236,0.0,0.2822202064241922,0.2822202064241922,0.0
4112,2998.652,12,3000.0,12,3000.0,0.0,False,False,0.002317796733569577,0.0,True,0.0,0.944236851663212,0.944236851663212,0.0,0.2752945868147795,0.2752945868147795,0.0,473773.7330161138,473773.7330161138,0.0,1860561.9546267197,1860561.9546267197,0.0,0.055763148336787915,0.055763148336787915,0.0
4118,4303.5015,18,4500.0,17,4250.0,250.0,False,True,0.003033971894620402,0.0,True,0.0,0.9581531800934415,0.9520781148887939,0.006075065204647623,0.297877774456988,0.2973892811271081,0.0004884933298798799,714391.9862025558,713220.4462284314,1171.5399741244037,3227736.446776754,3244229.632300091,-16493.185523336753,0.04184681990655845,0.04792188511120614,-0.006075065204647692
4120,2817.9697,12,3000.0,11,2750.0,250.0,False,True,0.0029858194773147995,0.0,True,0.0,0.9822100159325905,0.9740869077499934,0.008123108182597094,0.3490356529444748,0.34822178997350706,0.0008138629709677492,594571.3736745778,593184.9834289139,1386.3902456639335,4282249.288337449,4296623.497760869,-14374.20942342002,0.017789984067409538,0.02591309225000661,-0.008123108182597073
4148,2648.701,11,2750.0,12,3000.0,-250.0,True,False,0.002575892288936399,0.0,True,0.0,0.5141275739189055,0.5187684785084763,-0.004640904589570782,0.3368651423762201,0.3366434023801068,0.00022173999611330153,1775038.2909822445,1773869.8798460641,1168.4111361803953,318725.9485244748,291464.77202740486,27261.176497069944,0.4858724260810945,0.4812315214915237,0.004640904589570782
4153,4074.2656,17,4250.0,17,4250.0,0.0,False,False,0.009951485755510414,0.0,True,0.0,0.9122389499459336,0.9122389499459336,0.0,0.24507520750456716,0.24507520750456716,0.0,488275.1161213316,488275.1161213316,0.0,837152.2663365656,837152.2663365656,0.0,0.08776105005406647,0.08776105005406647,0.0
4154,1463.9814,6,1500.0,6,1500.0,0.0,False,False,0.005466021137639165,0.0,True,0.0,0.4630776827874228,0.4630776827874228,0.0,0.3505112161435078,0.3505112161435078,0.0,1564373.2265159062,1564373.2265159062,0.0,503050.94983315095,503050.94983315095,0.0,0.5369223172125772,0.5369223172125772,0.0
4174,4534.332,19,4750.0,19,4750.0,0.0,False,False,0.006190459714088381,0.0,True,0.0,0.9576960056195595,0.9576960056195595,0.0,0.25322132314252865,0.25322132314252865,0.0,662569.8915390924,662569.8915390924,0.0,2800167.134367857,2800167.134367857,0.0,0.04230399438044048,0.04230399438044048,0.0
4176,3362.266,14,3500.0,14,3500.0,0.0,False,False,0.006981301970683029,0.0,True,0.0,0.9055132878354637,0.9055132878354637,0.0,0.24914623369059682,0.24914623369059682,0.0,416889.70998102776,416889.70998102776,0.0,691543.5564321801,691543.5564321801,0.0,0.09448671216453625,0.09448671216453625,0.0
4181,3259.2424,14,3500.0,13,3250.0,250.0,False,True,0.0023271609663889636,0.0,True,0.0,0.9757291102241503,0.9684921732896659,0.007236936934484461,0.2772966905684315,0.27615532029629614,0.0011413702721353447,513796.74598792125,511681.92690880294,2114.819079118315,3164151.401856728,3178076.069059558,-13924.667202830315,0.024270889775849635,0.03150782671033419,-0.007236936934484555
4192,2601.4565,11,2750.0,11,2750.0,0.0,False,False,0.0026919363753031833,0.0,True,0.0,0.7140421048324556,0.7140421048324556,0.0,0.32505272340650765,0.32505272340650765,0.0,761691.2397944379,761691.2397944379,0.0,1138946.4704937332,1138946.4704937332,0.0,0.28595789516754444,0.28595789516754444,0.0
4209,2918.0886,12,3000.0,12,3000.0,0.0,False,False,0.002406080377230002,0.0,True,0.0,0.9744111643658867,0.9744111643658867,0.0,0.30761228252278505,0.30761228252278505,0.0,568955.6126964068,568955.6126964068,0.0,3517317.942686174,3517317.942686174,0.0,0.025588835634113297,0.025588835634113297,0.0
4212,7786.009,32,8000.0,31,7750.0,250.0,False,True,0.008652782839291828,0.0,True,0.0,0.89007303576479,0.8855908253922689,0.004482210372521167,0.24700809590000877,0.24681190870452943,0.0001961871954793415,930743.161734697,930003.9151527297,739.2465819672216,1092777.8250977418,1110969.4064943143,-18191.581396572525,0.10992696423521,0.11440917460773115,-0.004482210372521139
4215,4641.719,19,4750.0,18,4500.0,250.0,False,True,0.003319635278259181,0.0,True,0.0,0.794453769460265,0.7901900256366875,0.004263743823577526,0.2867080115765432,0.28639805454666545,0.00030995702987773877,906849.7060028922,905869.3202791989,980.3857236932963,957086.6272646401,971038.5083496389,-13951.881084998837,0.205546230539735,0.20980997436331247,-0.0042637438235774705
4222,9004.877,37,9250.0,37,9250.0,0.0,False,False,0.009487047208632804,0.0,True,0.0,0.8848506377214782,0.8848506377214782,0.0,0.2510193652512836,0.2510193652512836,0.0,1196796.2208312508,1196796.2208312508,0.0,1659959.738239182,1659959.738239182,0.0,0.11514936227852177,0.11514936227852177,0.0
4230,6780.373,28,7000.0,26,6500.0,500.0,False,True,0.0015830069871743957,0.0,True,0.0,0.9233369940535946,0.9125753249057045,0.010761669147890118,0.24102666038752102,0.2404334881143852,0.0005931722731358224,774707.9790321861,772801.4044972357,1906.5745349504286,1604895.0621468038,1643577.5448931856,-38682.48274638178,0.07666300594640543,0.08742467509429556,-0.010761669147890132
4231,2854.0747,12,3000.0,12,3000.0,0.0,False,False,0.009458735140521646,0.0,True,0.0,0.9773620425707518,0.9773620425707518,0.0,0.3505394728831733,0.3505394728831733,0.0,580424.5931353378,580424.5931353378,0.0,4196675.464349763,4196675.464349763,0.0,0.022637957429248286,0.022637957429248286,0.0
4245,2882.7517,12,3000.0,11,2750.0,250.0,False,True,0.008726485593953393,0.0,True,0.0,0.9703652240630468,0.960336308313766,0.010028915749280776,0.29218486996734083,0.2919724897377348,0.00021238022960601288,465912.6750610817,465574.01741287124,338.65764821047196,2533731.5705007687,2551068.6293487926,-17337.05884802388,0.02963477593695319,0.03966369168623391,-0.01002891574928072
4246,2726.784,11,2750.0,11,2750.0,0.0,False,False,0.006233620459812794,0.0,True,0.0,0.9767285136115499,0.9767285136115499,0.0,0.3467360911525228,0.3467360911525228,0.0,602848.2131075426,602848.2131075426,0.0,4009140.299596419,4009140.299596419,0.0,0.023271486388450155,0.023271486388450155,0.0
4247,3377.853,14,3500.0,13,3250.0,250.0,False,True,0.0028853070421074323,0.0,True,0.0,0.7681492109342476,0.762198280655898,0.0059509302783495865,0.2857508318501039,0.28513575983081646,0.0006150720192874548,703136.6478028956,701623.1625227338,1513.48528016184,700490.5672135686,716048.9374891033,-15558.37027553469,0.2318507890657524,0.23780171934410202,-0.005950930278349614
4253,3584.89,15,3750.0,15,3750.0,0.0,False,False,0.004861644393546749,0.0,True,0.0,0.8510189752248071,0.8510189752248071,0.0,0.2707054202059128,0.2707054202059128,0.0,553822.6572054833,553822.6572054833,0.0,757919.7338580893,757919.7338580893,0.0,0.14898102477519293,0.14898102477519293,0.0
4254,6865.361,28,7000.0,28,7000.0,0.0,False,False,0.006593054356952011,0.0,True,0.0,0.848129010928797,0.848129010928797,0.0,0.2461370682910148,0.2461370682910148,0.0,957734.84935805,957734.84935805,0.0,627366.3794786385,627366.3794786385,0.0,0.15187098907120303,0.15187098907120303,0.0
4258,2562.9482,11,2750.0,12,3000.0,-250.0,True,False,0.002146402108654799,0.0,True,0.0,0.5412286027299394,0.5468289646883746,-0.005600361958435163,0.3271983323827209,0.3271698261621453,2.850622057559704e-05,1345332.3787404883,1345215.1704978405,117.2082426478155,207117.9118835698,181732.3661901294,25385.545693440392,0.45877139727006055,0.4531710353116254,0.005600361958435163
4264,6869.5083,28,7000.0,28,7000.0,0.0,False,False,0.0017010378539735749,0.0,True,0.0,0.8402140475137525,0.8402140475137525,0.0,0.2526411617063303,0.2526411617063303,0.0,1083803.6688653443,1083803.6688653443,0.0,1017184.4407265942,1017184.4407265942,0.0,0.15978595248624752,0.15978595248624752,0.0
4273,3503.4363,15,3750.0,14,3500.0,250.0,False,True,0.0021695670447999804,0.0,True,0.0,0.946964216892602,0.9389772005797596,0.007987016312842377,0.236854888283183,0.23683681187706299,1.8076406120004496e-05,476618.3357815537,476581.9609924823,36.37478907138575,1474948.646699802,1492553.7011806457,-17605.05448084371,0.053035783107397975,0.06102279942024036,-0.007987016312842384
4274,4037.159,17,4250.0,17,4250.0,0.0,False,False,0.0040153777367776256,0.0,True,0.0,0.7637578334636658,0.7637578334636658,0.0,0.29967696339531996,0.29967696339531996,0.0,971950.1649590519,971950.1649590519,0.0,1319836.0216569772,1319836.0216569772,0.0,0.23624216653633426,0.23624216653633426,0.0
4279,2696.0671,11,2750.0,11,2750.0,0.0,False,False,0.004392440426313149,0.0,True,0.0,0.7383135049688284,0.7383135049688284,0.0,0.2875789207042261,0.2875789207042261,0.0,594302.9444195438,594302.9444195438,0.0,350705.6170187575,350705.6170187575,0.0,0.2616864950311716,0.2616864950311716,0.0
4281,5227.2734,21,5250.0,21,5250.0,0.0,False,False,0.005795173444548385,0.0,True,0.0,0.917250378150374,0.917250378150374,0.0,0.26097634419822524,0.26097634419822524,0.0,686572.9151342214,686572.9151342214,0.0,1619062.6613560768,1619062.6613560768,0.0,0.08274962184962596,0.08274962184962596,0.0
4310,3420.1606,14,3500.0,14,3500.0,0.0,False,False,0.008991117792907621,0.0,True,0.0,0.9135332044835283,0.9135332044835283,0.0,0.27097603486182426,0.27097603486182426,0.0,489212.29272101924,489212.29272101924,0.0,1263564.7370161167,1263564.7370161167,0.0,0.08646679551647173,0.08646679551647173,0.0
4315,3450.761,14,3500.0,13,3250.0,250.0,False,True,0.0072708120649885855,0.0,True,0.0,0.4637680111524849,0.459400841325898,0.004367169826586914,0.3517557598974293,0.3515205643055619,0.0002351955918674098,2119406.206293802,2117989.1008646195,1417.1054291822948,241770.0901607977,270812.7444790526,-29042.654318254907,0.5362319888475151,0.540599158674102,-0.004367169826586914
4324,4028.1997,17,4250.0,16,4000.0,250.0,False,True,0.0026702919654275625,0.0,True,0.0,0.9619125845409793,0.9556811766984997,0.006231407842479553,0.24769191585463662,0.2473822041288368,0.0003097117257998272,589710.6795270476,588973.3106401837,737.3688868638128,2537079.745113248,2553081.8130055424,-16002.067892294377,0.03808741545902078,0.04431882330150023,-0.006231407842479449
4327,7115.33,29,7250.0,28,7000.0,250.0,False,True,0.009784282011119583,0.0,True,0.0,0.9147500851020309,0.9096720009829637,0.005078084119067183,0.24426209350774794,0.24388932107466949,0.0003727724330784554,777396.4870660978,776210.0893905981,1186.3976754996693,1401258.6777889864,1418179.1225043929,-16920.444715406513,0.08524991489796903,0.09032799901703631,-0.00507808411906728
4334,5692.207,23,5750.0,23,5750.0,0.0,False,False,0.00397437156721081,0.0,True,0.0,0.9361453133394615,0.9361453133394615,0.0,0.23801957375687816,0.23801957375687816,0.0,674556.4691414413,674556.4691414413,0.0,1860410.212975406,1860410.212975406,0.0,0.06385468666053855,0.06385468666053855,0.0
4346,3744.9546,15,3750.0,15,3750.0,0.0,False,False,0.0061619043507330495,0.0,True,0.0,0.9493122362537905,0.9493122362537905,0.0,0.274747115413548,0.274747115413548,0.0,584462.1907122546,584462.1907122546,0.0,2377206.2983874157,2377206.2983874157,0.0,0.05068776374620959,0.05068776374620959,0.0
4353,4150.8657,17,4250.0,17,4250.0,0.0,False,False,0.004942753716107973,0.0,True,0.0,0.9616206553700642,0.9616206553700642,0.0,0.26042432070977817,0.26042432070977817,0.0,566646.7696421444,566646.7696421444,0.0,2732838.055491984,2732838.055491984,0.0,0.03837934462993571,0.03837934462993571,0.0
4359,693.0094,3,750.0,3,750.0,0.0,False,False,0.001592163638826638,0.0,True,0.0,0.2898678634735553,0.2898678634735553,0.0,0.39068424811694724,0.39068424811694724,0.0,2106108.123882554,2106108.123882554,0.0,50487.737856021864,50487.737856021864,0.0,0.7101321365264447,0.7101321365264447,0.0
4361,2023.057,9,2250.0,8,2000.0,250.0,False,True,0.0025224201444697947,0.0,True,0.0,0.7707957291928951,0.7614092631124144,0.00938646608048066,0.3024639419686574,0.3023893855233162,7.455644534121175e-05,491997.50142104074,491876.2255275112,121.27589352952782,761558.1377583364,777425.3618787974,-15867.224120461033,0.22920427080710498,0.23859073688758559,-0.009386466080480604
4369,3431.714,14,3500.0,14,3500.0,0.0,False,False,0.009574744863298235,0.0,True,0.0,0.967381933955516,0.967381933955516,0.0,0.3295835206708887,0.3295835206708887,0.0,630235.0568780384,630235.0568780384,0.0,3821928.2663093098,3821928.2663093098,0.0,0.03261806604448402,0.03261806604448402,0.0
4381,7124.4033,29,7250.0,28,7000.0,250.0,False,True,0.0019786257135659957,0.0,True,0.0,0.9166256721793242,0.9118232359535492,0.004802436225775031,0.2430215114418631,0.2429780552903004,4.3456151562704104e-05,885490.9022450495,885332.5622420306,158.34000301884953,1659085.7301118355,1678086.0985568417,-19000.3684450062,0.08337432782067575,0.0881767640464508,-0.004802436225775059
4395,2025.1877,9,2250.0,9,2250.0,0.0,False,False,0.008831552032797618,0.0,True,0.0,0.48675537416159387,0.48675537416159387,0.0,0.3406108321000286,0.3406108321000286,0.0,1639512.639301423,1639512.639301423,0.0,265940.15661129437,265940.15661129437,0.0,0.5132446258384061,0.5132446258384061,0.0
4397,3055.0964,13,3250.0,12,3000.0,250.0,False,True,0.0031905867736260474,0.0,True,0.0,0.9773196592488448,0.9690731053679817,0.008246553880863039,0.2996557687654555,0.29853271344832244,0.0011230553171330815,490974.14125914674,489134.05948068603,1840.0817784607061,3161712.388260873,3175889.780351966,-14177.39209109312,0.02268034075115522,0.030926894632018292,-0.00824655388086307
4414,4967.716,20,5000.0,20,5000.0,0.0,False,False,0.005734512198444008,0.0,True,0.0,0.9513676617803544,0.9513676617803544,0.0,0.24478550704069904,0.24478550704069904,0.0,668250.5694406548,668250.5694406548,0.0,2494101.2347691837,2494101.2347691837,0.0,0.04863233821964567,0.04863233821964567,0.0
4415,7530.9414,31,7750.0,30,7500.0,250.0,False,True,0.0012216453156383977,0.0,True,0.0,0.9095317401603605,0.9053528174401295,0.004178922720231015,0.24838956996417508,0.2483000316670228,8.953829715227513e-05,984334.8263911027,983979.9980293665,354.8283617362613,1848505.2089770967,1866555.006706988,-18049.79772989126,0.09046825983963949,0.09464718255987045,-0.00417892272023096
4434,3462.9124,14,3500.0,14,3500.0,0.0,False,False,0.003814215511005581,0.0,True,0.0,0.944309496291938,0.944309496291938,0.0,0.27475308477906746,0.27475308477906746,0.0,520358.33322101156,520358.33322101156,0.0,1921115.6523320228,1921115.6523320228,0.0,0.0556905037080619,0.0556905037080619,0.0
4435,3243.082,13,3250.0,13,3250.0,0.0,False,False,0.0039375046633145505,0.0,True,0.0,0.9610250667288253,0.9610250667288253,0.0,0.2789199977465336,0.2789199977465336,0.0,469728.5846455444,469728.5846455444,0.0,2184880.241181683,2184880.241181683,0.0,0.03897493327117476,0.03897493327117476,0.0
4439,3007.7476,13,3250.0,12,3000.0,250.0,False,True,0.007490518731737228,0.0,True,0.0,0.9795129322349813,0.9709284310686684,0.008584501166312819,0.3329882760467685,0.332058166358215,0.0009301096885535043,507058.4744453337,505642.14830513496,1416.3261401987402,3649547.7493114015,3663875.6937404624,-14327.94442906091,0.020487067765018744,0.029071568931331532,-0.008584501166312788
4440,3161.4631,13,3250.0,14,3500.0,-250.0,True,False,0.007919023414353576,0.0,True,0.0,0.5345211398277132,0.5393275703678599,-0.004806430540146733,0.333974963640706,0.3339731015784295,1.8620622764808914e-06,1530695.283573218,1530686.7492510243,8.534322193590924,200318.11185363933,177388.58441355854,22929.527440080798,0.46547886017228685,0.4606724296321401,0.004806430540146733
4445,8054.9775,33,8250.0,33,8250.0,0.0,False,False,0.004023791692002621,0.0,True,0.0,0.7604638492353138,0.7604638492353138,0.0,0.2745520251261098,0.2745520251261098,0.0,1459444.3574308092,1459444.3574308092,0.0,640776.8556412029,640776.8556412029,0.0,0.23953615076468612,0.23953615076468612,0.0
4462,1603.8597,7,1750.0,6,1500.0,250.0,False,True,0.008780306939664806,0.0,True,0.0,0.4299631464352789,0.42604334169825797,0.0039198047370209155,0.37079007339705355,0.3707165593412682,7.351405578537307e-05,1892940.615261306,1892565.3146479055,375.30061340052634,683779.2443340695,705058.0247299593,-21278.78039588977,0.5700368535647211,0.573956658301742,-0.0039198047370209155
4477,3151.0437,13,3250.0,13,3250.0,0.0,False,False,0.007067722004759358,0.0,True,0.0,0.7252378931423871,0.7252378931423871,0.0,0.30486707873835106,0.30486707873835106,0.0,820188.1582790392,820188.1582790392,0.0,899163.5810221646,899163.5810221646,0.0,0.274762106857613,0.274762106857613,0.0
4479,5839.5986,24,6000.0,25,6250.0,-250.0,True,False,0.0029808974078070483,0.0,True,0.0,0.6247482911091877,0.6283980196497672,-0.0036497285405794333,0.31831985567114046,0.31826091480206053,5.894086907992646e-05,1348357.9765913947,1348108.311389695,249.66520169982687,128933.04118371183,111703.43418184853,17229.607001863304,0.37525170889081233,0.3716019803502328,0.0036497285405795443
4483,7047.786,29,7250.0,28,7000.0,250.0,False,True,0.00833301840763645,0.0,True,0.0,0.8715600122614666,0.8669165879004012,0.004643424361065462,0.24499840287509134,0.24474971690857192,0.00024868596651941854,836791.6334186456,835942.2469177949,849.3865008506691,686361.3522296117,702849.0750697874,-16487.72284017573,0.12843998773853338,0.1330834120995988,-0.004643424361065435
4487,5518.2666,23,5750.0,22,5500.0,250.0,False,True,0.0035943395221359475,0.0,True,0.0,0.8505918181872237,0.8456435376141584,0.004948280573065289,0.2552067437057957,0.2551545654109876,5.217829480813618e-05,819423.8638710054,819256.3285648413,167.5353061640635,743636.0312379315,761140.6564910335,-17504.625253102044,0.14940818181277624,0.15435646238584158,-0.0049482805730653445
4510,1677.9537,7,1750.0,7,1750.0,0.0,False,False,0.0024868454457473987,0.0,True,0.0,0.40392959700497544,0.40392959700497544,0.0,0.37713223499330406,0.37713223499330406,0.0,2321628.3749303846,2321628.3749303846,0.0,665462.7835180222,665462.7835180222,0.0,0.5960704029950246,0.5960704029950246,0.0
4512,8776.555,36,9000.0,37,9250.0,-250.0,True,False,0.002377897542870988,0.0,True,0.0,0.8216834570922088,0.8243761772261109,-0.0026927201339020934,0.2663303863203128,0.26618433214803766,0.00014605417227514517,1431995.8121032289,1431210.5131896206,785.2989136083052,1287735.3295442583,1272758.0726901533,14977.256854105042,0.1783165429077912,0.1756238227738891,0.0026927201339020934
4519,6418.4307,26,6500.0,25,6250.0,250.0,False,True,0.00766364133968378,0.0,True,0.0,0.9357119095283918,0.9309581977903165,0.004753711738075261,0.249671759321417,0.2492409958965266,0.0004307634248904013,803278.5665808681,801892.6548244809,1385.9117563872132,2186102.823931872,2201978.81190058,-15875.987968707923,0.06428809047160819,0.06904180220968344,-0.0047537117380752475
4520,2529.982,11,2750.0,11,2750.0,0.0,False,False,0.0037914162718140076,0.0,True,0.0,0.5470546601555779,0.5470546601555779,0.0,0.3523300980551847,0.3523300980551847,0.0,1518787.5588505412,1518787.5588505412,0.0,916107.0780768793,916107.0780768793,0.0,0.4529453398444221,0.4529453398444221,0.0
4524,3770.1045,16,4000.0,15,3750.0,250.0,False,True,0.005514941504697779,0.0,True,0.0,0.9726421290863841,0.9668741507890471,0.005767978297336995,0.32559257510075224,0.32421357925767863,0.001378995843073605,675403.2985928621,672542.7347705159,2860.5638223461574,3764984.6130167264,3777772.8975843587,-12788.284567632247,0.02735787091361589,0.03312584921095288,-0.005767978297336988
4545,4414.128,18,4500.0,18,4500.0,0.0,False,False,0.0025024305337395525,0.0,True,0.0,0.9141864422049382,0.9141864422049382,0.0,0.2474164041546207,0.2474164041546207,0.0,566518.7112504807,566518.7112504807,0.0,1134997.5125759845,1134997.5125759845,0.0,0.08581355779506178,0.08581355779506178,0.0
4557,3044.5603,13,3250.0,12,3000.0,250.0,False,True,0.009131618290768362,0.0,True,0.0,0.9185586412772228,0.9099454722457313,0.008613169031491452,0.27698669038677237,0.2769123496481478,7.434073862455648e-05,504355.0773683918,504219.71299789357,135.36437049822416,1495920.691589599,1512400.7069621885,-16480.015372589463,0.08144135872277729,0.09005452775426871,-0.008613169031491424
4559,3953.9343,16,4000.0,16,4000.0,0.0,False,False,0.00418971263115997,0.0,True,0.0,0.942416301589802,0.942416301589802,0.0,0.24062594959840572,0.24062594959840572,0.0,551180.3233267603,551180.3233267603,0.0,1787736.1301462853,1787736.1301462853,0.0,0.05758369841019794,0.05758369841019794,0.0
4561,3558.7014,15,3750.0,15,3750.0,0.0,False,False,0.009597848666828002,0.0,True,0.0,0.7094027554344933,0.7094027554344933,0.0,0.31858375614218654,0.31858375614218654,0.0,968625.8561029073,968625.8561029073,0.0,1196238.490084592,1196238.490084592,0.0,0.2905972445655068,0.2905972445655068,0.0
4581,2844.1,12,3000.0,11,2750.0,250.0,False,True,0.008089794218157587,0.0,True,0.0,0.487212093569499,0.48164093217688964,0.005571161392609381,0.33619818083251723,0.33588521296999396,0.00031296786252327236,1508371.2168338315,1506967.069689266,1404.1471445655916,136993.0528715266,163463.27134680888,-26470.21847528228,0.512787906430501,0.5183590678231104,-0.005571161392609381
4588,6986.579,28,7000.0,27,6750.0,250.0,False,True,0.005169493390079993,0.0,True,0.0,0.8559337588322673,0.8517602963574237,0.0041734624748436255,0.2627286839946763,0.2625845506827303,0.0001441333119460153,1037955.3355184279,1037385.9118152917,569.4237031361554,1313383.25480624,1330849.0679965578,-17465.813190317713,0.14406624116773273,0.14823970364257635,-0.0041734624748436255
4593,1416.9108,6,1500.0,6,1500.0,0.0,False,False,0.007785922813310808,0.0,True,0.0,0.3973594487403538,0.3973594487403538,0.0,0.37127657111452117,0.37127657111452117,0.0,2103273.5204636976,2103273.5204636976,0.0,260199.2786206143,260199.2786206143,0.0,0.6026405512596462,0.6026405512596462,0.0
4597,2689.036,11,2750.0,11,2750.0,0.0,False,False,0.0017080776795147523,0.0,True,0.0,0.9692209199075091,0.9692209199075091,0.0,0.303626284981631,0.303626284981631,0.0,490882.9990219583,490882.9990219583,0.0,2813765.5110709257,2813765.5110709257,0.0,0.030779080092490838,0.030779080092490838,0.0
4613,6395.784,26,6500.0,25,6250.0,250.0,False,True,0.009610794532526445,0.0,True,0.0,0.94123632429612,0.9369951142896155,0.00424121000650457,0.25064848431444325,0.2503648707071634,0.0002836136072798534,906343.6389754487,905318.0936202153,1025.5453552333638,2767680.775075739,2783916.797845203,-16236.02276946418,0.058763675703879976,0.06300488571038455,-0.004241210006504577
4624,3375.0522,14,3500.0,13,3250.0,250.0,False,True,0.006981534276115808,0.0,True,0.0,0.5924018726076421,0.5880487186616532,0.004353153945988897,0.3239315594781425,0.32369790569488366,0.000233653783258847,1347368.743379984,1346396.8781969724,971.8651830116287,322667.5702741713,342108.0765691373,-19440.506294965977,0.40759812739235785,0.41195128133834685,-0.004353153945989008
4625,4936.4805,20,5000.0,20,5000.0,0.0,False,False,0.004734831744714008,0.0,True,0.0,0.9101750228385831,0.9101750228385831,0.0,0.2353973346718382,0.2353973346718382,0.0,661198.9696983441,661198.9696983441,0.0,1175276.3067123003,1175276.3067123003,0.0,0.08982497716141688,0.08982497716141688,0.0
4644,3325.4197,14,3500.0,14,3500.0,0.0,False,False,0.0045002510966155596,0.0,True,0.0,0.9667528818174205,0.9667528818174205,0.0,0.3051843069601831,0.3051843069601831,0.0,578556.1605514806,578556.1605514806,0.0,3039570.0996462316,3039570.0996462316,0.0,0.03324711818257949,0.03324711818257949,0.0
4647,4611.605,19,4750.0,18,4500.0,250.0,False,True,0.009277675228569149,0.0,True,0.0,0.8252293552822348,0.8198678108881168,0.005361544394118067,0.25922684162979465,0.2588122520754266,0.0004145895543680722,740958.9479221321,739773.9092197635,1185.0387023686199,671997.6159558927,688078.6457359914,-16081.029780098703,0.17477064471776513,0.18013218911188328,-0.005361544394118151
4651,3820.8792,16,4000.0,15,3750.0,250.0,False,True,0.009449639342910765,0.0,True,0.0,0.8911269088113553,0.8837390194863713,0.0073878893249839095,0.22910101477295924,0.22857313859385278,0.0005278761791064623,507760.1667326929,506590.22649046854,1169.940242224373,583804.8513990052,600882.8570470824,-17078.005648077233,0.10887309118864474,0.11626098051362864,-0.007387889324983896
4660,5593.45,23,5750.0,22,5500.0,250.0,False,True,0.003515035899977037,0.0,True,0.0,0.7997569505271103,0.7955311905460152,0.00422575998109509,0.2682227143747458,0.2679478502247672,0.0002748641499786264,955542.9873351277,954563.784244166,979.2030909616733,762528.4530143959,778571.8161035923,-16043.363089196384,0.20024304947288973,0.20446880945398488,-0.004225759981095145
4664,5149.8916,21,5250.0,21,5250.0,0.0,False,False,0.0021196691932380274,0.0,True,0.0,0.8855893467347866,0.8855893467347866,0.0,0.23661815348817483,0.23661815348817483,0.0,632370.7860103613,632370.7860103613,0.0,882825.4360985553,882825.4360985553,0.0,0.11441065326521344,0.11441065326521344,0.0
4666,4822.3413,20,5000.0,20,5000.0,0.0,False,False,0.007662933138563588,0.0,True,0.0,0.8648263974087893,0.8648263974087893,0.0,0.2771769535941492,0.2771769535941492,0.0,793863.0722422412,793863.0722422412,0.0,1486456.203343729,1486456.203343729,0.0,0.13517360259121067,0.13517360259121067,0.0
4667,5606.5474,23,5750.0,22,5500.0,250.0,False,True,0.002513713995454969,0.0,True,0.0,0.8014476701578261,0.7967570085698894,0.00469066158793674,0.26414786551473723,0.26387766140710067,0.00027020410763656244,874930.4099310199,874035.4195808279,894.9903501919471,411014.2930925583,427417.91659728356,-16403.623504725285,0.19855232984217386,0.20324299143011054,-0.004690661587936684
4673,2259.656,10,2500.0,10,2500.0,0.0,False,False,0.001301534895173595,0.0,True,0.0,0.9818758853449296,0.9818758853449296,0.0,0.36287439478431355,0.36287439478431355,0.0,561299.9369154947,561299.9369154947,0.0,4415087.169758553,4415087.169758553,0.0,0.018124114655070345,0.018124114655070345,0.0
4674,4419.3066,18,4500.0,18,4500.0,0.0,False,False,0.005311456902065248,0.0,True,0.0,0.9187578197086643,0.9187578197086643,0.0,0.28097250525841255,0.28097250525841255,0.0,699301.6257089198,699301.6257089198,0.0,2173115.63104154,2173115.63104154,0.0,0.08124218029133565,0.08124218029133565,0.0
4681,4689.9404,19,4750.0,18,4500.0,250.0,False,True,0.003493279652926784,0.0,True,0.0,0.9563073930286661,0.9504727582813888,0.005834634747277301,0.2529939146295209,0.2528928251865983,0.00010108944292264166,681660.5418379812,681388.1689449903,272.3728929909412,2703659.962150067,2721042.668766332,-17382.706616264768,0.04369260697133387,0.049527241718611184,-0.005834634747277315
4684,9423.209,38,9500.0,38,9500.0,0.0,False,False,0.0021149256330760258,0.0,True,0.0,0.8221198838327113,0.8221198838327113,0.0,0.26923535878758525,0.26923535878758525,0.0,1459932.87886308,1459932.87886308,0.0,1398826.0994594237,1398826.0994594237,0.0,0.17788011616728877,0.17788011616728877,0.0
4687,6314.37,26,6500.0,26,6500.0,0.0,False,False,0.003855316755054572,0.0,True,0.0,0.9362119280035356,0.9362119280035356,0.0,0.2587221058535783,0.2587221058535783,0.0,817569.1994055394,817569.1994055394,0.0,2355364.4310759287,2355364.4310759287,0.0,0.06378807199646443,0.06378807199646443,0.0
4691,941.7446,4,1000.0,4,1000.0,0.0,False,False,0.00964597588256999,0.0,True,0.0,0.36682685020148753,0.36682685020148753,0.0,0.38669166180183406,0.38669166180183406,0.0,1700055.934503927,1700055.934503927,0.0,207806.79745368022,207806.79745368022,0.0,0.6331731497985125,0.6331731497985125,0.0
4692,2460.7935,10,2500.0,10,2500.0,0.0,False,False,0.0011967661550109643,0.0,True,0.0,0.978468525656919,0.978468525656919,0.0,0.331202485997899,0.331202485997899,0.0,513120.86001434503,513120.86001434503,0.0,3502899.793579846,3502899.793579846,0.0,0.02153147434308101,0.02153147434308101,0.0
4696,3820.6394,16,4000.0,15,3750.0,250.0,False,True,0.003599273954281612,0.0,True,0.0,0.9561406017532043,0.9493318110963418,0.006808790656862462,0.2757187091583416,0.27569710347076515,2.160568757647585e-05,657492.7541799527,657441.2321665428,51.52201340987813,2819825.8247534847,2837918.4308392107,-18092.60608572606,0.04385939824679572,0.050668188903658186,-0.006808790656862469
4721,8000.944,33,8250.0,32,8000.0,250.0,False,True,0.002426541069030952,0.0,True,0.0,0.8763810707937179,0.872788650015273,0.0035924207784449047,0.2443883478354742,0.24433332676608796,5.502106938623519e-05,1154490.5113227903,1154230.5918008825,259.9195219078101,1432080.9020086434,1450902.274998117,-18821.37298947363,0.1236189292062822,0.12721134998472708,-0.003592420778444877
4740,6462.427,26,6500.0,26,6500.0,0.0,False,False,0.005922599221645175,0.0,True,0.0,0.9204640649926255,0.9204640649926255,0.0,0.23692923083249684,0.23692923083249684,0.0,844109.4103494522,844109.4103494522,0.0,1761994.0783303003,1761994.0783303003,0.0,0.07953593500737455,0.07953593500737455,0.0
4741,1277.1261,6,1500.0,5,1250.0,250.0,False,True,0.006849980593266025,0.0,True,0.0,0.35758947264089147,0.3536275360344836,0.003961936606407868,0.37804005385944334,0.37769817261350086,0.00034188124594247693,1934125.731271312,1932376.6009660284,1749.130305283703,70637.30645593899,91664.46659831566,-21027.16014237667,0.6424105273591085,0.6463724639655164,-0.003961936606407868
4743,4370.948,18,4500.0,18,4500.0,0.0,False,False,0.00461224401818805,0.0,True,0.0,0.9582631640707885,0.9582631640707885,0.0,0.289966682557323,0.289966682557323,0.0,696258.4088807976,696258.4088807976,0.0,3131563.5207072455,3131563.5207072455,0.0,0.04173683592921154,0.04173683592921154,0.0
4749,7197.244,29,7250.0,29,7250.0,0.0,False,False,0.00545792925528521,0.0,True,0.0,0.8971471179726418,0.8971471179726418,0.0,0.2413109850281589,0.2413109850281589,0.0,978848.5861898384,978848.5861898384,0.0,1554255.911505659,1554255.911505659,0.0,0.10285288202735815,0.10285288202735815,0.0
4762,560.9087,3,750.0,2,500.0,250.0,False,True,0.005851985664122816,0.0,True,0.0,0.37114377162366863,0.3637652669301067,0.007378504693561938,0.3660905990267171,0.3653970854698201,0.0006935135568970074,897260.7837833411,895561.0337234376,1699.750059903483,46007.279445285465,65795.00578656938,-19787.726341283917,0.6288562283763314,0.6362347330698933,-0.007378504693561938
4763,4424.908,18,4500.0,18,4500.0,0.0,False,False,0.0036008069122072106,0.0,True,0.0,0.6104686965694736,0.6104686965694736,0.0,0.3119638277172034,0.3119638277172034,0.0,1428018.7766747586,1428018.7766747586,0.0,190540.01595897996,190540.01595897996,0.0,0.38953130343052644,0.38953130343052644,0.0
4773,1372.3114,6,1500.0,5,1250.0,250.0,False,True,0.00707091592695841,0.0,True,0.0,0.510355438286814,0.5003389663879836,0.01001647189883037,0.34046846476542475,0.3402082413374583,0.00026022342796644393,806874.6369256291,806257.93462956,616.7022960691247,82474.84558260402,109192.45651045862,-26717.610927854606,0.48964456171318604,0.4996610336120164,-0.01001647189883037
4791,3140.9812,13,3250.0,13,3250.0,0.0,False,False,0.004923371653692832,0.0,True,0.0,0.9726827328741883,0.9726827328741883,0.0,0.3191253974929804,0.3191253974929804,0.0,586440.8866097574,586440.8866097574,0.0,3648388.556744838,3648388.556744838,0.0,0.027317267125811704,0.027317267125811704,0.0
4800,4830.1846,20,5000.0,16,4000.0,1000.0,False,True,0.0011784384801020176,0.0,True,0.0,0.6539954070087735,0.6370584282432976,0.01693697876547584,0.3146742447858132,0.3142970190505259,0.00037722573528725656,1477149.2653422053,1475378.4857916674,1770.7795505379327,785267.3724476309,875691.0682609888,-90423.69581335795,0.3460045929912265,0.36294157175670233,-0.01693697876547584
4802,8240.848,33,8250.0,32,8000.0,250.0,False,True,0.0029393431733607533,0.0,True,0.0,0.6538463392213458,0.6512000314809301,0.002646307740415743,0.3127839453992661,0.3127572431981449,2.6702201121164837e-05,2029971.4542663167,2029798.1566695592,173.29759675753303,440349.8622131818,459317.8280394465,-18967.9658262647,0.3461536607786541,0.3487999685190699,-0.0026463077404157986
4811,3145.767,13,3250.0,13,3250.0,0.0,False,False,0.0033170296346484163,0.0,True,0.0,0.9267777620989771,0.9267777620989771,0.0,0.27561624194776607,0.27561624194776607,0.0,561671.3065475328,561671.3065475328,0.0,1872380.8411787895,1872380.8411787895,0.0,0.07322223790102288,0.07322223790102288,0.0
4816,4144.6997,17,4250.0,16,4000.0,250.0,False,True,0.007468500841365633,0.0,True,0.0,0.6379791501315537,0.6339425425375517,0.00403660759400204,0.3190108042494203,0.3189361600923167,7.464415710362049e-05,1284967.1190312265,1284666.4543320118,300.66469921474345,740351.8262562812,757177.2762215226,-16825.449965241365,0.36202084986844635,0.36605745746244833,-0.004036607594001984
4826,5778.88,24,6000.0,23,5750.0,250.0,False,True,0.004541044777354952,0.0,True,0.0,0.7783163000992304,0.7739852054599987,0.004331094639231647,0.27805202514122446,0.2777118871492627,0.0003401379919617531,939040.081955191,937891.3645247547,1148.7174304362852,426016.33602266875,441600.1368388578,-15583.800816189032,0.22168369990076958,0.22601479454000128,-0.004331094639231703
4831,5076.8027,21,5250.0,20,5000.0,250.0,False,True,0.0027216432707596327,0.0,True,0.0,0.936411252670877,0.930647014619942,0.0057642380509349556,0.28052142127079394,0.28010520384685966,0.0004162174239342731,715941.3267466138,714879.0647155837,1062.2620310301427,2284330.9390448728,2300619.400719573,-16288.461674700025,0.06358874732912306,0.06935298538005792,-0.005764238050934858
4841,6288.0654,26,6500.0,26,6500.0,0.0,False,False,0.004608166838221184,0.0,True,0.0,0.7381793843277733,0.7381793843277733,0.0,0.2891443263440505,0.2891443263440505,0.0,1113824.6904530006,1113824.6904530006,0.0,270170.97050406627,270170.97050406627,0.0,0.26182061567222664,0.26182061567222664,0.0
4842,2564.903,11,2750.0,10,2500.0,250.0,False,True,0.0023858820843464246,0.0,True,0.0,0.9107315082078717,0.901929351649763,0.008802156558108787,0.3003598053042598,0.2999118064852399,0.00044799881901991245,530281.1928750123,529490.2569909121,790.9358841001522,1897378.8283370475,1913928.8729194242,-16550.044582376722,0.08926849179212826,0.09807064835023702,-0.008802156558108759
4849,3047.8113,13,3250.0,11,2750.0,500.0,False,True,0.0011017125230435854,0.0,True,0.0,0.5247566623609231,0.5174000757964322,0.007356586564490897,0.34018444264638736,0.3400382518247554,0.00014619082163197517,2174340.418029302,2173406.0172385233,934.4007907784544,795226.5892097745,847945.7190582263,-52719.12984845182,0.4752433376390769,0.4825999242035678,-0.007356586564490897
4858,7741.9863,31,7750.0,31,7750.0,0.0,False,False,0.0011953353928646493,0.0,True,0.0,0.8794084436113655,0.8794084436113655,0.0,0.24565474346995753,0.24565474346995753,0.0,893919.2258264722,893919.2258264722,0.0,911970.8877527071,911970.8877527071,0.0,0.12059155638863449,0.12059155638863449,0.0
4861,4065.0925,17,4250.0,16,4000.0,250.0,False,True,0.0024337537555517708,0.0,True,0.0,0.791100151619453,0.7863797281176708,0.004720423501782256,0.28422853623547895,0.28372675577182466,0.0005017804636542889,889510.070990963,887939.719253032,1570.3517379310215,1150339.2319173364,1165787.7889094832,-15448.556992146885,0.208899848380547,0.21362027188232924,-0.004720423501782228
4866,3375.4832,14,3500.0,14,3500.0,0.0,False,False,0.002824238278357649,0.0,True,0.0,0.9590907492223701,0.9590907492223701,0.0,0.24824629362852682,0.24824629362852682,0.0,478335.68673410534,478335.68673410534,0.0,2150535.7426603213,2150535.7426603213,0.0,0.0409092507776299,0.0409092507776299,0.0
4883,5218.428,21,5250.0,20,5000.0,250.0,False,True,0.003205945063608606,0.0,True,0.0,0.5212543203864346,0.5173671748056703,0.0038871455807643063,0.3450825421748761,0.34487368550125364,0.00020885667362247062,1938712.6544633321,1937539.274107522,1173.380355810048,180122.29744319688,203115.74666492752,-22993.44922173064,0.47874567961356534,0.48263282519432965,-0.0038871455807643063
4888,2924.0054,12,3000.0,11,2750.0,250.0,False,True,0.005725291725262371,0.0,True,0.0,0.5864967010941573,0.5804816033917692,0.006015097702388061,0.324710445213532,0.32457074863605323,0.00013969657747875397,1083720.1236572887,1083253.886754684,466.2369026048109,141250.57637102233,162717.5339893652,-21466.957618342887,0.4135032989058427,0.41951839660823076,-0.006015097702388061
4892,2999.132,12,3000.0,13,3250.0,-250.0,True,False,0.008318893581109599,0.0,True,0.0,0.5425856136529493,0.5473483180143405,-0.004762704361391146,0.3304356807833093,0.33031715654751337,0.00011852423579594706,1679939.0261836625,1679336.4475251161,602.5786585463211,495177.2272903292,467842.55233543593,27334.674954893242,0.45741438634705067,0.4526516819856595,0.004762704361391146
4893,5503.699,23,5750.0,23,5750.0,0.0,False,False,0.00901131573721703,0.0,True,0.0,0.8503186899508137,0.8503186899508137,0.0,0.2404522771544015,0.2404522771544015,0.0,754607.0351115307,754607.0351115307,0.0,451421.9788887054,451421.9788887054,0.0,0.14968131004918622,0.14968131004918622,0.0
4895,2167.7756,9,2250.0,9,2250.0,0.0,False,False,0.0015413791475715755,0.0,True,0.0,0.9783150337186838,0.9783150337186838,0.0,0.38744757946076336,0.38744757946076336,0.0,589510.198921429,589510.198921429,0.0,4746994.9912441885,4746994.9912441885,0.0,0.021684966281316213,0.021684966281316213,0.0
4900,6072.592,25,6250.0,24,6000.0,250.0,False,True,0.006603741652032036,0.0,True,0.0,0.9416415232058133,0.9366735176359717,0.00496800556984156,0.24938709226200761,0.24909368370135196,0.0002934085606556558,731187.167417387,730326.9120913559,860.2553260311252,2096727.7382929528,2113101.520288063,-16373.781995110447,0.05835847679418676,0.06332648236402823,-0.00496800556984147
4909,5966.39,24,6000.0,24,6000.0,0.0,False,False,0.0049154418353960505,0.0,True,0.0,0.6873252846349459,0.6873252846349459,0.0,0.30364121845716013,0.30364121845716013,0.0,1197406.1778589166,1197406.1778589166,0.0,173160.30360508192,173160.30360508192,0.0,0.3126747153650541,0.3126747153650541,0.0
4915,2759.5288,12,3000.0,11,2750.0,250.0,False,True,0.0034059006120128466,0.0,True,0.0,0.8151051279436029,0.8073294847740806,0.007775643169522284,0.29837258269439,0.29836523010153687,7.352592853115958e-06,617401.0828284757,617385.8686330288,15.214195446926169,1222222.0747655947,1239437.1439466213,-17215.069181026658,0.18489487205639707,0.19267051522591938,-0.007775643169522312
4917,4395.582,18,4500.0,18,4500.0,0.0,False,False,0.003073961018866034,0.0,True,0.0,0.8238044686190561,0.8238044686190561,0.0,0.25235639462337767,0.25235639462337767,0.0,676147.323983405,676147.323983405,0.0,391543.68594847474,391543.68594847474,0.0,0.1761955313809439,0.1761955313809439,0.0
4918,1439.1515,6,1500.0,6,1500.0,0.0,False,False,0.008717269115500748,0.0,True,0.0,0.5012281081171044,0.5012281081171044,0.0,0.3331932517574978,0.3331932517574978,0.0,1024134.2069364752,1024134.2069364752,0.0,205700.73038933618,205700.73038933618,0.0,0.4987718918828956,0.4987718918828956,0.0
4920,5973.224,24,6000.0,24,6000.0,0.0,False,False,0.008517389752419224,0.0,True,0.0,0.8712945153907337,0.8712945153907337,0.0,0.2572190882790892,0.2572190882790892,0.0,838040.0776428783,838040.0776428783,0.0,1195379.8193998197,1195379.8193998197,0.0,0.12870548460926634,0.12870548460926634,0.0
4921,6558.06,27,6750.0,26,6500.0,250.0,False,True,0.00290292616829102,0.0,True,0.0,0.7860243024831055,0.7822200350598987,0.0038042674232068308,0.2657090382971533,0.2656176669239088,9.137137324449762e-05,1141659.942095672,1141267.3508712407,392.5912244312931,493937.31780024024,511722.3003446668,-17784.982544426573,0.21397569751689452,0.21777996494010132,-0.003804267423206803
4923,8354.65,34,8500.0,33,8250.0,250.0,False,True,0.00879991205306041,0.0,True,0.0,0.7917247184583095,0.7889716845067712,0.002753033951538253,0.28715941154491603,0.28681506547494456,0.00034434606997146844,1453436.4161641211,1451693.5336475184,1742.8825166027527,1198894.7911600103,1214664.4952921877,-15769.704132177401,0.20827528154169053,0.21102831549322879,-0.002753033951538253
4925,2500.8179,11,2750.0,10,2500.0,250.0,False,True,0.002533379700699556,0.0,True,0.0,0.9481224538748773,0.9378758033788835,0.010246650495993714,0.2604707673686207,0.2602032831183137,0.00026748425030698186,404747.1632508895,404331.51779240003,415.6454584894818,1438942.980674856,1456647.8097292953,-17704.829054439208,0.05187754612512279,0.06212419662111645,-0.010246650495993659
4932,3541.5767,15,3750.0,14,3500.0,250.0,False,True,0.006651929212755148,0.0,True,0.0,0.9198436853372793,0.9120218572546968,0.007821828082582583,0.2615323307447823,0.2610704127552707,0.00046191798951161767,506484.60029477795,505590.04799365124,894.5523011267069,1226916.0067971598,1242700.6546168313,-15784.647819671547,0.0801563146627206,0.08797814274530323,-0.007821828082582624
4942,3694.8865,15,3750.0,15,3750.0,0.0,False,False,0.0012629449043294327,0.0,True,0.0,0.959062198710684,0.959062198710684,0.0,0.2735071879306066,0.2735071879306066,0.0,597092.7385344817,597092.7385344817,0.0,2785191.3775607124,2785191.3775607124,0.0,0.040937801289316,0.040937801289316,0.0
4954,3514.3684,15,3750.0,13,3250.0,500.0,False,True,0.00892887637765638,0.0,True,0.0,0.9816832822023988,0.9710301522982104,0.010653129904188319,0.3055131468785035,0.30298145353753614,0.002531693340967367,660243.8638148981,654772.6262903817,5471.237524516415,3994467.090575832,4018499.6799694626,-24032.589393630624,0.0183167177976012,0.02896984770178959,-0.010653129904188392
4962,2305.4849,10,2500.0,9,2250.0,250.0,False,True,0.008340602180908374,0.0,True,0.0,0.9748489719815979,0.964846404623958,0.010002567357639935,0.3007830966015474,0.3004663556244709,0.00031674097707651283,455654.5130573145,455174.6840466229,479.82901069161016,2626616.078293397,2642489.6411901372,-15873.562896740157,0.025151028018402084,0.03515359537604205,-0.010002567357639963
4966,3413.9539,14,3500.0,14,3500.0,0.0,False,False,0.0014945475078805837,0.0,True,0.0,0.9397837495421346,0.9397837495421346,0.0,0.23691848068138335,0.23691848068138335,0.0,451122.9078966349,451122.9078966349,0.0,1515129.999209607,1515129.999209607,0.0,0.06021625045786539,0.06021625045786539,0.0
4968,1975.2654,8,2000.0,8,2000.0,0.0,False,False,0.009456552349418001,0.0,True,0.0,0.487398757858135,0.487398757858135,0.0,0.3407830448369985,0.3407830448369985,0.0,1632124.3895951866,1632124.3895951866,0.0,391635.16277789307,391635.16277789307,0.0,0.512601242141865,0.512601242141865,0.0
4981,1680.6198,7,1750.0,7,1750.0,0.0,False,False,0.0036359970663317753,0.0,True,0.0,0.491645402477474,0.491645402477474,0.0,0.35631619068973475,0.35631619068973475,0.0,1408415.458064708,1408415.458064708,0.0,606379.2973942148,606379.2973942148,0.0,0.508354597522526,0.508354597522526,0.0
4988,3038.3064,13,3250.0,14,3500.0,-250.0,True,False,0.006897362938787621,0.0,True,0.0,0.5364631208518666,0.5410733270134258,-0.0046102061615591605,0.33459819813028363,0.3345669437836775,3.125434660611326e-05,1476951.0711491029,1476813.111228948,137.95992015488446,150762.92891629855,129514.20394263064,21248.724973667908,0.4635368791481333,0.45892667298657425,0.0046102061615590495
4990,2847.085,12,3000.0,12,3000.0,0.0,False,False,0.0071394442179516515,0.0,True,0.0,0.9759035608803798,0.9759035608803798,0.0,0.3515753296705153,0.3515753296705153,0.0,566635.3054533164,566635.3054533164,0.0,3773710.624737112,3773710.624737112,0.0,0.024096439119620262,0.024096439119620262,0.0
4998,2947.4783,12,3000.0,12,3000.0,0.0,False,False,0.007814452373069769,0.0,True,0.0,0.9697430766886684,0.9697430766886684,0.0,0.3399716519636878,0.3399716519636878,0.0,545249.1315658091,545249.1315658091,0.0,3284725.382948434,3284725.382948434,0.0,0.030256923311331563,0.030256923311331563,0.0
